3
10000 1866 2799
-0.0440418 -0.0177464 -0.0215742 
-0.0482495 -0.0207361 0.020804 
-0.0337562 -0.051698 0.00227102 
-0.0509858 -0.017 -0.0172158 
-0.0398508 -0.0413994 0.0232 
-0.0386169 -0.0526 -0.0159035 
-0.0409373 -0.0311523 -0.0262 
-0.0379452 -0.0526 -0.00601766 
-0.044342 -0.0278295 -0.0270714 
-0.0441506 -0.0522502 0.0100848 
-0.0522685 -0.02245 0.0257762 
-0.0463412 -0.0430358 0.0232 
-0.0347203 -0.0526 -0.000984778 
-0.0470561 -0.017 -0.00314321 
-0.0405246 -0.017939 0.0219449 
-0.0518499 -0.0348333 -0.024596 
-0.0401627 -0.0387287 -0.0262 
-0.0401157 -0.046 -0.0168953 
-0.0258499 -0.0187709 0.0119604 
-0.0501685  -0.02 -0.00134256 
-0.0504675 -0.0485136 0.0154 
-0.0258499 -0.0347257 0.0244721 
-0.0459162 -0.019378 0.0104442 
-0.0417675 -0.046797 -0.0164 
-0.0340346  -0.02 -0.0164888 
-0.0309605 -0.0339564 0.0262 
-0.0465952 -0.0496 0.00493196 
-0.0264007 -0.0448266 0.0260826 
-0.0277004 -0.036293 0.0232 
-0.0353265 -0.0515927 -0.0108667 
-0.0355416 -0.0371682 0.0262 
-0.039628 -0.0496 0.0102636 
-0.045316 -0.0378882 0.0262 
-0.0445412 -0.0498281 -0.0148977 
-0.0440362 -0.0171488 0.0101969 
-0.0402798  -0.02 0.00579024 
-0.0450352 -0.0292206 0.0232 
-0.0516553 -0.0200248 0.0186795 
-0.0512783 -0.042558 -0.0262 
-0.0536716 -0.0500304 0.00637547 
-0.0310906 -0.0538743 -0.0200011 
-0.0491566 -0.0218835 0.02556 
-0.0311054 -0.017 -0.0161354 
-0.0258643 -0.0178322 0.00384101 
-0.0365039 -0.0481147 -0.017992 
-0.028671 -0.0496 0.00125706 
-0.0325546 -0.0412782 0.0262 
-0.0368587 -0.0454905 -0.0224418 
-0.0378356 -0.0493607 -0.0192982 
-0.0281686  -0.02 0.00625054 
-0.0272501 -0.0431432 0.0262 
-0.0261713 -0.0197333 0.00185353 
-0.0407424 -0.0526 0.00127979 
-0.0516125 -0.037941 -0.0262 
-0.0470663 -0.0437049 0.0262 
-0.0258499 -0.0433973 -0.0255239 
-0.0342289 -0.0352904 0.0232 
-0.0374047 -0.0494435 -0.0239287 
-0.0365835 -0.0184091 0.00289763 
-0.049785 -0.0179511 -0.0219805 
-0.0491439 -0.0496 0.0063399 
-0.0283643  -0.02 0.00116416 
-0.0458477 -0.0170872 0.0193285 
-0.0283451 -0.0442 0.0176947 
-0.0331112 -0.0496 0.012783 
-0.04904 -0.017 0.00102208 
-0.0398095 -0.0243888 0.0261736 
-0.0492922  -0.02 0.00191712 
-0.0338263 -0.01898 -0.0234605 
-0.0364051 -0.0456388 -0.0203057 
-0.0310866 -0.0499015 0.0241825 
-0.047725 -0.0191396 -0.0236347 
-0.0397616  -0.02 0.0142444 
-0.0411321 -0.0526 -0.00275199 
-0.0483423 -0.0330805 0.0262 
-0.048415 -0.0517796 0.0217171 
-0.0535945 -0.0238417 0.0234013 
-0.0296014 -0.017 -0.0162838 
-0.0482053 -0.017 -8.53841e-05 
-0.0491162 -0.0350409 -0.0232 
-0.0273633 -0.0368074 0.0262 
-0.0532135 -0.0442687 0.0193797 
-0.0312835 -0.0362884 0.0232 
-0.0522275 -0.0240821 -0.0261429 
-0.0370273  -0.02 0.0160812 
-0.0287992 -0.0471848 -0.0164 
-0.0479759 -0.0237803 -0.0261019 
-0.0506261  -0.02 -0.00304077 
-0.0407869 -0.0174631 -0.0208813 
-0.0431097 -0.0214794 0.0217492 
-0.0347785 -0.0223497 0.0224344 
-0.0469707 -0.0398838 0.0232 
-0.0329129 -0.0498448 0.00410312 
-0.0502455 -0.0389258 0.0232 
-0.0471757 -0.0474536 -0.0256795 
-0.031352 -0.0424659 0.0262 
-0.0415917 -0.0323589 -0.0232 
-0.0343512 -0.0201905 0.0195578 
-0.0352609 -0.017 -0.00931301 
-0.0538499 -0.0512828 -0.0146868 
-0.0503043 -0.0177761 0.021632 
-0.04374 -0.0500737 0.0240247 
-0.0364399 -0.0496 -0.0150756 
-0.0504558 -0.0526 -0.0110502 
-0.0273049  -0.02 0.00557415 
-0.0398827 -0.0472564 -0.0203416 
-0.0321335 -0.0526705 -0.0222 
-0.0537926 -0.0176675 0.00756554 
-0.0291064 -0.0172655 0.0202385 
-0.0266912 -0.0343007 -0.0262 
-0.0269861 -0.0526 -0.0168298 
-0.0338605 -0.0187892 -0.0142311 
-0.0517676 -0.0325716 0.0262 
-0.0325859 -0.0240313 0.0261338 
-0.0421809 -0.0299956 0.0232 
-0.0301019 -0.0400419 0.0232 
-0.0350268 -0.0170116 -0.018466 
-0.0423535 -0.0473393 0.0162674 
-0.0301563 -0.0247221 0.0231879 
-0.0521605 -0.0526 -0.0156047 
-0.0373992  -0.02 -0.00871445 
-0.0405737 -0.0396035 -0.0232 
-0.0328817 -0.0182588 0.00312744 
-0.0388345 -0.0207817 -0.0249891 
-0.037055 -0.017 -0.00039997 
-0.0437398 -0.0282947 -0.028118 
-0.0262207 -0.0285377 -0.0234236 
-0.0370765  -0.02 3.91985e-06 
-0.0275001 -0.0170211 0.0186844 
-0.0538499 -0.0181729 -0.000464477 
-0.0538499 -0.0484347 0.0208582 
-0.0434046 -0.0189978 0.00261536 
-0.0296091 -0.017 -0.0162251 
-0.0369112 -0.0198682 0.00398139 
-0.0455038  -0.02 -0.00802074 
-0.0340406 -0.0458971 0.0260928 
-0.0419789 -0.0496 -0.00239675 
-0.0423691 -0.0496 0.0103799 
-0.0299065 -0.0370345 -0.0232 
-0.0465435 -0.0496 0.0126657 
-0.0303899 -0.0319452 -0.0262 
-0.0505493 -0.0449591 0.0154 
-0.05212 -0.0484501 -0.0201631 
-0.0403005  -0.02 -0.0118817 
-0.0264965 -0.019935 0.0116705 
-0.0400671 -0.0219739 -0.0255974 
-0.0523414 -0.0496 -0.00113437 
-0.0532388 -0.0525203 -0.0166313 
-0.0325865 -0.017 -0.0122633 
-0.0506366 -0.0410819 -0.0232 
-0.0258499 -0.0350848 0.0250111 
-0.0336591 -0.017 -0.00914041 
-0.0348273 -0.017 0.009084210000000001 
-0.0375451 -0.0496 0.0114488 
-0.0408967 -0.0534549 -0.0174838 
-0.0327578 -0.0526 -0.0027514 
-0.0522142 -0.0526 -0.013774 
-0.0290965 -0.017506 0.0209931 
-0.0533358 -0.0231257 -0.0259709 
-0.0403789 -0.0470385 -0.0258183 
-0.0408343 -0.0526 -0.009221190000000001 
-0.02769 -0.0496 0.0109761 
-0.03914 -0.0526 -0.00185818 
-0.0513436 -0.0526 -0.0101103 
-0.0335882  -0.02 -0.00183591 
-0.0503948  -0.02 0.0167413 
-0.0342275 -0.0243315 0.0231503 
-0.0478693  -0.02 -0.00549611 
-0.0444195 -0.0519855 0.00557854 
-0.0518184 -0.0496 0.0103218 
-0.0521075 -0.017 -0.008100919999999999 
-0.0258754 -0.0357382 -0.0239801 
-0.0376412 -0.0469604 0.0258428 
-0.0434394 -0.0273873 0.0244865 
-0.0404153 -0.0203949 0.0201356 
-0.0495338 -0.017 -0.015668 
-0.034384 -0.017 0.0141754 
-0.0346445 -0.0197826 -0.0242596 
-0.0501981 -0.0201498 -0.0194075 
-0.0310613 -0.0526 -0.011834 
-0.0302713 -0.0309814 -0.0262 
-0.0486506 -0.017 0.0111054 
-0.0413014 -0.0361303 0.0232 
-0.0484459 -0.0525981 0.0182428 
-0.0352517 -0.0475135 -0.0238898 
-0.0506598 -0.0214463 0.0217157 
-0.0398704 -0.0315581 -0.0262002 
-0.0433448 -0.0172551 0.0201914 
-0.0339227  -0.02 -0.015529 
-0.0258499 -0.0194809 -0.0216078 
-0.0478647 -0.0194537 0.0239582 
-0.0258499 -0.0343239 0.0245615 
-0.0449471 -0.0282872 -0.03019 
-0.0455472 -0.0179271 0.00531721 
-0.0385882 -0.0262127 0.0232 
-0.0258499 -0.0395703 -0.0246832 
-0.0453057 -0.0283328 -0.027842 
-0.0373678 -0.0526 -0.0128496 
-0.0277358 -0.0526 0.0132549 
-0.0342711 -0.0511843 0.00543323 
-0.0342587 -0.017 -0.00707305 
-0.040379 -0.0170508 0.0190518 
-0.0471771 -0.0496 0.00290269 
-0.0439276  -0.02 0.0167734 
-0.0373534 -0.0496 0.00663912 
-0.0537331 -0.0495201 0.0238097 
-0.031155 -0.0254886 -0.0232 
-0.0365647 -0.0192951 -0.00387927 
-0.026031 -0.0233491 -0.0260204 
-0.0318652 -0.0496 -0.00446468 
-0.0293041 -0.0344898 0.0262 
-0.0375015 -0.0526 -0.0145552 
-0.0438052 -0.0198291 -0.0243022 
-0.0538499 -0.0223836 0.0239196 
-0.0402722 -0.0526 0.008746500000000001 
-0.0382338 -0.0445807 -0.0183 
-0.0352129 -0.0448542 0.0154 
-0.0428716 -0.026371 -0.0287827 
-0.0360244 -0.0385853 -0.0262 
-0.0511247 -0.0314463 0.0262 
-0.0258499 -0.0510273 -0.00307591 
-0.0340238 -0.0526 0.00713856 
-0.0277797 -0.0534341 -0.0190623 
-0.0260027 -0.0500705 0.00590644 
-0.0373083 -0.017 0.00590251 
-0.0340424 -0.0537388 -0.0202808 
-0.0438283 -0.0498113 0.0242651 
-0.0538499 -0.0182042 -0.0209432 
-0.0525373 -0.0496 -0.0122785 
-0.0278383  -0.02 -0.00130071 
-0.0274373 -0.0433361 0.0232 
-0.0518499 -0.0262538 -0.0254947 
-0.0416154 -0.0225679 0.0225655 
-0.0419332 -0.017 -0.0104207 
-0.0359192 -0.0515119 -0.00595286 
-0.0322181 -0.0526 0.009500160000000001 
-0.0267529 -0.0199949 0.00403817 
-0.0329916  -0.02 -0.00310166 
-0.0406732 -0.0222189 0.0256989 
-0.0538499 -0.0187511 -0.00162065 
-0.0429018 -0.0464742 0.0195825 
-0.0449171 -0.0195803 0.00126575 
-0.053556 -0.049892 0.0106011 
-0.0467466 -0.0442 0.0205424 
-0.0533742 -0.0497487 0.00620195 
-0.0258499 -0.0353137 -0.0257766 
-0.0314009 -0.0238021 0.0261037 
-0.0495486 -0.0390031 -0.0262 
-0.0352776 -0.0182873 0.0137812 
-0.0488504 -0.017 0.00426084 
-0.0437924  -0.02 0.0160192 
-0.0334237 -0.0442 0.0172504 
-0.0258536 -0.0478638 0.0244791 
-0.044408 -0.0226643 -0.0258438 
-0.0464915 -0.017 -0.0139105 
-0.0499895 -0.0467696 0.0258962 
-0.0323663 -0.017 -0.00286208 
-0.0272199 -0.0289338 -0.0262 
-0.0264119 -0.0171017 0.0143086 
-0.0346774 -0.0508793 -0.00236891 
-0.0396211 -0.0526 -0.0105355 
-0.0324205 -0.0196264 -0.012821 
-0.038969 -0.0469297 0.0154 
-0.0421249 -0.0443942 -0.0183 
-0.0258499 -0.0501365 0.018285 
-0.0260866 -0.0522458 0.00764203 
-0.0415546 -0.0250153 0.0246409 
-0.0522294 -0.0496 0.006115 
-0.0520536 -0.053846 -0.0195128 
-0.0403029 -0.0226977 -0.0258543 
-0.0538342 -0.0318721 0.0253762 
-0.0511951  -0.02 0.008812489999999999 
-0.0373512 -0.046 -0.016619 
-0.0445302 -0.0526 0.008128750000000001 
-0.0258499 -0.0468068 0.0241432 
-0.0409301 -0.0183802 0.0226841 
-0.0495228 -0.0432577 0.0232 
-0.0526304  -0.02 -0.0109608 
-0.0488272 -0.021503 0.0217708 
-0.0380144 -0.0442 0.0175132 
-0.0343103  -0.02 0.00745466 
-0.036836 -0.0496 -0.0155162 
-0.0358994 -0.0502595 0.0049723 
-0.0362509 -0.0526 -0.00309658 
-0.0510917 -0.0492718 -0.0247061 
-0.0341001 -0.0440258 -0.0201563 
-0.0434175  -0.02 0.00219877 
-0.0405873 -0.0205038 0.0203809 
-0.0516205 -0.0355806 -0.0232 
-0.0481691 -0.0280149 -0.03019 
-0.0417221 -0.017 -0.0133071 
-0.0258921 -0.0494686 0.0161155 
-0.0420981 -0.0172909 -0.0203375 
-0.032388 -0.0460104 0.0260746 
-0.0302779 -0.017 0.0144444 
-0.0485282 -0.0205429 -0.0204589 
-0.0298876 -0.0427949 0.0262 
-0.0538499 -0.0182074 0.0188928 
-0.0510148 -0.0453576 -0.0183 
-0.0369644 -0.017 -0.0101722 
-0.0471416 -0.0376213 -0.0262 
-0.0518499 -0.0471818 -0.025214 
-0.0375008 -0.0526 -0.0152363 
-0.0350963 -0.0183703 0.00964131 
-0.0472615 -0.0194474 -0.00463842 
-0.0383701 -0.0173645 0.020562 
-0.0500462 -0.0496 -0.0148657 
-0.0496889  -0.02 0.00938229 
-0.0344895 -0.0442 0.0191468 
-0.0360885 -0.0288379 0.0262 
-0.0321408 -0.0453358 0.0154 
-0.0411145 -0.0306481 -0.0262 
-0.051759 -0.0268285 -0.0262 
-0.0502608 -0.0526 0.00503912 
-0.0463513 -0.0446382 -0.0183 
-0.0348399 -0.0526 0.0074655 
-0.028233  -0.02 0.0119033 
-0.0326505 -0.0523459 0.0201869 
-0.0354242 -0.0493206 -0.0246724 
-0.0437108 -0.0192904 -0.0237992 
-0.0413917 -0.017 0.008810129999999999 
-0.0394563 -0.0352468 0.0232 
-0.0486011 -0.0406748 -0.0232 
-0.0437445 -0.0526 0.00120206 
-0.0269462 -0.0469484 0.0258399 
-0.0449711 -0.0212697 -0.0252686 
-0.0303085 -0.0200399 -0.0187957 
-0.0259536 -0.0414816 0.0256417 
-0.0386401 -0.0289876 -0.0262 
-0.0485708 -0.0452179 -0.026174 
-0.0500819 -0.017 -0.00349399 
-0.0430176 -0.0188702 0.0233404 
-0.026682 -0.0496143 -0.008220770000000001 
-0.0393262 -0.020261 -0.0197846 
-0.031578 -0.0170098 -0.0185131 
-0.0351524 -0.0183639 0.0139038 
-0.0418861 -0.0526 0.0175093 
-0.0325883 -0.035698 -0.0262 
-0.0518499 -0.0305713 -0.0243718 
-0.0439115 -0.0497239 0.00508107 
-0.0345487 -0.0402706 0.0232 
-0.0296672  -0.02 -0.000613161 
-0.0538499 -0.01946 -0.0213448 
-0.0379315 -0.017 0.0148316 
-0.0383594 -0.0526 -0.0158871 
-0.0400451 -0.0234111 -0.0260342 
-0.0456243 -0.0526 0.0009962370000000001 
-0.0343194 -0.0526 -0.00651626 
-0.0489801 -0.017 -0.010229 
-0.035484 -0.0526 0.009602400000000001 
-0.034083 -0.017 -0.0171231 
-0.0442122 -0.0526 0.00591615 
-0.0311923  -0.02 -0.0098096 
-0.0394667 -0.0312121 0.0262 
-0.050125 -0.0295246 -0.0262 
-0.0314927 -0.0526 -0.0141573 
-0.0464261 -0.0301254 -0.0262 
-0.0531298 -0.0400058 0.0261593 
-0.0281338 -0.0526 0.0161073 
-0.0293806 -0.017 0.00521972 
-0.0538486 -0.05057 -0.00389604 
-0.0462148 -0.0291021 0.0262 
-0.0366602 -0.0189605 0.0234393 
-0.0496358 -0.0335649 0.0262 
-0.0419978 -0.017019 0.0186353 
-0.0426971 -0.0496 0.00570687 
-0.0479334 -0.0496 0.00255545 
-0.031087 -0.0526 -0.00807108 
-0.0400449 -0.0442 0.0191144 
-0.0337377 -0.017 0.0101044 
-0.0497962 -0.0405935 0.0232 
-0.0529291 -0.0200628 -0.0190015 
-0.0353284 -0.0264003 -0.0259932 
-0.0360523 -0.0284931 0.0232 
-0.0480058 -0.017 0.00253917 
-0.0470459 -0.0428798 0.0232 
-0.0516772 -0.045867 -0.0260975 
-0.0466328 -0.0446366 0.0261984 
-0.0296569 -0.0535685 -0.0191521 
-0.032329 -0.0177865 0.021652 
-0.0529018 -0.0252226 0.0261977 
-0.0536318 -0.0522221 0.00356646 
-0.0310833 -0.0201139 -0.0192404 
-0.0258499 -0.0455724 0.0227668 
-0.0394005 -0.04553 -0.0183 
-0.040993 -0.0526 1.20005e-05 
-0.0531316 -0.0284063 0.0232413 
-0.0428679 -0.0464403 0.0205842 
-0.0470331 -0.0253213 0.0262 
-0.0455837 -0.03945 -0.0232 
-0.048399 -0.0228726 -0.0259095 
-0.0284003 -0.0198013 -0.0242767 
-0.0479675  -0.02 0.0149051 
-0.0282374  -0.02 -0.00204685 
-0.0451966 -0.017 -0.000318265 
-0.0364052 -0.0497797 -0.011923 
-0.02742 -0.0330634 0.0232 
-0.0334609 -0.026669 0.0232 
-0.0266371 -0.0525761 -0.00926157 
-0.0497078 -0.0289046 -0.0262 
-0.0276007 -0.0526 -0.0169582 
-0.040429 -0.0496 0.00438829 
-0.0491324 -0.0526 0.0177852 
-0.0402654 -0.034288 -0.0232 
-0.0428701 -0.0279575 0.0251283 
-0.0429749 -0.0526 0.0161297 
-0.0508342 -0.0494353 -0.0164 
-0.0258699 -0.0504047 -0.0126328 
-0.0531882 -0.0170591 0.00216512 
-0.045533 -0.017553 0.010069 
-0.0399484 -0.0475777 -0.0227629 
-0.0434625 -0.0187947 -0.00564139 
-0.0327733  -0.02 0.00269489 
-0.0514478 -0.017 -0.00130975 
-0.0433824 -0.0353344 -0.0232 
-0.0534979 -0.0498387 0.0119019 
-0.0319558 -0.0294122 0.0232 
-0.0487853 -0.0294851 0.0262 
-0.0457754  -0.02 0.009599160000000001 
-0.044081 -0.0220757 0.0256396 
-0.047028 -0.0501893 0.00386701 
-0.0288648 -0.0412714 0.0262 
-0.0443226 -0.0442 0.0172632 
-0.0493639 -0.0494922 0.0154 
-0.0423994 -0.0248638 0.0261958 
-0.0515346  -0.02 -0.0146417 
-0.051536 -0.0284058 -0.0232 
-0.0428872 -0.0193983 0.0113221 
-0.0517318 -0.0422225 0.0262 
-0.0358799 -0.0441899 0.0262 
-0.0386502 -0.0364119 0.0232 
-0.0527754 -0.0184796 -0.0228314 
-0.0451847 -0.0193776 0.00152788 
-0.0389576  -0.02 0.014676 
-0.0518065 -0.0519792 0.0212702 
-0.0530187 -0.0199854 -0.000371562 
-0.0534358 -0.0198097 -0.00758712 
-0.0495578 -0.0526 0.00840129 
-0.0454103 -0.0526 0.016995 
-0.0507979  -0.02 0.00434528 
-0.0394442 -0.017 0.01288 
-0.0349724 -0.0193974 -0.0239066 
-0.0481995 -0.034109 -0.0301887 
-0.0287674  -0.02 0.0136732 
-0.0526839 -0.049014 -0.0219978 
-0.04324  -0.02 0.0141687 
-0.0375986 -0.0313232 0.0262 
-0.0458963 -0.017 0.00506587 
-0.0404126 -0.0288666 -0.0232 
-0.0434027 -0.0234704 -0.0229585 
-0.0357 -0.044 -0.018798 
-0.0445867 -0.0185669 -0.0229452 
-0.0481661 -0.017 -0.00952296 
-0.0321459 -0.0496 0.00126666 
-0.0376429 -0.017 0.0162742 
-0.0332104 -0.0432878 0.0232 
-0.03546 -0.0526 -0.008797610000000001 
-0.0416949 -0.0496 -0.011878 
-0.0538499 -0.0225571 0.0236849 
-0.0325345 -0.017 -0.0121435 
-0.0287124 -0.0208071 0.0209155 
-0.0483047 -0.0211317 -0.0251968 
-0.0466809 -0.017 -0.00884249 
-0.0494839 -0.0405905 -0.0232 
-0.0375804 -0.0496 -0.0159522 
-0.0287253 -0.0496 0.00795014 
-0.0531239 -0.0170388 0.0047938 
-0.0265766 -0.0460373 -0.019689 
-0.0419059  -0.02 0.0159986 
-0.0439669 -0.0186076 0.0102647 
-0.0415196 -0.0526 -0.00643926 
-0.0301522  -0.02 0.00682988 
-0.0286678 -0.0496 -0.009340620000000001 
-0.0299299 -0.0234762 -0.0229578 
-0.0527067 -0.0526 -0.00489592 
-0.0456751 -0.0201029 0.0191898 
-0.0270094 -0.0485439 0.0251574 
-0.0391463 -0.0314144 -0.0262 
-0.0510762 -0.017 0.0169558 
-0.0299473 -0.0496052 -0.024453 
-0.0530062 -0.0523286 0.0202057 
-0.0538499 -0.0269374 0.0244503 
-0.0462821 -0.017 -0.0062044 
-0.0308362 -0.0332408 -0.0262 
-0.0537428 -0.0194484 -0.00109334 
-0.0290769 -0.0526 -0.0121111 
-0.0529936 -0.0170112 0.00138815 
-0.0538499 -0.0181269 -0.0147916 
-0.0495419 -0.017 -0.00137367 
-0.0492679 -0.017 0.0121461 
-0.0318442 -0.0526 0.00625651 
-0.0396685 -0.0496 0.0151802 
-0.0434068  -0.02 -0.0176831 
-0.0423872 -0.0496 0.00651907 
-0.0398297 -0.0533564 -0.0174427 
-0.0538499 -0.0183648 0.000180664 
-0.0269512 -0.0458737 -0.0183 
-0.0311299 -0.0526 0.00697158 
-0.0453504 -0.0433294 0.0232 
-0.0475292 -0.0442 0.0175693 
-0.050561 -0.017 0.012136 
-0.0525192 -0.0442 0.0223352 
-0.0534593 -0.0197917 -0.00427786 
-0.0538499 -0.0189247 -0.0152098 
-0.0381744 -0.017 -0.00196966 
-0.0525758 -0.017 0.0128873 
-0.0505449 -0.0503132 -0.0238191 
-0.0410328 -0.0527567 -0.0174 
-0.0509327 -0.017 -0.007955479999999999 
-0.0447156 -0.0217008 0.0219521 
-0.0494613 -0.0290399 -0.0262 
-0.039959 -0.0268329 -0.0256953 
-0.0484735 -0.017 -0.0134227 
-0.0350197 -0.0509684 -0.0150337 
-0.0493422 -0.0496 -0.000337886 
-0.0266155 -0.0199713 0.0106949 
-0.0373243 -0.0283387 0.0232 
-0.0516928 -0.0526 0.0134489 
-0.0288742 -0.0206256 0.0248897 
-0.0461463 -0.0526 0.00493051 
-0.0290988  -0.02 -0.0111358 
-0.053131 -0.0442406 0.0159889 
-0.0456278 -0.0496 -0.007958420000000001 
-0.0520809 -0.0442 0.0219537 
-0.031456 -0.0266771 0.0262 
-0.0500861 -0.0517212 0.0218292 
-0.0363861 -0.050293 0.00270437 
-0.0279515 -0.0261926 -0.0232 
-0.0297158 -0.0512927 0.0225697 
-0.0413575 -0.0526 0.00138731 
-0.0459797 -0.024227 -0.0291749 
-0.0495137 -0.0434679 0.0262 
-0.0341927 -0.0370628 0.0262 
-0.0421949 -0.0537714 -0.0177663 
-0.0386038 -0.017 -0.0174045 
-0.0495825  -0.02 0.00524357 
-0.0538499 -0.0187728 -0.0226656 
-0.0419066 -0.0537146 -0.0192887 
-0.0420149 -0.017 0.00553044 
-0.0413833 -0.0454792 0.0225502 
-0.0537569 -0.0321415 0.0256209 
-0.0344686 -0.024754 -0.0231899 
-0.0530847 -0.0170284 8.91024e-05 
-0.0482393 -0.0526 0.0139877 
-0.0442353 -0.021835 -0.0255399 
-0.0262203 -0.0523762 0.008892219999999999 
-0.0526313 -0.017 0.0166078 
-0.0279718 -0.0469171 -0.0164 
-0.0522095 -0.0200038 -0.0182901 
-0.0495891 -0.0184159 0.0227401 
-0.0444767 -0.0292952 -0.0232 
-0.0456989 -0.0496 0.0144346 
-0.0264764 -0.0525267 0.0171622 
-0.0470903 -0.017257 0.0115939 
-0.0258499 -0.0290628 -0.0251858 
-0.0312432 -0.0534376 -0.0206663 
-0.0500678 -0.0251883 -0.0232 
-0.027771  -0.02 -0.0148112 
-0.0427769 -0.0428014 0.0232 
-0.043073 -0.0496 -0.00894934 
-0.0508085 -0.033584 -0.0232 
-0.0366733 -0.0173143 0.00421438 
-0.0470561  -0.02 0.0157908 
-0.0458223 -0.0418721 0.0232 
-0.0359443 -0.017 0.000721953 
-0.051223 -0.0230575 -0.0228059 
-0.0530469 -0.0199796 0.0162178 
-0.0368034 -0.0306339 -0.0232 
-0.0323013 -0.0280916 -0.0262 
-0.040201 -0.0533388 -0.0221628 
-0.0488907 -0.017 -0.000552994 
-0.043033  -0.02 0.0023229 
-0.0334284 -0.0448178 -0.0183 
-0.0458381 -0.0317255 0.0232 
-0.0464926  -0.02 -0.00373819 
-0.0538499 -0.0294266 0.0243987 
-0.0460562 -0.0242273 -0.0289972 
-0.0491949 -0.0495713 0.0244609 
-0.0292409 -0.0217754 -0.022021 
-0.0412301 -0.0526 0.00229961 
-0.0352845 -0.047089 -0.020653 
-0.0417196 -0.0327515 -0.0232 
-0.0319712  -0.02 -0.0149677 
-0.0328587 -0.0207237 -0.0207858 
-0.0382141 -0.0406297 0.0232 
-0.0258499 -0.0457027 -0.0255392 
-0.028257 -0.0427964 -0.0232 
-0.0322041 -0.017 0.00648741 
-0.0328124 -0.0496 0.00292105 
-0.0336371 -0.0537433 -0.0202749 
-0.0395673 -0.0173511 -0.020544 
-0.0526523 -0.0537833 -0.0202147 
-0.0258499 -0.0243555 -0.0251388 
-0.0512243 -0.0208562 0.0209924 
-0.0273459 -0.0442 0.0203326 
-0.0511446 -0.0235963 0.0260752 
-0.0419786 -0.0492198 0.0234359 
-0.0477262 -0.0538705 -0.0184126 
-0.0382043 -0.0480096 0.0254355 
-0.0354964 -0.0500214 -0.0110331 
-0.027809 -0.0243452 -0.0261715 
-0.0405483 -0.048315 0.0168257 
-0.0375762 -0.017 0.008309769999999999 
-0.0347743 -0.0516178 -0.00227408 
-0.0476331 -0.0427509 -0.0232 
-0.0513117 -0.0377068 -0.0262 
-0.042532 -0.0461038 0.0245238 
-0.0519882 -0.017 0.0092406 
-0.0407924 -0.0442 0.0174635 
-0.0517787 -0.0526 -0.00465762 
-0.04008 -0.0472091 0.0170924 
-0.0392551 -0.0239456 0.0230828 
-0.0392321 -0.0376204 0.0232 
-0.0469075 -0.0431614 0.0262 
-0.0409163 -0.046397 -0.0259934 
-0.0315936 -0.017 0.00336355 
-0.0395237 -0.017 -0.00506143 
-0.0423341 -0.017 0.0163174 
-0.0353816 -0.0323518 -0.0262 
-0.0455416 -0.0183184 -0.0110774 
-0.0466046 -0.0526 -0.0148681 
-0.050903 -0.0538451 -0.0184892 
-0.0494856 -0.0170908 -0.0193995 
-0.0298777 -0.0526 0.00259952 
-0.0301159 -0.0476007 -0.0164 
-0.052145  -0.02 -0.015664 
-0.0317843 -0.0496 -0.00163589 
-0.0527327 -0.0269622 0.0232 
-0.0425247 -0.052575 0.018773 
-0.0433778 -0.0298321 -0.0232 
-0.0507139 -0.0239139 0.0230758 
-0.0497324 -0.0201725 0.0245699 
-0.0316748 -0.0335052 0.0262 
-0.0491861  -0.02 -0.0153477 
-0.0289181 -0.0392688 0.0262 
-0.0352613 -0.0526 -0.0105909 
-0.0363604 -0.0296975 0.0232 
-0.0348675 -0.0172213 -0.0200675 
-0.0380735 -0.0215377 0.0254081 
-0.0390244  -0.02 0.0168867 
-0.0508461 -0.0311511 -0.0262 
-0.0259001 -0.0496223 -0.01709 
-0.0473224 -0.0496 0.00424082 
-0.0395863  -0.02 0.00846418 
-0.0263312 -0.0171459 -0.0135636 
-0.0353099 -0.017 -0.0101951 
-0.0426818 -0.0276575 -0.0278636 
-0.0419579 -0.0203657 -0.020068 
-0.0338733 -0.0261735 0.0262 
-0.0372731 -0.0496 0.0127274 
-0.0464502 -0.0170528 -0.019093 
-0.0499782  -0.02 0.001599 
-0.0359504 -0.0188304 -0.00592232 
-0.0518499 -0.0419285 -0.0245044 
-0.0344483 -0.0517198 0.021832 
-0.0470076 -0.032899 -0.0272417 
-0.0460096 -0.0210745 -0.021294 
-0.052919 -0.0205985 0.0205694 
-0.0283422 -0.0526 0.00597594 
-0.0535412 -0.0427289 0.0234784 
-0.0450521 -0.0342373 0.0262 
-0.0304403 -0.017 0.012845 
-0.0433769 -0.03254 -0.0232 
-0.0431204 -0.018866 -0.023335 
-0.0272905 -0.0526 -0.0101476 
-0.0427715 -0.0526 0.00401844 
-0.0518083 -0.017 -0.0149995 
-0.0354556 -0.0465689 -0.0220423 
-0.0410634 -0.0455365 -0.0183 
-0.0258499 -0.0464021 -0.0241561 
-0.0269504  -0.02 0.0109974 
-0.0415187 -0.0526 -0.00909186 
-0.036698 -0.017 0.00602275 
-0.0360032 -0.017 0.00584886 
-0.03141 -0.0443495 -0.0262 
-0.0291698 -0.0200375 -0.0187772 
-0.0260861 -0.0522452 0.0132425 
-0.0322685  -0.02 -0.00458995 
-0.0537024 -0.0523033 -0.0222 
-0.0508104  -0.02 -0.00149319 
-0.0446682 -0.0191868 -0.00237795 
-0.0335484  -0.02 0.000919987 
-0.0476755 -0.046 -0.0169996 
-0.0422137 -0.0526 -0.00359785 
-0.0314996 -0.0526 -0.00563858 
-0.0355273 -0.0499856 -0.0110633 
-0.0302375 -0.0536314 -0.0208023 
-0.038424 -0.0526 0.0119537 
-0.0492001 -0.0248385 -0.0286811 
-0.0364411 -0.0508279 -0.0136418 
-0.0437261 -0.0417805 0.0232 
-0.0505327 -0.0458481 -0.0261002 
-0.0387113 -0.0526 0.009921859999999999 
-0.0374399 -0.0454595 -0.0189239 
-0.0412433 -0.017 -0.0132407 
-0.0431526 -0.0467254 0.0191227 
-0.0346394 -0.0228642 -0.0259068 
-0.0401955 -0.0496 0.0136816 
-0.0316769 -0.017 0.0110833 
-0.0330305 -0.0178422 -0.0121816 
-0.0472215 -0.0466814 0.025924 
-0.0453373 -0.0496 0.0144024 
-0.0333185  -0.02 -0.0012583 
-0.0529181 -0.019997 -0.015367 
-0.0518499 -0.0467939 -0.0209866 
-0.0502834 -0.017 0.00611496 
-0.0332137 -0.0234512 0.0260431 
-0.026831 -0.0525992 0.0111485 
-0.0409296 -0.0382612 0.0232 
-0.0453308 -0.0272638 -0.03019 
-0.0262023 -0.0197616 0.00292655 
-0.030066 -0.017 -0.0170248 
-0.0377158 -0.0526 -0.0117363 
-0.0305704 -0.0391542 0.0262 
-0.0430851 -0.0515672 -0.0121282 
-0.0318499  -0.02 -0.0170296 
-0.0481758 -0.017 0.0019003 
-0.0516887 -0.0490079 -0.0164 
-0.0538057 -0.044909 0.0186085 
-0.0346181 -0.0277004 -0.0262 
-0.0536912 -0.0212746 0.0247518 
-0.0491779 -0.0526 -0.00599114 
-0.0475712 -0.0442 0.0200379 
-0.0367647 -0.0367433 -0.0262 
-0.0280534 -0.0484422 -0.0164 
-0.0309028 -0.0526 0.00781273 
-0.0504824 -0.0330513 0.0262 
-0.0394518 -0.0300288 0.0232 
-0.0378161 -0.0526 0.009644939999999999 
-0.0258499 -0.035378 0.0244986 
-0.0259475 -0.0520302 0.004327 
-0.0475655  -0.02 0.0129563 
-0.0423914 -0.0524004 0.0199413 
-0.0395292 -0.0496 -0.00809695 
-0.0422769 -0.0288968 0.0232 
-0.0508247 -0.0442 0.0228412 
-0.0530538 -0.0249961 -0.0235622 
-0.0371445 -0.0170995 0.0194217 
-0.0329462 -0.0526 -0.000611367 
-0.0469115 -0.0515849 -0.0131811 
-0.0304923 -0.0263937 -0.0232 
-0.0301159 -0.0496 0.00531432 
-0.0258499 -0.0189974 0.00522005 
-0.0463992 -0.017 0.0163739 
-0.0412135 -0.0209419 -0.0250912 
-0.0476509 -0.0216782 0.0219314 
-0.0439048 -0.0239765 -0.0261289 
-0.0362564  -0.02 0.0149256 
-0.0259486 -0.0206578 0.0242273 
-0.0506711 -0.0492987 0.0154 
-0.0380561 -0.044 -0.0207111 
-0.0447297 -0.0223102 -0.0224128 
-0.0334857 -0.0496 0.0106448 
-0.0485277 -0.017 0.008390170000000001 
-0.0401457 -0.0411068 -0.0262 
-0.0447761 -0.051623 0.00592773 
-0.0438056 -0.0276974 0.0262 
-0.0514281 -0.0496 0.0140756 
-0.0476196 -0.017 -0.00773007 
-0.0430789 -0.0254299 -0.028986 
-0.0534528 -0.0523967 -0.000618558 
-0.0417672 -0.0500938 0.0240063 
-0.0267971 -0.0514339 0.0223437 
-0.0481105 -0.052624 -0.0174 
-0.0473149 -0.051615 0.0220333 
-0.0353962 -0.0186769 0.00993498 
-0.0515558 -0.0496 0.00743432 
-0.0495577 -0.0442 0.0230694 
-0.0397237 -0.0526 0.00905692 
-0.039303 -0.0484201 0.0198998 
-0.0409473 -0.0526 -0.0114247 
-0.0270871 -0.0437245 0.0232 
-0.0518499 -0.0474762 -0.017916 
-0.0431929 -0.0335438 -0.0291011 
-0.0407718  -0.02 0.0108863 
-0.0258499 -0.0512531 0.0193568 
-0.0518499 -0.0452447 -0.0221127 
-0.0477585 -0.017 0.0109841 
-0.052992 -0.052589 -0.00400115 
-0.0393505 -0.0493766 -0.0246317 
-0.0446703 -0.0421512 0.0232 
-0.0376024 -0.0496 -0.00989334 
-0.0426134 -0.0486066 0.0176 
-0.0538499 -0.0213022 -0.0238277 
-0.0258786 -0.0503655 -0.0107396 
-0.0518499 -0.0397363 -0.0257132 
-0.0517707 -0.0429043 -0.0262 
-0.0410775  -0.02 0.0106931 
-0.0538488 -0.0190262 -0.0089216 
-0.0512228 -0.017 0.0133235 
-0.0377463 -0.0526 0.012418 
-0.0283904 -0.0392131 -0.0232 
-0.0310179 -0.017095 0.0193879 
-0.0438195 -0.0472496 -0.0164 
-0.041188 -0.0361597 -0.0265222 
-0.029909 -0.0442406 0.0262 
-0.0258499 -0.0334346 -0.0243183 
-0.0402015 -0.0212424 0.0252544 
-0.0267669 -0.0525964 -0.0130181 
-0.0426061 -0.0496 0.01392 
-0.0511428 -0.0287357 0.0232 
-0.0426659  -0.02 -0.009392380000000001 
-0.0309258 -0.0261331 0.0232 
-0.0370911 -0.0526 0.009503650000000001 
-0.0467022 -0.0496 -0.0163544 
-0.0434696 -0.0442 0.0166134 
-0.041422 -0.044 -0.0189531 
-0.0507017 -0.0224486 0.0224974 
-0.0467442 -0.017 -0.0116624 
-0.0529029 -0.049233 -0.018011 
-0.0270051 -0.0526 0.00584521 
-0.0258499 -0.0460207 0.0172047 
-0.0518499 -0.0460323 -0.0193697 
-0.0338708  -0.02 0.008191189999999999 
-0.0523534 -0.017996 0.0220544 
-0.0476819 -0.017 -0.0131102 
-0.0417069 -0.0496 0.00471977 
-0.0393596 -0.0496 -0.0023723 
-0.0447799 -0.0498493 0.0242303 
-0.0323663 -0.0295484 0.0232 
-0.0429605 -0.046533 0.0238506 
-0.0379887  -0.02 0.0153582 
-0.049687 -0.0338428 -0.0232 
-0.0367768 -0.017 0.0139161 
-0.0389687 -0.0535408 -0.0207331 
-0.0465686 -0.0177695 0.0110831 
-0.0400391  -0.02 0.00612894 
-0.0400092  -0.02 -0.00559679 
-0.0434867 -0.0526 -0.0170097 
-0.0334831 -0.0184596 0.0228053 
-0.0401792 -0.027312 -0.0262 
-0.0491493  -0.02 0.00108844 
-0.041733 -0.0526 -0.00597372 
-0.0444757 -0.0496 -0.000808954 
-0.0525702 -0.0235579 -0.0260667 
-0.0462052 -0.0415592 -0.0232 
-0.0265736 -0.0496392 0.0012064 
-0.0430666 -0.017 0.00600258 
-0.0466367 -0.0171632 0.0111498 
-0.0483997  -0.02 0.0130453 
-0.031719 -0.0388526 0.0262 
-0.0350355 -0.0512812 0.00581822 
-0.0442951 -0.0219991 -0.0221973 
-0.0330245 -0.029419 0.0232 
-0.0383002  -0.02 -0.0102622 
-0.0461845 -0.0456974 0.0154 
-0.0460226 -0.0526 0.007998969999999999 
-0.036028 -0.0180776 -0.022209 
-0.0364915 -0.0440634 0.0262 
-0.0445669 -0.0502855 -0.00672283 
-0.0258851 -0.0518625 -0.0217093 
-0.0407372  -0.02 0.00913984 
-0.0414966 -0.053465 -0.020688 
-0.0415966 -0.0442 0.0192401 
-0.0369471 -0.0300797 -0.0232 
-0.0503323 -0.0442 0.0226824 
-0.0395041 -0.0526 0.008673770000000001 
-0.0313701 -0.0526 -0.009724999999999999 
-0.05091 -0.0215667 -0.0218317 
-0.0368755  -0.02 0.0181989 
-0.05018 -0.0404761 0.0232 
-0.0499147 -0.0526 0.00151626 
-0.0469583  -0.02 -0.0117785 
-0.0471972 -0.0418142 -0.0232 
-0.0438541 -0.0415861 -0.0262 
-0.0377971 -0.0249929 -0.0261997 
-0.0280502 -0.0525235 0.0192468 
-0.0452446 -0.0196345 -0.0107865 
-0.0538499 -0.0215785 -0.0233717 
-0.0286756 -0.0496 0.00469403 
-0.0480252 -0.04771 0.0154 
-0.0366518 -0.0459739 -0.0183 
-0.0440334 -0.0504701 -0.00620039 
-0.0376588 -0.0241641 0.0261513 
-0.0535399 -0.046453 0.0156772 
-0.0272522 -0.0534165 -0.019902 
-0.0531757 -0.0199448 -0.015948 
-0.0523914 -0.050307 -0.0238259 
-0.0443534 -0.0503348 -0.0147138 
-0.0468284 -0.0442 0.0176163 
-0.0333134 -0.0526 -0.009531059999999999 
-0.0304371 -0.0487845 -0.0250253 
-0.0509906 -0.017 0.0156685 
-0.0401613 -0.0463255 0.0154 
-0.0538499 -0.0513609 0.00381349 
-0.0468435 -0.0224848 0.0257872 
-0.0326849 -0.017 -0.0140211 
-0.0408351  -0.02 -0.0157371 
-0.0391091  -0.02 0.00634451 
-0.0324708 -0.0334612 0.0262 
-0.0417367 -0.0380202 -0.0232 
-0.028338 -0.0496 -0.0120399 
-0.0282304 -0.0387327 0.0262 
-0.0381928  -0.02 -0.00396253 
-0.0391524 -0.0200333 0.0187439 
-0.0470149 -0.017 -0.00859043 
-0.0464982 -0.0526 -0.00188848 
-0.0322214 -0.017 -0.0167429 
-0.0486556 -0.017 0.0021745 
-0.0459175 -0.0496 0.00124068 
-0.0492824 -0.0255541 -0.0292092 
-0.0366303 -0.051191 -0.0134565 
-0.0324381 -0.0177406 0.00363816 
-0.0514296 -0.0496 0.008064999999999999 
-0.0258499 -0.0512029 -0.0207894 
-0.0371385 -0.0293267 0.0262 
-0.0410235 -0.0323181 0.0232 
-0.0522083 -0.0442 0.0169952 
-0.031349 -0.0233341 0.0260171 
-0.0292361 -0.0313945 0.0262 
-0.0428477 -0.0371416 0.0262 
-0.0538499 -0.018643 0.0149557 
-0.0437451 -0.047581 0.0210654 
-0.045524 -0.0193572 -0.0238697 
-0.0428055  -0.02 -0.0154922 
-0.0537208 -0.0501094 0.0146021 
-0.0464586 -0.0219096 0.022125 
-0.0284989 -0.017 -0.0122374 
-0.0258499 -0.0508208 -0.00678437 
-0.045907 -0.0496 -0.00859148 
-0.0258759 -0.0192222 0.008434789999999999 
-0.0337467 -0.0309295 -0.0232 
-0.0468446 -0.052243 0.00404662 
-0.0385754 -0.0489457 -0.0246283 
-0.0331726 -0.0468346 0.0258796 
-0.0353562 -0.0476581 0.0255887 
-0.0441328  -0.02 0.0082072 
-0.0538499 -0.0484689 0.0207946 
-0.0381053 -0.0251423 -0.0243836 
-0.0407778 -0.0479789 -0.0254605 
-0.0431949 -0.0499734 0.0241166 
-0.0459482 -0.0499469 -0.0241638 
-0.0258499 -0.0324678 -0.0252331 
-0.0384423  -0.02 -0.00021943 
-0.027009  -0.02 0.0147836 
-0.0523925  -0.02 -0.014705 
-0.0538089 -0.0449193 0.0196548 
-0.0538499 -0.047916 0.0170166 
-0.0291761 -0.0521915 0.0207014 
-0.0325946  -0.02 0.00324411 
-0.025886 -0.0177347 -0.000457855 
-0.0296829  -0.02 0.00258567 
-0.0340704 -0.017 0.0161141 
-0.0359089 -0.0451579 0.0154 
-0.0449131 -0.0251377 -0.03019 
-0.0474851 -0.0179156 -0.0219138 
-0.0528128 -0.017 -0.0166249 
-0.0330265 -0.0442 0.0205648 
-0.0441946 -0.0243767 0.026173 
-0.0342517 -0.0188143 -0.0232676 
-0.0317106 -0.017 0.007954269999999999 
-0.042698 -0.0188562 0.0115073 
-0.0528633 -0.0442003 0.0186036 
-0.0424898 -0.0516945 -0.0222 
-0.0375206 -0.0507867 0.0232663 
-0.0258499 -0.0513017 -0.00403857 
-0.0344695 -0.0497954 0.0056275 
-0.0538499 -0.0535605 -0.0181659 
-0.0335932 -0.0514331 0.00243067 
-0.0403038 -0.0496 -0.00340303 
-0.0538499 -0.0181204 0.0174716 
-0.0358493 -0.017 -0.00168343 
-0.0311158 -0.0209315 0.0211034 
-0.0258667 -0.017819 0.0136467 
-0.0322425  -0.02 0.0142447 
-0.0530736 -0.0525737 -0.00518294 
-0.0318374  -0.02 -0.0135627 
-0.0363514 -0.0442 0.0219997 
-0.037528 -0.017 -0.00982153 
-0.0273312 -0.0526 0.0150613 
-0.0432144 -0.0173155 0.00439841 
-0.0361747 -0.0405789 -0.0262 
-0.0322163 -0.0365189 0.0262 
-0.0493447 -0.044 -0.0190623 
-0.0412963 -0.0494343 0.0225237 
-0.0425146 -0.0496 0.000982941 
-0.0270006 -0.0176037 0.0212289 
-0.0504292 -0.0501827 -0.0239505 
-0.0261013 -0.020547 0.0211361 
-0.0306309 -0.0526 -0.008387769999999999 
-0.0258682 -0.0178105 -0.0050157 
-0.0358343 -0.0442 0.0175081 
-0.0416429 -0.0442 0.0164089 
-0.0538499 -0.0511781 0.010546 
-0.0333331 -0.0488005 -0.0250163 
-0.0337206 -0.0439887 -0.0262 
-0.050402 -0.0404219 0.0262 
-0.0471078 -0.0227614 -0.0226702 
-0.026053 -0.0517479 0.0207882 
-0.0351823 -0.0496 0.00594448 
-0.0290681 -0.0198558 -0.0243267 
-0.0503132 -0.0385977 0.0232 
-0.0520771 -0.0526 0.00207904 
-0.0538499 -0.0185855 -0.0210444 
-0.0330731 -0.0191926 0.00293997 
-0.0495082 -0.0526 0.00919363 
-0.0432731 -0.0211644 -0.0252138 
-0.0277591 -0.0496 0.00248029 
-0.0523717  -0.02 0.0101077 
-0.04613 -0.0310116 -0.0262 
-0.0324709 -0.0190912 -0.0128703 
-0.0537426 -0.0501513 -0.00184623 
-0.0367328 -0.0496 -0.00634734 
-0.0480058 -0.0524614 0.0196661 
-0.0471081 -0.0187914 0.0232378 
-0.0307514 -0.0211553 -0.025209 
-0.0401123 -0.0526 -0.00359004 
-0.0285354 -0.021546 0.0254124 
-0.048281 -0.0207269 0.0207895 
-0.040382 -0.023388 -0.0260291 
-0.0335032 -0.0280879 -0.0262 
-0.0443854 -0.0390176 -0.0232 
-0.0416699 -0.0526 -0.00110549 
-0.047308 -0.0526 0.0114643 
-0.0259098 -0.028956 -0.0238593 
-0.0443661 -0.036436 0.0262 
-0.030845 -0.0336243 0.0262 
-0.0466247 -0.0526 0.016443 
-0.0258543 -0.0179087 0.0160244 
-0.0499807 -0.0201755 -0.0195107 
-0.0509524 -0.0352613 -0.0262 
-0.0258499 -0.0456498 0.0230863 
-0.0369123  -0.02 0.0152068 
-0.0500019 -0.02364 -0.0260825 
-0.0450697 -0.0288438 -0.0262 
-0.0260409 -0.0521868 0.0111282 
-0.0450368 -0.0455754 0.0261383 
-0.0530978 -0.0248573 -0.0232285 
-0.034025 -0.0455035 -0.0183 
-0.0538499 -0.0182981 0.0144074 
-0.0305357  -0.02 -0.0113648 
-0.0325965 -0.049872 -0.0129933 
-0.0483482 -0.017 0.0148087 
-0.0433222 -0.0174733 -0.011896 
-0.0395552 -0.0214382 0.0253563 
-0.0526631  -0.02 0.00171313 
-0.0463615 -0.0537461 -0.0193295 
-0.0467507 -0.0394307 -0.0232 
-0.0334008 -0.0526 0.00217292 
-0.039138 -0.0519043 -0.0222 
-0.0383194 -0.0526 0.0134136 
-0.0396947 -0.0172098 0.0199872 
-0.026621 -0.0170274 0.0167527 
-0.0290259 -0.0173655 0.0205653 
-0.0422531  -0.02 0.00016584 
-0.0260117 -0.0378333 0.0236564 
-0.0321395 -0.0496 -0.00852986 
-0.0296229 -0.018265 0.0225033 
-0.0478862 -0.0311324 0.0262 
-0.0260233 -0.0195619 0.01245 
-0.0331976 -0.0442 0.0195476 
-0.0355937 -0.0526 -0.00195815 
-0.0493082 -0.044 -0.0214265 
-0.0513576 -0.017 -0.00353809 
-0.0507798 -0.017 0.012882 
-0.0535554 -0.0202094 -0.0204408 
-0.0488556 -0.0332481 -0.0271234 
-0.052428 -0.0170029 -0.0183888 
-0.0289525 -0.0447056 -0.0261963 
-0.0395806 -0.0292063 -0.0262001 
-0.0447912 -0.0496 0.00659384 
-0.0537547 -0.0520255 -0.00203154 
-0.0334672 -0.0334014 -0.0232 
-0.0463572 -0.0364029 -0.0232 
-0.0326298 -0.0325648 -0.0262 
-0.0313561 -0.017 -0.00714341 
-0.0368545 -0.0496 0.000968542 
-0.0303788 -0.0496 0.007864970000000001 
-0.0423597 -0.036867 -0.0232 
-0.0258499 -0.0481207 -0.0200341 
-0.032819 -0.0249454 -0.0261976 
-0.0278235 -0.0496 0.010092 
-0.0538005 -0.0508731 0.0219405 
-0.0506784 -0.0474185 -0.0164 
-0.036307 -0.017 0.00155338 
-0.0389561 -0.0485718 -0.0211111 
-0.0423247  -0.02 0.00796294 
-0.037058 -0.0310882 -0.0232 
-0.0455723 -0.017 0.0069526 
-0.0329455 -0.0179807 -0.012265 
-0.0505654 -0.0526 0.00740522 
-0.0311937 -0.0456802 -0.0183 
-0.0487749 -0.0442 0.021348 
-0.0291293 -0.0222951 -0.0257274 
-0.0538491 -0.0179699 -0.00471539 
-0.0457132 -0.0170603 0.0133546 
-0.0259071 -0.044868 0.0167845 
-0.0364708 -0.0442 0.0161934 
-0.0260432 -0.0471454 -0.0168102 
-0.0385412 -0.0201253 -0.0192941 
-0.0334475 -0.0496 0.0139992 
-0.0338038 -0.0481015 0.0154 
-0.0467676 -0.017 -0.0151543 
-0.0394894 -0.0380214 0.0232 
-0.0328795 -0.0276 -0.0232 
-0.0444997 -0.017 -0.000340294 
-0.0266378 -0.0248285 0.0232162 
-0.0520877 -0.0496 -0.00119886 
-0.0311437 -0.0395877 -0.0262 
-0.0517342 -0.0315798 0.0262 
-0.030715 -0.0523664 0.0200946 
-0.030778 -0.046914 -0.0164 
-0.0476244 -0.0498834 -0.0242209 
-0.0266224 -0.0496271 -0.00364632 
-0.0364313 -0.0516236 0.0109487 
-0.051905 -0.0482351 -0.0188932 
-0.0283447 -0.0526 0.00222292 
-0.0266428 -0.0353813 0.0232223 
-0.0326905 -0.027743 0.0232 
-0.0445498 -0.0496 0.000951269 
-0.0413086 -0.0215475 -0.0218136 
-0.0520598 -0.0203772 0.024727 
-0.0391869 -0.0422866 -0.0262 
-0.0448465 -0.0442 0.0192504 
-0.0443224 -0.0526 0.0071142 
-0.0399354 -0.021386 -0.0216527 
-0.0300726 -0.0496 -0.0161815 
-0.032313 -0.0496 0.008844100000000001 
-0.0466221 -0.017 -0.0157969 
-0.0312535 -0.0408641 0.0232 
-0.0496001 -0.0408957 -0.0232 
-0.0280109 -0.0496 0.00486024 
-0.0479232 -0.0496 0.0151129 
-0.0366237 -0.0498549 -0.013463 
-0.0537072 -0.0195138 0.0044711 
-0.0328119 -0.0526 -0.0117532 
-0.0292415 -0.0526 0.00554783 
-0.0301764 -0.017 0.00628027 
-0.030031 -0.0475348 0.0154 
-0.0471005 -0.017 0.0146061 
-0.0264734 -0.0496746 0.00148269 
-0.026031 -0.0521739 0.0166494 
-0.0419453 -0.0302389 0.0232 
-0.040276  -0.02 -0.0122322 
-0.0535391 -0.0197235 -0.00670585 
-0.044771 -0.0311012 -0.0232 
-0.0538499 -0.0506378 -0.009544 
-0.0408694 -0.0526 0.00613732 
-0.044949 -0.0520043 -0.00690297 
-0.0529191 -0.02106 0.025156 
-0.0258499 -0.0464498 -0.0241257 
-0.0488876 -0.017 -0.0065474 
-0.0522272 -0.0442272 0.0262 
-0.0267649 -0.0199963 0.0010505 
-0.047135 -0.0496 -0.00238141 
-0.0272035 -0.0215013 0.0217693 
-0.0493102 -0.0511382 0.0228082 
-0.0258535 -0.0516828 0.017739 
-0.0340941 -0.0526 -0.0103027 
-0.0504524 -0.017 0.0163806 
-0.0258499 -0.0471477 0.0165333 
-0.0276355 -0.0201956 -0.0195744 
-0.0445284 -0.0520097 0.0211965 
-0.0537024 -0.0521213 0.00283392 
-0.0537679 -0.0516017 0.0205602 
-0.0512632 -0.0298639 -0.0232 
-0.0490583  -0.02 0.0174141 
-0.0385093 -0.0170162 -0.0185722 
-0.0258987 -0.0397172 0.0255055 
-0.0355575 -0.0537825 -0.0186162 
-0.0311183 -0.0447393 -0.0184094 
-0.0430408 -0.0526 0.0158458 
-0.0522673 -0.0526 -0.0131702 
-0.0475846 -0.0344345 -0.0301885 
-0.0353709 -0.0193921 -0.0146898 
-0.0422138  -0.02 0.00910599 
-0.0284671 -0.0442 0.0189576 
-0.0514985 -0.048796 0.0154 
-0.0339258 -0.0172798 -0.0202969 
-0.0468996 -0.017 0.008916810000000001 
-0.0418693 -0.017 -0.00151849 
-0.02728 -0.0213827 -0.0216464 
-0.0399193 -0.0488774 -0.0164 
-0.0260407 -0.0521866 -0.0178815 
-0.0482973 -0.0293593 0.0262 
-0.0261132 -0.0434393 0.0258748 
-0.0372959 -0.0536142 -0.019188 
-0.0454301 -0.0538111 -0.0185655 
-0.0381613 -0.0172739 -0.0202752 
-0.03244  -0.02 0.00673855 
-0.0510327 -0.0496 -0.00354655 
-0.0470808 -0.0526 0.00561331 
-0.0261244 -0.047351 0.015713 
-0.0508931 -0.0205958 -0.0248707 
-0.0383634 -0.017 0.0141387 
-0.0258572 -0.0410981 0.0253134 
-0.0356464 -0.0200528 -0.0188954 
-0.0384593 -0.0436663 0.0232 
-0.041807 -0.031552 0.0232 
-0.0477005 -0.0442 0.0172652 
-0.0424417 -0.0317031 -0.0232 
-0.0495987 -0.0526 0.0169857 
-0.0487696 -0.0410002 -0.0232 
-0.0324352 -0.0526 -0.00949961 
-0.0468926 -0.017 -0.00755061 
-0.0409216  -0.02 0.00373236 
-0.0537638 -0.0194044 -0.00494077 
-0.0422851 -0.0526 -0.0165612 
-0.0271949 -0.0178294 0.0217343 
-0.0408475 -0.0496 -0.012005 
-0.0493261 -0.0534543 -0.0174835 
-0.0492467 -0.0342251 -0.0262666 
-0.0290399 -0.0434292 -0.0262 
-0.0502065 -0.0411699 -0.0232 
-0.0464077 -0.0496 0.00253669 
-0.033515 -0.0512316 0.0128927 
-0.0460817 -0.043088 0.0262 
-0.0316503 -0.0496 -0.00176175 
-0.0466221 -0.0536617 -0.0208314 
-0.0442082 -0.018765 -0.0232034 
-0.0538499 -0.0514739 0.00617867 
-0.0292185 -0.0219261 0.0255777 
-0.0352298 -0.0501397 0.009771999999999999 
-0.0515027 -0.0238149 -0.0261063 
-0.040239 -0.0185066 0.0228666 
-0.0447657 -0.052291 -0.0069175 
-0.0492712 -0.0250822 -0.0273508 
-0.0331072 -0.0442 0.0167922 
-0.0314584 -0.0456391 -0.0261297 
-0.0505316  -0.02 0.00877197 
-0.0536888 -0.0349062 0.0236574 
-0.045658 -0.021073 0.0251662 
-0.0518499 -0.0356734 -0.0246999 
-0.0275689 -0.039563 -0.0262 
-0.0344502 -0.0442 0.0168188 
-0.0260363 -0.0299165 0.0236192 
-0.039986 -0.0473599 -0.0238483 
-0.0337322 -0.0185822 -0.0032945 
-0.0367894 -0.0326882 0.0232 
-0.0300239 -0.0481412 -0.0164 
-0.0338174 -0.0496 0.0100588 
-0.0268325 -0.0199992 0.0154791 
-0.0401325 -0.0241911 -0.0261586 
-0.0458626 -0.048429 0.0154 
-0.0476438 -0.017 0.0143075 
-0.0391525 -0.0275781 0.0261948 
-0.0289547 -0.0407806 -0.0232 
-0.0441258  -0.02 -0.017308 
-0.0519252 -0.0177759 -0.0216365 
-0.0503794 -0.044 -0.0214884 
-0.052233  -0.02 0.00145446 
-0.0258652 -0.0178256 0.00729246 
-0.0390868 -0.0254272 -0.0232 
-0.034705 -0.0476296 -0.0256118 
-0.0360183  -0.02 0.00563001 
-0.0432376 -0.017 -0.00283513 
-0.0397422 -0.017 -0.00225356 
-0.0270512 -0.0383293 0.0262 
-0.0536099 -0.0499506 0.0020655 
-0.0416974 -0.0496 -0.0154478 
-0.0469454 -0.0171296 -0.00425201 
-0.0423032 -0.0526 -0.00684665 
-0.0370886 -0.0496 -0.0056132 
-0.0321793 -0.0240296 -0.0261336 
-0.0529493 -0.0170054 -0.000748113 
-0.0258499 -0.0421943 0.024472 
-0.0364356 -0.0194962 -0.0136471 
-0.0395535 -0.0208522 0.025034 
-0.0453203 -0.035531 -0.0301877 
-0.0491375 -0.0526 0.014327 
-0.0297839 -0.0405869 -0.0262 
-0.0305136 -0.0388611 0.0262 
-0.0280205  -0.02 0.00229107 
-0.0365478 -0.0192579 0.00433729 
-0.0538499 -0.0186727 -0.00595567 
-0.0258537 -0.0447953 0.0241131 
-0.0384564 -0.0287894 -0.0232 
-0.0357436 -0.0292914 0.0262 
-0.0487037  -0.02 -0.00476503 
-0.0426362 -0.046 -0.0174131 
-0.0503948 -0.0314622 0.0232 
-0.0347534 -0.04329 0.0262 
-0.0352721 -0.0200941 -0.0245098 
-0.043049 -0.0492354 0.0247201 
-0.0339574 -0.0374838 0.0262 
-0.0525827 -0.0284871 0.0262 
-0.0461776 -0.0496 0.00749857 
-0.036329 -0.0256545 0.0232 
-0.0413491 -0.0372414 -0.0262 
-0.0316094 -0.0277402 0.0232 
-0.0337325 -0.0526 0.00538139 
-0.0300119 -0.0496 0.00512145 
-0.0521668  -0.02 0.00367217 
-0.0405277 -0.0514358 0.0223451 
-0.0498394 -0.017 -0.00299168 
-0.0327403 -0.0526 0.0172533 
-0.0353707 -0.0526 -0.008710860000000001 
-0.0424986  -0.02 0.0166302 
-0.0356964 -0.0526 0.00143803 
-0.0417144 -0.0419444 -0.0262 
-0.0535388 -0.0523238 -0.0112324 
-0.0420406 -0.0526 0.0158189 
-0.047239 -0.017 0.008860639999999999 
-0.0392908 -0.0435436 -0.0232 
-0.0278452 -0.017 -0.00908842 
-0.0261729 -0.0178255 0.0210719 
-0.0258499 -0.0460937 -0.0231351 
-0.0445264 -0.017 -0.0180204 
-0.0258499 -0.051248 -0.00195339 
-0.0481937 -0.042586 0.0232 
-0.0337239 -0.0506521 -0.0115027 
-0.0523553  -0.02 -0.0101877 
-0.0267813 -0.019997 0.000895565 
-0.039985 -0.0496 -0.0134687 
-0.0423353 -0.0526 -0.0020366 
-0.0475782 -0.0365589 0.0262 
-0.0272956 -0.018374 0.0226744 
-0.0429597 -0.036729 -0.0232 
-0.0437704 -0.025884 -0.0296795 
-0.043606 -0.0187788 0.0129819 
-0.0404229 -0.0278603 -0.0262635 
-0.0432057 -0.0481213 0.0192433 
-0.0506483 -0.017 0.0121202 
-0.0295139 -0.0496 0.0113134 
-0.0422249 -0.032663 -0.0232 
-0.0401659 -0.0479155 0.016013 
-0.0488172 -0.0496 -0.0103585 
-0.0530696 -0.032786 0.0232254 
-0.0462641 -0.017 0.0177194 
-0.0469457 -0.0526 0.0173033 
-0.0398338  -0.02 -0.00435561 
-0.0368375 -0.0174401 0.00405356 
-0.0392173 -0.0495846 0.0244545 
-0.0338648 -0.0221141 -0.0222828 
-0.0471053 -0.017319 -0.0204345 
-0.0351847 -0.0193506 0.00972786 
-0.0357157 -0.0172372 -0.0201298 
-0.0436096 -0.0237564 0.0260976 
-0.052969 -0.017008 0.0154661 
-0.0521013 -0.0496 -0.0101036 
-0.0471898 -0.0314375 -0.0290153 
-0.0533929 -0.0198386 0.0155556 
-0.0435388 -0.0213067 -0.0252879 
-0.0327988 -0.0513225 -0.0124086 
-0.0269773 -0.017 -0.0045585 
-0.0388481 -0.0215291 -0.0217964 
-0.0500205 -0.0239131 -0.0230799 
-0.0492502 -0.0188648 -0.0233334 
-0.0322877 -0.0526 -0.0171217 
-0.0471912 -0.0490434 -0.0248621 
-0.0382737 -0.0496948 0.0243664 
-0.0487659 -0.0468363 -0.025882 
-0.050224 -0.0286167 0.0232 
-0.046926 -0.0476584 0.0255848 
-0.0337929 -0.0274495 0.0232 
-0.0502206  -0.02 0.00112618 
-0.0284632 -0.0269628 -0.0262 
-0.0295753 -0.046 -0.0180025 
-0.0294328 -0.0526 0.0169892 
-0.0306786 -0.0432845 0.0232 
-0.0493707 -0.0506383 -0.0234644 
-0.0389906 -0.0306932 0.0232 
-0.0422211 -0.0490702 0.0234196 
-0.0309922 -0.0171877 -0.019922 
-0.0267279 -0.0182543 -0.0224865 
-0.0323334 -0.017 -0.0050265 
-0.0348384 -0.048259 -0.0253243 
-0.0278078 -0.017 0.00355149 
-0.0376043 -0.0526 -0.00398044 
-0.0516292  -0.02 0.00248879 
-0.0386323 -0.0526 0.0115229 
-0.0269965 -0.0496 -0.0106619 
-0.0421237 -0.0526 0.00985075 
-0.026209 -0.046127 0.0156325 
-0.0538174 -0.0503483 -0.009613699999999999 
-0.0365623 -0.0526 0.00905506 
-0.0364301 -0.0359508 -0.0262 
-0.0518499 -0.0357692 -0.0248521 
-0.0453728 -0.0284461 0.0262 
-0.0319235 -0.0339551 -0.0232 
-0.0314333 -0.0396698 -0.0262 
-0.0376728 -0.0453414 -0.0261674 
-0.0369211 -0.0527532 -0.0222 
-0.0356583 -0.0448266 -0.0183 
-0.0312757 -0.0442 0.0190523 
-0.041147 -0.0376984 -0.0232 
-0.053241 -0.0525194 0.00353859 
-0.0537452 -0.0194439 -0.0169534 
-0.0269806 -0.0457786 -0.0185199 
-0.0538477 -0.045149 0.020384 
-0.0333814 -0.0176882 -0.0137619 
-0.0297411 -0.0473147 0.0154 
-0.0382285 -0.0526 -0.00127937 
-0.0525212  -0.02 -0.00251483 
-0.042067 -0.0496 0.006527 
-0.0478895 -0.0225866 0.0225752 
-0.0355376 -0.0432964 0.0262 
-0.0340593 -0.0374267 0.0232 
-0.0426555 -0.0249509 0.0231979 
-0.0401677 -0.0496 -0.007871589999999999 
-0.0518691 -0.0194538 -0.0239583 
-0.030369 -0.047757 -0.0255554 
-0.0393128 -0.030536 0.0232 
-0.0427446 -0.0333664 0.0232 
-0.0443609 -0.0314918 -0.0262 
-0.0259582 -0.0520507 -0.0221383 
-0.0414123 -0.0496 0.008970779999999999 
-0.0279953 -0.0526 0.00511483 
-0.0431523 -0.0265308 -0.0290642 
-0.0499066 -0.0292354 -0.0262 
-0.0379778 -0.017 0.00307354 
-0.0453666 -0.0199457 -0.0243959 
-0.0298219 -0.017 0.00277205 
-0.0471731  -0.02 0.00025003 
-0.05014 -0.0224556 0.0225018 
-0.0350534 -0.0528049 -0.0222 
-0.0525744 -0.0248446 -0.0261934 
-0.0530826 -0.0401488 0.0261717 
-0.0330562 -0.0524796 0.0195807 
-0.0500885 -0.0176199 -0.0212838 
-0.0442088 -0.0242194 -0.0285431 
-0.0299651 -0.036337 0.0232 
-0.0277776 -0.017 0.0158348 
-0.0323811 -0.0425702 -0.0262 
-0.0420813 -0.0442 0.0158725 
-0.0258701 -0.020748 0.0239995 
-0.0466348 -0.0501297 0.0124521 
-0.0489122 -0.0264288 0.0262 
-0.0456214 -0.0239993 0.0261296 
-0.0390188 -0.0242695 -0.0261652 
-0.051975 -0.0356235 0.0232 
-0.035721 -0.0256632 -0.0259396 
-0.041418 -0.0442 0.021783 
-0.0332828 -0.0186844 0.0109347 
-0.0496696 -0.017 0.00268447 
-0.0353104 -0.0505273 0.009850950000000001 
-0.0426728 -0.0501525 -0.013068 
-0.0481601 -0.0282512 -0.0262979 
-0.0393598 -0.0482923 -0.0252998 
-0.0384467 -0.0206757 0.0249216 
-0.0502502 -0.0496 -0.00562782 
-0.0437243 -0.0454559 0.0261537 
-0.0496411 -0.0496 0.00342978 
-0.0533024 -0.0206634 0.0208929 
-0.0300393 -0.035509 0.0232 
-0.0290504 -0.017 0.0033727 
-0.0538499 -0.0507673 -0.0213146 
-0.0285992 -0.0295934 -0.0262 
-0.0466435 -0.0352525 0.0232 
-0.0498378 -0.017 0.0143368 
-0.0304449 -0.0479373 -0.0254802 
-0.0446554 -0.0517366 -0.0105905 
-0.0430327 -0.0476902 -0.0255822 
-0.0384781 -0.0526 -0.0148062 
-0.0518933 -0.0382619 0.0262 
-0.0475489 -0.0293395 -0.0298903 
-0.0259001 -0.0457786 0.0254109 
-0.0493636 -0.0526 -0.0124157 
-0.041581 -0.0486022 0.0176 
-0.0388668 -0.0211761 0.0252199 
-0.0374871 -0.0210184 0.0251378 
-0.0424965 -0.0496 -0.00563616 
-0.0395136  -0.02 0.00742248 
-0.0323869 -0.0442 0.0211403 
-0.0360651  -0.02 0.00753191 
-0.0530771 -0.0525729 -0.00858971 
-0.035681  -0.02 -0.000613905 
-0.0280969 -0.0202687 0.0198061 
-0.0339092 -0.017 -0.00997579 
-0.0258499 -0.0453595 0.0183877 
-0.0293343  -0.02 0.00601278 
-0.0429599 -0.0526 -0.00539625 
-0.0284092  -0.02 -0.0109609 
-0.0354038 -0.017 0.0168891 
-0.030375 -0.0336767 0.0262 
-0.0260717 -0.0466648 -0.019092 
-0.0502725 -0.0526 -0.0173081 
-0.0361859 -0.0472151 0.0154 
-0.0302809  -0.02 -0.00770019 
-0.0454578 -0.017 -0.0167195 
-0.0532785 -0.0199032 0.0164172 
-0.0334617 -0.0340584 -0.0232 
-0.053749 -0.0194364 -0.00151576 
-0.0364457 -0.0186772 -0.0230889 
-0.0536329 -0.0526341 -0.0222 
-0.0470478 -0.0345988 0.0262 
-0.0518499 -0.0431283 -0.024189 
-0.0356453 -0.0337915 -0.0262 
-0.0413571 -0.017 -0.00780063 
-0.0337405 -0.0534681 -0.0206898 
-0.0269813 -0.0435887 -0.0232 
-0.037188  -0.02 -0.0180687 
-0.0529044 -0.0207516 -0.0249699 
-0.0513496 -0.0526 0.0136019 
-0.0538499 -0.0182457 0.0107298 
-0.0381039 -0.017 0.0140191 
-0.0538209 -0.0222652 0.0232686 
-0.0525279 -0.0257155 0.0262 
-0.0381454 -0.0183423 0.0226246 
-0.0355987  -0.02 0.0138949 
-0.034026 -0.0323518 0.0232 
-0.0261647 -0.0212056 -0.0218564 
-0.0407342 -0.0369494 0.0232 
-0.0439439 -0.0526 -0.0155273 
-0.0427612 -0.0283586 0.0262 
-0.0302754 -0.0526 -0.00564171 
-0.0518094 -0.0526 0.008244430000000001 
-0.0433422 -0.0223945 -0.0257587 
-0.0532808 -0.017098 0.0141765 
-0.0374191  -0.02 0.0114957 
-0.0346239 -0.0251466 -0.0262 
-0.0329537 -0.0525368 -0.0133431 
-0.0346939 -0.0459744 0.0154 
-0.0366186 -0.0442 0.0187945 
-0.0510047  -0.02 -0.0179866 
-0.053502 -0.0209906 -0.021572 
-0.0333074 -0.0496 0.00153336 
-0.034664 -0.044 -0.0191486 
-0.0432232 -0.017 0.0167875 
-0.0505199  -0.02 0.00896918 
-0.0263421 -0.0207955 -0.0249979 
-0.0430108 -0.0410902 -0.0262 
-0.0276885 -0.017 0.0159882 
-0.0460836 -0.0526 -0.00599696 
-0.0316853  -0.02 0.000641583 
-0.0381294 -0.017 -0.00922809 
-0.0275818 -0.0192289 0.0237322 
-0.0351239 -0.0442 0.0210027 
-0.0538499 -0.0192757 -0.0207418 
-0.0431151 -0.017 0.0179424 
-0.0386769 -0.0529123 -0.0222 
-0.0434673 -0.044 -0.0189921 
-0.0439955 -0.0521581 0.0208076 
-0.0523613 -0.0526 0.00327745 
-0.0373075 -0.0315075 -0.0262 
-0.0497999 -0.0526 -0.0136502 
-0.038741 -0.0496 -0.0145361 
-0.0382033 -0.0361508 0.0262 
-0.0385506 -0.0496 -0.00319752 
-0.0426465 -0.0279947 -0.0264994 
-0.0258499 -0.0278541 0.0242708 
-0.0392741  -0.02 -0.00231649 
-0.0461428 -0.0293335 -0.0290592 
-0.027056 -0.0224012 0.0224672 
-0.0396196  -0.02 -0.008959119999999999 
-0.0509339 -0.017 0.00719552 
-0.0305782 -0.0526 0.0153462 
-0.0387398  -0.02 0.00944298 
-0.042368 -0.0377626 0.0262 
-0.0272951 -0.0496 -0.0126576 
-0.0477011 -0.0493963 -0.0246106 
-0.0359315 -0.044 -0.0215671 
-0.02667 -0.0479449 -0.025475 
-0.0285378 -0.05361 -0.0207846 
-0.0283443 -0.0377073 -0.0262 
-0.039338 -0.0500839 -0.0240384 
-0.0472874 -0.0507057 -0.012787 
-0.0479714 -0.0304058 0.0232 
-0.0258499 -0.0458144 0.0215386 
-0.0421335 -0.0457712 0.0221921 
-0.0470124 -0.033612 -0.0301891 
-0.0356195 -0.0204556 -0.0202843 
-0.0258515 -0.0475264 -0.0177881 
-0.0391536 -0.0526 0.0104745 
-0.0466686 -0.0187102 -0.00521904 
-0.0536505 -0.0196736 0.0190908 
-0.0365716 -0.035177 0.0232 
-0.0411604 -0.0428446 0.0262 
-0.0523002  -0.02 -0.0118926 
-0.0258499 -0.0184278 0.0134102 
-0.0322203 -0.0170158 0.0185616 
-0.0450498  -0.02 -0.0171599 
-0.0294833 -0.0526 0.0142833 
-0.0266482 -0.0170211 0.00706799 
-0.0481767 -0.0184104 0.0227314 
-0.0345324 -0.027363 -0.0232 
-0.0422304 -0.0458753 -0.0260988 
-0.0331068 -0.0427688 -0.0232 
-0.0452304 -0.02028 0.0198418 
-0.0301749 -0.0409639 0.0262 
-0.0429585 -0.0433424 0.0262 
-0.0264381 -0.0329099 -0.0262 
-0.0275806  -0.02 -0.0151612 
-0.0355864 -0.0340198 0.0232 
-0.0289799 -0.0432412 -0.0232 
-0.0345604 -0.0388799 0.0262 
-0.0449006 -0.0175781 0.00124959 
-0.0321821 -0.0472733 0.0257397 
-0.0426381 -0.0171281 0.0196189 
-0.0391202 -0.0347371 0.0262 
-0.0431181 -0.0176151 0.00430414 
-0.0514362  -0.02 0.000894267 
-0.0446755  -0.02 0.0174504 
-0.0258531 -0.0516722 -0.0068462 
-0.0261304 -0.038603 0.0258936 
-0.0456279 -0.050235 0.0238768 
-0.0479968  -0.02 -0.008430490000000001 
-0.0284993 -0.017 0.00624062 
-0.0532139 -0.0199306 -0.0020482 
-0.0454661 -0.0219739 0.0221743 
-0.051794  -0.02 0.00114362 
-0.0518499 -0.0362465 -0.0232971 
-0.0538492 -0.0516154 0.00203486 
-0.0507877 -0.0206738 0.0249204 
-0.0357583 -0.0194954 0.0102896 
-0.0264387 -0.019911 -0.0172783 
-0.0398484 -0.0438818 -0.0232 
-0.0400238 -0.0442 0.0203366 
-0.0472375 -0.0526 -0.00476409 
-0.0400328 -0.0496 -0.0101826 
-0.0419482 -0.0249454 0.0231976 
-0.0364868 -0.0524425 -0.00380294 
-0.0491466 -0.0377586 0.0232 
-0.0374879 -0.017 -0.0154973 
-0.032645 -0.0488588 0.0154 
-0.0491328 -0.0220086 -0.0222056 
-0.040382 -0.0455658 0.0247832 
-0.0349023 -0.0515716 0.0221167 
-0.0403914 -0.0456259 -0.0261355 
-0.0322416 -0.0489802 -0.0249051 
-0.0445159 -0.0282063 -0.0277154 
-0.0320577 -0.0218512 -0.0220812 
-0.0292819 -0.017 -0.00745768 
-0.0258499 -0.0470953 -0.0246478 
-0.0511544 -0.0496 -0.00113965 
-0.0508414 -0.0325025 0.0262 
-0.0419835 -0.0180576 -0.0221749 
-0.0476029 -0.0259048 0.0262 
-0.0286208 -0.0496 -0.0137401 
-0.0270408 -0.0524267 0.0198226 
-0.040149 -0.0526 0.00237709 
-0.0531905 -0.0170599 0.0031641 
-0.0363199 -0.0311442 -0.0232 
-0.0517093 -0.0517565 -0.0222 
-0.0353779  -0.02 0.0180477 
-0.0367084 -0.0421305 -0.0232 
-0.0282909 -0.0526 -0.0128112 
-0.0509587 -0.0526 -0.00961153 
-0.0258499 -0.0180911 0.00812038 
-0.0421724 -0.0496 -0.00737912 
-0.0258499 -0.0512122 0.0107385 
-0.0325761  -0.02 -0.00534827 
-0.0354197 -0.0466472 -0.0220076 
-0.0509498 -0.0536841 -0.0219455 
-0.0357584 -0.0231468 0.0259756 
-0.0313824 -0.0496 -0.013577 
-0.0439824 -0.0442 0.0188652 
-0.0463724 -0.017 -0.0137133 
-0.0285018 -0.0395651 -0.0262 
-0.0516263 -0.0258255 0.0262 
-0.028296 -0.0538951 -0.0198867 
-0.0328051  -0.02 0.0111001 
-0.0523489 -0.0416886 0.0262 
-0.0422879 -0.044 -0.0189455 
-0.0495899 -0.0359812 -0.0262 
-0.0478287  -0.02 -0.0116802 
-0.0292134 -0.017 0.00143316 
-0.0381195  -0.02 -0.007882790000000001 
-0.0389717  -0.02 -0.008414329999999999 
-0.0537478 -0.0520388 0.0134335 
-0.027086 -0.0268297 0.0262 
-0.048867 -0.0526 0.00337934 
-0.0442674 -0.0193295 0.00177039 
-0.0452715  -0.02 0.0141107 
-0.0299763 -0.017 -0.0121325 
-0.0538238 -0.0192229 -0.00371146 
-0.0353303 -0.0518087 -0.0147296 
-0.0524882 -0.0526 0.00661309 
-0.02896 -0.0469066 -0.0164 
-0.0375016 -0.0297625 -0.0232 
-0.0468239 -0.033915 -0.0232 
-0.0403814 -0.0181241 -0.022282 
-0.0329122 -0.0510211 0.00410249 
-0.0378187 -0.0496 0.00672531 
-0.027103 -0.017 0.0156798 
-0.0408076 -0.0525814 0.0186261 
-0.030477 -0.0483388 -0.0164 
-0.0518499 -0.0392367 -0.023776 
-0.0372583 -0.0187397 0.0117585 
-0.0288937  -0.02 0.000143926 
-0.053159 -0.0496515 0.0243351 
-0.0313036  -0.02 -0.00903344 
-0.0317127 -0.0309683 -0.0232 
-0.0355074 -0.0350399 -0.0232 
-0.0438675 -0.0368077 -0.0262 
-0.0440848 -0.0401048 -0.0232 
-0.0487958 -0.0526 -0.00504335 
-0.0453541 -0.0517959 0.00169373 
-0.0484951 -0.0496 -0.00146307 
-0.0417139 -0.0526 0.0142052 
-0.0444072 -0.017 0.00830793 
-0.0472979 -0.0365642 0.0232 
-0.0518499 -0.0303376 -0.0249022 
-0.041463 -0.0335216 0.0262 
-0.0390911 -0.0504664 0.0236282 
-0.027669 -0.0445566 -0.0232 
-0.0522425 -0.0499714 0.0241184 
-0.0494932 -0.0526 -0.0146229 
-0.0473461 -0.0335596 0.0232 
-0.0359248  -0.02 0.0152505 
-0.0299327 -0.0217721 0.0220174 
-0.0287218 -0.0446 -0.0229536 
-0.0426812 -0.0269586 -0.0232 
-0.0303869 -0.017 -0.00214935 
-0.0390536 -0.0526 0.0101697 
-0.0376336 -0.0232003 0.0259874 
-0.0258499 -0.0309506 -0.0258529 
-0.0323667 -0.017 0.009524039999999999 
-0.0538499 -0.0513512 -0.00935856 
-0.0360833 -0.0507634 -0.00579214 
-0.0318853 -0.0265685 0.0232 
-0.0302777 -0.0496 0.00488323 
-0.0374154 -0.046 -0.0167267 
-0.0425631 -0.0254167 0.0262 
-0.0312136 -0.0170187 -0.0186413 
-0.0528617 -0.0215297 -0.0217967 
-0.0399327 -0.0496 0.00398765 
-0.0348455 -0.0503549 -0.0237737 
-0.0290235 -0.0256335 -0.0232 
-0.0412923 -0.0442 0.0175975 
-0.0462569 -0.0526 0.00558078 
-0.0354179 -0.0364728 0.0232 
-0.0349292 -0.0478794 0.0154 
-0.0357496 -0.0408765 -0.0232 
-0.0300765 -0.0460537 -0.0260706 
-0.0511685 -0.0298367 0.0232 
-0.0368033 -0.017 -0.0166385 
-0.0538499 -0.0206826 -0.0245911 
-0.0413703 -0.0526 -0.008101509999999999 
-0.0274341 -0.0349695 -0.0232 
-0.0310858 -0.0526 -0.00282845 
-0.0360443 -0.017 -0.0163845 
-0.0352734 -0.0199104 -0.0108147 
-0.036785  -0.02 0.0170468 
-0.0493551 -0.017 -0.009019279999999999 
-0.0463981 -0.0236909 -0.0230253 
-0.0479239 -0.0394909 0.0262 
-0.0357969 -0.017 -0.008207300000000001 
-0.049072 -0.0478255 0.0255148 
-0.0280957  -0.02 -0.000851188 
-0.0354387 -0.0402904 -0.0262 
-0.0275465 -0.045594 -0.0210715 
-0.0498933 -0.0174575 -0.0208629 
-0.0310775 -0.0405561 -0.0232 
-0.0340747 -0.0225594 0.0225611 
-0.0333702 -0.0197014 0.00264899 
-0.0467901 -0.021286 0.0215408 
-0.0447852 -0.0357042 -0.0232 
-0.0266774 -0.0528417 -0.018683 
-0.0485652 -0.0346779 -0.0301467 
-0.0464942  -0.02 -0.00771397 
-0.0333926 -0.0200012 -0.0182269 
-0.0425417 -0.0199292 -0.0126604 
-0.0471183 -0.0414533 -0.0232 
-0.0312473  -0.02 -0.0157549 
-0.0398804 -0.0496 0.0126611 
-0.0508365  -0.02 -0.0111519 
-0.0410098 -0.0345556 0.0262 
-0.0461553 -0.044 -0.0210118 
-0.0538499 -0.0186131 -0.00472812 
-0.0309221 -0.0526 0.00477287 
-0.0401501  -0.02 0.00757718 
-0.0471555 -0.0519371 -0.00474223 
-0.0475887 -0.0537825 -0.0209839 
-0.0477275 -0.0496 -0.00342052 
-0.0406298 -0.0526 -0.0149502 
-0.0308187 -0.033629 0.0232 
-0.0338848 -0.0331126 0.0232 
-0.0380732 -0.0442 0.0186023 
-0.0465544 -0.0396481 -0.0232 
-0.0538499 -0.0189086 -0.0210388 
-0.0284425  -0.02 -0.00158005 
-0.0258499 -0.0513513 0.00755416 
-0.0343001 -0.0524293 0.00173845 
-0.0527472 -0.0526 -0.0160139 
-0.0297063 -0.0489992 -0.0248888 
-0.0475589 -0.0242714 0.0261654 
-0.052701 -0.0242759 0.023143 
-0.0259197 -0.0193649 0.0120906 
-0.0478927 -0.0526 0.00592525 
-0.0374151  -0.02 -0.0102895 
-0.0485533 -0.0200124 0.0184835 
-0.0326319  -0.02 -0.0063709 
-0.0418973 -0.044 -0.0201491 
-0.0288723 -0.0253408 0.0232 
-0.0438143 -0.0174361 -0.0207987 
-0.0470613 -0.0185717 -0.0229514 
-0.0521709 -0.0452252 0.0261727 
-0.0409731  -0.02 0.00185819 
-0.0376999 -0.039378 0.0232 
-0.0353775 -0.0527471 -0.0222 
-0.048892 -0.0526 -0.0129255 
-0.0297022 -0.0474385 -0.0256869 
-0.0258713 -0.0484755 -0.0171984 
-0.0291842 -0.0463931 -0.0259937 
-0.036516 -0.0512138 0.0110316 
-0.0390606 -0.0352022 0.0232 
-0.028056 -0.0526 0.00832691 
-0.0487849 -0.0496 0.00206646 
-0.0512349 -0.0337915 -0.0232 
-0.0333354 -0.0496 -0.00945086 
-0.0341254 -0.018862 0.0101095 
-0.0407523 -0.0399077 0.0232 
-0.0479395 -0.029519 -0.0262 
-0.0278075 -0.0526 -0.00482057 
-0.0304293 -0.017 0.00776004 
-0.0476963 -0.0201165 0.0192509 
-0.04233 -0.0526 -0.0129828 
-0.051081 -0.0258219 -0.0232 
-0.0288577 -0.0242781 0.0231433 
-0.0434392 -0.0526 -0.0079191 
-0.0316996 -0.0496 -0.0103927 
-0.0335241 -0.0512479 -0.0139016 
-0.0278737 -0.0526 0.00724458 
-0.0538499 -0.0515881 -0.0188063 
-0.0342808 -0.0526 0.0152662 
-0.046849 -0.0496 -0.000683742 
-0.0475159 -0.0477983 -0.0164 
-0.0538499 -0.0490951 0.0205669 
-0.0398362 -0.017 0.0166922 
-0.0451541 -0.0483709 -0.0164 
-0.0314448 -0.0401619 0.0262 
-0.0433094 -0.0496 0.00230775 
-0.0537545 -0.0501741 0.0128743 
-0.0266669 -0.0199827 -0.000285096 
-0.0477707 -0.021736 -0.0219871 
-0.0303855 -0.018831 0.0232893 
-0.0480478 -0.0336802 -0.0301891 
-0.0374835 -0.017 0.0133461 
-0.0526575 -0.0172828 -0.0203081 
-0.0487328  -0.02 0.00521833 
-0.0359598 -0.0522885 0.00491315 
-0.0421699 -0.0477442 0.0159445 
-0.0488809 -0.0170328 -0.0189233 
-0.0524828 -0.0488129 -0.0187674 
-0.0456696 -0.0475894 -0.0256238 
-0.0497296 -0.0327208 0.0232 
-0.0458053 -0.046 -0.0178372 
-0.0479323 -0.0293411 -0.0292413 
-0.0258663 -0.0242788 -0.0239708 
-0.0470993 -0.0406276 -0.0262 
-0.0461005 -0.017 -0.0172316 
-0.0334621 -0.018815 0.0232685 
-0.0444602 -0.0365316 -0.0272207 
-0.0356406 -0.0496 -0.00846419 
-0.0456969 -0.0483271 -0.0252855 
-0.0454316 -0.0518447 -0.00276964 
-0.0306151 -0.0291818 0.0262 
-0.0317601 -0.0488109 0.0154 
-0.0478255 -0.0441654 0.0262 
-0.0506044 -0.017 0.00379871 
-0.0287654  -0.02 0.0123652 
-0.0309722 -0.0479176 0.0254788 
-0.0440992 -0.0181475 0.0101352 
-0.0484248 -0.0209015 -0.0250655 
-0.0295598 -0.0382994 -0.0232 
-0.0335659 -0.0526 0.00477064 
-0.0279065 -0.0442 0.0198253 
-0.0438793 -0.0513636 0.0103504 
-0.0508717 -0.0429689 0.0262 
-0.046953 -0.0399431 -0.0262 
-0.0283223 -0.0239438 0.0230824 
-0.0262636 -0.0198094 0.00470518 
-0.0307578 -0.017 0.00734147 
-0.031086 -0.0526 -0.0134803 
-0.0275049 -0.017 -0.0172697 
-0.0391059 -0.0526 0.00189576 
-0.0477858 -0.0172922 0.0203329 
-0.0486294 -0.0477587 -0.0164 
-0.0510561 -0.0271622 0.0232 
-0.0301642 -0.0200479 -0.018856 
-0.0453394 -0.0338554 0.0232 
-0.032299 -0.0526 0.0106817 
-0.0430048 -0.0351138 -0.0287209 
-0.0518499 -0.0476334 -0.0215339 
-0.035769 -0.0496 -0.00114029 
-0.0391525 -0.0480781 0.0221117 
-0.0362338 -0.0196294 0.00255524 
-0.0404667 -0.0250387 0.0232887 
-0.0478885 -0.0478758 0.025494 
-0.0389881 -0.021047 -0.0251527 
-0.0449815 -0.017 7.43447e-05 
-0.046689 -0.0228966 0.0227355 
-0.0258874 -0.0177302 -0.0111903 
-0.0461032 -0.0496 -0.00181795 
-0.0317655 -0.0297938 0.0262 
-0.0538499 -0.0431658 0.0246307 
-0.0439335 -0.0467618 0.0258986 
-0.0428513 -0.0526 0.0179379 
-0.0525564 -0.0526 -0.0129424 
-0.0532124 -0.0305349 0.0261312 
-0.0469838 -0.0232218 0.0259922 
-0.0258499 -0.0257315 -0.0254314 
-0.0414392 -0.0462502 -0.0260262 
-0.0258499 -0.0479743 -0.022584 
-0.046318 -0.0496 0.00710424 
-0.0445836 -0.0211583 -0.0213999 
-0.032913 -0.0264124 -0.0262 
-0.045492 -0.0328821 0.0262 
-0.0506609 -0.046 -0.0177454 
-0.0527689  -0.02 0.0104397 
-0.04885 -0.0526 4.62389e-05 
-0.0385837 -0.0340576 -0.0232 
-0.0371501  -0.02 0.0154108 
-0.0522195 -0.0496 -0.000560629 
-0.0493825 -0.017 -0.00658545 
-0.0424836 -0.0520396 0.0118827 
-0.0293123 -0.0280127 0.0262 
-0.0417633 -0.0455822 0.023565 
-0.0339423 -0.0239219 -0.0230788 
-0.0375063  -0.02 0.012092 
-0.0510038 -0.017 0.0157484 
-0.0422365 -0.0508759 -0.0231784 
-0.0339312 -0.0190494 -0.0112997 
-0.0387585 -0.0182637 -0.0225012 
-0.0508248 -0.035706 -0.0232 
-0.0262034 -0.0197626 -0.00325514 
-0.0338912 -0.017 0.0134124 
-0.0258638 -0.0341879 0.0253636 
-0.0368875 -0.0173694 -0.00419538 
-0.0495026 -0.0394119 0.0232 
-0.0478506 -0.01706 0.0191221 
-0.0465897 -0.0511676 -0.00390375 
-0.0258499 -0.0186997 -0.00171163 
-0.0282656 -0.0459673 0.0260818 
-0.048781  -0.02 0.0147493 
-0.0314768  -0.02 -0.000314042 
-0.0352898  -0.02 -0.00695869 
-0.0364495 -0.0435631 -0.0262 
-0.0509422 -0.022973 0.0227672 
-0.0466738 -0.0538441 -0.0211081 
-0.053669 -0.0500264 -0.00744092 
-0.0297997 -0.0313245 -0.0232 
-0.0327141 -0.0526 -0.0160549 
-0.0473993 -0.017 0.008968200000000001 
-0.0420968 -0.0526 3.01062e-06 
-0.0446158 -0.02583 -0.03019 
-0.0333285 -0.017 0.00668153 
-0.0453611 -0.0285923 0.0232 
-0.0432052 -0.0471739 -0.0257756 
-0.0272815 -0.0436399 0.0262 
-0.0258539 -0.027937 -0.0241115 
-0.0262185 -0.0334766 -0.0262 
-0.0534395 -0.0524069 0.00368664 
-0.03536 -0.0275991 -0.025255 
-0.0431797 -0.051722 -0.00383558 
-0.0492446 -0.0347219 -0.0277498 
-0.0258604 -0.0316511 0.0240618 
-0.0471557 -0.0235061 -0.0229705 
-0.0335865 -0.0200062 -0.0183413 
-0.0263708 -0.0524769 0.0126057 
-0.0364152 -0.0476304 0.0154 
-0.0297588 -0.0369338 0.0262 
-0.0367845 -0.0501909 0.0123055 
-0.0320438 -0.0496 0.00820477 
-0.0518499 -0.0330345 -0.0248219 
-0.0518499 -0.0377501 -0.025804 
-0.0302417 -0.0526 0.000348671 
-0.0416778  -0.02 -0.0024092 
-0.0482239 -0.0365477 -0.0273148 
-0.0341372 -0.0442 0.0214874 
-0.048834 -0.0526 0.00473891 
-0.0503963 -0.0496 0.0119814 
-0.0369778 -0.017 -0.009526130000000001 
-0.0325064 -0.0321997 0.0262 
-0.0258712 -0.0518014 0.0127319 
-0.0538499 -0.0514562 -0.00510578 
-0.0451449 -0.0174424 0.020809 
-0.0408243 -0.0526 0.016157 
-0.0306164 -0.0180542 -0.0221689 
-0.0431061  -0.02 -0.00927148 
-0.0426097 -0.0497795 0.0242943 
-0.0375063 -0.0496 -0.00269425 
-0.0477796 -0.0208761 -0.0210269 
-0.0453599 -0.0334157 -0.0301894 
-0.0385251 -0.017 0.0178862 
-0.0286977 -0.0270928 -0.0232 
-0.0506595 -0.017 -0.00280449 
-0.0258499 -0.0325229 -0.0257991 
-0.0398068 -0.0442 0.0201806 
-0.0389197 -0.050709 0.0233635 
-0.0353682 -0.0244759 -0.0261776 
-0.0511258 -0.0526 -0.0156307 
-0.0268525 -0.0453178 0.0261668 
-0.0308013 -0.017 0.0029675 
-0.0457365 -0.0419638 -0.0262 
-0.0379825 -0.0357265 -0.0232 
-0.0317762 -0.0445819 -0.0187007 
-0.0488225 -0.0370897 0.0262 
-0.0516521  -0.02 0.0153011 
-0.0487499 -0.0496 -0.00108327 
-0.0506489 -0.0447277 -0.0261954 
-0.0259943 -0.0521163 -0.0118556 
-0.0505862 -0.0522456 -0.0222 
-0.0461958 -0.036539 -0.0283344 
-0.034953 -0.0170904 0.0193528 
-0.04891 -0.0362899 -0.0265276 
-0.0435803 -0.0496 -0.00683954 
-0.0453876 -0.0496 -0.015992 
-0.0328006 -0.0266288 0.0232 
-0.0535205 -0.0490626 0.0245232 
-0.0513972  -0.02 0.00268515 
-0.0538499 -0.018021 -0.0144951 
-0.0528197 -0.0520379 -0.0222 
-0.04084 -0.0519663 0.0213014 
-0.0475143 -0.0170029 0.0182662 
-0.0272114 -0.017 0.0116157 
-0.0398373 -0.0253612 0.0247274 
-0.049973 -0.0496 -0.007903469999999999 
-0.0529286 -0.0465047 0.0259607 
-0.0415443 -0.0526 0.000927326 
-0.0317703 -0.0496 -0.00176419 
-0.0495359 -0.0537445 -0.0202727 
-0.0365332  -0.02 0.0179947 
-0.029474 -0.0209922 -0.0251232 
-0.0285107  -0.02 -0.0123825 
-0.0493889 -0.0496 0.0112576 
-0.026136 -0.0522997 0.00741726 
-0.0270925 -0.0526 -0.0142847 
-0.0535025 -0.052357 -0.011641 
-0.0537667 -0.0193972 0.00558154 
-0.0411675 -0.0371623 -0.0262 
-0.030702 -0.0177045 0.0214723 
-0.0258667 -0.0517808 0.00854744 
-0.0476755 -0.0255639 -0.0232 
-0.0258499 -0.0443472 -0.0258837 
-0.0427432  -0.02 0.0125741 
-0.0414206 -0.0236098 -0.0230018 
-0.0529527 -0.0525941 0.00625459 
-0.0470553 -0.0536844 -0.0208537 
-0.0470266  -0.02 0.00101063 
-0.0345946 -0.0197123 0.00145003 
-0.0371991 -0.0496 -0.0131162 
-0.0281778 -0.0442 0.0168067 
-0.0421147 -0.0398644 0.0262 
-0.0444034 -0.0192487 0.0137628 
-0.0340005 -0.0526 0.00798987 
-0.0313329 -0.0439988 0.0232 
-0.05117 -0.0257995 0.0232 
-0.0385087 -0.0452477 -0.0261727 
-0.0315665 -0.0496 -0.00156853 
-0.0538499 -0.0468393 0.0164124 
-0.0293958 -0.017 0.0125122 
-0.0405084  -0.02 0.0180364 
-0.0357776 -0.0195663 0.0132916 
-0.0258499 -0.0395083 -0.0258551 
-0.0538499 -0.0202834 -0.0223948 
-0.0535754 -0.0173129 0.00982832 
-0.0449178 -0.0281465 -0.0263615 
-0.0443685 -0.0508428 -0.00267142 
-0.033037 -0.0287375 0.0232 
-0.0369639 -0.017 0.0163552 
-0.0321767 -0.0271879 -0.0262 
-0.0494277 -0.0203796 0.0200985 
-0.0355779 -0.0427823 0.0262 
-0.0310724 -0.0431815 0.0232 
-0.0345855 -0.0418763 -0.0232 
-0.0440674 -0.0519764 0.0134337 
-0.0350896 -0.0496 -0.00907002 
-0.0273334 -0.0401426 0.0232 
-0.0511138 -0.017 -0.00435742 
-0.052315 -0.0202893 -0.0198759 
-0.039498 -0.0526 0.0121787 
-0.0260639 -0.0505682 0.0229221 
-0.0518225 -0.0254718 -0.0232 
-0.0409526 -0.0214601 -0.0217311 
-0.0293503 -0.0231076 -0.0259669 
-0.0320036 -0.017 -0.0158273 
-0.0430749 -0.0496 -0.000378419 
-0.0492124 -0.0357817 -0.0282874 
-0.0405887 -0.0514776 0.0222794 
-0.0357567 -0.0526 -0.0094346 
-0.0371023 -0.0369548 -0.0232 
-0.0416834 -0.0493461 0.020935 
-0.0317478 -0.0217351 -0.0219845 
-0.0351919 -0.0524776 -0.0148651 
-0.0494696 -0.0239625 0.0230865 
-0.0390912 -0.0526 0.00614627 
-0.0441194 -0.0526 0.0161801 
-0.0372047 -0.0496 0.00447462 
-0.046575  -0.02 -0.0148 
-0.0291841 -0.0496 -0.00830645 
-0.0323308  -0.02 0.00297255 
-0.0270766 -0.017035 0.0189318 
-0.0353834 -0.0467327 -0.0222827 
-0.0329438 -0.017 -0.00075699 
-0.0427153 -0.0526 0.000627318 
-0.041573  -0.02 -0.0136713 
-0.0342495 -0.0496628 0.024392 
-0.0372416  -0.02 0.000292563 
-0.0482145 -0.0346079 -0.0232 
-0.0424792 -0.0192718 -0.0128784 
-0.0445271 -0.0496 -0.0152746 
-0.0489662 -0.0319253 0.0262 
-0.0419235 -0.0365208 -0.0263069 
-0.0281572 -0.0526 -0.000355264 
-0.0258499 -0.0423645 -0.0251139 
-0.0388611 -0.0425582 0.0262 
-0.0520663 -0.0442 0.0164935 
-0.038774 -0.0303996 -0.0232 
-0.0459483  -0.02 -0.000162835 
-0.0538035 -0.0435824 0.023902 
-0.0518363 -0.0430162 0.0232 
-0.0322742 -0.0475265 0.0154 
-0.0495093 -0.0387901 0.0262 
-0.02921 -0.0526 0.015517 
-0.0463804 -0.017 -0.00202249 
-0.0402098 -0.0199254 -0.0243803 
-0.0405065 -0.048161 -0.0164 
-0.0488044 -0.0363735 -0.0287842 
-0.0297633 -0.0526 -0.00225624 
-0.0334013 -0.028268 -0.0232 
-0.0538483 -0.0516366 -0.0165146 
-0.0430204 -0.0179253 -0.0121916 
-0.0427603 -0.0442 0.0231853 
-0.0475268 -0.023022 -0.0259479 
-0.0352866 -0.0457597 0.0261113 
-0.0424609 -0.025533 0.0241124 
-0.0517299 -0.0180327 0.0221249 
-0.0494246 -0.0281123 -0.0262 
-0.0264376 -0.0300238 -0.0232894 
-0.0268658  -0.02 -0.0166889 
-0.0469749 -0.0185164 -0.00428092 
-0.0388382 -0.0498996 0.0241842 
-0.050404 -0.0377429 -0.0232 
-0.0472533 -0.0454578 0.0154 
-0.0481163  -0.02 0.0166771 
-0.0519484 -0.0370166 0.0232 
-0.0458467 -0.0347287 -0.0301883 
-0.0472271 -0.0526 -0.0113787 
-0.0365555 -0.0182733 0.0125297 
-0.0372409  -0.02 0.0172106 
-0.0471889 -0.03572 -0.0301874 
-0.0334976 -0.0505962 -0.0035243 
-0.0357711 -0.0496197 0.0103021 
-0.036881 -0.0512299 -0.0227025 
-0.0485788 -0.0370534 -0.0232 
-0.0405583 -0.0193842 -0.0238945 
-0.0430403 -0.0287586 0.0262 
-0.0525872 -0.0453021 0.0261691 
-0.0494379  -0.02 -0.0130692 
-0.041419  -0.02 0.0120667 
-0.0493445  -0.02 -0.00593111 
-0.0486759 -0.0341601 0.0262 
-0.029985 -0.017 0.00919758 
-0.0260119 -0.019544 0.00541157 
-0.0392267 -0.0334706 -0.0232 
-0.042545 -0.0261947 -0.0232 
-0.0459257  -0.02 -0.00106914 
-0.0501245  -0.02 0.00501188 
-0.0323921 -0.0239405 -0.0261219 
-0.0441896 -0.0492122 0.0247365 
-0.0373066 -0.017 -0.00479454 
-0.0398673 -0.0374801 0.0232 
-0.0426508 -0.0189629 -0.00435357 
-0.0518499 -0.0424724 -0.0256487 
-0.0298013 -0.017 -0.00354996 
-0.045618 -0.0538889 -0.0199321 
-0.0407746 -0.0526 -0.00164018 
-0.0473468 -0.044 -0.0183765 
-0.0358687 -0.0192656 0.0103976 
-0.0331338 -0.0442 0.0172036 
-0.0517528 -0.0326338 -0.0232 
-0.028576 -0.017 -0.0168897 
-0.0518499 -0.0461553 -0.0172889 
-0.0434334 -0.0195828 -0.0117872 
-0.0366633 -0.0186458 -0.00397579 
-0.0420123 -0.0442 0.0169298 
-0.0501416 -0.0425536 0.0262 
-0.030841 -0.0297751 -0.0232 
-0.0295088  -0.02 -0.0124399 
-0.0512074 -0.036234 0.0232 
-0.0517155 -0.0304827 0.0232 
-0.0433288 -0.0328989 -0.0289958 
-0.0276856 -0.0327017 0.0262 
-0.0409217 -0.0280405 -0.0232 
-0.0469739 -0.0298051 -0.0262 
-0.0339251 -0.0496 -0.010623 
-0.0258499 -0.0333224 -0.0248648 
-0.0258499 -0.0474341 0.0188212 
-0.0298043 -0.0176718 0.0213933 
-0.0497356 -0.0345529 0.0262 
-0.0448481 -0.0378315 0.0262 
-0.0301214  -0.02 -0.0155419 
-0.0358618 -0.0496 -0.000250625 
-0.0458167 -0.0198807 -0.00314671 
-0.0359654 -0.017 0.00726148 
-0.0538499 -0.0509662 -0.0058318 
-0.0458056 -0.0189777 -0.0142641 
-0.0525305 -0.017 0.0056975 
-0.0502147  -0.02 -0.00295706 
-0.0345742 -0.0536289 -0.0208002 
-0.0444712 -0.0170624 0.00562917 
-0.0326094 -0.0176253 0.021281 
-0.0519091  -0.02 -0.00505878 
-0.0458583 -0.050092 -0.00601246 
-0.0381771 -0.035272 0.0232 
-0.0462309 -0.0171831 -0.00355241 
-0.0273261 -0.0496 -0.00236036 
-0.0454243 -0.0186436 0.0136375 
-0.0341415 -0.0463791 0.0154 
-0.0414834 -0.0207899 0.0249944 
-0.0464647 -0.0202131 0.0246011 
-0.0354345 -0.0277848 -0.0252598 
-0.0315796  -0.02 -0.00454035 
-0.0429814 -0.0526 0.0136716 
-0.0325113 -0.017 0.00637811 
-0.0417065 -0.0202864 -0.0198658 
-0.0474397  -0.02 -0.00343363 
-0.0351039 -0.0517746 -0.00675123 
-0.0265432 -0.0170492 -0.0157963 
-0.0530309 -0.0525832 -0.0122938 
-0.0258499 -0.0180697 -0.0197471 
-0.0379565 -0.0225393 0.0225506 
-0.0360769 -0.0506901 -0.0234079 
-0.036173 -0.0380659 -0.0262 
-0.0339317 -0.0392876 0.0232 
-0.0408217  -0.02 -0.00578348 
-0.0310222 -0.0526 0.000271372 
-0.041824 -0.0526 0.00469235 
-0.0343164 -0.0526 0.00561325 
-0.026087 -0.0173535 0.00624435 
-0.0404535 -0.0526 -0.0126463 
-0.0477324 -0.0209517 0.0211297 
-0.0489715 -0.0496 -0.00157501 
-0.0284089 -0.0453877 -0.0187609 
-0.04906 -0.0442 0.0209603 
-0.0282886 -0.0454165 -0.0185283 
-0.0377005 -0.0404831 -0.0232 
-0.0278756 -0.0219731 0.0255971 
-0.0262005 -0.0411168 0.0259599 
-0.0512857 -0.0451025 0.0154 
-0.0485135 -0.017 0.00121107 
-0.0335081 -0.0185023 -0.003514 
-0.032639 -0.0505508 0.023536 
-0.0347486 -0.0170054 -0.0183803 
-0.0288498  -0.02 -0.0157792 
-0.0386186 -0.0202427 0.0197234 
-0.0391228 -0.044 -0.021336 
-0.047212  -0.02 0.0133304 
-0.0420876 -0.0491584 0.0202232 
-0.0409065 -0.0526 0.0033619 
-0.0474927  -0.02 0.00767579 
-0.0302676 -0.0526 0.00489247 
-0.0340243 -0.0191221 -0.00300851 
-0.0509627  -0.02 0.0116589 
-0.0396843 -0.0470577 -0.0218679 
-0.0372739 -0.0496 0.0105796 
-0.0485956 -0.0330652 -0.0268703 
-0.036485 -0.0508243 -0.00380121 
-0.0469468  -0.02 -0.00267332 
-0.0311962 -0.0421107 -0.0232 
-0.0526451 -0.0242935 0.0231453 
-0.043412  -0.02 -0.00915813 
-0.0391619 -0.0496 0.00619848 
-0.046592 -0.0496 0.0107907 
-0.0358904 -0.0489159 -0.0243605 
-0.0306831 -0.0395679 -0.0262 
-0.0449569 -0.0496942 -0.00230474 
-0.0283769 -0.0496 -0.00611386 
-0.042532 -0.0450493 0.0154 
-0.0534942 -0.0296986 0.0259647 
-0.0502299 -0.0526 0.00199318 
-0.0503647 -0.0432936 -0.0232 
-0.0468397 -0.047346 -0.0257213 
-0.0272714 -0.0526 0.0107272 
-0.0480314 -0.017 -0.0179878 
-0.0496862 -0.0368081 0.0232 
-0.0538499 -0.0509005 -0.0125735 
-0.0430995 -0.019748 -0.00391409 
-0.0488478 -0.0271318 0.0262 
-0.0258844 -0.0192602 -0.00980113 
-0.0487923 -0.0501762 -0.0239561 
-0.0458235 -0.0522359 -0.00604662 
-0.0423879 -0.0459645 0.0222124 
-0.0258499 -0.0487028 -0.0229583 
-0.0360436 -0.0453022 -0.0261703 
-0.035809 -0.0181405 -0.00606082 
-0.0258499 -0.0181202 -0.018421 
-0.0469822 -0.0412709 -0.0232 
-0.0426259 -0.0526 -0.010155 
-0.0338739 -0.0176548 -0.0213584 
-0.0389902 -0.0526 0.0172637 
-0.0394663 -0.0442 0.0221953 
-0.0258499 -0.0184428 0.0168864 
-0.0357588 -0.053821 -0.0194547 
-0.0400401 -0.0478993 0.0154 
-0.0258499 -0.0213365 0.023924 
-0.0278096 -0.0285961 -0.0232 
-0.0455709 -0.0181682 0.013494 
-0.0480537 -0.0247401 0.0261886 
-0.0258935 -0.047167 -0.0181096 
-0.0392475 -0.0232974 0.0229008 
-0.0518499 -0.0268203 -0.0250045 
-0.0339625 -0.0175721 0.00513101 
-0.0364671 -0.0171046 0.0194602 
-0.051871 -0.02086 -0.0210034 
-0.0507472 -0.0371859 -0.0262 
-0.029579 -0.0320088 -0.0232 
-0.0258499 -0.0183294 -0.0157305 
-0.0530991 -0.0425261 0.0232317 
-0.036897 -0.0526 -0.0173832 
-0.0449055 -0.0526 -0.0158742 
-0.0375267 -0.0535915 -0.0220304 
-0.0281947 -0.0508157 -0.0232569 
-0.032389 -0.0496 0.00471307 
-0.045186 -0.0197846 -0.0148708 
-0.0422559 -0.017 -0.00154593 
-0.0433282 -0.0496 0.00261273 
-0.0533567 -0.0496868 -0.0240236 
-0.0535042 -0.0498445 0.01106 
-0.047918  -0.02 -0.00510791 
-0.0457305 -0.017 0.00650403 
-0.0535789 -0.0240788 0.0258209 
-0.0340377 -0.0356373 0.0262 
-0.0538499 -0.0514391 -0.010857 
-0.0287912 -0.0524686 0.0196336 
-0.0294165 -0.0373021 0.0262 
-0.0337819 -0.0182685 -0.0059541 
-0.0436447 -0.0258875 -0.0295538 
-0.0493473 -0.0526 0.00681 
-0.0498854 -0.0187555 0.0231909 
-0.0372247 -0.053661 -0.0219702 
-0.0301107  -0.02 -0.013379 
-0.0484595 -0.0233546 -0.0229203 
-0.0338911 -0.0395356 0.0232 
-0.0267449 -0.042464 -0.0262 
-0.0538499 -0.0184355 -0.0107975 
-0.0285591 -0.0366062 -0.0262 
-0.0299672 -0.0232453 -0.0259974 
-0.027309 -0.0185136 -0.0228756 
-0.0450733 -0.0241348 0.0261474 
-0.0260386 -0.0174159 -0.0197536 
-0.0309184 -0.0496 0.00140624 
-0.0378078 -0.0480707 0.0154 
-0.0365614 -0.0175392 -0.013524 
-0.0279809 -0.017 -0.0179155 
-0.0481433 -0.0526 9.89607e-05 
-0.0529095 -0.0490629 0.015402 
-0.0513924 -0.0523965 0.019959 
-0.0401783 -0.0472891 -0.0257393 
-0.0313006 -0.0284795 0.0262 
-0.0348147 -0.0480203 -0.0164 
-0.0292241  -0.02 -0.008114110000000001 
-0.0397192 -0.0400876 -0.0262 
-0.0500789 -0.0526 -0.0170195 
-0.0333906 -0.0278129 -0.0232 
-0.0456867 -0.0442 0.0178995 
-0.0405129 -0.0228187 -0.0258925 
-0.0453872 -0.0473865 0.0154 
-0.0343971 -0.0508354 0.0137566 
-0.0505067 -0.044 -0.0184163 
-0.0349086 -0.0526 -0.015719 
-0.0520919 -0.0526 -0.0153225 
-0.0518499 -0.0266227 -0.0257827 
-0.0262626 -0.0206557 -0.0210336 
-0.0300648 -0.017 -0.00307852 
-0.0531374 -0.0494675 -0.0225172 
-0.0332008 -0.0465105 -0.0164 
-0.0538398 -0.0178647 0.00286166 
-0.0261357 -0.0401841 -0.0235006 
-0.0337204 -0.0526 -0.00283781 
-0.0341217 -0.0513777 0.0224362 
-0.04461 -0.0192794 0.0057651 
-0.0310503 -0.0257675 0.0262 
-0.0394977 -0.0480292 -0.02506 
-0.0391893 -0.0171203 0.0195794 
-0.0417276 -0.0329515 0.0262 
-0.0527948  -0.02 -0.0159922 
-0.039886 -0.0253257 0.0239933 
-0.0538499 -0.0511633 0.0183371 
-0.0395861 -0.0488109 0.0197357 
-0.0438745 -0.0526 0.0165878 
-0.0497597 -0.0204656 0.0247877 
-0.0438162 -0.0526 -0.00674751 
-0.0486223 -0.0204502 0.0247779 
-0.029545 -0.0296238 0.0262 
-0.0301426 -0.0307327 -0.0262 
-0.0259556 -0.0222251 0.0230114 
-0.0326823 -0.0225823 -0.0258179 
-0.0313017  -0.02 0.0173701 
-0.0517811 -0.0496 0.00609089 
-0.0443349 -0.0346376 0.0262 
-0.0338502 -0.0482709 0.0253007 
-0.0434648 -0.0526 0.00917946 
-0.039084 -0.0336531 -0.0232 
-0.029665 -0.0526 0.00514855 
-0.0535689 -0.0297647 0.0258942 
-0.0504788 -0.0496 0.00641963 
-0.0325019 -0.0177617 -0.00470071 
-0.0351682 -0.0402147 -0.0232 
-0.0511151 -0.0446235 0.026199 
-0.0515474 -0.0385911 0.0262 
-0.0258499 -0.0494611 -0.0176818 
-0.0500536 -0.0526 -0.00104744 
-0.0381607 -0.017 0.0115919 
-0.0537305 -0.0485491 0.0159279 
-0.0469089  -0.02 -0.0136216 
-0.0274663 -0.0506127 -0.0234923 
-0.0303793 -0.0256435 -0.0232 
-0.0465757 -0.017 0.008769549999999999 
-0.0297259 -0.0526 -0.0138423 
-0.0258499 -0.0187551 -0.0180958 
-0.0436477  -0.02 0.00730808 
-0.0368963 -0.0526 0.009179140000000001 
-0.0349994 -0.0468881 -0.0258718 
-0.0467624 -0.0526 0.0127064 
-0.0260332 -0.0470009 0.0253799 
-0.0268856 -0.017 -0.0005844720000000001 
-0.0258537 -0.0179134 -0.0199098 
-0.0538139 -0.030868 0.023935 
-0.0538354 -0.0178316 -0.00181892 
-0.0302507 -0.0256419 -0.0232 
-0.041691 -0.0496 -0.0157636 
-0.038894 -0.0496 0.00669836 
-0.0278937 -0.017 0.00996534 
-0.0454433 -0.018218 0.00178109 
-0.0519662 -0.017 -0.00559421 
-0.0287276 -0.017928 0.0219237 
-0.038923 -0.0486049 -0.022292 
-0.0349842 -0.0476007 0.0154 
-0.0328599 -0.0393955 0.0232 
-0.0425965 -0.0505419 -0.00440674 
-0.0490106 -0.0442115 -0.0262 
-0.035776  -0.02 -0.0168158 
-0.0508094 -0.050272 0.0238403 
-0.041235 -0.0496 0.014163 
-0.0435946 -0.0189426 -0.0116293 
-0.0324942 -0.0196319 0.0117069 
-0.0300102 -0.0402286 0.0232 
-0.0324994 -0.017 0.00314476 
-0.0313239  -0.02 0.0102467 
-0.0454742 -0.0497986 0.00181139 
-0.0258499 -0.0479435 -0.0215152 
-0.0467834 -0.0526 0.00944625 
-0.0492597 -0.0421676 -0.0262 
-0.0313188 -0.0201027 -0.0191902 
-0.0290231 -0.0526 0.00487332 
-0.0351118 -0.0383235 0.0232 
-0.0386724 -0.0396527 0.0232 
-0.0317656 -0.0422518 0.0232 
-0.0538037 -0.0177026 0.00595325 
-0.0367437 -0.0504617 -0.0122545 
-0.0335069 -0.042529 -0.0262 
-0.0506739  -0.02 0.00522735 
-0.0425243 -0.0460961 0.0188251 
-0.0367997 -0.017 -0.00351054 
-0.0278678 -0.017 -0.0119351 
-0.0431823 -0.0467552 0.0242139 
-0.032481 -0.0513599 0.0117199 
-0.0264892 -0.0496676 0.00059861 
-0.0358871 -0.0514225 0.00221572 
-0.0432327 -0.0170349 -0.0189455 
-0.0348832 -0.038668 -0.0232 
-0.036414 -0.0251344 -0.0260065 
-0.0524535 -0.0442 0.0208314 
-0.0312759 -0.017 -0.0137575 
-0.037 -0.0442 0.0172132 
-0.0389787  -0.02 0.00359097 
-0.0327038 -0.0526 -0.0165563 
-0.0366318 -0.017 -0.0181408 
-0.0459723 -0.031996 -0.0232 
-0.0528108 -0.0492233 -0.0247433 
-0.0524836 -0.0526 -0.00699901 
-0.0400439  -0.02 -0.00668421 
-0.0322733 -0.0496 0.00330858 
-0.0465423 -0.0257773 0.0262 
-0.0428753 -0.0223442 -0.0257429 
-0.0499026 -0.0514763 0.0222815 
-0.0491562 -0.0268633 0.0262 
-0.0309525 -0.0538995 -0.0198227 
-0.0300253 -0.0450009 -0.0203548 
-0.0395622 -0.0496 -0.007852339999999999 
-0.0429592 -0.0509736 0.00414851 
-0.0271549 -0.0526 0.0068439 
-0.0479263 -0.0363724 0.0232 
-0.0435047 -0.0496 0.00912848 
-0.0333493 -0.017 -0.0105887 
-0.0406914 -0.017 0.00240255 
-0.0329723  -0.02 -0.007968100000000001 
-0.0369244 -0.0196193 0.0121685 
-0.038053 -0.0468388 -0.0175415 
-0.042068 -0.026045 -0.0232 
-0.0405265  -0.02 0.00523604 
-0.0372423 -0.0192688 0.00354279 
-0.035299 -0.0211102 0.0251856 
-0.0538461 -0.0179125 0.007929159999999999 
-0.0259245 -0.038852 -0.0238235 
-0.0491929 -0.017 0.00858942 
-0.0391256 -0.017 -0.0157925 
-0.0376451 -0.044 -0.0214237 
-0.0269584 -0.024444 0.0231652 
-0.0478363  -0.02 0.00339345 
-0.0392246  -0.02 0.00841972 
-0.0338687 -0.0476636 -0.0255971 
-0.0485086 -0.0346973 -0.0301636 
-0.0396221 -0.0469954 -0.0212926 
-0.0355226 -0.0345721 -0.0262 
-0.0536613 -0.0500163 0.00465301 
-0.0362721 -0.0496 0.0152438 
-0.0399692 -0.0398317 0.0232 
-0.0293592 -0.0204276 0.0202144 
-0.0430538 -0.0452085 0.0261734 
-0.0403073 -0.0451236 -0.0183 
-0.037708 -0.0496 0.00135655 
-0.0538499 -0.0189585 0.0127282 
-0.0288623  -0.02 -0.0156666 
-0.0426018  -0.02 -0.009947910000000001 
-0.0284641 -0.036489 0.0262 
-0.035517 -0.0369661 0.0262 
-0.0396275 -0.0478992 -0.0202067 
-0.0305334 -0.0442 0.0202919 
-0.0430513  -0.02 0.00921891 
-0.0261749 -0.0498635 -0.0134332 
-0.0360557 -0.0285522 -0.0243656 
-0.0486119 -0.0202657 0.0246415 
-0.0429159 -0.0267817 -0.0232 
-0.0271902 -0.0526 -0.00946431 
-0.0433513 -0.0496 0.00234356 
-0.0500185 -0.0480012 0.0154 
-0.0516534 -0.0232498 -0.0259984 
-0.0259157 -0.0345438 -0.0238448 
-0.0384146 -0.017 -0.0119997 
-0.0538499 -0.0472697 0.017478 
-0.0273781 -0.0446 -0.0228782 
-0.026263 -0.0443909 0.0211062 
-0.0361581 -0.0497557 0.0106811 
-0.0403982 -0.0441302 0.0262 
-0.0335215 -0.0526 0.000713997 
-0.0289177 -0.049989 0.0241023 
-0.0464629 -0.0418439 0.0262 
-0.0441505 -0.0515898 0.00531506 
-0.0531064 -0.0199664 0.00604778 
-0.0495005 -0.0465157 -0.0164 
-0.0422567 -0.0490427 0.0230135 
-0.0258499 -0.0467809 0.0239872 
-0.044561 -0.0196897 -0.00248289 
-0.0424033 -0.0197353 0.0118041 
-0.0379805 -0.0496 -5.66808e-05 
-0.0329713 -0.0206922 -0.0249321 
-0.0368111 -0.0505018 0.00407943 
-0.0538499 -0.0471728 0.0165346 
-0.0427316 -0.0280609 -0.0264267 
-0.0299179 -0.0496 0.0148615 
-0.0357775 -0.048802 -0.0226829 
-0.0357049 -0.0185598 0.0133627 
-0.0518499 -0.0450544 -0.0233715 
-0.0538499 -0.0497864 0.0200646 
-0.0306573 -0.017 -0.00160176 
-0.0391863 -0.0496 -0.0143418 
-0.0259083 -0.0407237 0.025536 
-0.0291323 -0.0417277 -0.0232 
-0.0364036 -0.017 0.00801022 
-0.0314521 -0.0332099 0.0262 
-0.0297221 -0.0395415 -0.0232 
-0.0348239 -0.017 -0.00721297 
-0.0333598 -0.017 0.00073196 
-0.0433334 -0.0413167 -0.0262 
-0.0387544 -0.017 0.0173939 
-0.0518499 -0.045285 -0.0231033 
-0.0474829 -0.0442 0.0206286 
-0.0454711 -0.0538813 -0.0215701 
-0.0346322 -0.0496 -0.009807420000000001 
-0.0438166 -0.0422221 -0.0262 
-0.034881  -0.02 0.0142994 
-0.0501649 -0.03478 0.0262 
-0.0355805 -0.0463499 -0.0218086 
-0.0513551 -0.0526 0.00813316 
-0.0462188 -0.0496 -0.00690175 
-0.0342618 -0.0498483 0.0017759 
-0.0486539 -0.052223 0.0206016 
-0.0510627 -0.0432516 -0.0262 
-0.0513482 -0.0438658 -0.0232 
-0.051893 -0.017 0.0176795 
-0.0391386 -0.0480389 0.0219848 
-0.0455367 -0.0258714 0.0262 
-0.0355409 -0.039536 0.0232 
-0.0413387 -0.0245016 -0.0231741 
-0.0497505 -0.0526 0.0145555 
-0.0438069 -0.0473808 0.0235029 
-0.0465298 -0.052236 0.0125549 
-0.038371 -0.0496 -0.00811252 
-0.0324346 -0.0197179 0.0117652 
-0.0259474 -0.0469623 -0.0189599 
-0.0524825 -0.0300171 0.0232 
-0.0358972 -0.0232135 -0.0259904 
-0.0428418  -0.02 -0.00281092 
-0.0258499 -0.0466524 -0.0248302 
-0.0477914 -0.0496 0.00720368 
-0.0399011 -0.017 0.00303561 
-0.0293428  -0.02 -0.00790746 
-0.050581 -0.053529 -0.0220744 
-0.0456587 -0.0270238 -0.03019 
-0.0268221 -0.0172654 0.0202325 
-0.0453674 -0.047475 0.0154 
-0.0258499 -0.0342835 0.0244003 
-0.053477 -0.0523781 0.00644719 
-0.0454926 -0.0498207 0.0100294 
-0.0306413 -0.0346885 -0.0262 
-0.0418276 -0.0287906 0.0251265 
-0.034687 -0.0171847 0.019874 
-0.037498 -0.0526013 -0.0174 
-0.030784  -0.02 0.000791943 
-0.0498957 -0.0460703 -0.0164 
-0.0270812 -0.0471425 0.0257787 
-0.0309003  -0.02 0.00188949 
-0.0371019 -0.0296695 -0.0262 
-0.025891 -0.0192811 -0.0165062 
-0.0350763  -0.02 0.000315616 
-0.0321288 -0.0432979 0.0232 
-0.0537268 -0.051928 0.0196679 
-0.0372888  -0.02 0.0162819 
-0.0265769 -0.0257442 0.0232385 
-0.0518499 -0.0317166 -0.0248264 
-0.0338048 -0.0360831 0.0232 
-0.033318 -0.0180571 0.00449987 
-0.044958 -0.017 0.0149041 
-0.0345628 -0.0497165 -0.0149189 
-0.0454916 -0.0471696 -0.025777 
-0.0461539 -0.0260906 -0.0232 
-0.0467566 -0.017 -0.00532767 
-0.0443892 -0.0184541 0.0227981 
-0.0501492 -0.0455553 0.0261356 
-0.0466769 -0.0249373 0.0261973 
-0.0457442 -0.0505244 0.00207578 
-0.0270243 -0.0172976 0.0203499 
-0.047882 -0.0362314 -0.0300358 
-0.0262641 -0.0524097 0.0126294 
-0.0397046 -0.0459713 0.0244455 
-0.0459784  -0.02 0.0142459 
-0.0355415 -0.0487138 -0.0250735 
-0.0459167 -0.051361 -0.00595533 
-0.0467353 -0.017 -0.0022761 
-0.0280823 -0.017681 -0.0214253 
-0.0536573 -0.0521889 0.0155489 
-0.0489893 -0.017 0.00756235 
-0.0486788 -0.0213519 0.0253114 
-0.0258499 -0.0408775 -0.0260453 
-0.0387466  -0.02 0.0112992 
-0.0513642 -0.0391408 0.0232 
-0.0294873 -0.0378413 0.0232 
-0.0397495 -0.017 -0.000369898 
-0.0374048  -0.02 -0.0143555 
-0.0430998 -0.0418903 0.0232 
-0.0281607 -0.0202042 0.0196015 
-0.0522507 -0.017022 -0.0187051 
-0.0355156 -0.0260374 0.0232 
-0.0471813 -0.0503355 0.00371689 
-0.0505039 -0.017 0.00383861 
-0.0522921 -0.0342621 0.0232 
-0.052005 -0.0483351 -0.0244589 
-0.0395082 -0.0197973 0.024273 
-0.0382592 -0.0170135 -0.0185092 
-0.0431228 -0.0209001 0.0250646 
-0.034206 -0.0508646 -0.0145694 
-0.0513734 -0.0319834 0.0232 
-0.0538499 -0.0512717 0.00446038 
-0.0259909 -0.0174883 -0.0042311 
-0.0372369 -0.0526 0.00308851 
-0.0463598 -0.0182966 0.00452138 
-0.0373917  -0.02 0.00201821 
-0.029462 -0.0526 -0.000845011 
-0.0322592 -0.053865 -0.0195668 
-0.0367842 -0.0409448 -0.0262 
-0.0447567 -0.0512068 -0.0227388 
-0.0471397 -0.0185972 0.0119577 
-0.0538499 -0.0188045 0.0189047 
-0.0285954 -0.0496 -0.007983479999999999 
-0.0538499 -0.0207382 -0.0237878 
-0.0488091 -0.0538735 -0.0195964 
-0.0371919 -0.01798 0.0119066 
-0.0518499 -0.0332533 -0.0233121 
-0.0443456 -0.0201064 -0.019208 
-0.0501588 -0.0526 0.0117075 
-0.0522937 -0.0536705 -0.0203602 
-0.049518 -0.017 -0.00344654 
-0.0295043  -0.02 -0.00461112 
-0.0289849  -0.02 0.00732399 
-0.0404665 -0.0254825 -0.0232 
-0.0361987 -0.0171349 -0.00567917 
-0.0412223 -0.0526 -0.00460265 
-0.0467604 -0.0190906 -0.00512906 
-0.0357664 -0.0200959 0.019158 
-0.0426201 -0.0487079 0.0243075 
-0.0464756 -0.0514533 -0.00540796 
-0.0302378 -0.0495149 -0.0245213 
-0.0452983  -0.02 0.0164988 
-0.0461065 -0.017 -0.00305874 
-0.0380004 -0.0496 0.0136487 
-0.0360801 -0.0445524 0.0262 
-0.0277514 -0.017 -0.017044 
-0.041531  -0.02 -0.0157474 
-0.0371511 -0.0395438 -0.0232 
-0.0509979 -0.0360863 0.0232 
-0.0424024 -0.044 -0.0189182 
-0.0389578 -0.017 0.0171629 
-0.0327949 -0.0496 0.009824619999999999 
-0.0260192 -0.0283975 0.0236445 
-0.0388549 -0.0442 0.0225572 
-0.0307441 -0.017 -0.00831787 
-0.0418153 -0.0496 -0.00343719 
-0.0458471 -0.0176934 -0.00317654 
-0.0297191 -0.017 0.0164798 
-0.0274486 -0.0524397 0.019764 
-0.0368971 -0.0219329 0.0221429 
-0.0464079 -0.0526 -0.00680111 
-0.0441732 -0.0517344 -0.0110626 
-0.0369767 -0.0178493 -0.00491727 
-0.0518499 -0.0300135 -0.0243118 
-0.0479133 -0.0496 -0.0104674 
-0.0283513 -0.0408139 -0.0232 
-0.0364614 -0.0526 -0.00619475 
-0.0369035 -0.0373614 0.0262 
-0.0515619 -0.0526 0.009560620000000001 
-0.0339541 -0.0440608 -0.0185493 
-0.0442397 -0.0525029 0.0136025 
-0.0372807 -0.0517053 -0.00461963 
-0.0423949 -0.0473807 0.0157078 
-0.0427775 -0.0442 0.0166415 
-0.0293174 -0.0526 -0.0060068 
-0.0272382 -0.0277474 -0.0262 
-0.0269584 -0.0447511 0.0261934 
-0.0285243 -0.0397723 0.0232 
-0.0443973 -0.0365313 -0.0264735 
-0.0459549 -0.017 -0.000406824 
-0.0336948 -0.0515838 -0.0115311 
-0.0281358 -0.0442 0.0200063 
-0.0530262 -0.0199842 0.0123634 
-0.0346951 -0.0294362 -0.0262 
-0.0281966 -0.0216728 -0.0219267 
-0.0297068 -0.0344505 0.0262 
-0.0437115 -0.0508767 -0.0231774 
-0.0428996 -0.0171994 0.0199405 
-0.0399509 -0.0464765 -0.0259756 
-0.0525126 -0.0389247 0.0262 
-0.0283297 -0.0265608 0.0262 
-0.0277677 -0.0407908 -0.0232 
-0.0313112 -0.0442 0.0210166 
-0.0366502 -0.0496 -0.009037 
-0.034693 -0.0315134 0.0232 
-0.0269686 -0.0394328 0.0232 
-0.0279538 -0.0272899 -0.0232 
-0.0430616 -0.0466343 0.025097 
-0.0338535 -0.0442 0.0187203 
-0.0483617 -0.0307463 0.0232 
-0.0486183 -0.0218618 -0.025551 
-0.044192 -0.0280703 -0.0275769 
-0.0388275 -0.0442 0.0210979 
-0.044388  -0.02 0.000513268 
-0.0270769 -0.0496 0.00771065 
-0.0258672 -0.0343072 0.0240167 
-0.0264391 -0.0369677 0.0261112 
-0.0479886 -0.0172216 -0.0200664 
-0.0282564 -0.0489348 0.0154 
-0.0514224 -0.051666 0.0219354 
-0.0488237 -0.017 -0.00481755 
-0.0349059 -0.0211748 -0.0252192 
-0.0259056 -0.0502726 0.00357987 
-0.0436066 -0.0171037 -0.00341754 
-0.0258741 -0.0518143 -0.020434 
-0.0429622 -0.0311359 0.0262 
-0.0522548 -0.0526 0.0151173 
-0.040284 -0.0526 0.0125442 
-0.0282673 -0.0496 0.0141191 
-0.0451603 -0.017 -0.0173076 
-0.0344406 -0.0174971 -0.0026008 
-0.0330458 -0.0465278 -0.0259639 
-0.0296003  -0.02 -0.00723685 
-0.0460896 -0.037371 -0.0232 
-0.0258499 -0.034352 -0.0254361 
-0.0298976 -0.0508365 -0.0232298 
-0.0262358 -0.0485892 -0.0166114 
-0.0406259 -0.0526 -0.00490143 
-0.0411165 -0.0526 0.00329897 
-0.0400946 -0.0455439 0.026144 
-0.0258499 -0.0491696 -0.0215783 
-0.0258499 -0.0180416 -0.013641 
-0.0329325 -0.0523897 0.0123223 
-0.0439403 -0.0378592 -0.0262 
-0.0476155 -0.021083 0.0251714 
-0.0508382 -0.0479843 -0.0254582 
-0.0492981 -0.0421365 0.0262 
-0.0258499 -0.0450654 -0.0234696 
-0.0443621 -0.0189056 0.00987765 
-0.0518499 -0.0406462 -0.0239927 
-0.0528896 -0.0170016 -0.0061314 
-0.0260382 -0.0369139 -0.0236167 
-0.0335003 -0.0496 -0.0023181 
-0.0430378 -0.0482895 0.0228604 
-0.040073 -0.0474529 -0.0204448 
-0.0420529 -0.0359624 -0.0275198 
-0.0383558 -0.0496 -0.009627180000000001 
-0.0505315 -0.0390833 0.0262 
-0.0416597 -0.0233342 0.0229124 
-0.0258499 -0.0182862 0.0189025 
-0.0468768 -0.0505412 0.0113848 
-0.0363866 -0.019572 -0.0136951 
-0.0375744 -0.0170441 0.0190006 
-0.039792  -0.02 -0.000115886 
-0.0522262 -0.0522907 0.020387 
-0.0312498 -0.0526 0.000112974 
-0.0537959 -0.0176778 0.0134223 
-0.041787 -0.017 0.008896279999999999 
-0.0334716 -0.0538594 -0.0195491 
-0.040341 -0.020636 0.0248963 
-0.0265869 -0.0374069 -0.0262 
-0.0335234 -0.017 -0.0161487 
-0.0383362 -0.046 -0.0178659 
-0.0404131 -0.0526 0.0100866 
-0.0400908 -0.0526 -0.0163951 
-0.0348717 -0.0212867 0.0215415 
-0.0500329 -0.0225496 -0.022557 
-0.0538499 -0.0455731 0.0247616 
-0.0440681 -0.0463342 -0.0260074 
-0.0482036 -0.017 0.000738474 
-0.0491062 -0.0330865 0.0262 
-0.0502256 -0.0534422 -0.0206712 
-0.0528736 -0.0525687 0.018894 
-0.0526733 -0.017 -0.00572638 
-0.0355659 -0.0243553 0.026172 
-0.0483833 -0.0496 -0.000176866 
-0.0262834 -0.0524236 0.00496092 
-0.04336 -0.0401783 0.0262 
-0.0466215 -0.0522665 0.0124652 
-0.0513153 -0.0538955 -0.0181153 
-0.0446168 -0.019502 0.0240024 
-0.0386696 -0.0216609 0.0254678 
-0.0280135 -0.0496 0.000392542 
-0.0435411  -0.02 -0.00811309 
-0.0400781 -0.0252027 0.0247315 
-0.0393616 -0.017 -0.00501862 
-0.028676 -0.0526 -0.0123597 
-0.0346987 -0.0517726 -0.010548 
-0.0354055 -0.0496 -0.00676617 
-0.0424664 -0.017 -0.000350287 
-0.0409393 -0.0248591 0.0261956 
-0.0384661 -0.0340182 -0.0232 
-0.040735 -0.0505307 -0.0235817 
-0.0258785 -0.0471807 0.0161661 
-0.0323622  -0.02 0.00160217 
-0.0448015 -0.0216175 0.0254497 
-0.0305839 -0.0496 0.00156861 
-0.0507428 -0.044 -0.0207457 
-0.0477594 -0.0278701 -0.0272154 
-0.0524383 -0.0497786 -0.0243153 
-0.0525119 -0.017 -0.00736934 
-0.0274581 -0.0511427 0.0228023 
-0.0385425 -0.0422846 0.0232 
-0.0307165 -0.046 -0.017924 
-0.0480699 -0.0496 0.008302149999999999 
-0.0390033 -0.0521261 -0.0222 
-0.031407 -0.017 -0.00240754 
-0.0369415 -0.0516435 -0.0222 
-0.0416981 -0.0447494 0.0261935 
-0.0306846 -0.0496 -0.0140744 
-0.0358873 -0.0489133 -0.0205198 
-0.0438899 -0.0360331 -0.0232 
-0.0500774 -0.0526 0.000945743 
-0.0383479 -0.0200825 0.0190977 
-0.0457256 -0.0526 0.0181769 
-0.051881 -0.0538865 -0.0215445 
-0.0283193 -0.0247155 0.0261877 
-0.0478393 -0.032758 -0.0301899 
-0.0434719 -0.0321609 -0.0262012 
-0.0267677 -0.0525717 0.0187654 
-0.0313336 -0.0269588 -0.0262 
-0.0385679 -0.0458989 0.0260938 
-0.0397487 -0.0313693 -0.0232 
-0.0355908 -0.0485646 -0.0214196 
-0.0431504 -0.017 0.00582383 
-0.0477539 -0.0525724 0.018831 
-0.0515736 -0.0471386 -0.0164 
-0.0317994 -0.017 -0.0016004 
-0.0477362 -0.0442 0.0228169 
-0.0513032  -0.02 -0.0071347 
-0.0258538 -0.0516878 -0.0105885 
-0.0465482  -0.02 0.00617906 
-0.0470339 -0.0526 0.0100083 
-0.0367711 -0.0508878 0.0123186 
-0.0269584 -0.0457891 -0.0205538 
-0.0335669 -0.0501828 0.0239247 
-0.0426448 -0.0526 -0.00623404 
-0.0295864 -0.0192943 -0.0238036 
-0.0508948 -0.0321861 0.0262 
-0.0538499 -0.0198899 -0.0236149 
-0.0527323 -0.0197555 0.0242347 
-0.0531708 -0.0496536 0.00120971 
-0.0479604 -0.0321522 -0.0262 
-0.0401191 -0.0380409 0.0262 
-0.0422148  -0.02 -0.00897502 
-0.0421724 -0.017 -0.00142023 
-0.0382726 -0.0425917 -0.0232 
-0.049366  -0.02 -0.011617 
-0.0340509 -0.0196395 -0.0111825 
-0.0441086 -0.028442 0.0262 
-0.0407446 -0.0442 0.0210456 
-0.0291762 -0.017 0.008127570000000001 
-0.0350371 -0.044 -0.0183021 
-0.0512989 -0.0496 -0.009384669999999999 
-0.0319757 -0.042663 0.0262 
-0.0334581  -0.02 0.00192585 
-0.0336521  -0.02 -0.0165606 
-0.0450288 -0.0372073 -0.0232 
-0.0518499 -0.0440815 -0.0185013 
-0.0459131  -0.02 -0.0151003 
-0.0474689 -0.0210904 0.0213104 
-0.043101 -0.0261737 0.0245965 
-0.0291815  -0.02 0.0154803 
-0.027299 -0.0526 0.009342319999999999 
-0.0390359 -0.0429985 0.0262 
-0.0492791 -0.0207605 0.0208423 
-0.026287 -0.0404297 -0.0262 
-0.0354336 -0.0384938 -0.0232 
-0.0499915 -0.0526 0.0176083 
-0.0301787 -0.05238 0.0200332 
-0.0338624 -0.0326852 -0.0262 
-0.0457372 -0.0239736 -0.0261285 
-0.0321337 -0.0526 -0.0118284 
-0.0264513 -0.0172489 0.0197773 
-0.0521254 -0.017 0.009252720000000001 
-0.050497  -0.02 -0.0119096 
-0.0518499 -0.0293596 -0.0249939 
-0.0320495 -0.0421369 -0.0262 
-0.0284293 -0.0526 -0.0150605 
-0.0468239 -0.0526 0.0177443 
-0.0538461 -0.0284925 0.0241136 
-0.0536742 -0.0222599 0.025246 
-0.0263469 -0.0198641 -0.0131631 
-0.0518499 -0.0344689 -0.023346 
-0.0427697 -0.0258419 0.0243893 
-0.0269309 -0.0396548 0.0232 
-0.0386193 -0.0448838 0.0261876 
-0.0365762 -0.0240552 0.026137 
-0.042061 -0.0406757 -0.0262 
-0.0518308 -0.0442 0.0200648 
-0.0404842 -0.0215532 -0.021819 
-0.0414509 -0.0479351 -0.0164 
-0.0381428 -0.0479713 -0.0185265 
-0.0336968 -0.0442692 -0.0262 
-0.0400244 -0.0526 0.00334164 
-0.0416212 -0.0228353 -0.0227064 
-0.0522732 -0.0496 -0.00413606 
-0.0321608  -0.02 -0.0161205 
-0.0416447 -0.0241873 -0.0231326 
-0.0258683 -0.0517881 0.00656793 
-0.0267512 -0.0246449 -0.0261845 
-0.0295399 -0.0526 -0.00466674 
-0.0267088 -0.0207058 -0.0207767 
-0.0364818 -0.0506559 -0.013602 
-0.0308856 -0.023414 0.0229376 
-0.0405054  -0.02 -0.0055683 
-0.0471675 -0.0206545 0.0206705 
-0.0445855 -0.0526 -0.0102758 
-0.0341001 -0.0277972 -0.0262 
-0.0352396 -0.0205854 0.0248641 
-0.0335354 -0.0234574 0.0229513 
-0.0395165 -0.0469493 -0.0164 
-0.0258499 -0.0384512 0.0245278 
-0.0303214  -0.02 -0.000384325 
-0.0363679 -0.0469807 -0.0184426 
-0.0284718 -0.032609 0.0262 
-0.0306342 -0.0416359 0.0262 
-0.0453688 -0.0477213 0.0255592 
-0.0401049 -0.045688 0.0177998 
-0.0281046 -0.0526 0.0160522 
-0.0368876 -0.0534664 -0.0190888 
-0.0435657 -0.019404 -0.0116576 
-0.0414014 -0.0357955 -0.0268873 
-0.0258499 -0.0458259 -0.0237848 
-0.0279746 -0.0255868 0.0262 
-0.02772 -0.017 -0.00279559 
-0.0458736 -0.0442076 -0.0183 
-0.0348785 -0.046 -0.0176035 
-0.0385893 -0.0430338 0.0262 
-0.044211 -0.0211054 -0.0213339 
-0.0502892  -0.02 0.01694 
-0.0328258 -0.0235837 -0.0260724 
-0.0510467 -0.0170982 0.0194116 
-0.0488839 -0.0442 0.0186636 
-0.039619 -0.0460528 0.0256607 
-0.0456969 -0.0538241 -0.0185386 
-0.0301254 -0.0526 0.00520214 
-0.0321104  -0.02 0.0172746 
-0.0472507 -0.0175155 0.0210158 
-0.0395114 -0.0461736 0.0213203 
-0.029781 -0.0496 0.0123137 
-0.0345493 -0.044 -0.0224804 
-0.0401054 -0.017 -0.0137956 
-0.0391017  -0.02 0.00145573 
-0.0362025 -0.0320695 0.0262 
-0.0386474 -0.0410873 0.0232 
-0.0447833 -0.0512053 0.00126519 
-0.0298586 -0.0450408 -0.0186122 
-0.0391431 -0.0330832 -0.0262 
-0.0371597 -0.0526 -0.01408 
-0.0510568 -0.0496 0.00278419 
-0.0311724 -0.017 -0.0136899 
-0.0498436 -0.044 -0.0204909 
-0.0303067 -0.017 -0.00365216 
-0.0533883 -0.0524415 -0.00458476 
-0.0387157 -0.0303549 -0.0232 
-0.044462 -0.0378592 0.0232 
-0.0347855 -0.0442 0.0172903 
-0.0538499 -0.0510824 0.00302094 
-0.0423534 -0.0442 0.0180456 
-0.0361853 -0.0522201 -0.00350771 
-0.0301118 -0.0204447 -0.0202566 
-0.0466362 -0.0442 0.022028 
-0.0363759 -0.0306653 -0.0232 
-0.0273039 -0.0482685 -0.0164 
-0.0347474 -0.0508256 0.0232156 
-0.0461475 -0.0185732 0.0129293 
-0.0374037 -0.0460521 0.026067 
-0.0470372 -0.0521871 0.0207156 
-0.0367333 -0.0419601 0.0262 
-0.0381601 -0.0171074 0.0194817 
-0.0462897 -0.0282661 0.0232 
-0.0416548 -0.0268894 -0.0275309 
-0.0396704 -0.0425705 0.0262 
-0.036387 -0.042118 0.0232 
-0.053637 -0.0352447 0.0258153 
-0.0462378 -0.0472843 -0.0257408 
-0.0497513 -0.05041 0.0236897 
-0.0334124 -0.0294029 -0.0262 
-0.0361343 -0.0492974 0.0246697 
-0.0300193  -0.02 -0.000695711 
-0.0314131 -0.017 0.00759845 
-0.045072 -0.0398947 0.0262 
-0.0464086 -0.017865 -0.0119264 
-0.0461676 -0.0328601 -0.0232 
-0.0475984 -0.0455942 -0.0261344 
-0.0347554 -0.044 -0.0192595 
-0.0408821 -0.0508391 0.023198 
-0.0537359 -0.025909 0.0256617 
-0.0360119 -0.017 -0.0152328 
-0.0416279 -0.0496 0.0151032 
-0.0288212 -0.0496 -0.00283181 
-0.0258499 -0.0390335 -0.0255548 
-0.0398018 -0.0490124 0.0219176 
-0.0499416 -0.0266064 0.0262 
-0.0439669 -0.0280776 0.0232 
-0.0349817 -0.0272104 0.0232 
-0.05229 -0.017 0.0175236 
-0.0296278 -0.0174414 0.0208059 
-0.0349922 -0.0526 -0.009564049999999999 
-0.0258499 -0.0480255 -0.0221843 
-0.0448081 -0.0301777 0.0262 
-0.0394673 -0.0507984 0.023251 
-0.0508634 -0.0496 0.00162082 
-0.0481166 -0.0465581 -0.0259574 
-0.038755 -0.0530045 -0.0174 
-0.0322324 -0.017 0.0163106 
-0.0290662 -0.0443876 -0.0262 
-0.0324867 -0.017 0.0155533 
-0.0501656 -0.017 -0.0013041 
-0.0528373 -0.0235089 0.0229675 
-0.0262569 -0.0504181 -0.0237047 
-0.027312  -0.02 0.0166893 
-0.045853 -0.0504575 -0.0113823 
-0.047641 -0.0510623 0.022907 
-0.0460781 -0.0327581 -0.0301899 
-0.0396352 -0.052235 0.0205637 
-0.0487943 -0.0440393 0.0262 
-0.0285033 -0.0257295 0.0232 
-0.0267043 -0.0525885 0.00184047 
-0.0538483 -0.0505627 0.0130354 
-0.0392077 -0.0519937 -0.0222 
-0.0538499 -0.0510542 -0.0118301 
-0.0519876 -0.0328931 0.0262 
-0.0430245 -0.046 -0.0170962 
-0.0309937 -0.0470617 0.0258059 
-0.0447598 -0.0179667 -0.0220107 
-0.0490672 -0.0358703 -0.0297108 
-0.0532178 -0.0328722 0.023271 
-0.0427184 -0.0403366 0.0262 
-0.0259047 -0.0440248 0.0255247 
-0.0362585 -0.017 0.014042 
-0.0310565 -0.0270342 -0.0232 
-0.0534982 -0.052361 0.00295001 
-0.0494404 -0.0496 0.0117033 
-0.0339408 -0.0496 -0.0101767 
-0.0323392 -0.0246453 -0.0261855 
-0.0282179  -0.02 -0.0155485 
-0.0449081 -0.0405134 0.0262 
-0.0357374 -0.0186724 -0.0230826 
-0.0496387 -0.0526 0.0106742 
-0.036271 -0.0464845 0.0154 
-0.0466935 -0.0526 -0.000510959 
-0.0382415 -0.0238369 0.0230587 
-0.0350866 -0.0496567 0.0139682 
-0.0441719 -0.0526 -0.0011631 
-0.026149 -0.0371008 0.0234872 
-0.0435834 -0.0311607 -0.0232 
-0.0341617 -0.0173917 -0.011074 
-0.0353142  -0.02 0.017602 
-0.0397828 -0.048996 0.0238043 
-0.0371269 -0.0196999 0.0116298 
-0.0348337 -0.0475478 0.0154 
-0.0280098 -0.0526 0.0134121 
-0.0317543 -0.0496 -0.00158598 
-0.0430034 -0.043507 0.0262 
-0.0418858 -0.0407114 0.0232 
-0.0485386 -0.0184902 -0.0228452 
-0.0465956  -0.02 0.00125925 
-0.0258499 -0.0513255 -0.00539734 
-0.0486401 -0.0340333 0.0232 
-0.0259327 -0.0502037 0.0131994 
-0.0384726 -0.017 0.000300826 
-0.0372471 -0.0374519 0.0262 
-0.0468502 -0.017 0.0127351 
-0.0277628 -0.0402754 0.0232 
-0.0536892 -0.0512519 -0.0226679 
-0.0509138 -0.0526 0.0176753 
-0.0529433 -0.0538993 -0.0214262 
-0.0379957 -0.04651 0.0259673 
-0.0333614 -0.0520429 0.0127423 
-0.0430529 -0.0466256 0.0251453 
-0.0478773 -0.0317253 -0.0301907 
-0.0442953 -0.0526 0.00076497 
-0.0475747 -0.0429728 0.0232 
-0.0460314  -0.02 0.0141336 
-0.0453355 -0.0296877 0.0232 
-0.0310208 -0.0303423 0.0262 
-0.0395929 -0.0391735 -0.0262 
-0.0289102 -0.0496 -0.00189446 
-0.0435032 -0.0216825 -0.0254767 
-0.0271754 -0.0311191 -0.0232 
-0.0368937 -0.0204539 0.0247803 
-0.0343919 -0.0335623 -0.0262 
-0.0459174  -0.02 0.00941149 
-0.0501071  -0.02 -0.009353220000000001 
-0.0268272 -0.0514116 -0.0224172 
-0.0464151 -0.0343596 -0.0232 
-0.0408126 -0.0356948 0.0262 
-0.02789  -0.02 -0.00247152 
-0.0537424 -0.0477589 0.0159509 
-0.0271778 -0.0306674 0.0262 
-0.0346656 -0.0342291 0.0262 
-0.0386878 -0.043549 -0.0232 
-0.0258534 -0.0292194 0.0252793 
-0.0534174 -0.019823 -0.00716208 
-0.028557 -0.0200138 -0.0185157 
-0.0518175 -0.0538972 -0.019733 
-0.0467083 -0.0187047 0.00418016 
-0.0381881  -0.02 0.0155472 
-0.0412555 -0.0526 0.00372994 
-0.0307575 -0.0496 0.00509799 
-0.043108 -0.049502 -0.0245345 
-0.0271259 -0.0478421 0.0154 
-0.0387132 -0.0171539 -0.019757 
-0.0354822 -0.0518615 0.0215544 
-0.0480944 -0.0302669 0.0262 
-0.0282351 -0.0526 0.00978186 
-0.040643 -0.0496 0.0118884 
-0.042921 -0.0496 -0.0133925 
-0.038794 -0.017 -0.0131549 
-0.0436844 -0.017 0.0141696 
-0.0264139 -0.0497003 -0.00689558 
-0.0364361 -0.0269198 0.0262 
-0.0464711 -0.017 0.0172053 
-0.0407071 -0.017 0.0123287 
-0.0427785  -0.02 0.00142211 
-0.0418347 -0.0414817 0.0232 
-0.0329079 -0.0496 0.0145322 
-0.0258499 -0.0475676 0.0172061 
-0.0349115 -0.017056 0.0094603 
-0.0392201 -0.0260927 -0.0250453 
-0.0316827 -0.0496 0.000283851 
-0.0313364 -0.0402707 0.0232 
-0.0503373  -0.02 -0.00763895 
-0.0330052 -0.0492789 -0.0247035 
-0.0292046 -0.0302626 0.0262 
-0.0295606  -0.02 0.000351532 
-0.0305201 -0.0496 0.0107453 
-0.0347079 -0.0404287 -0.0262 
-0.0258499 -0.051195 0.008491810000000001 
-0.0466794 -0.017 0.00544255 
-0.0512371 -0.0442 0.0164174 
-0.0416793 -0.0213863 -0.0253293 
-0.0328328 -0.0496 -0.00679379 
-0.0447202 -0.0357798 -0.0232 
-0.0380716 -0.0201419 0.0193657 
-0.044573 -0.0525903 0.0184227 
-0.0344793 -0.0419357 0.0232 
-0.0528227 -0.0409662 0.0232 
-0.0275703 -0.0303076 0.0232 
-0.0454063 -0.031083 -0.0232 
-0.0401306 -0.0225994 0.0225819 
-0.0533392 -0.0200434 -0.0195121 
-0.038236  -0.02 -0.0104979 
-0.0324986 -0.0496062 -0.00469747 
-0.0480315 -0.0525949 0.0183168 
-0.0374714 -0.052567 0.0189167 
-0.0485021 -0.0526 -0.0150641 
-0.0352842 -0.0460772 0.0260622 
-0.0487452  -0.02 0.0121039 
-0.0327991 -0.0457269 -0.0261184 
-0.0511975 -0.02201 0.0222021 
-0.045704 -0.0395276 -0.0232 
-0.0383768 -0.0253622 0.0262 
-0.0462342 -0.017 -0.00263194 
-0.0524968 -0.0488269 -0.0191731 
-0.0527296  -0.02 -0.00514253 
-0.0362974 -0.0216133 -0.0218739 
-0.051759 -0.0526 0.00931002 
-0.0353499 -0.0290389 0.0232 
-0.0537193 -0.0194935 0.00804889 
-0.0395154 -0.0526 0.00850792 
-0.0348747 -0.0171766 -0.0198666 
-0.0327928 -0.0382719 -0.0232 
-0.036826 -0.0314715 -0.0262 
-0.0465704 -0.0226561 -0.0226148 
-0.0538333 -0.0291829 0.02402 
-0.0426822 -0.0462542 0.0233714 
-0.0409696 -0.017 -0.00446659 
-0.0386969 -0.0418165 -0.0262 
-0.030835 -0.017 -0.0176822 
-0.0300868  -0.02 0.0170015 
-0.0535182 -0.0428743 0.0234573 
-0.0475253 -0.0496 -0.0150696 
-0.0314872 -0.0496 -0.000250064 
-0.0471949 -0.0387334 -0.0262 
-0.027438 -0.0496 -0.0147368 
-0.0518499 -0.0466479 -0.0257891 
-0.0336103 -0.0197917 0.00241388 
-0.0340838 -0.017713 0.00524982 
-0.0339248 -0.0526 0.0100554 
-0.0303441 -0.0526 -0.0107368 
-0.0389029 -0.0358059 -0.0232 
-0.0445821 -0.0496491 0.009662270000000001 
-0.0459435 -0.0314408 -0.0232 
-0.041989 -0.017 -0.00117148 
-0.0431437 -0.0443223 0.0154 
-0.0481759 -0.0199732 -0.024417 
-0.0538499 -0.0507016 -0.0177331 
-0.0407105 -0.0496 -0.0133828 
-0.0500422 -0.017 0.00772881 
-0.0403154 -0.017 -0.009167059999999999 
-0.0366653 -0.0514012 0.00422226 
-0.0387253 -0.018223 0.0224373 
-0.0474797 -0.0373837 -0.0232 
-0.0368031 -0.0526 0.016109 
-0.033991 -0.0457434 0.026113 
-0.0306957 -0.0264069 -0.0262 
-0.0371116 -0.017 0.00234009 
-0.0285753 -0.0442 0.0155046 
-0.0355461 -0.046403 -0.0236879 
-0.0421385 -0.017 0.008339829999999999 
-0.0258633 -0.0439261 0.02404 
-0.0538499 -0.0510112 -0.0166037 
-0.0400416 -0.017 0.00421432 
-0.0317998 -0.0442 0.0200996 
-0.0496559  -0.02 -0.00784611 
-0.0506818 -0.0197475 0.0242273 
-0.0333404 -0.0279596 0.0262 
-0.0518343 -0.0486003 -0.0251398 
-0.0481002 -0.0384627 -0.0262 
-0.0279694 -0.0526 -0.000518964 
-0.0392112 -0.053848 -0.0216834 
-0.0464398  -0.02 -0.00626345 
-0.0382444 -0.0213172 -0.0215772 
-0.0388506 -0.017 0.008269230000000001 
-0.0538499 -0.0510509 0.00666626 
-0.0533725 -0.0497484 -0.0128045 
-0.0444752 -0.051523 0.0222081 
-0.0365899 -0.0511909 0.00290397 
-0.0510366 -0.0276169 -0.0232 
-0.0418264 -0.0365037 0.0262 
-0.028091 -0.0290819 0.0262 
-0.0361218 -0.046 -0.0168057 
-0.0384567 -0.0442 0.0154123 
-0.0415081 -0.0274207 -0.0271066 
-0.0281105 -0.0243277 0.0261707 
-0.042349 -0.0493737 -0.0246286 
-0.0338827 -0.0526 0.00578118 
-0.0460122 -0.0416591 0.0232 
-0.033743 -0.0526 -0.00734253 
-0.0475597 -0.0496 -0.00306591 
-0.0518891 -0.0482192 -0.017398 
-0.026977 -0.0438623 0.0262 
-0.0279414 -0.0526 -0.00578299 
-0.0483402 -0.044 -0.0208052 
-0.0336205 -0.0521262 0.0047961 
-0.0418972 -0.0456388 0.0228046 
-0.0301692 -0.0442 0.0224248 
-0.0504571 -0.0271773 -0.0232 
-0.0455541 -0.0194057 0.00188961 
-0.0311793 -0.0431308 0.0262 
-0.028883 -0.0309181 0.0232 
-0.0528281 -0.0526 -0.009698989999999999 
-0.0418758 -0.0449627 0.0154 
-0.0317915 -0.017 -0.0120706 
-0.0531469 -0.0170461 -0.0111826 
-0.0480701  -0.02 0.00014001 
-0.0516311 -0.046 -0.0180055 
-0.0325746 -0.0396098 0.0262 
-0.0292469  -0.02 -0.0164475 
-0.0538499 -0.0506256 -0.0134159 
-0.0279558 -0.0526 0.00872918 
-0.0538499 -0.0500214 0.0204649 
-0.0371011 -0.0512511 -0.00440449 
-0.0414524 -0.0170045 0.0183026 
-0.0278195  -0.02 0.00481263 
-0.0508726 -0.0223253 0.0224189 
-0.0463469 -0.0284695 -0.027978 
-0.0376106 -0.017 0.00414068 
-0.034639 -0.0442 0.0187305 
-0.0430943 -0.0496 -0.0152328 
-0.0310873 -0.0526 -0.00669963 
-0.0462086 -0.0236918 0.0230252 
-0.0416135 -0.0493685 0.0221846 
-0.0396885 -0.017 -0.00600163 
-0.040027 -0.0286665 0.0239088 
-0.0309251 -0.0496 0.00828893 
-0.0499839 -0.0201689 0.0194875 
-0.0434235 -0.0242161 -0.0265973 
-0.0285396 -0.0284725 0.0232 
-0.0325552 -0.0265898 0.0232 
-0.0470818 -0.025416 -0.0232 
-0.0416383 -0.049171 -0.0247805 
-0.0411931  -0.02 0.00526521 
-0.0508427 -0.0496 0.0147721 
-0.0308582 -0.0526 0.0152643 
-0.0392136 -0.0351509 0.0232 
-0.0259582 -0.0196342 0.0196116 
-0.0425946 -0.0179638 -0.00479144 
-0.0518499 -0.0452093 -0.0202697 
-0.0421733 -0.0286032 0.0254315 
-0.0358649 -0.0509573 -0.00319391 
-0.05365 -0.0499801 -0.0235433 
-0.0334923 -0.0390273 0.0262 
-0.046566  -0.02 0.0169493 
-0.0504478 -0.050515 -0.023599 
-0.0303087 -0.0277919 -0.0262 
-0.0368849  -0.02 0.000211676 
-0.0259805 -0.0520936 -0.008070620000000001 
-0.0302783 -0.0428377 0.0232 
-0.0453193 -0.019055 -0.0108596 
-0.0258746 -0.0177818 -0.0114436 
-0.038447 -0.0496 -0.00312405 
-0.0534886 -0.0498308 -0.008958549999999999 
-0.0479766 -0.0203591 0.020049 
-0.0267574 -0.0496044 -0.0140438 
-0.0489879 -0.0497812 0.0242927 
-0.0363542 -0.0209996 0.025128 
-0.0293355 -0.0526 0.0109537 
-0.0369416 -0.0501745 0.00324829 
-0.0494846 -0.0471006 -0.0257987 
-0.0405231 -0.0526 -0.00418668 
-0.0265635 -0.0527278 -0.0193816 
-0.0315116 -0.0204681 0.0203123 
-0.0377276 -0.0230707 -0.0259587 
-0.0463346 -0.0398724 0.0232 
-0.0400622 -0.0457123 0.0232788 
-0.025853 -0.0309026 -0.0241297 
-0.0499487 -0.0526 -0.000598254 
-0.0461709 -0.017 -0.00279958 
-0.0419313  -0.02 -0.00386887 
-0.0406238 -0.0170187 0.0186291 
-0.0440822 -0.017 0.0143444 
-0.0298883 -0.017 -0.00116393 
-0.0364555 -0.0467065 -0.0186 
-0.0380886 -0.017 -0.00941641 
-0.0334222 -0.0501146 0.0107981 
-0.0293881  -0.02 -0.008621729999999999 
-0.0442354 -0.0258769 0.0262 
-0.0526513 -0.0526 -0.00991623 
-0.0370448  -0.02 -0.00491552 
-0.0333724 -0.017 0.00138123 
-0.0430909 -0.0325832 -0.0263478 
-0.0324106 -0.0442 0.0217268 
-0.0384413  -0.02 -0.0139194 
-0.0374626 -0.017 0.00831265 
-0.0402878 -0.0468645 -0.0258731 
-0.037643 -0.044 -0.023006 
-0.0401053 -0.0332312 0.0262 
-0.0481166 -0.0280567 -0.0232 
-0.0504571 -0.0442 0.0186674 
-0.0331426 -0.0328156 0.0262 
-0.0357651 -0.0282893 -0.0245747 
-0.0294575 -0.047353 -0.0164 
-0.0492443 -0.0347754 -0.027003 
-0.028988 -0.0524912 0.0194923 
-0.0346266 -0.0526 -0.0152668 
-0.0470632 -0.0417463 -0.0232 
-0.0303349 -0.017 0.000376847 
-0.052697 -0.0241072 -0.0261466 
-0.030797 -0.0399811 -0.0262 
-0.0318405 -0.0505852 -0.0235223 
-0.0538499 -0.0514118 -0.0177894 
-0.0305596 -0.032729 -0.0262 
-0.0400387  -0.02 -0.00703203 
-0.032518 -0.0182117 0.0116835 
-0.0382427 -0.0187694 -0.0232091 
-0.0263445 -0.0525088 -0.0207442 
-0.049524 -0.017 -0.008723689999999999 
-0.0322435 -0.0472387 -0.0257552 
-0.0526117  -0.02 0.0164956 
-0.0488159 -0.0442 0.0169312 
-0.0276343 -0.0370451 -0.0232 
-0.0433889 -0.0198778 -0.0243438 
-0.0516887 -0.0171753 0.0198315 
-0.0325362 -0.0512725 -0.0129342 
-0.0456784 -0.0187461 -0.0143887 
-0.0515528 -0.018363 0.022657 
-0.0325137 -0.0237487 -0.0260975 
-0.0491498 -0.0401431 0.0262 
-0.041212 -0.0496 -0.00429638 
-0.0538499 -0.0455275 0.0180215 
-0.0343732 -0.0182293 -0.0147331 
-0.0526042 -0.0240979 -0.0261453 
-0.0318569 -0.0496 -0.000443539 
-0.0483696 -0.0493844 -0.0246197 
-0.0355259 -0.0335781 0.0262 
-0.0518499 -0.0340535 -0.0256865 
-0.0403542 -0.017 0.0108407 
-0.0318424 -0.0308725 -0.0232 
-0.0519473 -0.0496 -0.0148057 
-0.035624 -0.0462861 -0.0222634 
-0.0381719 -0.036195 -0.0262 
-0.0538499 -0.0180212 -0.00922682 
-0.0491606 -0.0526 -0.00949091 
-0.0346755 -0.0317238 0.0232 
-0.0370926 -0.0411941 -0.0262 
-0.0396311 -0.0460419 0.0205941 
-0.0270651 -0.0496 0.0083062 
-0.0273785 -0.0294673 0.0262 
-0.0521757 -0.0251059 0.0262 
-0.0367036 -0.0538414 -0.0211 
-0.029492 -0.0234625 -0.0260456 
-0.03651  -0.02 -0.00713875 
-0.0441316 -0.0496 -0.00733864 
-0.0344303 -0.0498739 0.0242078 
-0.0426815 -0.0180212 -0.00487652 
-0.0528803 -0.0207633 -0.02085 
-0.053188 -0.0390746 0.023259 
-0.0448183 -0.0298114 -0.0232 
-0.0292919 -0.017 0.0119942 
-0.0458417 -0.0516842 0.0050288 
-0.0258999 -0.0502908 0.00585576 
-0.0455507 -0.0186563 0.0018863 
-0.0349654 -0.017 -0.0151849 
-0.0271511 -0.0319634 0.0232 
-0.0354599 -0.0367783 0.0232 
-0.0474873 -0.0488958 -0.0249537 
-0.0495816  -0.02 0.00479575 
-0.0528415 -0.0491716 -0.0222578 
-0.0403798 -0.0182165 -0.0224272 
-0.0434507 -0.0508783 0.0046298 
-0.0258499 -0.0188564 -0.0209096 
-0.0340216 -0.0187254 0.0133889 
-0.0451339 -0.0191546 0.0236511 
-0.0328756 -0.0457535 -0.0183 
-0.0454767 -0.0522917 -0.0145862 
-0.0283283 -0.0496 0.0145084 
-0.0314814 -0.0442 0.0197333 
-0.0499193 -0.040942 -0.0262 
-0.0423637 -0.0526 -0.0062541 
-0.0454195 -0.0242246 -0.0263407 
-0.0299704 -0.024919 -0.0231965 
-0.0480301 -0.044 -0.020409 
-0.0422865 -0.0526 0.0170793 
-0.0386828 -0.0488455 -0.02361 
-0.0395081 -0.017 -0.011839 
-0.0488736 -0.017 -0.0111654 
-0.0363901 -0.0486624 0.0250885 
-0.0409435  -0.02 0.0161572 
-0.0338345  -0.02 0.0169697 
-0.0521654 -0.02365 -0.0260839 
-0.0320484  -0.02 0.0112013 
-0.0287572 -0.0526 0.00227949 
-0.0421099 -0.0496 -0.000677429 
-0.0351567 -0.0475824 0.0154 
-0.0373737 -0.0249557 -0.0258239 
-0.0466687 -0.017 -0.014829 
-0.0531603 -0.0170503 0.00637178 
-0.0464626 -0.0186721 -0.0230823 
-0.0421409 -0.0175389 -0.0210831 
-0.053138 -0.0463842 0.0154426 
-0.0293318  -0.02 0.0103514 
-0.0441896 -0.0526 0.00833181 
-0.0389206 -0.0312064 0.0232 
-0.027529  -0.02 -0.0120382 
-0.0368678 -0.0186766 -0.012376 
-0.0327482 -0.0499264 -0.0124581 
-0.0258499 -0.0479181 0.0235637 
-0.0404574 -0.0307425 0.0262 
-0.0297865 -0.0442 0.0155848 
-0.0362918 -0.0443157 -0.0262 
-0.0305115 -0.0380176 0.0232 
-0.0428351 -0.0179039 -0.00417309 
-0.0258499 -0.0273363 -0.0258606 
-0.0404142 -0.0207971 0.024999 
-0.0290442 -0.0526 -0.010747 
-0.0430374 -0.0476982 0.0176 
-0.0299107 -0.0496 0.0103447 
-0.0335323 -0.0188255 0.00470972 
-0.0408232 -0.0198178 0.0242918 
-0.0326364 -0.017 -0.0037009 
-0.037603 -0.0404845 -0.0232 
-0.0269814 -0.0496 0.00909426 
-0.0453398 -0.0176605 -0.0108797 
-0.0324314 -0.0171371 0.00363166 
-0.0520754 -0.0496 0.00208168 
-0.0436943 -0.0495965 -0.024462 
-0.0307073 -0.0256807 0.0232 
-0.0518499 -0.0349772 -0.0243568 
-0.0393779 -0.0496 -0.0105182 
-0.0267528 -0.0496049 -0.00733028 
-0.0452966 -0.0221282 0.0256614 
-0.0502856 -0.017 0.0147469 
-0.0481653 -0.0440649 0.0232 
-0.0486262 -0.0526 -0.00400813 
-0.0371994 -0.017 0.00865195 
-0.0538412 -0.0191242 0.0159394 
-0.0492427 -0.0351618 -0.0269572 
-0.048404 -0.034398 0.0262 
-0.0281105 -0.0495341 0.0154 
-0.0300241  -0.02 0.0132689 
-0.0354691 -0.0500273 -0.0240894 
-0.035459 -0.0442 0.0155035 
-0.0415707 -0.0317909 0.0232 
-0.0478745 -0.0323065 -0.0279765 
-0.0455847 -0.0318243 -0.0262 
-0.0333548 -0.0525827 0.0185954 
-0.0487216 -0.0442 0.0198149 
-0.0459162 -0.0257925 0.0262 
-0.0338813 -0.03041 -0.0232 
-0.0372572 -0.0510525 0.0117574 
-0.0391147  -0.02 -0.00363053 
-0.0501963 -0.02357 0.0229868 
-0.0299183 -0.0538998 -0.0181848 
-0.0473609 -0.0442 0.0204254 
-0.0300632 -0.0494827 -0.0164 
-0.0377144 -0.0180637 0.0221844 
-0.0284568 -0.029217 0.0262 
-0.0286074 -0.046248 -0.0260259 
-0.0515592 -0.017 0.00484456 
-0.0535529 -0.0172889 -0.00969471 
-0.0337357 -0.0496 0.00536759 
-0.0358872 -0.0508676 0.0131842 
-0.0369736 -0.0465014 0.0154 
-0.0518499 -0.0440488 -0.0241455 
-0.0403684 -0.017 -0.00254786 
-0.0520032 -0.0192481 -0.0237532 
-0.0489575 -0.053888 -0.0215344 
-0.0407352  -0.02 0.0171708 
-0.0403789 -0.0207747 -0.0208676 
-0.0294106 -0.0179441 -0.0219698 
-0.0409064 -0.0204167 -0.0201916 
-0.0534378 -0.0505528 -0.0235577 
-0.0306922 -0.017 0.00661214 
-0.0427794 -0.0501218 -0.0124276 
-0.0384523 -0.0538972 -0.021458 
-0.040842 -0.0521461 0.0208457 
-0.0317035 -0.0526 -0.0143075 
-0.0404162 -0.0298513 0.0232 
-0.0425454 -0.0404377 -0.0262 
-0.0259168 -0.0497586 -0.017042 
-0.0264435 -0.0496866 -0.00511254 
-0.0296333  -0.02 -0.0107485 
-0.0424891 -0.0515786 0.0117119 
-0.0445514 -0.0194299 -0.00249232 
-0.0420247 -0.0202996 -0.0246674 
-0.0412455 -0.017 0.000643788 
-0.0375894 -0.0204353 0.0247684 
-0.0537453 -0.0207028 0.0242761 
-0.031586 -0.026235 -0.0262 
-0.0451728 -0.0200188 0.018631 
-0.0527264 -0.0496 -0.009933630000000001 
-0.0412157 -0.017 0.00737898 
-0.0452271 -0.0199526 0.0138306 
-0.0403529 -0.0481664 0.0159291 
-0.0290406 -0.0496 0.00189293 
-0.0397594 -0.0496 0.0120694 
-0.0499437 -0.0526 0.0120184 
-0.0367583 -0.0313453 -0.0262 
-0.0418155 -0.0496 -0.0133305 
-0.0491194 -0.0316779 0.0262 
-0.0352599 -0.0476302 -0.0205041 
-0.0470138 -0.04714 0.0257794 
-0.0385364 -0.0432033 -0.0232 
-0.025935 -0.0501981 0.00768039 
-0.0354326 -0.0515777 -0.0146294 
-0.0407833 -0.0464865 0.0157804 
-0.0402849 -0.0496 0.0138857 
-0.0421376 -0.0466769 -0.0259309 
-0.0537293 -0.0175258 0.0140775 
-0.0348521 -0.01795 0.00940214 
-0.0323674 -0.017 0.0175431 
-0.0481191  -0.02 0.017887 
-0.0479245 -0.050705 0.0233678 
-0.0310623 -0.0537365 -0.0193156 
-0.0432522 -0.0442 0.0165841 
-0.0476981 -0.0526 -0.0104883 
-0.0538499 -0.0188252 -0.0168928 
-0.0510619 -0.0342358 -0.0262 
-0.0538499 -0.0188994 0.011088 
-0.0324704 -0.0388375 0.0262 
-0.0476836 -0.0496 0.00114851 
-0.0538499 -0.0513049 -0.0009825019999999999 
-0.0268445 -0.0496001 0.00490858 
-0.0331561 -0.0526 0.00148361 
-0.0266711 -0.0465867 -0.0164163 
-0.0472733  -0.02 -0.010269 
-0.0436779  -0.02 -0.0172044 
-0.0423461 -0.0526 0.00832048 
-0.0510179 -0.0188011 -0.0232503 
-0.0443976 -0.0526 0.00755884 
-0.0399454 -0.0410362 -0.0232 
-0.0258631 -0.0429081 -0.0240417 
-0.0354287 -0.0520996 -0.00643317 
-0.0458059 -0.0258047 0.0262 
-0.0397776  -0.02 -0.0056207 
-0.0392589  -0.02 -0.000240257 
-0.0389609 -0.0526 -0.00457935 
-0.031888 -0.017 0.007868109999999999 
-0.0260349 -0.019579 0.0112041 
-0.0448084 -0.0485149 -0.0251857 
-0.0273048 -0.050011 0.0240822 
-0.0458661 -0.0509848 -0.0230365 
-0.0349532 -0.0193751 -0.0068988 
-0.049839 -0.0526 -0.0121588 
-0.0409915 -0.0526 0.008942530000000001 
-0.0393835 -0.0526 -0.00759992 
-0.049641 -0.0526 0.00434587 
-0.0454525  -0.02 0.009176520000000001 
-0.0313693 -0.0207674 0.0208531 
-0.0348343 -0.0251831 0.0232 
-0.0456738 -0.0369286 0.0262 
-0.0483979 -0.0450617 0.0154 
-0.0432055 -0.0276216 0.023957 
-0.0367875 -0.0423415 0.0232 
-0.040597 -0.045503 0.0209984 
-0.0365161 -0.026806 0.0232 
-0.0526542 -0.0496 -0.0100194 
-0.0504675 -0.0180207 0.0221019 
-0.0446075 -0.0177768 -0.0216383 
-0.0529263 -0.0238758 0.02611 
-0.0440896 -0.0516295 -0.0111445 
-0.0467657  -0.02 0.0027212 
-0.0460286 -0.017 0.0130615 
-0.0274112 -0.0404433 0.0262 
-0.0360103 -0.0356177 0.0232 
-0.0272082 -0.0214136 -0.0216801 
-0.0360365 -0.0227666 0.0258761 
-0.0487382 -0.017 0.00716641 
-0.0495395 -0.0486728 0.0250843 
-0.0425108 -0.0302141 -0.0262 
-0.0381126 -0.0251459 -0.0238532 
-0.0388354 -0.022184 0.0256845 
-0.0426276 -0.0334404 -0.0232 
-0.0259229 -0.019525 -0.0194786 
-0.025876 -0.0518226 0.00163427 
-0.0363758 -0.0526 0.0169437 
-0.040372 -0.0170761 -0.0192919 
-0.0258499 -0.0394569 -0.0247648 
-0.0491486 -0.0350894 -0.029622 
-0.0396751  -0.02 0.00773006 
-0.041335 -0.0508449 0.0231904 
-0.0533863 -0.0524429 -0.00954633 
-0.0458688 -0.0526 0.0158038 
-0.0258499 -0.0450189 0.0249719 
-0.0266311 -0.0200981 -0.0192844 
-0.043249 -0.017 0.009791889999999999 
-0.0446603 -0.04458 0.0262 
-0.0426494 -0.0325228 -0.0232 
-0.0260187 -0.0195748 -0.018663 
-0.0342383 -0.0184078 -0.00640106 
-0.0511862 -0.0305701 0.0232 
-0.0333101 -0.0355865 -0.0232 
-0.0504436 -0.0496 -0.00687412 
-0.0258626 -0.0178454 0.0165792 
-0.0258499 -0.0384858 0.0247797 
-0.0403345 -0.017 -0.009619590000000001 
-0.0286833 -0.0538034 -0.0178191 
-0.0319949 -0.049373 0.0246117 
-0.0355771 -0.0454453 0.0154 
-0.0307515 -0.017 0.0070307 
-0.0444541 -0.0482114 0.0154 
-0.0484641 -0.0180674 0.0221915 
-0.0411949 -0.0476472 -0.0256003 
-0.0340835 -0.0222906 -0.025726 
-0.0270106 -0.0442 0.0158531 
-0.0457847 -0.0256223 -0.03019 
-0.0496596 -0.0475066 0.0256474 
-0.0538457 -0.0505099 -0.0115413 
-0.0283428 -0.0526 0.0119313 
-0.0492206 -0.0526 -0.0164682 
-0.0453369 -0.0507554 -0.00652313 
-0.0304576 -0.0221477 0.0223057 
-0.0361421 -0.0522977 0.0203646 
-0.0484606 -0.0314429 -0.0295594 
-0.0332801 -0.017447 -0.0119373 
-0.0283443 -0.0496 0.008971 
-0.0358436 -0.0431879 -0.0232 
-0.0501419 -0.0260505 0.0262 
-0.0411963 -0.0273965 -0.0269122 
-0.0318917  -0.02 -0.00393386 
-0.04148 -0.0442 0.0214944 
-0.0269969 -0.0496 0.0026596 
-0.0289526 -0.017 -0.0072414 
-0.0319587 -0.0390199 -0.0262 
-0.0398902 -0.0526 -0.00987234 
-0.042035 -0.044 -0.0217303 
-0.0258499 -0.0194315 -0.0235308 
-0.0259891 -0.0521082 -0.0183091 
-0.0495203 -0.0427173 0.0262 
-0.0426489 -0.017 0.0173385 
-0.0425454 -0.0323501 0.0232 
-0.047425 -0.017028 0.0188423 
-0.0499116 -0.017 0.00822312 
-0.0467198 -0.0312986 0.0232 
-0.0458582 -0.0496 0.00839082 
-0.046906  -0.02 -0.0171137 
-0.026844 -0.0525997 0.0097658 
-0.0259868 -0.0400685 0.0257045 
-0.0334507 -0.0455802 -0.0183 
-0.0444111 -0.0473016 0.0154 
-0.0455661 -0.0526 0.00620526 
-0.0300538 -0.0496 0.00606268 
-0.0526595  -0.02 -0.014232 
-0.0375734 -0.0324767 0.0262 
-0.0501689 -0.017 -0.00659304 
-0.0521622 -0.0496 -0.00210748 
-0.0317296 -0.0538477 -0.0184839 
-0.0421689 -0.017 -0.00423923 
-0.0323026 -0.0496 0.00312195 
-0.0428208 -0.0512154 -0.00501298 
-0.0362875 -0.0251971 -0.0251408 
-0.0283157 -0.0293593 0.0262 
-0.032878 -0.0290603 -0.0262 
-0.0410932 -0.0281862 -0.0232 
-0.0479013 -0.0236689 0.0260861 
-0.0408912 -0.049443 0.0196562 
-0.0462506 -0.0282993 0.0262 
-0.0342454 -0.039006 -0.0232 
-0.0429971 -0.0230197 0.0259474 
-0.0519723 -0.017 -0.0127786 
-0.0353284 -0.0468509 0.0154 
-0.0372693 -0.0503048 -0.0238283 
-0.0425171 -0.0176956 -0.00448449 
-0.0345041 -0.0496 0.0067274 
-0.0514247 -0.0496 -0.00317094 
-0.0335152 -0.0526 0.0166255 
-0.0455343 -0.0170794 -0.0193174 
-0.0533111 -0.0524862 0.0165557 
-0.0535816 -0.0197209 -0.0188189 
-0.035721 -0.0200011 -0.0182261 
-0.0261676 -0.0498702 -0.0083526 
-0.0420219 -0.017 -0.00597968 
-0.0281007 -0.0211132 -0.0213405 
-0.0311921 -0.0212345 0.0252503 
-0.0455498 -0.0182672 -0.0145146 
-0.0463451 -0.0365397 -0.0292301 
-0.042937 -0.0526 0.00084864 
-0.0457932 -0.0365373 -0.0294007 
-0.0360494 -0.0339619 0.0232 
-0.0485813 -0.042565 -0.0262 
-0.0522744 -0.0496 -0.00265928 
-0.0538499 -0.0184497 -0.0182087 
-0.0418097 -0.028818 0.0262 
-0.0349258 -0.0479258 -0.0254855 
-0.0301074 -0.0496 -0.00673592 
-0.0408385  -0.02 -0.00619178 
-0.0317526 -0.0496 -0.008190090000000001 
-0.0407231 -0.0336114 -0.0232 
-0.0375315 -0.044 -0.0198805 
-0.0396855 -0.0284117 0.0253288 
-0.0494682 -0.0413675 0.0232 
-0.0441863 -0.0496 -0.00179654 
-0.047104 -0.0464667 0.0154 
-0.0369572 -0.0441377 -0.0183 
-0.04676  -0.02 0.0146536 
-0.0431235 -0.0526 -0.0172579 
-0.0262918 -0.0524561 -0.019856 
-0.049587 -0.017 0.0147883 
-0.03628  -0.02 -0.00772127 
-0.042788 -0.0485398 0.0220472 
-0.0400538 -0.0249016 -0.0261957 
-0.0511354 -0.0217342 0.0219827 
-0.0323474 -0.0337155 0.0262 
-0.0506982 -0.0526 -0.0166521 
-0.0530992 -0.0212996 -0.0252841 
-0.0258533 -0.0398902 -0.0241221 
-0.0500315 -0.017 0.009046820000000001 
-0.0490518 -0.0361323 -0.0287795 
-0.0310767 -0.039884 0.0232 
-0.0359848 -0.017 0.0151633 
-0.0538499 -0.0180249 -0.00757575 
-0.0471574 -0.0176358 0.00374029 
-0.0415347 -0.0325975 -0.0232 
-0.0365442  -0.02 -0.0157069 
-0.046157 -0.0518558 0.00248002 
-0.0363207 -0.0478172 -0.0174077 
-0.0520098 -0.0525469 0.0190692 
-0.0463887 -0.0496 0.009610509999999999 
-0.0531126 -0.0170353 -0.00246041 
-0.0318327 -0.0526 0.00892655 
-0.0485246 -0.0276075 0.0262 
-0.0458031 -0.0170226 -0.0187186 
-0.0365754 -0.0340503 -0.0232 
-0.0518499 -0.0453115 -0.0211954 
-0.0500657 -0.0420779 -0.0262 
-0.0488495 -0.0292288 0.0232 
-0.0284757 -0.0526 -0.0104915 
-0.0317912  -0.02 -0.00697025 
-0.0533202 -0.0497185 -0.00106076 
-0.0462291 -0.0519391 -0.00564939 
-0.0538499 -0.0236275 0.0244482 
-0.0472083 -0.0430108 -0.0232 
-0.029369 -0.017 0.00723005 
-0.0314453 -0.0429818 0.0232 
-0.0475408 -0.0365448 -0.0276921 
-0.042641 -0.0184799 -0.00483692 
-0.0444841 -0.0496 -0.00968193 
-0.0293539  -0.02 -0.00560192 
-0.0488175 -0.017 0.0174526 
-0.041715 -0.0250651 0.0261641 
-0.0383559 -0.017 0.00154847 
-0.0315625 -0.0170298 0.0188835 
-0.0440336 -0.0512478 0.00199938 
-0.0259372 -0.0501929 -0.00611875 
-0.0380112 -0.0456024 -0.0209124 
-0.027892 -0.0266983 -0.0232 
-0.0465462 -0.042994 0.0262 
-0.0348209 -0.0236635 0.0260854 
-0.0538499 -0.0523247 -0.0174714 
-0.0258499 -0.0189479 -0.000204667 
-0.0327079 -0.017 -0.00196067 
-0.0424025 -0.0409624 0.0262 
-0.0483804 -0.0496 0.0136763 
-0.0400215 -0.0473955 -0.0249849 
-0.0504707 -0.0496 6.08792e-05 
-0.0490656 -0.0383699 -0.0232 
-0.0384815 -0.0458749 -0.0238314 
-0.041745 -0.017 0.00476397 
-0.0265125 -0.0193566 -0.0238692 
-0.0421913 -0.0277452 -0.0270737 
-0.0486898 -0.0179719 -0.0220194 
-0.0420266 -0.0323513 -0.0262361 
-0.0536756 -0.0521633 -0.00641283 
-0.0258499 -0.0331107 0.0246077 
-0.0530815 -0.049628 0.0059561 
-0.036596 -0.0500406 0.00290989 
-0.0535846 -0.0192321 -0.0237357 
-0.0336418 -0.0496 -0.00305362 
-0.0272427 -0.0339367 0.0232 
-0.0512193 -0.0526 -0.0124761 
-0.0510736  -0.02 0.0108011 
-0.0419521 -0.0496 0.0151826 
-0.0512861 -0.0534129 -0.0206102 
-0.0434468 -0.0265201 0.0232079 
-0.0417656 -0.0526 -0.00728173 
-0.0258499 -0.0219869 -0.0252851 
-0.0512577 -0.0461628 0.0154 
-0.03396 -0.0525735 0.0188064 
-0.0366867 -0.0387375 -0.0232 
-0.0361253 -0.0170335 0.0189205 
-0.0407856 -0.0480056 -0.0164 
-0.0504999 -0.0224461 -0.0224979 
-0.0283597 -0.017 0.0168902 
-0.0443986  -0.02 -0.0104705 
-0.0358957 -0.0526 -0.0113102 
-0.0414387 -0.017 0.00270674 
-0.0426321 -0.0170745 0.0115719 
-0.0279785 -0.0496 -0.0161474 
-0.0371701 -0.0526 -0.0149181 
-0.0362538 -0.0199715 -0.0138252 
-0.0275316  -0.02 -0.009062600000000001 
-0.0263005 -0.0231007 0.0257961 
-0.0259511 -0.019437 0.0128945 
-0.0480382 -0.0412567 0.0262 
-0.0439895 -0.0310935 -0.0262 
-0.0467596 -0.0416722 -0.0262 
-0.0408201  -0.02 -0.000998821 
-0.0499104 -0.0526 -0.0162822 
-0.0332534 -0.0306085 0.0232 
-0.0366002 -0.0505911 0.0234921 
-0.0481847 -0.017 -0.00332925 
-0.0412809 -0.0458789 0.0176 
-0.0333873 -0.0526 -0.0143765 
-0.033094 -0.0451938 -0.0183 
-0.0365102 -0.0319971 -0.0262 
-0.042195  -0.02 0.0047735 
-0.0486104 -0.017 -0.011921 
-0.0404047 -0.0496 0.0066659 
-0.0260348 -0.0521789 0.0178262 
-0.0444791 -0.0295512 -0.0262 
-0.039138 -0.0378117 0.0232 
-0.0367018 -0.0513249 0.0225191 
-0.0464781 -0.0526 -0.00329978 
-0.0534387 -0.025141 0.0233925 
-0.0258499 -0.0249844 -0.0256486 
-0.0369566 -0.0284396 0.0262 
-0.0324909 -0.017 0.00323525 
-0.0515214  -0.02 -0.00168348 
-0.0338527 -0.017 0.000426569 
-0.0493443 -0.0496 0.0112331 
-0.0521202 -0.0192736 0.023781 
-0.0259332 -0.029475 -0.0262 
-0.0466857 -0.0526 -0.00117251 
-0.0322313 -0.017 -0.0016179 
-0.0263673 -0.0198909 0.0185617 
-0.0434629 -0.0326489 -0.0280478 
-0.0332413 -0.0442 0.017355 
-0.0293136 -0.017 0.00505121 
-0.0480156 -0.0286641 -0.03019 
-0.0408479 -0.0526 -0.0144026 
-0.0370473  -0.02 0.00439475 
-0.0320392 -0.0282792 -0.0262 
-0.0321128 -0.0458347 0.0154 
-0.0292336 -0.0341078 -0.0262 
-0.0361812 -0.0506799 0.0233952 
-0.0339441 -0.0510437 0.013313 
-0.0302231 -0.0526 -0.011054 
-0.0295932 -0.0455541 0.0154 
-0.0419387 -0.040431 0.0232 
-0.0317645 -0.0496 0.00565788 
-0.0457965 -0.0172767 -0.0202857 
-0.0262594 -0.0201288 -0.019999 
-0.040402  -0.02 -0.0093179 
-0.0517522 -0.0501803 -0.0239531 
-0.0484771 -0.025743 0.0262 
-0.0399897 -0.0526 0.009368670000000001 
-0.0298537 -0.0221491 0.0223066 
-0.0274315 -0.0366124 -0.0232 
-0.0469673  -0.02 -0.007955200000000001 
-0.0400604 -0.0473119 0.016574 
-0.0362177 -0.0172676 0.0107395 
-0.0426347 -0.0389277 0.0262 
-0.0287669 -0.0213617 -0.0253165 
-0.0376655 -0.0494049 -0.0194169 
-0.0366599 -0.0338545 -0.0262 
-0.0387615  -0.02 0.0165617 
-0.0333558 -0.0526 0.0105703 
-0.0291778 -0.0474603 -0.0164 
-0.0527217 -0.0463157 0.0260061 
-0.0326275 -0.017 -0.0022215 
-0.0362637 -0.017 -0.00106081 
-0.0518499 -0.0427974 -0.0248114 
-0.0406671 -0.0526 0.008152339999999999 
-0.0332967 -0.0526 0.00545453 
-0.0527458 -0.0243704 -0.0231596 
-0.0521859  -0.02 -0.00241974 
-0.027134 -0.0526 0.00426148 
-0.0476155 -0.0440912 0.0262 
-0.0362912 -0.0314403 0.0262 
-0.0404924 -0.0270001 -0.0232 
-0.0263712 -0.029649 0.0260771 
-0.0533923 -0.017161 -0.00214603 
-0.026766 -0.0496036 -0.0151444 
-0.0308082 -0.0270605 -0.0262 
-0.0522444 -0.0380501 0.0262 
-0.0508348 -0.017 -0.00242752 
-0.0518332 -0.0511739 -0.0227901 
-0.0386573 -0.0526 0.0177833 
-0.0424615 -0.0260905 -0.0283715 
-0.0308699 -0.0442 0.0168137 
-0.0391961 -0.0526 0.0174458 
-0.0325782 -0.017 -0.0163288 
-0.0510433 -0.044174 0.0262 
-0.0481748  -0.02 -0.0123221 
-0.0288197 -0.0391853 0.0232 
-0.047104 -0.0366628 -0.0232 
-0.0258499 -0.049619 0.0192627 
-0.0353689 -0.0502105 -0.0064918 
-0.0434824 -0.0496 0.00156347 
-0.0496062 -0.0317241 -0.0232 
-0.0261888 -0.0197492 -0.000428119 
-0.0330024 -0.017 -0.0172332 
-0.0258588 -0.0517257 -0.017725 
-0.0537686 -0.0502073 0.000151092 
-0.0345997 -0.0481483 0.0253634 
-0.0396043 -0.017 0.0170696 
-0.0475463 -0.053812 -0.0185636 
-0.0293118 -0.0200267 -0.018695 
-0.0476476 -0.0526 0.00589379 
-0.0422293 -0.017 0.0042113 
-0.0420749  -0.02 -0.0057975 
-0.0536766 -0.0446383 0.0181788 
-0.0271999 -0.0426466 -0.0262 
-0.0349234 -0.024271 0.0231424 
-0.0312837 -0.0170967 -0.0194397 
-0.033494 -0.0496354 -0.00352782 
-0.0511718 -0.0526 -0.0105353 
-0.0279472 -0.0314775 -0.0262 
-0.0513854 -0.0240281 0.0231011 
-0.0533696 -0.0507374 0.0230901 
-0.0258499 -0.0506948 -0.00110791 
-0.0293658  -0.02 0.00883455 
-0.0258499 -0.0252318 0.024512 
-0.028378  -0.02 -0.017823 
-0.0281009 -0.0492526 0.0154 
-0.0270918 -0.046503 0.0154 
-0.0538499 -0.045738 0.0201696 
-0.0472057 -0.0496 0.0112467 
-0.0269582 -0.0458717 -0.0260968 
-0.0401374 -0.0372626 0.0232 
-0.0511205 -0.0526 0.00446626 
-0.052359 -0.0286289 0.0262 
-0.0325684 -0.0186972 0.0119658 
-0.026594 -0.0170333 0.0102214 
-0.0360609 -0.0526991 -0.0174 
-0.051979 -0.017 -0.0120013 
-0.0353434 -0.0526 0.0096738 
-0.0306415 -0.017 -0.0172528 
-0.0258499 -0.0182951 0.0017379 
-0.0424498 -0.0277017 -0.0273995 
-0.0260242 -0.0195633 0.0111574 
-0.043659 -0.0472327 0.0226461 
-0.0396365 -0.046 -0.0178472 
-0.0370696 -0.017 0.00797898 
-0.0309019 -0.0372404 -0.0232 
-0.0464072 -0.0306077 -0.0232 
-0.0341047 -0.0375697 0.0232 
-0.0337223 -0.0411053 0.0232 
-0.0396445 -0.0343303 0.0232 
-0.0281019 -0.017 -0.008753789999999999 
-0.0353763 -0.0249892 -0.0261995 
-0.0330119 -0.0220897 -0.0222645 
-0.0441775 -0.0496755 -0.024399 
-0.02799 -0.0496 0.009771729999999999 
-0.0316195 -0.0496 0.0145271 
-0.0415462 -0.0526 0.0167561 
-0.0481998 -0.017 0.00471421 
-0.0308303 -0.0270333 0.0232 
-0.0279092 -0.017 -0.0181175 
-0.0451352 -0.0514032 0.00147934 
-0.0380839 -0.0526 0.000408563 
-0.0401218 -0.0233138 -0.0260126 
-0.030455 -0.0447471 0.0261936 
-0.0513694 -0.0526 0.00133008 
-0.0440068 -0.0182672 -0.00302565 
-0.0364613 -0.017 0.0127631 
-0.0269739 -0.0173312 -0.0204766 
-0.0383456 -0.0201288 0.0245364 
-0.0279438 -0.0526 -0.0019776 
-0.0416763 -0.0270154 -0.0275059 
-0.0375838 -0.0229023 -0.0259189 
-0.0263111 -0.0205467 0.0208018 
-0.0424862  -0.02 0.00909312 
-0.0419465 -0.0240411 0.0231039 
-0.0316909  -0.02 -0.0134096 
-0.0276018 -0.0526 0.00676225 
-0.0482398 -0.017 -0.008860460000000001 
-0.0519316 -0.0517205 0.0218307 
-0.0308711 -0.0447985 -0.0217131 
-0.0489447 -0.0288449 -0.0299361 
-0.0433019 -0.0514549 0.00448405 
-0.0452591 -0.036535 -0.0271186 
-0.0315887 -0.0526 0.0149776 
-0.0519846  -0.02 -0.00705778 
-0.0364989 -0.0455981 -0.0232014 
-0.0428668 -0.0341012 -0.0232 
-0.043928 -0.0410355 0.0262 
-0.0382484 -0.017 0.0105735 
-0.0258499 -0.044336 -0.0260279 
-0.0260447 -0.0391164 0.0257917 
-0.0304215 -0.0496 -0.0158134 
-0.0300615 -0.0212354 -0.0252507 
-0.0325766 -0.0507127 -0.00477379 
-0.0440629 -0.0496 0.00150177 
-0.0470254 -0.0210438 0.0212497 
-0.0346646 -0.0444941 0.0262 
-0.0388006 -0.0411726 0.0232 
-0.0495366 -0.0442 0.0172165 
-0.0353865 -0.017 0.007991359999999999 
-0.0479467 -0.0242354 -0.0268555 
-0.0439185 -0.0394738 -0.0232 
-0.0410541  -0.02 -0.0130265 
-0.0302133 -0.0485112 0.0251766 
-0.0516217 -0.017 -0.0173704 
-0.0432233  -0.02 -0.0106401 
-0.0298588 -0.017 0.0171927 
-0.0360191 -0.0469442 0.025847 
-0.0492774 -0.0267366 -0.0286397 
-0.0453578 -0.0329064 -0.0301898 
-0.0483829  -0.02 0.000850318 
-0.036043 -0.0526 -0.0141279 
-0.0347846 -0.044 -0.0228235 
-0.0465483  -0.02 -0.0153532 
-0.0388309 -0.0486971 -0.0219571 
-0.0538469 -0.0516688 -0.00667684 
-0.0258821 -0.0518505 -0.0159808 
-0.0323212 -0.0411896 -0.0232 
-0.0343884 -0.0510565 -0.00654805 
-0.0402551 -0.017 0.00192624 
-0.0477007 -0.0293401 -0.029898 
-0.0445852 -0.0534606 -0.0205145 
-0.0538499 -0.0505767 -0.0168491 
-0.0316171 -0.0301793 -0.0262 
-0.0327982 -0.0193829 -0.00420923 
-0.0501507 -0.017 -0.009628299999999999 
-0.0260581 -0.0491717 0.0157908 
-0.0271598 -0.017 -0.00162123 
-0.0396146 -0.0526 -0.0124357 
-0.049769 -0.0496 0.00421337 
-0.0330965 -0.0489632 -0.0164 
-0.0262533 -0.0497984 0.00711057 
-0.0492769 -0.0268706 -0.0291997 
-0.042394 -0.0522097 0.020644 
-0.0283859  -0.02 0.0171578 
-0.0291899  -0.02 -0.00173776 
-0.0258816 -0.019248 0.0165015 
-0.02894 -0.0526 0.015308 
-0.0506749 -0.0492533 -0.0247203 
-0.033307 -0.0191372 -0.0119109 
-0.02975 -0.039328 -0.0232 
-0.0304908 -0.0305592 0.0262 
-0.0258499 -0.0508505 0.016371 
-0.0284526 -0.0344718 -0.0232 
-0.0483476 -0.0500917 0.0240082 
-0.033525 -0.0295168 -0.0232 
-0.0521536 -0.0496 -0.00848311 
-0.0310362 -0.0484865 -0.0164 
-0.0424988  -0.02 -0.00982863 
-0.0318782 -0.0526 -0.0101122 
-0.0275084 -0.0501451 0.0239593 
-0.0387088 -0.0393494 -0.0232 
-0.0504114 -0.0536784 -0.0176484 
-0.0310457  -0.02 0.00304523 
-0.0438597 -0.017 0.00641671 
-0.0270313 -0.0224 0.0224664 
-0.0337864 -0.0526 0.0150874 
-0.0280342  -0.02 0.00359604 
-0.0418453 -0.0496 -0.0147136 
-0.0406886 -0.0259599 -0.026598 
-0.0451757 -0.0179174 -0.00251903 
-0.0323016 -0.0246655 0.0261858 
-0.0537787 -0.0176316 -0.0154529 
-0.0463699 -0.0526 -0.0171687 
-0.0435233 -0.0194244 -0.0116991 
-0.037384 -0.0494438 -0.0192748 
-0.030767 -0.0526 0.0170799 
-0.0521851 -0.017 0.00023174 
-0.0459571 -0.0481418 -0.0164 
-0.0302743 -0.017 -0.00462788 
-0.0426035 -0.0487246 0.024874 
-0.0408482 -0.0316964 -0.0262 
-0.0300995 -0.017 0.00031607 
-0.0538482 -0.0179569 -0.00512263 
-0.0396619 -0.017 0.00866551 
-0.0367768  -0.02 -0.0147179 
-0.0538484 -0.0179524 -0.0144326 
-0.0354408 -0.0496 0.015198 
-0.0273159  -0.02 0.00156275 
-0.0475901 -0.0496 0.00247124 
-0.0526364 -0.0206949 -0.02074 
-0.0276072 -0.0526 -0.0168887 
-0.0529862 -0.0170103 0.000213519 
-0.0393645 -0.0405323 -0.0232 
-0.0503305 -0.017 0.0131829 
-0.0470918  -0.02 0.0163709 
-0.0444602 -0.0218479 -0.0255453 
-0.0258499 -0.0280002 -0.0250061 
-0.0339983 -0.0526 -0.0164577 
-0.0390979 -0.0207832 -0.0208806 
-0.04031 -0.0402535 0.0262 
-0.0511999 -0.0230611 -0.0259566 
-0.0362926 -0.0496 -0.0147147 
-0.049247 -0.0341428 -0.0288356 
-0.0509142 -0.017 0.0140545 
-0.0515982 -0.0442 0.0193919 
-0.0350782 -0.0524887 0.00962353 
-0.0441681 -0.0445814 -0.0183 
-0.0470142 -0.0442751 0.0154 
-0.0417076 -0.0526 -0.009209200000000001 
-0.041396 -0.0423172 -0.0232 
-0.0453603 -0.0226386 0.0258357 
-0.0391187 -0.017 0.00259312 
-0.041643 -0.017 -0.00810612 
-0.036534  -0.02 -0.0139429 
-0.0454596 -0.0442 0.0220907 
-0.0512336 -0.0391661 0.0262 
-0.0440474  -0.02 -0.0169248 
-0.0295481 -0.027254 -0.0262 
-0.0258499 -0.0195669 0.0214751 
-0.0387308 -0.0297035 -0.0262001 
-0.0472335 -0.0442 0.01677 
-0.0354992 -0.0180408 0.00536417 
-0.0384652 -0.047649 -0.0172031 
-0.0459494 -0.0524907 0.0104767 
-0.0453853 -0.0246309 -0.0231855 
-0.0426282 -0.0335969 0.0262 
-0.0284562 -0.0526 0.0163082 
-0.0258499 -0.0453938 0.0194795 
-0.0439422 -0.0183499 -0.0061111 
-0.0283855 -0.0420742 0.0232 
-0.043613 -0.0496 -0.000193999 
-0.0537002 -0.0446753 0.0178329 
-0.0382136 -0.0496 0.00330696 
-0.0525301  -0.02 -0.0175294 
-0.0269304 -0.0206549 -0.0206712 
-0.0304314 -0.017 -0.014815 
-0.0425639 -0.0170777 0.0116386 
-0.0395074 -0.0204009 -0.020153 
-0.0423644 -0.0283037 -0.0262641 
-0.0336554 -0.0353329 0.0232 
-0.0511254 -0.0340865 -0.0262 
-0.0352493 -0.0246283 -0.0231853 
-0.051005  -0.02 -0.0145317 
-0.0376094 -0.0494172 -0.0201916 
-0.0439382 -0.047982 0.0254499 
-0.0298524 -0.0535166 -0.0188825 
-0.0335252 -0.0526 0.008740339999999999 
-0.0421662 -0.0496 0.00303914 
-0.0452169 -0.0537049 -0.0203224 
-0.0390357 -0.0339139 0.0262 
-0.0437049 -0.0496613 0.0105212 
-0.0281133 -0.017 0.0101924 
-0.0518522  -0.02 -0.0105805 
-0.0503268  -0.02 0.00718847 
-0.0340156 -0.0325996 -0.0232 
-0.0462167 -0.0522265 0.0205907 
-0.0301096 -0.017 -0.00713865 
-0.0344215 -0.0498216 0.00981952 
-0.0476306 -0.0496 -0.000142941 
-0.047619 -0.0496 -0.000769177 
-0.0519147  -0.02 0.0150158 
-0.0522601 -0.017 -0.000353877 
-0.0472054 -0.0460842 -0.0260622 
-0.0466377 -0.0526 0.00751848 
-0.0399985 -0.031969 0.0232 
-0.0332219 -0.024154 0.023127 
-0.0404256  -0.02 0.0111218 
-0.0534019 -0.0171671 0.000959387 
-0.0338888  -0.02 0.000254782 
-0.0424095 -0.0512751 -0.0127898 
-0.0503399 -0.017 -0.0122798 
-0.0259366 -0.0301629 -0.0237944 
-0.0318677 -0.0496 -0.0159062 
-0.0423678 -0.0290205 0.0232 
-0.0407764 -0.0384013 -0.0262 
-0.0268441 -0.0525997 -0.000190976 
-0.046845 -0.017 0.0106467 
-0.0435852 -0.0354772 -0.0232 
-0.0344731 -0.0521911 0.013831 
-0.0464695 -0.0191795 0.00278604 
-0.0309493 -0.0194713 0.0239743 
-0.0258499 -0.018368 -0.0196126 
-0.0530971 -0.0170311 -0.0108937 
-0.0518499 -0.0419691 -0.024018 
-0.0353003 -0.017 0.0149447 
-0.0275512 -0.0334522 -0.0232 
-0.0358421 -0.0442 0.0210964 
-0.0414743  -0.02 -0.0059336 
-0.0532635 -0.01991 -0.0159811 
-0.0313619 -0.0369059 -0.0262 
-0.0505729  -0.02 -0.0113441 
-0.0323541 -0.0526 0.00891308 
-0.0443546 -0.0269287 -0.0232 
-0.0504612 -0.0534429 -0.0174776 
-0.0258499 -0.0476289 0.0191377 
-0.0366271 -0.030278 -0.0262 
-0.0317943 -0.0200562 -0.0189198 
-0.0339715 -0.0438991 0.0262 
-0.0468176 -0.0519309 -0.00412695 
-0.0475395 -0.0262828 0.0262 
-0.0442433 -0.017785 0.00179407 
-0.0459137 -0.0526 -0.009469959999999999 
-0.0306614 -0.035911 0.0262 
-0.0494112 -0.0526 -0.00576734 
-0.0518483 -0.0434726 0.0232 
-0.047921 -0.0200132 -0.018503 
-0.041447 -0.0496 0.0144731 
-0.0498792 -0.0238824 0.0261142 
-0.0457905 -0.0461323 -0.0164 
-0.0399358 -0.0270903 -0.0235059 
-0.0490233 -0.0452882 0.0154 
-0.0303693 -0.0429759 -0.0262 
-0.0509728 -0.0234859 -0.0260508 
-0.0511339 -0.0347107 -0.0232 
-0.0357346 -0.0327529 0.0232 
-0.0380828 -0.0524845 0.0195432 
-0.0504378 -0.0385032 0.0262 
-0.0311617 -0.0489509 -0.0249212 
-0.0516159 -0.0526 0.00543716 
-0.0504698 -0.0496 0.00397772 
-0.0274562 -0.0437835 -0.0232 
-0.0432598 -0.0202475 0.0197386 
-0.0374563 -0.0204612 -0.0202972 
-0.0433724 -0.020008 0.0183822 
-0.0429269 -0.0218831 0.0221047 
-0.0522914 -0.0520736 -0.0222 
-0.0406613 -0.0201967 0.0245885 
-0.0294328 -0.017 -0.000821562 
-0.0505567 -0.0442 0.0182896 
-0.0449844 -0.0397764 -0.0262 
-0.040901 -0.0526 0.0112486 
-0.0404765 -0.0460683 -0.0164 
-0.053428 -0.0171843 0.0177158 
-0.0471002 -0.0496 -0.000144175 
-0.0260118 -0.0174555 -0.00306576 
-0.0352763 -0.0471363 -0.018932 
-0.0516034 -0.0526 -0.0145745 
-0.0268727 -0.017 -0.0136304 
-0.0344017 -0.017 0.0146425 
-0.0381454 -0.0508424 0.0231937 
-0.0538499 -0.0250973 0.0247816 
-0.0344761 -0.0362646 0.0262 
-0.0440549 -0.0522831 -0.0111785 
-0.0264848 -0.0208668 0.0249606 
-0.0286447 -0.0479323 0.0154 
-0.050171 -0.0376276 -0.0262 
-0.0446384 -0.0186833 -0.00240708 
-0.0283023 -0.017 -0.0125705 
-0.026299 -0.0285866 -0.0233664 
-0.0261033 -0.052264 -0.0145758 
-0.0270889 -0.0200481 -0.0188565 
-0.0308069 -0.0260386 0.0262 
-0.0503485 -0.0263067 -0.0232 
-0.0347957 -0.0454084 0.0154 
-0.0460055 -0.0496 -0.00982924 
-0.0451013 -0.017096 0.0193951 
-0.0504258 -0.0526 -0.0108237 
-0.0309364 -0.0467667 0.0154 
-0.0458562 -0.0200095 0.0184173 
-0.0296724 -0.017 0.0115163 
-0.0440481 -0.0506527 0.0134148 
-0.0397972 -0.0458915 0.0223934 
-0.0369109 -0.0526 0.0147727 
-0.0538458 -0.0179108 0.0128098 
-0.0322888 -0.017 0.00104128 
-0.0484968 -0.0496 0.0034989 
-0.0401649 -0.0496 -0.0125487 
-0.0339282 -0.0200074 0.0183695 
-0.0501922 -0.0485944 -0.0164 
-0.0502555 -0.0465198 -0.0259657 
-0.0303096 -0.017 -0.00327512 
-0.0518961 -0.0249148 -0.023198 
-0.0294381 -0.0526 -0.00765939 
-0.0340288 -0.051312 0.00200412 
-0.0489988  -0.02 0.000103639 
-0.0287177 -0.05258 0.0186583 
-0.0521753 -0.0214383 0.021707 
-0.0387896  -0.02 0.00675387 
-0.0405149 -0.017 -0.0121495 
-0.0446201  -0.02 -0.000723315 
-0.0258499 -0.0294774 0.0248009 
-0.0263709 -0.0216398 -0.0220629 
-0.0293886 -0.0446 -0.0222324 
-0.0536239 -0.0173676 -0.00733636 
-0.0376181 -0.0526 -0.0145524 
-0.0428327 -0.017 -0.000308874 
-0.0284261 -0.0442893 0.0154 
-0.0473093 -0.0365438 -0.0288054 
-0.0403403 -0.0423115 -0.0262 
-0.045628 -0.0521765 0.0134381 
-0.0371113 -0.0517804 0.00378544 
-0.0424191 -0.0534391 -0.0174757 
-0.0455857 -0.0188458 0.0233086 
-0.0382483 -0.0457176 -0.0186727 
-0.0312513 -0.0170089 -0.0184997 
-0.0303968 -0.017 0.00928874 
-0.0511128 -0.017 -0.0170285 
-0.0296358 -0.0494703 -0.0245553 
-0.0395852  -0.02 0.00424309 
-0.0334853 -0.0505858 -0.00566371 
-0.0442491 -0.0521877 0.0207136 
-0.0386161 -0.051057 -0.0229424 
-0.0455594 -0.0510522 0.00530523 
-0.03845 -0.032874 0.0262 
-0.0375839 -0.0526 -0.0167133 
-0.0475378 -0.02995 -0.0262 
-0.0474812 -0.0444194 0.0154 
-0.033508 -0.03754 -0.0262 
-0.052168 -0.0200135 -0.018519 
-0.0402418 -0.017 -0.00699952 
-0.0422568 -0.035292 -0.0279199 
-0.0499865 -0.017 0.0102182 
-0.0487111 -0.0315367 -0.0262 
-0.041817 -0.0502975 0.0238125 
-0.0276065 -0.0398742 -0.0262 
-0.0266061 -0.0388709 0.0232307 
-0.0335635 -0.0507901 0.0129402 
-0.0319388 -0.017 -0.00551331 
-0.0367648 -0.0493902 -0.0211089 
-0.0466146 -0.0478166 0.0255186 
-0.0461377 -0.0526 0.00488841 
-0.0378109  -0.02 -0.00780256 
-0.037006 -0.0488654 -0.0186 
-0.041109 -0.0481844 -0.0164 
-0.0493738 -0.0440633 -0.0183 
-0.0454812 -0.0328922 -0.0232 
-0.0424115 -0.017 0.0175088 
-0.0447021 -0.0363047 -0.0299589 
-0.0336701 -0.0442 0.0180034 
-0.0376727 -0.0377061 -0.0262 
-0.0409432 -0.0307059 -0.0232 
-0.0338525 -0.0496 0.0141601 
-0.043816 -0.0538699 -0.0216166 
-0.0294341 -0.017 0.0106714 
-0.0486074 -0.0482966 0.0154 
-0.0389311 -0.0431839 0.0232 
-0.0532803 -0.0175832 -0.0211977 
-0.0531348 -0.0170423 -0.0103627 
-0.0400415 -0.0526 0.0179265 
-0.0397375 -0.027289 -0.0257132 
-0.0441498 -0.0235031 0.0229657 
-0.0279762 -0.0190255 -0.0235102 
-0.0453779 -0.0242244 -0.0268238 
-0.0266723 -0.017016 -0.00451108 
-0.0530729 -0.0309913 0.0232261 
-0.0509482 -0.0273197 -0.0262 
-0.036924 -0.0496 -0.0149286 
-0.0526582  -0.02 -0.0169437 
-0.0496714 -0.0427737 0.0262 
-0.0518499 -0.0442907 -0.0189882 
-0.0538484 -0.0516355 -0.0048974 
-0.0267578 -0.0199955 0.000664599 
-0.0416082 -0.0525953 0.0183084 
-0.0527869 -0.041942 0.0232 
-0.0414187 -0.0465214 0.0175188 
-0.0437771 -0.0526 -0.0165544 
-0.0350042 -0.017 -0.000673527 
-0.0443294 -0.0170209 0.0186789 
-0.0288991 -0.0221013 -0.0256502 
-0.0337438 -0.0526 0.0166811 
-0.0418781 -0.0496 -0.00775396 
-0.0413611 -0.0487454 -0.0164 
-0.0300091 -0.0342756 0.0262 
-0.0258499 -0.0188467 0.0119462 
-0.0372505 -0.017 0.00899938 
-0.0262188 -0.0204113 -0.0206901 
-0.0335855 -0.0526 -0.00342037 
-0.0502497 -0.0496 0.0146978 
-0.0537843 -0.0180884 0.0207146 
-0.0400829  -0.02 2.57541e-05 
-0.0528464 -0.0496 0.0057072 
-0.0379957 -0.0342396 -0.0262 
-0.0477704  -0.02 0.0167908 
-0.0285889  -0.02 0.00718961 
-0.0356303 -0.0526 0.0174428 
-0.0371326 -0.0442 0.0228603 
-0.044876 -0.046851 -0.0164 
-0.0402419 -0.0438538 -0.0232 
-0.0400398 -0.0320207 0.0232 
-0.0275494 -0.0399445 -0.0262 
-0.0476761 -0.0315707 0.0262 
-0.047611 -0.0496 -0.00559013 
-0.0320441 -0.0174794 -0.0209274 
-0.0316413 -0.046 -0.0176177 
-0.0471181 -0.0496 -0.0152518 
-0.0521325 -0.0439029 0.0262 
-0.0379262  -0.02 0.0119655 
-0.045219 -0.0526 -0.00696249 
-0.0538499 -0.0216006 -0.0235267 
-0.0398519 -0.0200999 0.0245142 
-0.0272587 -0.0515836 -0.0222 
-0.0432579 -0.0185032 0.00275904 
-0.0537987 -0.0193132 0.0136768 
-0.0303471 -0.0229165 0.0227438 
-0.0317944 -0.0171983 0.0199354 
-0.0492424 -0.0496 0.00326318 
-0.0386088 -0.0203514 -0.0247072 
-0.0338467 -0.0368768 0.0232 
-0.0279856 -0.0526 -0.0152088 
-0.0395293 -0.0264025 -0.0235172 
-0.0383683  -0.02 0.0138827 
-0.0460248 -0.0444631 -0.0262 
-0.0516999 -0.017 0.0113429 
-0.0463827 -0.017 -0.0172458 
-0.0530392 -0.0496187 -0.0138729 
-0.0352125 -0.0189265 0.0234022 
-0.0423926 -0.046 -0.0174128 
-0.0429969 -0.0496 -0.00138318 
-0.0336821 -0.0526 -0.00973545 
-0.0427433 -0.0505849 0.00393709 
-0.0336246 -0.0496 0.00238537 
-0.0371562 -0.043974 0.0232 
-0.0437226 -0.0472964 0.024677 
-0.0322697 -0.0352455 -0.0232 
-0.026653 -0.0303439 -0.0262 
-0.0479997 -0.0536116 -0.0220148 
-0.0336034 -0.0288628 0.0232 
-0.0261328 -0.0196962 0.0171031 
-0.047479 -0.0365445 -0.0288988 
-0.0538397 -0.017864 0.00587308 
-0.0343617 -0.0398778 0.0262 
-0.0416877 -0.0408552 0.0262 
-0.0448595 -0.0310884 0.0262 
-0.0444282 -0.0511408 -0.010813 
-0.0326976 -0.0504609 -0.0130923 
-0.0276307 -0.0191296 0.0236238 
-0.0258499 -0.0462777 0.0197599 
-0.0258509 -0.0179668 -0.000571909 
-0.0395198 -0.0458608 -0.0183 
-0.0431009 -0.0461278 0.0154 
-0.0384533 -0.017 -0.0060655 
-0.0340094 -0.0178883 -0.0112231 
-0.026714 -0.0431047 0.0232095 
-0.037804 -0.0170229 0.0187251 
-0.0408145  -0.02 0.00358309 
-0.0343908 -0.0204766 0.0203288 
-0.0259959 -0.0521189 -0.00639566 
-0.0376872 -0.0337276 -0.0262 
-0.0515906 -0.0496 0.00596208 
-0.0273794 -0.0205545 -0.0204786 
-0.0260168 -0.0521517 0.00740024 
-0.0527126 -0.0496 -0.0151378 
-0.0333335 -0.0378699 -0.0262 
-0.0494652 -0.017 -0.0173427 
-0.0421421 -0.0472285 -0.0164 
-0.0365032 -0.0346697 -0.0262 
-0.0453664 -0.0504994 -0.0236159 
-0.0293412 -0.017 -0.015609 
-0.0293089 -0.0496 -0.000740512 
-0.0497838 -0.017 8.63301e-05 
-0.0265417 -0.0525504 -0.00904374 
-0.0329786 -0.0526 0.0137331 
-0.0538353 -0.045031 0.0201895 
-0.0462401 -0.0410899 -0.0232 
-0.0318172 -0.017 0.010663 
-0.0425193 -0.017 0.00226942 
-0.0457603 -0.032712 -0.0275499 
-0.0425026 -0.0526 0.009630430000000001 
-0.0538499 -0.0186026 -0.0195964 
-0.0443044  -0.02 -0.010124 
-0.0533502 -0.0497342 0.00821451 
-0.0530892 -0.0525703 0.011107 
-0.0466355 -0.0454815 0.0154 
-0.0375853 -0.0328496 -0.0262 
-0.0413108 -0.0454688 0.0223563 
-0.0538499 -0.0508965 0.0175646 
-0.0355512 -0.044 -0.0226828 
-0.0258499 -0.0396205 0.0244887 
-0.0310824 -0.0389093 0.0232 
-0.0469921 -0.0456315 0.0154 
-0.0420389 -0.0526 0.0152896 
-0.0401302 -0.0521556 0.0208155 
-0.0401476 -0.0207333 0.0207995 
-0.0431878 -0.017 0.0160601 
-0.0391151  -0.02 0.006539 
-0.0430534 -0.0196969 -0.00395925 
-0.0363766 -0.0496 0.000242366 
-0.0509308 -0.017 -0.0127967 
-0.0466641 -0.036541 -0.0275097 
-0.0534301 -0.0497857 0.00141834 
-0.0277852 -0.0496 0.0074974 
-0.0387807 -0.017 -0.0141995 
-0.0298721 -0.0385341 0.0262 
-0.0361643 -0.0253441 0.0262 
-0.0538499 -0.0186688 -0.00893161 
-0.0327516 -0.0526 0.00556064 
-0.0518653 -0.017 -0.0143406 
-0.0467343 -0.0171459 -0.0197171 
-0.049448 -0.0490443 0.0248481 
-0.0414052 -0.0206472 -0.0206599 
-0.0434936 -0.044782 0.0154 
-0.0485897 -0.0526 -0.00416298 
-0.0474012 -0.0526 0.0148198 
-0.041205 -0.0263553 -0.0271161 
-0.0519297  -0.02 0.0158389 
-0.0277333 -0.0526 -0.00638789 
-0.0279757 -0.0526 -0.00460303 
-0.035169 -0.01759 0.0211957 
-0.0492754 -0.0272097 -0.0285453 
-0.0448408 -0.017 -0.00209485 
-0.0529662 -0.0170076 0.0113075 
-0.0266504 -0.0525791 0.00285037 
-0.048592 -0.0321551 -0.0283185 
-0.030778 -0.042253 0.0232 
-0.0496239 -0.024524 0.0231757 
-0.040179  -0.02 -0.00870169 
-0.030628 -0.0496 -0.00413423 
-0.0518499 -0.0478857 -0.0237831 
-0.0258499 -0.0460379 0.0181607 
-0.0402602 -0.0526 0.0121925 
-0.0538499 -0.051559 0.0035427 
-0.0397418 -0.0174918 -0.0209615 
-0.0299642 -0.0379281 -0.0262 
-0.0296954 -0.0526 0.00749446 
-0.0359292 -0.0438194 -0.0262 
-0.0471984 -0.0341333 -0.0232 
-0.0289144 -0.0526 -0.000540269 
-0.0439619 -0.0512565 0.0226264 
-0.0271602 -0.0170013 -0.0182934 
-0.0529958 -0.0170115 0.0178994 
-0.048672 -0.0526 0.00566292 
-0.0327224 -0.0178047 -0.00491659 
-0.0518499 -0.0384605 -0.0239332 
-0.0351032 -0.0501319 -0.00244802 
-0.042716 -0.0496 0.00660886 
-0.0258499 -0.0182022 0.000559595 
-0.0343604 -0.0196768 -0.0108793 
-0.0538499 -0.0404355 0.024878 
-0.0435726 -0.0315619 -0.0262 
-0.0529016 -0.0496023 0.00625633 
-0.0494624 -0.0402356 -0.0262 
-0.0258499 -0.0230433 0.0247628 
-0.0427465 -0.0511054 -0.0131402 
-0.0338211 -0.0526 0.00912667 
-0.0258499 -0.0182709 0.0144439 
-0.0386674 -0.052126 0.0209094 
-0.0495953 -0.0280407 0.0262 
-0.0320074 -0.017 0.0148607 
-0.0395675 -0.017 0.000535752 
-0.0370144 -0.0476125 0.0154 
-0.0511685  -0.02 0.00716236 
-0.0398801 -0.017 0.0181363 
-0.0461174  -0.02 0.01373 
-0.0298342 -0.0171573 -0.0197725 
-0.0388281 -0.0526 -0.00160457 
-0.0537272 -0.0175215 -0.0114234 
-0.0442339  -0.02 0.00120482 
-0.0534893 -0.0523686 -0.00635931 
-0.0518499 -0.0435089 -0.0236061 
-0.0480206  -0.02 -0.00378187 
-0.0319026 -0.017 -0.00966299 
-0.0284266 -0.017 0.00547604 
-0.0415467 -0.0203326 0.0199852 
-0.0452954 -0.05094 0.0230664 
-0.0362434 -0.0473416 0.0154 
-0.0362632 -0.0526 -0.00603372 
-0.0496252 -0.0170233 -0.0187331 
-0.0436398 -0.0189312 0.013015 
-0.0344641 -0.0176708 0.0138222 
-0.0518721  -0.02 -0.0100926 
-0.0308267  -0.02 -0.008238759999999999 
-0.031798 -0.0202988 0.0199013 
-0.0291979 -0.0326713 0.0232 
-0.0267337 -0.0525924 0.000738252 
-0.0323118 -0.0525211 0.0192652 
-0.0370318 -0.0526 0.0113382 
-0.0373745 -0.0361689 -0.0262 
-0.0325617 -0.0253831 0.0232 
-0.0431723 -0.0514942 0.0110428 
-0.0506996  -0.02 -0.00427845 
-0.0490339 -0.0309596 0.0262 
-0.038427 -0.0221403 -0.0256664 
-0.0415605 -0.0250168 0.0243846 
-0.0454369 -0.0196732 -0.0109748 
-0.0305793 -0.0496 -0.0126601 
-0.0445898 -0.0460718 -0.0164 
-0.0258499 -0.0398353 -0.0260828 
-0.0517681 -0.0524255 0.0198281 
-0.0382808 -0.0420197 0.0232 
-0.0426488 -0.0186788 -0.0125555 
-0.0538499 -0.030927 0.0246307 
-0.0436424 -0.0476839 0.0224163 
-0.0500683 -0.0336324 0.0262 
-0.046073 -0.0496435 -0.00580224 
-0.0513384 -0.0526 -0.00169916 
-0.0394885 -0.0275384 -0.0239796 
-0.0364108 -0.0455356 -0.0261475 
-0.0508375 -0.0203132 -0.0246779 
-0.0349627 -0.0384904 -0.0262 
-0.0506021  -0.02 0.0122242 
-0.0537929 -0.0502683 0.003566 
-0.0432701 -0.0328375 -0.0275066 
-0.0513766 -0.0278193 0.0232 
-0.0344163 -0.0339167 0.0232 
-0.047709 -0.0171136 -0.0195414 
-0.0515275  -0.02 -0.00696133 
-0.0327366 -0.0217473 0.0255036 
-0.0525727 -0.0174851 -0.0209433 
-0.0321965 -0.0442 0.0170892 
-0.0518499 -0.0436217 -0.023782 
-0.0310166 -0.0496 -0.0150852 
-0.0401655 -0.0464774 -0.0164 
-0.0387391 -0.0496 0.00293335 
-0.0449912  -0.02 -0.00937257 
-0.0275549 -0.0526 0.0112215 
-0.0456789 -0.0170854 0.0193144 
-0.045909 -0.017 0.0140303 
-0.0319755 -0.0364437 0.0262 
-0.0343647 -0.017 0.0139767 
-0.0358131 -0.0419161 -0.0232 
-0.0284663 -0.0525042 0.0193934 
-0.038099 -0.0526 -0.00631637 
-0.0330597  -0.02 0.010561 
-0.040914 -0.0361499 -0.0262327 
-0.0455638 -0.028436 0.0262 
-0.0258499 -0.0186642 0.021001 
-0.0373499 -0.0202532 0.0197568 
-0.0492564 -0.0526 -0.0168956 
-0.0259193 -0.0502361 0.00370726 
-0.0274146 -0.0526 -0.00492343 
-0.0384961 -0.017 0.00377299 
-0.0465449 -0.0245538 0.0231796 
-0.0537507 -0.0243507 0.0256046 
-0.0495678 -0.044 -0.0230946 
-0.0330483 -0.0503133 0.00423573 
-0.0291264 -0.031655 0.0232 
-0.0422397 -0.0444302 0.0262 
-0.029809 -0.0249387 -0.0261973 
-0.0354324 -0.0186265 0.009970440000000001 
-0.0472161 -0.02474 0.0261886 
-0.0470121 -0.0524999 0.0194266 
-0.0258499 -0.051174 -0.0154163 
-0.0341359 -0.0480128 -0.0254457 
-0.0379713 -0.017 0.00233919 
-0.048905 -0.0399152 0.0262 
-0.0286082 -0.0496 0.00588242 
-0.0436169 -0.0203639 -0.0247168 
-0.0532029 -0.0170648 0.0129995 
-0.0494364 -0.0291008 -0.0262 
-0.0407174 -0.0335863 -0.0232 
-0.0429677 -0.0496 0.00738092 
-0.028727  -0.02 -0.00168696 
-0.0412458 -0.0526 0.00936566 
-0.0423547 -0.0488222 0.0154 
-0.0399321 -0.0172189 -0.0200572 
-0.0301186 -0.0316544 -0.0262 
-0.0412807 -0.0488107 0.0176 
-0.0329292  -0.02 -0.0163902 
-0.0331293 -0.0448221 0.0154 
-0.0500739 -0.017 0.0108256 
-0.0282524 -0.0526 -0.0121633 
-0.047349 -0.0526 0.00475657 
-0.0449035 -0.044 -0.0216073 
-0.031357 -0.0480906 -0.0254059 
-0.0410693 -0.0201489 0.0245518 
-0.0449478 -0.0508114 0.0141042 
-0.0399592 -0.017 -0.008842940000000001 
-0.0429897 -0.0365642 0.0232 
-0.0269196 -0.0284276 -0.0262 
-0.0288165 -0.0526 -0.0154112 
-0.0420086 -0.0526 -0.00425684 
-0.0503463 -0.0496 0.00487099 
-0.0483824 -0.017 -0.0115561 
-0.0506365 -0.0513724 -0.0224787 
-0.0517024 -0.0360596 -0.0262 
-0.0517356  -0.02 0.009045879999999999 
-0.0421358 -0.0496 -0.0113887 
-0.0499893 -0.0217027 0.0219539 
-0.0441243 -0.0514104 0.00191056 
-0.0320518 -0.0353965 -0.0262 
-0.0535471 -0.0197162 0.009435290000000001 
-0.0262433 -0.0336084 -0.0234062 
-0.0537339 -0.0278344 0.0237346 
-0.0419395 -0.017 -0.008644900000000001 
-0.0375182  -0.02 -0.00617339 
-0.0401712 -0.0243489 -0.0231551 
-0.0297699  -0.02 -0.0169042 
-0.0465391 -0.0442 0.0211953 
-0.0538499 -0.0305587 0.0242229 
-0.0486989 -0.017 -0.0150658 
-0.0367351  -0.02 -0.00249073 
-0.0258547 -0.0416224 0.024105 
-0.0429043 -0.0385937 -0.0262 
-0.0305857 -0.0535138 -0.0220839 
-0.0404343 -0.0378021 0.0232 
-0.0287275 -0.0526 -0.0150404 
-0.0335707 -0.017 -0.0175005 
-0.0265718 -0.0257304 0.0232402 
-0.049249 -0.0333964 -0.0285423 
-0.0440565 -0.0409725 -0.0262 
-0.0258499 -0.0370912 0.0243342 
-0.0333421 -0.017 0.00192353 
-0.0297232 -0.0513763 -0.0224727 
-0.0361791 -0.0372945 -0.0232 
-0.0494753 -0.0233003 -0.0260096 
-0.026484 -0.0485591 0.0250704 
-0.0484864  -0.02 -0.0145584 
-0.0513233 -0.044 -0.0223799 
-0.046887 -0.0405459 0.0262 
-0.0427862 -0.0258584 0.0244896 
-0.0283506 -0.0212853 0.0252767 
-0.0498292 -0.0526 -0.000122462 
-0.0442128 -0.0442 0.0173477 
-0.0402337 -0.017 -0.00733197 
-0.0429216 -0.0310077 -0.0232 
-0.0423725 -0.0524222 0.0198431 
-0.0345297 -0.0496 0.0142072 
-0.0295926 -0.0526 0.0161782 
-0.0342369 -0.0285976 0.0262 
-0.036179 -0.0496 -0.0111128 
-0.0346197 -0.0384232 -0.0232 
-0.0347822 -0.0526 -0.00218915 
-0.0479314 -0.0227571 0.0258731 
-0.0321637 -0.0496 0.00612722 
-0.0393219 -0.0484535 0.022695 
-0.0448165 -0.0229994 -0.0259429 
-0.0425869 -0.0526 0.00239324 
-0.029724 -0.0496 -0.00533632 
-0.0274953 -0.0184595 -0.0228052 
-0.0329388 -0.0496 0.010052 
-0.053716 -0.0285475 0.0256999 
-0.0375247 -0.0526 -0.00526523 
-0.0363354 -0.0526 0.00753415 
-0.0286982 -0.0496 0.00939507 
-0.0440162 -0.017 -0.00236107 
-0.0462071 -0.017 0.00206822 
-0.0377396 -0.0223205 0.0224158 
-0.0378698 -0.0526 0.0104415 
-0.039592  -0.02 0.0120112 
-0.0258499 -0.0477208 0.0192703 
-0.0343518 -0.0519668 -0.0222 
-0.0453359 -0.0221475 0.0256694 
-0.0511747 -0.0442 0.0186686 
-0.0341615 -0.037338 0.0262 
-0.0391495  -0.02 0.00256999 
-0.0530431 -0.0199805 0.00264285 
-0.0327597 -0.0230732 0.0259593 
-0.048365 -0.0184646 0.0228119 
-0.0296633 -0.0526 -0.0158737 
-0.0258499 -0.0455807 -0.024798 
-0.0288786 -0.0526 -0.0160276 
-0.0422401 -0.0496 -0.00290101 
-0.0432734 -0.0346959 0.0262 
-0.0397244 -0.0376433 -0.0262 
-0.0512663 -0.0496 -0.01497 
-0.0375225 -0.0496 0.0125497 
-0.0518396 -0.0215614 0.0218244 
-0.0265222 -0.0525442 -0.0143805 
-0.0312999 -0.0446959 -0.0187543 
-0.040321 -0.044 -0.0227748 
-0.037239 -0.0526 0.00278994 
-0.0533346 -0.0193597 0.0236886 
-0.049362 -0.052299 -0.0222 
-0.0524136 -0.0443089 0.0154 
-0.031863 -0.053015 -0.0222 
-0.049064 -0.0442 0.0164048 
-0.0499494  -0.02 0.0159406 
-0.0500979 -0.0405963 0.0262 
-0.029586 -0.0270646 0.0262 
-0.0405561 -0.0446808 0.0154 
-0.0388864 -0.0200074 -0.0183689 
-0.0467502 -0.0521294 0.0112609 
-0.0258527 -0.0516635 0.0100349 
-0.0354094 -0.0403678 0.0232 
-0.0318234 -0.0411595 -0.0232 
-0.0453455 -0.0390316 -0.0262 
-0.0479437  -0.02 -0.0145654 
-0.0281341 -0.046256 0.0260198 
-0.0501456 -0.0538972 -0.0198658 
-0.0467498 -0.0285313 -0.0262071 
-0.0372957  -0.02 0.009467440000000001 
-0.0526519 -0.0217018 -0.0219576 
-0.0527703 -0.0182265 0.0224428 
-0.0529534 -0.0482997 0.0252778 
-0.0495338  -0.02 0.0168101 
-0.047863 -0.0242351 -0.0272822 
-0.0490458 -0.0526 -0.0154429 
-0.0520408 -0.017 0.0113001 
-0.0484481 -0.0371958 -0.0262 
-0.0431728 -0.0254452 0.0262 
-0.0513277  -0.02 -0.0105204 
-0.028306  -0.02 0.0010799 
-0.0346047 -0.0217072 -0.025487 
-0.0366546 -0.0419996 -0.0232 
-0.0342957 -0.0496 -0.009267620000000001 
-0.035763 -0.01877 0.0232098 
-0.0258499 -0.046412 0.0228535 
-0.0258499 -0.0444249 -0.0253518 
-0.0301187 -0.0283523 0.0232 
-0.0437437 -0.017 -0.0108773 
-0.0445308 -0.0188599 -0.023327 
-0.0298368 -0.0173978 0.0206677 
-0.0518499 -0.0341214 -0.0257881 
-0.0501976 -0.0526 -0.0137807 
-0.02603 -0.0293107 0.0257724 
-0.035475 -0.039519 -0.0232 
-0.0514649 -0.017 0.00257868 
-0.0470834 -0.0526 0.00655881 
-0.0492476 -0.0336013 -0.0283098 
-0.0327306 -0.017 -0.004174 
-0.047499 -0.0524988 0.0194347 
-0.0258499 -0.0462834 0.0168966 
-0.0320034 -0.02549 -0.0232 
-0.0382873 -0.0484412 0.0154 
-0.0289278 -0.0526 0.0125705 
-0.0366963 -0.0518405 -0.0222 
-0.0272299 -0.0496 -0.009832209999999999 
-0.0381996 -0.0395667 -0.0232 
-0.0538499 -0.0510203 -0.0199238 
-0.031426 -0.0496 -0.0132111 
-0.0349711 -0.0205506 0.0204709 
-0.0459867 -0.0187497 -0.00588674 
-0.0367294 -0.0440709 -0.0183 
-0.0476595 -0.0301889 -0.0232 
-0.0394304 -0.017 0.011147 
-0.0513441 -0.0271978 -0.0262 
-0.0462146 -0.0195876 -0.00353644 
-0.036797 -0.0342373 -0.0262 
-0.0340467 -0.0396616 -0.0262 
-0.0358139 -0.0488395 -0.0234607 
-0.0309697 -0.0385792 -0.0262 
-0.0428657 -0.0289254 0.0232 
-0.0341436 -0.017 -0.0110428 
-0.0291879  -0.02 0.000212519 
-0.0518499 -0.045413 -0.0188139 
-0.0331334 -0.0486142 0.0154 
-0.0441515 -0.0526 -0.00651228 
-0.0328993 -0.0526 -0.008109109999999999 
-0.0467969 -0.0188276 0.0113066 
-0.0284088 -0.0453391 0.0261649 
-0.0504871  -0.02 0.0168518 
-0.0475123  -0.02 0.01055 
-0.0318201 -0.0445714 -0.0220186 
-0.0412244 -0.0454586 0.0260115 
-0.0510759 -0.0264838 0.0262 
-0.0342859 -0.0434715 -0.0262 
-0.0396101 -0.0274166 -0.0260088 
-0.0440073 -0.045374 0.0154 
-0.0258499 -0.0279333 -0.0251509 
-0.0526881 -0.0488064 0.0249968 
-0.0313076 -0.0227565 0.0258729 
-0.0417332 -0.0496 0.00761781 
-0.0292665  -0.02 0.00295994 
-0.0436477 -0.017 0.0173151 
-0.0514896 -0.0485687 0.0154 
-0.0280249 -0.0173726 0.0205877 
-0.0374174 -0.0538712 -0.0179878 
-0.0500838 -0.017 0.00183307 
-0.0339418 -0.0526 0.00759346 
-0.0258499 -0.0470122 0.0171273 
-0.0434871 -0.0192818 -0.02379 
-0.0297608  -0.02 0.000203089 
-0.0410763 -0.0496 0.00254114 
-0.0537682 -0.0193938 0.000311183 
-0.0277936  -0.02 0.00214892 
-0.0357635 -0.0389325 0.0262 
-0.0452746 -0.0517861 -0.0147841 
-0.043736 -0.0473098 0.022936 
-0.042225 -0.0526 0.00124042 
-0.0463783 -0.0364406 0.0232 
-0.0402934  -0.02 -0.0150029 
-0.0346014 -0.0195165 -0.0240157 
-0.0425512 -0.0172785 0.0202892 
-0.0368194 -0.0252835 0.0262 
-0.0367423 -0.0493841 -0.0215952 
-0.0437736 -0.0382732 0.0262 
-0.0329095 -0.0496 0.00819361 
-0.0294414  -0.02 -0.00132126 
-0.0380098 -0.0442 0.0200135 
-0.0446404 -0.0510436 -0.00679488 
-0.0294509 -0.0496 -0.00129171 
-0.0258499 -0.0469616 0.0166559 
-0.0332977 -0.0496 -0.000133511 
-0.0293402 -0.0442 0.0165993 
-0.0466263 -0.0496 -0.00708337 
-0.0473392 -0.0538902 -0.0180798 
-0.0270137 -0.0329923 -0.0262 
-0.0413849 -0.0172649 -0.0202406 
-0.0370382 -0.0485475 -0.0164 
-0.0506212 -0.0538033 -0.0178202 
-0.0337293 -0.0199579 0.0131026 
-0.0454215 -0.0178399 0.00175973 
-0.0416332 -0.0172945 0.0203399 
-0.0258499 -0.0504618 0.0206462 
-0.0361931 -0.0231091 0.0228236 
-0.0333364 -0.0442222 -0.0262 
-0.0362846 -0.0297274 -0.0262 
-0.0507855 -0.0526 -0.0119414 
-0.046588 -0.0465746 -0.0259537 
-0.0382165 -0.0526 0.0102908 
-0.0349831 -0.0507987 0.00586956 
-0.0471875 -0.0520951 -0.0044891 
-0.0274851 -0.017 -0.00115723 
-0.029899  -0.02 0.000159464 
-0.0271179 -0.0496 -0.00423066 
-0.0355287 -0.0496 0.00539372 
-0.0516501 -0.0496 -0.00220101 
-0.0283879 -0.0265186 0.0262 
-0.0310258  -0.02 4.51011e-05 
-0.0382163 -0.0526 -0.011001 
-0.0530691 -0.0496247 0.00954763 
-0.0538436 -0.0178936 -0.009690789999999999 
-0.03666 -0.017 0.0170093 
-0.0500017  -0.02 0.00104205 
-0.0338767 -0.0496 -0.0155746 
-0.0537353 -0.0514117 0.0212377 
-0.0514315 -0.0269852 0.0232 
-0.0368073 -0.0497799 0.00408317 
-0.0456518 -0.0183861 -0.00621473 
-0.0483132 -0.017 0.0137664 
-0.039069 -0.0272216 0.0258649 
-0.0258994 -0.0197113 0.0202925 
-0.030364 -0.0526 0.00952392 
-0.0535749 -0.024475 -0.0249399 
-0.0520022 -0.0526 0.00138307 
-0.037314 -0.0213991 0.0253359 
-0.0356074 -0.0526 -0.00188808 
-0.0348874 -0.0513587 0.00123676 
-0.0472613 -0.0532425 -0.022187 
-0.0334992 -0.0504134 0.00467725 
-0.0499265 -0.0353712 0.0262 
-0.0397644 -0.0175594 0.0211218 
-0.0515546 -0.0526 -0.00937237 
-0.0536049 -0.0173445 -0.00991379 
-0.0430823 -0.0538996 -0.0197895 
-0.0416547  -0.02 -0.0137618 
-0.0476228 -0.017 0.00481787 
-0.0491861 -0.0329196 -0.0285109 
-0.0375873 -0.0203912 -0.0201292 
-0.0387117 -0.044 -0.0209556 
-0.0536481 -0.0317793 0.0258009 
-0.0339142 -0.0207936 -0.0249967 
-0.0412132 -0.0330725 0.0262 
-0.0513262 -0.0486958 -0.0250811 
-0.0481466 -0.0348916 -0.0301881 
-0.0275234 -0.017 0.011405 
-0.0516436 -0.0458019 -0.0183 
-0.0415935 -0.0526 0.0143854 
-0.0393563 -0.0178948 -0.0218703 
-0.0368892 -0.0510145 0.00400298 
-0.0324397 -0.017 0.00212409 
-0.0533737 -0.0497485 0.00259019 
-0.0525074 -0.036036 0.0232 
-0.0468841 -0.0513449 0.00319203 
-0.0469307 -0.0278413 -0.0270832 
-0.0527086 -0.0537706 -0.0202355 
-0.0424396 -0.0496 -0.009181740000000001 
-0.040855 -0.0526 0.00542499 
-0.0463874 -0.044 -0.0197071 
-0.0330608  -0.02 -0.00159359 
-0.0523876 -0.0405676 0.0262 
-0.0358731 -0.0344995 0.0232 
-0.0258528 -0.0505341 0.00585744 
-0.0456496 -0.0209845 -0.0211748 
-0.0329872 -0.0181149 0.00417589 
-0.0342639  -0.02 -0.00184315 
-0.0403436 -0.018998 -0.0234802 
-0.0467147 -0.0513665 -0.0133738 
-0.0467995 -0.0289912 -0.0232 
-0.053115 -0.0199639 -0.00362566 
-0.0417282 -0.0526 0.0142392 
-0.0268408 -0.0525996 0.0142824 
-0.0378254 -0.0442 0.0174143 
-0.0527316 -0.0496 -0.00603777 
-0.0533926 -0.0524389 0.00534497 
-0.0504157  -0.02 0.0165065 
-0.0325403 -0.0496 0.0152623 
-0.0490199 -0.0452062 0.0261735 
-0.0435984 -0.026672 0.0241878 
-0.0327631 -0.0196318 0.0241214 
-0.0314489 -0.017 0.00457986 
-0.0411279 -0.0200408 0.0188015 
-0.0518499 -0.0287055 -0.0254083 
-0.0299899 -0.0526 -0.0110106 
-0.0375756 -0.017 0.00192435 
-0.0419354 -0.0170637 0.0191502 
-0.0263842 -0.0406374 0.0233156 
-0.0402017 -0.0518034 -0.0222 
-0.0277347 -0.0496 0.000824036 
-0.0384272 -0.0301532 -0.0232 
-0.0434196 -0.0496 0.0149939 
-0.0390981 -0.0229825 -0.0259392 
-0.0264783 -0.0269126 -0.0232725 
-0.0262908 -0.0172083 -0.020013 
-0.0262805 -0.0443781 0.0224118 
-0.0261906 -0.0523509 0.009650580000000001 
-0.0533341 -0.0443253 0.0178299 
-0.0399746 -0.0526 -0.0080561 
-0.0408924 -0.0176403 -0.0213249 
-0.0264707 -0.0525243 0.00557081 
-0.0258499 -0.0505745 0.0208633 
-0.0375047 -0.0180204 0.0221014 
-0.0465197 -0.0496 -0.00102574 
-0.0361893 -0.017 0.00582872 
-0.0404266 -0.0188178 -0.0232721 
-0.0358039 -0.0510857 0.0103342 
-0.0306885 -0.017 -0.0117704 
-0.0509217 -0.0469714 0.0258325 
-0.0327663 -0.0305618 -0.0232 
-0.03485 -0.0173512 0.0141999 
-0.0434812 -0.0422604 0.0232 
-0.0416891 -0.0198577 0.0243284 
-0.0359447 -0.0496 -0.000312212 
-0.0277572 -0.0526 -0.00387014 
-0.0260673 -0.0445788 0.0205558 
-0.0401067 -0.0496 0.00461648 
-0.0438787  -0.02 -0.0151125 
-0.0259288 -0.017613 -0.0202145 
-0.0329262 -0.0178158 -0.0133162 
-0.0467806 -0.0442 0.0176933 
-0.0495087 -0.017 -0.0113037 
-0.0392246 -0.0234481 0.0229484 
-0.0316449 -0.0423645 -0.0232 
-0.0441461 -0.024461 -0.0299729 
-0.0395226 -0.0275042 -0.0241783 
-0.0328727 -0.0222386 0.0257071 
-0.0330941 -0.0530357 -0.0174 
-0.0533867 -0.0433055 0.0233564 
-0.045264 -0.0181009 0.0055945 
-0.0386458  -0.02 -0.0157737 
-0.0308587 -0.0526 0.00202077 
-0.0258499 -0.0477202 0.0175214 
-0.028082 -0.017 -0.00498284 
-0.0538499 -0.0533172 -0.018782 
-0.0338776 -0.0184448 -0.0142478 
-0.0324575 -0.0202194 0.0246059 
-0.0449481 -0.0497755 -0.00690385 
-0.0275734 -0.0491435 -0.0247972 
-0.0477382  -0.02 -0.0107735 
-0.0481002 -0.0526 -0.00728984 
-0.0262107 -0.030517 -0.0262 
-0.0337484  -0.02 0.00553287 
-0.0420651 -0.02658 -0.0279772 
-0.041368 -0.0496 -0.00589801 
-0.0265614 -0.0368337 -0.0232434 
-0.0449295 -0.0170496 -0.0104779 
-0.0273036 -0.0217442 -0.021992 
-0.0437144 -0.0365284 -0.0289475 
-0.0482663 -0.046 -0.0169299 
-0.0383617 -0.0526 -0.0100238 
-0.0538499 -0.0506901 0.0212769 
-0.0310169  -0.02 -0.00236269 
-0.0276234 -0.0456429 -0.0261269 
-0.0269179 -0.0228707 -0.0259089 
-0.0310901 -0.0176838 -0.0214272 
-0.0538306 -0.0302879 0.0240079 
-0.0325559  -0.02 0.00897913 
-0.0538499 -0.0505092 0.0198246 
-0.0367879 -0.0513302 -0.0225451 
-0.03701 -0.0171043 0.0194583 
-0.0431451 -0.0496319 -0.00533054 
-0.04577 -0.0323866 -0.0301902 
-0.0284825 -0.0516988 0.0218723 
-0.0469485 -0.0497018 0.0114551 
-0.0400397 -0.0491742 0.0207066 
-0.0424729 -0.0203063 0.0199215 
-0.0270455 -0.0378866 0.0262 
-0.0358993 -0.0538445 -0.021108 
-0.029789 -0.017 -0.0115086 
-0.0409068 -0.0389319 0.0262 
-0.038363 -0.0526 0.0033449 
-0.0261457 -0.0272326 0.0234903 
-0.0277298 -0.0526 -0.00888769 
-0.0402473 -0.0456182 0.0242482 
-0.0282276 -0.0526 -0.00270021 
-0.0407232  -0.02 -0.0135536 
-0.0397259 -0.0442 0.0189242 
-0.0298032 -0.0270209 0.0262 
-0.0435436 -0.0275434 0.0262 
-0.0388233 -0.0391286 0.0262 
-0.0325849 -0.0496 -0.0161951 
-0.0352557 -0.0475822 -0.0252593 
-0.0498119 -0.0183771 0.0226793 
-0.032123 -0.0353533 -0.0262 
-0.0258499 -0.0402963 0.0251302 
-0.0396602 -0.0431942 0.0232 
-0.0348914 -0.0516266 0.00124067 
-0.0513328 -0.0389169 0.0232 
-0.0386014 -0.0231552 -0.0259775 
-0.0425982 -0.017 -0.00389673 
-0.0321962 -0.0526 0.00463729 
-0.0342743 -0.0496 -0.0151488 
-0.0366282 -0.0448162 0.0154 
-0.0306024 -0.0526 0.0116089 
-0.0287492 -0.0403675 -0.0232 
-0.0267084 -0.021298 0.0215701 
-0.047641 -0.0367704 0.0232 
-0.045553 -0.0535074 -0.0204878 
-0.0467278 -0.017 0.00954407 
-0.0425705 -0.0256423 0.0240003 
-0.0402517 -0.0442 0.0228569 
-0.053743 -0.0175515 -0.0121355 
-0.0293124 -0.0421316 -0.0232 
-0.0307033 -0.017 -0.0057398 
-0.0311773 -0.0538933 -0.0215017 
-0.0404514 -0.0335921 -0.0263613 
-0.0323235 -0.0526 0.0045718 
-0.0319058 -0.029188 -0.0262 
-0.0506608 -0.017 0.00195803 
-0.0305099 -0.0173046 -0.020385 
-0.0538464 -0.0516803 0.00598406 
-0.0538499 -0.0180718 0.0163156 
-0.0376197 -0.0254612 0.0262 
-0.0501045 -0.0526 -0.0152776 
-0.0329319 -0.017 0.00251424 
-0.0512058 -0.0537682 -0.0193605 
-0.0425806 -0.0487476 0.0216091 
-0.0431199 -0.0466927 0.0225729 
-0.0258584 -0.0378352 -0.0240774 
-0.042658 -0.0265133 -0.0285698 
-0.0375688 -0.031352 0.0232 
-0.0494644 -0.0494129 -0.0245978 
-0.0518499 -0.0316637 -0.0232696 
-0.0330266 -0.017 -0.0035448 
-0.0537181 -0.0520959 -0.00226342 
-0.0361626 -0.0225251 -0.0257999 
-0.0433083 -0.0526 0.0102432 
-0.0418756 -0.0496 -0.009791680000000001 
-0.0343461 -0.0330976 -0.0262 
-0.0319862 -0.0335238 -0.0262 
-0.0292736 -0.036459 -0.0262 
-0.0344453 -0.0496 -0.010344 
-0.0315998 -0.017 0.00637518 
-0.044186 -0.0527755 -0.0174 
-0.034444 -0.0518217 0.00159753 
-0.0298848 -0.017 -0.016999 
-0.0258499 -0.018031 0.00743852 
-0.0538499 -0.047708 0.0177018 
-0.0516765 -0.0298874 -0.0232 
-0.0421376  -0.02 -0.00241423 
-0.0538296 -0.0329983 0.0240033 
-0.0508891 -0.017 -0.00745294 
-0.0538451 -0.0501752 -0.0177603 
-0.0299448 -0.0383177 0.0262 
-0.0458141 -0.0292477 -0.0232 
-0.0351426 -0.0496 0.00641415 
-0.0375491  -0.02 -0.0143229 
-0.0276521 -0.0236204 0.0230027 
-0.0455661 -0.0263101 0.0232 
-0.0498398 -0.0310159 -0.0232 
-0.0269695 -0.0190422 0.0235285 
-0.0259694 -0.0175268 -0.0156845 
-0.0492869 -0.0233718 0.0260255 
-0.0486673 -0.044 -0.0196926 
-0.0405677 -0.0526 -0.00599897 
-0.0295039 -0.0496 -0.0100289 
-0.0309005 -0.0194052 0.0239137 
-0.0463659 -0.0214433 0.0217124 
-0.0445778 -0.0186492 -0.0106664 
-0.0332705 -0.0225797 0.0258171 
-0.0274619 -0.0461175 0.0260502 
-0.0429993 -0.0201285 0.0193054 
-0.0258499 -0.0498914 0.0179752 
-0.0317228 -0.017 -0.0172421 
-0.0388989  -0.02 0.0008336179999999999 
-0.0309436 -0.0496 0.00374011 
-0.0263809 -0.0524822 0.00526041 
-0.0362729 -0.0216178 -0.021878 
-0.0413244 -0.0526 -0.0169767 
-0.0435683 -0.017 -0.00600046 
-0.0460101 -0.0215592 0.0254193 
-0.048867 -0.0173012 -0.0203733 
-0.0493231 -0.038891 0.0232 
-0.048244 -0.017 -0.0111473 
-0.0369373 -0.0512793 -0.00495591 
-0.0298774 -0.0421182 0.0232 
-0.0325398 -0.0534378 -0.0190665 
-0.0264705 -0.0199242 -0.00453757 
-0.0404097  -0.02 -0.0150774 
-0.0453195 -0.053724 -0.0218995 
-0.0412199 -0.0454583 0.0220215 
-0.0524957 -0.0496 0.0112318 
-0.0439724 -0.0451753 -0.0261758 
-0.042576 -0.0325534 0.0232 
-0.0508356 -0.0486014 -0.0251392 
-0.0496242 -0.017 0.00436616 
-0.0354358 -0.0197174 0.0136263 
-0.0326494 -0.038811 0.0262 
-0.052646 -0.0537039 -0.0176755 
-0.0389756 -0.0364261 -0.0262 
-0.0332333 -0.0526 0.0179171 
-0.041072 -0.0480809 -0.0254107 
-0.0373684 -0.0453285 -0.0183 
-0.0258625 -0.051754 0.0153476 
-0.0384343 -0.0171362 -0.0196687 
-0.0447969 -0.0192325 -0.0151481 
-0.0394773 -0.017 -0.000363893 
-0.0434007 -0.026474 0.0238648 
-0.0531644 -0.0212716 0.0216014 
-0.0470306 -0.0214051 0.0216707 
-0.0369462 -0.0521707 -0.0131472 
-0.0288475 -0.043653 -0.0262 
-0.0516709 -0.017 0.0130245 
-0.0507047 -0.0170216 0.0186957 
-0.044858 -0.033814 -0.0301891 
-0.038204 -0.0469899 -0.0176096 
-0.0469421 -0.0496 0.00722519 
-0.0425123 -0.017 -0.00241048 
-0.0468934 -0.0242309 -0.0272862 
-0.0518499 -0.0445637 -0.0234408 
-0.0485664  -0.02 -0.00696528 
-0.049017 -0.0526 -0.00212033 
-0.0448417 -0.0442 0.0193275 
-0.0495942 -0.0200033 0.0182755 
-0.0260142 -0.0521476 0.0146759 
-0.0369556 -0.044 -0.0196226 
-0.0417552 -0.034197 -0.0232 
-0.0455756 -0.0195172 -0.0144894 
-0.0446142 -0.0531516 -0.0174022 
-0.0512724 -0.017 -0.0116406 
-0.0287851 -0.017 -0.007993510000000001 
-0.0470654 -0.0496 -0.0008500270000000001 
-0.0414743 -0.0526 0.0102257 
-0.0375905 -0.0383862 0.0232 
-0.0510359 -0.0348091 0.0232 
-0.0315769  -0.02 0.00175099 
-0.0342012 -0.0442 0.0204184 
-0.0278354 -0.0381314 0.0232 
-0.0408423 -0.0279977 -0.0263944 
-0.0431903 -0.0220337 0.0222203 
-0.0363732 -0.0461198 0.0154 
-0.0388061 -0.044 -0.0206365 
-0.0505571 -0.017 0.009628080000000001 
-0.0312588 -0.017 0.0153753 
-0.0429385 -0.0496 0.00677317 
-0.0465314 -0.017 0.0177387 
-0.0401074 -0.046 -0.0170189 
-0.0372042 -0.0454523 -0.0261289 
-0.0372596 -0.0496 -0.0158376 
-0.0268188 -0.0529831 -0.0212331 
-0.0410323 -0.017 -0.00819199 
-0.0291272 -0.0526 0.00530114 
-0.0404393 -0.0262684 -0.0263501 
-0.0499926 -0.0483055 -0.0164 
-0.0472959 -0.017 -0.0117299 
-0.0280212 -0.0342292 -0.0232 
-0.0389606  -0.02 -0.0160012 
-0.0502193 -0.0393638 0.0262 
-0.0297704 -0.0459885 -0.0260814 
-0.0395001 -0.0330285 0.0262 
-0.0353431 -0.0452598 0.0154 
-0.0443535 -0.023956 -0.0261261 
-0.0400403 -0.0357504 -0.0262 
-0.0518499 -0.0430067 -0.0235586 
-0.0262434 -0.0172058 0.00651008 
-0.0428192 -0.0496 -0.00190748 
-0.028792  -0.02 0.00841658 
-0.0371438 -0.017 -0.00634881 
-0.0536865 -0.0210907 -0.022 
-0.0443236 -0.0526 -0.00995388 
-0.0332111 -0.0191225 0.00439516 
-0.0536593 -0.0469815 0.0158136 
-0.0263483 -0.049735 -0.0138854 
-0.0357431 -0.044 -0.0219276 
-0.0538499 -0.0527434 -0.0197585 
-0.0443027 -0.0284003 -0.03019 
-0.027639 -0.019381 0.0238915 
-0.0280157 -0.017 0.0120199 
-0.0296494 -0.017 0.0118395 
-0.0374761 -0.0526 -0.000167152 
-0.0258499 -0.0424355 0.0246097 
-0.0364853 -0.0519797 0.00439849 
-0.032442 -0.0181828 -0.0223742 
-0.0525021 -0.017 -0.0057409 
-0.0380978  -0.02 0.0094982 
-0.053622 -0.0196349 -0.0116018 
-0.0436667 -0.0340443 -0.0295432 
-0.0371147 -0.0404966 -0.0232 
-0.0273625 -0.017 -0.0113464 
-0.0272445  -0.02 -0.0178219 
-0.0263112 -0.0511848 0.0224441 
-0.0534638 -0.0424736 0.0259882 
-0.0448768  -0.02 -0.0103985 
-0.033394 -0.0303854 0.0262 
-0.0316183 -0.0236165 -0.0260792 
-0.0487103 -0.0526 -0.00153277 
-0.0435332 -0.0496 0.0152498 
-0.042577 -0.0242124 -0.0272649 
-0.0352662 -0.0471964 -0.0191809 
-0.0392861 -0.0365482 -0.0262 
-0.0535971 -0.0499366 0.00944266 
-0.0399675 -0.0491218 -0.0248141 
-0.0465977 -0.0170924 -0.0194112 
-0.0264576 -0.0496808 -0.010266 
-0.039799 -0.0496 0.00309363 
-0.0538499 -0.0533172 -0.0204309 
-0.0458166 -0.0201551 -0.0194306 
-0.0447415 -0.0280373 0.0262 
-0.0355143 -0.017 0.000470169 
-0.0488492  -0.02 0.0147209 
-0.0444252 -0.0432428 0.0232 
-0.0511706 -0.0442 0.0165984 
-0.0420543 -0.0526 -0.00101482 
-0.0500308 -0.0246245 -0.0261895 
-0.0458834 -0.0365377 -0.0263446 
-0.0478023 -0.017 0.00837827 
-0.0305361 -0.0350176 -0.0262 
-0.051866 -0.0526 -0.013152 
-0.0490378 -0.0486661 0.0154 
-0.0519706 -0.0496 0.0136959 
-0.0526633 -0.017 -0.0147857 
-0.0349736  -0.02 -0.0178801 
-0.0344942 -0.0520986 -0.0107483 
-0.0481744 -0.0496 -0.00879652 
-0.0411505  -0.02 0.0136508 
-0.0466401 -0.0496 -0.0107504 
-0.0399168 -0.0496 0.0131095 
-0.0513046  -0.02 -0.00929808 
-0.0300502 -0.05014 0.0239639 
-0.043523 -0.0242165 -0.0285216 
-0.0268631 -0.023605 0.0229978 
-0.0429397  -0.02 0.0126889 
-0.0467949 -0.0416102 0.0262 
-0.052628 -0.0433161 0.0232 
-0.0390164 -0.0308347 -0.0232 
-0.048791  -0.02 -0.00363483 
-0.028692 -0.0243328 -0.026171 
-0.0382785  -0.02 0.00350162 
-0.05384 -0.0178664 -0.0178532 
-0.0399745 -0.0457651 0.0196494 
-0.0484332 -0.0441347 -0.0183 
-0.034945 -0.0251636 -0.0262 
-0.039657 -0.0514591 -0.0223427 
-0.032911 -0.017 -0.0179465 
-0.0440811 -0.0181027 -0.00624716 
-0.0458559 -0.0492996 0.0246706 
-0.0525794 -0.0496 0.00172316 
-0.0273638 -0.017 -0.00137865 
-0.0334266 -0.0225348 -0.022549 
-0.0298548 -0.0512056 -0.0227407 
-0.0320386 -0.0282039 -0.0232 
-0.0535777 -0.0526414 -0.0174 
-0.0329096 -0.0177622 -0.00509995 
-0.0332848 -0.0526 0.00768952 
-0.0264407 -0.0343952 -0.0232881 
-0.0386763 -0.0496 0.00439811 
-0.0491294 -0.0516957 -0.0222 
-0.0292044 -0.0404329 -0.0262 
-0.0292872 -0.0180834 -0.0222182 
-0.0259836 -0.0501005 -0.0147327 
-0.0515251 -0.019491 -0.0239923 
-0.0355811 -0.017 0.00929346 
-0.0262194 -0.0498241 0.0111362 
-0.0353116 -0.0488722 0.0154 
-0.0330609 -0.0218577 0.0220852 
-0.0403425 -0.0496 0.0119275 
-0.0424009  -0.02 -0.0164541 
-0.0437644  -0.02 0.00973338 
-0.034005 -0.0216956 0.0254822 
-0.0258499 -0.0324587 -0.0250078 
-0.040268 -0.0480721 0.0161175 
-0.0395937 -0.0347994 0.0262 
-0.0393532 -0.0526 0.00301634 
-0.0264814 -0.0198117 0.0241896 
-0.029471 -0.017 0.0067231 
-0.0409463 -0.0472622 -0.0164 
-0.0295038 -0.0266937 0.0232 
-0.0526038 -0.040518 0.0262 
-0.0528822 -0.0525986 -0.0149197 
-0.0261524 -0.0523159 0.0103368 
-0.032037 -0.0219228 -0.0221362 
-0.0378628 -0.0437728 0.0262 
-0.0275352 -0.0498479 0.0242316 
-0.0259026 -0.0351266 0.025518 
-0.037968 -0.0442 0.0169968 
-0.0344232 -0.0365965 0.0232 
-0.0409283 -0.0170108 -0.0184482 
-0.0394895 -0.0462007 0.0205352 
-0.0521974 -0.0526 -0.0143144 
-0.035675 -0.0207156 0.0207718 
-0.0337478 -0.0364484 0.0232 
-0.0496731  -0.02 0.0056299 
-0.029346 -0.0423383 0.0262 
-0.0323084 -0.0361152 -0.0262 
-0.0265918 -0.0200422 0.0244272 
-0.0480638 -0.0295377 -0.0262 
-0.0516732 -0.0526 0.0157436 
-0.0420288 -0.0479679 0.0154 
-0.0336346 -0.0521133 0.0105901 
-0.0419877 -0.0526 0.0152705 
-0.0280606 -0.0448947 -0.0222 
-0.0271376 -0.0457109 -0.01881 
-0.0319585 -0.0526 -0.0071438 
-0.0422275 -0.0490652 0.0211692 
-0.0351724 -0.0180605 -0.00668422 
-0.0258499 -0.0198083 -0.0222809 
-0.0353382 -0.0208977 -0.0210584 
-0.044283 -0.0179714 -0.0220198 
-0.0372094 -0.0484482 -0.0178538 
-0.0261086 -0.0326976 -0.0262 
-0.0372242 -0.017 0.00666704 
-0.0376714  -0.02 -0.009196930000000001 
-0.030797 -0.0170058 -0.018438 
-0.0490788  -0.02 -0.00756634 
-0.0382132  -0.02 0.0177107 
-0.029382 -0.0400745 -0.0262 
-0.0359638 -0.0498148 -0.0141092 
-0.042991 -0.0518066 -0.0133796 
-0.0262718 -0.042732 0.0260157 
-0.0279688 -0.0526 0.0170092 
-0.0510317  -0.02 0.00109257 
-0.0359919 -0.0537371 -0.0193164 
-0.0441338 -0.0526 -0.0156988 
-0.0311726  -0.02 0.0146249 
-0.0368536 -0.0496 0.009550599999999999 
-0.0400093 -0.017 -0.00087027 
-0.041637 -0.0439308 -0.0262 
-0.0399729 -0.017 -0.0171383 
-0.0346267 -0.0526 0.0146778 
-0.0446649 -0.0519286 0.00138121 
-0.04144 -0.017 -0.0148173 
-0.048089 -0.0440113 -0.0262 
-0.0382216 -0.0455905 -0.026141 
-0.0482263 -0.0526038 -0.0222 
-0.0501438 -0.0294162 0.0262 
-0.0266683 -0.0503034 0.0237809 
-0.0313958 -0.0374328 -0.0232 
-0.0493125 -0.0244768 -0.0231713 
-0.0463958 -0.0527192 -0.0222 
-0.0259001 -0.0313608 0.0255099 
-0.0399581 -0.0526 0.00892739 
-0.0433698 -0.0526 0.0088188 
-0.0293919 -0.017 0.0109178 
-0.0485874 -0.0253203 -0.0301523 
-0.0258499 -0.0336355 -0.0245933 
-0.0407117 -0.0464184 -0.0164 
-0.0334915 -0.0526 0.0173571 
-0.0532229 -0.0492811 0.0154723 
-0.0308468 -0.0350531 0.0232 
-0.0351893 -0.0200104 0.0244455 
-0.030029 -0.0496 0.0109365 
-0.0278966 -0.017 0.0150411 
-0.0401185 -0.044 -0.0207748 
-0.0310452 -0.0397667 -0.0262 
-0.0288806 -0.0526 -0.0088214 
-0.0390491 -0.0365084 -0.0232 
-0.0528645 -0.0298769 0.0261994 
-0.0356604 -0.0538022 -0.021017 
-0.0369028 -0.0326972 0.0232 
-0.0278326 -0.017 0.0079793 
-0.0452016 -0.050248 -0.0238869 
-0.0307037 -0.0290488 -0.0232 
-0.0350244 -0.0366295 -0.0262 
-0.028956 -0.0496 0.00102981 
-0.0532639 -0.0172216 0.0196244 
-0.0304207 -0.0280335 -0.0232 
-0.0304936 -0.0496 0.00361485 
-0.0290432 -0.0230188 -0.0227866 
-0.030892 -0.046 -0.0180383 
-0.0260909 -0.0335817 -0.0235495 
-0.0482684 -0.0218984 -0.022119 
-0.0274315 -0.0201906 -0.0195584 
-0.0355045 -0.0221703 -0.0223209 
-0.0412341 -0.0395247 -0.0262 
-0.0295087 -0.0311137 -0.0232 
-0.030782 -0.0268371 0.0232 
-0.0462012 -0.0492444 -0.0247271 
-0.0343841 -0.0330632 -0.0232 
-0.0424239 -0.0489011 0.0208502 
-0.0473031 -0.0245005 -0.0299971 
-0.0535947 -0.0173336 -0.0116317 
-0.0404218 -0.0242032 -0.0262976 
-0.0537348 -0.0520638 -0.00298486 
-0.0495261 -0.020017 0.0185883 
-0.042707 -0.0496 -0.000625311 
-0.0533054 -0.0487712 0.0248879 
-0.0499071 -0.0345604 0.0262 
-0.0449172 -0.0262393 -0.03019 
-0.0488038 -0.0485456 0.0251565 
-0.0366943 -0.0245801 0.0261825 
-0.0316048 -0.0496 -0.00781061 
-0.0299487 -0.0526 -0.0122142 
-0.0375955 -0.017 -0.00576429 
-0.0352321 -0.017 -0.0149281 
-0.0388953 -0.017 -0.014883 
-0.0507304 -0.040151 0.0232 
-0.0421154 -0.0347001 -0.0278984 
-0.0417439 -0.0301259 -0.0232 
-0.0488557 -0.0363355 -0.0262745 
-0.039246  -0.02 -0.00112861 
-0.0434396 -0.047013 0.0225195 
-0.0525225 -0.0496 -0.00721298 
-0.0439914 -0.0365296 -0.0273996 
-0.0323102  -0.02 -0.00929659 
-0.0524846 -0.0416291 0.0262 
-0.0414457 -0.0420236 0.0262 
-0.046515 -0.0496 0.00532282 
-0.0311118 -0.0208831 -0.0210357 
-0.0510366 -0.0353247 -0.0232 
-0.0458176 -0.0317085 -0.0232 
-0.0435884 -0.0179788 0.0047646 
-0.0425275 -0.0202748 0.0198252 
-0.0339618 -0.0181665 0.0223486 
-0.0328707 -0.0262872 0.0232 
-0.0376383 -0.0454888 -0.0190622 
-0.0359431 -0.0254384 -0.0237054 
-0.0427466 -0.017 -0.0179631 
-0.0355865 -0.0455193 -0.0261492 
-0.0300167 -0.0269641 0.0262 
-0.0375622 -0.0231516 -0.0259767 
-0.0510895 -0.044 -0.0230177 
-0.032977 -0.0467088 -0.0164 
-0.0536503 -0.0469658 0.015802 
-0.0262956 -0.0523223 0.0194853 
-0.0402559  -0.02 0.00805586 
-0.049925 -0.018837 -0.0232971 
-0.0352194 -0.0170503 -0.0107618 
-0.0297101 -0.0239367 -0.0261214 
-0.0339827  -0.02 -0.015012 
-0.030514 -0.0496 -0.0116991 
-0.0370864 -0.017 0.0138725 
-0.0398424 -0.0453347 0.0261659 
-0.029988 -0.0496 -0.0109614 
-0.037098 -0.034852 0.0262 
-0.0462823 -0.0182708 0.00459725 
-0.0399912 -0.0475348 -0.0188676 
-0.0412093 -0.0328971 -0.0266063 
-0.0487267 -0.029447 0.0232 
-0.0428371 -0.0295489 -0.0262 
-0.0260447 -0.0174852 0.0192274 
-0.04655 -0.0184294 0.0227613 
-0.0258499 -0.0228353 -0.0245757 
-0.0434641 -0.0177911 0.0107571 
-0.0463796 -0.0505205 -0.0118979 
-0.0535039 -0.0172442 0.0144893 
-0.0519612 -0.0260887 -0.0238095 
-0.050896 -0.0442 0.0186326 
-0.0381327 -0.0294763 0.0232 
-0.0536239 -0.0445676 0.0183517 
-0.0337028 -0.0496 0.00949492 
-0.0393211 -0.0496 0.0132192 
-0.045682 -0.0442 0.0195582 
-0.0462065  -0.02 -0.0153906 
-0.0282211 -0.0442 0.0223823 
-0.0325482 -0.0178292 -0.021745 
-0.0462379 -0.0396393 -0.0262 
-0.0258499 -0.0482002 0.0177407 
-0.0333114 -0.0496 -0.00328849 
-0.0477986 -0.017 0.00359911 
-0.0374076 -0.0496 -0.008529760000000001 
-0.0455893 -0.0285808 0.0232 
-0.034954 -0.0474999 -0.025664 
-0.0485135 -0.0491095 0.0248069 
-0.0455227 -0.0304477 -0.0262 
-0.0299882 -0.0496 -0.00633924 
-0.0310567 -0.0514379 0.0223417 
-0.0332979 -0.0442 0.0216886 
-0.0465859 -0.0314349 -0.0290006 
-0.0359498 -0.0496 0.0140883 
-0.0258499 -0.0465592 0.0243516 
-0.0269548 -0.0496 -0.0130793 
-0.0408164 -0.017 -0.0064242 
-0.027302 -0.050801 -0.0232761 
-0.0537168 -0.0194984 -0.0101533 
-0.0487273 -0.0496 0.0111743 
-0.026266 -0.0198112 -0.00417877 
-0.0346715 -0.053899 -0.0182266 
-0.0312382 -0.0270167 0.0262 
-0.0325426 -0.0526 0.00501894 
-0.0359565 -0.0331796 -0.0232 
-0.0302411 -0.0496 -0.0102747 
-0.0457896 -0.0281833 0.0232 
-0.0474563 -0.0461358 0.0260466 
-0.0371079 -0.0319943 0.0232 
-0.0535934 -0.0499326 0.00764817 
-0.0463813 -0.017 -0.00567521 
-0.0304302 -0.0429535 -0.0262 
-0.0291158 -0.0294257 -0.0232 
-0.0319848 -0.0524202 -0.0222 
-0.0258499 -0.0468094 0.0165685 
-0.0307471 -0.0526 0.0110775 
-0.0522415 -0.0526 0.00437187 
-0.0293086 -0.0526 0.0168399 
-0.0358003 -0.0433792 -0.0262 
-0.0292591 -0.021161 0.0214025 
-0.0279634 -0.0268555 0.0262 
-0.0468421 -0.0194191 0.0122491 
-0.0390308 -0.0496 0.00726928 
-0.0292715 -0.0496 -0.008368489999999999 
-0.0463191 -0.0463407 -0.0260054 
-0.0493274 -0.0436292 0.0232 
-0.0385526 -0.0364726 -0.0262 
-0.0437389 -0.0538278 -0.0210692 
-0.0517767 -0.0442 0.0168853 
-0.0331039 -0.0442 0.0215999 
-0.0306465 -0.0230639 0.0259572 
-0.0536637 -0.0206272 -0.0213932 
-0.0309167  -0.02 -0.00517831 
-0.0479364 -0.0442 0.0231315 
-0.0453887 -0.0245956 -0.0231831 
-0.0298662 -0.0196021 -0.0240941 
-0.0386879 -0.0504123 -0.023711 
-0.0401803 -0.017 0.00193624 
-0.0393307 -0.0290146 -0.0262 
-0.0288467  -0.02 0.00605306 
-0.0509437 -0.017 0.0180427 
-0.0288529 -0.0313986 -0.0232 
-0.0348854 -0.0249308 0.023197 
-0.0271063 -0.0286795 0.0232 
-0.0354965 -0.0399884 0.0232 
-0.0537593 -0.0511209 0.0217169 
-0.0472982 -0.0392718 0.0232 
-0.0511931  -0.02 -0.00896949 
-0.0306493 -0.017 0.0168104 
-0.0538046 -0.0503056 -0.00315974 
-0.0514792 -0.0379663 -0.0232 
-0.0310972 -0.0538756 -0.0183956 
-0.0450252 -0.017 -0.008939239999999999 
-0.0534967 -0.0197624 -0.0173866 
-0.041835 -0.0496 0.00266172 
-0.0479459 -0.0256692 -0.03019 
-0.0411074 -0.0538639 -0.0184356 
-0.0459158 -0.0203616 -0.020058 
-0.0376242  -0.02 -0.0110659 
-0.0258499 -0.0242121 -0.0243758 
-0.045848 -0.044 -0.0231968 
-0.0418252 -0.0304406 0.0232 
-0.0451499 -0.0526 0.0139131 
-0.0471467 -0.025322 -0.03019 
-0.030234 -0.0526 -0.0171934 
-0.0292928 -0.0313195 -0.0232 
-0.0531928 -0.0304293 0.0232607 
-0.0465402 -0.0218278 0.0220623 
-0.0474973 -0.0526 0.0169671 
-0.0503581 -0.017 0.00509378 
-0.0500966 -0.0346223 0.0262 
-0.0511319 -0.017 0.00364788 
-0.028732 -0.0496 -0.0102114 
-0.0385728 -0.0249897 0.0262 
-0.0475458 -0.0236383 -0.0260823 
-0.0438138 -0.043936 -0.0232 
-0.0336264 -0.0496 0.00639963 
-0.0486238 -0.017 0.0168268 
-0.0438093 -0.0328292 -0.0273758 
-0.0286123 -0.017 -0.00171253 
-0.0402471 -0.04358 0.0262 
-0.0413067 -0.0207204 0.0207793 
-0.0512327 -0.017 -0.0142993 
-0.0263159 -0.0524443 -0.00949962 
-0.0336159 -0.0500345 0.0240606 
-0.027428 -0.0535923 -0.0199179 
-0.0505971 -0.0404397 0.0232 
-0.0285834 -0.023797 0.0230498 
-0.0349403 -0.0513644 0.0141115 
-0.0517497  -0.02 -0.00496945 
-0.0434387 -0.0277448 0.0262 
-0.0345229 -0.0207908 0.0208899 
-0.0366453 -0.0412679 0.0232 
-0.0262221 -0.0197776 -0.0152339 
-0.0331705 -0.017 0.000364504 
-0.036917 -0.0522126 -0.00497574 
-0.0441633 -0.0237718 -0.0230457 
-0.0377702 -0.0180731 -0.022202 
-0.0514994 -0.0526 -0.0134896 
-0.030974 -0.0496 -0.0140563 
-0.048484  -0.02 -0.0128107 
-0.0303352 -0.046 -0.0168265 
-0.0348533 -0.0526 0.017588 
-0.0438688 -0.0517371 -0.00603921 
-0.0301065 -0.0229753 -0.0227688 
-0.0282754 -0.017 -0.00561179 
-0.0416809 -0.0230378 -0.0227969 
-0.0419673 -0.0463333 -0.0260076 
-0.0482849 -0.0526 -0.0141073 
-0.0431114 -0.0314676 -0.0232 
-0.0515809 -0.0416737 0.0232 
-0.0450656 -0.0526 -0.0100954 
-0.0483633 -0.0526 -0.009703959999999999 
-0.0441299 -0.017 -0.0162339 
-0.050152  -0.02 0.00702256 
-0.0538499 -0.0507783 -0.0227329 
-0.0435859 -0.0329492 -0.0232 
-0.0382138 -0.0496 0.0144964 
-0.034081  -0.02 0.0136164 
-0.0394261 -0.0496 0.0121731 
-0.0498969 -0.0526 0.0137525 
-0.0456534 -0.0462137 -0.0260335 
-0.0363542 -0.0526 -0.00858799 
-0.0357088 -0.0506902 -0.0112411 
-0.0432882 -0.0496 0.0134031 
-0.0321892 -0.047945 -0.0164 
-0.0343566 -0.0409723 0.0262 
-0.0299886 -0.0526 -0.0112557 
-0.0452968 -0.0249549 -0.03019 
-0.0518499 -0.0441404 -0.0207435 
-0.0318732  -0.02 -0.0120057 
-0.044606 -0.0171459 0.019699 
-0.0512112  -0.02 -0.007947070000000001 
-0.0413386 -0.0301556 0.0232 
-0.0413377 -0.0496 0.009072820000000001 
-0.0518084 -0.017 -0.00588995 
-0.0410641 -0.0484494 0.015682 
-0.0429374 -0.0526 -0.00115307 
-0.0263402 -0.0243815 -0.0232981 
-0.0271244 -0.0232392 -0.0259961 
-0.0530958 -0.0199688 -0.0177004 
-0.0329773 -0.046 -0.0181948 
-0.0434473 -0.0508299 0.0128265 
-0.029398 -0.020783 0.0208775 
-0.0395748 -0.0222717 0.02572 
-0.0527759 -0.0446653 0.0261972 
-0.0467228 -0.0523791 -0.0222 
-0.0328132 -0.0252433 -0.0232 
-0.0462354 -0.0496663 0.00255673 
-0.0264567 -0.0215901 -0.0254354 
-0.0291146  -0.02 -0.00402284 
-0.0277053 -0.0523745 0.0200582 
-0.0352688 -0.0272205 -0.0234191 
-0.0387934 -0.0210665 -0.0212819 
-0.0487114 -0.0496 0.00643121 
-0.0313314 -0.0526 0.0176374 
-0.0307874 -0.017 -0.0131762 
-0.0518565  -0.02 0.00717955 
-0.0538499 -0.0488151 0.0231574 
-0.0526954 -0.017 -0.0105024 
-0.0422873 -0.0476268 0.0164898 
-0.0354929 -0.0496 -0.00118484 
-0.0258499 -0.0489858 -0.0227844 
-0.0284969 -0.0170455 0.0190117 
-0.0400684 -0.0496 -0.00844544 
-0.0410179 -0.0338708 0.0232 
-0.0518499 -0.0474357 -0.022828 
-0.0514234 -0.0389954 0.0262 
-0.0433228 -0.026396 0.0243906 
-0.0487361 -0.0483992 -0.0164 
-0.0455457 -0.0242251 -0.0263925 
-0.0407367  -0.02 -0.0116095 
-0.0484565 -0.0522312 0.0205758 
-0.0258499 -0.0506767 -0.0173743 
-0.0518499 -0.0352839 -0.0261106 
-0.0436286 -0.017 0.0157414 
-0.0516728 -0.0496 -0.0147963 
-0.0538499 -0.0460638 0.0236743 
-0.0369011 -0.0241592 0.0261507 
-0.0422438 -0.0472297 0.0171088 
-0.0465584 -0.017 0.0105 
-0.0348038  -0.02 0.0141642 
-0.0312736 -0.0321218 0.0232 
-0.0362609 -0.052292 0.0203827 
-0.0280016 -0.0350531 0.0262 
-0.0306307 -0.0291614 0.0232 
-0.0325546 -0.0526 -0.000219946 
-0.0538499 -0.0506175 0.0216081 
-0.045914 -0.0242267 -0.0275716 
-0.040239 -0.0220714 -0.0222519 
-0.0301536 -0.0263684 -0.0232 
-0.039439 -0.0462651 0.0234868 
-0.0362696 -0.017 0.0156008 
-0.0429755 -0.0442 0.0163973 
-0.0454267 -0.0526 0.00664237 
-0.0335801 -0.0526 0.00241974 
-0.0341393  -0.02 0.0143162 
-0.0258499 -0.0355454 -0.0252329 
-0.0508148 -0.0526 -0.0143067 
-0.0261529 -0.0498836 0.00648122 
-0.039736  -0.02 0.00423049 
-0.048277 -0.017 0.008050450000000001 
-0.0470263 -0.0525185 -0.00486869 
-0.0435348 -0.0496 0.00601926 
-0.0481176 -0.0393192 -0.0262 
-0.0282382  -0.02 -0.00321611 
-0.0453467 -0.0480739 -0.0164 
-0.0461529 -0.0371739 0.0232 
-0.0374958 -0.017 0.009642349999999999 
-0.0503489 -0.0197324 -0.0242136 
-0.0487485  -0.02 0.00454499 
-0.0297596 -0.0460715 -0.0164 
-0.048651 -0.0496 -0.00941465 
-0.0538499 -0.0515548 -0.00973216 
-0.0432912 -0.0242155 -0.0263338 
-0.0385368 -0.0172571 0.0202007 
-0.0333293 -0.0496 -0.00698259 
-0.0432177 -0.0194583 -0.0119984 
-0.0308395 -0.0374515 0.0232 
-0.0405443 -0.0496 -0.0124249 
-0.0492695 -0.017 0.00651569 
-0.0455878 -0.017 0.00682796 
-0.0320219 -0.035582 -0.0232 
-0.0518499 -0.0449054 -0.0216056 
-0.0310614 -0.038302 0.0262 
-0.0513284 -0.017 0.00998784 
-0.0265414 -0.0415387 -0.0232498 
-0.0425771 -0.0511784 0.00342571 
-0.0352272 -0.0538142 -0.02104 
-0.0443098 -0.0518724 0.0136711 
-0.025915 -0.0212819 0.0245421 
-0.0341937 -0.0402841 -0.0262 
-0.0264582 -0.0525191 -0.0111688 
-0.0299192 -0.0436132 -0.0232 
-0.0309345 -0.0496 0.00230323 
-0.039728 -0.0175636 0.021132 
-0.0280104 -0.053311 -0.0174286 
-0.0429376 -0.04839 0.0237794 
-0.0435145 -0.047812 0.0219659 
-0.0348563  -0.02 -0.0157274 
-0.0420561 -0.0500588 -0.0240621 
-0.0538499 -0.0318462 0.0251645 
-0.0319107 -0.0435625 0.0232 
-0.0294159 -0.0424071 -0.0262 
-0.0426783 -0.0220366 -0.0256234 
-0.0304187 -0.0410255 -0.0232 
-0.0347981 -0.0496 -0.0156612 
-0.042351 -0.0244642 0.0231678 
-0.0284508 -0.0526 -0.0122517 
-0.0516174 -0.0170222 -0.0187085 
-0.0362006 -0.0179259 0.00252268 
-0.0388846 -0.017 0.00453976 
-0.0282884 -0.0496 0.003107 
-0.0307401 -0.017 -0.00269881 
-0.0280755 -0.0526 0.00142863 
-0.0446489 -0.0185737 0.00139682 
-0.0327727  -0.02 0.00768809 
-0.0324664 -0.0444168 -0.0230069 
-0.0264125 -0.0198986 -0.00231532 
-0.0358427 -0.0247508 0.0261898 
-0.0422755 -0.0500675 -0.0240542 
-0.0383399 -0.0187223 0.0231476 
-0.0451789 -0.024606 -0.0231838 
-0.026494 -0.0316614 0.0232657 
-0.0396709 -0.0496 -0.00463423 
-0.0495249 -0.0526 0.000757414 
-0.0452985 -0.021344 -0.0253073 
-0.0439626 -0.0475384 0.0256376 
-0.0269723  -0.02 -0.00683733 
-0.0344643 -0.0343277 -0.0262 
-0.0486705 -0.017 -0.0125845 
-0.0454148 -0.0266581 0.0232 
-0.051166 -0.017 -0.0170605 
-0.0425006  -0.02 0.00277227 
-0.0483205 -0.0496 0.00759888 
-0.042613 -0.0170069 0.0115905 
-0.036725 -0.0496 0.0142628 
-0.0437063 -0.0472801 0.0207959 
-0.050456 -0.017 -0.0134516 
-0.0360411 -0.0412523 -0.0232 
-0.0317623 -0.0478798 0.0254954 
-0.0518499 -0.0382623 -0.0238266 
-0.0449532 -0.017 0.00947603 
-0.0323741 -0.018661 0.0230677 
-0.0418768 -0.017 -0.00530196 
-0.0518499 -0.0475536 -0.0210956 
-0.0480299 -0.017 -0.0177976 
-0.0400525 -0.0394087 0.0262 
-0.0491972 -0.0526 0.00502928 
-0.0518617 -0.0442 0.0197761 
-0.033556 -0.017 0.00224036 
-0.0348057 -0.0500082 0.00124329 
-0.0464338 -0.0175874 -0.00375101 
-0.0417178 -0.0529131 -0.0174 
-0.0308898 -0.0424291 0.0262 
-0.0312221 -0.0462497 0.0260224 
-0.0453053 -0.044 -0.0207209 
-0.0294316 -0.0484988 -0.0251952 
-0.0345423 -0.017 0.0167247 
-0.0258499 -0.0352599 -0.0243243 
-0.0366706  -0.02 0.0167158 
-0.0398002 -0.017 0.0135482 
-0.0358122 -0.0325912 0.0232 
-0.0464844  -0.02 -0.00599606 
-0.0374177 -0.0494425 -0.0226262 
-0.0471138 -0.0186093 0.00378304 
-0.0474623 -0.0526 -0.00632135 
-0.0258685 -0.040144 -0.0262 
-0.0259862 -0.0440779 0.0236963 
-0.0435067 -0.0343576 0.0262 
-0.0355529 -0.0260466 0.0262 
-0.0415761 -0.0496 0.0131607 
-0.0469607 -0.0506562 0.012133 
-0.0268576 -0.0331416 -0.0232 
-0.045941 -0.0195023 0.00493156 
-0.0394473 -0.0257537 0.0238622 
-0.0369933 -0.0171003 -0.012499 
-0.0277735 -0.0409922 -0.0262 
-0.0392088 -0.0260276 -0.0232 
-0.0258499 -0.0378938 -0.0250857 
-0.0268495 -0.0526 0.0172772 
-0.0431874  -0.02 0.0146805 
-0.0434889 -0.0514553 0.0046672 
-0.0412717 -0.0234856 0.0260507 
-0.0419472 -0.0526 0.00315551 
-0.0495503 -0.0526 0.00374227 
-0.0436611 -0.0199944 -0.00336419 
-0.0485086 -0.0200077 0.0183774 
-0.0448991 -0.0182107 -0.00695182 
-0.0445709 -0.0267874 0.0262 
-0.0260303 -0.0351848 -0.0236271 
-0.0329709 -0.017 -0.008432719999999999 
-0.0365599 -0.0321906 0.0232 
-0.028145 -0.0174771 -0.0209208 
-0.0448087 -0.024222 -0.0285488 
-0.0513 -0.0420002 -0.0232 
-0.0377655 -0.0526 -0.0128052 
-0.0333639 -0.0411924 -0.0232 
-0.0490129 -0.0442 0.0196453 
-0.0305313 -0.017 0.00255218 
-0.0449487 -0.0172925 0.00590328 
-0.049159 -0.0432063 -0.0232 
-0.0286831 -0.0489 0.0249371 
-0.0469526 -0.0496 0.0111282 
-0.0496811 -0.017 0.0108386 
-0.0374215 -0.0332937 -0.0262 
-0.0403262 -0.0250875 0.0239645 
-0.0534368 -0.0497669 -0.0231908 
-0.0340835 -0.050998 -0.0111506 
-0.0519593 -0.0321268 0.0262 
-0.0423522 -0.0331285 -0.0274749 
-0.0258499 -0.0510837 0.009236299999999999 
-0.047648 -0.0170028 0.0182639 
-0.0474218 -0.0173907 -0.020668 
-0.0388538 -0.0526 0.00259338 
-0.0354371 -0.0261094 -0.0246512 
-0.043154 -0.017 -0.0106869 
-0.03062 -0.017 -0.0117952 
-0.0324957 -0.0496 -0.00222483 
-0.0306442 -0.0439693 -0.0232 
-0.0362752 -0.0170595 0.0128043 
-0.0478977 -0.0245787 -0.023182 
-0.0371152 -0.0526 0.0067242 
-0.0394137 -0.035549 0.0232 
-0.0278462 -0.0182771 -0.0225222 
-0.0342264 -0.044 -0.0186557 
-0.050047 -0.0303213 0.0262 
-0.0359658 -0.0503045 0.0104928 
-0.0465025 -0.0496 0.00497711 
-0.0265122 -0.0199411 0.0141495 
-0.0357112 -0.0521114 -0.0112434 
-0.0487203 -0.0335749 -0.0300814 
-0.0335489 -0.017 -0.00211851 
-0.0492519 -0.0282467 -0.029153 
-0.0424432 -0.0188746 -0.0128432 
-0.0464129 -0.017 -0.000852908 
-0.0364569 -0.0434895 -0.0262 
-0.0452418 -0.0447197 -0.0261957 
-0.039988 -0.0496 0.00509905 
-0.0440333 -0.0522873 0.00199968 
-0.0452501 -0.0306726 -0.0232 
-0.0258499 -0.0300506 -0.0252878 
-0.044183 -0.0507195 -0.00285312 
-0.0353254 -0.0458786 0.0154 
-0.0303972  -0.02 0.00479882 
-0.0311255  -0.02 -0.0146399 
-0.0330088  -0.02 0.0132727 
-0.0456375 -0.0516059 0.0101713 
-0.0529294 -0.0525965 -0.0132291 
-0.0261752 -0.0523368 0.00703037 
-0.0368466 -0.0257921 0.0262 
-0.0455001  -0.02 0.0173357 
-0.0263178 -0.03232 0.0260456 
-0.0258499 -0.0512462 0.0191842 
-0.0400674 -0.0526 -0.00581304 
-0.053825 -0.0446059 0.0239825 
-0.0355719 -0.0454429 -0.0261576 
-0.0427797 -0.0352812 0.0232 
-0.0436313  -0.02 0.0074369 
-0.0402731 -0.0468212 0.015935 
-0.051501 -0.0525907 0.0184129 
-0.0518499 -0.0275469 -0.0245287 
-0.0335472 -0.0442 0.0193371 
-0.0368739 -0.049414 -0.0231963 
-0.0493227 -0.0209886 0.025121 
-0.029756 -0.017 0.007926600000000001 
-0.0292523  -0.02 0.0175986 
-0.0271223 -0.0200182 0.0186167 
-0.0385032 -0.017 -0.000443868 
-0.0478048  -0.02 0.00429593 
-0.0375304 -0.0511976 -0.0227531 
-0.0375595 -0.0453927 0.0261603 
-0.0518499 -0.0469985 -0.0193227 
-0.0399078  -0.02 -0.0150623 
-0.0497372  -0.02 0.0113694 
-0.0372929 -0.017 0.00751539 
-0.0300007 -0.053831 -0.0185246 
-0.0538499 -0.0185492 0.0152101 
-0.0506886 -0.0269718 -0.0232 
-0.0526574 -0.0526 0.00376472 
-0.0416885 -0.0399989 0.0232 
-0.035578 -0.0361282 -0.0262 
-0.0526433 -0.017 0.0171164 
-0.0360916 -0.0515536 0.010616 
-0.0284756 -0.0211108 -0.0251859 
-0.0330175 -0.046 -0.0172456 
-0.0536748 -0.0195646 0.0142226 
-0.0386914 -0.0460631 -0.0196691 
-0.0411295 -0.0494335 -0.0164 
-0.0289934 -0.0526 -0.0103842 
-0.0443988 -0.0199355 0.00555826 
-0.0258499 -0.025509 -0.0245762 
-0.0332946 -0.0538856 -0.0180491 
-0.0272569 -0.0302956 0.0232 
-0.0485101 -0.0250723 -0.0232 
-0.0306998 -0.017 0.0157857 
-0.0373072 -0.0452047 0.0154 
-0.0461318  -0.02 -0.0153726 
-0.0411303 -0.0514305 -0.0223876 
-0.0312357 -0.0526 -0.0139786 
-0.0403151  -0.02 0.00597441 
-0.0372618 -0.017 0.0087291 
-0.0449313 -0.0180583 -0.00692028 
-0.0521723 -0.0258776 -0.0254002 
-0.0381337  -0.02 0.00548607 
-0.0406309 -0.0526 0.0159721 
-0.0455097 -0.0195615 0.00535392 
-0.0293508 -0.0526 -0.0147108 
-0.0271409 -0.0526 -0.00230017 
-0.0264371 -0.0204557 -0.0247814 
-0.0439774 -0.018628 -0.00305444 
-0.0509005 -0.017 -0.00608009 
-0.046018 -0.0326499 0.0262 
-0.0365283 -0.029174 -0.0262 
-0.0316098 -0.0515464 0.0221651 
-0.0315054 -0.0526 0.0071321 
-0.0292728  -0.02 0.0015568 
-0.051725 -0.0352472 -0.0262 
-0.0383877 -0.0496 0.0149992 
-0.0529386 -0.0236703 -0.0230197 
-0.0421071 -0.0170662 0.0191689 
-0.0349089 -0.0175659 -0.0211519 
-0.0323686 -0.0496 -0.013198 
-0.0504922 -0.017 -0.00654272 
-0.0325834 -0.0384295 0.0232 
-0.0282294 -0.0389548 0.0262 
-0.0303336 -0.0409748 0.0232 
-0.0494212 -0.0359444 -0.0262 
-0.0268468 -0.0241794 0.0231305 
-0.031133 -0.0496 0.00476547 
-0.0494457 -0.0233272 0.0229102 
-0.0391041 -0.0484235 -0.0205134 
-0.0538466 -0.0190753 0.0177259 
-0.04013 -0.018813 -0.0232658 
-0.0375351 -0.0295567 -0.0232 
-0.0496645 -0.0526 0.00362501 
-0.0479917 -0.017 -0.00354023 
-0.0267662 -0.0206578 -0.0249102 
-0.0330923 -0.046 -0.0177247 
-0.0259609 -0.0175434 -0.00559499 
-0.0353368 -0.0512806 0.00987681 
-0.0313404 -0.0306372 0.0232 
-0.0267388 -0.049948 -0.02416 
-0.0258499 -0.0365199 -0.0245213 
-0.0350814 -0.0400255 0.0232 
-0.0337023  -0.02 0.00566475 
-0.0493725 -0.0337782 0.0232 
-0.0537947 -0.0501248 -0.0168895 
-0.0350063 -0.0304706 -0.0232 
-0.0276869 -0.0423273 -0.0262 
-0.0532684 -0.019908 -0.00711196 
-0.0441491 -0.0253158 0.0232 
-0.0319819 -0.017 -0.00173602 
-0.0326136 -0.0491036 0.0248108 
-0.0449548 -0.021378 0.0216411 
-0.0402249  -0.02 -0.00737169 
-0.0416015 -0.0349896 0.0262 
-0.0521679 -0.0453184 0.0154 
-0.0259334 -0.051998 -0.0150239 
-0.0371657 -0.0211895 -0.021436 
-0.0501789  -0.02 -0.0163974 
-0.0438913 -0.017 -0.000715702 
-0.0347626 -0.0482715 0.0253021 
-0.0497105 -0.045545 0.0154 
-0.0538105 -0.0177241 -0.0122583 
-0.0258994 -0.0519078 -0.00758175 
-0.0261429 -0.0523072 0.00742286 
-0.0451146 -0.0307674 -0.0232 
-0.0421769 -0.017 0.0144268 
-0.0390448 -0.0408191 -0.0262 
-0.0415796 -0.0404535 -0.0262 
-0.0401151 -0.0240328 0.026134 
-0.0291146 -0.0221667 0.0223178 
-0.0517118  -0.02 -0.014534 
-0.045903 -0.0242267 -0.0269606 
-0.0439947 -0.017 0.0154431 
-0.0492834 -0.0253518 -0.0273659 
-0.031023 -0.017 -0.0120179 
-0.0492281 -0.0526 0.0174502 
-0.0412138 -0.017 -0.0139218 
-0.0400248 -0.0526 -0.00628956 
-0.0348686 -0.0175363 -0.0210781 
-0.0451909  -0.02 -0.00150555 
-0.0386215  -0.02 0.009851149999999999 
-0.0535956 -0.0179138 -0.0219129 
-0.0269235 -0.048235 -0.0164 
-0.0478434 -0.0216746 -0.0219325 
-0.0258499 -0.0188665 -0.0168095 
-0.0464566 -0.0371974 -0.0262 
-0.0294496 -0.0228114 0.0226922 
-0.050647 -0.017 0.0151953 
-0.0426513 -0.0188378 0.00335304 
-0.0486022 -0.0538338 -0.0217169 
-0.0269205 -0.0170056 0.0183286 
-0.0414942 -0.0198002 -0.0242757 
-0.0457791 -0.0481339 0.0154 
-0.0326904 -0.0430159 -0.0232 
-0.0412164 -0.037125 -0.0232 
-0.0493538 -0.0298351 0.0232 
-0.0424374 -0.0201539 0.0245556 
-0.0258881 -0.0286925 -0.0262 
-0.0529753 -0.049608 0.0141905 
-0.0305159 -0.0465134 0.0154 
-0.0373525 -0.0484442 -0.0167034 
-0.0357296 -0.0323453 -0.0262 
-0.0278446 -0.0442 0.0209922 
-0.0258761 -0.0518232 0.0157083 
-0.0358923 -0.028555 0.0262 
-0.0469734 -0.0365424 -0.0285943 
-0.0321555 -0.0204072 0.02475 
-0.0409108 -0.0192321 0.0237357 
-0.0277554 -0.0362736 -0.0232 
-0.0482586 -0.044 -0.021809 
-0.0337658 -0.0496 -0.0162391 
-0.027388 -0.0425262 -0.0262 
-0.0277989 -0.0496 0.0119661 
-0.0483725 -0.0196797 -0.0241652 
-0.0526947 -0.0315936 0.0262 
-0.035807 -0.035501 -0.0262 
-0.0310562 -0.0442 0.0196939 
-0.0512819 -0.0496 0.012628 
-0.0433071 -0.0504461 0.00271079 
-0.051594  -0.02 -0.0143241 
-0.0272599  -0.02 -0.0145256 
-0.0519961 -0.0253577 0.0262 
-0.0398769 -0.017 0.00412443 
-0.0378796 -0.017 -0.00929701 
-0.0310692 -0.0496 0.00224229 
-0.0473896 -0.0333853 -0.0301893 
-0.0412982 -0.0512295 0.0226689 
-0.0295833 -0.0536924 -0.0192632 
-0.0342478 -0.0402437 0.0232 
-0.0455972 -0.0466609 0.0259295 
-0.0460762 -0.0493752 0.0154 
-0.0280534 -0.0496 0.0143274 
-0.0459661  -0.02 0.000753421 
-0.0316004 -0.0526 -0.0128026 
-0.0472143 -0.0526 -0.0111327 
-0.0501652 -0.0177476 0.0215762 
-0.0518499 -0.0472111 -0.01788 
-0.0359302 -0.0519319 -0.00594214 
-0.042063 -0.0460328 -0.0164 
-0.029283 -0.025478 0.0232 
-0.0492325 -0.0422608 0.0262 
-0.0267039 -0.0388469 -0.0232115 
-0.0348567 -0.0340976 0.0232 
-0.0511434  -0.02 -0.0139008 
-0.034075  -0.02 0.00903906 
-0.0492782 -0.0265656 -0.0290015 
-0.0475804 -0.017 0.0055909 
-0.0510446 -0.0292658 -0.0232 
-0.0368267 -0.0501201 -0.0132642 
-0.0490985 -0.0496 0.00124563 
-0.046304 -0.0441243 0.0232 
-0.0261878 -0.0197484 -0.0120776 
-0.0446293 -0.044 -0.0203751 
-0.0434583 -0.0526 0.0100629 
-0.0397919 -0.0458961 0.0253491 
-0.0331464 -0.0489007 -0.0164 
-0.0538499 -0.0463238 0.0196465 
-0.0258814 -0.0503529 -0.00708419 
-0.0398546  -0.02 0.00225364 
-0.0325681 -0.0534356 -0.0221261 
-0.0379891 -0.0526 0.0160601 
-0.0479237 -0.017 -0.009756880000000001 
-0.0468145 -0.0186877 0.00407615 
-0.0538499 -0.0186922 -0.00640947 
-0.0524962 -0.017 0.0135754 
-0.0374336  -0.02 0.008250530000000001 
-0.0300394 -0.0526 -0.008364760000000001 
-0.0325663 -0.0526 -0.00294345 
-0.0367085 -0.0304354 0.0262 
-0.0319139 -0.022176 -0.0256812 
-0.0395688 -0.0450179 -0.0261827 
-0.0304469 -0.0464497 -0.0259812 
-0.03381 -0.050456 -0.0141816 
-0.0479362  -0.02 -0.00689259 
-0.0511254 -0.0359931 0.0232 
-0.0513103 -0.0526 -0.00718354 
-0.0337587 -0.017 -0.00741184 
-0.0267425 -0.0199935 -0.00125248 
-0.0434959 -0.0525233 -0.0222 
-0.0371137 -0.0442 0.0196966 
-0.0274513 -0.0260513 0.0232 
-0.048482 -0.017 -0.00718944 
-0.0356552 -0.051079 -0.0229137 
-0.0350904 -0.0442 0.0181852 
-0.030476 -0.0216364 -0.0218938 
-0.0393107 -0.0496 0.00895804 
-0.0350145 -0.0496 -0.00751605 
-0.0491823 -0.0210335 0.0212364 
-0.02833 -0.0290194 0.0232 
-0.0258499 -0.0505832 0.0171512 
-0.0298727 -0.017 0.00496543 
-0.0386827 -0.0364405 -0.0262 
-0.045879 -0.0271741 0.0232 
-0.0260165 -0.0446488 0.0168004 
-0.032363 -0.0526 -0.00197636 
-0.0525152 -0.0526 0.0116168 
-0.0266868 -0.0170138 -0.00747312 
-0.0293932 -0.017 0.00455979 
-0.0378967 -0.0182721 -0.0225144 
-0.0518499 -0.0301353 -0.0238804 
-0.0525972  -0.02 -0.0164473 
-0.0518795 -0.0491478 -0.0247931 
-0.0258499 -0.0492292 0.016579 
-0.0445529 -0.0536711 -0.0208407 
-0.0319438 -0.0496 0.0113545 
-0.0492817 -0.017 -0.00379029 
-0.0454824 -0.0341272 -0.0301888 
-0.0331942  -0.02 -0.0146081 
-0.0435047  -0.02 0.017176 
-0.0463839 -0.017 -0.0115362 
-0.0419386 -0.0371344 0.0232 
-0.0317375  -0.02 0.00623944 
-0.050985 -0.044 -0.0231564 
-0.0449286 -0.0442 0.0197086 
-0.0429049 -0.0526 0.0140982 
-0.0258693 -0.0256448 -0.0240072 
-0.0396557 -0.0242405 -0.0261626 
-0.0457356 -0.052366 -0.0143326 
-0.0379591 -0.017 -0.0143047 
-0.0411612 -0.04709 -0.025802 
-0.0518499 -0.0451055 -0.0228151 
-0.0393836 -0.0258468 0.0255066 
-0.033113 -0.0365433 -0.0232 
-0.0495513 -0.037073 -0.0262 
-0.0423657 -0.0284546 0.0233192 
-0.0350193 -0.0200139 -0.018519 
-0.0301884 -0.0416432 -0.0232 
-0.0526488 -0.017 0.0160177 
-0.032008 -0.0247821 0.0261909 
-0.0530661 -0.0280017 0.0232246 
-0.04839  -0.02 0.009412999999999999 
-0.0479646 -0.0267883 0.0262 
-0.0331786 -0.0181632 -0.0120366 
-0.0506782 -0.0538328 -0.0217191 
-0.0419291 -0.0308346 -0.0232 
-0.0535523 -0.0498886 -0.009047970000000001 
-0.0401376 -0.0525225 0.0192546 
-0.0424971 -0.0488312 0.0204836 
-0.039087 -0.0496 -0.00616905 
-0.0366773 -0.0455356 -0.0259284 
-0.0276208 -0.0402519 -0.0262 
-0.0445123 -0.0179138 -0.0219086 
-0.0517447 -0.0323382 0.0262 
-0.0258499 -0.0512382 -0.00537809 
-0.0438522 -0.040102 -0.0262 
-0.0397046 -0.0470781 -0.0213158 
-0.0459402 -0.0522361 -0.0114677 
-0.0531616 -0.0525493 0.00553531 
-0.0338875 -0.0525255 0.00214248 
-0.050962 -0.0526 -0.00372554 
-0.0277689 -0.0183422 -0.0226245 
-0.046088 -0.0285753 -0.0232 
-0.0494667  -0.02 -0.0138296 
-0.0385082  -0.02 -0.016491 
-0.0396502 -0.0459315 -0.0183 
-0.0491005 -0.0400042 -0.0232 
-0.0290394 -0.0365411 -0.0232 
-0.0425521 -0.0496 -0.0123681 
-0.040766 -0.0526 -0.00806406 
-0.0442532 -0.017 -0.008094799999999999 
-0.0268825 -0.017 -0.00476232 
-0.0450164 -0.0192163 0.0237185 
-0.0515675 -0.0430048 -0.0262 
-0.0449596 -0.0442 0.0205379 
-0.0319862 -0.0526 0.00108278 
-0.0289312 -0.0363932 0.0232 
-0.0420472 -0.0341278 0.0262 
-0.0315204 -0.0526 -0.00700343 
-0.0295244 -0.0170366 0.018944 
-0.0486479  -0.02 -0.0137922 
-0.0429051 -0.0389042 -0.0262 
-0.033572 -0.0526 0.00603927 
-0.046879 -0.0176461 0.00318703 
-0.0340762 -0.0496 -0.0149603 
-0.0538499 -0.0203748 -0.0241273 
-0.0493146  -0.02 0.00784202 
-0.0487989 -0.0190321 -0.0235174 
-0.0348935 -0.0440334 0.0232 
-0.0261911 -0.0523513 -0.000496123 
-0.0476909 -0.046781 -0.0164 
-0.0258499 -0.018187 0.0151623 
-0.0514853 -0.0362687 -0.0262 
-0.0389265 -0.0383564 0.0232 
-0.0333847 -0.0329023 -0.0232 
-0.0340007 -0.0496 -0.0003942 
-0.0407201 -0.0526 -0.00261326 
-0.0534114 -0.0198268 0.00970711 
-0.0339934 -0.0511913 -0.0143612 
-0.0282047 -0.0496 0.0138557 
-0.0358407  -0.02 0.0164786 
-0.0421652 -0.0442 0.017088 
-0.0475477 -0.0487071 -0.0250739 
-0.0411339 -0.0526 0.0107287 
-0.039564 -0.0526 0.00446354 
-0.0326973 -0.0526 -0.00706913 
-0.0455044 -0.0364592 -0.029742 
-0.0258499 -0.0184484 0.000112292 
-0.034586 -0.0442 0.0201182 
-0.045248 -0.0185959 0.009789890000000001 
-0.0349391 -0.0429284 0.0232 
-0.0538499 -0.0187712 -0.0207195 
-0.0319745 -0.0287074 0.0262 
-0.0424822  -0.02 0.00591543 
-0.0385732 -0.053531 -0.0204736 
-0.0492447 -0.0346832 -0.0290747 
-0.0409964 -0.017 -0.0159822 
-0.0355357 -0.02907 -0.0262 
-0.0437517 -0.0514457 -0.0114755 
-0.0258524 -0.0505419 -0.008641329999999999 
-0.025901 -0.0519129 -0.0174246 
-0.0411172 -0.0484471 0.0156078 
-0.0478782 -0.0433065 0.0262 
-0.0367818 -0.0516975 -0.0222 
-0.0465172  -0.02 -0.0059462 
-0.0389814 -0.0335616 0.0232 
-0.050839 -0.0335803 0.0262 
-0.0456236 -0.0180728 0.0134423 
-0.0258524 -0.0516571 -0.0104717 
-0.0538499 -0.0467245 0.0189225 
-0.0476089  -0.02 -0.0138751 
-0.0350825 -0.017 0.00634693 
-0.0437635 -0.0496 -0.0106023 
-0.0470701 -0.0365428 -0.0263982 
-0.0383015 -0.0526 0.00593542 
-0.0410775 -0.0496 -0.00822049 
-0.0507261 -0.032852 0.0262 
-0.0331313 -0.0475588 -0.0256394 
-0.027302 -0.0226766 -0.0258477 
-0.0393372 -0.0203371 -0.0199977 
-0.0527942 -0.0480062 0.0154 
-0.0373148 -0.0526 -0.00564259 
-0.0369555 -0.0200335 0.0244633 
-0.0404681 -0.046 -0.0177104 
-0.0362403  -0.02 0.00232558 
-0.0371759 -0.0221587 -0.0223133 
-0.0370629 -0.0360463 -0.0262 
-0.044364 -0.0509796 -0.00652417 
-0.0306311 -0.0284749 0.0232 
-0.0354196 -0.044 -0.0210225 
-0.0505372 -0.0406921 -0.0262 
-0.0357646 -0.0519099 0.0214375 
-0.0263432 -0.0289426 0.023338 
-0.0355466 -0.0477202 -0.0164 
-0.0382635 -0.0526 -0.00765191 
-0.0259473 -0.0520297 0.0126028 
-0.039079 -0.0266209 0.0253552 
-0.0412105 -0.0526 -0.0153373 
-0.0538223 -0.0279767 0.0239702 
-0.0429899 -0.017 0.00690458 
-0.0340621 -0.0526 -0.001037 
-0.0518499 -0.0479044 -0.0202197 
-0.0523999 -0.0496 -0.00685006 
-0.0401457 -0.0456679 0.023464 
-0.0363263 -0.0496 -0.0103792 
-0.0436103 -0.045075 0.0154 
-0.0512062 -0.017 -0.00536354 
-0.0518499 -0.0477303 -0.0202737 
-0.0346127 -0.03381 -0.0232 
-0.0391335 -0.0329181 -0.0262 
-0.0538499 -0.0474573 0.0202623 
-0.0491343 -0.0252379 -0.0297243 
-0.0483859 -0.0442 0.0197698 
-0.0489339  -0.02 0.00450347 
-0.0489021 -0.0197883 -0.0242648 
-0.0462025 -0.017 0.00634715 
-0.0492973 -0.0305779 0.0262 
-0.0444381 -0.0256129 0.0232 
-0.0384415 -0.0526 0.00768006 
-0.0514463  -0.02 0.00617093 
-0.0398893 -0.0501866 -0.0239445 
-0.0388559 -0.0372227 -0.0262 
-0.0286829  -0.02 0.0121264 
-0.0258499 -0.0184095 0.0136447 
-0.0299152 -0.029222 0.0262 
-0.0258528 -0.0505326 0.0154609 
-0.0332374 -0.0283699 -0.0262 
-0.0398903 -0.0496 0.008295780000000001 
-0.0386003 -0.0526 0.00317918 
-0.0276377  -0.02 0.0161512 
-0.034245 -0.0313643 0.0232 
-0.034042 -0.0434811 0.0232 
-0.0457286 -0.0287984 -0.03019 
-0.0392637 -0.0382254 0.0232 
-0.0359569 -0.0498674 -0.0032841 
-0.0532138 -0.0199306 0.0169756 
-0.0490195 -0.0304264 0.0232 
-0.0516769 -0.0202711 0.0198135 
-0.0406696 -0.0324399 0.0232 
-0.0473074  -0.02 0.00594258 
-0.0427865 -0.0485413 0.022031 
-0.0341379 -0.017 0.00547235 
-0.0411596 -0.0538935 -0.0197041 
-0.0537864 -0.0502503 0.0159694 
-0.039437 -0.0257688 0.0232671 
-0.0394755 -0.0281812 0.0234606 
-0.0333857 -0.0441968 -0.019752 
-0.0326982 -0.017 0.0103537 
-0.0492534 -0.027335 -0.0281962 
-0.0523254  -0.02 0.0102142 
-0.0512707 -0.0442 0.0222027 
-0.026194 -0.0199475 0.0196044 
-0.0377458 -0.0209602 -0.0251029 
-0.0518499 -0.0434511 -0.023843 
-0.0370665 -0.0538966 -0.0213326 
-0.0397641 -0.0496 -0.00876768 
-0.0472215 -0.0523986 -0.0222 
-0.0346539 -0.0397097 -0.0232 
-0.0302219 -0.0383289 0.0232 
-0.0538051 -0.0503071 -0.00263213 
-0.02834 -0.0415882 0.0262 
-0.0292353  -0.02 -0.0112768 
-0.0518499 -0.0348296 -0.024861 
-0.0384902 -0.0351721 -0.0262 
-0.0402536 -0.0526 -0.015834 
-0.0493583 -0.0526 0.0152118 
-0.0332325 -0.0171449 -0.0197125 
-0.041995 -0.0399725 0.0232 
-0.0452542 -0.0429544 0.0262 
-0.0451797 -0.0183917 0.009722990000000001 
-0.034377 -0.017 7.51582e-05 
-0.0536583 -0.0195876 -0.00187359 
-0.0430457 -0.0496 0.0145378 
-0.0483375 -0.0538491 -0.0211212 
-0.0377696 -0.0428137 0.0232 
-0.0430768 -0.0496 0.00762347 
-0.0358306 -0.044 -0.0223969 
-0.0379908 -0.017 -0.00139553 
-0.0307386 -0.0526 0.0103978 
-0.0345515 -0.0292091 0.0262 
-0.0376675 -0.0444874 0.0262 
-0.0304686 -0.017 -0.00676275 
-0.0363204 -0.050224 0.01084 
-0.0259134 -0.0266628 0.0238502 
-0.0498204 -0.0455114 -0.0183 
-0.0267709 -0.0277069 -0.0232034 
-0.0418712 -0.0526 0.00716282 
-0.0326138 -0.053148 -0.0174021 
-0.0417203 -0.0509388 -0.0230965 
-0.0331978 -0.017 0.000525933 
-0.0464384 -0.053742 -0.0202762 
-0.0439887 -0.0526 0.0147734 
-0.0275811 -0.0294332 -0.0232 
-0.0381787 -0.017 -0.0125135 
-0.0473319 -0.017 0.0107021 
-0.0418947 -0.0328734 -0.0232 
-0.0412004 -0.0212372 0.0214875 
-0.0472914 -0.0283574 0.0262 
-0.0419949  -0.02 -0.0139315 
-0.0274474 -0.0430773 -0.0232 
-0.053806 -0.0192899 -0.0114753 
-0.0503715 -0.052354 0.0201507 
-0.0402529 -0.0526 0.00338244 
-0.030196 -0.017 0.00258251 
-0.0440096 -0.046032 0.0260707 
-0.043621 -0.0266947 0.0258561 
-0.0510627 -0.0510676 0.0229002 
-0.0339746 -0.0496 -0.00117131 
-0.0335401 -0.0297052 -0.0262 
-0.0383381 -0.0530709 -0.0222 
-0.0516243 -0.0373296 0.0262 
-0.0537904 -0.0211891 -0.0223816 
-0.0402994  -0.02 -0.00319165 
-0.0462749 -0.0291528 -0.028681 
-0.0390253 -0.0258976 -0.0260978 
-0.0317287 -0.0516748 -0.0222 
-0.0451739 -0.017 9.55133e-05 
-0.0374802 -0.0526 -0.00806487 
-0.0528811 -0.0453137 0.0154007 
-0.0423266 -0.0365225 -0.0273 
-0.0385406 -0.0526 -0.0113715 
-0.0512964 -0.0468902 0.0154 
-0.0259861 -0.0479073 0.0158965 
-0.0360865 -0.0525186 0.0192846 
-0.053068 -0.0511006 0.0228161 
-0.027049 -0.0471959 0.0257618 
-0.044671 -0.0526 0.0149327 
-0.0502497 -0.0337342 -0.0262 
-0.0525288 -0.0205471 -0.0248397 
-0.048778  -0.02 0.000827039 
-0.0261852 -0.0172538 0.0103512 
-0.0392658 -0.0465465 0.0192511 
-0.0425858 -0.0526 0.00168206 
-0.048824 -0.0279089 -0.0277715 
-0.0275708 -0.0496 0.0122251 
-0.0281479 -0.0210285 -0.0212301 
-0.0490058 -0.017 0.0096959 
-0.0294398 -0.0221015 0.0222723 
-0.0357591 -0.0332061 -0.0232 
-0.0375619 -0.0496 -0.00129792 
-0.0425954 -0.0525981 0.0182437 
-0.0347217 -0.0172232 0.0200476 
-0.0508591 -0.0499598 0.024129 
-0.0536596 -0.0195859 -0.00715738 
-0.0404945 -0.0250306 0.0250837 
-0.0314727 -0.023111 -0.0259676 
-0.0401455 -0.017 -0.00716367 
-0.0358022 -0.0200129 0.0184944 
-0.0337674 -0.0403006 -0.0232 
-0.0305544 -0.0378154 -0.0262 
-0.0536395 -0.0499696 -0.0200622 
-0.0326737 -0.0496 0.0127271 
-0.0380928 -0.0396021 -0.0232 
-0.0328632 -0.0194965 0.00314548 
-0.048627 -0.0173223 0.0204283 
-0.0258643 -0.0178329 -0.0117055 
-0.0523622  -0.02 0.00230408 
-0.0419827 -0.0496 0.014016 
-0.0350698 -0.0526 -0.0165935 
-0.0266222 -0.017027 0.0111225 
-0.0476959 -0.0312045 0.0232 
-0.0470835 -0.0525665 0.0189204 
-0.0474924 -0.046 -0.0171081 
-0.0463758 -0.0465427 0.0154 
-0.0397646 -0.0526 0.00147532 
-0.0472639 -0.026228 0.0232 
-0.0486095  -0.02 0.0103889 
-0.0418692 -0.0480449 0.0165071 
-0.0309927 -0.037458 -0.0232 
-0.0267152 -0.0220738 0.0222637 
-0.04642 -0.0262757 0.0232 
-0.0524004 -0.0526 -0.008918519999999999 
-0.0444009 -0.0525206 0.0192688 
-0.0300252  -0.02 0.00487013 
-0.046956 -0.0321731 -0.0232 
-0.0485758 -0.0372354 -0.0262 
-0.0301261 -0.0339735 0.0262 
-0.0365376  -0.02 0.00717747 
-0.0358686 -0.0526 0.009386769999999999 
-0.0387268 -0.0364609 0.0232 
-0.0388069 -0.0393314 -0.0262 
-0.0339126 -0.0496 0.0072211 
-0.0499749 -0.044 -0.0194633 
-0.0391925 -0.0496 0.0150595 
-0.0484172 -0.0362887 0.0262 
-0.0281885 -0.0372026 0.0232 
-0.0326535 -0.0526 0.000233837 
-0.0405535 -0.0496 -0.00921226 
-0.0349596 -0.022217 0.0256981 
-0.0297958 -0.0442 0.0186961 
-0.0481934 -0.017469 -0.0208975 
-0.0538348 -0.0191732 0.00764173 
-0.0268015 -0.0199979 -0.0164399 
-0.0505349  -0.02 -0.00101682 
-0.048219 -0.0496 -0.00587749 
-0.0499609 -0.0262265 0.0262 
-0.0450186 -0.0423004 0.0232 
-0.036428 -0.0399852 0.0262 
-0.0295005 -0.0188657 -0.0233346 
-0.0328449 -0.0501055 0.0239955 
-0.0467213 -0.0496 -0.00191832 
-0.053045 -0.0525801 -0.0153797 
-0.0379066 -0.035997 -0.0262 
-0.0467664 -0.0531158 -0.0174007 
-0.0349717 -0.0525672 -0.0105193 
-0.0423727 -0.0496 -0.0125084 
-0.0527509 -0.0187717 -0.023212 
-0.0338991 -0.0368918 -0.0262 
-0.0340751 -0.0404328 -0.0232 
-0.034858 -0.0502124 -0.0151921 
-0.026757 -0.0170046 -0.0140556 
-0.0417596 -0.0491133 -0.0248198 
-0.0383075 -0.0522119 0.0206369 
-0.0355352 -0.0464223 -0.0196572 
-0.0439593 -0.0326379 -0.0232 
-0.0326619 -0.017 -0.0163066 
-0.0538499 -0.0517014 -0.0209494 
-0.0343603 -0.040791 -0.0232 
-0.0258731 -0.0260524 -0.0239901 
-0.0432175 -0.0525037 -0.0222 
-0.0520945 -0.0496 0.00870282 
-0.0427932 -0.0422582 -0.0232 
-0.0416697 -0.0442 0.0181921 
-0.0352733 -0.0326221 -0.0232 
-0.0445056 -0.0486968 0.0250698 
-0.0269675 -0.0531318 -0.0188297 
-0.0476627 -0.023844 -0.0230633 
-0.0482749  -0.02 0.0155315 
-0.0421568 -0.0491138 0.0200915 
-0.0433235 -0.0200271 0.0186968 
-0.0533982 -0.0198353 -0.00230545 
-0.0261258 -0.0197032 -0.0185352 
-0.0332869 -0.0316627 0.0232 
-0.0296559 -0.0496 -0.015589 
-0.0415925 -0.0496 0.00782858 
-0.0448976 -0.0422976 0.0262 
-0.0265724 -0.01704 -0.008787730000000001 
-0.0258499 -0.050635 -0.00770419 
-0.0467251 -0.017 0.0126573 
-0.0519036 -0.0182856 -0.0225356 
-0.0339026 -0.020223 0.0196612 
-0.0535342 -0.049872 -0.00233571 
-0.0420846 -0.0286603 0.0252235 
-0.0447565 -0.0296936 0.0232 
-0.0489369 -0.0496 -0.0150369 
-0.0433373 -0.0479896 0.0251039 
-0.0288991 -0.017 0.00864331 
-0.0338501 -0.046 -0.0178792 
-0.0521653 -0.0234296 -0.0260383 
-0.0334776 -0.0513038 -0.0117439 
-0.0350546 -0.0455596 0.0261395 
-0.0516793 -0.0377455 -0.0262 
-0.0515828 -0.0496 -0.0128414 
-0.0359603 -0.0242638 0.0231414 
-0.0345294 -0.0512728 0.0138861 
-0.0409419 -0.0484435 0.0158242 
-0.0258499 -0.045983 0.018244 
-0.033207 -0.040972 0.0232 
-0.0517997 -0.017 0.0168101 
-0.0263074 -0.0426853 0.026039 
-0.0478039 -0.0314401 -0.0292265 
-0.0354453 -0.0418767 0.0232 
-0.0384956 -0.0538224 -0.0185426 
-0.0320979 -0.0526 -0.00588732 
-0.0414687 -0.0496 -0.00153358 
-0.0330457 -0.0472732 -0.0164 
-0.0506382 -0.0454761 -0.0183 
-0.0529934 -0.0525888 0.000311461 
-0.0398189 -0.0496 0.0143118 
-0.0499302 -0.0355142 0.0232 
-0.0336641 -0.0496 -0.008917700000000001 
-0.0410643 -0.043443 -0.0262 
-0.0285653 -0.0385019 0.0232 
-0.0286678 -0.017 0.008397180000000001 
-0.038201 -0.0496 0.0016984 
-0.0420029 -0.053855 -0.0195354 
-0.0488842 -0.017 -0.0180013 
-0.0315738  -0.02 0.000665707 
-0.0327829 -0.0231087 -0.0228245 
-0.0322302 -0.0204778 0.0247955 
-0.0449576 -0.0509814 0.00589454 
-0.0401155  -0.02 -0.008726319999999999 
-0.0532347 -0.052522 0.0176886 
-0.0411829 -0.017 0.0177837 
-0.0310139 -0.0327161 -0.0262 
-0.029102 -0.0496 -0.0162008 
-0.0498336 -0.0200115 0.0184637 
-0.0334447 -0.0513187 0.0107761 
-0.0322658  -0.02 -0.009726719999999999 
-0.0387358  -0.02 0.0167055 
-0.0388477 -0.0194196 -0.0239269 
-0.0500216  -0.02 -0.00142569 
-0.039001 -0.017 0.0123759 
-0.0423913  -0.02 -0.00135436 
-0.0474466 -0.0172682 -0.0202535 
-0.0458198 -0.0496 0.00203528 
-0.0398063 -0.017 -0.00188576 
-0.0410551 -0.0237786 -0.0230474 
-0.0474566 -0.044 -0.0191378 
-0.0537171 -0.0220141 -0.0256141 
-0.0538499 -0.048831 0.0183959 
-0.0400407 -0.0474147 -0.0189022 
-0.0393657 -0.0496 0.00669416 
-0.0411573 -0.0454547 0.0253691 
-0.0538499 -0.0188595 0.0186055 
-0.0457909 -0.035614 -0.0232 
-0.0264315 -0.0391618 -0.0262 
-0.0402231 -0.0200374 0.0187752 
-0.0404955 -0.0526 0.00407809 
-0.0511842 -0.0442 0.0175605 
-0.041491 -0.0245803 -0.0273945 
-0.0367358 -0.045467 -0.0183 
-0.0490429 -0.0526 -0.00857408 
-0.029729 -0.0332146 -0.0232 
-0.050166 -0.0233051 -0.0260107 
-0.0307253 -0.0480267 0.0254267 
-0.0520968 -0.0442 0.0182542 
-0.0446273 -0.0263988 -0.03019 
-0.0464782 -0.0512539 0.0109945 
-0.0371296 -0.0505398 -0.00443243 
-0.0404499 -0.0187077 -0.0231286 
-0.0357363 -0.0522918 0.00206797 
-0.0258499 -0.0340721 -0.0243561 
-0.0379176 -0.045566 -0.0239586 
-0.0287453 -0.0496 0.00371881 
-0.0476774 -0.0342015 0.0232 
-0.0429043 -0.0279233 0.0236198 
-0.0275685 -0.0234621 0.0229528 
-0.0396222 -0.0264955 -0.0248622 
-0.0274144 -0.017 -0.00097343 
-0.0525213 -0.0371893 0.0232 
-0.041084 -0.0526 -0.0109049 
-0.0394075 -0.0236117 0.0260786 
-0.0319173 -0.0485674 -0.0164 
-0.0516197 -0.0424318 -0.0232 
-0.0538499 -0.0512145 -0.0021512 
-0.036911 -0.0494207 -0.0213611 
-0.0289462  -0.02 0.008755829999999999 
-0.0372927 -0.0307914 -0.0232 
-0.0522972 -0.0228465 -0.0259013 
-0.0412252 -0.0496 -0.0105797 
-0.0258499 -0.0495182 -0.019343 
-0.0386561  -0.02 -0.00666464 
-0.0428136 -0.0363751 -0.0281788 
-0.0492417 -0.0538133 -0.0178387 
-0.0298245  -0.02 0.012916 
-0.0329083 -0.0178371 0.0113014 
-0.0301647 -0.0194194 -0.0239267 
-0.0258499 -0.0186237 -0.00056926 
-0.032438  -0.02 0.000852598 
-0.0538499 -0.0454151 0.0190196 
-0.0439589 -0.0511636 0.00207256 
-0.0525509 -0.0433106 0.0232 
-0.0400327 -0.0526 0.00979241 
-0.0538499 -0.0508172 0.0138042 
-0.0328784 -0.017972 -0.00413063 
-0.0485207 -0.0336933 -0.0232 
-0.029143 -0.017 -0.009690870000000001 
-0.0360003 -0.0295755 -0.0232 
-0.0531439 -0.0496449 0.00170238 
-0.0493295 -0.017 0.00124199 
-0.0504032 -0.044 -0.021105 
-0.0262478 -0.0514005 -0.0224346 
-0.0299635 -0.0526 0.00622554 
-0.0500386 -0.0496 -0.00125467 
-0.0299848 -0.0442 0.0174329 
-0.0498437  -0.02 -0.0125352 
-0.0441491 -0.0510298 -0.0229779 
-0.0322732 -0.044463 -0.0229156 
-0.0538499 -0.049051 0.0215748 
-0.036133 -0.0526 -0.0165681 
-0.0457751 -0.0455672 0.0261388 
-0.0405673 -0.022429 -0.0257696 
-0.0435205 -0.0496 -0.00299417 
-0.0538291 -0.0178009 0.0165049 
-0.0525663 -0.0538982 -0.0214421 
-0.0337291 -0.027418 -0.0232 
-0.0326059 -0.0277795 0.0262 
-0.0391443 -0.0387203 -0.0232 
-0.0501756  -0.02 -0.0147187 
-0.0266088 -0.0315052 -0.0262 
-0.0412851 -0.0526 0.00857256 
-0.0417629 -0.024209 -0.0274915 
-0.0528356  -0.02 -0.0137751 
-0.0281941 -0.0350753 -0.0262 
-0.049752 -0.0526 -0.0143403 
-0.0336637 -0.0184336 0.022768 
-0.0475893 -0.017 0.008602800000000001 
-0.0524207 -0.0538964 -0.0197265 
-0.042732  -0.02 0.00235348 
-0.0334675 -0.020961 -0.0251034 
-0.0481336 -0.0449689 -0.0183 
-0.0342438 -0.0480269 0.0254266 
-0.0278524 -0.017 -0.00609238 
-0.0330917 -0.0220802 0.022256 
-0.0522529 -0.0336909 0.0262 
-0.0424714 -0.0384025 -0.0262 
-0.0391831  -0.02 -0.0119686 
-0.0421128 -0.0283388 -0.0232 
-0.0276749 -0.0405742 -0.0232 
-0.033779 -0.0284448 -0.0232 
-0.0446736 -0.018131 -0.0150274 
-0.0352173  -0.02 -0.00713312 
-0.0263925 -0.0386118 0.0260882 
-0.0424259 -0.0170041 0.0182945 
-0.0333229 -0.0194011 0.0108954 
-0.0527194 -0.0490494 -0.0215673 
-0.0444091 -0.0189327 0.0234089 
-0.040879 -0.0526 -0.014642 
-0.0265821 -0.0199631 0.0117014 
-0.0466874  -0.02 0.0079944 
-0.0489158 -0.0230792 -0.0259606 
-0.0396629 -0.0470362 -0.0194447 
-0.0360162 -0.050254 0.0105422 
-0.0472317 -0.0500392 -0.00453239 
-0.042095 -0.017 0.00780526 
-0.0285908  -0.02 -0.00477746 
-0.0475895 -0.0526 -0.0065646 
-0.0442204 -0.0320501 0.0232 
-0.0449841 -0.0351807 -0.0232 
-0.0403615 -0.0270771 -0.0262757 
-0.0358299 -0.0523252 0.00215966 
-0.0465545 -0.0181752 0.0223623 
-0.0457238 -0.0333933 0.0232 
-0.0301019 -0.0201032 0.0191911 
-0.0420289 -0.0526 0.00640559 
-0.043916 -0.022726 -0.0258632 
-0.0419484 -0.0526 0.0152977 
-0.0271378 -0.021369 0.0216313 
-0.02902 -0.039672 0.0262 
-0.0426883 -0.0363511 -0.0280539 
-0.0469748 -0.0414825 0.0262 
-0.0530551 -0.0529282 -0.0222 
-0.0279962 -0.0496 0.009047370000000001 
-0.0299586 -0.0318078 -0.0262 
-0.0337564 -0.017617 0.0212609 
-0.0334653  -0.02 -0.000768167 
-0.0484993 -0.017 0.00624405 
-0.0468839 -0.044658 -0.0183 
-0.042949 -0.0235376 -0.0260622 
-0.0508255 -0.0496 0.00837743 
-0.0538499 -0.0511726 -0.021616 
-0.0364138 -0.017 -0.0111697 
-0.043813 -0.0442 0.0183883 
-0.0317831 -0.023125 -0.0228311 
-0.0454739 -0.0538932 -0.0197012 
-0.0303312 -0.0364814 0.0262 
-0.0533318 -0.0240352 -0.0232288 
-0.0325652 -0.028041 0.0232 
-0.0377151  -0.02 -0.00319335 
-0.051555 -0.0523746 0.0200578 
-0.0537858 -0.0193513 0.00435173 
-0.0345258 -0.0494364 0.024564 
-0.0357501 -0.0183851 -0.00611851 
-0.0259533 -0.0520412 -0.0152226 
-0.0263988 -0.0497078 0.0136626 
-0.0343896 -0.0538983 -0.0181557 
-0.0526759 -0.017 0.00473666 
-0.0312847 -0.0373175 -0.0232 
-0.0302407 -0.017 0.012604 
-0.0518499 -0.0276827 -0.0258483 
-0.0291041 -0.0433584 -0.0232 
-0.0459496 -0.0526 -0.00916143 
-0.0258499 -0.01884 0.00986566 
-0.0536631 -0.0521813 0.00315354 
-0.0313029 -0.02001 -0.0184288 
-0.0377892 -0.0369917 0.0262 
-0.0456679  -0.02 0.00524067 
-0.0258499 -0.0510631 0.0143428 
-0.031646 -0.0462467 0.0154 
-0.0426301  -0.02 -0.00337077 
-0.0481641 -0.0242363 -0.0274664 
-0.0388711 -0.0298545 0.0262 
-0.0337748 -0.017609 0.0104528 
-0.0510683 -0.0212163 -0.0252408 
-0.0333074 -0.0424076 0.0232 
-0.0336442 -0.0310553 0.0262 
-0.0258499 -0.0274275 0.0247501 
-0.0304897 -0.0214963 0.0217647 
-0.0461563 -0.0325665 -0.03019 
-0.0445084 -0.0443429 0.0154 
-0.0462606 -0.02028 -0.0198468 
-0.0537412 -0.0537843 -0.020213 
-0.0384751 -0.0526 0.0162292 
-0.0486783 -0.0486477 0.0154 
-0.0478882 -0.0526 0.0161101 
-0.0324973 -0.0496 0.0133289 
-0.0526684 -0.0253815 -0.0234176 
-0.0515591 -0.0392568 -0.0232 
-0.0377411 -0.017 -0.00516114 
-0.038009  -0.02 -0.0021976 
-0.0262542 -0.049797 -0.0156698 
-0.025934 -0.0447662 0.0238006 
-0.0302951  -0.02 -0.000293944 
-0.0331603  -0.02 -0.00737242 
-0.0518499 -0.0293719 -0.0257584 
-0.039108 -0.0469779 0.0182755 
-0.0474039 -0.0496 -0.00399826 
-0.0266756 -0.0170153 0.00371317 
-0.0524713 -0.0526 0.0165027 
-0.0393676 -0.0325532 -0.0262 
-0.0311601 -0.0263612 -0.0232 
-0.028698  -0.02 -0.0108114 
-0.0352155 -0.0189717 -0.0234515 
-0.0342867  -0.02 0.00168727 
-0.0397841 -0.019791 -0.0242672 
-0.0406109 -0.0526 -0.0150873 
-0.0433857 -0.0315007 -0.0232 
-0.0295364 -0.0202623 -0.0197863 
-0.0358962 -0.0405742 0.0262 
-0.0441133 -0.017 -0.00726241 
-0.0510786 -0.0401721 -0.0262 
-0.0526029 -0.0496 0.0028849 
-0.0308053 -0.0442 0.0181806 
-0.0525963 -0.0366861 0.0262 
-0.0507091  -0.02 0.00585752 
-0.050755  -0.02 -0.00174323 
-0.03812 -0.0259444 0.0262 
-0.0420289 -0.0431807 0.0232 
-0.0426874 -0.0486405 0.0207081 
-0.0433331 -0.0264062 0.0258507 
-0.0464751 -0.0498757 0.0242061 
-0.050056  -0.02 -0.0105407 
-0.0345609 -0.0504624 -0.00248298 
-0.0506383  -0.02 -0.00290129 
-0.0429183 -0.0347373 -0.0287067 
-0.0497676 -0.0376434 -0.0232 
-0.0274666 -0.017 0.0043772 
-0.0526741 -0.0532013 -0.0174072 
-0.0409856 -0.0526 -0.00340261 
-0.0279088 -0.017 0.018185 
-0.0388616  -0.02 0.0108947 
-0.0421745 -0.0496 -0.0116661 
-0.0354907 -0.0496 -0.0013383 
-0.032783 -0.0526 -0.0121609 
-0.0531899 -0.0473391 0.0256518 
-0.0316822 -0.017 -0.0017208 
-0.0334149 -0.0354182 -0.0232 
-0.0461057 -0.0526 0.015862 
-0.0423492 -0.0526 -0.00363859 
-0.0394981 -0.017 0.0145556 
-0.0471383 -0.0170519 0.0190604 
-0.0352962 -0.017 -0.00184527 
-0.0340353 -0.0261159 -0.0232 
-0.0496024  -0.02 0.0134853 
-0.0347308 -0.0510828 0.0058834 
-0.0454617 -0.0335981 0.0262 
-0.0306898 -0.0485008 0.0154 
-0.0337166 -0.0520139 0.00489015 
-0.0486919 -0.0496 -0.0157719 
-0.0258499 -0.0463101 0.0204017 
-0.0492019  -0.02 -0.00656895 
-0.0258499 -0.0187127 -0.0115004 
-0.0414407  -0.02 0.00385954 
-0.0472983 -0.0496 -0.00794332 
-0.0269875 -0.0526 0.0005290269999999999 
-0.0470008 -0.0480281 0.0154 
-0.0389205 -0.0526 -0.00461674 
-0.0323259  -0.02 0.0163116 
-0.0462172 -0.0177336 0.0215425 
-0.0260615 -0.0522136 -0.017822 
-0.0416133  -0.02 -0.00623636 
-0.0468516 -0.0344472 0.0262 
-0.0404541 -0.0463296 -0.0164 
-0.0258501 -0.0505956 0.0087717 
-0.0383479 -0.0526 0.0111455 
-0.0402482 -0.0456178 0.0257312 
-0.0349473 -0.0496 -0.000667223 
-0.0371302  -0.02 -0.0124333 
-0.0320544 -0.0334079 -0.0232 
-0.0522589 -0.0233377 -0.0229146 
-0.0271972 -0.0496 -0.0138932 
-0.0491606 -0.0491936 0.0154 
-0.046676 -0.0482915 0.0252888 
-0.0387752  -0.02 -0.0118598 
-0.0371572  -0.02 0.00149802 
-0.0328707 -0.0268988 0.0232 
-0.0484139 -0.017 -0.00589871 
-0.0350263 -0.0509797 -0.0150273 
-0.0368871 -0.0526 0.0164975 
-0.0374632 -0.0496 0.00542187 
-0.0530372 -0.0199818 -0.0142717 
-0.0501427 -0.0516594 0.0219479 
-0.0374225 -0.0353575 -0.0262 
-0.0410836 -0.0526 0.008410040000000001 
-0.0369292 -0.0337247 0.0262 
-0.053835 -0.0207065 0.022134 
-0.041801 -0.0391825 -0.0232 
-0.0399198 -0.0526 -0.0105933 
-0.0508683 -0.017 -0.0130528 
-0.0515293 -0.044 -0.0200865 
-0.0529288 -0.0534357 -0.0189359 
-0.0288532 -0.017 0.000524526 
-0.0501879  -0.02 0.00431566 
-0.0344675 -0.0526 -0.0173373 
-0.0331423 -0.0313493 -0.0262 
-0.0278282 -0.0317668 0.0232 
-0.0297951 -0.0416634 -0.0232 
-0.0455679 -0.0383248 0.0262 
-0.025852 -0.0505526 -0.0127106 
-0.0368367 -0.0377055 -0.0262 
-0.0414391 -0.0337596 -0.0272652 
-0.0515575 -0.0496 0.00867123 
-0.0330294 -0.0522188 0.00421727 
-0.0398383 -0.0458594 0.0222059 
-0.0500404 -0.0442 0.0208218 
-0.0363233 -0.017413 -0.0118428 
-0.0491815 -0.0288967 -0.0294847 
-0.0314914 -0.0323328 -0.0262 
-0.0363348 -0.0501639 0.0108541 
-0.0319362 -0.0292019 0.0232 
-0.0538299 -0.017877 0.0191688 
-0.0407995 -0.0448253 -0.0261911 
-0.0471965 -0.0496 0.00878283 
-0.0344513 -0.017 0.00838322 
-0.0538499 -0.0185634 -0.0052852 
-0.0466691 -0.0267818 -0.03019 
-0.0360645 -0.0232887 0.022898 
-0.0468691 -0.0323261 -0.0279519 
-0.0466712 -0.0518887 0.0214887 
-0.0441634 -0.017 -0.00709658 
-0.0467949 -0.0391331 -0.0262 
-0.0538411 -0.0271242 0.0240752 
-0.0455689 -0.017317 -0.0029041 
-0.0518499 -0.0291274 -0.0248664 
-0.0319477 -0.0189305 0.0234065 
-0.0378328 -0.0438935 0.0262 
-0.0295754 -0.0496 0.0110114 
-0.0442866 -0.0284748 -0.0280399 
-0.0469927 -0.0263281 0.0232 
-0.033353 -0.0190886 -0.0118659 
-0.0318538 -0.017 -0.0118972 
-0.0499249 -0.0180031 -0.0220785 
-0.0419629 -0.0230794 0.0228113 
-0.0527915 -0.0496 0.00470447 
-0.0346176 -0.0444428 0.0262 
-0.0510521 -0.0526 0.00105009 
-0.0525351 -0.0496 -0.00270504 
-0.0323906 -0.0496 0.0085162 
-0.0485201 -0.017 -0.0148516 
-0.0365618 -0.0239697 -0.026128 
-0.0258499 -0.0182824 0.017254 
-0.0365265  -0.02 -0.00763181 
-0.0302101 -0.0442 0.0210597 
-0.0520013  -0.02 0.0171543 
-0.0265595 -0.0496438 0.00651242 
-0.0387378 -0.0526 -0.0116178 
-0.039578 -0.0431393 0.0262 
-0.0429859 -0.0496 0.009549510000000001 
-0.0439519 -0.0519986 0.0133206 
-0.0363501 -0.0170255 -0.0187853 
-0.0258499 -0.0457834 -0.0249705 
-0.0538499 -0.049829 0.0183368 
-0.0308369 -0.0526 -0.0032948 
-0.0268498 -0.0526 -0.0132774 
-0.0320718 -0.0496 -0.00898435 
-0.0504547 -0.05108 0.0228841 
-0.0413741  -0.02 -0.0175564 
-0.0537314 -0.0327036 0.0237297 
-0.0538499 -0.018881 -0.00388164 
-0.0455445 -0.029736 0.0262 
-0.0449814 -0.0267559 0.0232 
-0.0424985 -0.0496 -0.0156636 
-0.053532 -0.01973 0.00294738 
-0.0330159 -0.0496 0.0147153 
-0.0285579 -0.017 0.0132636 
-0.047064 -0.0209927 0.0251236 
-0.030612 -0.0489183 0.0154 
-0.0419352 -0.0456578 0.0181153 
-0.0425536 -0.0181676 -0.0223503 
-0.035418 -0.0261512 -0.0250941 
-0.0471881 -0.0365891 0.0262 
-0.0302687 -0.017 0.008270599999999999 
-0.0270548 -0.0389659 0.0232 
-0.0345415 -0.0496 0.00722895 
-0.0518499 -0.039188 -0.0245597 
-0.044858 -0.0535909 -0.0191689 
-0.0285023 -0.0497597 -0.0243319 
-0.0290942 -0.0444143 0.0262 
-0.0431808 -0.0525498 0.0190475 
-0.0503471 -0.0496 -0.000818666 
-0.0412243 -0.0524823 0.0195599 
-0.0280667 -0.0496 -0.0150185 
-0.0498156 -0.0202334 -0.0246166 
-0.0371381 -0.017 -0.0179826 
-0.048112 -0.0278341 0.0232 
-0.041186 -0.0212002 0.0252324 
-0.0330238 -0.0510047 0.0124118 
-0.0431425 -0.0276846 0.0256161 
-0.0320382 -0.0177795 0.0216385 
-0.0290711  -0.02 -0.00321 
-0.0538497 -0.0460508 0.0163945 
-0.0496139  -0.02 -0.00658948 
-0.0505418 -0.0221335 0.0256636 
-0.0435363 -0.0349062 -0.0232 
-0.0366775 -0.017 -0.0174404 
-0.0383514 -0.017 0.00372003 
-0.053032 -0.0199829 0.0111495 
-0.0485643 -0.04875 -0.0250465 
-0.0307267 -0.017 -0.00874399 
-0.0508404 -0.0526 -0.00372464 
-0.0528072 -0.0496 -0.0135063 
-0.0505028 -0.0526 0.00545966 
-0.038081 -0.0437114 0.0262 
-0.0469436 -0.0345911 0.0232 
-0.0450865 -0.0526 -0.0070529 
-0.040464  -0.02 -0.0180396 
-0.048023  -0.02 0.000133305 
-0.0518158  -0.02 0.00468013 
-0.0509004 -0.0329876 0.0232 
-0.0446271 -0.0454126 -0.0183 
-0.0477902 -0.0491661 0.0247687 
-0.0535904 -0.0247049 0.0258578 
-0.0372019 -0.0538769 -0.0196099 
-0.032785 -0.0379933 -0.0262 
-0.0326415 -0.0395429 -0.0262 
-0.0391721 -0.0298495 -0.0262001 
-0.03528 -0.0496 -0.0093093 
-0.0419332 -0.0387917 0.0232 
-0.0402624 -0.0318966 0.0262 
-0.0483219 -0.0526 0.00430195 
-0.0364353  -0.02 0.00558367 
-0.0272752 -0.0444959 0.0262 
-0.0364573 -0.052306 0.0126259 
-0.0334002 -0.0184828 -0.0228356 
-0.0314439  -0.02 0.0116067 
-0.0486461  -0.02 0.0121893 
-0.0397733 -0.017 0.0132753 
-0.037205 -0.0176796 0.00369375 
-0.048145 -0.0526 -0.00608412 
-0.0275862 -0.0340477 0.0232 
-0.0384341 -0.0496 0.00389967 
-0.046553 -0.017 0.000143303 
-0.0526892 -0.0369619 0.0232 
-0.0307078  -0.02 0.0176439 
-0.0356505 -0.0508058 0.010184 
-0.0484224 -0.0526 -0.0154074 
-0.0431305 -0.0509404 0.0125162 
-0.0295005 -0.0496 -0.00484738 
-0.0326867 -0.0401719 -0.0262 
-0.0415462 -0.0496 -0.015036 
-0.0293226 -0.0526 0.0133766 
-0.0538499 -0.0180218 0.00511942 
-0.044014 -0.0442 0.0179501 
-0.0437401 -0.036301 -0.0291847 
-0.0258499 -0.0305069 -0.0255274 
-0.042074 -0.0352864 -0.0277331 
-0.0314239 -0.0442843 -0.0232 
-0.0287607 -0.0387543 -0.0232 
-0.0370151 -0.0526 0.0084677 
-0.0258499 -0.0194997 -0.0216132 
-0.0538499 -0.0185941 0.00715257 
-0.0293606 -0.0330559 -0.0262 
-0.0487125  -0.02 -0.00824211 
-0.0315991 -0.0523646 0.0201028 
-0.0327007 -0.0205923 0.0205509 
-0.0497682 -0.0432601 -0.0262 
-0.042978 -0.0450571 0.02618 
-0.0403949 -0.0526 0.0178239 
-0.0330876 -0.0291092 -0.0262 
-0.0489073 -0.017 0.0173672 
-0.047314 -0.0372925 -0.0262 
-0.0537632 -0.0175942 0.00716642 
-0.048378 -0.0526 0.00950054 
-0.0334384 -0.0442 0.017876 
-0.0264614 -0.0434449 0.0261204 
-0.0258499 -0.050779 -0.0020358 
-0.0421753 -0.044 -0.0219994 
-0.0531381 -0.0291271 0.0232433 
-0.0339154 -0.0236907 -0.0230252 
-0.0499265  -0.02 -0.0115977 
-0.0335954 -0.0514558 -0.0116285 
-0.0342453 -0.0534589 -0.0189155 
-0.0522393  -0.02 0.0163884 
-0.0440762 -0.050004 -0.00624229 
-0.0510459 -0.0428876 -0.0262 
-0.0302667 -0.0496 0.0100896 
-0.030944 -0.0496 0.0140408 
-0.0496619 -0.017 -0.00147985 
-0.0479647 -0.0496 -0.013819 
-0.0479236 -0.017 -0.00925351 
-0.0372932 -0.0509767 -0.00460734 
-0.0477264 -0.0314398 -0.0297402 
-0.0377992 -0.0426757 0.0262 
-0.0340014 -0.0507311 0.00516912 
-0.0401818 -0.0229261 0.0227478 
-0.0446572 -0.0496 -0.0163581 
-0.0403471 -0.0526 -0.01375 
-0.0311567 -0.0523847 -0.0222 
-0.0333315 -0.0406181 0.0232 
-0.0326233 -0.0517195 0.0218326 
-0.0496834 -0.046 -0.0173987 
-0.0286429 -0.0453317 -0.0212478 
-0.0348873 -0.0417537 -0.0262 
-0.0278385 -0.0372873 -0.0262 
-0.0451757 -0.0526 0.0145933 
-0.0518499 -0.0445084 -0.018521 
-0.039 -0.0260537 0.0262 
-0.043895 -0.017 -0.0109552 
-0.0532174 -0.0442702 0.0231292 
-0.0390934 -0.0265376 0.0235347 
-0.0462416 -0.0370776 0.0262 
-0.0374459 -0.0526 -0.00758809 
-0.0407495 -0.017 0.00537399 
-0.0360366 -0.017 0.00633957 
-0.0453886 -0.017 -4.66966e-05 
-0.0521591  -0.02 -0.00593575 
-0.0344605 -0.0183153 0.00978133 
-0.0274506 -0.0496 -0.00728721 
-0.0466089 -0.0439508 -0.0262 
-0.0470861 -0.0410379 -0.0262 
-0.033952 -0.0395955 -0.0262 
-0.0441255 -0.0289188 -0.0232 
-0.0421984 -0.0458129 0.0260365 
-0.0351553 -0.044524 -0.0183 
-0.0521764 -0.0242515 -0.0261648 
-0.046782 -0.0329011 -0.0272328 
-0.0300946 -0.0496 -0.0116381 
-0.0506591 -0.0322694 0.0262 
-0.0277581 -0.0442 0.0212463 
-0.0364444 -0.0425466 0.0262 
-0.0261327 -0.0432725 0.0235039 
-0.0455729 -0.033427 0.0262 
-0.0468659  -0.02 -0.00412827 
-0.0320314  -0.02 -0.0128346 
-0.0289879 -0.0526 -0.0112882 
-0.0538499 -0.0181706 0.00944239 
-0.0479726 -0.0211625 0.0252128 
-0.0298206 -0.0442 0.0166436 
-0.0281741 -0.0326515 -0.0232 
-0.0316108 -0.017 0.009405709999999999 
-0.0275559 -0.0313375 -0.0232 
-0.0446641 -0.0496 0.000427511 
-0.034713 -0.0203984 -0.020146 
-0.0367292 -0.0496 -0.0153159 
-0.0365588  -0.02 -0.00283509 
-0.0316222 -0.017 -0.008489139999999999 
-0.0294497 -0.0284058 -0.0232 
-0.032778 -0.0294291 0.0262 
-0.0461442 -0.017 0.0181247 
-0.0358038 -0.0509342 0.023074 
-0.0314953 -0.0211986 0.0252316 
-0.0520601 -0.0537607 -0.0186502 
-0.0535953 -0.0196653 0.0131972 
-0.0259963 -0.0195206 0.0182252 
-0.0447515 -0.0526 -0.0167692 
-0.0468705 -0.0174287 0.0207656 
-0.0364272 -0.027833 0.0232 
-0.0320088 -0.046 -0.0172204 
-0.0528148  -0.02 0.0158775 
-0.0390299  -0.02 -0.0160516 
-0.0414638 -0.0431609 0.0232 
-0.05035 -0.0291983 0.0232 
-0.0319322 -0.017 -0.0159031 
-0.0357571 -0.0184979 0.0102884 
-0.0485243 -0.0380661 -0.0232 
-0.0366471 -0.0200005 0.0182121 
-0.0342588 -0.0496 0.007849399999999999 
-0.0361243 -0.0427812 -0.0232 
-0.0367125 -0.0482922 -0.0174552 
-0.038597 -0.017 -0.00741392 
-0.0413651 -0.0526 -0.000804905 
-0.0525842 -0.0379696 0.0262 
-0.032905 -0.017 -0.00564352 
-0.0538499 -0.048482 0.0192429 
-0.0381133 -0.0526 0.0113441 
-0.0361861 -0.0422098 0.0232 
-0.0288681 -0.0467251 -0.0164 
-0.047108 -0.0186916 -0.00478867 
-0.0481757 -0.0496 0.00680652 
-0.0443611 -0.0228806 -0.025912 
-0.0438138 -0.0496 0.008691870000000001 
-0.0432767 -0.017 0.00033887 
-0.0484075 -0.0217518 -0.0255055 
-0.0419889  -0.02 0.00601163 
-0.0328762 -0.0503575 -0.0132672 
-0.0534164 -0.0171763 0.00887165 
-0.0441776 -0.0497417 -0.00285841 
-0.0260032 -0.0368135 0.0236697 
-0.0471331 -0.017 0.00703226 
-0.031916 -0.0291533 -0.0262 
-0.0421315 -0.0184067 0.0227256 
-0.0376117 -0.0442 0.0180338 
-0.0424779 -0.0184725 -0.00467712 
-0.044846 -0.0526 -0.00958111 
-0.0511883 -0.0494465 -0.024572 
-0.0365472 -0.0239361 -0.0230825 
-0.0274524 -0.0526 -0.00306241 
-0.0428592 -0.0217556 -0.0220039 
-0.0500376 -0.0225972 0.0258227 
-0.0538499 -0.0525116 -0.0192589 
-0.028111 -0.0496 0.0123743 
-0.041049 -0.0287323 -0.0232 
-0.0398723 -0.0490643 0.0180751 
-0.0538499 -0.0510157 0.0131726 
-0.0529053 -0.0170023 0.000511765 
-0.0367864  -0.02 -0.00987304 
-0.0387229 -0.0526 0.0143496 
-0.0339078 -0.0254653 -0.0232 
-0.0500548 -0.0254925 -0.0262 
-0.0275675 -0.0315684 0.0262 
-0.0389451 -0.0526 -0.0111451 
-0.0420927 -0.017 -0.00736005 
-0.0414664 -0.017 -0.0119642 
-0.0375591 -0.0376001 0.0232 
-0.0429619 -0.0339158 0.0232 
-0.0345442 -0.0407311 -0.0262 
-0.0451775 -0.0365347 -0.0282701 
-0.0415112 -0.017 -0.0011893 
-0.043509 -0.0182099 -0.0117131 
-0.0331319 -0.0523472 0.0201812 
-0.0372604 -0.0434917 0.0262 
-0.0504312 -0.017238 -0.0201361 
-0.0258499 -0.0185723 0.0202216 
-0.0365159 -0.0197564 -0.00536855 
-0.0452073 -0.0244094 0.0231606 
-0.0409548  -0.02 0.00214176 
-0.0429021  -0.02 0.0109139 
-0.0464727 -0.0538913 -0.0196866 
-0.0280206 -0.0192708 -0.0237779 
-0.0403184 -0.0246543 -0.023187 
-0.0427572 -0.0206617 -0.0206856 
-0.0405275 -0.0455209 0.0183675 
-0.0328248 -0.017 -0.00502626 
-0.0538499 -0.0185052 -0.0041245 
-0.0428893 -0.0488317 0.0249884 
-0.0312443 -0.0496 0.00252496 
-0.0496034 -0.0508401 0.0231967 
-0.0305082 -0.0525698 0.0188925 
-0.0538499 -0.0288211 0.024342 
-0.0319417 -0.017 0.0172989 
-0.0280335 -0.0538874 -0.0196595 
-0.0440432 -0.0538739 -0.0211994 
-0.0343659 -0.0416888 0.0232 
-0.0531085 -0.019966 -0.0121028 
-0.0391101 -0.0526 0.0142379 
-0.0509002 -0.0240659 -0.023111 
-0.0345624 -0.0360067 0.0232 
-0.0410048 -0.0346579 0.0262 
-0.0332213 -0.0498747 -0.00379484 
-0.0483513 -0.017 -0.0014788 
-0.0537589 -0.042539 0.0256163 
-0.0467466 -0.0326219 0.0232 
-0.0538499 -0.0184736 0.0190221 
-0.0536888 -0.0195425 0.00206926 
-0.0427248 -0.0526 -0.00533068 
-0.0311126 -0.0496 0.00101993 
-0.0486882 -0.0333316 -0.0300985 
-0.0509327 -0.017 -0.00576834 
-0.0390505 -0.017 -0.0112908 
-0.0285075 -0.0186025 0.0229915 
-0.0426756 -0.0179272 -0.0219333 
-0.0487362 -0.0394606 -0.0232 
-0.0479757  -0.02 -0.000435719 
-0.0352899 -0.0470578 -0.0186789 
-0.0366565 -0.0526 0.015749 
-0.0405753 -0.0455074 0.0178571 
-0.0260572 -0.0196127 0.0183063 
-0.0298392 -0.0517262 -0.0222 
-0.0429596 -0.017 0.000578869 
-0.025871 -0.0321419 0.0239998 
-0.0496774 -0.0496 -0.0109307 
-0.0336643 -0.0244047 -0.0231612 
-0.0353004 -0.0433761 -0.0262 
-0.0538044 -0.0177049 0.00418551 
-0.0272249 -0.0496 -0.00692857 
-0.041381 -0.0526 0.0119091 
-0.0397126 -0.0489352 0.0181228 
-0.0386501 -0.0536021 -0.0188219 
-0.0280685 -0.0467843 0.0154 
-0.0431986 -0.0442 0.0201106 
-0.0290343 -0.017 0.00716316 
-0.0508414  -0.02 -0.00630104 
-0.0424714 -0.0485064 0.0176 
-0.0480296 -0.0318021 -0.0232 
-0.0401907 -0.0251458 0.0236314 
-0.0382933 -0.0497163 -0.0243664 
-0.0342755 -0.0496 -0.0068838 
-0.0524639 -0.0498299 -0.0242691 
-0.0370952 -0.0336525 -0.0232 
-0.0328691 -0.0174795 0.00313979 
-0.0304945 -0.0526 -0.0114667 
-0.0385751 -0.0363667 -0.0262 
-0.0525747 -0.0210871 0.0251735 
-0.0453307 -0.0488126 0.0249992 
-0.0449345 -0.017 -0.00883218 
-0.0318676 -0.017 -0.00611911 
-0.0281544 -0.0526 0.00351777 
-0.0405689 -0.0422291 -0.0262 
-0.0429874 -0.0247224 -0.0231906 
-0.035983 -0.0498069 0.0130903 
-0.0518499 -0.0301061 -0.0255733 
-0.046726 -0.05151 -0.0122372 
-0.0429168 -0.0174726 -0.0209083 
-0.0467424  -0.02 -0.009553809999999999 
-0.0414355 -0.0465283 0.0157109 
-0.0373826 -0.0417068 0.0232 
-0.0456662 -0.0526 0.00573248 
-0.028277 -0.0396913 -0.0232 
-0.035854 -0.0500894 0.00501677 
-0.044094 -0.0457518 0.0154 
-0.0408274 -0.046 -0.017404 
-0.0348883 -0.030959 0.0262 
-0.0389107 -0.0222256 0.0257017 
-0.0316072  -0.02 -0.0175616 
-0.0374087 -0.0289423 -0.0233619 
-0.0324923  -0.02 0.000203142 
-0.0360194 -0.0456731 -0.0183 
-0.0502884 -0.0453063 0.0154 
-0.0395107 -0.0487243 0.0178515 
-0.0264049 -0.0399845 -0.0262 
-0.0364736 -0.0371105 -0.0232 
-0.0510528 -0.0256162 -0.0232 
-0.0370233 -0.0499241 -0.0241843 
-0.0415462 -0.0496 -0.0143644 
-0.0374996 -0.0496 -0.00480563 
-0.0329078 -0.0518886 0.0214889 
-0.0374337 -0.0496 0.0077952 
-0.0494715 -0.0498062 0.0242698 
-0.026329 -0.0171473 0.00762288 
-0.0379897 -0.0526 -0.0124954 
-0.0519708 -0.017 -0.00560156 
-0.0395897 -0.0340583 0.0232 
-0.0440302 -0.0526 -0.0158615 
-0.0352865 -0.0184276 -0.00262753 
-0.0467984 -0.0176309 0.0212945 
-0.049696  -0.02 0.00378829 
-0.042789 -0.0331572 0.0262 
-0.0523078 -0.0380037 0.0232 
-0.0269595  -0.02 -0.000560233 
-0.0473122 -0.0290506 -0.0285713 
-0.0498085 -0.017 -0.0131664 
-0.0518499 -0.0442574 -0.0218747 
-0.0463179 -0.0229378 0.0259292 
-0.0300235 -0.0457005 0.0261174 
-0.0344542 -0.044 -0.019974 
-0.0258588 -0.0434002 0.024074 
-0.048256 -0.0496 -0.0160004 
-0.0390698 -0.0532069 -0.0221921 
-0.0360176 -0.0337249 -0.0262 
-0.0420022 -0.017 -0.00314035 
-0.0347678 -0.0223082 0.0224079 
-0.0434706 -0.0257285 -0.029379 
-0.0370586 -0.0194476 -0.0125629 
-0.0434984 -0.0180486 0.0128765 
-0.0387641 -0.0526 0.0180754 
-0.0429958 -0.017 0.008856549999999999 
-0.0278662 -0.0251709 0.0232 
-0.0483896 -0.0526 -0.0135717 
-0.0268371 -0.0170006 -0.000431743 
-0.0538059 -0.0177095 0.0056945 
-0.0291482 -0.0290079 0.0262 
-0.0370506 -0.0188857 0.0115551 
-0.0285452 -0.038645 -0.0262 
-0.0467045 -0.0220166 -0.0256151 
-0.036477 -0.0508512 0.00279334 
-0.0272239 -0.017 0.0122587 
-0.0517537  -0.02 -0.0119001 
-0.0439054 -0.0349656 0.0262 
-0.0414182 -0.0185898 -0.022975 
-0.0425909 -0.0500826 -0.0240404 
-0.0534704 -0.0232592 0.0231159 
-0.0454288 -0.0496 -0.00926949 
-0.0270901 -0.0324142 0.0262 
-0.0435584 -0.0525744 0.0187854 
-0.0259115 -0.0224437 0.025084 
-0.046879 -0.0442 0.0221077 
-0.0442389 -0.0211313 -0.0213671 
-0.036053 -0.0501879 -0.0239424 
-0.0342617 -0.0193431 0.0238568 
-0.0398035 -0.017 -0.0012433 
-0.0428519 -0.0513377 0.0113566 
-0.028167 -0.0298793 0.0262 
-0.0526338 -0.0496 -0.00463281 
-0.0287848 -0.02193 0.0255793 
-0.0537879 -0.0193461 -0.009115099999999999 
-0.0447125 -0.0526 -0.000913828 
-0.0461359 -0.0526 0.00195278 
-0.0501619 -0.0396548 0.0262 
-0.0413844 -0.0365288 0.0262 
-0.0449183 -0.0496 0.009243390000000001 
-0.0518499 -0.0464981 -0.0208301 
-0.0453959 -0.0187254 -0.0109347 
-0.0258499 -0.0485347 -0.0217345 
-0.0299828 -0.0454584 -0.0183 
-0.0377742 -0.017 0.00317314 
-0.0515404 -0.0451292 -0.0183 
-0.0262251 -0.035167 0.0259798 
-0.0419044  -0.02 0.00497907 
-0.0513853 -0.0538882 -0.0212664 
-0.035399 -0.0526 0.00851594 
-0.0487937 -0.0496 -0.00654637 
-0.0355164 -0.0442 0.0158511 
-0.0338197 -0.0500324 0.0240626 
-0.0417818  -0.02 0.016155 
-0.0370496 -0.0426008 -0.0262 
-0.0405625 -0.0200145 0.0185332 
-0.0296579 -0.0332905 0.0232 
-0.0515381 -0.0263598 -0.0232 
-0.034646 -0.0482312 -0.0253383 
-0.0333664 -0.0526 0.0154681 
-0.0415153  -0.02 -0.0160125 
-0.0386815 -0.039116 0.0262 
-0.0404972 -0.0496 0.00014779 
-0.0339027 -0.0471674 -0.0164 
-0.0407229 -0.0456536 -0.0261316 
-0.0462105 -0.0442 0.0176715 
-0.0312731 -0.02441 -0.0231615 
-0.0258548 -0.0499421 0.0163043 
-0.0496451 -0.0526 0.000636253 
-0.0264719 -0.0442743 0.0194944 
-0.0382042 -0.0496 0.0146591 
-0.0335346 -0.0354396 0.0232 
-0.0363959 -0.0479688 -0.0179161 
-0.0258499 -0.0499613 -0.019712 
-0.0394118 -0.017 -0.000798897 
-0.0392643  -0.02 0.00262214 
-0.0365304 -0.0496 0.00182872 
-0.0387703 -0.0526 -0.0140374 
-0.0494592 -0.0378884 0.0262 
-0.050053 -0.0496 -0.013119 
-0.0284772  -0.02 -0.0133233 
-0.0523805 -0.0256694 -0.0254795 
-0.0412579 -0.0496 -0.00163092 
-0.0427312 -0.049942 -0.0131252 
-0.0421316 -0.0526 -0.0117793 
-0.0451653 -0.0476414 -0.0256024 
-0.0291659 -0.0200053 0.0183203 
-0.0452368 -0.0170559 0.0190904 
-0.0401283 -0.0442 0.0213979 
-0.0258499 -0.044672 0.0251277 
-0.0373259  -0.02 0.00807448 
-0.0327208  -0.02 -0.0173036 
-0.0372385 -0.0198306 0.00353911 
-0.0493047 -0.0496 0.00162348 
-0.0269501 -0.0222486 -0.02237 
-0.0353902 -0.0526 -0.00245337 
-0.0379391 -0.0526 -0.00319511 
-0.0476422 -0.0277187 0.0232 
-0.0433073 -0.0496 -0.00716664 
-0.0510135 -0.046 -0.0180493 
-0.0391988 -0.017 0.0129289 
-0.0358173 -0.052484 -0.0222 
-0.0313253  -0.02 -0.000701174 
-0.0426092 -0.0337501 -0.028449 
-0.0416785 -0.0526 -0.0167612 
-0.0258499 -0.0468659 0.0209619 
-0.030844 -0.041484 -0.0262 
-0.0399123 -0.017 -0.00113507 
-0.0302302 -0.0496 0.00697548 
-0.0258499 -0.0489077 -0.0206991 
-0.0391806 -0.046743 0.0233124 
-0.0492808 -0.017 -0.013517 
-0.034852 -0.0286777 -0.0262 
-0.0399989 -0.021926 0.0221376 
-0.0429891 -0.0526 -0.01381 
-0.0394979 -0.0496 0.00664164 
-0.0416731 -0.0526 0.0165951 
-0.0504096 -0.0403768 0.0232 
-0.0297121 -0.0499009 -0.0242039 
-0.0469582 -0.0197642 0.0242427 
-0.0380019 -0.0457292 -0.0183 
-0.0342279 -0.0512791 -0.0145909 
-0.0293537 -0.0286335 0.0262 
-0.0366708  -0.02 -0.00546156 
-0.038433 -0.0526 0.0121353 
-0.035564 -0.0522216 0.0135007 
-0.0462059 -0.0366192 0.0232 
-0.0351116 -0.0521652 -0.00674372 
-0.0438316 -0.0474056 0.0238281 
-0.0283296  -0.02 0.00914794 
-0.0444201 -0.0517399 -0.0108209 
-0.0439049 -0.0442 0.0231491 
-0.0285253 -0.0526 -0.00311274 
-0.0383769  -0.02 0.0151799 
-0.0460279 -0.0467659 0.0154 
-0.038486 -0.0266736 0.0232 
-0.0444207 -0.023404 -0.0260326 
-0.0258499 -0.0454992 -0.0225258 
-0.0432908 -0.0468639 0.0246433 
-0.0468589 -0.0227538 0.0226623 
-0.0411623 -0.0526 -0.0135541 
-0.0330309  -0.02 0.0170605 
-0.0414003 -0.044 -0.0185162 
-0.0518499 -0.0267459 -0.0253361 
-0.032663 -0.0496 -0.0072649 
-0.0473456 -0.0179421 0.0219509 
-0.0495259 -0.0399317 0.0232 
-0.0258499 -0.0191588 -0.0210207 
-0.0314457 -0.017 -0.0154782 
-0.0449146 -0.0263117 0.0232 
-0.0269496  -0.02 -0.0176468 
-0.0376018  -0.02 -0.00463342 
-0.0432417 -0.017 -0.00270835 
-0.0278068 -0.017 0.00766626 
-0.0350933 -0.044 -0.0221714 
-0.0310696 -0.0496 0.0049596 
-0.0424175 -0.0198236 -0.012818 
-0.0435939 -0.0186633 -0.0230708 
-0.0538499 -0.0210561 0.0234651 
-0.0464115 -0.0297354 -0.0232 
-0.0503322 -0.0306483 0.0262 
-0.047191 -0.0197527 -0.0126925 
-0.0353463 -0.0468388 -0.0189724 
-0.0493067 -0.0237127 0.0230311 
-0.0535598 -0.017296 -0.0190471 
-0.0260613 -0.0196134 0.0163559 
-0.0488923 -0.0382662 -0.0232 
-0.0534418 -0.0535754 -0.0220425 
-0.0426243 -0.0526 0.009643219999999999 
-0.053778 -0.0462583 0.01603 
-0.0538499 -0.0188708 -0.0176461 
-0.0538499 -0.0411212 0.0250851 
-0.0481999 -0.0206758 -0.0207095 
-0.0538499 -0.0502141 -0.0178124 
-0.0471139 -0.036972 0.0262 
-0.0452325 -0.0314373 0.0262 
-0.0384092 -0.0506752 0.0234003 
-0.0501206 -0.0496 0.0140425 
-0.0377112 -0.0483362 -0.0176004 
-0.0281865 -0.0417773 0.0262 
-0.0338179 -0.0526 0.0148742 
-0.0261388 -0.0520819 0.0200056 
-0.0432388 -0.0521539 -0.0119777 
-0.0259559 -0.0345426 -0.0262 
-0.0494625  -0.02 -0.0155884 
-0.0483926 -0.0393569 -0.0262 
-0.0518006  -0.02 -0.0161678 
-0.0538086 -0.0518818 0.0120334 
-0.0475857 -0.02445 -0.0299466 
-0.0381862 -0.0287152 -0.0252594 
-0.0513327 -0.038958 -0.0262 
-0.0453384 -0.0242243 -0.0266299 
-0.0529778 -0.0216578 0.0254566 
-0.0276102 -0.0235923 -0.022994 
-0.038983  -0.02 -0.0118621 
-0.0259466 -0.0361856 -0.0237716 
-0.0264956 -0.0442651 0.0160921 
-0.0294702 -0.0442 0.0161567 
-0.0479072  -0.02 -0.0131439 
-0.0449585 -0.0413513 -0.0232 
-0.0466309 -0.0455609 -0.0261391 
-0.0340176 -0.0394441 -0.0232 
-0.0309717 -0.021831 -0.0220656 
-0.0285318 -0.0496 0.00922427 
-0.0400743 -0.0180323 -0.0221301 
-0.0421836 -0.0490966 0.0203656 
-0.0359052 -0.0216921 -0.021946 
-0.02831 -0.0202529 -0.0197562 
-0.0276591 -0.0525029 0.0194034 
-0.0270541 -0.0532184 -0.0174321 
-0.0533954 -0.0497629 0.00205718 
-0.0536264 -0.0196291 0.000846728 
-0.0365091 -0.0176486 -0.0135752 
-0.0274186 -0.0526 -0.0102808 
-0.0386817 -0.023725 0.0230339 
-0.0411255 -0.0345625 -0.0269164 
-0.0436834 -0.0283735 -0.0289289 
-0.0502316 -0.0526 0.00986559 
-0.0427813 -0.0408602 -0.0262 
-0.0289031 -0.0345668 0.0262 
-0.0282156  -0.02 0.00239441 
-0.032113 -0.0379587 -0.0232 
-0.0265292 -0.0208861 -0.0250557 
-0.0371121 -0.0411774 -0.0232 
-0.0502925 -0.0526 -0.000507852 
-0.0452271 -0.0230341 -0.0259506 
-0.0443999 -0.0284262 -0.0279527 
-0.0510085 -0.0442 0.0202153 
-0.0367099 -0.0526 0.00742613 
-0.0534184 -0.053633 -0.0208036 
-0.0453532 -0.017 -0.0022961 
-0.0278437 -0.0248532 -0.0231936 
-0.0439368 -0.0284238 0.0262 
-0.0422727  -0.02 -0.00359056 
-0.0384486 -0.0496 -0.0142991 
-0.0333706 -0.046 -0.017961 
-0.032247 -0.0172721 0.0202684 
-0.0461686 -0.0426745 -0.0262 
-0.0419902 -0.0412334 -0.0232 
-0.0382357 -0.0454992 0.0261488 
-0.0271152 -0.0170115 -0.0186071 
-0.0260668 -0.0173782 -0.0199781 
-0.0375568 -0.017 -0.0106992 
-0.0488922 -0.0526 0.009126489999999999 
-0.051158 -0.0340241 -0.0232 
-0.0456191 -0.0312643 0.0262 
-0.0533839 -0.0524444 -0.0107217 
-0.0456684 -0.0185341 0.0051985 
-0.0342085 -0.017 -0.00724706 
-0.05014  -0.02 0.016291 
-0.0498913 -0.0310596 0.0262 
-0.0261708 -0.0523328 0.016372 
-0.0258499 -0.0189504 -0.00682593 
-0.0519491 -0.0526 0.0118823 
-0.043026 -0.0178961 -0.0121861 
-0.033011 -0.017 0.0131124 
-0.0324586 -0.0444186 -0.022892 
-0.0291289  -0.02 0.0146063 
-0.0468832 -0.017 -0.00983962 
-0.0364082 -0.0381368 0.0262 
-0.0264786 -0.0394111 -0.0262 
-0.0538499 -0.0508942 0.00310251 
-0.0366811 -0.017 -0.00748146 
-0.0517943 -0.0470659 -0.0258096 
-0.0313322 -0.0264517 -0.0262 
-0.0286779 -0.0207414 -0.0249635 
-0.038382 -0.0377104 0.0232 
-0.0401396 -0.0396745 -0.0262 
-0.0331127 -0.0496 0.0075882 
-0.0284873 -0.017 -0.008897 
-0.0313552 -0.0335871 -0.0232 
-0.0326359 -0.0509314 0.0115682 
-0.0309208 -0.0391246 -0.0232 
-0.0429382 -0.017 -0.00811336 
-0.0277478 -0.041085 0.0232 
-0.0307344 -0.0442 0.0212379 
-0.0437923 -0.0442952 0.0262 
-0.0537953 -0.0263929 0.0238761 
-0.0430941  -0.02 0.00505953 
-0.0296797 -0.0233913 -0.022931 
-0.0454488 -0.0184986 0.0136135 
-0.033249  -0.02 -0.0036999 
-0.0432682 -0.0468413 0.0217086 
-0.0394096 -0.044247 0.0154 
-0.0416804  -0.02 0.0107668 
-0.0268905 -0.0439228 -0.0232 
-0.0470224 -0.041774 0.0232 
-0.030066 -0.0526 -0.0124725 
-0.0258499 -0.0469445 0.0165877 
-0.0369358  -0.02 -0.0073795 
-0.0304341 -0.0309236 0.0232 
-0.0508598 -0.0526 -0.0161529 
-0.0502984 -0.0496 0.000281017 
-0.0433976 -0.0442 0.0172012 
-0.0469038 -0.0184563 0.022801 
-0.0453112 -0.0306322 0.0232 
-0.047647 -0.0325188 -0.0277572 
-0.0498739 -0.0464534 0.0259755 
-0.0512114 -0.048085 0.0253963 
-0.0434952 -0.0172737 0.0202741 
-0.0508723  -0.02 0.00728833 
-0.0258499 -0.018816 0.0177873 
-0.0515859  -0.02 0.0180619 
-0.0339045  -0.02 -0.00960017 
-0.0446884 -0.0442 0.0163992 
-0.042421 -0.0518436 0.00362146 
-0.0416602 -0.0201169 -0.0245272 
-0.0416663 -0.0271054 -0.0232 
-0.0362155 -0.017 -0.00760158 
-0.0375872 -0.0442102 0.0262 
-0.0448074 -0.0464782 0.0154 
-0.0428647 -0.017 -0.00643045 
-0.0453331 -0.0500867 -0.0147268 
-0.0357381 -0.0496 0.0151961 
-0.0507733 -0.0494246 -0.0245889 
-0.0494159 -0.0526 0.011082 
-0.0488339 -0.0526 0.0128225 
-0.0360033 -0.0298098 -0.0262 
-0.0388432 -0.0526 6.66516e-06 
-0.0277242 -0.0535984 -0.0175748 
-0.0488871  -0.02 -0.008678740000000001 
-0.0488506 -0.0526 0.0111317 
-0.0420984 -0.0310099 -0.0232 
-0.0428161 -0.0496 0.00114008 
-0.0515743 -0.0230964 0.0228183 
-0.0350537 -0.0205937 -0.0248694 
-0.0481423 -0.0267419 0.0262 
-0.0258499 -0.0180837 -0.009673009999999999 
-0.0451813 -0.0517868 -0.0148755 
-0.0490121 -0.0535643 -0.0191493 
-0.0337122  -0.02 -0.0172135 
-0.0336093 -0.0526 0.007868989999999999 
-0.0258499 -0.0511681 -0.0132666 
-0.0440662 -0.0496 0.00596898 
-0.0398111 -0.0526 0.0122517 
-0.0396384 -0.017 0.00662193 
-0.0265312 -0.0525471 -0.0128619 
-0.0414501 -0.0496 -0.0143528 
-0.0513237  -0.02 -0.00397409 
-0.0493511 -0.041913 -0.0262 
-0.049119 -0.035007 -0.0296816 
-0.0267843 -0.0525971 -0.000847141 
-0.0511122  -0.02 -0.0156214 
-0.0515441 -0.0496 -0.0131658 
-0.0413101 -0.0526 0.00330631 
-0.0413164 -0.038395 0.0262 
-0.0343733  -0.02 -0.000621148 
-0.033761 -0.0446814 0.0154 
-0.0279252 -0.0502389 -0.0238937 
-0.0341388  -0.02 -0.009966600000000001 
-0.0477897 -0.0401111 -0.0262 
-0.0538499 -0.0508607 0.00244333 
-0.0400087 -0.0481956 0.0154 
-0.0283894 -0.0496 0.00192083 
-0.0525321  -0.02 -0.00796411 
-0.0531935 -0.0199391 -0.0119725 
-0.0538499 -0.0515049 -0.015832 
-0.0324565 -0.0504861 0.00354382 
-0.0538499 -0.0509454 -0.00438719 
-0.0260756 -0.0497982 0.015768 
-0.040403  -0.02 0.0150073 
-0.0366622 -0.0537843 -0.0209862 
-0.0413612 -0.0389818 -0.0232 
-0.0418355 -0.0456127 0.0206987 
-0.0486191 -0.0320541 -0.0301311 
-0.0531967 -0.0210816 0.0251005 
-0.0455825 -0.0250611 0.0232 
-0.0497338 -0.017 -0.0142332 
-0.0538012 -0.0502948 -0.0147114 
-0.0400721 -0.017 0.0168547 
-0.0261666 -0.0523289 0.0133108 
-0.0416834  -0.02 -0.0154747 
-0.0380734 -0.0251288 -0.0248543 
-0.0422017 -0.0273992 -0.0277072 
-0.0312569 -0.0456218 -0.0183 
-0.0365688 -0.0206324 0.0206281 
-0.0335984 -0.0192506 0.0237559 
-0.0374963  -0.02 -0.0181045 
-0.029694 -0.0459472 0.0154 
-0.0484728  -0.02 -0.0139451 
-0.0267077 -0.0366801 0.0232111 
-0.0437885 -0.0524125 -0.0141606 
-0.0492585 -0.0526 0.0118458 
-0.0438208 -0.0242178 -0.0289477 
-0.0462958 -0.017 -0.000216335 
-0.0468841 -0.0386784 -0.0232 
-0.04792 -0.0218627 -0.0220908 
-0.0519261 -0.0420337 0.0232 
-0.0290065 -0.0183993 0.0227141 
-0.0518499 -0.0394307 -0.0251802 
-0.0414409 -0.0526 0.0133566 
-0.0538311 -0.0195342 0.0201679 
-0.0303877 -0.017 -0.0161721 
-0.0258499 -0.0487524 -0.0229332 
-0.0360882 -0.0496 0.0015791 
-0.0399437 -0.0526 -0.0157643 
-0.0328643 -0.017 0.00702348 
-0.040922 -0.044 -0.0191086 
-0.0385589 -0.017 0.00154743 
-0.0428958 -0.052412 -0.0123136 
-0.0408443 -0.044 -0.0188801 
-0.0435207 -0.0492186 0.0154 
-0.0405736 -0.0288923 0.0235339 
-0.039871 -0.0366379 0.0262 
-0.0294253 -0.036401 0.0232 
-0.0538499 -0.047015 0.0176038 
-0.0518499 -0.045487 -0.0215563 
-0.0466984 -0.0518912 -0.0222 
-0.0446112 -0.0460668 0.0154 
-0.051243 -0.0526 -7.254929999999999e-05 
-0.0424295 -0.0526 -0.00594667 
-0.0469084 -0.0515218 -0.0131842 
-0.0448843 -0.046 -0.0168033 
-0.0382235 -0.0430878 -0.0262 
-0.0309934 -0.0295579 -0.0232 
-0.0433191 -0.0501872 0.0239207 
-0.0331775 -0.0510032 -0.0230126 
-0.0433407 -0.0319744 0.0232 
-0.0258499 -0.0188841 -0.00636372 
-0.0417588 -0.0496 0.0035609 
-0.0370772 -0.0505936 0.00338112 
-0.0364204 -0.0307946 -0.0232 
-0.0481779 -0.0356143 0.0232 
-0.0291608 -0.0373956 0.0232 
-0.028332 -0.0343296 0.0232 
-0.0453607 -0.0263095 -0.0232 
-0.052703 -0.017 0.00315271 
-0.053796 -0.0176784 -0.0196023 
-0.0421718 -0.0526 -0.00504103 
-0.0518499 -0.0462941 -0.0206368 
-0.0439499 -0.017 0.00711194 
-0.0328751 -0.017407 0.00406611 
-0.038 -0.017 -0.0175106 
-0.0500537 -0.0356218 0.0232 
-0.044242 -0.0496 -0.00162048 
-0.0310553 -0.0496 0.00495979 
-0.0288024 -0.0385783 0.0232 
-0.0408954 -0.0211757 -0.0214205 
-0.0312189 -0.0526 0.0088988 
-0.0282551  -0.02 0.000306286 
-0.041472 -0.0483565 0.0173393 
-0.0268563  -0.02 0.00973212 
-0.0367036 -0.0379314 0.0232 
-0.034749 -0.0171076 0.00949877 
-0.031792 -0.017 -0.0146518 
-0.0511471 -0.0261045 -0.0232 
-0.0383972 -0.0436397 -0.0232 
-0.034986 -0.0182706 0.00133327 
-0.0453616  -0.02 0.00814492 
-0.0261805 -0.0197417 0.00631451 
-0.0538391 -0.0193207 -0.0196351 
-0.0447226 -0.0534829 -0.0221019 
-0.0306922 -0.0201683 -0.0245667 
-0.0258499 -0.0186024 -0.00656719 
-0.0493999 -0.046 -0.0172701 
-0.0300125 -0.0334605 0.0262 
-0.0418773 -0.0526 0.013929 
-0.041387 -0.0442 0.0190581 
-0.0425783  -0.02 0.0167608 
-0.0394155  -0.02 0.0147326 
-0.0284299  -0.02 -0.00271434 
-0.0538406 -0.0233691 0.0238359 
-0.0263847 -0.0524841 -0.00694752 
-0.047685 -0.017 -0.00402237 
-0.0296108 -0.0277593 0.0232 
-0.0278734 -0.0526 0.00134954 
-0.0486597 -0.0496 0.00454865 
-0.0513389 -0.0468746 0.0154 
-0.0369777 -0.017 -0.0169661 
-0.0527697 -0.0442 0.0223563 
-0.0420778 -0.0491647 0.0199286 
-0.0349407 -0.0496 0.00754409 
-0.0484397 -0.044 -0.0227423 
-0.0261073 -0.0522683 -0.0060346 
-0.0494986 -0.0496 -0.000866835 
-0.0284381 -0.017 0.0125849 
-0.0415537  -0.02 -0.0125547 
-0.046933 -0.0186057 0.0229957 
-0.0288839 -0.040821 -0.0232 
-0.0338157 -0.0512951 -0.0141872 
-0.0383561 -0.0200241 -0.0186753 
-0.0359561  -0.02 0.0074344 
-0.0379507 -0.0455768 -0.0234803 
-0.0353849 -0.0526 -0.00205806 
-0.0522552 -0.0496 0.00298742 
-0.0414473 -0.0525529 0.0190237 
-0.0329758 -0.051868 0.0123647 
-0.0397017 -0.0470751 -0.0253601 
-0.0432322  -0.02 -0.0140803 
-0.0374725 -0.0379042 0.0262 
-0.0333025 -0.0505376 -0.0119153 
-0.0371782 -0.0535965 -0.0220267 
-0.0302499 -0.0388891 -0.0232 
-0.042067 -0.017 0.00444403 
-0.0299854  -0.02 0.00364906 
-0.0473349 -0.0202546 0.0197612 
-0.0364198 -0.0492685 -0.0200143 
-0.0487819 -0.0496 -0.00520016 
-0.0348115 -0.0236614 0.0260851 
-0.0327683 -0.0305341 -0.0232 
-0.0368566 -0.0496 0.00471716 
-0.0285306 -0.0538965 -0.021472 
-0.0325584 -0.017006 0.0183368 
-0.0306606 -0.0526 0.00956914 
-0.0366047 -0.0442 0.0166205 
-0.0463307 -0.0171459 0.0108501 
-0.0387875 -0.0526 -0.00379061 
-0.0287632 -0.0315585 0.0262 
-0.0278085 -0.0526 0.00461941 
-0.0356661 -0.0268958 0.0262 
-0.0450203 -0.046 -0.0165849 
-0.0286658  -0.02 -0.0113111 
-0.0502041  -0.02 0.0162639 
-0.0527633 -0.0526 -0.00460246 
-0.0513379 -0.0207136 -0.0207701 
-0.0316826 -0.0526 -0.00373452 
-0.0328187 -0.0308387 0.0232 
-0.032723 -0.017 -0.00351126 
-0.049788 -0.0328138 0.0232 
-0.0419822 -0.0170287 -0.0188573 
-0.0479531 -0.0526 -0.00348832 
-0.0381124 -0.0455505 0.0154 
-0.0284685 -0.017 -0.0133594 
-0.034018 -0.0401957 -0.0232 
-0.0266072 -0.0170299 -0.0184602 
-0.0321935 -0.0286266 0.0232 
-0.0398176 -0.0170007 0.0182172 
-0.0538499 -0.0186467 -0.0177563 
-0.0429356 -0.0187286 -0.0133253 
-0.0512258  -0.02 0.00994746 
-0.0479251  -0.02 0.0147837 
-0.0380394 -0.0366513 0.0232 
-0.0344819 -0.03948 0.0262 
-0.0538 -0.0176909 -0.0162171 
-0.053089 -0.0400543 0.0232293 
-0.0362561 -0.0509146 0.012823 
-0.0439314 -0.0496 -0.000701164 
-0.03436 -0.0453158 -0.0183 
-0.0349129 -0.044 -0.0211909 
-0.0367548 -0.0170362 -0.0122655 
-0.0448119 -0.0431482 0.0262 
-0.0341967 -0.0486567 0.0154 
-0.0491323 -0.0526 0.0116435 
-0.053823 -0.0192266 0.00549461 
-0.0350425 -0.0499741 0.0241159 
-0.0324862 -0.0330462 -0.0232 
-0.0524458 -0.0513318 -0.0225426 
-0.0517646 -0.0436102 -0.0232 
-0.032781 -0.017 -0.000566047 
-0.0451244 -0.0292641 -0.028838 
-0.0373231  -0.02 -0.00633592 
-0.0343976 -0.019843 -0.010843 
-0.0350636 -0.0526 -0.010268 
-0.0258499 -0.047001 0.0224181 
-0.031214 -0.017006 -0.0184374 
-0.0258499 -0.0489086 0.0217786 
-0.0333338 -0.0511862 -0.0137153 
-0.0465628 -0.0325168 -0.0277545 
-0.0431199 -0.0516765 0.0125058 
-0.0258499 -0.0184645 0.0113054 
-0.0348988 -0.0490417 -0.0164 
-0.0337222 -0.0200667 0.0189979 
-0.0373991 -0.0277872 0.0262 
-0.0296553 -0.0407052 -0.0232 
-0.0326576 -0.044371 -0.023112 
-0.0293433  -0.02 0.0122615 
-0.0313535 -0.0522164 0.0206227 
-0.0509034 -0.0526 0.0135429 
-0.03531 -0.0179346 -0.0147495 
-0.0400778 -0.0526 -0.00348654 
-0.0306189 -0.0334101 0.0232 
-0.0416556 -0.0526 0.0125901 
-0.0337043 -0.0171728 -0.0198485 
-0.0258594 -0.037288 0.0240694 
-0.0388986  -0.02 0.00919874 
-0.0293506 -0.0496 -0.0057221 
-0.0375029 -0.0275763 0.0262 
-0.0369721  -0.02 -0.00515791 
-0.0456468 -0.0375538 0.0262 
-0.0506348 -0.0521892 0.020709 
-0.0439707 -0.0285813 -0.0285174 
-0.0321571 -0.0345672 0.0232 
-0.0405573 -0.0313944 0.0232 
-0.039193 -0.0262084 0.0260698 
-0.0519054 -0.017 -0.0111833 
-0.0369471 -0.0208433 -0.0209746 
-0.0538499 -0.0187527 0.00743837 
-0.0435828 -0.0442 0.0165245 
-0.052912 -0.0186924 -0.0231087 
-0.040325 -0.046 -0.0166468 
-0.0281953 -0.0402343 0.0232 
-0.0538499 -0.0186069 0.00903137 
-0.0341177 -0.0205326 0.0204364 
-0.0327309 -0.0184853 -0.0228388 
-0.0302432 -0.0496 -0.00869618 
-0.0327185 -0.0188007 -0.0042872 
-0.0258499 -0.0506323 -0.00420082 
-0.0396011  -0.02 0.00131325 
-0.036757 -0.0484058 0.0252358 
-0.0465177 -0.017598 0.0212152 
-0.0536333 -0.0196202 -0.0123272 
-0.027991 -0.0440958 -0.0232 
-0.0490113 -0.0398738 -0.0262 
-0.0387953 -0.050309 -0.0238237 
-0.045138 -0.017 -0.008511100000000001 
-0.0538499 -0.0514594 -0.0092318 
-0.0538499 -0.0458162 0.0195533 
-0.048808 -0.0496 0.0125267 
-0.0479487 -0.0316144 -0.0262 
-0.0459252 -0.0519205 0.0214118 
-0.0406878 -0.0217298 -0.0254963 
-0.0359783 -0.0500817 0.002305 
-0.0420863 -0.0223816 0.0224547 
-0.0445279  -0.02 -0.00158898 
-0.0381484 -0.044 -0.0207404 
-0.035425 -0.0513236 0.00996322 
-0.0353962 -0.0368156 0.0262 
-0.04524 -0.0496 0.000814071 
-0.0385045 -0.0209045 0.0210682 
-0.0312052 -0.0212693 0.0252684 
-0.0275102  -0.02 -0.00648558 
-0.0314027 -0.0172125 -0.0200307 
-0.0368288 -0.038789 -0.0232 
-0.0513025 -0.0321234 0.0232 
-0.0428705 -0.0347269 -0.0232 
-0.0287771 -0.0496 0.010073 
-0.0336398 -0.0496 -0.0089508 
-0.036924 -0.0172288 -0.0131689 
-0.0486855 -0.048835 0.0249821 
-0.0538499 -0.0521977 -0.0214438 
-0.0381475 -0.0409025 0.0232 
-0.0494082 -0.0431334 0.0232 
-0.0309036 -0.0205671 -0.0205034 
-0.0422542 -0.0442 0.0214442 
-0.0456981 -0.0338342 0.0232 
-0.0289777  -0.02 -0.0154839 
-0.0481767 -0.017 -0.0159267 
-0.0271634 -0.0496 0.00594335 
-0.0466006 -0.020009 -0.0184058 
-0.0417897 -0.0215691 -0.021834 
-0.0437198 -0.0180939 -0.0115067 
-0.0311184 -0.0224145 0.0224757 
-0.0423234 -0.0526 0.0147068 
-0.0286514 -0.0491959 -0.0247633 
-0.053815 -0.0177386 0.00136778 
-0.0486261 -0.0526 -0.00205483 
-0.0258499 -0.0181051 0.00677498 
-0.0353121 -0.0538224 -0.0210575 
-0.0512116 -0.0476655 -0.0164 
-0.0334493 -0.0526 0.0148733 
-0.0300318 -0.0518601 -0.0222 
-0.025856 -0.0450952 0.0201501 
-0.0502245 -0.017 -0.00835581 
-0.0326184 -0.0526 0.0140824 
-0.0382583  -0.02 -0.0119898 
-0.0260177 -0.0521531 -0.0166891 
-0.0538499 -0.0535251 -0.0185153 
-0.0526667 -0.0526 -0.0104751 
-0.0358608 -0.0442 0.0195512 
-0.0395831 -0.0526 -0.00879987 
-0.0430411 -0.0184028 -0.0227196 
-0.0330685 -0.017 0.0134672 
-0.0367335 -0.0526 -0.0149365 
-0.0503599 -0.017 -0.000753242 
-0.0344219 -0.0526 0.00625596 
-0.0518499 -0.0337654 -0.0260651 
-0.0262128 -0.0285255 -0.0234296 
-0.0327382 -0.0197811 -0.00426793 
-0.0538499 -0.0403266 0.0250144 
-0.0295938 -0.017 0.0181226 
-0.0518499 -0.0308509 -0.0239181 
-0.0463195 -0.0354031 -0.0232 
-0.0313193 -0.0538236 -0.0210597 
-0.0266151 -0.0199712 -0.014398 
-0.0469529 -0.0526 -0.00812977 
-0.0501346 -0.0347137 0.0262 
-0.0346317 -0.0249527 0.0231979 
-0.0264087 -0.0510915 0.0226932 
-0.0457427 -0.0501959 0.00512572 
-0.0447331 -0.0170033 -0.0182759 
-0.0463116 -0.017 0.008469900000000001 
-0.0360935  -0.02 0.00517185 
-0.0441883 -0.0442 0.0197563 
-0.0287382 -0.046 -0.0175944 
-0.0367009 -0.017 -0.0053109 
-0.0461282 -0.0410594 -0.0232 
-0.0319664 -0.017 0.00567164 
-0.0321379 -0.0506847 0.02339 
-0.0379097 -0.017 0.0134116 
-0.0291195 -0.0220563 -0.0222381 
-0.0534967 -0.0523623 -0.0116274 
-0.0465472 -0.0498584 -0.00386209 
-0.0293198 -0.0354189 0.0232 
-0.0396114 -0.0488369 0.023215 
-0.0319265 -0.0526 -0.0149215 
-0.0354007 -0.0526 -0.000727016 
-0.0401229 -0.0526 0.00379843 
-0.0356993 -0.0185579 0.0102318 
-0.0325091 -0.0526 -0.009313159999999999 
-0.0324093 -0.0191402 -0.0236353 
-0.0519293 -0.0197192 -0.0242014 
-0.0414215 -0.0456286 -0.0261345 
-0.050994  -0.02 -0.009419780000000001 
-0.0379192 -0.0288335 -0.0257147 
-0.0268585 -0.0330445 0.0262 
-0.0379862 -0.041101 -0.0262 
-0.0260772 -0.0182987 0.0218442 
-0.0304484 -0.0538711 -0.0179876 
-0.0538499 -0.0513558 -0.0207484 
-0.0509331 -0.027555 -0.0232 
-0.0304962 -0.0496 0.010363 
-0.0346687 -0.0436307 0.0262 
-0.0315758 -0.0465151 -0.0164 
-0.029592 -0.0526 0.0106508 
-0.0421347 -0.0240439 -0.0231066 
-0.0472698 -0.0179602 0.00356977 
-0.0538499 -0.0185952 -0.0105229 
-0.032302 -0.046 -0.0171689 
-0.0302219 -0.0526 0.0154189 
-0.0399459 -0.02441 0.0231607 
-0.0480021 -0.0218232 -0.0220596 
-0.0422816 -0.0404998 -0.0232 
-0.0528696 -0.0199991 0.0176762 
-0.0476686 -0.0480242 0.0154 
-0.0364128 -0.0299634 0.0232 
-0.02695 -0.0526 0.00704061 
-0.0417292 -0.0496 -0.0121078 
-0.043766 -0.0187942 0.00226144 
-0.0306648 -0.0526 -0.0113049 
-0.0294656 -0.0371246 -0.0232 
-0.0344143 -0.0449837 -0.0261842 
-0.0456881 -0.0489758 -0.024905 
-0.0511578 -0.0176718 0.0213932 
-0.0450633 -0.0180729 0.009609019999999999 
-0.0427463 -0.0359051 -0.0282619 
-0.0363997 -0.0526 0.0156636 
-0.043434 -0.0440211 0.0232 
-0.0301524 -0.0449705 -0.0191356 
-0.0392392 -0.0534591 -0.0174859 
-0.0415375 -0.0493892 0.0225875 
-0.0501513 -0.017 0.01091 
-0.0498781 -0.0496 0.00284997 
-0.0370615 -0.0526 0.0126981 
-0.0516853 -0.0214871 0.0253818 
-0.0538282 -0.0177939 -0.0175978 
-0.0498154 -0.0383254 -0.0232 
-0.0258499 -0.0515013 0.00628624 
-0.0324298 -0.0496 0.00553055 
-0.0326305 -0.0526 0.000462553 
-0.0401162 -0.0449355 -0.0183 
-0.0538009 -0.050131 -0.0185858 
-0.0422938 -0.0526 0.00128074 
-0.0356579 -0.0523574 0.0201353 
-0.0258499 -0.0180677 0.000401095 
-0.0288751 -0.0470378 0.0154 
-0.0486842 -0.017 0.00261518 
-0.0349843  -0.02 -0.00142898 
-0.0537568 -0.0467802 0.0159789 
-0.0469427 -0.0523736 0.0200624 
-0.0536473 -0.0173971 -0.0147147 
-0.0498249  -0.02 -0.007854689999999999 
-0.0440037 -0.044 -0.0215047 
-0.0438961 -0.0177653 0.0216113 
-0.0424542 -0.0496 -0.00363491 
-0.0321807 -0.017 0.0155416 
-0.0431773  -0.02 -0.0148861 
-0.0289909  -0.02 0.00633892 
-0.0392312 -0.0514071 -0.0224244 
-0.0392862 -0.0483904 0.0179982 
-0.0521329 -0.0244765 -0.0231713 
-0.0263535 -0.028371 -0.0233321 
-0.0384212 -0.0462406 0.0154 
-0.0289643 -0.0442 0.016087 
-0.0282731 -0.0301779 0.0262 
-0.0313011 -0.0337276 -0.0232 
-0.0538438 -0.0240973 -0.0240178 
-0.0291237 -0.0261939 -0.0232 
-0.042013  -0.02 0.0106817 
-0.0359746 -0.017 -0.00985542 
-0.0508207 -0.0224796 0.0225171 
-0.0325801 -0.0221919 -0.0256878 
-0.0501125 -0.0249128 -0.026197 
-0.0367283  -0.02 -0.0112564 
-0.0270692 -0.0507317 -0.0233624 
-0.026205 -0.0219339 -0.0224407 
-0.0369362 -0.0437194 0.0232 
-0.0454407 -0.0497422 0.0243284 
-0.0377506 -0.0496 0.00541102 
-0.051225 -0.0526 0.0119434 
-0.0532774 -0.0496074 -0.0211032 
-0.0320969  -0.02 0.0176819 
-0.0538344 -0.051775 0.00774625 
-0.0426033 -0.0186066 -0.013 
-0.0413312 -0.0464912 0.0172919 
-0.0315668 -0.0496 0.00179973 
-0.0258499 -0.0180773 -0.00330376 
-0.0292501 -0.017 -0.00638301 
-0.032146 -0.017 -0.00323632 
-0.0381548 -0.053898 -0.018155 
-0.0374182 -0.0234826 0.0229592 
-0.0304009 -0.0496 0.00648224 
-0.0384819 -0.0490232 -0.0191986 
-0.0341992 -0.0174703 0.00536276 
-0.0484332 -0.0261048 -0.030188 
-0.0270111 -0.0293406 0.0262 
-0.0285585 -0.0269927 0.0232 
-0.0267655 -0.0283746 0.0232037 
-0.0518499 -0.044174 -0.0232451 
-0.0375855 -0.039109 -0.0232 
-0.0460389  -0.02 0.00621576 
-0.0343924 -0.053883 -0.0215633 
-0.0468841 -0.0526 0.00609174 
-0.035309 -0.027426 -0.0256042 
-0.0307611 -0.0291057 0.0232 
-0.053195 -0.0525384 0.0179917 
-0.0394026 -0.048655 0.025096 
-0.0316217  -0.02 -0.002416 
-0.0437612 -0.0189685 0.0131339 
-0.0424362 -0.044 -0.0199427 
-0.0312028 -0.046 -0.0176782 
-0.0427494 -0.0442 0.0180452 
-0.0342477 -0.0496 -0.00866726 
-0.0355412 -0.045502 0.0154 
-0.0513483 -0.0526 -0.0128279 
-0.0493874 -0.0259609 0.0232 
-0.0347238  -0.02 -0.00107247 
-0.0286499 -0.0496 0.00659716 
-0.0463325 -0.0395374 0.0262 
-0.032576  -0.02 0.0107531 
-0.0258519 -0.0190456 -0.0180151 
-0.0435507 -0.0496 0.00862367 
-0.0259042 -0.0193229 -0.00677661 
-0.0404422  -0.02 -0.0142837 
-0.0349934 -0.0198289 0.0058595 
-0.0293833 -0.0443662 -0.0262 
-0.0359493 -0.0177611 0.0104766 
-0.0259635 -0.0501392 0.000896172 
-0.0368754 -0.0300076 0.0232 
-0.036459 -0.0456136 -0.0237749 
-0.0261461 -0.0254125 -0.0234898 
-0.0415496 -0.0526 0.00441764 
-0.0336032 -0.0526 -0.00339837 
-0.0301267 -0.0442 0.0224209 
-0.0314899 -0.0526 0.0172924 
-0.0335043 -0.0443358 -0.0183 
-0.029012 -0.0526 0.00371724 
-0.0267036 -0.0259768 -0.0262 
-0.0444201 -0.0182251 0.009820860000000001 
-0.0363529 -0.0496 -0.0106662 
-0.0510504 -0.0409975 0.0232 
-0.0401819 -0.0394507 0.0232 
-0.050932 -0.0442 0.0161605 
-0.049009 -0.017 0.00740246 
-0.0331316 -0.0496 -0.00294125 
-0.0268495 -0.0446 -0.0227184 
-0.0258499 -0.0180876 -0.0048377 
-0.0394003 -0.0319425 0.0262 
-0.0274873 -0.0400611 -0.0262 
-0.0446893 -0.028233 0.0262 
-0.0377303 -0.0442 0.0174049 
-0.0451232 -0.0200707 0.0190283 
-0.0400702  -0.02 -0.0107099 
-0.0424719 -0.0526 0.0170812 
-0.0277923  -0.02 0.0128542 
-0.0291346  -0.02 0.0109754 
-0.0430191 -0.0477295 0.0176 
-0.0297436 -0.0373369 -0.0232 
-0.0301698  -0.02 -0.00617884 
-0.0420335  -0.02 0.0165256 
-0.0405928 -0.0496 -0.0124764 
-0.046925 -0.0358468 0.0232 
-0.0421717 -0.017 0.0142175 
-0.0414069 -0.0406682 -0.0262 
-0.0538199 -0.0177598 0.00269382 
-0.036043 -0.046 -0.017646 
-0.028281 -0.0401582 0.0262 
-0.0530748 -0.0525735 -0.00755681 
-0.0411634 -0.0207386 -0.0249617 
-0.0261312 -0.0173053 0.00685571 
-0.0268062 -0.0218539 0.0255457 
-0.0396053 -0.023945 -0.0261246 
-0.031705 -0.0496 0.0107876 
-0.0304803 -0.0526 -0.00798863 
-0.0359426 -0.0507167 0.00227003 
-0.0323586 -0.0494055 0.0154 
-0.0401438 -0.017 -0.00326889 
-0.0457987 -0.0185972 -0.0229846 
-0.0258499 -0.0189667 -0.00959019 
-0.0372843 -0.0178781 -0.0218382 
-0.0258642 -0.0204095 0.0237027 
-0.0536261 -0.0411353 0.0258296 
-0.0306063 -0.0173785 -0.0206273 
-0.033062 -0.0286895 -0.0262 
-0.0518499 -0.0363258 -0.0250918 
-0.0306527 -0.0399393 -0.0232 
-0.0291369 -0.0373905 -0.0232 
-0.035348 -0.0185708 -0.0229503 
-0.0317242 -0.0426625 -0.0262 
-0.0466794 -0.0295047 0.0232 
-0.0301199 -0.0316217 -0.0262 
-0.0496016 -0.0442 0.0230053 
-0.0514045 -0.017 0.0113363 
-0.039117 -0.0496 0.00371696 
-0.0388632 -0.0491301 0.0154 
-0.0314263 -0.0496 0.0103004 
-0.043247 -0.0184941 0.0126303 
-0.041865  -0.02 -0.00677368 
-0.047147 -0.0351705 0.0232 
-0.0517352 -0.0176638 -0.0213902 
-0.0268629  -0.02 -0.00296508 
-0.0466208 -0.0241012 0.0231173 
-0.0457837 -0.0478502 -0.0255147 
-0.0494344  -0.02 0.0130019 
-0.0262988 -0.0524335 -0.0111129 
-0.045413 -0.0260148 -0.0232 
-0.0499855 -0.0218414 0.0220727 
-0.0538499 -0.0186919 0.0176301 
-0.046374 -0.0195362 0.0108925 
-0.0346291 -0.0348933 -0.0262 
-0.0303235 -0.017 0.0153382 
-0.027597 -0.021847 0.0220769 
-0.0286972 -0.0442 0.021696 
-0.0285073 -0.0407752 0.0232 
-0.0507373 -0.0275628 0.0262 
-0.0480586 -0.0352286 0.0262 
-0.0518499 -0.0313363 -0.023995 
-0.0529247 -0.0492548 -0.0175822 
-0.0258499 -0.0306085 -0.0256602 
-0.0380866  -0.02 -0.00217874 
-0.0354637  -0.02 0.01632 
-0.046082 -0.0299134 0.0232 
-0.0531386 -0.0496435 -0.0150852 
-0.0381788 -0.017 0.007962739999999999 
-0.0513043 -0.017 -0.00755955 
-0.0291209 -0.0526 -0.016236 
-0.0281491  -0.02 0.0141231 
-0.0371879 -0.0496 0.008874079999999999 
-0.0417452 -0.017 -0.0157064 
-0.0467016 -0.0517785 0.0112133 
-0.0496031 -0.019619 -0.0241096 
-0.0511994 -0.052599 0.0182236 
-0.0274648 -0.0278666 0.0262 
-0.0389496 -0.0415511 0.0262 
-0.0385906 -0.0489317 -0.0187113 
-0.037027 -0.0274018 0.0262 
-0.0362957 -0.0174024 0.00458414 
-0.0415575 -0.0262056 -0.0232 
-0.0352669 -0.0317125 0.0232 
-0.0370884 -0.017 -0.0101608 
-0.0398519  -0.02 0.00755454 
-0.0363369 -0.0456723 -0.0199026 
-0.0506464 -0.0255815 -0.0232 
-0.0258499 -0.0462822 -0.0229855 
-0.0493999 -0.017 -0.00374067 
-0.0471481 -0.017 0.0174211 
-0.0267172 -0.0496095 -0.0068506 
-0.0499458 -0.0217521 -0.0255056 
-0.0282799 -0.017 -0.0102542 
-0.0297804 -0.0496 -0.00773475 
-0.0455788 -0.019581 0.0101138 
-0.0535757 -0.0227105 0.0255302 
-0.0435613 -0.0382784 -0.0232 
-0.0459309 -0.017 0.0171506 
-0.0480203 -0.0484374 0.0252129 
-0.0486059 -0.0325697 -0.0232 
-0.0449651 -0.0447247 -0.0183 
-0.030436 -0.0523728 0.020066 
-0.0361148 -0.0275923 0.0262 
-0.0364635 -0.0293955 -0.0262 
-0.0420981 -0.017 -0.00778654 
-0.0316006 -0.0335495 0.0262 
-0.0432274 -0.0501065 0.0109888 
-0.0289359 -0.0496 -0.007976560000000001 
-0.0350823 -0.0362056 -0.0262 
-0.0305512 -0.0526 0.0170938 
-0.0283244 -0.0496 0.0104886 
-0.0348569 -0.044051 0.0262 
-0.0354542 -0.0520868 -0.00279175 
-0.0488432 -0.0363453 -0.0280203 
-0.0433446 -0.0512747 -0.00552593 
-0.0381187 -0.0364773 -0.0262 
-0.0479655 -0.0190583 0.023546 
-0.028478 -0.0510109 -0.0230025 
-0.0345728 -0.0415259 -0.0232 
-0.0339356 -0.0526 -0.00267637 
-0.0519767 -0.0228648 -0.0227207 
-0.045285  -0.02 -0.00978735 
-0.0258766 -0.0298096 -0.0239747 
-0.040661 -0.0496 0.0142269 
-0.0313535 -0.017 -0.0105998 
-0.0353634 -0.0262914 -0.0241141 
-0.0283002 -0.017 0.0131886 
-0.0258499 -0.0399591 -0.0245503 
-0.0392397 -0.0382821 0.0262 
-0.0491475  -0.02 -0.00724996 
-0.0382389 -0.0184994 -0.0228572 
-0.0538499 -0.0512346 -0.00467792 
-0.0429909 -0.0232556 0.0228843 
-0.0309348 -0.0526 -0.015129 
-0.0344441 -0.0522706 0.009797429999999999 
-0.0471594 -0.0310007 0.0262 
-0.02936 -0.0266174 -0.0262 
-0.0279239 -0.0455037 -0.0213945 
-0.0494375 -0.0526 0.00560808 
-0.0527578  -0.02 0.00596402 
-0.0420109 -0.0379654 0.0262 
-0.0495784  -0.02 -0.0169801 
-0.0385933  -0.02 0.008818899999999999 
-0.0461576 -0.0496517 0.0244008 
-0.0258499 -0.0491639 0.0211415 
-0.0333539 -0.0472805 0.0257372 
-0.0537696 -0.0344956 0.0255903 
-0.050853 -0.017 -0.0151136 
-0.0518628 -0.017 0.00525443 
-0.0490868 -0.017 -0.0166867 
-0.0465286 -0.0496 0.00146467 
-0.0533792 -0.0521825 0.0202194 
-0.0400543 -0.028683 0.0258232 
-0.0258499 -0.0508122 0.00415853 
-0.0513413 -0.0193025 -0.0238125 
-0.0341731 -0.023542 -0.0260632 
-0.0421156 -0.04488 0.0261878 
-0.0393289 -0.017 -0.00801989 
-0.041456 -0.0445652 0.0154 
-0.0324389 -0.0504289 0.011839 
-0.0469831 -0.0526 0.000607502 
-0.0373809 -0.0467987 0.0154 
-0.0392059 -0.0313842 -0.0232 
-0.0462056 -0.0495124 0.0245095 
-0.0419736 -0.0469594 0.0173812 
-0.0361821 -0.017 -0.000200287 
-0.0293339 -0.0446 -0.0230059 
-0.0296849 -0.017 -0.009383290000000001 
-0.0361633 -0.017 0.0161979 
-0.0530163 -0.0199858 -0.00302313 
-0.0462488 -0.0312316 0.0262 
-0.0281131 -0.0194512 -0.0239559 
-0.033908 -0.017 -0.00888864 
-0.0403304 -0.0208644 0.0250418 
-0.0258499 -0.0209863 0.023024 
-0.0486533 -0.0180865 -0.0222231 
-0.052398 -0.0496 0.00749489 
-0.0527827 -0.0496 -0.00756333 
-0.0442464 -0.0190704 0.013609 
-0.0337424 -0.0526 0.00756358 
-0.0419296 -0.0496 -0.0127291 
-0.0518499 -0.0393322 -0.0234169 
-0.0258499 -0.0189893 -0.0227846 
-0.0452725 -0.0507976 0.00161382 
-0.0445483 -0.0177654 0.0139046 
-0.036838 -0.017 -0.009462949999999999 
-0.0511176 -0.0171428 -0.0197016 
-0.0301038 -0.0526 -0.007979490000000001 
-0.0416788  -0.02 0.00391846 
-0.0340541 -0.0496 0.00137311 
-0.0536708 -0.0272304 0.0236292 
-0.0437298 -0.0512004 0.0227145 
-0.0409136 -0.0454549 0.026004 
-0.0356153 -0.0522398 -0.00625051 
-0.0538499 -0.0475113 0.0202273 
-0.0499024 -0.0242032 -0.0261587 
-0.030847  -0.02 -0.00686614 
-0.029945 -0.0537553 -0.0202585 
-0.0345458 -0.046 -0.0176943 
-0.0528551 -0.0491852 -0.0185359 
-0.0372261 -0.0195688 0.00367306 
-0.0538323 -0.0312898 0.0253846 
-0.0329496 -0.0501966 0.0123391 
-0.0511814 -0.0423325 -0.0232 
-0.0380429 -0.0492107 0.0247363 
-0.0380526 -0.0508496 -0.0232127 
-0.0388977 -0.0526 0.00186449 
-0.0372028 -0.0521347 0.0208817 
-0.026337 -0.0286392 0.0233422 
-0.0326837 -0.0338221 0.0262 
-0.0538464 -0.0505206 -0.00731901 
-0.0536916 -0.0195382 -0.0152536 
-0.038315 -0.0224878 0.0257882 
-0.043138 -0.0514985 -0.0120764 
-0.0500944 -0.0336917 0.0232 
-0.0348249 -0.0512704 -0.0151755 
-0.0454686 -0.0430712 -0.0262 
-0.0459937 -0.0183092 0.00487992 
-0.0284822 -0.0442 0.0192011 
-0.0392404 -0.0277977 0.0244054 
-0.0410744  -0.02 -0.00703577 
-0.0520238 -0.017 0.0177038 
-0.0383993 -0.0526 0.0119905 
-0.0326098 -0.0496 0.00920319 
-0.0402394 -0.0173634 0.0205585 
-0.032199  -0.02 -0.00724363 
-0.0291849 -0.0496 0.00111415 
-0.0401315 -0.0526 0.00631817 
-0.0293553 -0.0496972 0.0243644 
-0.0490752 -0.0390254 -0.0262 
-0.0313834 -0.0535079 -0.0204875 
-0.052602  -0.02 0.0011004 
-0.0327718 -0.0201593 0.0245598 
-0.0294127 -0.017 -0.0056196 
-0.0327667 -0.0509022 0.0231157 
-0.0396817 -0.017 -0.008954149999999999 
-0.0404015 -0.0189028 -0.0233763 
-0.0498749 -0.0526 -0.0118582 
-0.0348693 -0.0524225 -0.015181 
-0.0372664 -0.0526 0.007906450000000001 
-0.0412415 -0.0345003 0.0232 
-0.032418  -0.02 0.0126646 
-0.0443736 -0.022664 -0.022619 
-0.0408876 -0.0176485 0.0213369 
-0.031156 -0.0442 0.0178798 
-0.0534745 -0.0347367 0.02598 
-0.0526349 -0.017 0.008528640000000001 
-0.0392182  -0.02 -0.00130449 
-0.0376908  -0.02 0.0170657 
-0.0499616 -0.017 -0.000328009 
-0.0523649 -0.0433835 0.0232 
-0.0263732 -0.0470743 0.0155212 
-0.0533197 -0.0497175 0.0131261 
-0.0344383 -0.0442 0.0181789 
-0.0506898 -0.0496 -0.00122407 
-0.0517041 -0.0496 0.00373219 
-0.0502895 -0.0426542 -0.0262 
-0.0463605 -0.0194407 0.0239463 
-0.0328657 -0.0170397 -0.01899 
-0.0329272 -0.0211933 0.0214397 
-0.0493205  -0.02 0.0143331 
-0.0258499 -0.0297273 -0.0245412 
-0.0341744 -0.0375843 0.0232 
-0.0429704 -0.0526 -0.0133958 
-0.0364836 -0.0190732 0.00279987 
-0.0436701 -0.017 -0.0009861830000000001 
-0.0308008 -0.0200015 0.0182342 
-0.0445915 -0.0468077 -0.025891 
-0.0325797 -0.0256016 -0.0232 
-0.0319362 -0.0295514 0.0232 
-0.043304 -0.0442 0.0188796 
-0.0538339 -0.0197423 0.0230759 
-0.0442477 -0.0525489 0.0190541 
-0.029072 -0.0526 0.00733667 
-0.0518499 -0.0291961 -0.0238576 
-0.0293239  -0.02 0.0016272 
-0.0334311 -0.0369338 0.0232 
-0.0333361 -0.0438836 -0.0232 
-0.0371435  -0.02 0.00127357 
-0.0481042 -0.044 -0.0227481 
-0.0465336 -0.0524516 0.0110488 
-0.040888 -0.0496 -0.00170064 
-0.0322341  -0.02 -0.0135789 
-0.0429342 -0.0496 -0.0119451 
-0.0477239 -0.0496 0.0137578 
-0.0433153 -0.04653 0.0259589 
-0.0332034 -0.0366602 -0.0262 
-0.0301549 -0.0526 0.00379397 
-0.0397278  -0.02 -0.0121467 
-0.0394793 -0.0322486 0.0262 
-0.029245 -0.0526 0.0134112 
-0.0403814 -0.0215574 -0.0254183 
-0.028901 -0.0282395 -0.0232 
-0.0373079 -0.0174812 0.0209323 
-0.0419422 -0.017 -0.000245938 
-0.0277026 -0.0526 0.00510003 
-0.0263008 -0.0524348 0.000706833 
-0.0498494 -0.053423 -0.0189552 
-0.0375805 -0.0202724 0.0246466 
-0.0364849 -0.0496 0.00692035 
-0.0484835 -0.017 -0.00779107 
-0.0518499 -0.0375819 -0.0236504 
-0.0258499 -0.0510942 0.0178945 
-0.029869 -0.017 -0.0149225 
-0.0487444  -0.02 -0.00286487 
-0.0258696 -0.0332899 0.0240061 
-0.0442096 -0.0458493 0.0260977 
-0.0536811 -0.0521547 -0.0173892 
-0.0312169 -0.0479106 -0.0164 
-0.0310682 -0.017 0.0142827 
-0.0463238 -0.0457799 -0.0183 
-0.0313457  -0.02 0.00992125 
-0.0505616 -0.0442 0.0214363 
-0.0435507 -0.0496621 -0.0034723 
-0.033042 -0.017 0.0169737 
-0.0476203 -0.0190066 -0.0234896 
-0.0370051 -0.0494343 -0.0222038 
-0.0450042 -0.0172217 -0.0200663 
-0.0509352 -0.017 -0.00211356 
-0.0344487 -0.0496 0.00804203 
-0.0273077 -0.0450228 -0.0222 
-0.0300624  -0.02 -0.00643838 
-0.0447203 -0.0496 0.0152523 
-0.0393077  -0.02 0.0177272 
-0.0265236 -0.0522671 0.020278 
-0.0258499 -0.0182439 -0.00036798 
-0.0479171 -0.0398482 -0.0262 
-0.0330465 -0.0389205 0.0262 
-0.0467111 -0.017104 0.0194561 
-0.0513855  -0.02 -0.00237866 
-0.0421237  -0.02 0.00355552 
-0.0490999 -0.017 0.0178877 
-0.0299387 -0.0523571 0.0201368 
-0.0520257 -0.0526 -0.0143433 
-0.0335813 -0.0496 0.00840748 
-0.0307684 -0.0526 0.0166372 
-0.0427401 -0.017 -0.00876945 
-0.0378701 -0.043133 -0.0262 
-0.051698 -0.0496 0.00681894 
-0.0434392 -0.0524267 -0.0138186 
-0.0375749 -0.0316782 -0.0232 
-0.0432514 -0.0515224 -0.0119654 
-0.0258499 -0.047426 -0.0256779 
-0.0428875 -0.0171293 0.0196243 
-0.0274702 -0.0177396 0.021557 
-0.0258499 -0.032328 0.0250938 
-0.0348874 -0.0446629 -0.0183 
-0.0359489  -0.02 -0.009525270000000001 
-0.033091 -0.0180003 -0.0121225 
-0.0524165 -0.0526 -0.00717738 
-0.0285792  -0.02 -0.0116518 
-0.0477071 -0.039025 0.0262 
-0.0364763  -0.02 -0.00991361 
-0.0390368 -0.017 0.01083 
-0.0354051 -0.0426611 0.0262 
-0.0371697 -0.0181883 -0.0129283 
-0.034405 -0.0514247 -0.0108357 
-0.0479867  -0.02 0.00284746 
-0.0494207 -0.0496 -0.000470607 
-0.036986 -0.0171816 0.0198602 
-0.031003 -0.0211618 -0.0214043 
-0.0404655 -0.0496 -0.0109623 
-0.0297719 -0.017 0.0138863 
-0.0446847 -0.0462413 -0.0164 
-0.0452564 -0.0371015 0.0232 
-0.0387043 -0.0177978 0.0216736 
-0.0305412 -0.0526 -0.00676468 
-0.0464524 -0.0212581 0.0215103 
-0.0262264 -0.0172185 -0.0103451 
-0.0411114 -0.017 -0.00445858 
-0.0483846 -0.017 -0.0121658 
-0.0307895  -0.02 0.0153258 
-0.0395805 -0.0401532 -0.0262 
-0.051432 -0.0496 -0.0112488 
-0.0398818 -0.0526 -0.0118721 
-0.0265578 -0.0525554 0.0131343 
-0.053518 -0.0498572 0.0152854 
-0.0340437 -0.0170209 -0.00621046 
-0.047886 -0.017 -0.00994166 
-0.0484275 -0.0200637 0.0189749 
-0.043307 -0.0351139 -0.0232 
-0.0367753 -0.017 -0.0161438 
-0.0472629 -0.0365436 -0.0270173 
-0.0440576 -0.0466948 -0.0259266 
-0.0470973 -0.0172611 -0.0202258 
-0.0388064 -0.05381 -0.0217682 
-0.033838 -0.0197517 0.013209 
-0.0281587 -0.0406172 -0.0262 
-0.030721 -0.017 0.0119269 
-0.0358644 -0.017 -0.00751666 
-0.047276 -0.0323126 0.0262 
-0.0324973 -0.0382014 -0.0232 
-0.0439 -0.0496 -0.00769434 
-0.0450237 -0.050809 0.00582976 
-0.0504252 -0.0526 0.0132838 
-0.0472865 -0.0516602 0.0219464 
-0.0278726 -0.0301076 -0.0232 
-0.0278028 -0.0496 0.0150248 
-0.0450391 -0.0469716 -0.0258394 
-0.0320031 -0.043774 0.0232 
-0.0292806 -0.0400966 -0.0232 
-0.0406841 -0.0526 0.0155974 
-0.0360842 -0.0496 -0.014849 
-0.0303602  -0.02 0.008299269999999999 
-0.0365612 -0.0199856 0.00432422 
-0.0261308 -0.019694 -0.0166125 
-0.0374828 -0.017 -0.00638414 
-0.0538493 -0.0179872 0.0172174 
-0.0324972 -0.0318876 0.0262 
-0.0446738 -0.0351893 0.0262 
-0.0366589 -0.0188161 -0.00522852 
-0.0271644 -0.017 -0.0147634 
-0.0421147 -0.017 0.00217551 
-0.0261239 -0.0339905 0.0235135 
-0.0489178 -0.0496 0.0102796 
-0.0370784 -0.0464649 -0.0182828 
-0.0414728  -0.02 0.00286223 
-0.0502842 -0.0526 0.0180257 
-0.0428441 -0.023543 -0.0260634 
-0.0462199 -0.0496 0.008008339999999999 
-0.0410289 -0.0526 0.0027653 
-0.0522186 -0.0485487 -0.0247196 
-0.0423487 -0.0254298 0.0233933 
-0.0538499 -0.0235848 -0.0245302 
-0.0517726 -0.0496 0.00212823 
-0.0273994 -0.0526 -0.0159852 
-0.0492758 -0.0271083 -0.0283264 
-0.0352646 -0.0476857 -0.0220938 
-0.0318505 -0.017 0.00385297 
-0.0484199 -0.0496 -0.00688829 
-0.035292 -0.0334223 -0.0232 
-0.0372129 -0.0186617 -0.0230687 
-0.042986 -0.017 0.00481542 
-0.0312853 -0.0496 -0.0112361 
-0.0291989 -0.0451986 -0.0197841 
-0.0339338 -0.0185611 -0.00309715 
-0.0268246 -0.0199989 0.00661457 
-0.0363876 -0.0193881 -0.00370582 
-0.0353884 -0.0496 -0.00872845 
-0.039912 -0.0395752 0.0262 
-0.045246 -0.0287642 0.0232 
-0.0258502 -0.0516063 -0.0199767 
-0.0492393 -0.0355896 -0.0290121 
-0.0347213 -0.0361227 0.0232 
-0.0350295 -0.0519135 0.00582415 
-0.04412 -0.0180022 -0.0144852 
-0.0395236 -0.0180245 -0.0221163 
-0.0537675 -0.0519954 -0.008642540000000001 
-0.0297729 -0.0496 -0.0147619 
-0.0260165 -0.0500488 0.00207759 
-0.0268768  -0.02 -0.00734555 
-0.0312281 -0.017 -0.00126161 
-0.048973 -0.0190194 0.0235036 
-0.0259561 -0.0194466 -0.00126194 
-0.0391133 -0.0525539 0.0190158 
-0.0538499 -0.0181585 -0.0169992 
-0.0456012 -0.0223412 -0.0224327 
-0.0359669 -0.0360539 -0.0262 
-0.0451512 -0.0338387 0.0262 
-0.0392887 -0.0350762 -0.0262 
-0.0389402 -0.0496 0.0145528 
-0.0443733 -0.0177259 -0.0147333 
-0.035398 -0.0176173 0.0212617 
-0.0421589 -0.0252864 0.0232 
-0.0285 -0.0526 -0.008061830000000001 
-0.0511133 -0.017 -0.0124032 
-0.0526998 -0.0490299 -0.0165713 
-0.0483625 -0.0479875 -0.0254569 
-0.0319519 -0.0280097 -0.0232 
-0.0277479 -0.0496 0.0010855 
-0.0407948 -0.0254882 -0.0232 
-0.0491954 -0.0370528 -0.0232 
-0.0447386 -0.0519148 0.014091 
-0.0483879 -0.0322973 0.0232 
-0.0258499 -0.0439148 -0.0243575 
-0.0289253 -0.041661 0.0262 
-0.0538499 -0.0534009 -0.0198266 
-0.0492651 -0.0496 0.00349409 
-0.0303581 -0.0223537 0.0257459 
-0.0435799 -0.0266535 0.0239788 
-0.0315839 -0.0215828 0.0254316 
-0.030947 -0.0281909 -0.0262 
-0.0452356 -0.0538827 -0.019962 
-0.0261245 -0.0196984 -0.0184579 
-0.0436981 -0.0362826 -0.0232 
-0.0465658 -0.0526 0.0133108 
-0.0268914 -0.0244743 0.0231691 
-0.0460611 -0.0345271 -0.0301884 
-0.0259478 -0.0520307 -0.00510179 
-0.0334602 -0.0496 0.007897980000000001 
-0.038931 -0.0465732 -0.0164 
-0.029215  -0.02 0.0106731 
-0.0520215 -0.0496 0.00437343 
-0.030489 -0.0220135 0.0256138 
-0.0530484 -0.0170207 0.00652826 
-0.0300581  -0.02 -0.00144706 
-0.0466155 -0.0510081 0.00292903 
-0.052144 -0.0219296 0.0221404 
-0.0448586 -0.0496 0.0141955 
-0.0267093 -0.0354682 -0.0232108 
-0.0520891 -0.0284029 0.0232 
-0.0308354 -0.0270281 -0.0232 
-0.0336044 -0.0429073 -0.0262 
-0.0458255 -0.0293321 -0.0301801 
-0.0370002 -0.0526 -0.00336342 
-0.0518499 -0.0275569 -0.0247962 
-0.0317599 -0.0496 0.0107448 
-0.0278101 -0.0309928 0.0232 
-0.0433075 -0.017 0.0155362 
-0.0443192 -0.0507764 -0.0109197 
-0.0491309  -0.02 -0.0180423 
-0.0276521 -0.0496 0.000854643 
-0.04337 -0.0413945 -0.0262 
-0.0376049 -0.0199306 0.0243843 
-0.0426366 -0.0420478 0.0232 
-0.0288131 -0.0289279 -0.0262 
-0.0276925 -0.0286361 -0.0262 
-0.0372095 -0.0496 -0.00500386 
-0.0506243 -0.0293025 0.0232 
-0.0307556 -0.017 0.0160364 
-0.0326112 -0.0170158 -0.0185707 
-0.0329113 -0.0261233 0.0262 
-0.035349 -0.0480684 -0.0195037 
-0.0328226 -0.0388774 0.0262 
-0.0277495  -0.02 0.0155309 
-0.0499243  -0.02 -0.0157062 
-0.0332402  -0.02 -0.0100958 
-0.0279431 -0.0526 -0.0138747 
-0.0531945 -0.0199386 0.000613118 
-0.0381958 -0.0522113 0.0206387 
-0.0432275 -0.0200193 0.0186378 
-0.0276155 -0.0467357 0.0259072 
-0.0326049 -0.0250864 0.0232 
-0.0443941 -0.0365313 -0.0265139 
-0.0281053 -0.0416858 0.0262 
-0.0353577 -0.0279764 0.0232 
-0.0361461 -0.019325 -0.00573071 
-0.0331257 -0.0533174 -0.0174306 
-0.0433316 -0.0526 -0.0171523 
-0.0511799 -0.0526 -0.0138531 
-0.0365705 -0.0455703 -0.0191197 
-0.0292174 -0.0445881 0.0154 
-0.0491603 -0.0359133 -0.0294122 
-0.0347624 -0.0364604 0.0232 
-0.0533862 -0.0207218 0.0210736 
-0.0504883 -0.0526 -0.00404214 
-0.0333032  -0.02 0.01314 
-0.0316611 -0.038263 0.0232 
-0.0500195 -0.017 0.0113167 
-0.0313242 -0.0442 0.0218387 
-0.0483742 -0.0485927 0.025132 
-0.0261224 -0.0499151 0.00391478 
-0.0527072 -0.0409121 0.0232 
-0.0438782 -0.0171435 -0.00604844 
-0.0535299 -0.049868 -0.00190023 
-0.0278869 -0.0423385 0.0262 
-0.0533682 -0.0524544 -0.0031677 
-0.0414091 -0.0428356 -0.0232 
-0.0521239 -0.017 -0.0145326 
-0.0269067 -0.0423743 0.0262 
-0.0501155 -0.0187307 -0.0231586 
-0.0370148 -0.0369484 -0.0262 
-0.0315977 -0.0387488 -0.0232 
-0.0367246 -0.0196842 -0.0133642 
-0.0371681 -0.0323488 -0.0232 
-0.0538495 -0.0516093 0.0113199 
-0.0447761 -0.0176348 0.0213039 
-0.0369542 -0.0177838 -0.0131394 
-0.0400148 -0.0268888 -0.0259006 
-0.0345283 -0.0200054 0.0183239 
-0.0284213 -0.0376612 0.0262 
-0.0386135 -0.0332282 -0.0262 
-0.0335788 -0.017 0.00573216 
-0.0305205  -0.02 0.00296156 
-0.0345423 -0.0193995 -0.00669879 
-0.0343115  -0.02 -0.0166432 
-0.0344991 -0.0442 0.0212364 
-0.0271707 -0.0496 0.00334093 
-0.0458115 -0.0282206 -0.0277244 
-0.0511214 -0.0493247 -0.0246656 
-0.0321473 -0.0496 0.00984469 
-0.0378962  -0.02 0.0135734 
-0.0472389 -0.0360692 0.0262 
-0.0455609 -0.0192916 -0.0238006 
-0.0364928 -0.0520226 0.0211653 
-0.0448849 -0.0200977 0.0245125 
-0.0459101 -0.0526 0.00642685 
-0.0258792 -0.0261061 0.0239626 
-0.0403913 -0.017 -0.0109442 
-0.0382556 -0.046 -0.0169923 
-0.0348869 -0.0450432 0.0261806 
-0.0422086 -0.017 -0.0121324 
-0.0322653 -0.0496 0.00535399 
-0.0409216 -0.0526 0.0177844 
-0.0538499 -0.0193883 0.0219033 
-0.0384276 -0.0324234 -0.0232 
-0.0533028 -0.0497086 0.008137170000000001 
-0.0289587 -0.0228194 -0.0226968 
-0.0476686  -0.02 0.0128924 
-0.0520483 -0.0496 0.00766768 
-0.043115 -0.0526 -0.0157815 
-0.0484373 -0.0526 0.00126483 
-0.0328292 -0.0458065 0.0154 
-0.0476041 -0.0258086 0.0232 
-0.0419773 -0.0515186 0.022215 
-0.0392868 -0.0465068 0.0250892 
-0.0467256 -0.0526 0.0147991 
-0.029193 -0.0369315 -0.0232 
-0.0517522 -0.0176226 -0.0212915 
-0.0481128 -0.0526 -0.0107173 
-0.0298676 -0.017 -0.00753322 
-0.0390646 -0.0476856 0.0179487 
-0.0451645 -0.0537838 -0.0193861 
-0.0467006 -0.0178805 -0.0122124 
-0.0278196 -0.0464676 0.0154 
-0.0358296 -0.0513863 0.0103593 
-0.0413935 -0.044 -0.0187519 
-0.0533974 -0.0349415 0.0233638 
-0.0538499 -0.0192816 0.0202945 
-0.0382852 -0.0424478 0.0232 
-0.0289784 -0.0371484 -0.0262 
-0.0442885 -0.0518635 -0.00274978 
-0.038711 -0.0248596 0.0261952 
-0.0417713 -0.017 0.00585438 
-0.0479812  -0.02 -0.0142702 
-0.0469023 -0.0363757 0.0232 
-0.0366447 -0.0182093 -0.0121576 
-0.0346058 -0.0375891 0.0262 
-0.0434794 -0.0200639 0.0189765 
-0.0331796  -0.02 -0.00199003 
-0.0357121 -0.017 0.0155776 
-0.0462302 -0.0365392 -0.0266845 
-0.048872 -0.0306826 0.0232 
-0.0309875 -0.046202 0.0260329 
-0.027208  -0.02 -0.00319241 
-0.0366782 -0.0496 -0.00380077 
-0.0377087 -0.0288948 -0.025853 
-0.048678 -0.017 0.0170154 
-0.0485716 -0.051554 0.0221505 
-0.0452158 -0.0243374 -0.0231545 
-0.0296565 -0.0526 -0.00845783 
-0.0447981 -0.0399413 -0.0232 
-0.0518499 -0.0277416 -0.0243238 
-0.0364805 -0.0298639 0.0232 
-0.0324958 -0.0358512 -0.0262 
-0.0450009 -0.0496 -0.0157571 
-0.0373548  -0.02 -0.0140916 
-0.0275344 -0.0526 0.0174081 
-0.0451941 -0.0498779 -0.0107371 
-0.0404594 -0.0493592 0.0186618 
-0.0291814 -0.0502846 0.0238266 
-0.0451533 -0.0526 -0.015628 
-0.0483538 -0.0205656 0.0248515 
-0.0323992 -0.0246377 0.0261846 
-0.0492701 -0.0250737 -0.0283324 
-0.0325626 -0.0379582 0.0232 
-0.0507363  -0.02 0.0150077 
-0.0278322 -0.0446 -0.0225579 
-0.038168 -0.0290396 0.0232 
-0.0516052 -0.0526 -0.000375758 
-0.0331957 -0.019168 0.0110199 
-0.0433734 -0.0340807 0.0262 
-0.0486053 -0.0442 0.0198308 
-0.0265194 -0.0170567 0.0150152 
-0.0379185 -0.0526 -0.0127913 
-0.047489 -0.0526 0.014302 
-0.0419847  -0.02 0.0111366 
-0.0455602  -0.02 0.00718372 
-0.0288614  -0.02 -0.00714226 
-0.0538388 -0.0178576 -0.0113991 
-0.0415345 -0.021953 0.0255888 
-0.0441349 -0.045801 -0.0261081 
-0.0463611 -0.0214632 -0.0217342 
-0.029845  -0.02 -0.00603789 
-0.0384226  -0.02 0.00198176 
-0.0266429 -0.044184 -0.0262 
-0.0275502  -0.02 0.0103197 
-0.0473063 -0.0526 -0.00615826 
-0.039792 -0.0490039 0.0244222 
-0.0430331 -0.0238708 0.0261127 
-0.0456348 -0.0210334 0.0212362 
-0.045262 -0.0496 -0.00740655 
-0.0472817  -0.02 0.00323326 
-0.0449328 -0.0189351 0.0141188 
-0.0534372 -0.0486336 0.0155914 
-0.03493 -0.0369117 -0.0232 
-0.0395748 -0.017257 -0.0202099 
-0.0286567 -0.0172569 -0.0202086 
-0.0285354 -0.046212 -0.0164 
-0.0258527 -0.0470027 0.0248429 
-0.0414511  -0.02 0.0168273 
-0.036195  -0.02 -0.008662130000000001 
-0.0449391 -0.0178956 -0.0151127 
-0.0510462  -0.02 0.0130398 
-0.0368355 -0.017 -0.00610025 
-0.0303089 -0.031022 0.0262 
-0.0485982 -0.0501702 -0.0239615 
-0.0377143 -0.0285758 0.0262 
-0.0514427 -0.0304492 -0.0262 
-0.0519639 -0.0526 0.00166566 
-0.0465212 -0.042438 0.0232 
-0.0439314 -0.0425674 0.0262 
-0.0303322 -0.0526 0.00144171 
-0.0263903 -0.0175479 0.0207684 
-0.0270005 -0.0496 0.00590354 
-0.0333113 -0.03253 -0.0232 
-0.0371829  -0.02 -0.0175752 
-0.0411267 -0.0403972 0.0232 
-0.0298034 -0.045054 -0.0213356 
-0.0357208 -0.0487366 -0.0229075 
-0.0358017 -0.0433153 0.0262 
-0.0476325 -0.0413405 0.0262 
-0.0538238 -0.0192227 -0.0141171 
-0.0358097 -0.0512212 0.0132601 
-0.0461361 -0.0453926 0.0154 
-0.0372298 -0.0292376 0.0232 
-0.0324726 -0.0343235 0.0262 
-0.0322853  -0.02 -0.00502761 
-0.037523 -0.0280402 0.0232 
-0.034206 -0.0326385 -0.0232 
-0.0472032 -0.0526 -0.00364863 
-0.0291052 -0.0526 -0.009053490000000001 
-0.04036 -0.017 -0.00558577 
-0.0481568 -0.0432419 0.0262 
-0.0314049 -0.0526 -0.0118861 
-0.025942 -0.0286377 0.0237812 
-0.0351601  -0.02 -0.0155049 
-0.0397588 -0.0496 0.00630596 
-0.0420583 -0.0376732 0.0262 
-0.0506335 -0.0251358 -0.0232 
-0.0285767 -0.0496 0.0105853 
-0.0351745 -0.0454997 0.0154 
-0.0258499 -0.0451116 -0.0238233 
-0.0280011 -0.0262496 0.0232 
-0.0317231 -0.017 0.00325189 
-0.0312853 -0.0309322 0.0232 
-0.0457452 -0.0526 -0.00762231 
-0.0258499 -0.0371062 0.0251539 
-0.0477034 -0.0179051 0.0218797 
-0.0433847 -0.0516487 -0.0055652 
-0.0339174 -0.0397948 -0.0262 
-0.0260716 -0.0445732 0.0182943 
-0.0532094 -0.0442671 0.0163413 
-0.0533443 -0.0443309 0.0173667 
-0.0395183 -0.044 -0.0208131 
-0.0399493 -0.0457803 0.019332 
-0.0428117  -0.02 -0.0159392 
-0.0309428 -0.0526 0.0118231 
-0.0455646 -0.028039 -0.0275371 
-0.0388304 -0.0503282 0.023779 
-0.0419181 -0.0496 -0.00518677 
-0.0303566 -0.017 -0.00291264 
-0.0501272 -0.0190386 -0.0235245 
-0.0259313 -0.044807 0.0235473 
-0.0518467 -0.017 0.0108274 
-0.0447077 -0.0429256 0.0262 
-0.0285182 -0.0526 -0.0145878 
-0.0425958 -0.0525836 0.00340739 
-0.0269946 -0.0496 0.00627033 
-0.0321924 -0.0313863 -0.0232 
-0.0288643 -0.0439843 0.0262 
-0.0258518 -0.019043 -0.0163779 
-0.0325393  -0.02 0.0166781 
-0.0438773  -0.02 -0.00214672 
-0.0370793 -0.0184028 0.0115832 
-0.0370875 -0.0358907 0.0232 
-0.0258499 -0.0505333 -0.0217504 
-0.0426103 -0.0461822 0.0196751 
-0.0390897 -0.0470589 0.0189205 
-0.0349946 -0.017 -0.0165597 
-0.0284296 -0.0526 0.0100505 
-0.0326135 -0.017 -0.00939976 
-0.0477822 -0.0435712 0.0232 
-0.0325515 -0.0496 0.0145397 
-0.0340998  -0.02 0.0146842 
-0.0359325 -0.0187512 0.00493982 
-0.0506918  -0.02 -0.009483220000000001 
-0.0373962 -0.017 0.00779102 
-0.0286269 -0.017 0.0130196 
-0.0514761 -0.0301917 -0.0232 
-0.0349342 -0.0396217 -0.0232 
-0.0401263 -0.0224007 -0.0224695 
-0.0438866 -0.0258828 0.0262 
-0.0322516 -0.0496 -0.0141636 
-0.0282219 -0.0496 0.00307822 
-0.0264437 -0.0496865 0.00151948 
-0.0523836  -0.02 -0.00596456 
-0.0397611 -0.0526 0.0169288 
-0.0520284 -0.020612 -0.024881 
-0.0487184 -0.0269615 -0.0300961 
-0.0302106 -0.0379546 0.0262 
-0.0260633 -0.0429616 -0.0235841 
-0.052165 -0.0419537 0.0262 
-0.0412645 -0.0202495 -0.0197489 
-0.0389015 -0.021974 0.0221745 
-0.0366871 -0.0309787 -0.0232 
-0.0305502 -0.0526 0.0133145 
-0.0531753 -0.0248045 0.0261364 
-0.0312216 -0.0294295 -0.0262 
-0.0456176 -0.0192997 -0.00624825 
-0.0258499 -0.0441186 -0.0245292 
-0.0336207 -0.0526 -0.0162448 
-0.0431246 -0.0497657 -0.00388953 
-0.0497069 -0.0228724 0.022724 
-0.0441701 -0.0496 -0.014672 
-0.0315339  -0.02 0.00908948 
-0.0538499 -0.018478 0.0128656 
-0.0422353 -0.0490592 0.0239991 
-0.0473404 -0.0250431 0.0262 
-0.039275 -0.0466819 0.0176 
-0.0518499 -0.0463394 -0.025604 
-0.0400974  -0.02 -0.00501686 
-0.0262103 -0.0352962 0.0234315 
-0.0392306 -0.0466032 -0.0249907 
-0.0354301 -0.0261248 -0.0253728 
-0.0364477 -0.0378681 -0.0262 
-0.047926 -0.0192339 -0.0237376 
-0.0461622 -0.0526 -0.00063296 
-0.0464186 -0.051109 0.0109362 
-0.0432938 -0.0173589 0.00272386 
-0.0353404 -0.0437765 0.0262 
-0.0290563 -0.0426055 0.0262 
-0.0292019  -0.02 0.00449957 
-0.0280437  -0.02 -0.00547309 
-0.026732 -0.0525922 0.0135933 
-0.0281534 -0.0465011 0.0259655 
-0.039378 -0.0526 -0.009176439999999999 
-0.0268733 -0.0526 0.0135115 
-0.0456668 -0.017 -0.0103402 
-0.0312256 -0.0253951 0.0232 
-0.0399565 -0.0188153 0.0232688 
-0.0258499 -0.0468571 0.0242461 
-0.0258499 -0.0508534 -0.014567 
-0.0394478  -0.02 -0.0166624 
-0.0325783 -0.0173077 0.0119755 
-0.0344384 -0.0442 0.0170396 
-0.0513507 -0.0502793 -0.0238561 
-0.037504 -0.017 0.00355562 
-0.0307592 -0.0451892 -0.0183 
-0.037799 -0.0174506 -0.0208457 
-0.0489579 -0.017 0.009355520000000001 
-0.0536756 -0.0195633 0.0122483 
-0.0496823 -0.0496 -0.0158291 
-0.0363568 -0.0456625 -0.0229456 
-0.0518499 -0.04615 -0.023661 
-0.0524733  -0.02 0.00489783 
-0.0361999 -0.0537812 -0.0202186 
-0.0363867 -0.017 0.00180491 
-0.0523444 -0.0238835 0.0261144 
-0.0400723 -0.0340377 0.0262 
-0.0360375 -0.0498234 -0.00336296 
-0.0486125 -0.0526 0.0123294 
-0.031793 -0.0496 -0.00371188 
-0.0441731 -0.052361 0.0201189 
-0.051306 -0.0448958 -0.026188 
-0.0390422 -0.0177287 -0.0215349 
-0.0461659 -0.0496 -0.0151155 
-0.0388344 -0.0462064 -0.0194126 
-0.0271538 -0.0457048 -0.0221324 
-0.0378727 -0.0526 -0.0157568 
-0.0400984 -0.0441992 -0.0262 
-0.0268253 -0.0279396 -0.0232011 
-0.0287586 -0.0537565 -0.0186569 
-0.0518499 -0.0371767 -0.0244355 
-0.0339718 -0.0509382 -0.00305991 
-0.0538443 -0.0488779 0.023859 
-0.0503884 -0.017 -0.00668364 
-0.0366856 -0.0184261 -0.0121977 
-0.0518499 -0.0360498 -0.0241078 
-0.0294129 -0.0508177 -0.0232543 
-0.0447866 -0.0242219 -0.0278029 
-0.0390439 -0.017 -0.0163495 
-0.0378621 -0.0219829 0.0221812 
-0.0379297  -0.02 0.00382145 
-0.0470663 -0.0315259 -0.0232 
-0.0531569 -0.0182171 0.0223364 
-0.031316 -0.017 -0.00241705 
-0.0278856 -0.017 -0.000864216 
-0.0535093 -0.0197508 0.00620932 
-0.0457588 -0.0198148 0.00510996 
-0.0395051 -0.0437356 -0.0262 
-0.0309489 -0.0526 -0.00619771 
-0.0462569 -0.0242282 -0.0278168 
-0.0515654  -0.02 -0.00676859 
-0.0538393 -0.0273285 0.0253387 
-0.0392607 -0.0466333 -0.0230746 
-0.0280695 -0.046 -0.0171786 
-0.0512331  -0.02 0.0117704 
-0.044856 -0.0310708 -0.0232 
-0.0484566 -0.0488532 -0.0164 
-0.0490986 -0.0496 -0.009739940000000001 
-0.0496056  -0.02 0.0142551 
-0.0330933 -0.0417142 0.0232 
-0.0270448  -0.02 0.00769369 
-0.0418823 -0.0230713 0.0228079 
-0.0393553 -0.0525249 -0.0222 
-0.0439954 -0.017 0.00711949 
-0.0293828 -0.0526 0.001993 
-0.0425912 -0.017 -0.0160292 
-0.0429531 -0.0465256 0.02527 
-0.0447408 -0.0293275 -0.0297037 
-0.047562 -0.0526 -0.008486179999999999 
-0.0464321  -0.02 -0.00710793 
-0.0371291 -0.017 -0.0012619 
-0.027223 -0.0170104 -0.0185836 
-0.0506308 -0.0283045 0.0232 
-0.0525856 -0.0496 0.0120121 
-0.0427338 -0.044 -0.0202609 
-0.0423766 -0.0398025 0.0232 
-0.0520881  -0.02 0.00121182 
-0.0268717 -0.0446 -0.0229142 
-0.0277613 -0.0465885 0.0154 
-0.0471094 -0.0242318 -0.0276721 
-0.0370748 -0.0176938 0.0120212 
-0.0455229 -0.0197358 -0.00634093 
-0.0403857  -0.02 -0.0170871 
-0.0441861 -0.0230221 -0.0227905 
-0.0433455 -0.0496 -0.00299793 
-0.0389152 -0.0302008 -0.0232 
-0.0395591 -0.0526 -0.0119434 
-0.0500582 -0.0526 0.0142449 
-0.048729 -0.017 -0.0158426 
-0.037862 -0.0535748 -0.0207566 
-0.036298 -0.019889 0.0243524 
-0.0446442 -0.0496 0.009351450000000001 
-0.0294294 -0.0373349 -0.0262 
-0.0260212 -0.0451759 0.0158414 
-0.0418631 -0.0496 0.00950261 
-0.0506781 -0.048025 0.0254275 
-0.0532105 -0.0496675 0.00578111 
-0.0536889 -0.050019 -0.0187234 
-0.0489059 -0.0287698 -0.0287648 
-0.0339546 -0.0526 0.000387538 
-0.0439152 -0.0522147 0.00211533 
-0.0478952 -0.017 -0.00421268 
-0.0326141 -0.0340178 0.0262 
-0.0500566 -0.0526 -0.00951109 
-0.0399972 -0.017 0.0070897 
-0.0513402  -0.02 0.0131348 
-0.0352002 -0.0202383 0.0197095 
-0.0491623 -0.0200433 -0.0188242 
-0.0288431 -0.0410264 -0.0262 
-0.0376177 -0.0454842 -0.0211687 
-0.0514753 -0.0454951 -0.0183 
-0.0455582 -0.0526982 -0.0174 
-0.0398396 -0.0373327 -0.0262 
-0.0258499 -0.0251627 -0.025369 
-0.0271679 -0.025046 -0.0232 
-0.0371772 -0.0458779 0.0260963 
-0.0350597 -0.0452497 0.0261716 
-0.0356793 -0.0499566 -0.0112122 
-0.0537258 -0.0413937 0.023719 
-0.0525125 -0.0526 0.0125208 
-0.0346754 -0.017 0.0167239 
-0.0496336 -0.0526 0.00309908 
-0.0343 -0.0231434 -0.0259748 
-0.0346789 -0.0464332 -0.0259911 
-0.0267761 -0.0378118 -0.0262 
-0.0366691 -0.0300858 0.0262 
-0.0480359 -0.0442 0.0216031 
-0.0258499 -0.0510731 -0.0213672 
-0.0351413 -0.0526 -0.0171021 
-0.0497376 -0.0520349 0.0211356 
-0.0268038 -0.019998 -0.0176191 
-0.0279902 -0.043445 -0.0232 
-0.0259459 -0.044773 0.0166516 
-0.0351768 -0.0221149 0.0222826 
-0.0380657 -0.0496 -0.0137566 
-0.0271876 -0.017 0.009063119999999999 
-0.0367219 -0.0509846 0.0112332 
-0.0389884 -0.017 0.00293973 
-0.0440121 -0.0282198 -0.0232 
-0.0391592 -0.0374191 0.0232 
-0.0456153 -0.017 -0.0156773 
-0.0354492 -0.0374548 0.0262 
-0.0294909 -0.0496 0.0131851 
-0.0420021 -0.0251932 0.0251292 
-0.0451081 -0.050782 -0.00245285 
-0.0439633 -0.0538807 -0.0212262 
-0.042678 -0.0526 0.00176301 
-0.0538499 -0.0185955 -0.0112174 
-0.0504419 -0.0347009 -0.0262 
-0.0371509 -0.0177457 0.0215717 
-0.0457949 -0.0511745 0.00212545 
-0.0471095  -0.02 -0.00969078 
-0.0417281 -0.0425696 -0.0232 
-0.0484681 -0.0228971 0.0227358 
-0.0452923 -0.0521813 -0.0108332 
-0.0508248 -0.0526 0.00608573 
-0.0295643 -0.017 -0.0019078 
-0.0450056 -0.0170295 0.0188751 
-0.0344371 -0.017 0.000355524 
-0.0522002  -0.02 0.00850916 
-0.0323101 -0.0526 0.00134442 
-0.0322332 -0.0526 -0.0159993 
-0.0455938 -0.0519263 0.0213979 
-0.0259956 -0.0174804 -0.0197039 
-0.0302545 -0.0483344 0.0252665 
-0.0487904 -0.0326238 -0.030043 
-0.0288366 -0.0526 0.00977042 
-0.0420572 -0.0302561 -0.0232 
-0.0514153  -0.02 -0.0181741 
-0.0420789 -0.0185941 0.0229806 
-0.0298654 -0.0203384 -0.0199998 
-0.0364198  -0.02 0.0160722 
-0.0489428 -0.0435398 0.0232 
-0.0475085 -0.017 0.008196739999999999 
-0.0269305 -0.02112 0.0251907 
-0.0327636 -0.0190885 -0.00424309 
-0.0444149 -0.0214869 -0.0253817 
-0.0352635  -0.02 0.0153467 
-0.0344204 -0.0200282 0.0187054 
-0.0358008 -0.0527623 -0.0174 
-0.0422632 -0.0490505 0.0248476 
-0.0358021 -0.0526 -0.00619581 
-0.0335986 -0.0208238 0.0250159 
-0.0298412 -0.0393173 -0.0232 
-0.0438027 -0.0501282 -0.00322548 
-0.0332238 -0.0287882 -0.0232 
-0.0351056 -0.0253727 -0.0232 
-0.0454744 -0.017 -0.00645119 
-0.03401  -0.02 0.018011 
-0.0320719 -0.0177128 0.0214922 
-0.0355643 -0.0316986 0.0232 
-0.0351123 -0.0322029 0.0262 
-0.0460171 -0.0237235 0.0260933 
-0.0468705 -0.0534125 -0.0206053 
-0.0490017 -0.0394327 -0.0262 
-0.04927 -0.017 0.00349829 
-0.040417  -0.02 0.0168604 
-0.0481432 -0.0316329 0.0232 
-0.0413217 -0.017 -0.0100953 
-0.0535641 -0.0196994 -0.008872959999999999 
-0.0465771 -0.0526 -0.00288937 
-0.0336472 -0.0509212 0.023091 
-0.0325366 -0.0523406 -0.00446533 
-0.0507394 -0.0496 -0.00332254 
-0.0502259  -0.02 0.0135096 
-0.0538469 -0.0194964 0.0226281 
-0.0462144 -0.0496 0.000944091 
-0.0529371 -0.0381197 0.0261962 
-0.0401181 -0.0204532 0.0247798 
-0.0448313 -0.0533533 -0.0174417 
-0.0401725 -0.0526 -0.0132836 
-0.0327498 -0.039489 -0.0232 
-0.0283303 -0.0178223 -0.0217307 
-0.0538499 -0.0258576 0.0244637 
-0.0305059 -0.017 0.00603262 
-0.0517443 -0.0526 -0.0109478 
-0.0258499 -0.026342 -0.0244533 
-0.0387149 -0.017 -0.0106249 
-0.0343603 -0.0214783 -0.0253772 
-0.0356994 -0.0318694 -0.0232 
-0.0443893 -0.017 0.0176369 
-0.0408117 -0.0452695 -0.0183 
-0.0312736 -0.0442 0.0163377 
-0.0531093 -0.0244774 0.0261429 
-0.0264384 -0.0525109 0.00545275 
-0.0396771 -0.0489045 0.0230195 
-0.039676 -0.017 0.0178242 
-0.0537711 -0.0502134 -0.00188223 
-0.0410788 -0.0366952 -0.0262 
-0.0289291  -0.02 0.0159019 
-0.0426474 -0.0331367 0.0262 
-0.0429895 -0.0496 -0.0108137 
-0.0330885 -0.0356085 0.0232 
-0.032879 -0.017 -0.0173614 
-0.0490296  -0.02 0.00750603 
-0.0417783 -0.0496 0.0114291 
-0.0506436  -0.02 -0.00921246 
-0.0514299 -0.0496 -0.00270048 
-0.0535556 -0.0172916 0.0169962 
-0.0340951 -0.0203 0.0199051 
-0.0461308  -0.02 0.0100243 
-0.0473136 -0.0442 0.0162379 
-0.0412348 -0.0442519 -0.0183 
-0.0509168  -0.02 -0.0170663 
-0.0538478 -0.0190488 0.0021798 
-0.0538499 -0.046879 0.018308 
-0.0397815 -0.0221657 -0.0256769 
-0.0350681 -0.05246 0.0196723 
-0.0477991 -0.0526 -0.00160895 
-0.0495476 -0.0526 0.0134734 
-0.0504352 -0.0496 0.00272076 
-0.0418306  -0.02 -0.00703146 
-0.0446112 -0.044 -0.0202058 
-0.0536522 -0.0195956 0.0174082 
-0.0527698  -0.02 0.0005131340000000001 
-0.0280725 -0.0526 -0.0135732 
-0.0520267 -0.0411462 0.0262 
-0.0510459 -0.0475418 -0.0256416 
-0.029137 -0.0526 0.00332907 
-0.0478207 -0.0526 0.00270965 
-0.0364322 -0.0346973 -0.0262 
-0.0457749 -0.0200996 0.019175 
-0.0367177 -0.0528317 -0.0174 
-0.0392778 -0.017 -0.00408005 
-0.0430363 -0.0173903 -0.0206662 
-0.0315934 -0.0520603 0.0210743 
-0.0342986 -0.0381836 0.0262 
-0.0449055 -0.0526 -0.009424460000000001 
-0.0499934  -0.02 0.00644639 
-0.0328086 -0.0464349 0.025982 
-0.0361144 -0.017 0.0129772 
-0.0258499 -0.0478291 -0.0212572 
-0.0535664 -0.0196969 0.00863686 
-0.028712 -0.0526 -0.014847 
-0.0294544 -0.0526 0.0103296 
-0.0426061 -0.017 0.0149207 
-0.031739 -0.0285644 -0.0232 
-0.0266572 -0.0525806 -0.015162 
-0.0410303 -0.017 0.0110819 
-0.030483 -0.0489367 -0.0249283 
-0.0524073 -0.0526 0.0101177 
-0.0523756 -0.0496 -0.0108112 
-0.0480502 -0.0254395 0.0262 
-0.0506996 -0.0526 -0.0133281 
-0.029831 -0.0506838 -0.0234147 
-0.0475482 -0.0494 0.0154 
-0.0444945 -0.0255847 -0.0232 
-0.0307419 -0.0496 0.0100357 
-0.0429546 -0.0496 0.009598000000000001 
-0.0328767 -0.0233336 -0.0229132 
-0.045684 -0.0200012 -0.0182275 
-0.0342948 -0.0518781 -0.0222 
-0.0380345 -0.0526 0.00911183 
-0.0369492 -0.0496 0.0112896 
-0.0434559 -0.017 -0.00582699 
-0.0460652 -0.025627 0.0262 
-0.02594 -0.0447861 0.0189738 
-0.0282433 -0.0526 -0.00344279 
-0.0478421 -0.044 -0.0187494 
-0.0481176 -0.0493261 0.0246495 
-0.0365826 -0.0448755 -0.0183 
-0.0459267 -0.0479315 -0.0254805 
-0.0427237 -0.0392486 -0.0262 
-0.0463163 -0.0364254 -0.0232 
-0.046103  -0.02 0.00168737 
-0.0298954  -0.02 0.00120057 
-0.0364406 -0.0245864 0.0261828 
-0.0468351 -0.0532037 -0.0174075 
-0.0487795 -0.0302494 -0.0262 
-0.0336138 -0.0514197 -0.0139895 
-0.0289472 -0.0254047 0.0262 
-0.0518499 -0.0463631 -0.0168247 
-0.031645 -0.0484562 -0.0164 
-0.0483228 -0.0367338 0.0262 
-0.0382019 -0.0492088 -0.0244899 
-0.0345881 -0.0216846 0.0254776 
-0.0498577 -0.017 0.00171313 
-0.0286639 -0.017 -0.0161371 
-0.027059  -0.02 -0.0104063 
-0.0314567 -0.0533338 -0.0221643 
-0.0314506 -0.0293225 -0.0232 
-0.0434047 -0.0177849 0.0108153 
-0.0330469 -0.0302462 -0.0262 
-0.0328978 -0.017 -0.00395461 
-0.0488795 -0.0315145 -0.0292636 
-0.047502 -0.0442 0.0170611 
-0.0404248 -0.017 0.0166358 
-0.0323738 -0.0496 0.00763795 
-0.0379871 -0.0388508 -0.0232 
-0.03013 -0.017 -0.0131986 
-0.0518499 -0.0425904 -0.0235674 
-0.0319554 -0.0496 0.00319576 
-0.0513423 -0.0286082 -0.0232 
-0.0393618 -0.0399663 -0.0232 
-0.0357445 -0.017 -0.00857454 
-0.0284624 -0.0526 -0.00339411 
-0.0508838 -0.0356874 0.0232 
-0.047994 -0.017 -0.014523 
-0.0268636 -0.0526 0.0136013 
-0.0321534  -0.02 -0.0167571 
-0.0492155 -0.0344356 -0.0294401 
-0.0538499 -0.0375671 0.0246545 
-0.0478432 -0.0442 0.0181343 
-0.0258499 -0.0497043 -0.0205931 
-0.0424533  -0.02 -0.00438895 
-0.0456228 -0.0171208 -0.0195847 
-0.0291183 -0.022779 -0.0226758 
-0.0284723 -0.0530817 -0.0174 
-0.0258499 -0.0250344 -0.0259739 
-0.0379412  -0.02 -0.0153657 
-0.0422891  -0.02 -0.0123651 
-0.0434324 -0.0292512 -0.0232 
-0.0495183 -0.0207676 0.0208534 
-0.0307551 -0.0496 -0.00513009 
-0.0289979 -0.0331979 -0.0232 
-0.0487981 -0.0465951 -0.0259491 
-0.0338356 -0.0345627 0.0232 
-0.0499807 -0.044 -0.020642 
-0.0507486 -0.0526 0.00674673 
-0.0441794 -0.017 0.007866069999999999 
-0.0429353 -0.0508458 0.0030749 
-0.0446792 -0.0526 0.0166118 
-0.0524814  -0.02 0.00519672 
-0.0435067 -0.0209906 -0.0211829 
-0.0260116 -0.0500565 -0.00187482 
-0.0374334 -0.0454591 -0.0258451 
-0.0464763 -0.0496 0.0134935 
-0.0430648 -0.0526 0.0166884 
-0.0493363 -0.050506 -0.0236088 
-0.0458467  -0.02 -0.016887 
-0.0369417 -0.0534574 -0.0221149 
-0.0455432 -0.0428676 -0.0232 
-0.0392267 -0.0496 -0.00542941 
-0.0492226 -0.0442 0.0180389 
-0.0403496 -0.0339693 0.0262 
-0.034306 -0.017 -0.007826130000000001 
-0.0415113 -0.0526 0.0120416 
-0.0328332 -0.0461659 -0.0260489 
-0.0479953 -0.0526 0.00744789 
-0.0317376 -0.0254566 -0.0262 
-0.0270228 -0.017 -0.0058285 
-0.0467346 -0.044232 0.0262 
-0.0376602 -0.044 -0.0185236 
-0.0528374 -0.017 0.008797610000000001 
-0.045445 -0.0352702 0.0262 
-0.0407551 -0.017 -0.00560935 
-0.0518499 -0.0406839 -0.0236987 
-0.0432749 -0.0526 0.00588003 
-0.0388571  -0.02 -0.00745789 
-0.0377839 -0.0526 0.0154025 
-0.0307381 -0.0174492 -0.0208418 
-0.0299765 -0.017 -0.00701283 
-0.0381765 -0.0479376 -0.0168178 
-0.0483128  -0.02 -0.000213937 
-0.0411643 -0.0192201 0.0237226 
-0.0528709 -0.0209908 0.0251212 
-0.0518499 -0.0453339 -0.0195495 
-0.026273 -0.02864 -0.0233834 
-0.0439939  -0.02 0.00693205 
-0.0491469 -0.0526 0.0101039 
-0.0322102 -0.0466357 0.0154 
-0.0459009 -0.0171127 -0.0195361 
-0.0406464 -0.0171734 0.019823 
-0.0333735 -0.018373 -0.0137542 
-0.0439379 -0.0433496 -0.0232 
-0.0450724 -0.038088 0.0262 
-0.0419625 -0.0526 -0.00563756 
-0.0383866 -0.0526 0.00721556 
-0.0284744 -0.0240569 0.0261372 
-0.0379999 -0.017 0.0150654 
-0.0538499 -0.0460456 0.0243018 
-0.0368152 -0.0526 0.00730763 
-0.0428675 -0.044 -0.0222016 
-0.0363469 -0.018211 0.00266597 
-0.0361982 -0.0491507 -0.0229092 
-0.0519865 -0.0496 -0.00136009 
-0.0284305 -0.0204216 -0.0202003 
-0.0258499 -0.0513938 -0.00145764 
-0.0441032 -0.0417526 0.0262 
-0.0332293 -0.017346 -0.011987 
-0.0258593 -0.0517299 -0.00730657 
-0.0372117 -0.0526392 -0.0222 
-0.0452915 -0.0332702 0.0262 
-0.0518499 -0.0298721 -0.0240029 
-0.0452538 -0.0496 -0.00701121 
-0.0426954 -0.0242224 0.023136 
-0.0259714 -0.052076 -0.00749824 
-0.0490554 -0.017 0.00468334 
-0.0328911 -0.0496 0.0011635 
-0.0509997 -0.0244875 0.0261776 
-0.0347423 -0.0522518 0.0205103 
-0.0269872 -0.0398344 -0.0262 
-0.0482561 -0.0496 -0.0121144 
-0.0429596  -0.02 -0.0174809 
-0.0535088 -0.0498487 -0.0144156 
-0.0356295 -0.0383496 0.0262 
-0.0394388 -0.017 0.0129262 
-0.0293069 -0.0393217 0.0262 
-0.0491401 -0.0428845 -0.0232 
-0.0259161 -0.0176436 -0.00101829 
-0.0307385 -0.0281758 0.0232 
-0.0362721  -0.02 0.00913129 
-0.0485499 -0.0321979 -0.0282444 
-0.0451783 -0.0201179 0.024528 
-0.0426009 -0.0181962 0.0116024 
-0.0259101 -0.0278953 -0.0262 
-0.0291709 -0.0526 -0.00754674 
-0.0285279 -0.0460201 -0.0260768 
-0.0473198 -0.0496 0.00423682 
-0.0333358 -0.0521032 -0.00368275 
-0.048619 -0.0260194 -0.0232 
-0.0355152 -0.017 0.00783907 
-0.0378151 -0.0496 0.008123439999999999 
-0.0363249 -0.0526 0.0133115 
-0.0470586 -0.0231383 0.0228357 
-0.0538499 -0.0463892 0.0186933 
-0.0293762 -0.0526 -0.0102605 
-0.0395168  -0.02 0.0143824 
-0.0504686 -0.0509541 0.0230481 
-0.0494206 -0.0496838 0.0243751 
-0.0502954 -0.0315638 -0.0262 
-0.0487198 -0.017 -0.00115838 
-0.0531047 -0.0525668 0.008112009999999999 
-0.0258499 -0.0406022 -0.0247381 
-0.0286875 -0.017 -0.00245883 
-0.0258499 -0.0338728 -0.0261971 
-0.0258714 -0.0472881 -0.0189572 
-0.0475898 -0.047046 -0.0164 
-0.0518499 -0.0341846 -0.0248058 
-0.0494261 -0.0436407 -0.0232 
-0.0397711 -0.0526 -0.007879819999999999 
-0.0318498 -0.01819 -0.0223856 
-0.0463156 -0.0200275 0.0187 
-0.03716 -0.0526 -0.00301367 
-0.0332182 -0.0345021 0.0262 
-0.0377588 -0.017 -0.0158919 
-0.0317297 -0.017 -0.00761796 
-0.0428767 -0.0344007 -0.0232 
-0.0508512 -0.0526 -0.00288855 
-0.0407447 -0.0526 0.009518570000000001 
-0.0419626 -0.0355422 -0.0275473 
-0.0523271 -0.033504 0.0232 
-0.0388531 -0.0496 0.00756839 
-0.0455037 -0.0537087 -0.0219188 
-0.0355698 -0.0517182 0.021835 
-0.0290949 -0.0302187 -0.0262 
-0.0409913 -0.0190725 0.0235614 
-0.0485495 -0.0526 -0.00723315 
-0.0376201 -0.034308 -0.0232 
-0.0443061 -0.0496 0.0150535 
-0.0538499 -0.018571 -0.0204676 
-0.0473009 -0.0437431 0.0232 
-0.0538499 -0.0183022 0.008049529999999999 
-0.0270839 -0.0526 0.008286440000000001 
-0.0499327 -0.0496 -0.0140278 
-0.0430199 -0.0483075 0.0225534 
-0.0258499 -0.0449517 -0.0259196 
-0.0258499 -0.0512044 0.0173258 
-0.0261915 -0.0172478 0.000639152 
-0.0267714 -0.0246716 -0.0231891 
-0.0285507  -0.02 0.00560739 
-0.0339547 -0.0442 0.018009 
-0.0258499 -0.0474621 0.0225713 
-0.0397765 -0.0489905 0.0193286 
-0.0259688 -0.0194711 0.0121158 
-0.0382772 -0.0442 0.0207987 
-0.0435441 -0.017435 0.00247871 
-0.0431191 -0.0518088 0.0028949 
-0.0406222 -0.0235762 0.0229887 
-0.0490172  -0.02 0.009485199999999999 
-0.0414458  -0.02 -0.0163255 
-0.0276355 -0.017 -0.0154576 
-0.0269001 -0.0170159 -0.0186972 
-0.0324415 -0.0171077 -0.0195058 
-0.0276759 -0.0281739 -0.0262 
-0.037039 -0.0354664 -0.0232 
-0.0369831 -0.0507315 -0.00491099 
-0.0508847 -0.017 0.0164721 
-0.0437172 -0.0353265 -0.0232 
-0.0382801 -0.046186 0.0154 
-0.0498651 -0.0526 -0.00220336 
-0.0423949 -0.0230066 -0.0259445 
-0.0498245 -0.0430023 -0.0262 
-0.0378314 -0.0291638 -0.0262 
-0.0258499 -0.0506629 0.00778561 
-0.0323656  -0.02 0.00369434 
-0.0439134 -0.017 0.00176551 
-0.0264627 -0.0201599 0.0197233 
-0.0336052 -0.0188155 0.0232692 
-0.0415806 -0.0526 0.00057595 
-0.0531732 -0.0525456 0.0168374 
-0.03278 -0.0255335 -0.0262 
-0.0458667 -0.019306 -0.00600426 
-0.0359914 -0.0526 0.00553106 
-0.052315 -0.0253122 -0.0262 
-0.0422958 -0.0320418 0.0262 
-0.0327959 -0.0254276 0.0232 
-0.0386071 -0.0496 -0.008078399999999999 
-0.0417999  -0.02 -0.012897 
-0.0529481 -0.0251018 -0.0245727 
-0.0279385 -0.0526 -0.00756941 
-0.0356863 -0.017 -0.00126636 
-0.0451382 -0.0499821 -0.00671768 
-0.035905 -0.0496 0.0151309 
-0.0487908  -0.02 -0.009490820000000001 
-0.0297399  -0.02 -0.00450282 
-0.0530336 -0.0534562 -0.0190827 
-0.0396351 -0.0273915 -0.0257103 
-0.0326733 -0.0496 0.0125186 
-0.0509798 -0.017 -0.0117616 
-0.0411038 -0.0425351 0.0232 
-0.0258509 -0.0505774 -0.0146776 
-0.032997 -0.0185325 0.00301449 
-0.0295338 -0.017 0.00223603 
-0.0339295 -0.0200017 0.0182397 
-0.0464319 -0.0255814 -0.0232 
-0.027003  -0.02 -0.00941533 
-0.0346946 -0.0472656 -0.0257486 
-0.0361184 -0.0272438 0.0262 
-0.0463551 -0.049334 -0.0164 
-0.0344527 -0.0420188 -0.0232 
-0.0446674 -0.0537355 -0.0177151 
-0.0506978 -0.0438818 0.0262 
-0.0348645 -0.017 0.00701906 
-0.0353714 -0.0515297 -0.0222319 
-0.0371213 -0.0177585 -0.0126243 
-0.0376454 -0.0328255 0.0262 
-0.0367746 -0.0407147 -0.0232 
-0.0357309  -0.02 0.013734 
-0.0326746 -0.0298179 0.0232 
-0.0496922 -0.0442 0.0171932 
-0.0466108 -0.0348919 -0.0301881 
-0.0458652 -0.0174086 -0.00600576 
-0.0258499 -0.0474843 0.0189074 
-0.0391197 -0.0496 0.009376560000000001 
-0.0538499 -0.0189842 0.0137435 
-0.0403778  -0.02 -0.000205231 
-0.0293654 -0.0486403 -0.0164 
-0.0428092 -0.0468693 0.0154 
-0.0335304 -0.0498153 -0.00349217 
-0.0390918 -0.0313201 -0.0262 
-0.0300087 -0.0496 0.00684762 
-0.0515492 -0.0496 -0.0029198 
-0.0305277  -0.02 -0.002759 
-0.0477015 -0.0496 -0.0153101 
-0.0395064 -0.021131 0.0213635 
-0.0494501 -0.017 -0.0148485 
-0.0388897 -0.0430052 0.0232 
-0.0466607 -0.0174 -0.0121733 
-0.0538409 -0.0431702 0.0240734 
-0.044154 -0.0496 -0.00242965 
-0.0347061 -0.0170777 0.0192562 
-0.0530592 -0.0228372 -0.0227295 
-0.0409683 -0.0200416 0.0188072 
-0.0363236 -0.0170163 0.0185723 
-0.0390436 -0.0476856 0.0154 
-0.0385917 -0.0496 -0.0100539 
-0.0494317 -0.017 -0.0172861 
-0.0264841 -0.0457217 -0.0261165 
-0.0394147 -0.0296688 0.0262 
-0.0423519 -0.0496 0.00987026 
-0.0270092 -0.0496 -0.00499768 
-0.0470099 -0.0279248 -0.0266364 
-0.0258499 -0.0191093 -0.0199917 
-0.0489594 -0.017053 0.0190684 
-0.0300797 -0.0526 -0.0113143 
-0.0400926 -0.0173104 0.0203903 
-0.0326891 -0.0190639 0.011516 
-0.0282903 -0.0358728 -0.0262 
-0.0377456 -0.0453422 -0.0261673 
-0.0467471 -0.0442 0.0160012 
-0.0418408 -0.017 -0.00299224 
-0.0318746 -0.0182708 0.0225124 
-0.0463879 -0.0504812 0.00449385 
-0.0404757 -0.0213494 -0.0253101 
-0.045088 -0.0488173 0.0249964 
-0.052006  -0.02 0.00335864 
-0.0282505 -0.0526 0.0138188 
-0.0453564  -0.02 0.0150799 
-0.0479443 -0.0288024 0.0262 
-0.038301  -0.02 0.0144463 
-0.0308465 -0.0413883 0.0262 
-0.0434393 -0.0186986 0.0231168 
-0.0314187 -0.0536528 -0.0176222 
-0.04054 -0.0496 0.00556438 
-0.0349351 -0.0460424 0.0260688 
-0.0474866 -0.0365446 -0.0265815 
-0.0261134 -0.0447323 -0.0222 
-0.029536 -0.01712 -0.0195798 
-0.0529864 -0.0493165 -0.0202249 
-0.0258517 -0.045158 0.0241407 
-0.0388674 -0.0526 -0.0142854 
-0.0493834 -0.0319701 -0.0232 
-0.041573 -0.0526 -0.0141761 
-0.0486248 -0.0258668 -0.0232 
-0.0397921 -0.0376406 0.0232 
-0.0358866 -0.0526 -0.000880188 
-0.0390362 -0.039125 -0.0232 
-0.0537183 -0.0175046 -0.0148969 
-0.0307309 -0.0199687 -0.0244136 
-0.0315123 -0.017 -0.00763006 
-0.0376644 -0.0526 0.00461655 
-0.0429863 -0.051726 -0.0222 
-0.0289562 -0.017 0.009330349999999999 
-0.0515352 -0.0367245 -0.0262 
-0.0372973 -0.0198173 0.0117967 
-0.0406727 -0.017 -0.00180289 
-0.0437683  -0.02 0.00690181 
-0.029553 -0.0170882 0.0193361 
-0.0324304 -0.0274295 0.0262 
-0.0311207 -0.046 -0.0179496 
-0.0305554 -0.0472699 -0.0257453 
-0.0468936 -0.017 -0.0013902 
-0.0459009 -0.0498932 0.0104292 
-0.0505283 -0.0464883 -0.0164 
-0.0462683  -0.02 0.0178045 
-0.0413633 -0.0508926 0.0231283 
-0.0390041 -0.0389601 0.0232 
-0.0392534 -0.045501 0.0261488 
-0.0402255 -0.017 0.00122513 
-0.0450739 -0.0180849 -0.0106193 
-0.038018 -0.0496 0.013378 
-0.051584 -0.0246086 -0.023184 
-0.0458336 -0.017 -0.0162879 
-0.0258985 -0.017695 -0.0107357 
-0.0327084 -0.0187168 -0.0124971 
-0.0336912 -0.0442 0.0223052 
-0.0336773 -0.0434368 0.0262 
-0.0300047 -0.0321052 -0.0262 
-0.0450241 -0.0503021 0.00957057 
-0.0414585  -0.02 -0.0114799 
-0.0484973 -0.0442 0.0211788 
-0.0387844  -0.02 0.0095289 
-0.0313335 -0.0326321 0.0232 
-0.0340111 -0.0179669 -0.00617861 
-0.0464781 -0.0322609 -0.02621 
-0.0423505 -0.0479795 -0.0254603 
-0.0277629 -0.0465187 -0.0259659 
-0.0380732 -0.0526 -0.0173524 
-0.0278417 -0.0340369 -0.0232 
-0.0426108 -0.0526 -0.0142727 
-0.0284529 -0.026968 0.0232 
-0.0393866 -0.0428367 0.0262 
-0.0439224 -0.0194191 0.0103083 
-0.0470089 -0.0526 0.0113509 
-0.0386483 -0.0357798 -0.0262 
-0.0464721 -0.0328924 -0.0272548 
-0.0433795 -0.017 0.010351 
-0.0289908 -0.0442 0.017506 
-0.0433698 -0.0193198 0.0238314 
-0.0412827  -0.02 0.00995832 
-0.0520812  -0.02 -0.0130513 
-0.0397325 -0.027294 -0.0242873 
-0.0422057 -0.0208052 -0.0209158 
-0.0513585 -0.0496 -0.0138815 
-0.0270278  -0.02 -0.00461821 
-0.0353305 -0.0177613 0.0216036 
-0.0258499 -0.0235441 -0.0248673 
-0.0258499 -0.0307671 -0.0251356 
-0.0514383 -0.0341954 0.0262 
-0.0398621 -0.0442 0.0205894 
-0.0487593 -0.0496 0.012838 
-0.0467981 -0.017 0.00430479 
-0.0476468 -0.0325225 -0.0277534 
-0.0396218 -0.0203858 -0.0201168 
-0.0448982 -0.0183924 -0.0151527 
-0.0528451 -0.0526 0.008509020000000001 
-0.041383  -0.02 -0.0102189 
-0.0378138 -0.017 -0.0160635 
-0.0337338 -0.0328832 -0.0232 
-0.0302946 -0.0458715 -0.0260968 
-0.029931  -0.02 0.0158593 
-0.0458191 -0.0187831 -0.0113491 
-0.0258499 -0.0204387 -0.0226964 
-0.0443862  -0.02 -0.008932020000000001 
-0.0489478 -0.0484576 -0.0252166 
-0.0472363 -0.0496 -0.00602539 
-0.0298915 -0.0526 0.0156657 
-0.0289119  -0.02 0.0115594 
-0.0296739 -0.0174336 0.0207812 
-0.0413941 -0.0488873 -0.0164 
-0.0507599 -0.0512707 0.0226042 
-0.0275209 -0.0460857 -0.0260631 
-0.042941 -0.017 -0.0168266 
-0.0404156 -0.0390733 -0.0232 
-0.0291611 -0.0372623 -0.0262 
-0.0328506 -0.0514528 0.0223184 
-0.0373103 -0.0526 -0.00640749 
-0.0399149 -0.044 -0.0185973 
-0.0322839  -0.02 0.0141272 
-0.0338002 -0.017 -0.009706090000000001 
-0.0411849  -0.02 -0.0137582 
-0.0320143 -0.0496 -0.00142774 
-0.0258499 -0.0464635 0.0227883 
-0.0537457 -0.0291589 0.0237572 
-0.0521758 -0.0485059 -0.0179654 
-0.0466626 -0.0496 -0.00687162 
-0.0389283 -0.017 0.0100143 
-0.0395298 -0.046151 0.0236197 
-0.0487252 -0.0329606 0.0262 
-0.0450968 -0.0526 -0.000457671 
-0.0303601 -0.0186287 0.0230257 
-0.0428902 -0.0259626 0.0233723 
-0.0402175 -0.0287673 0.0244813 
-0.0324667 -0.0526 -0.0162132 
-0.0287893 -0.046 -0.0180586 
-0.0258499 -0.0309252 -0.025403 
-0.0442554 -0.0506777 -0.00641786 
-0.0483433 -0.0394394 0.0262 
-0.0373147 -0.0487852 0.0154 
-0.0308565 -0.0288849 0.0232 
-0.0323007 -0.0457605 0.0154 
-0.0458729 -0.0512343 -0.00320177 
-0.0460489  -0.02 -0.007133 
-0.0418219 -0.0480923 0.0158682 
-0.0447767 -0.0525094 0.0193545 
-0.0457582 -0.0526 -0.0101737 
-0.0428804 -0.0509388 0.0113287 
-0.0345976 -0.030252 -0.0262 
-0.0275823 -0.0442 0.0224122 
-0.0362157  -0.02 0.0145826 
-0.0538499 -0.0510798 0.0110262 
-0.03182 -0.0474467 -0.0164 
-0.0508093  -0.02 0.0151876 
-0.0513276 -0.0537955 -0.0185942 
-0.0278313  -0.02 -0.00486139 
-0.0499765 -0.0429731 -0.0232 
-0.0448223 -0.017 0.015622 
-0.0440752 -0.0515713 0.0101586 
-0.0376733 -0.0333633 -0.0232 
-0.0322913 -0.0442 0.0226006 
-0.0297328 -0.0241032 0.0231177 
-0.050859 -0.0345458 -0.0232 
-0.0415162 -0.017 0.00697992 
-0.0268714 -0.0365894 0.0232 
-0.0419296  -0.02 -0.0122461 
-0.0340214 -0.0526 0.0074254 
-0.0428393 -0.0496 0.0142562 
-0.0268895 -0.0496 -0.00124982 
-0.0505796  -0.02 0.009501860000000001 
-0.0263015 -0.0524352 -0.0152159 
-0.0478004 -0.0179916 -0.0220576 
-0.0293664 -0.0354541 -0.0232 
-0.0413081 -0.0200152 0.0244492 
-0.0378866 -0.017 -0.00991881 
-0.0402888 -0.0379986 -0.0232 
-0.0449831 -0.0233588 -0.0229217 
-0.0512041  -0.02 -0.0147489 
-0.0361014 -0.0458132 -0.0230821 
-0.0312404 -0.0373444 0.0232 
-0.0330814 -0.0496 0.00283701 
-0.0532781 -0.0170966 0.00519001 
-0.0486565 -0.0526 -0.0161131 
-0.0521715 -0.017 -0.0109405 
-0.0431632 -0.0387206 -0.0232 
-0.034335 -0.0261472 -0.0232 
-0.0434256 -0.0479011 0.017923 
-0.0364785  -0.02 -0.00199864 
-0.0464068  -0.02 -0.0156325 
-0.0268171 -0.0463368 -0.0164014 
-0.0498242 -0.0487952 0.0154 
-0.0475706 -0.017 0.00978907 
-0.0409712 -0.0456152 -0.0183 
-0.0445623 -0.0475236 0.0256435 
-0.0511542 -0.017225 -0.020082 
-0.0446606 -0.0526 0.008256960000000001 
-0.0343653 -0.0171642 -0.00267452 
-0.0511301 -0.0409616 -0.0262 
-0.0270804 -0.0212734 -0.0252705 
-0.0489687 -0.021881 -0.0221053 
-0.0329622 -0.0485213 -0.0251847 
-0.0498356 -0.0429275 0.0232 
-0.0483046 -0.0496 0.00190634 
-0.0358964 -0.0526 -0.0154185 
-0.0466554  -0.02 -0.0119162 
-0.0357728 -0.0200189 -0.0186319 
-0.0271641 -0.0257108 0.0232 
-0.0521614 -0.0496 -0.0110958 
-0.0345249 -0.0496 0.000394728 
-0.0492773 -0.0267742 -0.0291584 
-0.0530108 -0.0206827 -0.0207415 
-0.0477668 -0.0429252 0.0262 
-0.0410832 -0.0206756 0.020709 
-0.0435967 -0.017771 -0.0116273 
-0.0264118 -0.0497013 0.00237108 
-0.0365841 -0.036866 -0.0232 
-0.0538499 -0.0446497 0.0248254 
-0.0384883 -0.017 0.0139629 
-0.0475555 -0.0304203 0.0232 
-0.0509043 -0.0526 -0.0151805 
-0.0532873 -0.0393805 0.0260986 
-0.0291272 -0.017 0.00412785 
-0.0367029 -0.020782 -0.0208782 
-0.0474212 -0.0526 -0.0164071 
-0.0336375 -0.0512911 0.0105873 
-0.028917 -0.0292345 -0.0262 
-0.0364902 -0.0252137 0.0232 
-0.0288398 -0.0526 0.00779982 
-0.0342168 -0.0496879 0.00181997 
-0.0460861 -0.0341336 0.0232 
-0.0509151 -0.017 -0.00399898 
-0.027276 -0.0399693 -0.0262 
-0.0525459 -0.0266644 0.0232 
-0.0525564 -0.053209 -0.0221918 
-0.0453431 -0.0496 -0.00211281 
-0.0394646 -0.017 0.0148195 
-0.0348102 -0.0338537 0.0262 
-0.0430907 -0.0406335 -0.0262 
-0.0538372 -0.0191549 -0.0175063 
-0.0427685 -0.0501027 -0.00496177 
-0.0512438 -0.0496 -0.00337602 
-0.0464816  -0.02 0.0167755 
-0.0326887 -0.017 0.009428260000000001 
-0.036448 -0.0450355 0.0154 
-0.0464853 -0.0526 -0.0142998 
-0.0452277 -0.0513914 -0.01077 
-0.0412195 -0.0263815 -0.0232 
-0.0506033 -0.0526 0.0063267 
-0.0416119 -0.0403842 0.0232 
-0.0406161 -0.0496 0.00611265 
-0.0296994 -0.0320108 0.0262 
-0.029722 -0.0424782 -0.0262 
-0.0342394 -0.0373834 -0.0232 
-0.0305049 -0.020149 0.0245519 
-0.0359756 -0.0496 0.000620062 
3 7601 1057 946 
3 1057 4062 946 
3 9340 297 7007 
3 9340 4417 8573 
3 4417 7007 5493 
3 4417 9340 7007 
3 4671 3556 2916 
3 3556 4671 3799 
3 3282 7601 946 
3 5334 678 5719 
3 5334 6878 7604 
3 2616 1782 8644 
3 4376 2616 8644 
3 4567 2450 1057 
3 4017 2450 4567 
3 7601 9773 7864 
3 9773 4120 7864 
3 8709 6770 7007 
3 297 8709 7007 
3 4671 8397 2303 
3 8397 4671 2916 
3 9340 8896 297 
3 7802 8397 2916 
3 8397 7802 7629 
3 2744 6520 9856 
3 5189 8143 5402 
3 4417 4800 8573 
3 4800 3556 8573 
3 7802 4800 2875 
3 4800 7802 3556 
3 4568 2967 5493 
3 4324 2854 3521 
3 6536 4324 3521 
3 3046 1395 8644 
3 2854 7327 3521 
3 3282 3940 7601 
3 4231 3282 946 
3 2073 6137 2908 
3 1664 6137 6926 
3 678 1474 5719 
3 1474 5334 7604 
3 1474 678 5334 
3 2460 4973 3521 
3 94 2616 9392 
3 4376 2122 2616 
3 2616 7700 9392 
3 5367 227 7864 
3 227 5367 4134 
3 6695 8725 5719 
3 8725 6695 1717 
3 3319 6695 5719 
3 3319 1474 7604 
3 1474 3319 5719 
3 7700 3062 2452 
3 3062 2616 2485 
3 3062 7700 2616 
3 5732 5472 5667 
3 6672 4062 1057 
3 2450 6672 1057 
3 9206 4567 1057 
3 9763 9647 3973 
3 9647 9763 5032 
3 3107 5732 5667 
3 9733 4376 8644 
3 208 5062 1926 
3 5062 944 1926 
3 944 5062 5732 
3 944 3107 1926 
3 3107 944 5732 
3 9647 8560 3973 
3 8196 9773 7601 
3 4671 4289 3799 
3 1154 5791 1072 
3 8709 4312 6770 
3 5423 5189 5402 
3 7108 4671 2303 
3 3628 10 595 
3 10 3628 7629 
3 8397 3628 2303 
3 3628 8397 7629 
3 7595 8896 9340 
3 7595 9340 8573 
3 7595 3556 3799 
3 3556 7595 8573 
3 3556 720 2916 
3 720 7802 2916 
3 7802 720 3556 
3 6520 6502 9856 
3 8484 2202 2399 
3 4800 3889 2875 
3 7346 5189 1816 
3 4821 3889 4800 
3 3046 7938 1395 
3 2312 7938 4732 
3 7938 2312 8687 
3 7938 2460 3521 
3 8326 8143 4664 
3 9926 3940 3282 
3 3528 9373 7601 
3 4568 6026 3032 
3 4231 4386 3282 
3 466 4568 4686 
3 4386 466 3282 
3 1855 4017 4567 
3 4286 1855 4567 
3 9647 6606 4567 
3 6606 4286 4567 
3 7445 6137 1664 
3 6606 7445 4286 
3 2789 434 8016 
3 434 2789 480 
3 6520 4036 480 
3 4036 434 480 
3 4036 6520 2744 
3 434 9264 8016 
3 7928 2312 4732 
3 5605 2814 3521 
3 4973 5605 3521 
3 5605 4973 2814 
3 6771 7938 5143 
3 5590 1782 2616 
3 94 5590 2616 
3 2616 4983 2485 
3 2122 4983 2616 
3 4983 442 2485 
3 7700 3245 9392 
3 3245 7700 2452 
3 3245 2452 7604 
3 4982 3245 7604 
3 3245 4982 2620 
3 2581 4982 7604 
3 4982 2581 2620 
3 4732 2581 7604 
3 2620 2581 4732 
3 5076 881 4732 
3 1782 1542 8644 
3 6086 5076 4732 
3 7938 6086 4732 
3 6086 7938 3046 
3 6086 1542 5076 
3 6086 3046 8644 
3 1542 6086 8644 
3 2458 2744 9856 
3 6173 2458 9856 
3 6695 2299 2452 
3 3319 2299 6695 
3 158 6695 2452 
3 3062 158 2452 
3 442 8240 2485 
3 8240 5472 2485 
3 5472 5508 7625 
3 5508 5472 5732 
3 5508 5062 7625 
3 5062 5508 5732 
3 3835 536 1717 
3 6695 3835 1717 
3 3835 5472 7625 
3 5472 3835 6695 
3 5056 8484 2399 
3 5056 7678 5032 
3 8484 5056 5032 
3 7677 9647 4567 
3 9206 7677 4567 
3 9647 7677 1057 
3 7677 9206 1057 
3 2635 8488 622 
3 4047 9600 5911 
3 4047 9733 8644 
3 9733 4047 5911 
3 5243 9733 5911 
3 5937 2623 4025 
3 6053 5062 1510 
3 6053 1510 3695 
3 5062 5753 1510 
3 208 5753 5062 
3 1510 3844 3695 
3 3844 208 9483 
3 5753 3844 1510 
3 3844 5753 208 
3 208 9580 9483 
3 9580 208 1926 
3 1823 2635 622 
3 1823 9647 1057 
3 2635 1823 1057 
3 5032 8989 4025 
3 9773 5140 4120 
3 7970 6108 7864 
3 9373 4972 7601 
3 4972 8196 7601 
3 4972 4332 8196 
3 5791 9167 1072 
3 1990 9167 2802 
3 9186 4289 4671 
3 5150 7138 8709 
3 1992 227 4134 
3 748 8326 1415 
3 8143 748 5402 
3 8326 748 8143 
3 380 3628 9564 
3 5749 1142 2381 
3 631 1111 2875 
3 5050 631 2875 
3 9998 5423 518 
3 6153 9998 518 
3 7802 1139 7629 
3 1139 7379 7629 
3 4292 5423 5402 
3 748 4292 5402 
3 948 1766 3262 
3 1766 948 9564 
3 9099 7108 2303 
3 9167 205 1072 
3 205 9167 1990 
3 2583 2073 2908 
3 4476 1018 2399 
3 1018 4476 5175 
3 8169 814 5493 
3 7346 1306 5189 
3 5189 1306 8143 
3 1306 1047 2408 
3 2108 4821 814 
3 1047 5541 2408 
3 5541 3524 2408 
3 9177 4800 4417 
3 9177 4821 4800 
3 9177 4417 5493 
3 814 9177 5493 
3 4821 9177 814 
3 5689 7938 7327 
3 5039 988 2053 
3 1395 850 8644 
3 7327 1640 3521 
3 1640 7938 3521 
3 7938 1640 7327 
3 2277 8326 4664 
3 2277 4580 1415 
3 8326 2277 1415 
3 408 9926 3282 
3 466 408 3282 
3 4281 4568 5493 
3 7007 4281 5493 
3 9373 4281 7007 
3 9518 2775 946 
3 2775 4231 946 
3 2775 1254 4231 
3 6026 1328 9518 
3 1328 6026 4568 
3 466 8796 4568 
3 8796 486 4568 
3 486 8796 4231 
3 6137 7963 6926 
3 8523 4568 3032 
3 8523 5644 4568 
3 5242 2967 4568 
3 5644 5242 4568 
3 5242 5644 5956 
3 7963 5242 5956 
3 5242 9739 2967 
3 7961 9647 5032 
3 7961 6606 9647 
3 2398 7445 1664 
3 7445 2398 4286 
3 8453 8251 2600 
3 8453 6520 480 
3 8453 4954 6520 
3 1154 8453 2600 
3 4954 8453 1154 
3 2600 6678 6878 
3 6678 8251 6878 
3 8251 6678 2600 
3 8251 2807 6878 
3 2807 8453 480 
3 8453 2807 8251 
3 2293 4732 7604 
3 7928 2293 7604 
3 2293 7928 4732 
3 4464 7928 7604 
3 7928 4464 2312 
3 1633 4464 7604 
3 4464 1633 2312 
3 2312 5218 8687 
3 2551 4381 2850 
3 8247 7938 8687 
3 3248 8247 8687 
3 7938 8247 5143 
3 4381 8247 3248 
3 8247 4381 2551 
3 8247 2850 5143 
3 8247 2551 2850 
3 2850 3535 5143 
3 3535 6771 5143 
3 6771 3535 2850 
3 7938 3103 2460 
3 6771 3103 7938 
3 2460 3103 4973 
3 4973 3103 2814 
3 6878 3103 7604 
3 3103 2850 7604 
3 3103 6771 2850 
3 3245 2770 9392 
3 1609 2620 4732 
3 881 1609 4732 
3 1609 881 2620 
3 881 5901 2620 
3 5901 881 5076 
3 1542 5901 5076 
3 2458 8940 2744 
3 8940 2458 3254 
3 3540 3319 7604 
3 3540 2299 3319 
3 2452 3540 7604 
3 2299 3540 2452 
3 9300 4038 158 
3 6407 5472 6695 
3 158 6407 6695 
3 4038 6407 158 
3 3107 289 442 
3 289 8240 442 
3 9633 8670 7678 
3 2211 5568 6526 
3 8143 5568 4664 
3 1295 5568 8143 
3 8560 3645 3973 
3 9763 4592 5032 
3 9733 1258 4376 
3 5243 1258 9733 
3 1258 2122 4376 
3 1258 4983 2122 
3 5243 4067 3107 
3 4067 5100 3107 
3 5937 6065 2623 
3 8345 6065 4385 
3 6065 8345 2623 
3 3835 6128 536 
3 6128 7601 7864 
3 6128 4385 7601 
3 536 6128 227 
3 227 6128 7864 
3 6128 431 6635 
3 6602 3835 7625 
3 5062 6602 7625 
3 1337 6602 5062 
3 6053 3827 5062 
3 3827 6053 3695 
3 6144 9600 9483 
3 9580 6144 9483 
3 8310 8081 6770 
3 6770 3577 7007 
3 3577 9373 7007 
3 8196 3577 9773 
3 4332 3577 8196 
3 5762 9167 5791 
3 9167 5762 2802 
3 9186 5845 4289 
3 5649 1154 1072 
3 5649 4954 1154 
3 957 1154 2600 
3 957 2600 6878 
3 1154 5089 5791 
3 2360 5089 1154 
3 4312 4468 6770 
3 4468 2401 6770 
3 8081 8181 6108 
3 8181 8081 8310 
3 8181 2401 5367 
3 8181 8310 6770 
3 2401 8181 6770 
3 8181 5367 7864 
3 6108 8181 7864 
3 960 8709 297 
3 960 5150 8709 
3 1084 1992 4134 
3 7138 1084 8709 
3 5485 380 1487 
3 9342 5485 5749 
3 5485 9342 380 
3 1999 5320 5749 
3 6378 5050 9225 
3 9998 6378 9225 
3 7089 10 7629 
3 41 7089 7629 
3 9530 7802 2875 
3 9530 1139 7802 
3 1111 9530 2875 
3 1139 9530 7379 
3 2830 41 7629 
3 3482 2944 518 
3 3334 3482 518 
3 5834 4292 748 
3 5834 748 1415 
3 8316 4645 5397 
3 10 7429 595 
3 7429 4889 5634 
3 3628 9150 9564 
3 9150 1766 9564 
3 9150 3628 595 
3 3628 9358 2303 
3 9358 9099 2303 
3 380 9358 3628 
3 9099 9358 380 
3 1686 2415 6520 
3 1670 1686 6520 
3 2615 976 4894 
3 2615 2583 976 
3 2583 2615 108 
3 2615 7673 108 
3 9854 2615 4894 
3 2583 9005 976 
3 9005 1295 8143 
3 9005 2583 2908 
3 5568 9005 2908 
3 9005 5568 1295 
3 2583 9783 2073 
3 9783 2583 792 
3 9783 5767 2073 
3 5767 9783 792 
3 1018 2784 3662 
3 5568 2784 4664 
3 2784 5568 3662 
3 4476 2766 5175 
3 2202 2766 2399 
3 2766 4476 2399 
3 8169 6182 814 
3 3391 8169 5493 
3 8169 3391 6550 
3 2967 3391 5493 
3 2973 8169 6550 
3 5305 9998 9225 
3 9998 5305 5423 
3 5423 5305 5189 
3 5305 1516 5189 
3 331 9663 1816 
3 9876 7346 1816 
3 9663 9876 1816 
3 3626 2108 814 
3 5541 3670 3524 
3 2108 3670 4821 
3 3626 3670 2108 
3 4401 4324 6536 
3 7938 5278 1395 
3 5689 5278 7938 
3 988 3877 7618 
3 3877 1147 6150 
3 1147 3877 988 
3 8626 988 7618 
3 850 6109 6150 
3 850 9262 8644 
3 1147 8183 4811 
3 3860 1650 3262 
3 3860 8316 4292 
3 252 5039 2053 
3 8458 4021 9251 
3 4021 5749 2381 
3 4021 8458 5749 
3 2129 1999 5749 
3 2129 9251 1973 
3 3465 466 4686 
3 3465 408 466 
3 9926 1498 3940 
3 1498 9926 4686 
3 4568 1498 4686 
3 4281 1498 4568 
3 3528 5573 9373 
3 5573 4281 9373 
3 5573 3528 7601 
3 7291 2775 9518 
3 2775 7291 1254 
3 1328 7291 9518 
3 7291 1328 1254 
3 4549 1328 4568 
3 1328 4549 1254 
3 486 4549 4568 
3 4549 486 1254 
3 1254 4140 4231 
3 4140 486 4231 
3 486 4140 1254 
3 8796 542 4231 
3 542 8796 466 
3 7963 7235 6926 
3 5644 7235 5956 
3 7235 7963 5956 
3 128 7963 6137 
3 128 6137 2073 
3 3848 9739 9292 
3 5767 3848 2073 
3 2973 8036 8169 
3 8036 6182 8169 
3 8646 1198 7085 
3 1198 1306 2408 
3 1198 8646 976 
3 1306 1198 8143 
3 1198 9005 8143 
3 9005 1198 976 
3 644 7961 5032 
3 7678 644 5032 
3 8670 644 7678 
3 6137 1042 2908 
3 1042 5568 2908 
3 2807 8377 2814 
3 2814 8377 3521 
3 8377 6536 3521 
3 8377 4401 6536 
3 6557 2807 3785 
3 1633 9618 2312 
3 9618 5218 2312 
3 5218 9618 1633 
3 6280 5218 1633 
3 2850 6280 7604 
3 6280 1633 7604 
3 5218 6280 8687 
3 4381 6280 2850 
3 6280 4381 3248 
3 6784 2807 2814 
3 3103 6784 2814 
3 2807 6784 6878 
3 6784 3103 6878 
3 1835 1356 2770 
3 5223 3245 2620 
3 6502 1146 9856 
3 7052 1146 6502 
3 1146 7052 2836 
3 1739 3062 2485 
3 5472 1739 2485 
3 7777 158 3062 
3 9300 7777 3062 
3 7777 9300 158 
3 5975 9300 3062 
3 1739 5975 3062 
3 5975 1739 7343 
3 289 5659 8240 
3 5472 5659 5667 
3 8240 5659 5472 
3 5659 3107 5667 
3 5659 289 3107 
3 2211 8315 7678 
3 8315 9633 7678 
3 8315 2211 6526 
3 9633 8315 6526 
3 5568 963 3662 
3 2647 5568 2211 
3 9574 6083 5056 
3 9574 2647 6083 
3 9574 963 5568 
3 2647 9574 5568 
3 5331 3735 622 
3 3735 1823 622 
3 3735 5331 3973 
3 3645 3735 3973 
3 4592 1353 5032 
3 9939 1353 8488 
3 9480 5233 9763 
3 5233 9480 8488 
3 1819 9939 8488 
3 1819 8488 2635 
3 1819 7308 9939 
3 4385 1819 7601 
3 7601 1819 1057 
3 1819 2635 1057 
3 7308 1819 6690 
3 4643 5331 622 
3 8488 4643 622 
3 9480 4643 8488 
3 5331 4643 3973 
3 1817 3107 442 
3 4983 1817 442 
3 2852 5243 3107 
3 2852 1258 5243 
3 1817 2852 3107 
3 1258 2852 4983 
3 2852 1817 4983 
3 6065 6125 4385 
3 6125 6065 5937 
3 6125 4646 4385 
3 4646 1819 4385 
3 1819 4646 5957 
3 8345 9157 2623 
3 9157 9347 2623 
3 8477 6128 6635 
3 3538 9347 5583 
3 6128 3538 5583 
3 663 5062 6594 
3 663 1337 5062 
3 6602 8025 3835 
3 8025 6128 3835 
3 8025 431 6128 
3 431 8025 1337 
3 8025 6602 1337 
3 6297 8097 4767 
3 431 8097 6635 
3 8097 431 4767 
3 1354 3538 5387 
3 3538 1354 9347 
3 1354 6297 4767 
3 9347 1354 2623 
3 2623 1354 4025 
3 1354 5032 4025 
3 1354 8484 5032 
3 8484 1354 3695 
3 1354 3827 3695 
3 5062 4390 6594 
3 3827 4390 5062 
3 6144 5304 9600 
3 9600 5304 5911 
3 5304 9580 1926 
3 5304 6144 9580 
3 3107 5304 1926 
3 5304 5243 5911 
3 5100 5304 3107 
3 5304 4067 5243 
3 4067 5304 5100 
3 1178 1168 8989 
3 2791 3577 6770 
3 8081 2791 6770 
3 7970 2791 6108 
3 4594 5140 9773 
3 3577 4594 9773 
3 4594 3577 5140 
3 3577 2037 9373 
3 2037 3577 4332 
3 2037 4972 9373 
3 2037 4332 4972 
3 7608 7337 2802 
3 7624 957 2360 
3 7624 2360 1154 
3 957 7624 1154 
3 8778 6878 5334 
3 8778 957 6878 
3 2476 4468 4312 
3 2476 1084 4134 
3 2476 4312 8709 
3 1084 2476 8709 
3 2401 2349 5367 
3 4468 2349 2401 
3 2476 2349 4468 
3 3410 1084 7138 
3 1084 3410 1992 
3 5406 1142 5749 
3 5485 5406 5749 
3 66 948 3262 
3 7108 3023 4671 
3 4769 3023 7108 
3 3023 9186 4671 
3 2251 9099 1880 
3 9099 2251 7108 
3 5320 357 5749 
3 4769 8327 7337 
3 8327 5320 7337 
3 2505 6378 9998 
3 2505 6153 1111 
3 6378 2505 5050 
3 631 2505 1111 
3 2505 631 5050 
3 238 7089 7399 
3 6675 6153 518 
3 6675 3555 6153 
3 2830 2816 41 
3 7089 2816 5397 
3 2816 7089 41 
3 7379 8180 7629 
3 8180 2830 7629 
3 7223 8180 7379 
3 8782 8316 5397 
3 8316 8782 1007 
3 3482 8954 2944 
3 2769 7223 7379 
3 8861 8141 7161 
3 380 3417 1487 
3 3417 380 9564 
3 1650 2959 3262 
3 9309 8316 1007 
3 8316 9309 4292 
3 8782 9309 1007 
3 5423 9309 518 
3 4292 9309 5423 
3 9309 3334 518 
3 9309 8782 2830 
3 8316 9543 5634 
3 9543 3860 3262 
3 3860 9543 8316 
3 4889 8780 5634 
3 4761 7429 10 
3 3723 9150 595 
3 3581 2415 1970 
3 1585 2415 1686 
3 1670 5514 4822 
3 5514 1670 1990 
3 3978 1670 6520 
3 3978 205 1990 
3 1670 3978 1990 
3 4954 3978 6520 
3 5649 3978 4954 
3 205 3978 1072 
3 3978 5649 1072 
3 1670 4888 1686 
3 4888 1670 4822 
3 3637 4888 4822 
3 2615 7736 7673 
3 1043 2615 9854 
3 6327 1018 5175 
3 6327 2784 1018 
3 6182 100 814 
3 100 3626 814 
3 9831 8646 7085 
3 5305 7465 1516 
3 8754 6308 3889 
3 8754 3889 2311 
3 6308 8754 5189 
3 331 1004 9663 
3 1306 6782 1047 
3 6782 5121 1047 
3 5121 3394 4821 
3 3889 3394 2311 
3 4821 3394 3889 
3 3670 6818 4821 
3 6818 3670 5541 
3 6818 5541 1047 
3 5121 6818 1047 
3 6818 5121 4821 
3 3670 5040 3524 
3 5040 3670 3626 
3 3524 5040 2408 
3 5040 1198 2408 
3 4324 7324 2854 
3 2807 7324 2860 
3 7324 628 2860 
3 4401 7324 4324 
3 7324 6557 3182 
3 6557 7324 2807 
3 7324 8377 628 
3 8377 7324 4401 
3 6519 7645 3182 
3 5552 3877 7688 
3 3877 5552 7618 
3 8626 5552 2854 
3 5552 8626 7618 
3 775 988 5039 
3 775 1147 988 
3 775 8183 1147 
3 6356 850 1395 
3 6356 6109 850 
3 6102 6356 1395 
3 6356 6102 6109 
3 2865 1147 6364 
3 1147 5232 6150 
3 2865 5232 1147 
3 8743 8183 904 
3 8183 8743 4811 
3 8743 2865 6364 
3 2865 8743 3961 
3 8743 2749 3961 
3 1147 8743 6364 
3 8743 1147 4811 
3 2749 8743 850 
3 9262 8743 904 
3 8743 9262 850 
3 8141 2741 7161 
3 4580 7461 1415 
3 7461 5834 1415 
3 7461 4843 3860 
3 5834 7461 4292 
3 7461 3860 4292 
3 3129 7461 4580 
3 4843 7461 3129 
3 8647 3129 4580 
3 1158 3065 5412 
3 1185 3129 7526 
3 3065 1185 7526 
3 1175 4843 4048 
3 252 3475 5039 
3 4744 252 2053 
3 1777 2129 5749 
3 2129 1777 9251 
3 8458 1777 5749 
3 1777 8458 9251 
3 5046 6931 1999 
3 5514 6931 4822 
3 3675 6931 5046 
3 6931 5514 1990 
3 6931 1990 2802 
3 7337 6931 2802 
3 6931 5320 1999 
3 5320 6931 7337 
3 1621 3465 4686 
3 3465 1621 408 
3 9926 1621 4686 
3 408 1621 9926 
3 1498 7272 3940 
3 7272 1498 4281 
3 5573 7272 4281 
3 7272 5573 7601 
3 542 3787 4231 
3 3787 542 466 
3 3787 4386 4231 
3 3787 466 4386 
3 3810 128 2073 
3 3848 3810 2073 
3 3810 3848 9292 
3 1911 792 8630 
3 2967 1911 8630 
3 9739 1911 2967 
3 8646 157 976 
3 157 8036 2973 
3 976 157 4894 
3 8036 6955 6182 
3 7445 6894 6137 
3 6894 1042 6137 
3 6894 7445 6606 
3 5568 258 6526 
3 1042 258 5568 
3 5776 2789 8016 
3 4091 5776 8016 
3 317 8634 7306 
3 3681 317 2789 
3 4036 7015 434 
3 5101 762 8626 
3 6004 2807 2860 
3 6004 8377 2807 
3 628 6004 2860 
3 8377 6004 628 
3 6136 3248 8687 
3 6280 6136 8687 
3 6136 6280 3248 
3 4702 1542 4681 
3 7495 5901 1542 
3 7495 1356 5901 
3 4702 7495 1542 
3 7495 4702 4681 
3 1356 7495 2770 
3 1356 9945 5901 
3 5223 9945 3245 
3 5901 9945 2620 
3 9945 5223 2620 
3 9850 1356 1835 
3 9850 2770 3245 
3 9850 1835 2770 
3 9945 9850 3245 
3 9850 9945 1356 
3 8493 6173 9856 
3 1146 8493 9856 
3 8493 1146 2836 
3 7801 1739 5472 
3 1739 7801 7343 
3 5975 9091 9300 
3 9300 9091 4038 
3 9091 5975 7343 
3 6407 9091 5472 
3 9091 6407 4038 
3 9091 7801 5472 
3 7801 9091 7343 
3 43 6551 2399 
3 1018 43 2399 
3 43 1018 3662 
3 6551 3328 2399 
3 3328 5056 2399 
3 3328 1873 5056 
3 4283 2647 2211 
3 6083 5190 5056 
3 2647 5190 6083 
3 1873 9799 5056 
3 9799 9574 5056 
3 9574 940 963 
3 3328 940 1873 
3 940 3328 963 
3 940 9799 1873 
3 9799 940 9574 
3 2442 3645 8560 
3 2442 3735 3645 
3 3735 2442 1823 
3 2442 8560 9647 
3 1823 2442 9647 
3 6462 5233 8488 
3 6462 1353 4592 
3 6462 4592 9763 
3 5233 6462 9763 
3 7308 637 9939 
3 637 8989 5032 
3 637 7308 8989 
3 8988 7308 6690 
3 7308 8988 8989 
3 8988 1178 8989 
3 590 8328 4025 
3 1819 292 1168 
3 4643 9536 3973 
3 9536 4643 9480 
3 9536 9763 3973 
3 9536 9480 9763 
3 4560 6125 5937 
3 4560 4646 6125 
3 1238 8345 4385 
3 6128 1238 4385 
3 1238 6128 5583 
3 8477 7028 6128 
3 3437 8097 6297 
3 3437 8477 6635 
3 8097 3437 6635 
3 2320 4390 3827 
3 2320 1354 4767 
3 1354 2320 3827 
3 2320 4767 6594 
3 4390 2320 6594 
3 3909 1819 1168 
3 1178 3909 1168 
3 1819 3909 6690 
3 3909 1178 6690 
3 2791 7158 3577 
3 5140 7158 4120 
3 3577 7158 5140 
3 7446 8081 6108 
3 2791 7446 6108 
3 7446 2791 8081 
3 7608 270 7337 
3 270 7608 5845 
3 270 5845 9186 
3 5367 4950 4134 
3 4950 2476 4134 
3 2349 4950 5367 
3 4950 2349 2476 
3 9127 5199 8833 
3 3104 9127 8833 
3 6161 5485 1487 
3 6161 5406 5485 
3 540 4769 7337 
3 540 3023 4769 
3 2251 8547 5320 
3 357 9965 1880 
3 9965 357 5320 
3 8547 9965 5320 
3 9965 2251 1880 
3 9965 8547 2251 
3 9099 1407 1880 
3 1407 357 1880 
3 1407 9099 380 
3 9342 1407 380 
3 1407 9342 5749 
3 357 1407 5749 
3 4979 4769 7108 
3 4979 8327 4769 
3 2377 2251 5320 
3 8327 2377 5320 
3 2251 2377 7108 
3 2377 4979 7108 
3 8600 9998 6153 
3 2505 8600 6153 
3 8600 2505 9998 
3 2944 3117 518 
3 3117 6675 518 
3 8954 3117 2944 
3 6675 3117 3555 
3 9450 2816 2830 
3 8782 9450 2830 
3 2816 9450 5397 
3 9450 8782 5397 
3 1593 9530 1111 
3 1973 2711 7161 
3 2711 8861 7161 
3 9251 2711 1973 
3 4021 2711 9251 
3 2711 2679 7118 
3 2711 4021 2381 
3 8180 2475 2830 
3 2475 9309 2830 
3 7429 5191 595 
3 9543 908 5634 
3 1766 5782 3262 
3 5782 9543 3262 
3 9150 5782 1766 
3 7089 5064 7399 
3 5064 7089 4780 
3 7429 3635 4889 
3 4761 3635 7429 
3 3635 8780 4889 
3 8780 3635 8514 
3 7285 4761 10 
3 7285 8780 8514 
3 3635 7285 8514 
3 7285 3635 4761 
3 7052 3000 2836 
3 9791 3000 7052 
3 2415 4362 1970 
3 8952 8124 1970 
3 4362 8952 1970 
3 1585 8952 2415 
3 8952 4362 2415 
3 7323 7052 6502 
3 3581 7323 2415 
3 4888 9594 1686 
3 5946 7321 476 
3 5411 8530 5946 
3 3609 5411 476 
3 5411 5946 476 
3 8530 6097 5946 
3 6097 7321 5946 
3 3391 1857 6550 
3 7736 1857 3391 
3 1857 7736 2615 
3 1043 1857 2615 
3 7736 187 7673 
3 187 7736 3391 
3 9831 9284 8646 
3 9284 9831 6182 
3 9284 6955 8646 
3 6955 9284 6182 
3 8199 100 6182 
3 9831 8199 6182 
3 5040 8199 9831 
3 100 8199 3626 
3 8199 5040 3626 
3 2356 2967 8630 
3 2356 1578 2967 
3 792 2356 8630 
3 8645 3391 2967 
3 1578 8645 2967 
3 8645 1578 3391 
3 2722 1578 7673 
3 1578 2722 3391 
3 6308 9824 3889 
3 7465 7813 1516 
3 1516 7813 5189 
3 7813 6308 5189 
3 7813 9824 6308 
3 9824 7813 7465 
3 5050 5018 9225 
3 5018 5305 9225 
3 8754 4454 5189 
3 1004 4341 2311 
3 4341 1004 331 
3 4341 8754 2311 
3 8754 4341 331 
3 9876 829 7346 
3 5040 379 1198 
3 379 5040 9831 
3 1198 379 7085 
3 379 9831 7085 
3 7645 866 3182 
3 866 7324 3182 
3 866 7645 2854 
3 7324 866 2854 
3 7075 6557 3785 
3 6557 7075 3182 
3 7075 6519 3182 
3 8634 6497 7306 
3 317 6497 2789 
3 6497 317 7306 
3 1003 4849 3785 
3 5552 552 2854 
3 552 5552 7688 
3 552 7327 2854 
3 552 5689 7327 
3 552 7688 5689 
3 988 5319 2053 
3 5319 8114 2053 
3 8626 5319 988 
3 762 5319 8626 
3 5319 762 8114 
3 6109 6391 6150 
3 6102 6391 6109 
3 6391 3877 6150 
3 4074 850 6150 
3 4074 2749 850 
3 2749 2013 3961 
3 2013 5232 3961 
3 9555 2865 3961 
3 5232 9555 3961 
3 9555 5232 2865 
3 1175 327 3065 
3 5468 4843 3129 
3 5468 327 4843 
3 5468 1158 5412 
3 3939 8141 1650 
3 3939 2741 8141 
3 3860 3939 1650 
3 4843 3939 3860 
3 3129 9039 7526 
3 8647 9039 3129 
3 1158 1908 3065 
3 1908 1185 3065 
3 5468 1908 1158 
3 1185 1908 3129 
3 1908 5468 3129 
3 6521 4744 476 
3 1842 6521 476 
3 1446 1175 3065 
3 1446 3065 7526 
3 1142 3655 2381 
3 2711 3655 2679 
3 2129 3927 1999 
3 3927 6500 3104 
3 6500 3184 3104 
3 6711 1842 476 
3 8035 6711 476 
3 6521 4065 2594 
3 4065 6521 172 
3 4065 924 8833 
3 924 4065 172 
3 3927 700 1999 
3 700 924 172 
3 924 700 8833 
3 172 3570 5046 
3 3570 3675 5046 
3 6711 4193 1842 
3 4193 6711 8035 
3 6931 7735 4822 
3 7735 6931 3675 
3 3940 4216 7601 
3 4216 7272 7601 
3 7272 4216 3940 
3 3810 3700 128 
3 3700 5242 7963 
3 128 3700 7963 
3 3700 3810 9292 
3 9739 3700 9292 
3 3700 9739 5242 
3 3848 6937 9739 
3 6937 1911 9739 
3 1911 6937 3848 
3 5024 5767 792 
3 1911 5024 792 
3 5024 3848 5767 
3 5024 1911 3848 
3 2012 157 8646 
3 157 2012 8036 
3 6955 2012 8646 
3 2012 6955 8036 
3 3033 9854 4894 
3 157 3033 4894 
3 1957 8595 2973 
3 8595 157 2973 
3 8595 3033 157 
3 3033 8595 9854 
3 8595 1043 9854 
3 8595 1857 1043 
3 1857 8595 6550 
3 7961 6243 6606 
3 6243 6894 6606 
3 6894 1563 1042 
3 258 7415 6526 
3 7415 258 644 
3 8965 258 1042 
3 9400 9264 434 
3 75 7015 4036 
3 6058 762 5101 
3 6058 8940 3254 
3 8940 6058 2744 
3 6058 5594 762 
3 5590 1243 1782 
3 3752 1243 2770 
3 1243 5590 94 
3 2770 1243 9392 
3 1243 94 9392 
3 8769 7495 4681 
3 7495 8769 2770 
3 3752 8769 4681 
3 8769 3752 2770 
3 980 3328 6551 
3 3328 980 963 
3 2322 2211 7678 
3 2322 4283 2211 
3 1353 3139 8488 
3 6462 3139 1353 
3 8058 637 5032 
3 1353 8058 5032 
3 8058 1353 9939 
3 1178 4926 6690 
3 4926 8988 6690 
3 8988 4926 1178 
3 1324 1819 5957 
3 590 1324 5957 
3 1324 590 4025 
3 292 5148 1168 
3 8989 5148 4025 
3 1168 5148 8989 
3 4646 6586 5957 
3 6586 9141 5957 
3 9141 6586 4646 
3 9525 5937 4025 
3 8328 9525 4025 
3 9141 9525 5957 
3 0 9157 8345 
3 1238 0 8345 
3 9157 0 9347 
3 9347 3627 5583 
3 3627 1238 5583 
3 0 3627 9347 
3 3627 0 1238 
3 9916 3538 6128 
3 7028 9916 6128 
3 5701 8477 5387 
3 4767 8333 6594 
3 1354 9606 6297 
3 9606 3437 6297 
3 9606 1354 5387 
3 8477 9606 5387 
3 3437 9606 8477 
3 7158 107 4120 
3 107 7158 2791 
3 4120 107 7864 
3 107 7970 7864 
3 107 2791 7970 
3 3023 8503 9186 
3 8503 270 9186 
3 540 8503 3023 
3 270 8503 7337 
3 4979 3010 8327 
3 3010 2377 8327 
3 2377 3010 4979 
3 2365 3117 8954 
3 3117 2365 3555 
3 6153 2365 1111 
3 3555 2365 6153 
3 1593 6008 9530 
3 9530 6008 7379 
3 6008 3482 3334 
3 6008 8954 3482 
3 6008 1593 8954 
3 3269 2711 7118 
3 2711 3269 8861 
3 5677 2851 9445 
3 2851 2959 9445 
3 2959 2851 3262 
3 2613 3417 9564 
3 1450 8180 7223 
3 1450 2475 8180 
3 2769 1450 7223 
3 9309 1450 3334 
3 2475 1450 9309 
3 3334 1450 7379 
3 1450 2769 7379 
3 3727 5191 7429 
3 246 908 9543 
3 5782 246 9543 
3 246 5782 9150 
3 706 246 7935 
3 246 706 908 
3 5191 706 595 
3 908 706 5634 
3 5064 2219 8780 
3 2219 8316 5634 
3 8780 2219 5634 
3 5748 5064 8780 
3 5748 7285 10 
3 7285 5748 8780 
3 5064 5748 7399 
3 5748 238 7399 
3 7089 5748 10 
3 238 5748 7089 
3 8536 8124 2836 
3 3000 8536 2836 
3 8536 3000 8124 
3 8124 5464 2836 
3 8952 5464 8124 
3 5464 762 2836 
3 762 5464 8114 
3 5464 3609 476 
3 4744 5464 476 
3 8114 5464 2053 
3 5464 4744 2053 
3 5464 4108 3609 
3 4108 5464 8952 
3 9593 7323 6502 
3 7323 9593 2415 
3 9593 6502 6520 
3 2415 9593 6520 
3 954 3000 9791 
3 954 9791 7052 
3 7323 954 7052 
3 954 7323 3581 
3 954 3581 1970 
3 8124 954 1970 
3 3000 954 8124 
3 577 9594 4888 
3 4537 577 4888 
3 577 4537 5591 
3 4537 9750 5591 
3 9750 7321 5591 
3 7321 9750 3637 
3 4108 7489 3609 
3 7489 4108 7852 
3 1340 8223 9594 
3 5411 8223 8530 
3 8223 1340 8530 
3 7321 9315 5591 
3 6097 9315 7321 
3 5819 187 3391 
3 2722 5819 3391 
3 187 5819 7673 
3 5819 2722 7673 
3 3889 190 2875 
3 9824 190 3889 
3 4229 7465 5305 
3 5018 4229 5305 
3 6803 8754 331 
3 4454 6803 331 
3 6803 4454 8754 
3 5189 7021 1816 
3 4454 7021 5189 
3 7021 331 1816 
3 7021 4454 331 
3 7825 6782 1306 
3 7825 829 6782 
3 7825 1306 7346 
3 829 7825 7346 
3 4786 1004 2311 
3 1004 4786 9663 
3 4786 9876 9663 
3 4786 829 9876 
3 8626 1619 5755 
3 7645 1619 2854 
3 1619 8626 2854 
3 1619 2693 5755 
3 2306 2693 7645 
3 2693 1619 7645 
3 4754 2306 1003 
3 4849 4679 3785 
3 7077 4849 1003 
3 7077 4679 4849 
3 3877 676 7688 
3 5278 3384 1395 
3 1173 3696 1395 
3 5232 1955 6150 
3 2013 1955 5232 
3 1955 4074 6150 
3 4074 1955 2749 
3 4843 3706 4048 
3 327 3706 4843 
3 3706 1175 4048 
3 3706 327 1175 
3 3065 2540 5412 
3 327 2540 3065 
3 2540 5468 5412 
3 5468 2540 327 
3 9133 8991 7526 
3 8991 1446 7526 
3 8991 9133 3475 
3 8991 3475 252 
3 8991 2397 1446 
3 4744 2397 252 
3 2397 8991 252 
3 377 2711 2381 
3 3655 377 2381 
3 377 3655 2711 
3 2612 3927 2129 
3 6767 2612 2129 
3 2612 6767 6500 
3 8935 3184 5199 
3 4061 8035 476 
3 4061 8852 8035 
3 7321 8252 476 
3 8252 7321 3637 
3 8852 8252 3637 
3 8252 4061 476 
3 4061 8252 8852 
3 6176 3927 3104 
3 6176 700 3927 
3 6176 3104 8833 
3 700 6176 8833 
3 255 5046 1999 
3 700 255 1999 
3 255 172 5046 
3 255 700 172 
3 8447 3570 172 
3 3570 8447 3675 
3 9230 7735 3675 
3 9230 4193 8035 
3 7735 9230 8035 
3 8852 5517 8035 
3 5517 7735 8035 
3 7735 5517 4822 
3 5517 3637 4822 
3 5517 8852 3637 
3 8595 7242 6550 
3 7242 8595 1957 
3 7242 2973 6550 
3 7242 1957 2973 
3 4392 6243 7961 
3 6243 4392 6894 
3 1563 4392 7961 
3 4392 1563 6894 
3 1563 6555 1042 
3 7415 5293 6526 
3 5293 9633 6526 
3 9633 5293 8670 
3 5293 644 8670 
3 5293 7415 644 
3 3992 8965 1042 
3 6555 3992 1042 
3 3992 1563 7961 
3 3992 6555 1563 
3 8965 2200 258 
3 644 2200 7961 
3 258 2200 644 
3 938 317 3681 
3 317 938 8634 
3 8634 938 5755 
3 938 9400 5101 
3 938 8626 5755 
3 938 5101 8626 
3 9400 7412 5101 
3 6173 1283 2458 
3 762 528 2836 
3 5594 528 762 
3 8493 528 6173 
3 528 8493 2836 
3 528 1283 6173 
3 1440 1243 3752 
3 1542 1440 4681 
3 1440 3752 4681 
3 43 1241 6551 
3 1241 980 6551 
3 980 1241 963 
3 963 1241 3662 
3 1241 43 3662 
3 5190 9298 5056 
3 5056 9298 7678 
3 9298 2322 7678 
3 9298 5190 2647 
3 4283 9298 2647 
3 2322 9298 4283 
3 4536 6462 8488 
3 3139 4536 8488 
3 4536 3139 6462 
3 637 4693 9939 
3 4693 8058 9939 
3 8058 4693 637 
3 5210 292 1819 
3 1324 5210 1819 
3 5210 5148 292 
3 5210 1324 4025 
3 5148 5210 4025 
3 4431 7389 4646 
3 4431 4560 5937 
3 4560 4431 4646 
3 9525 4431 5937 
3 4431 9525 7389 
3 88 9141 4646 
3 7389 88 4646 
3 88 9525 9141 
3 9525 88 7389 
3 9525 9399 5957 
3 9399 9525 8328 
3 9399 590 5957 
3 590 9399 8328 
3 1616 7028 8477 
3 5701 1616 8477 
3 3538 1959 5387 
3 1959 5701 5387 
3 1959 1616 5701 
3 1616 1959 7028 
3 1209 431 1337 
3 663 1209 1337 
3 1209 663 6594 
3 8333 1209 6594 
3 431 7120 4767 
3 7120 8333 4767 
3 8333 7120 431 
3 8448 540 7337 
3 8503 8448 7337 
3 8448 8503 540 
3 2363 1593 1111 
3 2365 2363 1111 
3 1593 2363 8954 
3 2363 2365 8954 
3 7062 3334 7379 
3 6008 7062 7379 
3 7062 6008 3334 
3 8924 2851 5677 
3 2613 9110 3417 
3 9110 2613 5677 
3 6728 3723 595 
3 3723 6728 9150 
3 6728 246 9150 
3 706 6728 595 
3 6728 706 7935 
3 706 4785 5634 
3 4785 706 5191 
3 3727 4785 5191 
3 4785 7429 5634 
3 4785 3727 7429 
3 8316 7470 4645 
3 2219 7470 8316 
3 4645 7470 5397 
3 7470 2219 5064 
3 2870 8952 1585 
3 2870 4108 8952 
3 7852 2870 1585 
3 4108 2870 7852 
3 3666 6097 8530 
3 1322 3666 8530 
3 3666 1322 1273 
3 577 9434 9594 
3 9434 577 5591 
3 9750 7380 3637 
3 7380 9750 4537 
3 4102 7489 7852 
3 4102 1585 1686 
3 4102 7852 1585 
3 1961 8223 5411 
3 1961 5411 3609 
3 7489 1961 3609 
3 4102 1961 7489 
3 9594 7414 1686 
3 7414 4102 1686 
3 7414 1961 4102 
3 7107 9315 6097 
3 9315 7107 5591 
3 7107 9434 5591 
3 9434 7107 1273 
3 1578 8661 7673 
3 2356 4443 1578 
3 4443 8661 1578 
3 2583 4443 792 
3 4443 2356 792 
3 4443 2583 108 
3 7673 4443 108 
3 8661 4443 7673 
3 8559 5018 5050 
3 8559 5050 2875 
3 190 8559 2875 
3 8559 4229 5018 
3 4229 8559 7465 
3 8559 9824 7465 
3 8559 190 9824 
3 3394 549 2311 
3 549 4786 2311 
3 549 3394 5121 
3 4754 8403 2306 
3 8403 2693 2306 
3 8403 8634 5755 
3 2693 8403 5755 
3 7075 9890 6519 
3 9890 7075 3785 
3 4679 9890 3785 
3 6519 1408 7645 
3 2306 1408 1003 
3 1408 7077 1003 
3 7077 1408 4679 
3 9890 1408 6519 
3 1408 9890 4679 
3 7688 6110 5689 
3 676 6110 7688 
3 3765 6110 4298 
3 8092 3696 1173 
3 6391 5253 3877 
3 6850 6102 1395 
3 8790 6850 1395 
3 6850 8790 6102 
3 730 6391 6102 
3 8790 730 6102 
3 730 8790 1395 
3 2934 2013 2749 
3 1955 2934 2749 
3 2934 1955 2013 
3 1175 1584 4843 
3 1584 7483 4843 
3 5996 3939 4843 
3 7483 5996 4843 
3 5996 6655 3939 
3 3939 6799 2741 
3 6655 6799 3939 
3 2741 6799 7161 
3 6799 6655 7161 
3 6655 27 7161 
3 27 1973 7161 
3 1446 27 1175 
3 2397 27 1446 
3 2220 1584 1175 
3 1584 2220 7483 
3 6521 324 4744 
3 324 2397 4744 
3 324 6521 2594 
3 27 324 1973 
3 324 27 2397 
3 324 5199 1973 
3 5199 324 8833 
3 324 4065 8833 
3 4065 324 2594 
3 4193 5884 1842 
3 925 5884 4193 
3 5884 6521 1842 
3 1728 9230 3675 
3 3927 5611 6500 
3 5611 2612 6500 
3 2612 5611 3927 
3 9127 4816 5199 
3 4816 8935 5199 
3 8935 4816 9127 
3 3184 9404 3104 
3 8935 9404 3184 
3 9404 9127 3104 
3 9404 8935 9127 
3 293 9760 6500 
3 9760 293 3184 
3 2856 293 6500 
3 5560 2129 1973 
3 8447 9938 3675 
3 9938 1728 3675 
3 3992 6632 8965 
3 6632 2200 8965 
3 6632 3992 7961 
3 2200 6632 7961 
3 9264 4584 8016 
3 9400 4584 9264 
3 7412 3140 5101 
3 75 3140 7015 
3 3140 7412 9400 
3 8906 6058 3254 
3 9861 528 5594 
3 528 9861 1283 
3 9861 5594 6058 
3 8906 9861 6058 
3 9861 8906 3254 
3 2458 9861 3254 
3 1283 9861 2458 
3 2484 1440 1542 
3 1440 2484 1243 
3 2484 1542 1782 
3 1243 2484 1782 
3 9916 8748 3538 
3 8748 1959 3538 
3 8748 9916 7028 
3 1959 8748 7028 
3 451 8333 431 
3 1209 451 431 
3 451 1209 8333 
3 424 2613 9564 
3 948 424 9564 
3 2613 424 5677 
3 246 3816 7935 
3 3816 6728 7935 
3 6728 3816 246 
3 7470 1211 5397 
3 1211 7089 5397 
3 7089 1211 4780 
3 1211 5064 4780 
3 1211 7470 5064 
3 1340 2078 8530 
3 2078 1322 8530 
3 1322 2078 1340 
3 8506 1273 6097 
3 3666 8506 6097 
3 8506 3666 1273 
3 5374 9434 1273 
3 8065 4537 4888 
3 8065 7380 4537 
3 8065 4888 3637 
3 7380 8065 3637 
3 1961 3333 8223 
3 7414 3333 1961 
3 8223 3333 9594 
3 3333 7414 9594 
3 1273 2141 6097 
3 2141 7107 6097 
3 7107 2141 1273 
3 6782 5569 5121 
3 5569 549 5121 
3 4626 4754 1003 
3 4626 2329 4754 
3 4626 1003 3785 
3 2807 4626 3785 
3 4626 2807 480 
3 8195 6497 8634 
3 8403 8195 8634 
3 8195 8403 4754 
3 2329 8195 4754 
3 3372 2306 7645 
3 1408 3372 7645 
3 3372 1408 2306 
3 6956 265 676 
3 265 6956 4298 
3 1173 6956 3877 
3 6956 676 3877 
3 6956 3765 4298 
3 6956 3384 3765 
3 6956 1173 1395 
3 3384 6956 1395 
3 265 2007 676 
3 2007 6110 676 
3 2007 265 4298 
3 6110 2007 4298 
3 3696 3325 1395 
3 3325 5253 6391 
3 3325 730 1395 
3 730 3325 6391 
3 5253 1131 3877 
3 1131 1173 3877 
3 1131 8092 1173 
3 2220 5447 7483 
3 5447 5996 7483 
3 5996 5447 6655 
3 5447 2220 1175 
3 27 5447 1175 
3 5447 27 6655 
3 5884 1577 6521 
3 6521 1577 172 
3 1577 8447 172 
3 8447 1577 925 
3 1577 5884 925 
3 3002 3184 6500 
3 9760 3002 6500 
3 3002 9760 3184 
3 4878 5560 1973 
3 5871 8447 925 
3 5871 9938 8447 
3 5871 925 4193 
3 9938 5871 1728 
3 938 8509 9400 
3 8509 4584 9400 
3 4584 8509 938 
3 8003 4584 938 
3 8003 938 3681 
3 8003 3681 2789 
3 5776 8003 2789 
3 8003 5776 4091 
3 3140 7186 5101 
3 7186 3140 75 
3 7186 6058 5101 
3 7186 75 4036 
3 7186 4036 2744 
3 6058 7186 2744 
3 7015 1994 434 
3 3140 1994 7015 
3 1994 9400 434 
3 1994 3140 9400 
3 2825 8924 5677 
3 424 2825 5677 
3 2851 2825 3262 
3 8924 2825 2851 
3 2825 66 3262 
3 66 2825 948 
3 2825 424 948 
3 9434 8465 9594 
3 5374 8465 9434 
3 1322 8465 1273 
3 8465 5374 1273 
3 2611 5569 6782 
3 829 2611 6782 
3 549 7731 4786 
3 5569 7731 549 
3 2611 7731 5569 
3 4786 7731 829 
3 7731 2611 829 
3 8195 6846 6497 
3 6846 8195 2329 
3 6497 6846 2789 
3 4626 6846 2329 
3 2789 6846 480 
3 6846 4626 480 
3 4485 3325 3696 
3 3325 4485 5253 
3 8092 4485 3696 
3 1131 4489 8092 
3 4489 1131 5253 
3 4489 4485 8092 
3 4485 4489 5253 
3 1026 2764 2856 
3 6767 1026 6500 
3 1026 2856 6500 
3 2764 1026 1431 
3 1026 6767 2129 
3 1431 1026 2129 
3 2856 1914 293 
3 2764 1914 2856 
3 1914 4878 1973 
3 5199 1914 1973 
3 3184 1914 5199 
3 293 1914 3184 
3 4878 6015 5560 
3 6015 1431 2129 
3 5560 6015 2129 
3 1869 5871 4193 
3 5871 1869 1728 
3 9230 1869 4193 
3 1728 1869 9230 
3 3544 8003 4091 
3 8003 3544 4584 
3 3544 4091 8016 
3 4584 3544 8016 
3 8465 8445 9594 
3 8445 8465 1322 
3 8445 1340 9594 
3 8445 1322 1340 
3 4878 6646 2764 
3 6646 1914 2764 
3 1914 6646 4878 
3 9793 6015 4878 
3 9793 2764 1431 
3 6015 9793 1431 
3 7676 4878 2764 
3 9793 7676 2764 
3 7676 9793 4878 
3 7235 1664 6926 
3 7235 9518 946 
3 1855 7235 4017 
3 4062 7235 946 
3 6026 7235 3032 
3 7235 2450 4017 
3 6672 7235 4062 
3 7235 8523 3032 
3 7235 6672 2450 
3 7235 6026 9518 
3 7235 2398 1664 
3 7235 1855 4286 
3 8523 7235 5644 
3 2398 7235 4286 
3 3410 5334 5719 
3 3410 7595 3799 
3 3410 5762 5791 
3 3410 960 297 
3 3410 7608 2802 
3 536 3410 1717 
3 1992 3410 227 
3 8725 3410 5719 
3 8896 3410 297 
3 3410 536 227 
3 3410 8725 1717 
3 4289 3410 3799 
3 5089 3410 5791 
3 7595 3410 8896 
3 957 3410 2360 
3 5150 3410 7138 
3 3410 8778 5334 
3 5762 3410 2802 
3 5845 3410 4289 
3 3410 5089 2360 
3 960 3410 5150 
3 7608 3410 5845 
3 8778 3410 957 
3 9133 8647 4580 
3 2277 9133 4580 
3 9133 4047 8644 
3 9133 2766 2202 
3 3844 9133 3695 
3 9133 8484 3695 
3 9133 2277 4664 
3 9600 9133 9483 
3 8484 9133 2202 
3 2784 9133 4664 
3 9133 775 5039 
3 4047 9133 9600 
3 9133 3844 9483 
3 9262 9133 8644 
3 9133 6327 5175 
3 2766 9133 5175 
3 9133 9262 904 
3 8183 9133 904 
3 6327 9133 2784 
3 775 9133 8183 
3 3475 9133 5039 
3 9039 9133 7526 
3 9133 9039 8647 
3 9110 2959 1650 
3 3655 9110 2679 
3 8141 9110 1650 
3 2679 9110 7118 
3 3417 9110 1487 
3 9110 3655 1142 
3 5406 9110 1142 
3 8861 9110 8141 
3 9110 6161 1487 
3 2959 9110 9445 
3 9110 5677 9445 
3 6161 9110 5406 
3 9110 3269 7118 
3 3269 9110 8861 
3 6110 3384 5278 
3 6110 5278 5689 
3 3384 6110 3765 
Vertices and facets:
- p7601(v29): -0.054 -0.017 -0.019
  neighbors: f2119 f1521 f2802 f121 f603 f2592 f441 f775 f1002 f1237 f1520 f2118 f2800 f3381 f4027 f4028
- p1057(v28): -0.052 -0.017 -0.018
  neighbors: f1432 f537 f121 f926 f225 f1504 f925 f932 f1431 f1503 f2802 f2803
- p946(v15): -0.053 -0.017 -0.017
  neighbors: f225 f121 f441 f782 f1843 f1845 f5087 f5089
- p4062(v51): -0.052 -0.017 -0.017
  neighbors: f225 f925 f5089 f5092
- p9340(v79): -0.054 -0.019 0.023
  neighbors: f665 f372 f365 f370 f1109 f1110
- p297(v74): -0.054 -0.018 0.019
  neighbors: f665 f365 f624 f2203 f5105 f5110
- p7007(v23): -0.054 -0.018 0.019
  neighbors: f372 f1842 f365 f371 f624 f623 f1841 f2165 f2166
- p4417(v80): -0.054 -0.018 0.021
  neighbors: f372 f371 f370 f703 f1741 f1743
- p8573(v44): -0.054 -0.02 0.023
  neighbors: f370 f706 f703 f1110 f1112
- p5493(v8): -0.053 -0.017  0.02
  neighbors: f371 f1841 f1840 f1744 f1743 f710 f1701 f2401 f2403
- p3556(v81): -0.054 -0.021 0.024
  neighbors: f1112 f378 f708 f376 f706 f1111 f1113 f1115
- p4671(v76): -0.054 -0.024 0.026
  neighbors: f662 f1533 f378 f376 f661 f1012 f1052 f2953 f2956
- p2916(v43): -0.054 -0.022 0.025
  neighbors: f376 f662 f670 f1113 f1114
- p3799(v41): -0.054 -0.024 0.024
  neighbors: f1012 f378 f1111 f5103 f5113
- p3282(v93): -0.053 -0.017 -0.011
  neighbors: f441 f1234 f775 f782 f1254 f1249 f1831 f1833
- p678(v98): -0.054 -0.052 -0.022
  neighbors: f469 f812 f814
- p5334(v56): -0.054 -0.053 -0.02
  neighbors: f474 f469 f814 f813 f2922 f5102 f5118
- p5719(v19): -0.054 -0.051 -0.023
  neighbors: f901 f812 f469 f903 f907 f5102 f5109
- p6878(v99): -0.054 -0.054 -0.02
  neighbors: f1935 f1981 f474 f2704 f1938 f1934 f2185 f2703 f2922 f2923
- p7604(v10): -0.053 -0.054 -0.022
  neighbors: f1343 f2023 f1947 f1342 f474 f813 f906 f1951 f1982 f1949 f1348 f1946 f1346 f1981 f2021 f2695 f2696
- p1782(v103): -0.03 -0.047 -0.026
  neighbors: f498 f1328 f1358 f4110 f4873 f4874
- p2616(v60): -0.048 -0.036 -0.03
  neighbors: f857 f505 f498 f912 f1329 f853 f863 f911 f1328 f1333 f1334
- p8644(v17): -0.026 -0.047 -0.026
  neighbors: f949 f505 f1446 f1368 f740 f498 f1779 f1367 f1358 f2513 f5129 f5140
- p4376(v104): -0.045 -0.036 -0.03
  neighbors: f505 f857 f949 f2083 f2085
- p2450(v111): -0.037 -0.017 -0.018
  neighbors: f537 f538 f926 f5091 f5094
- p4567(v37): -0.027 -0.017 -0.018
  neighbors: f538 f537 f1272 f1274 f932 f1271 f1273 f1429 f1430
- p4017(v64): -0.028 -0.017 -0.018
  neighbors: f538 f1271 f5088 f5091
- p9773(v123): -0.054 -0.018 -0.015
  neighbors: f604 f1513 f603 f1002 f2168 f2907 f2908
- p7864(v7): -0.054 -0.018 -0.02
  neighbors: f2201 f1517 f889 f2200 f604 f603 f2121 f2118 f4188 f4189
- p4120(v53): -0.054 -0.018 -0.015
  neighbors: f604 f3591 f1513 f4186 f4188
- p8709(v127): -0.054 -0.018 0.017
  neighbors: f623 f624 f2204 f1025 f1549 f2203 f2209 f2928 f2929
- p6770(v71): -0.054 -0.018 0.017
  neighbors: f2158 f1025 f2199 f623 f2192 f2165 f2198 f2191 f2900 f2901
- p8397(v134): -0.054 -0.023 0.026
  neighbors: f671 f662 f661 f670 f1106 f1107
- p2303(v5): -0.054 -0.024 0.026
  neighbors: f661 f1052 f1106 f1664 f2342 f2343
- p8896(v135): -0.054 -0.019 0.022
  neighbors: f665 f1109 f5110 f5115
- p7802(v136): -0.053 -0.021 0.025
  neighbors: f671 f708 f707 f1115 f670 f1114 f1612 f2263 f2264
- p7629(v78): -0.053 -0.022 0.025
  neighbors: f1107 f1103 f1613 f671 f2253 f2252 f1612 f2270 f2999 f3000
- p6520(v137): -0.053 -0.051 0.023
  neighbors: f672 f1294 f1292 f1931 f2356 f3111 f1117 f2363 f1930 f3108 f4277 f4278
- p2744(v62): -0.051 -0.052 0.022
  neighbors: f672 f2008 f1294 f1369 f4099 f5005 f5006
- p9856(v9): -0.051 -0.051 0.023
  neighbors: f1369 f672 f1117 f1375 f2731 f3481 f3482
- p5189(v139): -0.027 -0.019 0.024
  neighbors: f684 f1726 f2427 f1035 f1725 f1163 f3823 f3178 f2426 f3822 f3831 f4345 f4346
- p8143(v83): -0.026 -0.018 0.022
  neighbors: f1564 f684 f2379 f2052 f1212 f1563 f1726 f2051 f2633 f2634
- p5402(v14): -0.026 -0.02 0.024
  neighbors: f684 f1035 f1563 f1647 f1648
- p4800(v142): -0.053 -0.019 0.024
  neighbors: f708 f703 f1153 f707 f706 f1174 f1741 f1742
- p2875(v24): -0.053 -0.02 0.024
  neighbors: f1594 f707 f1593 f2265 f1153 f2263 f4333 f4702 f4703
- p2967(v143): -0.051 -0.017 0.019
  neighbors: f1866 f710 f3805 f1875 f2403 f3394 f3393 f3804 f3810 f3811
- p4568(v94): -0.053 -0.017 0.018
  neighbors: f1840 f1850 f2589 f1250 f1865 f710 f1856 f1867 f1245 f2588 f1854 f1864 f1866 f2599 f2601
- p4324(v146): -0.029 -0.053 0.019
  neighbors: f724 f725 f2473 f3206 f3209
- p2854(v49): -0.027 -0.053 0.019
  neighbors: f724 f3206 f3892 f742 f3236 f3854 f3853 f3890 f4364 f4365
- p3521(v4): -0.03 -0.054 -0.018
  neighbors: f725 f1792 f1209 f1791 f742 f724 f841 f1314 f1313 f2682 f2684
- p6536(v89): -0.043 -0.053 0.018
  neighbors: f725 f2473 f2684 f2686
- p3046(v149): -0.026 -0.05 -0.024
  neighbors: f1201 f740 f1365 f1367
- p1395(v90): -0.026 -0.052 -0.022
  neighbors: f3249 f740 f1201 f3253 f1779 f2484 f4761 f4944 f4943 f4398 f4403 f4760 f4765 f4950 f4952
- p7327(v150): -0.028 -0.054 -0.02
  neighbors: f742 f1770 f1793 f1791 f3892 f3893
- p3940(v156): -0.053 -0.017 -0.0021
  neighbors: f775 f1234 f2585 f3377 f4027 f4029
- p4231(v158): -0.053 -0.017 -0.011
  neighbors: f782 f1249 f1846 f2607 f1857 f1845 f2604 f2603 f3382 f3384
- p6137(v163): -0.027 -0.017 0.018
  neighbors: f2615 f805 f2613 f1860 f808 f1284 f2644 f3407 f3408
- p2073(v97): -0.027 -0.017 0.019
  neighbors: f2386 f2620 f805 f2384 f1685 f2615 f3388 f3389
- p2908(v26): -0.026 -0.017  0.02
  neighbors: f2382 f2381 f805 f1685 f2644 f2647
- p1664(v96): -0.027 -0.017 0.016
  neighbors: f808 f1284 f1905 f5086 f5096
- p6926(v55): -0.028 -0.017 0.018
  neighbors: f808 f1860 f2610 f5086
- p1474(v164): -0.054 -0.053 -0.022
  neighbors: f814 f812 f813 f906 f907
- p2460(v170): -0.031 -0.054 -0.02
  neighbors: f1209 f841 f1975 f1977
- p4973(v169): -0.043 -0.054 -0.02
  neighbors: f1315 f1314 f841 f1977 f1978
- p94(v173): -0.047 -0.047 -0.026
  neighbors: f853 f1329 f4112 f4114
- p9392(v33): -0.051 -0.048 -0.026
  neighbors: f1339 f863 f853 f1986 f4113 f4114
- p2122(v174): -0.047 -0.036 -0.03
  neighbors: f1334 f857 f2085 f2086
- p7700(v175): -0.052 -0.047 -0.026
  neighbors: f912 f863 f910 f1339 f1340
- p5367(v181): -0.054 -0.018 -0.018
  neighbors: f889 f890 f2200 f2930 f2197 f3601 f3603
- p227(v108): -0.054 -0.018 -0.021
  neighbors: f890 f889 f1551 f2120 f2121 f5108 f5111
- p4134(v40): -0.054 -0.018 -0.014
  neighbors: f2205 f890 f1551 f2927 f3601 f3602
- p8725(v183): -0.054 -0.024 -0.025
  neighbors: f901 f902 f5109 f5112
- p6695(v109): -0.054 -0.022 -0.026
  neighbors: f1411 f902 f1387 f1386 f901 f903 f1409 f1390 f2034 f2036
- p1717(v63): -0.054 -0.021 -0.025
  neighbors: f902 f1408 f1409 f5107 f5112
- p3319(v184): -0.054 -0.05 -0.024
  neighbors: f903 f907 f906 f1387 f2021 f2022
- p3062(v185): -0.049 -0.036 -0.03
  neighbors: f912 f1391 f910 f911 f2741 f2740 f2736 f2743 f2744
- p2452(v61): -0.053 -0.049 -0.025
  neighbors: f1342 f1340 f910 f1391 f1386 f1390 f2023 f2024
- p2485(v6): -0.049 -0.035 -0.03
  neighbors: f911 f1400 f1335 f1333 f1399 f2736 f2738
- p5472(v186): -0.049 -0.025 -0.03
  neighbors: f1405 f2750 f1411 f3486 f919 f1400 f1404 f1410 f2749 f2738 f2034 f3491 f3493
- p5732(v115): -0.045 -0.025 -0.03
  neighbors: f940 f919 f982 f980 f1405 f1407
- p5667(v66): -0.047 -0.025 -0.03
  neighbors: f919 f940 f2749 f2751
- p6672(v188): -0.049 -0.017 -0.018
  neighbors: f925 f926 f5092 f5094
- p9206(v190): -0.027 -0.017 -0.019
  neighbors: f932 f1430 f1432
- p9763(v191): -0.03 -0.017 -0.02
  neighbors: f935 f936 f3532 f2070 f2789 f3531 f3551 f3552
- p9647(v113): -0.027 -0.017 -0.019
  neighbors: f1431 f936 f1503 f1429 f935 f983 f1273 f1889 f1888 f3526 f3527
- p3973(v65): -0.031 -0.017 -0.019
  neighbors: f983 f935 f2780 f2068 f2811 f2779 f3549 f3551
- p5032(v112): -0.026 -0.017 -0.02
  neighbors: f2637 f1428 f1505 f2070 f2880 f1427 f936 f3535 f2878 f2783 f1888 f2636 f4132 f4134
- p3107(v192): -0.048 -0.032 -0.03
  neighbors: f982 f940 f2815 f2752 f2092 f981 f2819 f2038 f2751 f2091 f2817 f2891 f2893
- p9733(v194): -0.026 -0.046 -0.026
  neighbors: f949 f1447 f1446 f1449 f2083 f2084
- p208(v199): -0.026 -0.023 -0.026
  neighbors: f1495 f1490 f1493 f976 f1497 f1499
- p5062(v119): -0.044 -0.024 -0.03
  neighbors: f976 f980 f1490 f2137 f1407 f1406 f2136 f979 f1488 f1484 f2857 f2143 f2856 f2883 f2884
- p1926(v38): -0.045 -0.026 -0.03
  neighbors: f979 f1499 f976 f981 f2889 f2891
- p944(v200): -0.045 -0.025 -0.03
  neighbors: f979 f980 f981 f982
- p8560(v201): -0.033 -0.017 -0.019
  neighbors: f983 f2068 f3523 f3526
- p8196(v205): -0.054 -0.017 -0.015
  neighbors: f1002 f1521 f1526 f2168 f2169
- p4289(v207): -0.054 -0.025 0.025
  neighbors: f1012 f1533 f2174 f5113 f5120
- p1154(v208): -0.054 -0.052 0.021
  neighbors: f1015 f2181 f1933 f2184 f2180 f1932 f2190 f2189 f2919 f2920
- p5791(v73): -0.054 -0.051 0.022
  neighbors: f1528 f1015 f2171 f2189 f5104 f5114
- p1072(v16): -0.054 -0.051 0.022
  neighbors: f1682 f1528 f1015 f2180 f3113 f3114
- p4312(v210): -0.054 -0.018 0.013
  neighbors: f2191 f1025 f2925 f2928
- p5423(v212): -0.027 -0.02 0.024
  neighbors: f2426 f1596 f1035 f1647 f2425 f3051 f3052
- p7108(v215): -0.054 -0.025 0.026
  neighbors: f2961 f2954 f1052 f1664 f2953 f3629 f3636 f3637
- p3628(v223): -0.053 -0.024 0.026
  neighbors: f1107 f1577 f2339 f1101 f2337 f1103 f1106 f2342 f2344
- p10(v222): -0.052 -0.022 0.026
  neighbors: f1103 f3713 f1101 f3078 f2252 f2329 f4252 f4256
- p595(v133): -0.051 -0.024 0.026
  neighbors: f1101 f3083 f2329 f2339 f3688 f4242 f4633 f4636
- p7595(v224): -0.054 -0.021 0.023
  neighbors: f1109 f1110 f1111 f1112 f5103 f5115
- p720(v225): -0.054 -0.021 0.025
  neighbors: f1113 f1114 f1115
- p6502(v226): -0.051 -0.051 0.023
  neighbors: f3744 f1117 f2732 f2731 f4275 f4277
- p8484(v229): -0.026 -0.019 -0.023
  neighbors: f1133 f1428 f1424 f2880 f2881 f5132 f5135
- p2202(v140): -0.026 -0.018 -0.02
  neighbors: f1133 f2395 f5130 f5135
- p2399(v86): -0.026 -0.018 -0.02
  neighbors: f1424 f3498 f1133 f1697 f3497 f2396 f2395 f3502 f3503
- p3889(v233): -0.052 -0.019 0.024
  neighbors: f1174 f1153 f3175 f3191 f3190 f3174 f3817 f4333 f4334
- p7346(v235): -0.029 -0.019 0.023
  neighbors: f1163 f2436 f1725 f3841 f4351 f4352
- p1816(v88): -0.03 -0.019 0.023
  neighbors: f2437 f1163 f2430 f2436 f4345 f4347
- p4821(v236): -0.053 -0.018 0.022
  neighbors: f2450 f1745 f3191 f3189 f1742 f1174 f1733 f3192 f3196
- p7938(v241): -0.029 -0.054 -0.021
  neighbors: f1967 f1201 f1365 f1209 f1204 f1205 f1793 f1792 f1770 f1321 f1364 f1976 f1965 f1975 f2484 f2485
- p2312(v168): -0.037 -0.054 -0.022
  neighbors: f1205 f1308 f1204 f1952 f1950 f1953 f2691 f2692
- p4732(v32): -0.031 -0.054 -0.022
  neighbors: f1351 f1349 f1204 f1308 f1364 f1948 f1348 f1363 f1946 f1994 f1995
- p8687(v101): -0.039 -0.054 -0.022
  neighbors: f1205 f1966 f1965 f1953 f2697 f3448 f3449
- p8326(v242): -0.026 -0.02 0.024
  neighbors: f1564 f1562 f1212 f1795 f1797
- p4664(v46): -0.026 -0.019 0.021
  neighbors: f2051 f1795 f1212 f2391 f5133 f5136
- p9926(v246): -0.053 -0.017 0.0052
  neighbors: f1831 f1234 f2587 f2585 f3375 f3376
- p3528(v247): -0.054 -0.017 -0.0097
  neighbors: f1237 f2590 f2592
- p9373(v124): -0.054 -0.017 0.017
  neighbors: f1842 f2591 f1520 f2590 f1237 f2166 f2910 f2912
- p6026(v249): -0.053 -0.017 0.017
  neighbors: f1245 f1849 f1850 f5090 f5095
- p3032(v30): -0.052 -0.017 0.018
  neighbors: f1245 f1864 f5090 f5093
- p4386(v250): -0.053 -0.017 -0.01
  neighbors: f1249 f1254 f3384 f3385
- p466(v251): -0.053 -0.017 0.0048
  neighbors: f1250 f1833 f2608 f1254 f2584 f1854 f2582 f3383 f3385
- p4686(v52): -0.053 -0.017 0.013
  neighbors: f1250 f2588 f2587 f2582 f3373 f3375
- p1855(v255): -0.028 -0.017 -0.017
  neighbors: f1271 f1272 f5088 f5097
- p4286(v161): -0.027 -0.017 -0.014
  neighbors: f1272 f1274 f1285 f1906 f5097 f5099
- p6606(v256): -0.027 -0.017 -0.014
  neighbors: f1273 f1274 f1285 f1889 f3409 f4059 f4060
- p7445(v258): -0.027 -0.017 -0.00043
  neighbors: f1906 f1284 f1285 f1905 f3407 f3409
- p2789(v259): -0.052 -0.052  0.02
  neighbors: f1288 f1289 f4999 f4998 f3865 f3426 f3417 f5034 f5036
- p434(v165): -0.052 -0.052 0.021
  neighbors: f1302 f1289 f1288 f1293 f3436 f4090 f5007 f5009
- p8016(v35): -0.051 -0.052 0.021
  neighbors: f1302 f1288 f3418 f3417 f4843 f5070 f5071
- p480(v100): -0.053 -0.052  0.02
  neighbors: f1930 f1941 f1292 f1289 f1293 f4926 f5036 f5037
- p4036(v260): -0.052 -0.052 0.022
  neighbors: f1292 f1293 f1294 f4095 f3436 f5004 f5005
- p9264(v262): -0.05 -0.052 0.021
  neighbors: f1302 f4090 f4843 f4844
- p7928(v263): -0.037 -0.054 -0.022
  neighbors: f1308 f1948 f1947 f1949 f1950
- p5605(v265): -0.035 -0.054 -0.018
  neighbors: f1313 f1314 f1315
- p2814(v34): -0.051 -0.054 -0.018
  neighbors: f2682 f1315 f1313 f1978 f2681 f2701 f2702
- p6771(v267): -0.053 -0.054 -0.021
  neighbors: f1974 f1321 f1973 f1976 f1983
- p5143(v58): -0.031 -0.054 -0.022
  neighbors: f1970 f1321 f1967 f1972 f1973
- p5590(v268): -0.035 -0.047 -0.026
  neighbors: f1328 f1329 f4110 f4112
- p4983(v269): -0.048 -0.035 -0.03
  neighbors: f1333 f1334 f1335 f2086 f2816 f2820 f2821
- p442(v114): -0.048 -0.034 -0.03
  neighbors: f2039 f1335 f1399 f2038 f2815 f2816
- p3245(v270): -0.052 -0.049 -0.025
  neighbors: f1339 f1340 f1986 f1342 f1343 f1344 f3473 f2724 f3477 f3479
- p4982(v177): -0.051 -0.049 -0.025
  neighbors: f1344 f1343 f1346 f1347
- p2620(v106): -0.036 -0.049 -0.025
  neighbors: f1349 f1996 f1344 f1347 f1994 f1997 f2724 f3474 f3475
- p2581(v271): -0.051 -0.054 -0.022
  neighbors: f1346 f1347 f1348 f1349
- p881(v272): -0.03 -0.049 -0.025
  neighbors: f1996 f1351 f1995 f1997 f1999
- p5076(v178): -0.028 -0.049 -0.025
  neighbors: f1366 f1351 f1363 f1999 f2000
- p1542(v273): -0.027 -0.048 -0.025
  neighbors: f1368 f2000 f3462 f1358 f3467 f1366 f4556 f3465 f4871 f4873
- p6086(v274): -0.027 -0.05 -0.024
  neighbors: f1363 f1364 f1365 f1366 f1367 f1368
- p2458(v275): -0.05 -0.051 0.022
  neighbors: f1369 f2009 f1375 f2008 f4546 f4869 f4870
- p6173(v276): -0.041 -0.051 0.023
  neighbors: f4546 f1375 f3481 f4550 f4552
- p2299(v278): -0.053 -0.05 -0.024
  neighbors: f1386 f1387 f2022 f2024
- p158(v279): -0.053 -0.023 -0.026
  neighbors: f1390 f1391 f2030 f2037 f2036 f2740 f2742
- p8240(v281): -0.048 -0.026 -0.03
  neighbors: f1399 f1400 f2039 f2748 f2750
- p5508(v282): -0.047 -0.025 -0.03
  neighbors: f1404 f1405 f1406 f1407
- p7625(v21): -0.048 -0.024 -0.03
  neighbors: f1406 f1410 f1404 f2134 f2136
- p3835(v283): -0.054 -0.019 -0.024
  neighbors: f1408 f1409 f1410 f1411 f2134 f2117 f2861 f2862
- p536(v182): -0.054 -0.019 -0.023
  neighbors: f1408 f2117 f2120 f5107 f5111
- p5056(v286): -0.026 -0.018 -0.02
  neighbors: f1428 f1424 f2772 f1427 f3504 f3503 f3510 f3513 f3512 f4563 f4564
- p7678(v189): -0.026 -0.017 -0.02
  neighbors: f1427 f2754 f2638 f2043 f2753 f2637 f4123 f4564 f4565
- p7677(v287): -0.027 -0.017 -0.019
  neighbors: f1429 f1430 f1431 f1432
- p8488(v289): -0.051 -0.017 -0.02
  neighbors: f1443 f2786 f2790 f2798 f2810 f2809 f2797 f3528 f4129 f4569 f4570
- p2635(v121): -0.052 -0.017 -0.019
  neighbors: f1504 f1500 f1443 f2798 f2803
- p622(v120): -0.049 -0.017 -0.019
  neighbors: f1443 f1500 f2778 f2777 f2808 f2809
- p4047(v290): -0.026 -0.044 -0.026
  neighbors: f1445 f1446 f1447 f5129 f5138
- p9600(v193): -0.026 -0.034 -0.026
  neighbors: f1445 f2150 f2887 f2888 f5134 f5138
- p5911(v116): -0.026 -0.04 -0.026
  neighbors: f1447 f1449 f1445 f2888 f2892
- p5243(v291): -0.045 -0.034 -0.03
  neighbors: f2091 f1449 f2084 f2818 f2817 f2892 f2894
- p5937(v293): -0.028 -0.017 -0.021
  neighbors: f1459 f2095 f4155 f2830 f3557 f4581 f4583
- p2623(v196): -0.028 -0.018 -0.021
  neighbors: f2103 f2843 f2095 f1459 f2842 f2876 f2877
- p4025(v20): -0.027 -0.017 -0.02
  neighbors: f3543 f1459 f2878 f4156 f1505 f4142 f2877 f4145 f4155 f4578 f4579
- p6053(v297): -0.026 -0.02 -0.025
  neighbors: f1484 f1486 f2143 f2146
- p1510(v68): -0.026 -0.021 -0.025
  neighbors: f1488 f1486 f1484 f1491 f1494
- p3695(v11): -0.026 -0.019 -0.024
  neighbors: f1491 f1486 f2146 f2881 f2882 f5131 f5132
- p5753(v298): -0.026 -0.022 -0.025
  neighbors: f1488 f1490 f1494 f1495
- p3844(v299): -0.026 -0.022 -0.025
  neighbors: f1491 f1493 f1494 f1495 f5131 f5139
- p9483(v67): -0.026 -0.025 -0.026
  neighbors: f1493 f1497 f2150 f2151 f5134 f5139
- p9580(v300): -0.026 -0.028 -0.026
  neighbors: f1499 f1497 f2151 f2889 f2890
- p1823(v301): -0.049 -0.017 -0.019
  neighbors: f1500 f1504 f2778 f1503 f3525 f3527
- p8989(v302): -0.029 -0.017 -0.02
  neighbors: f1505 f3536 f3540 f2897 f3535 f3538 f4145 f4146
- p5140(v304): -0.054 -0.018 -0.012
  neighbors: f1513 f2909 f2907 f3591 f3592
- p7970(v305): -0.054 -0.018 -0.016
  neighbors: f1517 f2905 f4189 f4190
- p6108(v203): -0.054 -0.018 -0.012
  neighbors: f2201 f2195 f1517 f2905 f3593 f3594
- p4972(v306): -0.054 -0.017 -0.0099
  neighbors: f1520 f1521 f1526 f2912 f2913
- p4332(v307): -0.054 -0.017 -0.0073
  neighbors: f1526 f2169 f2911 f2913
- p9167(v308): -0.054 -0.049 0.024
  neighbors: f1683 f1528 f1530 f1682 f2171 f2172
- p1990(v227): -0.054 -0.049 0.025
  neighbors: f1683 f3110 f1530 f3109 f3105 f3368 f3369
- p2802(v206): -0.054 -0.046 0.025
  neighbors: f2915 f2172 f1530 f3369 f3370 f5106 f5119
- p9186(v309): -0.054 -0.027 0.025
  neighbors: f2956 f1533 f2174 f3600 f4191 f4192
- p5150(v313): -0.054 -0.018 0.016
  neighbors: f1549 f2204 f5117 f5122
- p7138(v211): -0.054 -0.018 0.0051
  neighbors: f1549 f2209 f2935 f5117
- p1992(v314): -0.054 -0.018 -0.014
  neighbors: f1551 f2205 f2936 f5108
- p748(v316): -0.026 -0.021 0.024
  neighbors: f1648 f1564 f1563 f1562 f2307 f2309
- p1415(v151): -0.026 -0.021 0.024
  neighbors: f1562 f1797 f1796 f2309 f3293 f3294
- p380(v318): -0.053 -0.025 0.026
  neighbors: f3036 f3033 f2227 f2345 f1577 f2223 f2344 f3625 f3626
- p9564(v77): -0.051 -0.024 0.026
  neighbors: f1663 f1577 f2338 f2337 f4220 f3036 f4882 f4883
- p1142(v319): -0.052 -0.044 0.026
  neighbors: f2943 f1582 f3966 f5157 f5158
- p5749(v213): -0.053 -0.045 0.026
  neighbors: f2226 f2965 f2567 f1582 f2241 f2944 f3343 f2566 f2568 f2943 f3341 f3627 f3628
- p2381(v45): -0.051 -0.045 0.026
  neighbors: f3665 f1582 f2566 f3966 f4447 f4448
- p631(v321): -0.05 -0.02 0.025
  neighbors: f1593 f1594 f2981 f2982
- p1111(v131): -0.052 -0.02 0.025
  neighbors: f3651 f2979 f2265 f2981 f1593 f4203 f4615 f4616
- p5050(v216): -0.042 -0.02 0.024
  neighbors: f2980 f2982 f1594 f3829 f2243 f4701 f4702
- p9998(v322): -0.031 -0.02 0.025
  neighbors: f1596 f1597 f2425 f2244 f2424 f2978 f3638 f3640
- p518(v75): -0.029 -0.021 0.025
  neighbors: f2284 f3053 f2990 f1597 f2283 f1596 f3051 f3641 f3642
- p6153(v217): -0.032 -0.02 0.025
  neighbors: f3639 f1597 f2979 f2991 f2990 f3638 f4203 f4204
- p1139(v325): -0.053 -0.021 0.025
  neighbors: f1612 f1613 f2264 f2266
- p7379(v220): -0.053 -0.021 0.025
  neighbors: f3026 f3001 f1613 f2266 f2999 f4207 f4229 f4228 f4619 f4620
- p4292(v330): -0.026 -0.021 0.025
  neighbors: f2307 f2534 f1648 f1647 f3052 f3049 f3296 f3297
- p1766(v333): -0.048 -0.024 0.026
  neighbors: f1663 f2338 f1661 f3695 f3697
- p948(v332): -0.044 -0.024 0.026
  neighbors: f1663 f1661 f2949 f4883 f5016 f5017
- p3262(v221): -0.028 -0.024 0.026
  neighbors: f1661 f3065 f3696 f3695 f3039 f2949 f2531 f4217 f5013 f5015
- p9099(v334): -0.053 -0.025 0.026
  neighbors: f1664 f2961 f2345 f2343 f2960 f3623 f3625
- p205(v337): -0.054 -0.05 0.024
  neighbors: f1683 f1682 f3109 f3113
- p2583(v338): -0.027 -0.017  0.02
  neighbors: f2385 f1685 f2374 f2372 f2384 f2381 f2378 f4696 f4698
- p4476(v340): -0.026 -0.018 -0.00057
  neighbors: f1698 f1697 f2394 f2396
- p1018(v339): -0.026 -0.018 0.016
  neighbors: f1698 f1697 f3140 f2390 f3139 f3498 f3499
- p5175(v230): -0.026 -0.018 0.0074
  neighbors: f1698 f2394 f3139 f5141 f5142
- p8169(v341): -0.051 -0.018 0.021
  neighbors: f2412 f2401 f1701 f2398 f2402 f2626 f2627
- p814(v87): -0.052 -0.018 0.022
  neighbors: f1701 f2398 f1745 f1733 f1744 f2444 f3141 f3143
- p1306(v347): -0.027 -0.018 0.023
  neighbors: f1725 f1726 f2633 f2631 f1729 f3183 f4349 f4351
- p1047(v145): -0.03 -0.018 0.023
  neighbors: f1739 f1729 f3184 f3183 f3194 f3195
- p2408(v48): -0.029 -0.018 0.022
  neighbors: f1740 f1729 f2631 f1739 f3199 f3202
- p2108(v348): -0.052 -0.018 0.022
  neighbors: f1733 f2444 f2450 f2452
- p5541(v349): -0.034 -0.018 0.022
  neighbors: f2448 f1740 f1739 f3193 f3194
- p3524(v234): -0.038 -0.018 0.022
  neighbors: f1740 f2448 f3197 f3199
- p9177(v350): -0.053 -0.018 0.022
  neighbors: f1741 f1742 f1743 f1744 f1745
- p5689(v355): -0.027 -0.054 -0.02
  neighbors: f1770 f2485 f3894 f3893 f4746 f5169
- p988(v356): -0.026 -0.052 0.021
  neighbors: f1773 f2497 f3239 f2489 f2502 f3238 f3895 f3897
- p5039(v239): -0.026 -0.051 0.021
  neighbors: f2549 f1773 f3238 f3318 f5137 f5147
- p2053(v27): -0.026 -0.051 0.023
  neighbors: f3896 f1773 f2549 f3320 f3895 f4268 f4269
- p850(v357): -0.026 -0.052 -0.022
  neighbors: f1779 f3278 f2513 f2509 f3251 f3249 f3276 f3911 f3913
- p1640(v360): -0.028 -0.054 -0.02
  neighbors: f1791 f1792 f1793
- p2277(v361): -0.026 -0.021 0.024
  neighbors: f1795 f1796 f1797 f5128 f5133
- p4580(v152): -0.026 -0.023 0.025
  neighbors: f1796 f3298 f3293 f3301 f5127 f5128
- p408(v367): -0.053 -0.017 0.0022
  neighbors: f2584 f1831 f1833 f3374 f3376
- p4281(v368): -0.053 -0.017 0.018
  neighbors: f1842 f2589 f1841 f2591 f1840 f3378 f3379
- p2775(v369): -0.053 -0.017 -0.0061
  neighbors: f1843 f1846 f1845 f2595 f2596
- p9518(v157): -0.053 -0.017 0.0088
  neighbors: f1849 f1843 f2595 f2597 f5087 f5095
- p1254(v248): -0.053 -0.017 -0.00075
  neighbors: f2602 f1846 f2598 f2596 f2600 f2603 f2605
- p1328(v370): -0.053 -0.017 0.015
  neighbors: f2598 f1850 f1849 f2597 f2599 f2600
- p8796(v372): -0.053 -0.017 0.0065
  neighbors: f1854 f1857 f1856 f2607 f2608
- p486(v371): -0.053 -0.017 0.0014
  neighbors: f2602 f1857 f1856 f2601 f2604 f2605
- p7963(v373): -0.04 -0.017 0.018
  neighbors: f2612 f1870 f1860 f2610 f2613 f4031 f4032
- p8523(v374): -0.052 -0.017 0.018
  neighbors: f1864 f1865 f5093 f5098
- p5644(v252): -0.051 -0.017 0.018
  neighbors: f1865 f1869 f1867 f2611 f5098
- p5242(v375): -0.051 -0.017 0.019
  neighbors: f1866 f1867 f1875 f1869 f1870 f4031 f4035
- p5956(v159): -0.048 -0.017 0.018
  neighbors: f1870 f1869 f2611 f2612
- p9739(v376): -0.049 -0.017 0.019
  neighbors: f2619 f3394 f1875 f4035 f4034 f4036 f4037
- p7961(v379): -0.027 -0.017 -0.018
  neighbors: f1888 f1889 f2636 f4517 f4502 f4504 f4059 f4520 f4838 f4839
- p2398(v382): -0.027 -0.017 -0.00058
  neighbors: f1905 f1906 f5096 f5099
- p8453(v387): -0.053 -0.052  0.02
  neighbors: f1933 f1929 f1930 f1931 f1932 f1941 f1942
- p8251(v261): -0.053 -0.053 0.018
  neighbors: f1936 f1935 f1929 f1938 f1942
- p2600(v126): -0.054 -0.052  0.02
  neighbors: f1936 f1932 f1934 f1929 f2184 f2185
- p4954(v310): -0.054 -0.051 0.021
  neighbors: f1933 f1931 f2181 f3111 f3112
- p6678(v388): -0.053 -0.053 0.018
  neighbors: f1934 f1935 f1936
- p2807(v389): -0.053 -0.053 0.019
  neighbors: f3211 f1938 f3445 f2703 f1941 f1942 f2689 f2701 f2681 f3207 f3444 f4925 f4926
- p2293(v390): -0.038 -0.054 -0.022
  neighbors: f1946 f1947 f1948
- p4464(v391): -0.048 -0.054 -0.022
  neighbors: f1949 f1950 f1951 f1952
- p1633(v264): -0.051 -0.054 -0.022
  neighbors: f1952 f1951 f2693 f2691 f2694 f2696
- p5218(v392): -0.045 -0.054 -0.022
  neighbors: f1953 f2693 f2692 f2694 f2697
- p4381(v394): -0.044 -0.054 -0.022
  neighbors: f1969 f1968 f1962 f2698 f2700
- p2551(v393): -0.045 -0.054 -0.022
  neighbors: f1962 f1969 f1971
- p2850(v172): -0.052 -0.054 -0.022
  neighbors: f1974 f1962 f1983 f1982 f1971 f1972 f1970 f2695 f2698
- p8247(v395): -0.034 -0.054 -0.022
  neighbors: f1965 f1966 f1967 f1968 f1969 f1970 f1971
- p3248(v266): -0.039 -0.054 -0.022
  neighbors: f1968 f1966 f2700 f3448 f3450
- p3535(v396): -0.049 -0.054 -0.022
  neighbors: f1972 f1973 f1974
- p3103(v397): -0.053 -0.054 -0.021
  neighbors: f1975 f1976 f1977 f1978 f1983 f1982 f1981 f2702 f2704
- p2770(v398): -0.051 -0.048 -0.025
  neighbors: f3478 f2721 f1986 f3477 f4113 f4111 f3470 f4116 f4118
- p1609(v400): -0.032 -0.049 -0.025
  neighbors: f1994 f1995 f1996
- p5901(v401): -0.029 -0.048 -0.025
  neighbors: f1997 f3466 f1999 f2000 f3465 f3472 f3474
- p8940(v403): -0.049 -0.052 0.022
  neighbors: f2008 f2009 f4098 f4099
- p3254(v180): -0.044 -0.052 0.022
  neighbors: f4098 f2009 f4862 f4868 f4869
- p3540(v406): -0.053 -0.051 -0.024
  neighbors: f2021 f2022 f2023 f2024
- p9300(v408): -0.049 -0.033 -0.03
  neighbors: f2742 f2030 f2741 f2743 f3488 f3489
- p4038(v280): -0.049 -0.029 -0.03
  neighbors: f2037 f2030 f3489 f3492
- p6407(v409): -0.049 -0.025 -0.03
  neighbors: f2034 f2037 f2036 f3491 f3492
- p289(v410): -0.048 -0.028 -0.03
  neighbors: f2038 f2039 f2748 f2752
- p9633(v411): -0.026 -0.017 0.00064
  neighbors: f2756 f2043 f2754 f4510 f4511
- p8670(v284): -0.026 -0.017 -0.01
  neighbors: f2043 f2638 f4511 f4512
- p5568(v412): -0.026 -0.017 0.019
  neighbors: f2046 f2052 f2392 f2760 f2383 f2051 f2776 f2382 f2391 f2647 f2765 f2775 f3413 f3414
- p2211(v285): -0.026 -0.017 0.0062
  neighbors: f2755 f2046 f2753 f2765 f3507 f4123 f4124
- p6526(v47): -0.026 -0.017  0.01
  neighbors: f3413 f2756 f4065 f2046 f2755 f4509 f4510
- p1295(v138): -0.026 -0.018 0.021
  neighbors: f2052 f2379 f2383
- p3645(v416): -0.04 -0.017 -0.019
  neighbors: f2068 f2780 f3523 f3524
- p4592(v417): -0.03 -0.017 -0.02
  neighbors: f2070 f2783 f3530 f3531
- p1258(v420): -0.045 -0.036 -0.03
  neighbors: f2083 f2084 f2085 f2086 f2818 f2820
- p4067(v421): -0.045 -0.033 -0.03
  neighbors: f2092 f2091 f2894 f2895
- p5100(v292): -0.046 -0.032 -0.03
  neighbors: f2092 f2893 f2895
- p6065(v422): -0.035 -0.018 -0.021
  neighbors: f2095 f2103 f2102 f2829 f2830
- p8345(v424): -0.052 -0.018 -0.021
  neighbors: f2842 f2102 f2103 f3561 f4161 f4162
- p4385(v70): -0.053 -0.018 -0.021
  neighbors: f2829 f2102 f2834 f2800 f2119 f2832 f3561 f3562
- p6128(v426): -0.054 -0.018 -0.022
  neighbors: f2863 f2845 f2862 f3563 f2852 f2121 f2117 f2118 f2119 f2120 f2128 f3562 f3566 f4169 f4170
- p431(v428): -0.053 -0.018 -0.023
  neighbors: f2868 f2128 f4605 f2864 f2863 f2867 f4611 f4609 f4879 f4880
- p6635(v197): -0.052 -0.018 -0.023
  neighbors: f2845 f2128 f2867 f3576 f3577
- p6602(v429): -0.053 -0.019 -0.023
  neighbors: f2134 f2137 f2136 f2861 f2865
- p1337(v427): -0.049 -0.019 -0.023
  neighbors: f2865 f2137 f2857 f2864 f4605 f4606
- p3827(v431): -0.027 -0.019 -0.024
  neighbors: f2143 f2882 f2884 f2146 f3580 f3582
- p6144(v432): -0.026 -0.029 -0.026
  neighbors: f2150 f2151 f2887 f2890
- p8081(v434): -0.054 -0.018 0.0014
  neighbors: f2196 f2158 f2195 f2901 f3593 f3595
- p8310(v303): -0.054 -0.018 0.0027
  neighbors: f2158 f2196 f2198
- p3577(v435): -0.054 -0.018 0.014
  neighbors: f2169 f2911 f2168 f2910 f2165 f2166 f2909 f2900 f2908 f3590 f3592
- p5762(v436): -0.054 -0.049 0.023
  neighbors: f2171 f2172 f5104 f5119
- p5845(v437): -0.054 -0.032 0.025
  neighbors: f2174 f3599 f3600 f5120 f5123
- p5649(v438): -0.054 -0.051 0.022
  neighbors: f2181 f2180 f3112 f3114
- p957(v439): -0.054 -0.054 -0.018
  neighbors: f2920 f2184 f2185 f2918 f2923 f5116 f5124
- p5089(v440): -0.054 -0.051 0.021
  neighbors: f2189 f2190 f5114 f5121
- p2360(v311): -0.054 -0.051 0.018
  neighbors: f2190 f2918 f2919 f5116 f5121
- p4468(v441): -0.054 -0.018 0.0059
  neighbors: f2191 f2192 f2925 f2931 f2933
- p2401(v312): -0.054 -0.018 -0.0018
  neighbors: f2199 f2192 f2197 f2930 f2931
- p8181(v442): -0.054 -0.018 -0.018
  neighbors: f2195 f2196 f2197 f2198 f2199 f2200 f2201
- p960(v443): -0.054 -0.018 0.017
  neighbors: f2203 f2204 f5105 f5122
- p1084(v444): -0.054 -0.018 -0.0047
  neighbors: f2205 f2209 f2929 f2927 f2935 f2936
- p5485(v448): -0.053 -0.03 0.026
  neighbors: f2223 f2227 f2226 f2944 f3609 f3610
- p1487(v130): -0.053 -0.026 0.026
  neighbors: f3033 f2223 f3609 f5156 f5160
- p9342(v447): -0.053 -0.038 0.026
  neighbors: f2226 f2227 f3626 f3627
- p5320(v451): -0.053 -0.042 0.026
  neighbors: f3620 f2965 f3617 f2241 f3372 f2969 f3371 f3619 f3633 f3634
- p1999(v317): -0.053 -0.047 0.026
  neighbors: f2568 f3371 f3969 f2241 f3364 f4004 f4479 f4480
- p6378(v452): -0.037 -0.02 0.024
  neighbors: f2243 f2244 f2978 f2980
- p9225(v128): -0.036 -0.02 0.024
  neighbors: f2244 f2243 f2424 f3829 f3830
- p7089(v454): -0.051 -0.022 0.026
  neighbors: f2252 f2253 f4257 f2996 f3706 f2988 f2995 f3705 f4256 f4893 f4894
- p41(v323): -0.049 -0.022 0.026
  neighbors: f2270 f2253 f2994 f2996
- p9530(v456): -0.053 -0.021 0.025
  neighbors: f2263 f2264 f2265 f2266 f3651 f4205 f4207
- p2830(v457): -0.045 -0.022 0.025
  neighbors: f2270 f3648 f2994 f3000 f3054 f3647 f3682 f3683
- p3482(v459): -0.04 -0.021 0.025
  neighbors: f2283 f2284 f3017 f4208 f4209
- p2944(v219): -0.035 -0.021 0.025
  neighbors: f3017 f2283 f3641 f3643
- p3334(v327): -0.036 -0.021 0.025
  neighbors: f4208 f4228 f3053 f2284 f4226 f4619 f4621
- p5834(v464): -0.026 -0.021 0.025
  neighbors: f2309 f2307 f3294 f3296
- p8316(v465): -0.027 -0.022 0.026
  neighbors: f3066 f3063 f3049 f3010 f3009 f3048 f2318 f2534 f4246 f4643 f4644
- p4645(v463): -0.033 -0.022 0.026
  neighbors: f2318 f4643 f4645
- p5397(v218): -0.034 -0.022 0.025
  neighbors: f4645 f3650 f3649 f2318 f2995 f3009 f4892 f4893
- p7429(v468): -0.046 -0.023 0.026
  neighbors: f2329 f2332 f3688 f3078 f3709 f3708 f4232 f4641 f4642
- p4889(v467): -0.031 -0.023 0.026
  neighbors: f2332 f3075 f3708 f3711
- p5634(v331): -0.031 -0.023 0.026
  neighbors: f3075 f2332 f3063 f4247 f4244 f3690 f4246 f4638 f4641
- p9150(v470): -0.052 -0.024 0.026
  neighbors: f2337 f2338 f2339 f3697 f3083 f4236 f4634 f4635
- p9358(v471): -0.053 -0.024 0.026
  neighbors: f2342 f2343 f2344 f2345
- p2415(v474): -0.051 -0.05 0.024
  neighbors: f3746 f2356 f3103 f3097 f3742 f3730 f3741 f4276 f4278
- p1686(v336): -0.052 -0.05 0.024
  neighbors: f2363 f4672 f2356 f3103 f3753 f3118 f4680 f4683
- p1670(v475): -0.053 -0.05 0.024
  neighbors: f3110 f3105 f2363 f3104 f3108 f3118 f3120
- p2615(v477): -0.027 -0.017  0.02
  neighbors: f2371 f2372 f3132 f2374 f2375 f2376 f3137 f3787 f3788
- p976(v228): -0.027 -0.018 0.021
  neighbors: f2635 f2632 f2372 f2371 f2378 f3397 f3400
- p4894(v95): -0.028 -0.017 0.021
  neighbors: f2376 f2371 f3400 f4047 f4048
- p108(v162): -0.029 -0.017  0.02
  neighbors: f2374 f2375 f4698 f4699
- p7673(v342): -0.032 -0.017  0.02
  neighbors: f2375 f3793 f3132 f4331 f3813 f4330 f4693 f4699 f4700
- p9854(v343): -0.03 -0.017 0.021
  neighbors: f4047 f2376 f3137 f4054 f4055
- p9005(v478): -0.026 -0.018 0.021
  neighbors: f2378 f2379 f2383 f2381 f2382 f2634 f2635
- p9783(v479): -0.03 -0.017 0.019
  neighbors: f2384 f2385 f2386 f2387
- p792(v257): -0.031 -0.017 0.019
  neighbors: f2387 f4040 f3392 f2385 f3806 f4039 f4696 f4697
- p5767(v381): -0.028 -0.017 0.019
  neighbors: f2387 f2386 f2620 f4039 f4041
- p2784(v480): -0.026 -0.018 0.019
  neighbors: f2392 f2390 f2391 f3140 f5136 f5145
- p3662(v141): -0.026 -0.018 0.017
  neighbors: f2760 f2392 f2390 f3499 f4561 f4562
- p2766(v481): -0.026 -0.018 -0.014
  neighbors: f2394 f2395 f2396 f5130 f5142
- p6182(v482): -0.05 -0.018 0.022
  neighbors: f3798 f2398 f3141 f2627 f3406 f3796 f3799 f3800
- p3391(v483): -0.052 -0.017  0.02
  neighbors: f2401 f2402 f2403 f3786 f3812 f3794 f3785 f3810 f3814 f4328 f4329
- p6550(v231): -0.049 -0.017  0.02
  neighbors: f4058 f2402 f2412 f3785 f4498 f4500
- p2973(v485): -0.047 -0.018 0.021
  neighbors: f2412 f2626 f4052 f3399 f4051 f4500 f4501
- p5305(v487): -0.028 -0.019 0.024
  neighbors: f2427 f2426 f2425 f2424 f3164 f3830 f4338 f4339
- p1516(v315): -0.028 -0.019 0.024
  neighbors: f2427 f3164 f3821 f3822
- p331(v488): -0.043 -0.019 0.023
  neighbors: f3180 f4343 f2430 f3838 f3836 f4342 f4347 f4348
- p9663(v346): -0.034 -0.019 0.023
  neighbors: f2437 f2430 f3180 f4358 f4359
- p9876(v489): -0.03 -0.019 0.023
  neighbors: f2436 f2437 f3841 f4359 f4360
- p3626(v491): -0.05 -0.018 0.022
  neighbors: f2452 f2444 f3143 f3198 f3802 f3803
- p3670(v492): -0.048 -0.018 0.022
  neighbors: f2448 f2452 f2450 f3193 f3192 f3197 f3198
- p4401(v497): -0.042 -0.053 0.018
  neighbors: f2473 f2686 f3209 f3213
- p5278(v499): -0.027 -0.053 -0.021
  neighbors: f2484 f2485 f4398 f5168 f5169
- p3877(v500): -0.026 -0.052 0.018
  neighbors: f4940 f2489 f2497 f3235 f3907 f2496 f3234 f4389 f4939 f4756 f4954 f4956
- p7618(v238): -0.026 -0.052  0.02
  neighbors: f2502 f2489 f3235 f3237
- p1147(v501): -0.026 -0.052 0.018
  neighbors: f2522 f3261 f2496 f2497 f3267 f3241 f3239 f3264 f3274 f3275
- p6150(v148): -0.026 -0.052 0.016
  neighbors: f3907 f2496 f2509 f3264 f3911 f3905 f4408 f4410
- p8626(v502): -0.027 -0.052  0.02
  neighbors: f3898 f2502 f3237 f3236 f4365 f3897 f3442 f4363 f4532 f4533
- p6109(v503): -0.026 -0.052 -0.0076
  neighbors: f3251 f2509 f3254 f3905 f3906
- p9262(v504): -0.026 -0.051 -0.021
  neighbors: f2513 f3277 f3278 f5140 f5143
- p8183(v506): -0.026 -0.052 0.0063
  neighbors: f3241 f2522 f3269 f3270 f5144 f5146
- p4811(v359): -0.026 -0.052  0.01
  neighbors: f2522 f3270 f3275
- p3860(v507): -0.026 -0.023 0.026
  neighbors: f3066 f2534 f3297 f3065 f3295 f2531 f3935 f3936
- p1650(v328): -0.027 -0.027 0.026
  neighbors: f2531 f3039 f3933 f3935 f5152 f5154
- p252(v510): -0.026 -0.048 0.024
  neighbors: f3320 f2549 f3318 f4433 f4441 f4442
- p4021(v513): -0.03 -0.045 0.026
  neighbors: f2566 f2567 f2564 f3663 f3665
- p8458(v512): -0.042 -0.045 0.026
  neighbors: f2567 f2564 f3343 f3344
- p9251(v365): -0.035 -0.045 0.026
  neighbors: f2564 f3344 f2571 f3342 f3662 f3663
- p2129(v514): -0.053 -0.045 0.026
  neighbors: f2568 f3342 f3341 f2571 f4452 f3969 f4450 f5051 f4828 f5050 f5062 f5063
- p1973(v244): -0.027 -0.045 0.026
  neighbors: f4797 f2571 f4784 f4828 f3660 f4977 f3662 f4795 f5055 f5056
- p3465(v517): -0.053 -0.017 0.0064
  neighbors: f2582 f2584 f3373 f3374
- p1498(v518): -0.053 -0.017 0.014
  neighbors: f2585 f2589 f2587 f2588 f3377 f3378
- p5573(v519): -0.054 -0.017 0.014
  neighbors: f2590 f2591 f2592 f3379 f3381
- p7291(v520): -0.053 -0.017 0.00051
  neighbors: f2595 f2596 f2597 f2598
- p4549(v521): -0.053 -0.017 0.011
  neighbors: f2599 f2600 f2601 f2602
- p4140(v522): -0.053 -0.017 0.00021
  neighbors: f2603 f2604 f2605
- p542(v523): -0.053 -0.017 8.9e-05
  neighbors: f2608 f2607 f3382 f3383
- p7235(v524): -0.046 -0.017 0.018
  neighbors: f2610 f2611 f2612 f5086 f5087 f5088 f5089 f5090 f5091 f5092 f5093 f5094 f5095 f5096 f5097 f5098 f5099
- p128(v525): -0.028 -0.017 0.019
  neighbors: f2613 f3388 f2615 f4030 f4032
- p3848(v526): -0.036 -0.017 0.019
  neighbors: f3390 f2619 f2620 f3389 f4038 f4036 f4041 f4042
- p9292(v253): -0.045 -0.017 0.019
  neighbors: f3390 f2619 f4033 f4034
- p8036(v527): -0.047 -0.018 0.021
  neighbors: f3399 f2627 f2626 f3406 f4044 f4046
- p1198(v528): -0.027 -0.018 0.022
  neighbors: f2635 f2630 f2631 f2632 f2633 f2634 f3202 f3847 f3849
- p8646(v378): -0.027 -0.018 0.022
  neighbors: f2632 f3797 f3795 f2630 f3145 f3397 f4043 f4045
- p7085(v254): -0.032 -0.018 0.022
  neighbors: f2630 f3145 f3849 f3850
- p644(v529): -0.026 -0.017 -0.014
  neighbors: f2636 f2637 f2638 f4513 f4066 f4512 f4520 f4521
- p1042(v530): -0.027 -0.017 0.017
  neighbors: f4064 f2647 f3408 f2644 f3414 f4071 f4508 f4515 f4516
- p8377(v537): -0.051 -0.053 0.018
  neighbors: f2681 f2682 f3213 f2684 f3212 f2686 f3445 f3447
- p6557(v538): -0.047 -0.053 0.019
  neighbors: f3211 f2689 f3210 f3855 f3857
- p3785(v351): -0.052 -0.053 0.019
  neighbors: f3855 f4376 f2689 f4730 f3869 f4729 f4924 f4925
- p9618(v539): -0.046 -0.054 -0.022
  neighbors: f2691 f2692 f2693
- p6280(v540): -0.051 -0.054 -0.022
  neighbors: f2694 f2695 f2696 f2697 f2698 f2700 f3449 f3450
- p6784(v541): -0.052 -0.054 -0.02
  neighbors: f2701 f2702 f2703 f2704
- p1356(v545): -0.035 -0.048 -0.025
  neighbors: f3472 f3470 f2721 f3466 f3476 f3480
- p1835(v544): -0.046 -0.048 -0.025
  neighbors: f2721 f3476 f3478
- p5223(v546): -0.051 -0.049 -0.025
  neighbors: f2724 f3473 f3475
- p1146(v548): -0.049 -0.051 0.023
  neighbors: f2731 f2732 f2735 f3482 f3484
- p7052(v405): -0.05 -0.051 0.023
  neighbors: f2735 f3726 f2732 f3725 f3744 f4280 f4281
- p2836(v277): -0.027 -0.051 0.023
  neighbors: f3725 f3484 f4259 f4258 f4264 f2735 f4262 f4548 f4551
- p1739(v549): -0.049 -0.035 -0.03
  neighbors: f2736 f2745 f2738 f2744 f3486 f3487
- p7777(v550): -0.049 -0.035 -0.03
  neighbors: f2740 f2741 f2742
- p5975(v551): -0.049 -0.034 -0.03
  neighbors: f2743 f2744 f2745 f3488 f3490
- p7343(v407): -0.049 -0.033 -0.03
  neighbors: f3487 f2745 f3490 f3494
- p5659(v552): -0.048 -0.026 -0.03
  neighbors: f2748 f2749 f2750 f2751 f2752
- p8315(v553): -0.026 -0.017 0.0069
  neighbors: f2753 f2754 f2755 f2756
- p963(v555): -0.026 -0.018 0.014
  neighbors: f2760 f3517 f2775 f3515 f4120 f4560 f4561
- p2647(v556): -0.026 -0.017 -0.0042
  neighbors: f2765 f2776 f3507 f3511 f2774 f4566 f4567
- p9574(v557): -0.026 -0.018 -0.001
  neighbors: f2776 f2772 f3513 f2774 f2775 f3515 f3519
- p6083(v414): -0.026 -0.018 -0.0056
  neighbors: f2774 f2772 f3510 f3511
- p3735(v558): -0.046 -0.017 -0.019
  neighbors: f2777 f2778 f2779 f2780 f3524 f3525
- p5331(v288): -0.047 -0.017 -0.019
  neighbors: f2779 f2777 f2808 f2811
- p1353(v559): -0.031 -0.017 -0.02
  neighbors: f2783 f2786 f4131 f3530 f4129 f4134 f4135
- p9939(v418): -0.051 -0.017 -0.02
  neighbors: f2786 f3534 f2799 f2797 f4135 f4572 f4573
- p5233(v560): -0.038 -0.017 -0.02
  neighbors: f2790 f2789 f3528 f3532
- p9480(v419): -0.046 -0.017 -0.02
  neighbors: f2790 f2789 f2810 f3550 f3552
- p1819(v562): -0.053 -0.017 -0.02
  neighbors: f2797 f2798 f2799 f2800 f2835 f2802 f2803 f2804 f3587 f3585 f2834 f3546 f4139 f4575 f4576
- p7308(v561): -0.05 -0.017 -0.02
  neighbors: f2804 f2799 f3536 f3534 f3537 f3538
- p6690(v202): -0.047 -0.017 -0.02
  neighbors: f3588 f2804 f3537 f3587 f4136 f4137
- p4643(v563): -0.048 -0.017 -0.02
  neighbors: f2808 f2809 f2810 f2811 f3549 f3550
- p1817(v564): -0.048 -0.034 -0.03
  neighbors: f2816 f2815 f2819 f2821
- p2852(v565): -0.048 -0.033 -0.03
  neighbors: f2817 f2818 f2819 f2820 f2821
- p6125(v567): -0.035 -0.018 -0.021
  neighbors: f2830 f2829 f2832 f3557 f3559
- p4646(v568): -0.053 -0.017 -0.021
  neighbors: f2835 f2832 f4582 f2834 f3559 f4154 f4152 f4580 f4585 f4586
- p5957(v423): -0.047 -0.017 -0.021
  neighbors: f4160 f2835 f4153 f4140 f4139 f4152 f4589 f4591
- p9157(v570): -0.039 -0.018 -0.022
  neighbors: f2843 f2842 f4161 f4163
- p9347(v425): -0.028 -0.018 -0.022
  neighbors: f2851 f2876 f2843 f2872 f4163 f4165 f4167
- p8477(v571): -0.049 -0.018 -0.022
  neighbors: f4185 f2845 f3566 f3576 f4172 f4184 f4593 f4594
- p3538(v573): -0.029 -0.018 -0.022
  neighbors: f2851 f2852 f2872 f2871 f4169 f4598 f4875 f4876
- p5583(v294): -0.033 -0.018 -0.022
  neighbors: f2852 f2851 f3563 f4165 f4166
- p663(v574): -0.043 -0.019 -0.023
  neighbors: f2856 f2857 f4606 f4607
- p6594(v118): -0.03 -0.019 -0.023
  neighbors: f3584 f2856 f2883 f3583 f4180 f4607 f4608
- p8025(v575): -0.053 -0.019 -0.023
  neighbors: f2861 f2862 f2863 f2864 f2865
- p8097(v576): -0.043 -0.018 -0.023
  neighbors: f2866 f2867 f2868 f3574 f3577
- p6297(v430): -0.028 -0.018 -0.023
  neighbors: f2875 f2866 f3574 f4181 f4182
- p4767(v296): -0.027 -0.018 -0.023
  neighbors: f2868 f2866 f3583 f3581 f2875 f4180 f4609 f4610
- p1354(v577): -0.027 -0.018 -0.022
  neighbors: f2871 f2872 f2882 f2881 f2875 f2876 f2877 f2878 f3582 f2880 f3581 f4181 f4183
- p5387(v117): -0.029 -0.018 -0.022
  neighbors: f4184 f2871 f4172 f4183 f4598 f4599
- p4390(v578): -0.028 -0.019 -0.024
  neighbors: f2883 f2884 f3580 f3584
- p5304(v579): -0.044 -0.028 -0.03
  neighbors: f2887 f2888 f2889 f2890 f2891 f2892 f2893 f2894 f2895
- p1178(v580): -0.038 -0.017 -0.02
  neighbors: f3540 f2897 f3588 f3586 f4136 f4138
- p1168(v433): -0.034 -0.017 -0.02
  neighbors: f3546 f3586 f2897 f3585 f4144 f4146
- p2791(v581): -0.054 -0.018 0.013
  neighbors: f2900 f2901 f3595 f3590 f3594 f2905 f4187 f4190
- p4594(v582): -0.054 -0.018 -0.011
  neighbors: f2907 f2908 f2909
- p2037(v583): -0.054 -0.017 0.0098
  neighbors: f2910 f2911 f2912 f2913
- p7608(v584): -0.054 -0.041 0.025
  neighbors: f2915 f3596 f3599 f5106 f5123
- p7337(v320): -0.054 -0.043 0.026
  neighbors: f3372 f2915 f2969 f2968 f3596 f3370 f3611 f4194 f4612 f4613
- p7624(v585): -0.054 -0.052 0.012
  neighbors: f2918 f2919 f2920
- p8778(v586): -0.054 -0.053 -0.02
  neighbors: f2922 f2923 f5118 f5124
- p2476(v587): -0.054 -0.018 0.0079
  neighbors: f2929 f2925 f2933 f2927 f2928 f3602 f3604
- p2349(v588): -0.054 -0.018 0.0029
  neighbors: f2930 f2931 f2933 f3603 f3604
- p3410(v589): -0.054 -0.018 -0.0092
  neighbors: f2935 f2936 f5102 f5103 f5104 f5105 f5106 f5107 f5108 f5109 f5110 f5111 f5112 f5113 f5114 f5115 f5116 f5117 f5118 f5119 f5120 f5121 f5122 f5123 f5124
- p5406(v591): -0.053 -0.041 0.026
  neighbors: f2944 f2943 f3610 f5158 f5163
- p66(v593): -0.04 -0.024 0.026
  neighbors: f2949 f5015 f5016
- p3023(v594): -0.054 -0.026 0.026
  neighbors: f2953 f2954 f3612 f2956 f4191 f4193
- p4769(v450): -0.054 -0.029 0.026
  neighbors: f3612 f2954 f2968 f3611 f3629 f3630
- p2251(v595): -0.053 -0.03 0.026
  neighbors: f3621 f2961 f2960 f3622 f3617 f3633 f3636
- p1880(v129): -0.053 -0.031 0.026
  neighbors: f2960 f3621 f3618 f3623 f3624
- p357(v596): -0.053 -0.04 0.026
  neighbors: f3619 f3618 f2965 f3624 f3628
- p8327(v597): -0.054 -0.041 0.026
  neighbors: f2968 f2969 f3630 f3634 f4196 f4197
- p2505(v599): -0.049 -0.02 0.025
  neighbors: f2982 f2978 f2979 f2980 f2981 f3639 f3640
- p238(v601): -0.041 -0.022 0.026
  neighbors: f2988 f4255 f4257
- p7399(v42): -0.039 -0.022 0.026
  neighbors: f2988 f3705 f4254 f4255
- p6675(v602): -0.032 -0.02 0.025
  neighbors: f2990 f2991 f3642 f3644
- p3555(v455): -0.038 -0.02 0.025
  neighbors: f3644 f2991 f4200 f4204
- p2816(v603): -0.039 -0.022 0.025
  neighbors: f2994 f2995 f2996 f3647 f3649
- p8180(v604): -0.052 -0.021 0.025
  neighbors: f2999 f3000 f3001 f3682 f4223 f4224
- p7223(v460): -0.048 -0.021 0.025
  neighbors: f3026 f3001 f4223 f4225
- p8782(v605): -0.032 -0.022 0.025
  neighbors: f3010 f3009 f3054 f3050 f3648 f3650
- p1007(v329): -0.029 -0.022 0.025
  neighbors: f3010 f3048 f3050
- p8954(v607): -0.048 -0.021 0.025
  neighbors: f3017 f4210 f3643 f4199 f4209 f4617 f4618
- p2769(v608): -0.048 -0.021 0.025
  neighbors: f3026 f4225 f4229
- p8861(v609): -0.027 -0.042 0.026
  neighbors: f3029 f3661 f4213 f5159 f5165
- p8141(v461): -0.027 -0.033 0.026
  neighbors: f3029 f3290 f3933 f3934 f5154 f5159
- p7161(v50): -0.026 -0.043 0.026
  neighbors: f3029 f4781 f3290 f3661 f3660 f4780 f4782 f4784
- p3417(v610): -0.052 -0.025 0.026
  neighbors: f3033 f3036 f4220 f4630 f5156
- p2959(v611): -0.028 -0.026 0.026
  neighbors: f3039 f4216 f4217 f5152 f5161
- p9309(v613): -0.027 -0.021 0.025
  neighbors: f3048 f3049 f3050 f3051 f3052 f3053 f3054 f3683 f4226 f4227
- p9543(v615): -0.028 -0.024 0.026
  neighbors: f3696 f3063 f3690 f3065 f3066 f4234 f4235
- p8780(v617): -0.03 -0.022 0.026
  neighbors: f3712 f4247 f3715 f3075 f4245 f3711 f4251 f4253
- p4761(v618): -0.048 -0.023 0.026
  neighbors: f3078 f3709 f3713 f3717
- p3723(v619): -0.048 -0.024 0.026
  neighbors: f3083 f4633 f4634
- p3581(v622): -0.048 -0.051 0.023
  neighbors: f3746 f3097 f4282 f4283
- p1970(v472): -0.039 -0.051 0.023
  neighbors: f3740 f3739 f3097 f3730 f4283 f4284
- p1585(v623): -0.046 -0.05 0.024
  neighbors: f3103 f3741 f4651 f4649 f4672 f4673
- p5514(v624): -0.053 -0.049 0.025
  neighbors: f3104 f3105 f3365 f3368
- p4822(v82): -0.053 -0.048 0.025
  neighbors: f3365 f3121 f4021 f3104 f3120 f4495 f4496
- p3978(v625): -0.053 -0.051 0.023
  neighbors: f3108 f3109 f3110 f3111 f3112 f3113 f3114
- p4888(v627): -0.053 -0.049 0.025
  neighbors: f3118 f3753 f3120 f3121 f4291 f4290 f4907 f4909
- p3637(v626): -0.05 -0.049 0.025
  neighbors: f4472 f4497 f3121 f4297 f4471 f4496 f4667 f4909 f4910
- p7736(v630): -0.043 -0.017  0.02
  neighbors: f3787 f3132 f3786 f3793 f3794
- p1043(v631): -0.029 -0.017 0.021
  neighbors: f3137 f3788 f4055 f4056
- p6327(v632): -0.026 -0.018 0.015
  neighbors: f3139 f3140 f5141 f5145
- p100(v633): -0.05 -0.018 0.022
  neighbors: f3141 f3143 f3799 f3802
- p9831(v634): -0.035 -0.018 0.022
  neighbors: f3145 f3801 f3796 f3800 f3795 f3848 f3850
- p7465(v637): -0.034 -0.019 0.024
  neighbors: f3164 f3825 f4338 f3821 f4705 f4706
- p8754(v639): -0.049 -0.019 0.024
  neighbors: f3174 f3175 f3838 f3178 f3831 f3837 f4342 f4344
- p6308(v445): -0.045 -0.019 0.024
  neighbors: f3817 f3174 f3178 f3823 f3824
- p2311(v144): -0.05 -0.019 0.023
  neighbors: f3190 f3175 f3837 f3835 f4355 f4708 f4709
- p1004(v640): -0.047 -0.019 0.023
  neighbors: f3836 f3180 f3835 f4355 f4358
- p6782(v641): -0.034 -0.018 0.023
  neighbors: f3183 f3184 f4350 f4349 f4918 f5023 f5025
- p5121(v490): -0.05 -0.018 0.023
  neighbors: f3189 f3196 f3184 f3195 f4710 f4918 f4919
- p3394(v642): -0.052 -0.018 0.023
  neighbors: f3191 f3189 f3190 f4708 f4710
- p6818(v643): -0.047 -0.018 0.022
  neighbors: f3192 f3193 f3194 f3195 f3196
- p5040(v644): -0.038 -0.018 0.022
  neighbors: f3197 f3198 f3199 f3803 f3202 f3801 f3847 f3848
- p7324(v645): -0.031 -0.053 0.019
  neighbors: f3213 f3212 f3206 f3207 f3208 f3209 f3210 f3211 f3852 f3854
- p2860(v237): -0.048 -0.053 0.019
  neighbors: f3208 f3207 f3444 f3446
- p628(v496): -0.043 -0.053 0.019
  neighbors: f3212 f3208 f3446 f3447
- p3182(v352): -0.037 -0.053 0.019
  neighbors: f3210 f3852 f3215 f3851 f3857 f3858
- p6519(v646): -0.036 -0.053 0.019
  neighbors: f3858 f3215 f4727 f4732 f4736
- p7645(v494): -0.028 -0.053 0.019
  neighbors: f3215 f4369 f4370 f3853 f3851 f4364 f4732 f4934 f4935
- p5552(v650): -0.026 -0.052 0.019
  neighbors: f3237 f3234 f3235 f3236 f3890 f3891
- p7688(v498): -0.026 -0.052 0.016
  neighbors: f4389 f3891 f3234 f3894 f4746 f4748
- p775(v651): -0.026 -0.051 0.019
  neighbors: f3238 f3239 f3241 f5137 f5146
- p6356(v653): -0.026 -0.052 -0.017
  neighbors: f3249 f3251 f3253 f3254
- p6102(v654): -0.026 -0.052 -0.015
  neighbors: f3254 f3253 f3906 f4762 f4760 f4763 f4764
- p2865(v656): -0.026 -0.052 -0.011
  neighbors: f3261 f3272 f3267 f3271 f3919 f3921
- p6364(v240): -0.026 -0.052 -0.01
  neighbors: f3261 f3271 f3274
- p5232(v657): -0.026 -0.052 0.015
  neighbors: f3264 f3918 f3267 f3921 f3920 f4408 f4409
- p8743(v658): -0.026 -0.052 -0.02
  neighbors: f3269 f3270 f3271 f3272 f3273 f3274 f3275 f3276 f3277 f3278
- p904(v358): -0.026 -0.051 -0.021
  neighbors: f3269 f3277 f5143 f5144
- p3961(v505): -0.026 -0.052 -0.018
  neighbors: f3918 f3273 f3272 f3917 f3919 f3920
- p2749(v655): -0.026 -0.052 -0.02
  neighbors: f3913 f3273 f3276 f3917 f4411 f4768 f4769
- p2741(v660): -0.026 -0.037 0.026
  neighbors: f3290 f3934 f4778 f4780
- p7461(v661): -0.026 -0.022 0.025
  neighbors: f3293 f3294 f3295 f3296 f3297 f3298 f3299
- p4843(v659): -0.026 -0.029 0.026
  neighbors: f3930 f3315 f4414 f3299 f3927 f3295 f3936 f4413 f4772 f4771 f4774 f4775
- p3129(v508): -0.026 -0.029 0.025
  neighbors: f3299 f3301 f3942 f3306 f3298 f3927 f3941 f3946 f3947
- p8647(v662): -0.026 -0.032 0.025
  neighbors: f3301 f3942 f5127 f5149
- p1158(v663): -0.026 -0.04 0.026
  neighbors: f3304 f3931 f3943 f3945
- p3065(v509): -0.026 -0.044 0.026
  neighbors: f3944 f3943 f3304 f3962 f3307 f3924 f3958 f4417 f4418
- p5412(v243): -0.026 -0.035 0.026
  neighbors: f3931 f3304 f4417 f4419
- p1185(v664): -0.026 -0.041 0.025
  neighbors: f3306 f3307 f3944 f3946
- p7526(v363): -0.026 -0.045 0.025
  neighbors: f3962 f3941 f3307 f3306 f4430 f4431 f5148
- p1175(v665): -0.026 -0.043 0.026
  neighbors: f4416 f3924 f4786 f4790 f3315 f4415 f3958 f4771 f4961 f4962
- p4048(v362): -0.026 -0.039 0.026
  neighbors: f3315 f4413 f4415
- p3475(v666): -0.026 -0.048 0.024
  neighbors: f3318 f4432 f4433 f5147
- p4744(v667): -0.026 -0.049 0.025
  neighbors: f3320 f4267 f3951 f4269 f4441 f4792 f4793
- p1777(v671): -0.052 -0.045 0.026
  neighbors: f3341 f3342 f3343 f3344
- p6931(v676): -0.053 -0.047 0.026
  neighbors: f3364 f3365 f3372 f3367 f3368 f3369 f3370 f3371 f4021 f4022
- p5046(v516): -0.051 -0.047 0.026
  neighbors: f3367 f4012 f3364 f4011 f4479 f4481
- p3675(v675): -0.05 -0.048 0.026
  neighbors: f3367 f4808 f4022 f4490 f4012 f4485 f4831 f4833
- p1621(v677): -0.053 -0.017 0.0032
  neighbors: f3373 f3374 f3375 f3376
- p7272(v678): -0.053 -0.017 0.0089
  neighbors: f3377 f3378 f3379 f3381 f4028 f4029
- p3787(v679): -0.053 -0.017 -0.0025
  neighbors: f3382 f3383 f3384 f3385
- p3810(v680): -0.032 -0.017 0.019
  neighbors: f3390 f3389 f3388 f4030 f4033
- p1911(v681): -0.048 -0.017 0.019
  neighbors: f4038 f3392 f3393 f3394 f4037 f4040 f4042
- p8630(v54): -0.047 -0.017 0.019
  neighbors: f3393 f3392 f3804 f3806
- p157(v682): -0.029 -0.018 0.021
  neighbors: f3397 f4048 f3399 f3400 f4044 f4043 f4052 f4053
- p6955(v683): -0.046 -0.018 0.022
  neighbors: f3406 f3798 f3797 f4045 f4046
- p6894(v684): -0.027 -0.017 0.0037
  neighbors: f3407 f3408 f3409 f4064 f4060 f4503 f4505
- p258(v685): -0.026 -0.017 0.014
  neighbors: f4066 f3413 f3414 f4071 f4065 f4519 f4521
- p5776(v686): -0.048 -0.052 0.021
  neighbors: f3417 f3418 f4999 f5000
- p4091(v533): -0.042 -0.052 0.021
  neighbors: f5000 f3418 f5068 f5070
- p317(v688): -0.033 -0.052  0.02
  neighbors: f3866 f3425 f3426 f3865 f4528 f4529
- p8634(v534): -0.03 -0.052  0.02
  neighbors: f4530 f4529 f3425 f3863 f4717 f4930 f4931
- p7306(v384): -0.033 -0.052  0.02
  neighbors: f3425 f3863 f3866
- p3681(v383): -0.036 -0.052  0.02
  neighbors: f3426 f4528 f4996 f4998
- p7015(v690): -0.047 -0.052 0.021
  neighbors: f4095 f3436 f4853 f5007 f5008
- p762(v691): -0.027 -0.051 0.022
  neighbors: f3899 f4097 f3898 f4265 f3442 f4104 f4264 f4548 f4549
- p5101(v536): -0.028 -0.052 0.022
  neighbors: f4852 f4097 f4534 f4533 f4531 f3442 f5001 f5003
- p6004(v692): -0.052 -0.053 0.018
  neighbors: f3444 f3445 f3446 f3447
- p6136(v693): -0.049 -0.054 -0.022
  neighbors: f3448 f3449 f3450
- p4702(v696): -0.031 -0.048 -0.025
  neighbors: f3462 f3467 f3468
- p4681(v179): -0.034 -0.048 -0.025
  neighbors: f3462 f4117 f3468 f4115 f4556 f4557
- p7495(v697): -0.035 -0.048 -0.025
  neighbors: f3465 f3466 f3467 f3468 f3470 f4115 f4116
- p9945(v698): -0.033 -0.049 -0.025
  neighbors: f3475 f3472 f3473 f3474 f3479 f3480
- p9850(v699): -0.049 -0.048 -0.025
  neighbors: f3476 f3477 f3478 f3479 f3480
- p8493(v700): -0.044 -0.051 0.023
  neighbors: f3481 f3482 f3484 f4550 f4551
- p7801(v701): -0.049 -0.032 -0.03
  neighbors: f3487 f3486 f3493 f3494
- p9091(v702): -0.049 -0.027 -0.03
  neighbors: f3488 f3489 f3490 f3491 f3492 f3493 f3494
- p43(v703): -0.026 -0.018 0.0038
  neighbors: f3498 f3499 f3497 f4558 f4562
- p6551(v554): -0.026 -0.018 -0.012
  neighbors: f3497 f3502 f4119 f4558 f4559
- p3328(v704): -0.026 -0.018 -0.011
  neighbors: f3504 f3517 f3502 f3503 f3516 f4119 f4120
- p1873(v413): -0.026 -0.018 -0.011
  neighbors: f3512 f3504 f3516 f3518
- p4283(v705): -0.026 -0.017 -0.0031
  neighbors: f3507 f4124 f4567 f4568
- p5190(v706): -0.026 -0.018 -0.016
  neighbors: f3511 f3510 f4563 f4566
- p9799(v707): -0.026 -0.018 -0.011
  neighbors: f3512 f3513 f3518 f3519
- p940(v708): -0.026 -0.018 -0.00046
  neighbors: f3515 f3516 f3517 f3518 f3519
- p2442(v710): -0.043 -0.017 -0.019
  neighbors: f3523 f3524 f3525 f3526 f3527
- p6462(v711): -0.033 -0.017 -0.02
  neighbors: f3528 f3532 f3530 f3531 f4131 f4569 f4571
- p637(v712): -0.035 -0.017 -0.02
  neighbors: f3536 f3534 f3535 f4132 f4572 f4574
- p8988(v713): -0.04 -0.017 -0.02
  neighbors: f3537 f3538 f3540 f4137 f4138
- p590(v714): -0.04 -0.017 -0.021
  neighbors: f4142 f3543 f4140 f4591 f4592
- p8328(v569): -0.031 -0.017 -0.021
  neighbors: f3543 f4156 f4590 f4592
- p292(v715): -0.042 -0.017 -0.02
  neighbors: f4144 f3546 f4575 f4577
- p9536(v716): -0.046 -0.017 -0.02
  neighbors: f3549 f3550 f3551 f3552
- p4560(v718): -0.04 -0.017 -0.021
  neighbors: f3557 f3559 f4581 f4582
- p1238(v719): -0.052 -0.018 -0.022
  neighbors: f4162 f3561 f3562 f3563 f4166 f4168
- p7028(v720): -0.05 -0.018 -0.022
  neighbors: f3566 f4170 f4593 f4603 f4877 f4878
- p3437(v722): -0.04 -0.018 -0.022
  neighbors: f3574 f3577 f3576 f4182 f4185
- p2320(v723): -0.027 -0.019 -0.023
  neighbors: f3580 f3581 f3582 f3583 f3584
- p3909(v724): -0.046 -0.017 -0.02
  neighbors: f3585 f3586 f3587 f3588
- p7158(v725): -0.054 -0.018 0.0072
  neighbors: f3592 f3590 f3591 f4186 f4187
- p7446(v726): -0.054 -0.018 0.0057
  neighbors: f3593 f3594 f3595
- p270(v727): -0.054 -0.032 0.025
  neighbors: f3596 f3599 f3600 f4192 f4194
- p4950(v728): -0.054 -0.018 -0.0097
  neighbors: f3601 f3602 f3603 f3604
- p9127(v729): -0.028 -0.047 0.026
  neighbors: f3605 f3606 f4815 f4813 f4818 f4819
- p5199(v446): -0.027 -0.046 0.026
  neighbors: f3605 f4814 f4813 f4455 f4798 f4797 f5056 f5057
- p8833(v154): -0.028 -0.047 0.026
  neighbors: f4478 f4477 f3606 f3605 f4002 f4010 f4798 f4799
- p3104(v590): -0.038 -0.047 0.026
  neighbors: f3973 f3972 f3606 f4477 f4475 f4816 f4818
- p6161(v730): -0.053 -0.032 0.026
  neighbors: f3609 f3610 f5160 f5163
- p540(v731): -0.054 -0.032 0.026
  neighbors: f3611 f3612 f4193 f4612 f4614
- p8547(v732): -0.053 -0.035 0.026
  neighbors: f3617 f3620 f3622
- p9965(v733): -0.053 -0.039 0.026
  neighbors: f3618 f3619 f3620 f3621 f3622
- p1407(v734): -0.053 -0.04 0.026
  neighbors: f3623 f3624 f3625 f3626 f3627 f3628
- p4979(v735): -0.054 -0.032 0.026
  neighbors: f3629 f3630 f3637 f4196 f4198
- p2377(v736): -0.054 -0.03 0.026
  neighbors: f3633 f3634 f3637 f3636 f4197 f4198
- p8600(v737): -0.038 -0.02 0.025
  neighbors: f3638 f3639 f3640
- p3117(v738): -0.037 -0.02 0.025
  neighbors: f3641 f3642 f3643 f3644 f4199 f4200
- p9450(v739): -0.035 -0.022 0.025
  neighbors: f3647 f3648 f3649 f3650
- p1593(v740): -0.051 -0.021 0.025
  neighbors: f3651 f4210 f4205 f4615 f4617
- p2711(v742): -0.027 -0.045 0.026
  neighbors: f3968 f3660 f3661 f3662 f3663 f3664 f3665 f4213 f4212 f4447 f4449
- p2679(v670): -0.036 -0.045 0.026
  neighbors: f3664 f3968 f5153 f5155
- p7118(v364): -0.027 -0.044 0.026
  neighbors: f3664 f4212 f5155 f5164
- p2475(v745): -0.035 -0.021 0.025
  neighbors: f3683 f3682 f4224 f4227
- p5191(v746): -0.049 -0.023 0.026
  neighbors: f4232 f4242 f3688 f4639 f4640
- p908(v747): -0.031 -0.023 0.026
  neighbors: f3690 f4234 f4241 f4244
- p5782(v748): -0.037 -0.024 0.026
  neighbors: f3695 f3696 f3697 f4235 f4236
- p5064(v749): -0.033 -0.022 0.026
  neighbors: f4254 f3706 f4251 f4245 f3705 f4646 f4895 f4896
- p4780(v453): -0.045 -0.022 0.026
  neighbors: f3706 f4894 f4895
- p3635(v750): -0.036 -0.023 0.026
  neighbors: f3708 f3709 f3712 f3711 f3716 f3717
- p8514(v616): -0.038 -0.022 0.026
  neighbors: f3712 f3715 f3716
- p7285(v751): -0.05 -0.023 0.026
  neighbors: f3713 f3717 f3715 f3716 f4252 f4253
- p3000(v754): -0.035 -0.051 0.023
  neighbors: f4260 f3725 f3726 f4259 f4279 f4285
- p9791(v753): -0.041 -0.051 0.023
  neighbors: f3726 f4279 f4280
- p4362(v755): -0.042 -0.05 0.024
  neighbors: f3730 f3740 f3742
- p8952(v756): -0.029 -0.05 0.024
  neighbors: f3742 f3741 f4263 f3739 f3740 f4274 f4649 f4650
- p8124(v621): -0.032 -0.051 0.023
  neighbors: f3739 f4263 f4260 f4258 f4262 f4284 f4285
- p7323(v757): -0.05 -0.051 0.023
  neighbors: f4276 f3744 f4275 f3746 f4281 f4282
- p9594(v759): -0.049 -0.05 0.024
  neighbors: f3753 f4914 f4315 f4290 f5019 f4661 f4680 f4913 f5072 f5074
- p7321(v762): -0.043 -0.049 0.025
  neighbors: f4321 f4320 f4296 f3784 f3768 f4297 f4470 f4471
- p5946(v628): -0.029 -0.049 0.025
  neighbors: f3768 f3777 f3775 f3782 f3784
- p476(v245): -0.027 -0.049 0.025
  neighbors: f4467 f3777 f3983 f4266 f3776 f3952 f3982 f3768 f3951 f4267 f4470 f4473
- p5411(v764): -0.028 -0.05 0.024
  neighbors: f3775 f3776 f3777 f4318 f4674 f4675
- p8530(v629): -0.029 -0.05 0.024
  neighbors: f3782 f4659 f3775 f4319 f4318 f4657 f4897 f4898
- p3609(v473): -0.027 -0.05 0.024
  neighbors: f4273 f4304 f4266 f3776 f4675 f4677
- p6097(v765): -0.033 -0.049 0.025
  neighbors: f3784 f3782 f4686 f4321 f4657 f4901 f4900 f4915 f4916
- p1857(v766): -0.048 -0.017  0.02
  neighbors: f3785 f3786 f3787 f3788 f4056 f4058
- p187(v767): -0.043 -0.017  0.02
  neighbors: f3794 f3793 f4328 f4330
- p9284(v768): -0.037 -0.018 0.022
  neighbors: f3795 f3796 f3797 f3798
- p8199(v769): -0.044 -0.018 0.022
  neighbors: f3799 f3800 f3801 f3802 f3803
- p2356(v770): -0.039 -0.017  0.02
  neighbors: f3804 f3805 f3806 f4694 f4697
- p1578(v635): -0.043 -0.017  0.02
  neighbors: f3812 f4693 f3814 f3805 f3811 f3813 f4694 f4695
- p8645(v771): -0.043 -0.017  0.02
  neighbors: f3810 f3811 f3812
- p2722(v772): -0.043 -0.017  0.02
  neighbors: f3813 f3814 f4329 f4331
- p9824(v773): -0.043 -0.019 0.024
  neighbors: f3817 f3825 f3824 f4334 f4706 f4707
- p7813(v774): -0.034 -0.019 0.024
  neighbors: f3821 f3822 f3823 f3824 f3825
- p5018(v775): -0.033 -0.02 0.024
  neighbors: f4339 f3830 f3829 f4701 f4704
- p4454(v776): -0.035 -0.019 0.023
  neighbors: f3831 f4344 f4343 f4346 f4348
- p4341(v777): -0.046 -0.019 0.023
  neighbors: f3835 f3836 f3837 f3838
- p829(v778): -0.033 -0.018 0.023
  neighbors: f4352 f4350 f3841 f4360 f5025 f5030 f5031
- p379(v779): -0.032 -0.018 0.022
  neighbors: f3847 f3848 f3849 f3850
- p866(v780): -0.028 -0.053 0.019
  neighbors: f3851 f3852 f3853 f3854
- p7075(v781): -0.043 -0.053 0.019
  neighbors: f3855 f3858 f3857 f4727 f4729
- p6497(v783): -0.05 -0.052  0.02
  neighbors: f3863 f4930 f3865 f3866 f5032 f5034
- p4849(v784): -0.047 -0.052 0.019
  neighbors: f3869 f4376 f4381 f4383
- p1003(v647): -0.048 -0.052  0.02
  neighbors: f4381 f4734 f3869 f4372 f4733 f4922 f4924
- p552(v788): -0.026 -0.053 0.017
  neighbors: f3890 f3891 f3892 f3893 f3894
- p5319(v789): -0.026 -0.051 0.022
  neighbors: f3895 f3896 f3897 f3898 f3899
- p8114(v652): -0.026 -0.051 0.023
  neighbors: f3899 f3896 f4265 f4268
- p6391(v791): -0.026 -0.052 0.013
  neighbors: f3905 f3906 f3907 f4763 f4756 f4951 f4953
- p4074(v792): -0.026 -0.052 -0.016
  neighbors: f3911 f3913 f4410 f4411
- p2013(v793): -0.026 -0.052 0.0085
  neighbors: f3918 f3917 f4409 f4768 f4770
- p9555(v794): -0.026 -0.052 -0.0073
  neighbors: f3919 f3920 f3921
- p327(v795): -0.026 -0.041 0.026
  neighbors: f3930 f4416 f3924 f4414 f4418 f4420
- p5468(v796): -0.026 -0.031 0.026
  neighbors: f3927 f3931 f3947 f3930 f3945 f4419 f4420
- p3939(v797): -0.026 -0.03 0.026
  neighbors: f3933 f3934 f3935 f3936 f4776 f4774 f4778 f4779
- p9039(v798): -0.026 -0.037 0.025
  neighbors: f3941 f3942 f5148 f5149
- p1908(v799): -0.026 -0.034 0.025
  neighbors: f3943 f3944 f3945 f3946 f3947
- p6521(v801): -0.027 -0.047 0.026
  neighbors: f3951 f3952 f4794 f4804 f3998 f3999 f4792 f4964 f4965
- p1842(v515): -0.031 -0.048 0.025
  neighbors: f4017 f3982 f3952 f4801 f4804
- p1446(v802): -0.026 -0.046 0.025
  neighbors: f3958 f3962 f4431 f4440 f4786 f4787
- p3655(v803): -0.045 -0.045 0.026
  neighbors: f3968 f3966 f4448 f4449 f5153 f5157
- p3927(v804): -0.053 -0.046 0.026
  neighbors: f3969 f4476 f3972 f4004 f4450 f4475 f4810 f4812
- p6500(v672): -0.044 -0.046 0.026
  neighbors: f3973 f3972 f4453 f4821 f4811 f4810 f4824 f4970 f4969 f5047 f5048
- p3184(v805): -0.035 -0.046 0.026
  neighbors: f3973 f4817 f4455 f4971 f4816 f4822 f4969 f5057 f5058
- p6711(v807): -0.031 -0.048 0.025
  neighbors: f3982 f3983 f4017 f4018
- p8035(v673): -0.037 -0.048 0.025
  neighbors: f4018 f4492 f3983 f4469 f4467 f4491 f4493 f4494
- p4065(v810): -0.036 -0.047 0.026
  neighbors: f4003 f3999 f3998 f4002 f4799 f4800
- p2594(v366): -0.027 -0.047 0.026
  neighbors: f3998 f4794 f4800
- p172(v674): -0.038 -0.047 0.026
  neighbors: f4008 f4003 f3999 f4482 f4011 f4481 f4484 f4965 f4966
- p924(v811): -0.033 -0.047 0.026
  neighbors: f4003 f4002 f4008 f4010
- p700(v812): -0.047 -0.047 0.026
  neighbors: f4004 f4010 f4478 f4476 f4008 f4480 f4482
- p3570(v813): -0.047 -0.047 0.026
  neighbors: f4011 f4012 f4484 f4485
- p4193(v814): -0.044 -0.048 0.025
  neighbors: f4018 f4802 f4017 f4491 f4801 f4984 f5064 f5066
- p7735(v815): -0.051 -0.048 0.025
  neighbors: f4021 f4022 f4492 f4490 f4494 f4495
- p4216(v816): -0.053 -0.017 0.00096
  neighbors: f4027 f4028 f4029
- p3700(v817): -0.047 -0.017 0.019
  neighbors: f4030 f4031 f4032 f4033 f4034 f4035
- p6937(v818): -0.047 -0.017 0.019
  neighbors: f4036 f4037 f4038
- p5024(v819): -0.042 -0.017 0.019
  neighbors: f4039 f4040 f4041 f4042
- p2012(v820): -0.031 -0.018 0.021
  neighbors: f4043 f4044 f4045 f4046
- p3033(v821): -0.03 -0.017 0.021
  neighbors: f4047 f4048 f4053 f4054
- p8595(v822): -0.037 -0.017 0.021
  neighbors: f4051 f4052 f4053 f4054 f4055 f4056 f4058 f4498 f4499
- p1957(v636): -0.045 -0.017 0.021
  neighbors: f4051 f4499 f4501
- p6243(v823): -0.027 -0.017 -0.0075
  neighbors: f4059 f4060 f4502 f4503
- p1563(v824): -0.027 -0.017 0.0071
  neighbors: f4505 f4064 f4504 f4508 f4517 f4518
- p7415(v825): -0.026 -0.017 0.0076
  neighbors: f4065 f4066 f4509 f4513
- p8965(v826): -0.027 -0.017 0.015
  neighbors: f4071 f4515 f4519 f4836 f4837
- p9400(v829): -0.032 -0.052 0.021
  neighbors: f4844 f4534 f4531 f4090 f4856 f4988 f4987 f5009 f5010
- p75(v830): -0.048 -0.052 0.022
  neighbors: f4095 f4853 f5002 f5004
- p6058(v831): -0.032 -0.052 0.022
  neighbors: f4104 f4097 f4098 f4099 f4867 f4866 f4862 f5003 f5006
- p5594(v832): -0.031 -0.051 0.022
  neighbors: f4104 f4549 f4864 f4866
- p1243(v833): -0.035 -0.048 -0.026
  neighbors: f4114 f4555 f4110 f4111 f4112 f4113 f4872 f4874
- p3752(v695): -0.035 -0.048 -0.025
  neighbors: f4118 f4111 f4117 f4555 f4557
- p8769(v834): -0.048 -0.048 -0.025
  neighbors: f4115 f4116 f4117 f4118
- p980(v835): -0.026 -0.018 -0.005
  neighbors: f4119 f4120 f4559 f4560
- p2322(v836): -0.026 -0.017 -0.02
  neighbors: f4123 f4124 f4565 f4568
- p3139(v837): -0.039 -0.017 -0.02
  neighbors: f4129 f4131 f4570 f4571
- p8058(v838): -0.031 -0.017 -0.02
  neighbors: f4132 f4135 f4134 f4573 f4574
- p4926(v839): -0.041 -0.017 -0.02
  neighbors: f4136 f4137 f4138
- p1324(v840): -0.047 -0.017 -0.02
  neighbors: f4139 f4140 f4142 f4576 f4578
- p5148(v841): -0.031 -0.017 -0.02
  neighbors: f4144 f4145 f4146 f4577 f4579
- p6586(v843): -0.048 -0.017 -0.021
  neighbors: f4152 f4153 f4154
- p9141(v717): -0.038 -0.017 -0.021
  neighbors: f4154 f4160 f4153 f4585 f4587
- p9525(v844): -0.031 -0.017 -0.021
  neighbors: f4155 f4156 f4160 f4584 f4588 f4583 f4587 f4589 f4590
- p0(v845): -0.044 -0.018 -0.022
  neighbors: f4161 f4162 f4163 f4167 f4168
- p3627(v846): -0.045 -0.018 -0.022
  neighbors: f4165 f4166 f4167 f4168
- p9916(v847): -0.048 -0.018 -0.022
  neighbors: f4169 f4170 f4875 f4877
- p5701(v848): -0.038 -0.018 -0.022
  neighbors: f4172 f4594 f4599 f4600
- p8333(v849): -0.035 -0.019 -0.023
  neighbors: f4180 f4608 f4611 f4610 f4879 f4881
- p9606(v850): -0.032 -0.018 -0.022
  neighbors: f4181 f4182 f4183 f4184 f4185
- p107(v851): -0.054 -0.018 0.0076
  neighbors: f4186 f4187 f4188 f4189 f4190
- p8503(v852): -0.054 -0.031 0.025
  neighbors: f4191 f4192 f4193 f4194 f4613 f4614
- p3010(v853): -0.054 -0.035 0.026
  neighbors: f4196 f4197 f4198
- p2365(v854): -0.049 -0.02 0.025
  neighbors: f4199 f4200 f4204 f4203 f4616 f4618
- p6008(v855): -0.049 -0.021 0.025
  neighbors: f4205 f4210 f4207 f4208 f4209 f4620 f4621
- p3269(v856): -0.027 -0.044 0.026
  neighbors: f4212 f4213 f5164 f5165
- p2851(v857): -0.028 -0.025 0.026
  neighbors: f4214 f4217 f4216 f4622 f5013 f5014
- p5677(v744): -0.039 -0.025 0.026
  neighbors: f4631 f4214 f4622 f4884 f5011 f5012 f5162
- p9445(v462): -0.029 -0.025 0.026
  neighbors: f4214 f4216 f5161 f5162
- p2613(v858): -0.047 -0.025 0.026
  neighbors: f4631 f4220 f4630 f4882 f4884
- p1450(v859): -0.037 -0.021 0.025
  neighbors: f4223 f4224 f4225 f4226 f4227 f4228 f4229
- p3727(v860): -0.043 -0.023 0.026
  neighbors: f4232 f4640 f4642
- p246(v861): -0.031 -0.024 0.026
  neighbors: f4241 f4234 f4235 f4236 f4240 f4635 f4889 f4891
- p706(v862): -0.033 -0.023 0.026
  neighbors: f4244 f4240 f4241 f4242 f4637 f4636 f4638 f4639
- p7935(v466): -0.035 -0.024 0.026
  neighbors: f4240 f4637 f4889 f4890
- p2219(v863): -0.028 -0.022 0.026
  neighbors: f4245 f4246 f4247 f4644 f4646
- p5748(v864): -0.04 -0.022 0.026
  neighbors: f4251 f4252 f4253 f4254 f4255 f4256 f4257
- p8536(v865): -0.033 -0.051 0.023
  neighbors: f4258 f4259 f4260
- p5464(v866): -0.027 -0.05 0.024
  neighbors: f4269 f4262 f4263 f4264 f4265 f4266 f4267 f4268 f4273 f4274
- p4108(v867): -0.028 -0.05 0.024
  neighbors: f4305 f4274 f4304 f4273 f4650 f4652
- p9593(v868): -0.05 -0.051 0.023
  neighbors: f4275 f4276 f4277 f4278
- p954(v869): -0.038 -0.051 0.023
  neighbors: f4279 f4280 f4281 f4282 f4283 f4284 f4285
- p577(v871): -0.049 -0.05 0.024
  neighbors: f4290 f4291 f4292 f4661 f4665
- p4537(v760): -0.049 -0.049 0.025
  neighbors: f4292 f4291 f4295 f4669 f4907 f4908
- p5591(v476): -0.049 -0.049 0.025
  neighbors: f4296 f4295 f4665 f4292 f4320 f4687 f4688
- p9750(v872): -0.045 -0.049 0.025
  neighbors: f4295 f4296 f4297 f4667 f4669
- p7489(v874): -0.034 -0.05 0.024
  neighbors: f4671 f4304 f4305 f4677 f4679
- p7852(v758): -0.043 -0.05 0.024
  neighbors: f4652 f4651 f4305 f4671 f4673
- p8223(v877): -0.045 -0.05 0.024
  neighbors: f4319 f4315 f4674 f4318 f4911 f4913
- p1340(v876): -0.038 -0.05 0.024
  neighbors: f4319 f4315 f4899 f4897 f5074 f5075
- p9315(v878): -0.042 -0.049 0.025
  neighbors: f4320 f4321 f4686 f4687
- p5819(v880): -0.039 -0.017  0.02
  neighbors: f4328 f4329 f4330 f4331
- p190(v881): -0.048 -0.019 0.024
  neighbors: f4334 f4333 f4703 f4707
- p4229(v882): -0.031 -0.019 0.024
  neighbors: f4338 f4339 f4704 f4705
- p6803(v883): -0.044 -0.019 0.023
  neighbors: f4342 f4343 f4344
- p7021(v884): -0.032 -0.019 0.023
  neighbors: f4345 f4346 f4347 f4348
- p7825(v885): -0.029 -0.018 0.023
  neighbors: f4349 f4350 f4351 f4352
- p4786(v886): -0.048 -0.018 0.023
  neighbors: f4360 f4359 f4355 f4358 f4709 f5027 f5030
- p1619(v887): -0.027 -0.052  0.02
  neighbors: f4365 f4364 f4363 f4368 f4370
- p5755(v167): -0.028 -0.052  0.02
  neighbors: f4363 f4368 f4532 f4530 f4717 f4718
- p2693(v888): -0.027 -0.052  0.02
  neighbors: f4370 f4369 f4368 f4716 f4718
- p2306(v782): -0.029 -0.052  0.02
  neighbors: f4372 f4369 f4716 f4715 f4733 f4934 f4936
- p4754(v889): -0.042 -0.052  0.02
  neighbors: f4715 f4372 f4923 f4922 f4932 f4933
- p4679(v890): -0.047 -0.052 0.019
  neighbors: f4730 f4376 f4383 f4735 f4737
- p7077(v891): -0.041 -0.052  0.02
  neighbors: f4383 f4381 f4734 f4735
- p676(v892): -0.026 -0.052 0.013
  neighbors: f4940 f4748 f4389 f4937 f4945 f4946
- p3384(v894): -0.026 -0.053 -0.021
  neighbors: f4398 f4942 f4944 f5168 f5171
- p3696(v895): -0.026 -0.052 -0.018
  neighbors: f4950 f4754 f4403 f5038 f5040
- p1173(v786): -0.026 -0.052 -0.018
  neighbors: f4403 f4754 f4943 f4939 f4956 f4957
- p1955(v897): -0.026 -0.052 0.013
  neighbors: f4408 f4409 f4410 f4411 f4769 f4770
- p3706(v898): -0.026 -0.04 0.026
  neighbors: f4413 f4414 f4415 f4416
- p2540(v899): -0.026 -0.041 0.026
  neighbors: f4417 f4418 f4419 f4420
- p8991(v902): -0.026 -0.047 0.025
  neighbors: f4430 f4431 f4432 f4433 f4440 f4442
- p9133(v800): -0.026 -0.047 0.024
  neighbors: f4430 f4432 f5127 f5128 f5129 f5130 f5131 f5132 f5133 f5134 f5135 f5136 f5137 f5138 f5139 f5140 f5141 f5142 f5143 f5144 f5145 f5146 f5147 f5148 f5149
- p2397(v903): -0.026 -0.047 0.025
  neighbors: f4787 f4440 f4442 f4441 f4793 f4796
- p377(v905): -0.047 -0.045 0.026
  neighbors: f4447 f4448 f4449
- p2612(v906): -0.05 -0.046 0.026
  neighbors: f4450 f4453 f4452 f4811 f4812
- p6767(v806): -0.046 -0.046 0.026
  neighbors: f4452 f4453 f5047 f5050
- p8935(v907): -0.031 -0.046 0.026
  neighbors: f4815 f4455 f4814 f4817 f4819
- p4061(v910): -0.03 -0.049 0.025
  neighbors: f4467 f4469 f4473 f4474
- p8852(v809): -0.048 -0.049 0.025
  neighbors: f4474 f4469 f4472 f4493 f4497
- p8252(v911): -0.039 -0.049 0.025
  neighbors: f4470 f4471 f4472 f4473 f4474
- p6176(v912): -0.046 -0.047 0.026
  neighbors: f4475 f4476 f4477 f4478
- p255(v913): -0.05 -0.047 0.026
  neighbors: f4479 f4480 f4481 f4482
- p8447(v914): -0.033 -0.047 0.026
  neighbors: f4967 f4484 f4485 f4831 f4966 f4982 f4983
- p9230(v915): -0.051 -0.048 0.025
  neighbors: f4492 f4490 f4491 f4808 f5066 f5067
- p5517(v916): -0.049 -0.049 0.025
  neighbors: f4493 f4494 f4495 f4496 f4497
- p7242(v917): -0.047 -0.017 0.021
  neighbors: f4498 f4499 f4500 f4501
- p4392(v918): -0.027 -0.017 -0.0045
  neighbors: f4502 f4503 f4504 f4505
- p6555(v919): -0.027 -0.017 0.011
  neighbors: f4508 f4516 f4518
- p5293(v920): -0.026 -0.017 0.0065
  neighbors: f4509 f4510 f4511 f4512 f4513
- p3992(v921): -0.027 -0.017  0.01
  neighbors: f4518 f4515 f4516 f4517 f4836 f4838
- p2200(v922): -0.027 -0.017 -0.016
  neighbors: f4519 f4520 f4521 f4837 f4839
- p938(v923): -0.029 -0.052 0.021
  neighbors: f4533 f4989 f4532 f4531 f4528 f4529 f4530 f4987 f4995 f4996
- p7412(v924): -0.033 -0.052 0.021
  neighbors: f4534 f4852 f4856
- p1283(v926): -0.041 -0.051 0.022
  neighbors: f4552 f4546 f4865 f4870
- p528(v927): -0.03 -0.051 0.023
  neighbors: f4548 f4549 f4550 f4551 f4552 f4864 f4865
- p1440(v928): -0.03 -0.048 -0.025
  neighbors: f4557 f4555 f4556 f4871 f4872
- p1241(v929): -0.026 -0.018 0.0073
  neighbors: f4558 f4559 f4560 f4561 f4562
- p9298(v930): -0.026 -0.017 -0.02
  neighbors: f4563 f4564 f4565 f4566 f4567 f4568
- p4536(v931): -0.047 -0.017 -0.02
  neighbors: f4569 f4570 f4571
- p4693(v932): -0.04 -0.017 -0.02
  neighbors: f4572 f4573 f4574
- p5210(v933): -0.049 -0.017 -0.02
  neighbors: f4575 f4576 f4577 f4578 f4579
- p4431(v934): -0.032 -0.017 -0.021
  neighbors: f4580 f4581 f4582 f4583 f4584
- p7389(v842): -0.043 -0.017 -0.021
  neighbors: f4584 f4580 f4586 f4588
- p88(v935): -0.041 -0.017 -0.021
  neighbors: f4585 f4586 f4587 f4588
- p9399(v936): -0.043 -0.017 -0.021
  neighbors: f4589 f4590 f4591 f4592
- p1616(v937): -0.042 -0.018 -0.022
  neighbors: f4593 f4594 f4600 f4603
- p1959(v938): -0.031 -0.018 -0.022
  neighbors: f4598 f4599 f4600 f4603 f4876 f4878
- p1209(v939): -0.044 -0.019 -0.023
  neighbors: f4608 f4605 f4606 f4607 f4880 f4881
- p7120(v940): -0.033 -0.018 -0.023
  neighbors: f4609 f4610 f4611
- p8448(v941): -0.054 -0.034 0.026
  neighbors: f4612 f4613 f4614
- p2363(v942): -0.05 -0.02 0.025
  neighbors: f4615 f4616 f4617 f4618
- p7062(v943): -0.047 -0.021 0.025
  neighbors: f4619 f4620 f4621
- p8924(v944): -0.039 -0.025 0.026
  neighbors: f4622 f5011 f5014
- p9110(v945): -0.047 -0.025 0.026
  neighbors: f4630 f4631 f5152 f5153 f5154 f5155 f5156 f5157 f5158 f5159 f5160 f5161 f5162 f5163 f5164 f5165
- p6728(v946): -0.039 -0.024 0.026
  neighbors: f4637 f4633 f4634 f4635 f4636 f4890 f4891
- p4785(v947): -0.033 -0.023 0.026
  neighbors: f4638 f4639 f4640 f4641 f4642
- p7470(v948): -0.029 -0.022 0.026
  neighbors: f4643 f4644 f4645 f4646 f4892 f4896
- p2870(v949): -0.034 -0.05 0.024
  neighbors: f4649 f4650 f4651 f4652
- p3666(v951): -0.032 -0.049 0.025
  neighbors: f4657 f4660 f4659 f4901 f4902
- p1322(v950): -0.039 -0.05 0.024
  neighbors: f5021 f4660 f4899 f4659 f4898 f5073 f5075
- p1273(v870): -0.043 -0.049 0.025
  neighbors: f4660 f4902 f4689 f4906 f4900 f4917 f4915 f5021 f5022
- p9434(v952): -0.048 -0.049 0.025
  neighbors: f4661 f4689 f4688 f4665 f4906 f5019 f5020
- p7380(v953): -0.045 -0.049 0.025
  neighbors: f4669 f4667 f4908 f4910
- p4102(v954): -0.048 -0.05 0.024
  neighbors: f4673 f4671 f4672 f4679 f4683 f4684
- p1961(v955): -0.043 -0.05 0.024
  neighbors: f4674 f4675 f4679 f4677 f4684 f4911 f4912
- p7414(v956): -0.049 -0.05 0.024
  neighbors: f4680 f4684 f4683 f4912 f4914
- p7107(v957): -0.048 -0.049 0.025
  neighbors: f4689 f4686 f4687 f4688 f4916 f4917
- p8661(v958): -0.037 -0.017  0.02
  neighbors: f4693 f4695 f4700
- p4443(v959): -0.032 -0.017  0.02
  neighbors: f4694 f4695 f4696 f4697 f4698 f4699 f4700
- p8559(v960): -0.046 -0.019 0.024
  neighbors: f4701 f4702 f4703 f4704 f4705 f4706 f4707
- p549(v961): -0.05 -0.018 0.023
  neighbors: f4708 f4709 f4710 f4919 f5027 f5028
- p8403(v962): -0.03 -0.052  0.02
  neighbors: f4717 f4718 f4715 f4716 f4931 f4932
- p9890(v964): -0.045 -0.053 0.019
  neighbors: f4727 f4730 f4729 f4736 f4737
- p1408(v965): -0.033 -0.052  0.02
  neighbors: f4737 f4732 f4733 f4734 f4735 f4736 f4935 f4936
- p6110(v968): -0.026 -0.052 0.0074
  neighbors: f4746 f4749 f4748 f4946 f4948 f5168 f5169 f5171
- p3765(v787): -0.026 -0.052 -0.02
  neighbors: f4749 f4941 f4942 f5171
- p4298(v648): -0.026 -0.052 -0.015
  neighbors: f4941 f4749 f4938 f4947 f4948
- p8092(v969): -0.026 -0.052 -0.017
  neighbors: f4957 f4754 f5040 f5042 f5044
- p5253(v970): -0.026 -0.052 0.015
  neighbors: f5039 f4756 f4951 f4954 f5043 f5045
- p6850(v971): -0.026 -0.052 -0.015
  neighbors: f4760 f4761 f4762
- p8790(v896): -0.026 -0.052 -0.0051
  neighbors: f4762 f4761 f4764 f4765
- p730(v972): -0.026 -0.052 0.0043
  neighbors: f4763 f4764 f4765 f4952 f4953
- p2934(v973): -0.026 -0.052 0.0066
  neighbors: f4768 f4769 f4770
- p1584(v974): -0.026 -0.039 0.026
  neighbors: f4771 f4772 f4790 f4791
- p7483(v900): -0.026 -0.035 0.026
  neighbors: f4791 f4775 f4772 f4958 f4959
- p5996(v975): -0.026 -0.032 0.026
  neighbors: f4774 f4775 f4776 f4959 f4960
- p6655(v901): -0.026 -0.043 0.026
  neighbors: f4782 f4776 f4779 f4781 f4960 f4963
- p6799(v976): -0.026 -0.039 0.026
  neighbors: f4778 f4779 f4780 f4781
- p27(v977): -0.026 -0.045 0.026
  neighbors: f4782 f4796 f4784 f4787 f4786 f4795 f4962 f4963
- p2220(v978): -0.026 -0.041 0.026
  neighbors: f4791 f4790 f4958 f4961
- p324(v979): -0.027 -0.047 0.026
  neighbors: f4792 f4793 f4794 f4795 f4796 f4797 f4798 f4799 f4800
- p5884(v980): -0.032 -0.048 0.025
  neighbors: f4801 f4802 f4804 f4964 f4968
- p925(v904): -0.035 -0.048 0.026
  neighbors: f4968 f4802 f4967 f4982 f4984
- p1728(v981): -0.049 -0.048 0.026
  neighbors: f4986 f4808 f4833 f5065 f5067
- p5611(v982): -0.047 -0.046 0.026
  neighbors: f4810 f4811 f4812
- p4816(v983): -0.028 -0.046 0.026
  neighbors: f4813 f4814 f4815
- p9404(v984): -0.033 -0.046 0.026
  neighbors: f4816 f4817 f4818 f4819
- p9760(v985): -0.035 -0.046 0.026
  neighbors: f4822 f4821 f4970 f4971
- p293(v908): -0.032 -0.046 0.026
  neighbors: f4824 f4821 f4822 f5052 f5058
- p2856(v986): -0.039 -0.046 0.026
  neighbors: f5048 f4824 f5046 f5052 f5053
- p5560(v987): -0.04 -0.045 0.026
  neighbors: f4828 f4977 f5061 f5063
- p9938(v988): -0.045 -0.048 0.026
  neighbors: f4831 f4833 f4983 f4986
- p6632(v989): -0.027 -0.017 -0.0088
  neighbors: f4836 f4837 f4838 f4839
- p4584(v990): -0.039 -0.052 0.021
  neighbors: f4844 f4995 f4988 f4843 f4989 f5069 f5071
- p3140(v992): -0.035 -0.052 0.022
  neighbors: f4856 f4852 f4853 f5002 f5001 f5008 f5010
- p8906(v994): -0.042 -0.052 0.022
  neighbors: f4862 f4867 f4868
- p9861(v995): -0.033 -0.051 0.022
  neighbors: f4864 f4865 f4866 f4867 f4868 f4869 f4870
- p2484(v996): -0.034 -0.048 -0.026
  neighbors: f4871 f4872 f4873 f4874
- p8748(v997): -0.04 -0.018 -0.022
  neighbors: f4875 f4876 f4877 f4878
- p451(v998): -0.045 -0.019 -0.023
  neighbors: f4879 f4880 f4881
- p424(v999): -0.042 -0.025 0.026
  neighbors: f4882 f4883 f4884 f5012 f5017
- p3816(v1000): -0.035 -0.024 0.026
  neighbors: f4889 f4890 f4891
- p1211(v1001): -0.029 -0.022 0.026
  neighbors: f4892 f4893 f4894 f4895 f4896
- p2078(v1002): -0.034 -0.05 0.024
  neighbors: f4897 f4898 f4899
- p8506(v1003): -0.038 -0.049 0.025
  neighbors: f4900 f4901 f4902
- p5374(v1004): -0.046 -0.049 0.025
  neighbors: f4906 f5020 f5022
- p8065(v1005): -0.049 -0.049 0.025
  neighbors: f4907 f4908 f4909 f4910
- p3333(v1006): -0.049 -0.05 0.024
  neighbors: f4911 f4912 f4913 f4914
- p2141(v1007): -0.044 -0.049 0.025
  neighbors: f4915 f4916 f4917
- p5569(v1008): -0.047 -0.018 0.023
  neighbors: f4918 f4919 f5023 f5028 f5029
- p4626(v1009): -0.052 -0.052  0.02
  neighbors: f4922 f4923 f4924 f4925 f4926 f5035 f5037
- p2329(v963): -0.051 -0.052  0.02
  neighbors: f4933 f4923 f5033 f5035
- p8195(v1010): -0.047 -0.052  0.02
  neighbors: f4933 f4930 f4931 f4932 f5032 f5033
- p3372(v1011): -0.029 -0.052 0.019
  neighbors: f4934 f4935 f4936
- p6956(v1012): -0.026 -0.052 -0.018
  neighbors: f4937 f4938 f4939 f4940 f4941 f4942 f4943 f4944
- p265(v966): -0.026 -0.052 0.0076
  neighbors: f4938 f4937 f4945 f4947
- p2007(v1013): -0.026 -0.052 0.0074
  neighbors: f4945 f4946 f4947 f4948
- p3325(v1014): -0.026 -0.052 -0.0081
  neighbors: f4953 f4950 f4951 f4952 f5038 f5039
- p1131(v1015): -0.026 -0.052 0.017
  neighbors: f4954 f4957 f4956 f5042 f5043
- p5447(v1016): -0.026 -0.043 0.026
  neighbors: f4958 f4959 f4960 f4961 f4962 f4963
- p1577(v1017): -0.032 -0.047 0.026
  neighbors: f4964 f4965 f4966 f4967 f4968
- p3002(v1018): -0.037 -0.046 0.026
  neighbors: f4969 f4970 f4971
- p4878(v1020): -0.028 -0.045 0.026
  neighbors: f4977 f5055 f5061 f5078 f5076 f5080 f5083 f5085
- p5871(v1021): -0.044 -0.048 0.026
  neighbors: f4982 f4983 f4984 f4986 f5064 f5065
- p8509(v1022): -0.037 -0.052 0.021
  neighbors: f4987 f4988 f4989
- p8003(v1024): -0.031 -0.052 0.021
  neighbors: f4995 f4996 f5000 f4998 f4999 f5068 f5069
- p7186(v1025): -0.033 -0.052 0.022
  neighbors: f5001 f5002 f5003 f5004 f5005 f5006
- p1994(v1026): -0.041 -0.052 0.021
  neighbors: f5007 f5008 f5009 f5010
- p2825(v1027): -0.041 -0.025 0.026
  neighbors: f5011 f5012 f5013 f5014 f5015 f5016 f5017
- p8465(v1028): -0.046 -0.05 0.025
  neighbors: f5022 f5019 f5020 f5021 f5072 f5073
- p2611(v1029): -0.044 -0.018 0.023
  neighbors: f5023 f5025 f5029 f5031
- p7731(v1030): -0.047 -0.018 0.023
  neighbors: f5027 f5028 f5029 f5030 f5031
- p6846(v1031): -0.052 -0.052  0.02
  neighbors: f5032 f5033 f5034 f5035 f5036 f5037
- p4485(v1032): -0.026 -0.052 -0.0064
  neighbors: f5038 f5039 f5040 f5044 f5045
- p4489(v1033): -0.026 -0.052 0.0074
  neighbors: f5042 f5043 f5044 f5045
- p1026(v1034): -0.045 -0.046 0.026
  neighbors: f5046 f5047 f5048 f5049 f5050 f5051
- p2764(v1019): -0.04 -0.046 0.026
  neighbors: f5049 f5077 f5046 f5053 f5076 f5081 f5083 f5084
- p1431(v909): -0.044 -0.045 0.026
  neighbors: f5051 f5049 f5062 f5081 f5082
- p1914(v1035): -0.028 -0.046 0.026
  neighbors: f5052 f5053 f5058 f5055 f5056 f5057 f5077 f5078
- p6015(v1036): -0.038 -0.045 0.026
  neighbors: f5063 f5062 f5061 f5080 f5082
- p1869(v1037): -0.048 -0.048 0.025
  neighbors: f5064 f5065 f5066 f5067
- p3544(v1038): -0.041 -0.052 0.021
  neighbors: f5068 f5069 f5070 f5071
- p8445(v1039): -0.046 -0.05 0.024
  neighbors: f5072 f5073 f5074 f5075
- p6646(v1040): -0.035 -0.046 0.026
  neighbors: f5076 f5077 f5078
- p9793(v1041): -0.039 -0.046 0.026
  neighbors: f5082 f5080 f5081 f5084 f5085
- p7676(v1042): -0.038 -0.045 0.026
  neighbors: f5083 f5084 f5085
- f121
    - flags: top simplicial
    - normal:   -0.2229   0.9735 -0.05023
    - offset: 0.003943125
    - center: -0.05293353333333333 -0.01709963333333333 -0.01802026666666667 
    - vertices: p7601(v29) p1057(v28) p946(v15)
    - neighboring facets: f225 f441 f2802
- f225
    - flags: bottom simplicial tested
    - normal:  -0.001192        1 -0.001904
    - offset: 0.01690536
    - center: -0.05228749999999999 -0.01700096666666667 -0.01746136666666667 
    - vertices: p4062(v51) p1057(v28) p946(v15)
    - neighboring facets: f121 f5089 f925
    - ridges:
- f365
    - flags: top simplicial tested
    - normal:   -0.9988  0.04641  0.01682
    - offset: -0.05325697
    - center: -0.05384223333333334 -0.01852693333333333 0.0202299 
    - vertices: p9340(v79) p297(v74) p7007(v23)
    - neighboring facets: f624 f372 f665
- f370
    - flags: bottom simplicial
    - normal:    -0.931   0.3079   0.1961
    - offset: -0.04856524
    - center: -0.0538217 -0.01910903333333333 0.02213953333333333 
    - vertices: p4417(v80) p9340(v79) p8573(v44)
    - neighboring facets: f1110 f703 f372
- f371
    - flags: top simplicial
    - normal:   -0.7879   0.6066   0.1062
    - offset: -0.03360357
    - vertices: p4417(v80) p7007(v23) p5493(v8)
    - neighboring facets: f1841 f1743 f372
- f372
    - flags: top simplicial
    - normal:   -0.9937   0.1032  0.04343
    - offset: -0.05247899
    - vertices: p4417(v80) p9340(v79) p7007(v23)
    - neighboring facets: f365 f371 f370
- f376
    - flags: bottom simplicial
    - normal:   -0.9816   0.0666   0.1789
    - offset: -0.05572086
    - vertices: p3556(v81) p4671(v76) p2916(v43)
    - neighboring facets: f662 f1113 f378
- f378
    - flags: top simplicial
    - normal:   -0.9929  0.04207   0.1115
    - offset: -0.05519779
    - center: -0.05378196666666666 -0.02289366666666666 0.0247763 
    - vertices: p3556(v81) p4671(v76) p3799(v41)
    - neighboring facets: f1012 f1111 f376
- f441
    - flags: top simplicial
    - normal:   -0.3332   0.9428 -0.01247
    - offset: -0.001774879
    - center: -0.05317316666666666 -0.01711403333333333 -0.0156182 
    - vertices: p3282(v93) p7601(v29) p946(v15)
    - neighboring facets: f121 f782 f775
- f469
    - flags: bottom simplicial tested
    - normal:   -0.9736  -0.1532   -0.169
    - offset: -0.06405229
    - center: -0.05380073333333333 -0.05213293333333333 -0.02178793333333333 
    - vertices: p678(v98) p5334(v56) p5719(v19)
    - neighboring facets: f5102 f812 f814
    - ridges:
- f474
    - flags: bottom simplicial tested
    - normal:   -0.9337  -0.3048  -0.1876
    - offset: -0.0703674
    - center: -0.05367763333333333 -0.05355896666666667 -0.02089546666666667 
    - vertices: p6878(v99) p5334(v56) p7604(v10)
    - neighboring facets: f813 f1981 f2922
- f498
    - flags: bottom simplicial
    - normal:  0.003341   -0.357  -0.9341
    - offset: -0.04083225
    - vertices: p1782(v103) p2616(v60) p8644(v17)
    - neighboring facets: f505 f1358 f1328
- f505
    - flags: top simplicial
    - normal:     0.015   -0.337  -0.9414
    - offset: -0.03976591
    - center: -0.039478 -0.03998736666666666 -0.02855753333333333 
    - vertices: p4376(v104) p2616(v60) p8644(v17)
    - neighboring facets: f498 f949 f857
- f537
    - flags: bottom simplicial tested
    - normal:  -2.524e-05   0.9999 -0.01009
    - offset: 0.01681526
    - center: -0.03874 -0.0170014 -0.01827433333333333 
    - vertices: p2450(v111) p4567(v37) p1057(v28)
    - neighboring facets: f932 f926 f538
- f538
    - flags: bottom simplicial tested
    - normal:  1.952e-05        1 -0.007307
    - offset:  0.0168677
    - center: -0.03056706666666667 -0.01700043333333334 -0.0181839 
    - vertices: p2450(v111) p4017(v64) p4567(v37)
    - neighboring facets: f1271 f537 f5091
    - ridges:
- f603
    - flags: bottom simplicial
    - normal:   -0.8471   0.5314 -0.005641
    - offset: -0.03628602
    - center: -0.05369136666666667 -0.01749299999999999 -0.01784876666666667 
    - vertices: p9773(v123) p7601(v29) p7864(v7)
    - neighboring facets: f2118 f604 f1002
- f604
    - flags: top simplicial
    - normal:   -0.9011   0.4335 -0.001133
    - offset: -0.04083568
    - vertices: p9773(v123) p4120(v53) p7864(v7)
    - neighboring facets: f4188 f603 f1513
- f623
    - flags: top simplicial tested
    - normal:   -0.9928   0.1196 0.003118
    - offset: -0.0513656
    - center: -0.0538361 -0.01788836666666667 0.01763036666666666 
    - vertices: p8709(v127) p6770(v71) p7007(v23)
    - neighboring facets: f2165 f624 f1025
- f624
    - flags: bottom simplicial tested
    - normal:   -0.9985  0.05473 0.006836
    - offset: -0.05290058
    - center: -0.05384303333333334 -0.01802386666666667 0.01842633333333333 
    - vertices: p8709(v127) p297(v74) p7007(v23)
    - neighboring facets: f365 f623 f2203
- f661
    - flags: bottom simplicial
    - normal:   -0.8427   0.1138   0.5263
    - offset: -0.05599841
    - vertices: p8397(v134) p4671(v76) p2303(v5)
    - neighboring facets: f1052 f1106 f662
- f662
    - flags: top simplicial
    - normal:   -0.8683   0.1145   0.4826
    - offset: -0.05624071
    - vertices: p8397(v134) p4671(v76) p2916(v43)
    - neighboring facets: f376 f670 f661
- f665
    - flags: bottom simplicial tested
    - normal:   -0.9998  0.01702 0.006677
    - offset: -0.05365712
    - center: -0.0538489 -0.0190307 0.0211414 
    - vertices: p8896(v135) p9340(v79) p297(v74)
    - neighboring facets: f365 f5110 f1109
    - ridges:
- f670
    - flags: top simplicial
    - normal:   -0.5952   0.3316    0.732
    - offset: -0.04304454
    - vertices: p7802(v136) p8397(v134) p2916(v43)
    - neighboring facets: f662 f1114 f671
- f671
    - flags: bottom simplicial
    - normal:   -0.4732    0.326   0.8184
    - offset: -0.03884401
    - vertices: p7802(v136) p8397(v134) p7629(v78)
    - neighboring facets: f1107 f1612 f670
- f672
    - flags: bottom simplicial
    - normal:  -0.01521  -0.8541   0.5199
    - offset: -0.05631415
    - vertices: p6520(v137) p2744(v62) p9856(v9)
    - neighboring facets: f1369 f1117 f1294
- f684
    - flags: top simplicial
    - normal:    0.4159   0.7299   0.5425
    - offset: 0.01235003
    - center: -0.02650936666666667 -0.01905086666666667 0.02318743333333333 
    - vertices: p5189(v139) p8143(v83) p5402(v14)
    - neighboring facets: f1563 f1035 f1726
- f703
    - flags: bottom simplicial
    - normal:   -0.7968   0.5027   0.3354
    - offset: -0.04070655
    - vertices: p4800(v142) p4417(v80) p8573(v44)
    - neighboring facets: f370 f706 f1741
- f706
    - flags: top simplicial
    - normal:   -0.8136   0.4232   0.3987
    - offset: -0.04464456
    - center: -0.05363793333333334 -0.01993493333333333 0.0236802 
    - vertices: p4800(v142) p3556(v81) p8573(v44)
    - neighboring facets: f1112 f703 f708
- f707
    - flags: bottom simplicial
    - normal:   -0.2916   0.5924    0.751
    - offset: -0.02187299
    - vertices: p4800(v142) p7802(v136) p2875(v24)
    - neighboring facets: f2263 f1153 f708
- f708
    - flags: top simplicial
    - normal:   -0.6231   0.4655   0.6285
    - offset: -0.03911144
    - vertices: p4800(v142) p7802(v136) p3556(v81)
    - neighboring facets: f1115 f706 f707
- f710
    - flags: bottom simplicial
    - normal:   -0.0443   0.9925    0.114
    - offset: 0.01249575
    - center: -0.05243546666666667 -0.01711043333333333 0.01897846666666667 
    - vertices: p2967(v143) p4568(v94) p5493(v8)
    - neighboring facets: f1840 f2403 f1866
- f724
    - flags: top simplicial
    - normal:  0.002292  -0.9994  0.03572
    - offset: -0.05314705
    - vertices: p4324(v146) p2854(v49) p3521(v4)
    - neighboring facets: f742 f725 f3206
- f725
    - flags: bottom simplicial
    - normal:  0.0002341  -0.9994  0.03579
    - offset: -0.0532074
    - vertices: p4324(v146) p6536(v89) p3521(v4)
    - neighboring facets: f2684 f724 f2473
- f740
    - flags: top simplicial
    - normal:    0.5943  -0.4976  -0.6319
    - offset: -0.02446142
    - center: -0.02602166666666666 -0.04996493333333333 -0.0238403 
    - vertices: p3046(v149) p1395(v90) p8644(v17)
    - neighboring facets: f1779 f1367 f1201
- f742
    - flags: bottom simplicial
    - normal:    0.0325  -0.9989  0.03313
    - offset: -0.05226697
    - vertices: p7327(v150) p2854(v49) p3521(v4)
    - neighboring facets: f724 f1791 f3892
- f775
    - flags: bottom simplicial
    - normal:   -0.4876   0.8731 -0.002141
    - offset: -0.01105721
    - vertices: p3940(v156) p3282(v93) p7601(v29)
    - neighboring facets: f441 f4027 f1234
- f782
    - flags: top simplicial
    - normal:   -0.2501   0.9682 -0.007154
    - offset: 0.003130579
    - center: -0.05301893333333333 -0.01702573333333333 -0.0129004 
    - vertices: p4231(v158) p3282(v93) p946(v15)
    - neighboring facets: f441 f1845 f1249
- f805
    - flags: bottom simplicial tested
    - normal:    0.1994   0.9749  0.09913
    - offset: 0.02013072
    - center: -0.02681613333333334 -0.0170965 0.01901256666666666 
    - vertices: p6137(v163) p2073(v97) p2908(v26)
    - neighboring facets: f1685 f2644 f2615
- f808
    - flags: bottom simplicial tested
    - normal:  0.005413        1 0.001741
    - offset: 0.01711914
    - center: -0.02731076666666667 -0.01700186666666667 0.0173978 
    - vertices: p6137(v163) p1664(v96) p6926(v55)
    - neighboring facets: f5086 f1860 f1284
    - ridges:
- f812
    - flags: bottom simplicial
    - normal:   -0.9327   -0.196  -0.3026
    - offset: -0.06705869
    - vertices: p1474(v164) p678(v98) p5719(v19)
    - neighboring facets: f469 f907 f814
- f813
    - flags: top simplicial
    - normal:    -0.952  -0.2275  -0.2046
    - offset: -0.0675781
    - vertices: p1474(v164) p5334(v56) p7604(v10)
    - neighboring facets: f474 f906 f814
- f814
    - flags: top simplicial
    - normal:   -0.9597  -0.2016  -0.1956
    - offset: -0.06642823
    - vertices: p1474(v164) p678(v98) p5334(v56)
    - neighboring facets: f469 f813 f812
- f841
    - flags: top simplicial
    - normal:  7.729e-06       -1 -0.000188
    - offset: -0.05390299
    - vertices: p2460(v170) p4973(v169) p3521(v4)
    - neighboring facets: f1314 f1209 f1977
- f853
    - flags: top simplicial
    - normal:  -0.0008808  -0.3619  -0.9322
    - offset: -0.0411548
    - vertices: p94(v173) p2616(v60) p9392(v33)
    - neighboring facets: f863 f4114 f1329
- f857
    - flags: bottom simplicial
    - normal:   0.01603  -0.3041  -0.9525
    - offset: -0.03885944
    - vertices: p2122(v174) p4376(v104) p2616(v60)
    - neighboring facets: f505 f1334 f2085
- f863
    - flags: bottom simplicial
    - normal:  -0.01789  -0.3577  -0.9337
    - offset: -0.04186071
    - vertices: p7700(v175) p2616(v60) p9392(v33)
    - neighboring facets: f853 f1339 f912
- f889
    - flags: top simplicial
    - normal:   -0.9915   0.1297   -0.011
    - offset: -0.05126121
    - center: -0.05382863333333333 -0.01791633333333334 -0.01946623333333333 
    - vertices: p5367(v181) p227(v108) p7864(v7)
    - neighboring facets: f2121 f2200 f890
- f890
    - flags: bottom simplicial
    - normal:   -0.9991  0.04205 -0.001396
    - offset: -0.0530659
    - center: -0.05384610000000001 -0.01800766666666667 -0.017743 
    - vertices: p5367(v181) p227(v108) p4134(v40)
    - neighboring facets: f1551 f3601 f889
- f901
    - flags: bottom simplicial tested
    - normal:   -0.9909 -0.008874  -0.1343
    - offset: -0.05686303
    - center: -0.05380563333333333 -0.03212573333333333 -0.0242924 
    - vertices: p8725(v183) p6695(v109) p5719(v19)
    - neighboring facets: f903 f5109 f902
    - ridges:
- f902
    - flags: top simplicial tested
    - normal:   -0.9921 -0.002631  -0.1254
    - offset: -0.05656216
    - center: -0.05380563333333332 -0.02209383333333333 -0.0249118 
    - vertices: p8725(v183) p6695(v109) p1717(v63)
    - neighboring facets: f1409 f5112 f901
    - ridges:
- f903
    - flags: top simplicial
    - normal:   -0.9655 -0.02152  -0.2594
    - offset: -0.05898318
    - vertices: p3319(v184) p6695(v109) p5719(v19)
    - neighboring facets: f901 f907 f1387
- f906
    - flags: top simplicial
    - normal:   -0.8372  -0.2512  -0.4857
    - offset: -0.06890989
    - vertices: p3319(v184) p1474(v164) p7604(v10)
    - neighboring facets: f813 f2021 f907
- f907
    - flags: bottom simplicial
    - normal:   -0.8694  -0.2276  -0.4386
    - offset: -0.06834425
    - vertices: p3319(v184) p1474(v164) p5719(v19)
    - neighboring facets: f812 f903 f906
- f910
    - flags: bottom simplicial
    - normal:   -0.5325  -0.1599  -0.8312
    - offset: -0.05655963
    - vertices: p3062(v185) p7700(v175) p2452(v61)
    - neighboring facets: f1340 f1391 f912
- f911
    - flags: top simplicial
    - normal:   -0.3168  -0.2065  -0.9257
    - offset: -0.05045524
    - vertices: p3062(v185) p2616(v60) p2485(v6)
    - neighboring facets: f1333 f2736 f912
- f912
    - flags: top simplicial
    - normal:    -0.324  -0.2399  -0.9151
    - offset: -0.05169532
    - vertices: p3062(v185) p7700(v175) p2616(v60)
    - neighboring facets: f863 f911 f910
- f919
    - flags: bottom simplicial
    - normal:  -0.02578   0.1299  -0.9912
    - offset: -0.02784947
    - vertices: p5472(v186) p5732(v115) p5667(v66)
    - neighboring facets: f940 f2749 f1405
- f925
    - flags: top simplicial tested
    - normal:  -0.000555        1 -0.002408
    - offset: 0.01692947
    - center: -0.05097796666666667 -0.01700096666666667 -0.01792016666666667 
    - vertices: p6672(v188) p4062(v51) p1057(v28)
    - neighboring facets: f225 f926 f5092
    - ridges:
- f926
    - flags: bottom simplicial tested
    - normal:  -7.717e-05        1 -0.006778
    - offset: 0.01687383
    - center: -0.04598133333333334 -0.01700096666666667 -0.01817696666666667 
    - vertices: p6672(v188) p2450(v111) p1057(v28)
    - neighboring facets: f537 f925 f5094
    - ridges:
- f932
    - flags: top simplicial
    - normal:  5.509e-05   0.9995 -0.03135
    - offset: 0.01642086
    - vertices: p9206(v190) p4567(v37) p1057(v28)
    - neighboring facets: f537 f1432 f1430
- f935
    - flags: top simplicial
    - normal:  0.003103    0.992  -0.1263
    - offset: 0.01460221
    - vertices: p9763(v191) p9647(v113) p3973(v65)
    - neighboring facets: f983 f3551 f936
- f936
    - flags: bottom simplicial
    - normal:  0.008115     0.99   -0.141
    - offset: 0.01442733
    - vertices: p9763(v191) p9647(v113) p5032(v112)
    - neighboring facets: f1888 f2070 f935
- f940
    - flags: top simplicial
    - normal:  -2.22e-05 0.0001119       -1
    - offset: -0.03018821
    - vertices: p3107(v192) p5732(v115) p5667(v66)
    - neighboring facets: f919 f2751 f982
- f949
    - flags: top simplicial
    - normal:   0.09374  -0.2153   -0.972
    - offset: -0.03274638
    - center: -0.03234536666666667 -0.0431508 -0.02725110000000001 
    - vertices: p9733(v194) p4376(v104) p8644(v17)
    - neighboring facets: f505 f1446 f2083
- f976
    - flags: top simplicial tested
    - normal:    0.2075  0.08336  -0.9747
    - offset: -0.01801232
    - center: -0.03826429999999999 -0.0245467 -0.02872776666666666 
    - vertices: p208(v199) p5062(v119) p1926(v38)
    - neighboring facets: f979 f1499 f1490
- f979
    - flags: bottom simplicial
    - normal:    0.2003  0.08603  -0.9759
    - offset: -0.01830326
    - vertices: p944(v200) p5062(v119) p1926(v38)
    - neighboring facets: f976 f981 f980
- f980
    - flags: top simplicial
    - normal:   0.09671    0.203  -0.9744
    - offset: -0.01997067
    - vertices: p944(v200) p5062(v119) p5732(v115)
    - neighboring facets: f1407 f982 f979
- f981
    - flags: top simplicial
    - normal:  0.0001208 5.189e-05       -1
    - offset: -0.03018327
    - vertices: p944(v200) p3107(v192) p1926(v38)
    - neighboring facets: f2891 f979 f982
- f982
    - flags: bottom simplicial
    - normal:  4.169e-05 8.75e-05       -1
    - offset: -0.03018593
    - vertices: p944(v200) p3107(v192) p5732(v115)
    - neighboring facets: f940 f980 f981
- f983
    - flags: bottom simplicial
    - normal:  0.001889   0.9929  -0.1192
    - offset: 0.01471666
    - vertices: p8560(v201) p9647(v113) p3973(v65)
    - neighboring facets: f935 f2068 f3526
- f1002
    - flags: top simplicial
    - normal:   -0.8314   0.5556 -0.003826
    - offset: -0.03499419
    - vertices: p8196(v205) p9773(v123) p7601(v29)
    - neighboring facets: f603 f1521 f2168
- f1012
    - flags: bottom simplicial tested
    - normal:   -0.9948  0.02256  0.09944
    - offset: -0.05546745
    - center: -0.05381683333333333 -0.0243585 0.0249448 
    - vertices: p4289(v207) p4671(v76) p3799(v41)
    - neighboring facets: f378 f5113 f1533
    - ridges:
- f1015
    - flags: top simplicial tested
    - normal:   -0.9902  -0.1315  0.04604
    - offset: -0.0609764
    - center: -0.0538061 -0.05103076666666667 0.0213696 
    - vertices: p1154(v208) p5791(v73) p1072(v16)
    - neighboring facets: f1528 f2180 f2189
- f1025
    - flags: bottom simplicial
    - normal:   -0.9937   0.1122 0.001155
    - offset: -0.05151191
    - center: -0.0538414 -0.01789963333333333 0.0155107 
    - vertices: p4312(v210) p8709(v127) p6770(v71)
    - neighboring facets: f623 f2191 f2928
- f1035
    - flags: top simplicial
    - normal:    0.1107   0.6871    0.718
    - offset: -0.000823817
    - vertices: p5423(v212) p5189(v139) p5402(v14)
    - neighboring facets: f684 f1647 f2426
- f1052
    - flags: top simplicial
    - normal:   -0.8113  0.04923   0.5825
    - offset: -0.05732556
    - vertices: p7108(v215) p4671(v76) p2303(v5)
    - neighboring facets: f661 f1664 f2953
- f1101
    - flags: top simplicial
    - normal:  -0.01801   0.2358   0.9716
    - offset: -0.02069317
    - vertices: p3628(v223) p10(v222) p595(v133)
    - neighboring facets: f2329 f2339 f1103
- f1103
    - flags: bottom simplicial
    - normal:    -0.119    0.278   0.9532
    - offset: -0.02454516
    - vertices: p3628(v223) p10(v222) p7629(v78)
    - neighboring facets: f2252 f1107 f1101
- f1106
    - flags: bottom simplicial
    - normal:   -0.4459    0.187   0.8753
    - offset: -0.04199104
    - vertices: p3628(v223) p8397(v134) p2303(v5)
    - neighboring facets: f661 f2342 f1107
- f1107
    - flags: top simplicial
    - normal:   -0.3432   0.2581   0.9031
    - offset: -0.03558343
    - vertices: p3628(v223) p8397(v134) p7629(v78)
    - neighboring facets: f671 f1103 f1106
- f1109
    - flags: top simplicial tested
    - normal:        -1 0.004505 0.004811
    - offset: -0.05386676
    - center: -0.0538489 -0.01998026666666667 0.0226655 
    - vertices: p7595(v224) p8896(v135) p9340(v79)
    - neighboring facets: f665 f1110 f5115
    - ridges:
- f1110
    - flags: top simplicial tested
    - normal:   -0.9988  0.02479  0.04261
    - offset: -0.05426231
    - center: -0.05384356666666666 -0.02009826666666667 0.02305636666666666 
    - vertices: p7595(v224) p9340(v79) p8573(v44)
    - neighboring facets: f370 f1112 f1109
- f1111
    - flags: top simplicial tested
    - normal:   -0.9931  0.04198   0.1098
    - offset: -0.05516907
    - center: -0.05381503333333334 -0.02179546666666667 0.02406313333333333 
    - vertices: p7595(v224) p3556(v81) p3799(v41)
    - neighboring facets: f378 f5103 f1112
    - ridges:
- f1112
    - flags: bottom simplicial tested
    - normal:   -0.9931  0.04432   0.1088
    - offset: -0.05509644
    - center: -0.0538097 -0.0205004 0.0236057 
    - vertices: p7595(v224) p3556(v81) p8573(v44)
    - neighboring facets: f706 f1110 f1111
- f1113
    - flags: bottom simplicial
    - normal:   -0.9691   0.0971   0.2269
    - offset: -0.05558103
    - vertices: p720(v225) p3556(v81) p2916(v43)
    - neighboring facets: f376 f1114 f1115
- f1114
    - flags: top simplicial
    - normal:    -0.627   0.3406   0.7006
    - offset: -0.04375937
    - vertices: p720(v225) p7802(v136) p2916(v43)
    - neighboring facets: f670 f1113 f1115
- f1115
    - flags: bottom simplicial
    - normal:   -0.6243   0.4639   0.6286
    - offset: -0.03920826
    - vertices: p720(v225) p7802(v136) p3556(v81)
    - neighboring facets: f708 f1113 f1114
- f1117
    - flags: bottom simplicial
    - normal:  -0.009795  -0.8292   0.5589
    - offset: -0.05564303
    - vertices: p6502(v226) p6520(v137) p9856(v9)
    - neighboring facets: f672 f2731 f4277
- f1133
    - flags: top simplicial tested
    - normal:    0.9998  0.01848 -0.005596
    - offset: 0.02606856
    - center: -0.02585116666666666 -0.01832413333333334 -0.02081383333333333 
    - vertices: p8484(v229) p2202(v140) p2399(v86)
    - neighboring facets: f2395 f1424 f5135
    - ridges:
- f1153
    - flags: bottom simplicial
    - normal:   -0.1029    0.748   0.6557
    - offset: -0.006539423
    - vertices: p3889(v233) p4800(v142) p2875(v24)
    - neighboring facets: f707 f4333 f1174
- f1163
    - flags: top simplicial
    - normal:  0.004381   0.7798    0.626
    - offset: 0.0002393477
    - vertices: p7346(v235) p5189(v139) p1816(v88)
    - neighboring facets: f4345 f2436 f1725
- f1174
    - flags: top simplicial
    - normal:   -0.1027   0.7586   0.6435
    - offset: -0.006036778
    - vertices: p4821(v236) p3889(v233) p4800(v142)
    - neighboring facets: f1153 f1742 f3191
- f1201
    - flags: bottom simplicial
    - normal:    0.2728  -0.6396  -0.7187
    - offset: -0.04212084
    - vertices: p7938(v241) p3046(v149) p1395(v90)
    - neighboring facets: f740 f2484 f1365
- f1204
    - flags: bottom simplicial
    - normal:  0.009037  -0.8339  -0.5519
    - offset: -0.05653504
    - vertices: p7938(v241) p2312(v168) p4732(v32)
    - neighboring facets: f1308 f1364 f1205
- f1205
    - flags: top simplicial
    - normal:  0.008763  -0.8363  -0.5482
    - offset: -0.05659411
    - vertices: p7938(v241) p2312(v168) p8687(v101)
    - neighboring facets: f1953 f1965 f1204
- f1209
    - flags: top simplicial
    - normal:  0.000779       -1 -0.000675
    - offset: -0.05388874
    - vertices: p7938(v241) p2460(v170) p3521(v4)
    - neighboring facets: f841 f1792 f1975
- f1212
    - flags: top simplicial tested
    - normal:    0.9593   0.2349   0.1568
    - offset: 0.02588839
    - center: -0.02593043333333334 -0.01912413333333333 0.02218263333333333 
    - vertices: p8326(v242) p8143(v83) p4664(v46)
    - neighboring facets: f2051 f1795 f1564
- f1234
    - flags: top simplicial
    - normal:   -0.4494   0.8933 -0.000846
    - offset: -0.008667047
    - vertices: p9926(v246) p3940(v156) p3282(v93)
    - neighboring facets: f775 f1831 f2585
- f1237
    - flags: top simplicial
    - normal:   -0.7159   0.6982 -1.8e-06
    - offset: -0.02627087
    - vertices: p3528(v247) p9373(v124) p7601(v29)
    - neighboring facets: f1520 f2592 f2590
- f1245
    - flags: bottom simplicial tested
    - normal:  -0.01114   0.9999 0.009669
    - offset: 0.01624601
    - center: -0.05264303333333333 -0.01700383333333334 0.01751313333333333 
    - vertices: p6026(v249) p4568(v94) p3032(v30)
    - neighboring facets: f1864 f5090 f1850
    - ridges:
- f1249
    - flags: bottom simplicial
    - normal:   -0.2873   0.9578 -0.0001986
    - offset: 0.001053222
    - vertices: p4386(v250) p4231(v158) p3282(v93)
    - neighboring facets: f782 f1254 f3384
- f1250
    - flags: top simplicial
    - normal:   -0.2613   0.9653 0.0005431
    - offset: 0.002564511
    - vertices: p466(v251) p4568(v94) p4686(v52)
    - neighboring facets: f2588 f2582 f1854
- f1254
    - flags: bottom simplicial
    - normal:   -0.2993   0.9542 -5.086e-06
    - offset: 0.0003573088
    - vertices: p466(v251) p4386(v250) p3282(v93)
    - neighboring facets: f1249 f1833 f3385
- f1271
    - flags: top simplicial tested
    - normal:  0.001561        1 -0.0007443
    - offset: 0.01703005
    - center: -0.02752476666666666 -0.01700043333333334 -0.01789353333333333 
    - vertices: p1855(v255) p4017(v64) p4567(v37)
    - neighboring facets: f538 f1272 f5088
    - ridges:
- f1272
    - flags: bottom simplicial tested
    - normal:  0.002488        1 -0.0004322
    - offset: 0.01706091
    - center: -0.02717926666666666 -0.01700043333333333 -0.01639783333333333 
    - vertices: p1855(v255) p4286(v161) p4567(v37)
    - neighboring facets: f1274 f1271 f5097
    - ridges:
- f1273
    - flags: bottom simplicial
    - normal:    0.0499   0.9987 -0.00397
    - offset: 0.01826263
    - vertices: p6606(v256) p9647(v113) p4567(v37)
    - neighboring facets: f1429 f1274 f1889
- f1274
    - flags: top simplicial
    - normal:   0.03156   0.9995 -0.002225
    - offset: 0.01780933
    - center: -0.02692996666666667 -0.01700196666666667 -0.01532646666666667 
    - vertices: p6606(v256) p4286(v161) p4567(v37)
    - neighboring facets: f1272 f1273 f1285
- f1284
    - flags: top simplicial tested
    - normal:   0.02518   0.9997 0.0003784
    - offset: 0.01767122
    - center: -0.02695353333333333 -0.01700206666666667 0.011192219 
    - vertices: p7445(v258) p6137(v163) p1664(v96)
    - neighboring facets: f808 f1905 f3407
- f1285
    - flags: bottom simplicial tested
    - normal:    0.0395   0.9992 -6.112e-05
    - offset: 0.01804743
    - center: -0.02682226666666667 -0.01700173333333333 -0.009372581 
    - vertices: p7445(v258) p6606(v256) p4286(v161)
    - neighboring facets: f1274 f1906 f3409
- f1288
    - flags: top simplicial
    - normal:  -0.007902  -0.9419   0.3359
    - offset: -0.0565115
    - vertices: p2789(v259) p434(v165) p8016(v35)
    - neighboring facets: f1302 f3417 f1289
- f1289
    - flags: bottom simplicial
    - normal:  -0.03517  -0.9371   0.3472
    - offset: -0.05791869
    - vertices: p2789(v259) p434(v165) p480(v100)
    - neighboring facets: f1293 f5036 f1288
- f1292
    - flags: bottom simplicial
    - normal:   -0.1262  -0.8988   0.4198
    - offset: -0.06220657
    - vertices: p4036(v260) p6520(v137) p480(v100)
    - neighboring facets: f1930 f1293 f1294
- f1293
    - flags: top simplicial
    - normal:  -0.09003  -0.9118   0.4007
    - offset: -0.06058041
    - vertices: p4036(v260) p434(v165) p480(v100)
    - neighboring facets: f1289 f1292 f3436
- f1294
    - flags: top simplicial
    - normal:  -0.01541  -0.8543   0.5196
    - offset: -0.05632667
    - vertices: p4036(v260) p6520(v137) p2744(v62)
    - neighboring facets: f672 f5005 f1292
- f1302
    - flags: bottom simplicial
    - normal:  -0.002799  -0.9385   0.3453
    - offset: -0.05627156
    - vertices: p9264(v262) p434(v165) p8016(v35)
    - neighboring facets: f1288 f4843 f4090
- f1308
    - flags: top simplicial
    - normal:  0.001754  -0.6596  -0.7516
    - offset: -0.05184372
    - vertices: p7928(v263) p2312(v168) p4732(v32)
    - neighboring facets: f1204 f1948 f1950
- f1313
    - flags: top simplicial
    - normal:  -0.0001922       -1 0.002712
    - offset: -0.05385604
    - vertices: p5605(v265) p2814(v34) p3521(v4)
    - neighboring facets: f2682 f1314 f1315
- f1314
    - flags: bottom simplicial
    - normal:  -0.0001802       -1 0.001354
    - offset: -0.05388052
    - vertices: p5605(v265) p4973(v169) p3521(v4)
    - neighboring facets: f841 f1313 f1315
- f1315
    - flags: top simplicial
    - normal:  -0.0002005       -1 0.001463
    - offset: -0.05387923
    - vertices: p5605(v265) p4973(v169) p2814(v34)
    - neighboring facets: f1978 f1313 f1314
- f1321
    - flags: top simplicial
    - normal:  -5.669e-05  -0.9948  -0.1021
    - offset: -0.05580921
    - vertices: p6771(v267) p7938(v241) p5143(v58)
    - neighboring facets: f1967 f1973 f1976
- f1328
    - flags: top simplicial
    - normal:  0.0001614  -0.3615  -0.9324
    - offset: -0.04109541
    - vertices: p5590(v268) p1782(v103) p2616(v60)
    - neighboring facets: f498 f1329 f4110
- f1329
    - flags: bottom simplicial
    - normal:  -0.0001887  -0.3619  -0.9322
    - offset: -0.04112075
    - vertices: p5590(v268) p94(v173) p2616(v60)
    - neighboring facets: f853 f1328 f4112
- f1333
    - flags: bottom simplicial
    - normal:   -0.1411  -0.1393  -0.9801
    - offset: -0.04124185
    - vertices: p4983(v269) p2616(v60) p2485(v6)
    - neighboring facets: f911 f1335 f1334
- f1334
    - flags: bottom simplicial
    - normal:   -0.1158  -0.1347  -0.9841
    - offset: -0.03998584
    - vertices: p4983(v269) p2122(v174) p2616(v60)
    - neighboring facets: f857 f1333 f2086
- f1335
    - flags: top simplicial
    - normal:  -0.07048 -0.005529  -0.9975
    - offset: -0.03369874
    - vertices: p4983(v269) p442(v114) p2485(v6)
    - neighboring facets: f1399 f1333 f2816
- f1339
    - flags: bottom simplicial
    - normal:  -0.04784  -0.3986  -0.9159
    - offset: -0.04487541
    - vertices: p3245(v270) p7700(v175) p9392(v33)
    - neighboring facets: f863 f1986 f1340
- f1340
    - flags: top simplicial
    - normal:   -0.1182  -0.3947  -0.9112
    - offset: -0.04821426
    - vertices: p3245(v270) p7700(v175) p2452(v61)
    - neighboring facets: f910 f1342 f1339
- f1342
    - flags: top simplicial
    - normal:  -0.009482  -0.5263  -0.8503
    - offset: -0.04744403
    - vertices: p3245(v270) p2452(v61) p7604(v10)
    - neighboring facets: f2023 f1343 f1340
- f1343
    - flags: bottom simplicial
    - normal:  -0.001189  -0.5282  -0.8491
    - offset: -0.04708002
    - vertices: p3245(v270) p4982(v177) p7604(v10)
    - neighboring facets: f1346 f1342 f1344
- f1344
    - flags: top simplicial
    - normal:  -0.000188  -0.5244  -0.8515
    - offset: -0.04690076
    - vertices: p3245(v270) p4982(v177) p2620(v106)
    - neighboring facets: f1347 f2724 f1343
- f1346
    - flags: top simplicial
    - normal:  -0.0008985  -0.5283   -0.849
    - offset: -0.04706814
    - vertices: p2581(v271) p4982(v177) p7604(v10)
    - neighboring facets: f1343 f1348 f1347
- f1347
    - flags: bottom simplicial
    - normal:  -0.0001936  -0.5282  -0.8491
    - offset: -0.04702939
    - vertices: p2581(v271) p4982(v177) p2620(v106)
    - neighboring facets: f1344 f1349 f1346
- f1348
    - flags: bottom simplicial
    - normal:  4.102e-05  -0.5682  -0.8229
    - offset: -0.04857963
    - vertices: p2581(v271) p4732(v32) p7604(v10)
    - neighboring facets: f1946 f1346 f1349
- f1349
    - flags: bottom simplicial
    - normal:  -1.397e-06  -0.5287  -0.8488
    - offset: -0.04703688
    - vertices: p2581(v271) p2620(v106) p4732(v32)
    - neighboring facets: f1994 f1348 f1347
- f1351
    - flags: bottom simplicial
    - normal:  0.001423  -0.5282  -0.8491
    - offset: -0.04697306
    - vertices: p881(v272) p5076(v178) p4732(v32)
    - neighboring facets: f1363 f1995 f1999
- f1358
    - flags: bottom simplicial
    - normal:  0.003368  -0.3688  -0.9295
    - offset: -0.04127057
    - vertices: p1542(v273) p1782(v103) p8644(v17)
    - neighboring facets: f498 f1368 f4873
- f1363
    - flags: top simplicial
    - normal:   0.08137  -0.5656  -0.8207
    - offset: -0.0459017
    - vertices: p6086(v274) p5076(v178) p4732(v32)
    - neighboring facets: f1351 f1364 f1366
- f1364
    - flags: bottom simplicial
    - normal:     0.125  -0.5965  -0.7928
    - offset: -0.04560518
    - vertices: p6086(v274) p7938(v241) p4732(v32)
    - neighboring facets: f1204 f1363 f1365
- f1365
    - flags: top simplicial
    - normal:    0.1524  -0.6025  -0.7834
    - offset: -0.04494544
    - vertices: p6086(v274) p7938(v241) p3046(v149)
    - neighboring facets: f1201 f1367 f1364
- f1366
    - flags: top simplicial
    - normal:    0.1049  -0.5483  -0.8297
    - offset: -0.04462455
    - vertices: p6086(v274) p1542(v273) p5076(v178)
    - neighboring facets: f2000 f1363 f1368
- f1367
    - flags: top simplicial
    - normal:    0.2135  -0.5579   -0.802
    - offset: -0.04153496
    - vertices: p6086(v274) p3046(v149) p8644(v17)
    - neighboring facets: f740 f1368 f1365
- f1368
    - flags: bottom simplicial
    - normal:    0.1417  -0.5467  -0.8253
    - offset: -0.04345415
    - vertices: p6086(v274) p1542(v273) p8644(v17)
    - neighboring facets: f1358 f1367 f1366
- f1369
    - flags: top simplicial
    - normal:  -0.01081  -0.8561   0.5167
    - offset: -0.05612111
    - vertices: p2458(v275) p2744(v62) p9856(v9)
    - neighboring facets: f672 f1375 f2008
- f1375
    - flags: top simplicial
    - normal:  -1.921e-06  -0.8434   0.5373
    - offset: -0.05538631
    - vertices: p6173(v276) p2458(v275) p9856(v9)
    - neighboring facets: f1369 f3481 f4546
- f1386
    - flags: bottom simplicial
    - normal:   -0.7814 -0.04594  -0.6223
    - offset: -0.05892707
    - vertices: p2299(v278) p6695(v109) p2452(v61)
    - neighboring facets: f1390 f2024 f1387
- f1387
    - flags: bottom simplicial
    - normal:   -0.8411 -0.04195  -0.5392
    - offset: -0.05991736
    - vertices: p2299(v278) p3319(v184) p6695(v109)
    - neighboring facets: f903 f1386 f2022
- f1390
    - flags: top simplicial
    - normal:   -0.7509  -0.0461  -0.6588
    - offset: -0.05822512
    - vertices: p158(v279) p6695(v109) p2452(v61)
    - neighboring facets: f1386 f1391 f2036
- f1391
    - flags: bottom simplicial
    - normal:   -0.7334 -0.04665  -0.6781
    - offset: -0.05780983
    - vertices: p158(v279) p3062(v185) p2452(v61)
    - neighboring facets: f910 f1390 f2740
- f1399
    - flags: bottom simplicial
    - normal:  -0.07686 -0.002157   -0.997
    - offset: -0.03387742
    - vertices: p8240(v281) p442(v114) p2485(v6)
    - neighboring facets: f1335 f1400 f2039
- f1400
    - flags: top simplicial
    - normal:   -0.2292 -0.000753  -0.9734
    - offset: -0.04050433
    - vertices: p8240(v281) p5472(v186) p2485(v6)
    - neighboring facets: f2738 f1399 f2750
- f1404
    - flags: bottom simplicial
    - normal:   -0.1057   0.3423  -0.9336
    - offset: -0.02461843
    - center: -0.0478254 -0.02475693333333333 -0.030032 
    - vertices: p5508(v282) p5472(v186) p7625(v21)
    - neighboring facets: f1410 f1406 f1405
- f1405
    - flags: top simplicial
    - normal:  -0.03811   0.2432  -0.9692
    - offset: -0.02491845
    - vertices: p5508(v282) p5472(v186) p5732(v115)
    - neighboring facets: f919 f1407 f1404
- f1406
    - flags: top simplicial
    - normal:  -0.003243    0.698  -0.7161
    - offset: -0.004534354
    - vertices: p5508(v282) p5062(v119) p7625(v21)
    - neighboring facets: f2136 f1404 f1407
- f1407
    - flags: bottom simplicial
    - normal:  0.002046   0.3984  -0.9172
    - offset: -0.01765571
    - vertices: p5508(v282) p5062(v119) p5732(v115)
    - neighboring facets: f980 f1405 f1406
- f1408
    - flags: top simplicial tested
    - normal:   -0.8497   0.3744  -0.3713
    - offset: -0.04714257
    - center: -0.05376146666666666 -0.0195625 -0.02366413333333333 
    - vertices: p3835(v283) p536(v182) p1717(v63)
    - neighboring facets: f5107 f1409 f2117
    - ridges:
- f1409
    - flags: bottom simplicial tested
    - normal:   -0.4588   0.5121  -0.7261
    - offset: -0.03196927
    - center: -0.0537172 -0.02064293333333333 -0.02464696666666667 
    - vertices: p3835(v283) p6695(v109) p1717(v63)
    - neighboring facets: f902 f1408 f1411
- f1410
    - flags: top simplicial tested
    - normal:   -0.3198   0.5504  -0.7713
    - offset: -0.02485751
    - center: -0.04991923333333334 -0.0230008 -0.02794486666666667 
    - vertices: p3835(v283) p5472(v186) p7625(v21)
    - neighboring facets: f1404 f2134 f1411
- f1411
    - flags: bottom simplicial tested
    - normal:    -0.337   0.5378  -0.7728
    - offset: -0.02605786
    - center: -0.05196303333333333 -0.02218883333333333 -0.0265007 
    - vertices: p3835(v283) p5472(v186) p6695(v109)
    - neighboring facets: f2034 f1409 f1410
- f1424
    - flags: top simplicial
    - normal:    0.9817   0.1788 -0.06564
    - offset: 0.02727714
    - vertices: p5056(v286) p8484(v229) p2399(v86)
    - neighboring facets: f1133 f3503 f1428
- f1427
    - flags: top simplicial
    - normal:    0.5986   0.7151  -0.3608
    - offset:  0.0208236
    - vertices: p5056(v286) p7678(v189) p5032(v112)
    - neighboring facets: f2637 f1428 f4564
- f1428
    - flags: bottom simplicial
    - normal:    0.5965   0.7151  -0.3646
    - offset: 0.02068927
    - center: -0.02602316666666667 -0.01793686666666667 -0.02100403333333333 
    - vertices: p5056(v286) p8484(v229) p5032(v112)
    - neighboring facets: f2880 f1427 f1424
- f1429
    - flags: top simplicial
    - normal:  0.007269   0.9995 -0.03146
    - offset: 0.01661444
    - vertices: p7677(v287) p9647(v113) p4567(v37)
    - neighboring facets: f1273 f1430 f1431
- f1430
    - flags: bottom simplicial
    - normal:  0.003215   0.9995 -0.03204
    - offset: 0.01649373
    - vertices: p7677(v287) p9206(v190) p4567(v37)
    - neighboring facets: f932 f1429 f1432
- f1431
    - flags: bottom simplicial
    - normal:  -8.302e-05   0.9988 -0.04897
    - offset: 0.01607757
    - vertices: p7677(v287) p9647(v113) p1057(v28)
    - neighboring facets: f1503 f1432 f1429
- f1432
    - flags: top simplicial
    - normal:  -6.649e-05   0.9989 -0.04706
    - offset: 0.01611517
    - vertices: p7677(v287) p9206(v190) p1057(v28)
    - neighboring facets: f932 f1431 f1430
- f1443
    - flags: bottom simplicial
    - normal:  -0.007719   0.9916   -0.129
    - offset: 0.01406328
    - vertices: p8488(v289) p2635(v121) p622(v120)
    - neighboring facets: f1500 f2809 f2798
- f1445
    - flags: top simplicial tested
    - normal:    0.9845 -0.002839  -0.1755
    - offset: 0.02075353
    - center: -0.0258561 -0.03945093333333333 -0.02614166666666666 
    - vertices: p4047(v290) p9600(v193) p5911(v116)
    - neighboring facets: f2888 f1447 f5138
    - ridges:
- f1446
    - flags: top simplicial tested
    - normal:    0.3591   -0.105  -0.9274
    - offset: -0.01951293
    - center: -0.0260613 -0.0458279 -0.02594076666666666 
    - vertices: p4047(v290) p9733(v194) p8644(v17)
    - neighboring facets: f949 f5129 f1447
    - ridges:
- f1447
    - flags: bottom simplicial tested
    - normal:    0.2214 -0.03902  -0.9744
    - offset: -0.02136891
    - center: -0.0260675 -0.04340056666666666 -0.0261148 
    - vertices: p4047(v290) p9733(v194) p5911(v116)
    - neighboring facets: f1449 f1445 f1446
- f1449
    - flags: top simplicial
    - normal:    0.1939 -0.03608  -0.9804
    - offset: -0.02211732
    - vertices: p5243(v291) p9733(v194) p5911(v116)
    - neighboring facets: f1447 f2892 f2084
- f1459
    - flags: top simplicial
    - normal:   0.02545   0.9279  -0.3719
    - offset: 0.009153905
    - center: -0.02773373333333333 -0.01749643333333334 -0.0209409 
    - vertices: p5937(v293) p2623(v196) p4025(v20)
    - neighboring facets: f2877 f4155 f2095
- f1484
    - flags: top simplicial
    - normal:    0.1153   0.5565  -0.8228
    - offset: -0.005957442
    - center: -0.03230843333333333 -0.02190406666666667 -0.02658406666666666 
    - vertices: p6053(v297) p5062(v119) p1510(v68)
    - neighboring facets: f1488 f1486 f2143
- f1486
    - flags: top simplicial
    - normal:    0.4663   0.5644  -0.6812
    - offset: 0.006993134
    - center: -0.0262097 -0.02022756666666667 -0.0244367 
    - vertices: p6053(v297) p1510(v68) p3695(v11)
    - neighboring facets: f1491 f2146 f1484
- f1488
    - flags: bottom simplicial
    - normal:    0.1498   0.4602  -0.8751
    - offset: -0.008359465
    - center: -0.03231496666666667 -0.0222822 -0.02680206666666667 
    - vertices: p5753(v298) p5062(v119) p1510(v68)
    - neighboring facets: f1484 f1494 f1490
- f1490
    - flags: bottom simplicial
    - normal:    0.1792   0.3493  -0.9197
    - offset: -0.01111114
    - center: -0.03221126666666666 -0.0231334 -0.0271429 
    - vertices: p5753(v298) p208(v199) p5062(v119)
    - neighboring facets: f976 f1488 f1495
- f1491
    - flags: bottom simplicial tested
    - normal:    0.6644    0.423  -0.6162
    - offset: 0.01089467
    - center: -0.02601396666666667 -0.02073796666666667 -0.0246046 
    - vertices: p3844(v299) p1510(v68) p3695(v11)
    - neighboring facets: f1486 f5131 f1494
    - ridges:
- f1493
    - flags: top simplicial tested
    - normal:    0.9172  0.08784  -0.3886
    - offset:  0.0158143
    - center: -0.02591026666666666 -0.0234568 -0.0257598 
    - vertices: p3844(v299) p208(v199) p9483(v67)
    - neighboring facets: f1497 f5139 f1495
    - ridges:
- f1494
    - flags: bottom simplicial tested
    - normal:     0.449   0.3804  -0.8085
    - offset: -0.0004724557
    - center: -0.02621623333333333 -0.0214575 -0.02523946666666666 
    - vertices: p3844(v299) p5753(v298) p1510(v68)
    - neighboring facets: f1488 f1491 f1495
- f1495
    - flags: top simplicial tested
    - normal:    0.4478   0.3779  -0.8103
    - offset: -0.0006051717
    - center: -0.02611253333333333 -0.0223087 -0.0255803 
    - vertices: p3844(v299) p5753(v298) p208(v199)
    - neighboring facets: f1490 f1493 f1494
- f1497
    - flags: bottom simplicial tested
    - normal:    0.6378  0.04733  -0.7687
    - offset: -0.002293662
    - center: -0.02593033333333333 -0.02542626666666667 -0.02606476666666667 
    - vertices: p9580(v300) p208(v199) p9483(v67)
    - neighboring facets: f1493 f2151 f1499
- f1499
    - flags: top simplicial tested
    - normal:    0.2131  0.04423   -0.976
    - offset: -0.01881763
    - center: -0.03218563333333333 -0.02569146666666667 -0.02747013333333333 
    - vertices: p9580(v300) p208(v199) p1926(v38)
    - neighboring facets: f976 f2889 f1497
- f1500
    - flags: top simplicial
    - normal:  -0.004297   0.9933  -0.1155
    - offset: 0.01452246
    - vertices: p1823(v301) p2635(v121) p622(v120)
    - neighboring facets: f1443 f2778 f1504
- f1503
    - flags: top simplicial
    - normal:  -0.0001808   0.9984 -0.05705
    - offset: 0.01591667
    - vertices: p1823(v301) p9647(v113) p1057(v28)
    - neighboring facets: f1431 f1504 f3527
- f1504
    - flags: bottom simplicial
    - normal:  -0.0007303   0.9982 -0.06068
    - offset: 0.01581737
    - vertices: p1823(v301) p2635(v121) p1057(v28)
    - neighboring facets: f2803 f1503 f1500
- f1505
    - flags: bottom simplicial
    - normal:  0.001513   0.9661  -0.2583
    - offset:   0.011494
    - center: -0.02730713333333333 -0.01726546666666667 -0.02023273333333333 
    - vertices: p8989(v302) p5032(v112) p4025(v20)
    - neighboring facets: f2878 f4145 f3535
- f1513
    - flags: bottom simplicial
    - normal:   -0.9018   0.4321 -0.000728
    - offset: -0.0408921
    - vertices: p5140(v304) p9773(v123) p4120(v53)
    - neighboring facets: f604 f3591 f2907
- f1517
    - flags: top simplicial
    - normal:   -0.9543    0.299 -2.351e-05
    - offset: -0.04604984
    - vertices: p7970(v305) p6108(v203) p7864(v7)
    - neighboring facets: f2201 f4189 f2905
- f1520
    - flags: bottom simplicial
    - normal:   -0.7321   0.6812 2.153e-06
    - offset: -0.02742961
    - vertices: p4972(v306) p9373(v124) p7601(v29)
    - neighboring facets: f1237 f1521 f2912
- f1521
    - flags: top simplicial
    - normal:   -0.7633   0.6461 -0.000338
    - offset: -0.02971132
    - vertices: p4972(v306) p8196(v205) p7601(v29)
    - neighboring facets: f1002 f1520 f1526
- f1526
    - flags: bottom simplicial
    - normal:   -0.7757    0.631 -6.282e-05
    - offset: -0.03063907
    - vertices: p4332(v307) p4972(v306) p8196(v205)
    - neighboring facets: f1521 f2169 f2913
- f1528
    - flags: bottom simplicial tested
    - normal:   -0.9927 -0.09409  0.07519
    - offset: -0.05984502
    - center: -0.05383156666666667 -0.05012283333333334 0.02246920000000001 
    - vertices: p9167(v308) p5791(v73) p1072(v16)
    - neighboring facets: f1015 f1682 f2171
- f1530
    - flags: bottom simplicial tested
    - normal:   -0.9051  -0.1134   0.4097
    - offset: -0.06405606
    - center: -0.05373823333333334 -0.04783786666666667 0.02438126666666667 
    - vertices: p9167(v308) p1990(v227) p2802(v206)
    - neighboring facets: f3369 f2172 f1683
- f1533
    - flags: top simplicial tested
    - normal:   -0.9946  0.02055   0.1012
    - offset: -0.05555491
    - center: -0.05381329999999999 -0.02559216666666667 0.02524163333333333 
    - vertices: p9186(v309) p4289(v207) p4671(v76)
    - neighboring facets: f1012 f2956 f2174
- f1549
    - flags: top simplicial tested
    - normal:        -1  0.00677 3.023e-05
    - offset: -0.05372682
    - center: -0.0538497 -0.01802693333333333 0.01288414 
    - vertices: p5150(v313) p7138(v211) p8709(v127)
    - neighboring facets: f2209 f2204 f5117
    - ridges:
- f1551
    - flags: top simplicial tested
    - normal:   -0.9997  0.02244 -0.0006376
    - offset: -0.05344116
    - center: -0.0538494 -0.0180592 -0.01662363333333333 
    - vertices: p1992(v314) p227(v108) p4134(v40)
    - neighboring facets: f890 f2205 f5108
    - ridges:
- f1562
    - flags: top simplicial
    - normal:     0.948   0.2004   0.2473
    - offset: 0.02274525
    - center: -0.0258943 -0.0206051 0.0239765 
    - vertices: p748(v316) p8326(v242) p1415(v151)
    - neighboring facets: f1797 f2309 f1564
- f1563
    - flags: bottom simplicial
    - normal:    0.7484   0.4911   0.4458
    - offset: 0.01876445
    - vertices: p748(v316) p8143(v83) p5402(v14)
    - neighboring facets: f684 f1648 f1564
- f1564
    - flags: bottom simplicial
    - normal:    0.8767   0.3646   0.3136
    - offset:  0.0226841
    - vertices: p748(v316) p8326(v242) p8143(v83)
    - neighboring facets: f1212 f1563 f1562
- f1577
    - flags: top simplicial
    - normal:  -0.01446  0.06471   0.9978
    - offset: -0.02527307
    - center: -0.05227593333333334 -0.02452863333333333 0.02616176666666667 
    - vertices: p380(v318) p3628(v223) p9564(v77)
    - neighboring facets: f2337 f3036 f2344
- f1582
    - flags: bottom simplicial tested
    - normal:  -0.000953 -0.005198        1
    - offset: -0.02647928
    - center: -0.05203939999999999 -0.04450533333333333 0.02619873333333333 
    - vertices: p1142(v319) p5749(v213) p2381(v45)
    - neighboring facets: f2566 f3966 f2943
- f1593
    - flags: top simplicial
    - normal:  -0.001538   0.6198   0.7848
    - offset: -0.006856053
    - vertices: p631(v321) p1111(v131) p2875(v24)
    - neighboring facets: f2265 f1594 f2981
- f1594
    - flags: bottom simplicial
    - normal:  -0.0008766   0.6227   0.7825
    - offset: -0.006708017
    - vertices: p631(v321) p5050(v216) p2875(v24)
    - neighboring facets: f4702 f1593 f2982
- f1596
    - flags: top simplicial
    - normal:  0.009171   0.5989   0.8008
    - offset: -0.007312376
    - vertices: p9998(v322) p5423(v212) p518(v75)
    - neighboring facets: f3051 f1597 f2425
- f1597
    - flags: bottom simplicial
    - normal:  0.004813   0.5892    0.808
    - offset: -0.007820246
    - vertices: p9998(v322) p6153(v217) p518(v75)
    - neighboring facets: f2990 f1596 f3638
- f1612
    - flags: bottom simplicial
    - normal:   -0.2085   0.4556   0.8654
    - offset: -0.02320673
    - vertices: p1139(v325) p7802(v136) p7629(v78)
    - neighboring facets: f671 f1613 f2264
- f1613
    - flags: top simplicial
    - normal:  -0.009965     0.45    0.893
    - offset: -0.01351384
    - vertices: p1139(v325) p7379(v220) p7629(v78)
    - neighboring facets: f2999 f1612 f2266
- f1647
    - flags: top simplicial
    - normal:    0.4542   0.5247     0.72
    - offset: 0.005004331
    - vertices: p4292(v330) p5423(v212) p5402(v14)
    - neighboring facets: f1035 f1648 f3052
- f1648
    - flags: bottom simplicial
    - normal:    0.6593   0.4422   0.6081
    - offset: 0.01150989
    - vertices: p4292(v330) p748(v316) p5402(v14)
    - neighboring facets: f1563 f1647 f2307
- f1661
    - flags: bottom simplicial
    - normal:  -6.989e-05  0.06977   0.9976
    - offset: -0.02441165
    - vertices: p1766(v333) p948(v332) p3262(v221)
    - neighboring facets: f2949 f3695 f1663
- f1663
    - flags: top simplicial
    - normal:  -0.0003277  0.06157   0.9981
    - offset: -0.02463704
    - vertices: p1766(v333) p948(v332) p9564(v77)
    - neighboring facets: f4883 f2338 f1661
- f1664
    - flags: top simplicial
    - normal:   -0.5465  0.05927   0.8354
    - offset: -0.04942189
    - vertices: p9099(v334) p7108(v215) p2303(v5)
    - neighboring facets: f1052 f2343 f2961
- f1682
    - flags: bottom simplicial
    - normal:   -0.9695  -0.1806   0.1657
    - offset: -0.06498216
    - vertices: p205(v337) p9167(v308) p1072(v16)
    - neighboring facets: f1528 f3113 f1683
- f1683
    - flags: top simplicial
    - normal:   -0.9026  -0.1861   0.3883
    - offset: -0.06695717
    - vertices: p205(v337) p9167(v308) p1990(v227)
    - neighboring facets: f1530 f3109 f1682
- f1685
    - flags: top simplicial
    - normal:    0.1366   0.9797   0.1468
    - offset:   0.017609
    - vertices: p2583(v338) p2073(v97) p2908(v26)
    - neighboring facets: f805 f2381 f2384
- f1697
    - flags: top simplicial tested
    - normal:    0.9984  0.05575 9.379e-06
    - offset: 0.02681234
    - center: -0.02585296666666666 -0.01792963333333333 -0.001485769666666666 
    - vertices: p4476(v340) p1018(v339) p2399(v86)
    - neighboring facets: f3498 f2396 f1698
- f1698
    - flags: bottom simplicial tested
    - normal:    0.9996  0.02862 0.0001046
    - offset: 0.02635458
    - center: -0.0258517 -0.01796883333333333 0.007630337 
    - vertices: p4476(v340) p1018(v339) p5175(v230)
    - neighboring facets: f3139 f2394 f1697
- f1701
    - flags: top simplicial
    - normal:  -0.07405   0.9418   0.3279
    - offset: 0.005840611
    - vertices: p8169(v341) p814(v87) p5493(v8)
    - neighboring facets: f1744 f2401 f2398
- f1725
    - flags: bottom simplicial
    - normal:    0.0116   0.7897   0.6134
    - offset: 0.0009183908
    - vertices: p1306(v347) p7346(v235) p5189(v139)
    - neighboring facets: f1163 f1726 f4351
- f1726
    - flags: bottom simplicial
    - normal:    0.3005   0.8035   0.5139
    - offset: 0.01131377
    - vertices: p1306(v347) p5189(v139) p8143(v83)
    - neighboring facets: f684 f2633 f1725
- f1729
    - flags: top simplicial
    - normal:  0.003167   0.8624   0.5063
    - offset: 0.004451403
    - vertices: p1306(v347) p1047(v145) p2408(v48)
    - neighboring facets: f1739 f2631 f3183
- f1733
    - flags: top simplicial
    - normal:  -0.006343   0.8629   0.5053
    - offset: 0.004052948
    - vertices: p2108(v348) p4821(v236) p814(v87)
    - neighboring facets: f1745 f2444 f2450
- f1739
    - flags: bottom simplicial
    - normal:  0.001613   0.8634   0.5045
    - offset: 0.004464834
    - vertices: p5541(v349) p1047(v145) p2408(v48)
    - neighboring facets: f1729 f1740 f3194
- f1740
    - flags: top simplicial
    - normal:   0.00159   0.8635   0.5043
    - offset: 0.004471102
    - vertices: p5541(v349) p3524(v234) p2408(v48)
    - neighboring facets: f3199 f1739 f2448
- f1741
    - flags: top simplicial
    - normal:    -0.778   0.5266   0.3427
    - offset: -0.03941602
    - vertices: p9177(v350) p4800(v142) p4417(v80)
    - neighboring facets: f703 f1743 f1742
- f1742
    - flags: top simplicial
    - normal:   -0.1537   0.7646   0.6259
    - offset: -0.008219844
    - vertices: p9177(v350) p4821(v236) p4800(v142)
    - neighboring facets: f1174 f1741 f1745
- f1743
    - flags: top simplicial
    - normal:   -0.6096   0.7361   0.2942
    - offset: -0.02556829
    - vertices: p9177(v350) p4417(v80) p5493(v8)
    - neighboring facets: f371 f1744 f1741
- f1744
    - flags: bottom simplicial
    - normal:    -0.134   0.9286   0.3461
    - offset: 0.002059541
    - vertices: p9177(v350) p814(v87) p5493(v8)
    - neighboring facets: f1701 f1743 f1745
- f1745
    - flags: bottom simplicial
    - normal:  -0.09636   0.8979   0.4295
    - offset: 0.001642963
    - vertices: p9177(v350) p4821(v236) p814(v87)
    - neighboring facets: f1733 f1744 f1742
- f1770
    - flags: top simplicial
    - normal:    0.3992  -0.9109  -0.1049
    - offset: -0.03995654
    - vertices: p5689(v355) p7938(v241) p7327(v150)
    - neighboring facets: f1793 f3893 f2485
- f1773
    - flags: bottom simplicial
    - normal:    0.9791   -0.176   0.1023
    - offset:  0.0142725
    - center: -0.02598893333333333 -0.05096353333333334 0.02152453333333334 
    - vertices: p988(v356) p5039(v239) p2053(v27)
    - neighboring facets: f2549 f3895 f3238
- f1779
    - flags: bottom simplicial
    - normal:    0.9865  -0.1136  -0.1183
    - offset: 0.01707564
    - center: -0.02589773333333333 -0.0504464 -0.02317516666666667 
    - vertices: p850(v357) p1395(v90) p8644(v17)
    - neighboring facets: f740 f2513 f3249
- f1791
    - flags: bottom simplicial
    - normal:   0.01738  -0.9998   0.0138
    - offset: -0.05311557
    - vertices: p1640(v360) p7327(v150) p3521(v4)
    - neighboring facets: f742 f1792 f1793
- f1792
    - flags: top simplicial
    - normal:   0.00331       -1 0.0003933
    - offset: -0.05379333
    - vertices: p1640(v360) p7938(v241) p3521(v4)
    - neighboring facets: f1209 f1791 f1793
- f1793
    - flags: bottom simplicial
    - normal:   0.03275  -0.9995 -0.003964
    - offset: -0.05301796
    - vertices: p1640(v360) p7938(v241) p7327(v150)
    - neighboring facets: f1770 f1791 f1792
- f1795
    - flags: top simplicial tested
    - normal:    0.9996  0.01973  0.01803
    - offset:  0.0258301
    - center: -0.02585466666666666 -0.02013673333333333 0.0228759 
    - vertices: p2277(v361) p8326(v242) p4664(v46)
    - neighboring facets: f1212 f5133 f1797
    - ridges:
- f1796
    - flags: top simplicial tested
    - normal:    0.9981  0.02717  0.05528
    - offset: 0.02505794
    - center: -0.02585663333333333 -0.02170926666666667 0.02422876666666667 
    - vertices: p2277(v361) p4580(v152) p1415(v151)
    - neighboring facets: f3293 f1797 f5128
    - ridges:
- f1797
    - flags: bottom simplicial tested
    - normal:    0.9983  0.02767   0.0514
    - offset: 0.02516644
    - center: -0.0258614 -0.02083133333333334 0.0238754 
    - vertices: p2277(v361) p8326(v242) p1415(v151)
    - neighboring facets: f1562 f1796 f1795
- f1831
    - flags: top simplicial
    - normal:   -0.3943    0.919 -0.0003249
    - offset: -0.005292685
    - vertices: p408(v367) p9926(v246) p3282(v93)
    - neighboring facets: f1234 f1833 f3376
- f1833
    - flags: bottom simplicial
    - normal:    -0.301   0.9536 -2.456e-06
    - offset: 0.0002601376
    - vertices: p408(v367) p466(v251) p3282(v93)
    - neighboring facets: f1254 f1831 f2584
- f1840
    - flags: top simplicial
    - normal:   -0.3895   0.9196  0.05146
    - offset: -0.005920791
    - vertices: p4281(v368) p4568(v94) p5493(v8)
    - neighboring facets: f710 f1841 f2589
- f1841
    - flags: bottom simplicial
    - normal:   -0.7811   0.6194  0.07926
    - offset: -0.03248998
    - vertices: p4281(v368) p7007(v23) p5493(v8)
    - neighboring facets: f371 f1840 f1842
- f1842
    - flags: bottom simplicial
    - normal:   -0.8082   0.5862  0.05591
    - offset: -0.03409925
    - vertices: p4281(v368) p9373(v124) p7007(v23)
    - neighboring facets: f2166 f1841 f2591
- f1843
    - flags: bottom simplicial tested
    - normal:    -0.024   0.9997 -2.322e-05
    - offset: 0.01572718
    - center: -0.0528466 -0.01700053333333333 -0.004652896666666667 
    - vertices: p2775(v369) p9518(v157) p946(v15)
    - neighboring facets: f5087 f1845 f2595
    - ridges:
- f1845
    - flags: top simplicial tested
    - normal:   -0.1238   0.9923 -0.0007545
    - offset: 0.01032065
    - center: -0.05293316666666667 -0.0170109 -0.01121666666666667 
    - vertices: p2775(v369) p4231(v158) p946(v15)
    - neighboring facets: f782 f1843 f1846
- f1846
    - flags: top simplicial tested
    - normal:   -0.1252   0.9921 -0.0006886
    - offset: 0.01023935
    - center: -0.05297866666666667 -0.0170127 -0.005924404333333333 
    - vertices: p2775(v369) p1254(v248) p4231(v158)
    - neighboring facets: f2603 f1845 f2596
- f1849
    - flags: bottom simplicial tested
    - normal:  -0.02784   0.9996 0.0006497
    - offset: 0.01551644
    - center: -0.05281656666666667 -0.01700266666666667 0.01379337 
    - vertices: p1328(v370) p6026(v249) p9518(v157)
    - neighboring facets: f5095 f2597 f1850
    - ridges:
- f1850
    - flags: top simplicial tested
    - normal:  -0.03015   0.9995 0.001106
    - offset: 0.01538596
    - center: -0.05286936666666667 -0.0170065 0.0168273 
    - vertices: p1328(v370) p6026(v249) p4568(v94)
    - neighboring facets: f1245 f2599 f1849
- f1854
    - flags: bottom simplicial
    - normal:   -0.2402   0.9707 0.0003257
    - offset: 0.003778079
    - vertices: p8796(v372) p466(v251) p4568(v94)
    - neighboring facets: f1250 f1856 f2608
- f1856
    - flags: top simplicial
    - normal:   -0.1713   0.9852 -4.918e-06
    - offset: 0.00768432
    - vertices: p8796(v372) p486(v371) p4568(v94)
    - neighboring facets: f2601 f1854 f1857
- f1857
    - flags: bottom simplicial
    - normal:   -0.1788   0.9839 -8.758e-05
    - offset: 0.00726307
    - vertices: p8796(v372) p486(v371) p4231(v158)
    - neighboring facets: f2604 f2607 f1856
- f1860
    - flags: bottom simplicial tested
    - normal:  4.578e-05   0.9993  0.03865
    - offset: 0.01628567
    - center: -0.03154896666666666 -0.0170021 0.0182436 
    - vertices: p7963(v373) p6137(v163) p6926(v55)
    - neighboring facets: f808 f2610 f2613
- f1864
    - flags: top simplicial tested
    - normal:  -0.009119   0.9999  0.01347
    - offset: 0.01628486
    - center: -0.05243653333333333 -0.01700383333333333 0.01770893333333333 
    - vertices: p8523(v374) p4568(v94) p3032(v30)
    - neighboring facets: f1245 f5093 f1865
    - ridges:
- f1865
    - flags: top simplicial tested
    - normal:  -0.007206   0.9997  0.02297
    - offset: 0.01621359
    - center: -0.05198776666666666 -0.01700383333333334 0.01788196666666667 
    - vertices: p8523(v374) p5644(v252) p4568(v94)
    - neighboring facets: f1867 f1864 f5098
    - ridges:
- f1866
    - flags: top simplicial
    - normal:  -0.02798   0.9953  0.09312
    - offset: 0.01378122
    - vertices: p5242(v375) p2967(v143) p4568(v94)
    - neighboring facets: f710 f1867 f1875
- f1867
    - flags: bottom simplicial
    - normal:  -0.008116   0.9993  0.03603
    - offset: 0.01592494
    - vertices: p5242(v375) p5644(v252) p4568(v94)
    - neighboring facets: f1865 f1866 f1869
- f1869
    - flags: top simplicial
    - normal:  -0.001404   0.9994  0.03357
    - offset: 0.01631311
    - center: -0.04976546666666667 -0.01700813333333333 0.0183341 
    - vertices: p5242(v375) p5644(v252) p5956(v159)
    - neighboring facets: f2611 f1870 f1867
- f1870
    - flags: bottom simplicial
    - normal:  -8.891e-06   0.9991  0.04343
    - offset: 0.01619304
    - center: -0.04605676666666667 -0.01700836666666667 0.01839226666666667 
    - vertices: p5242(v375) p7963(v373) p5956(v159)
    - neighboring facets: f2612 f1869 f4031
- f1875
    - flags: bottom simplicial
    - normal:  -0.004384   0.9945   0.1043
    - offset: 0.01475596
    - vertices: p9739(v376) p5242(v375) p2967(v143)
    - neighboring facets: f1866 f3394 f4035
- f1888
    - flags: top simplicial
    - normal:    0.1195   0.9888 -0.08926
    - offset: 0.01837091
    - vertices: p7961(v379) p9647(v113) p5032(v112)
    - neighboring facets: f936 f2636 f1889
- f1889
    - flags: top simplicial
    - normal:   0.05097   0.9987 -0.004003
    - offset: 0.01829001
    - vertices: p7961(v379) p6606(v256) p9647(v113)
    - neighboring facets: f1273 f1888 f4059
- f1905
    - flags: top simplicial tested
    - normal:   0.01187   0.9999 0.0001587
    - offset: 0.01731804
    - center: -0.0269419 -0.0170002 0.004887861666666667 
    - vertices: p2398(v382) p7445(v258) p1664(v96)
    - neighboring facets: f1284 f5096 f1906
    - ridges:
- f1906
    - flags: bottom simplicial tested
    - normal:   0.01233   0.9999 1.219e-05
    - offset: 0.01733026
    - center: -0.02686513333333333 -0.0170002 -0.004882205000000001 
    - vertices: p2398(v382) p7445(v258) p4286(v161)
    - neighboring facets: f1285 f5099 f1905
    - ridges:
- f1929
    - flags: top simplicial
    - normal:   -0.6555  -0.7523  0.06599
    - offset: -0.07558158
    - vertices: p8453(v387) p8251(v261) p2600(v126)
    - neighboring facets: f1936 f1932 f1942
- f1930
    - flags: top simplicial
    - normal:   -0.3221  -0.8596   0.3967
    - offset: -0.07006978
    - vertices: p8453(v387) p6520(v137) p480(v100)
    - neighboring facets: f1292 f1941 f1931
- f1931
    - flags: top simplicial
    - normal:   -0.5434  -0.7498   0.3775
    - offset: -0.07576592
    - vertices: p8453(v387) p4954(v310) p6520(v137)
    - neighboring facets: f3111 f1930 f1933
- f1932
    - flags: bottom simplicial
    - normal:   -0.7597  -0.6212   0.1922
    - offset: -0.07685486
    - center: -0.05362463333333333 -0.05190406666666667 0.02014916666666667 
    - vertices: p8453(v387) p1154(v208) p2600(v126)
    - neighboring facets: f2184 f1929 f1933
- f1933
    - flags: bottom simplicial
    - normal:   -0.7502  -0.6263   0.2118
    - offset: -0.07701272
    - vertices: p8453(v387) p4954(v310) p1154(v208)
    - neighboring facets: f2181 f1932 f1931
- f1934
    - flags: bottom simplicial
    - normal:   -0.7131  -0.7003  0.03285
    - offset: -0.07532351
    - center: -0.05356756666666666 -0.05274476666666666 0.005714500000000001 
    - vertices: p6678(v388) p2600(v126) p6878(v99)
    - neighboring facets: f2185 f1935 f1936
- f1935
    - flags: top simplicial
    - normal:   -0.5961  -0.8021  0.03468
    - offset: -0.07447835
    - vertices: p6678(v388) p8251(v261) p6878(v99)
    - neighboring facets: f1938 f1934 f1936
- f1936
    - flags: bottom simplicial
    - normal:   -0.6814  -0.7302  0.04974
    - offset: -0.07550644
    - vertices: p6678(v388) p8251(v261) p2600(v126)
    - neighboring facets: f1929 f1934 f1935
- f1938
    - flags: bottom simplicial
    - normal:     -0.19  -0.9812  0.03471
    - offset: -0.06227875
    - vertices: p2807(v389) p8251(v261) p6878(v99)
    - neighboring facets: f1935 f2703 f1942
- f1941
    - flags: top simplicial
    - normal:   -0.3572  -0.9245   0.1331
    - offset: -0.07000162
    - vertices: p2807(v389) p8453(v387) p480(v100)
    - neighboring facets: f1930 f4926 f1942
- f1942
    - flags: bottom simplicial
    - normal:   -0.4006  -0.9094   0.1122
    - offset: -0.07110426
    - vertices: p2807(v389) p8453(v387) p8251(v261)
    - neighboring facets: f1929 f1938 f1941
- f1946
    - flags: top simplicial
    - normal:  4.803e-05    -0.57  -0.8216
    - offset: -0.0486473
    - vertices: p2293(v390) p4732(v32) p7604(v10)
    - neighboring facets: f1348 f1947 f1948
- f1947
    - flags: bottom simplicial
    - normal:  1.011e-05  -0.5944  -0.8042
    - offset: -0.04957012
    - vertices: p2293(v390) p7928(v263) p7604(v10)
    - neighboring facets: f1949 f1946 f1948
- f1948
    - flags: top simplicial
    - normal:  0.0002629  -0.5829  -0.8125
    - offset: -0.04913074
    - vertices: p2293(v390) p7928(v263) p4732(v32)
    - neighboring facets: f1308 f1946 f1947
- f1949
    - flags: top simplicial
    - normal:  -2.092e-05  -0.6097  -0.7927
    - offset: -0.05013677
    - vertices: p4464(v391) p7928(v263) p7604(v10)
    - neighboring facets: f1947 f1951 f1950
- f1950
    - flags: bottom simplicial
    - normal:  9.234e-05   -0.659  -0.7522
    - offset: -0.05188234
    - vertices: p4464(v391) p7928(v263) p2312(v168)
    - neighboring facets: f1308 f1952 f1949
- f1951
    - flags: bottom simplicial
    - normal:  -0.0007363  -0.6752  -0.7377
    - offset: -0.05247127
    - vertices: p4464(v391) p1633(v264) p7604(v10)
    - neighboring facets: f2696 f1949 f1952
- f1952
    - flags: top simplicial
    - normal:  -0.0001487  -0.6878  -0.7259
    - offset: -0.05286189
    - vertices: p4464(v391) p1633(v264) p2312(v168)
    - neighboring facets: f2691 f1950 f1951
- f1953
    - flags: bottom simplicial
    - normal:  0.001164  -0.8091  -0.5877
    - offset: -0.05628471
    - vertices: p5218(v392) p2312(v168) p8687(v101)
    - neighboring facets: f1205 f2697 f2692
- f1962
    - flags: bottom simplicial
    - normal:  -0.0001898  -0.9697  -0.2445
    - offset: -0.05752829
    - vertices: p4381(v394) p2551(v393) p2850(v172)
    - neighboring facets: f1971 f2698 f1969
- f1965
    - flags: top simplicial
    - normal:  0.004436   -0.908   -0.419
    - offset: -0.05780681
    - vertices: p8247(v395) p7938(v241) p8687(v101)
    - neighboring facets: f1205 f1966 f1967
- f1966
    - flags: bottom simplicial
    - normal:  0.003204  -0.9182  -0.3962
    - offset: -0.05790639
    - vertices: p8247(v395) p3248(v266) p8687(v101)
    - neighboring facets: f3448 f1965 f1968
- f1967
    - flags: bottom simplicial
    - normal:  0.001562  -0.9699  -0.2437
    - offset: -0.05745959
    - vertices: p8247(v395) p7938(v241) p5143(v58)
    - neighboring facets: f1321 f1970 f1965
- f1968
    - flags: bottom simplicial
    - normal:  0.0003194  -0.9565  -0.2916
    - offset: -0.05781802
    - vertices: p8247(v395) p4381(v394) p3248(v266)
    - neighboring facets: f2700 f1966 f1969
- f1969
    - flags: top simplicial
    - normal:  -2.823e-06  -0.9712  -0.2382
    - offset: -0.05746855
    - vertices: p8247(v395) p4381(v394) p2551(v393)
    - neighboring facets: f1962 f1971 f1968
- f1970
    - flags: top simplicial
    - normal:  1.903e-05  -0.9861  -0.1659
    - offset: -0.05671283
    - vertices: p8247(v395) p2850(v172) p5143(v58)
    - neighboring facets: f1972 f1967 f1971
- f1971
    - flags: top simplicial
    - normal:  -2.441e-05  -0.9788  -0.2049
    - offset: -0.05715919
    - vertices: p8247(v395) p2551(v393) p2850(v172)
    - neighboring facets: f1962 f1970 f1969
- f1972
    - flags: bottom simplicial
    - normal:  -5.288e-05  -0.9913  -0.1319
    - offset: -0.05626032
    - vertices: p3535(v396) p2850(v172) p5143(v58)
    - neighboring facets: f1970 f1973 f1974
- f1973
    - flags: top simplicial
    - normal:  -8.791e-05  -0.9936  -0.1132
    - offset: -0.05598417
    - vertices: p3535(v396) p6771(v267) p5143(v58)
    - neighboring facets: f1321 f1972 f1974
- f1974
    - flags: bottom simplicial
    - normal:  -0.0001149  -0.9934  -0.1143
    - offset: -0.05600151
    - vertices: p3535(v396) p6771(v267) p2850(v172)
    - neighboring facets: f1983 f1972 f1973
- f1975
    - flags: bottom simplicial
    - normal:  0.0001116       -1 -0.001655
    - offset: -0.05392878
    - vertices: p3103(v397) p7938(v241) p2460(v170)
    - neighboring facets: f1209 f1977 f1976
- f1976
    - flags: bottom simplicial
    - normal:  -1.576e-05  -0.9976 -0.06939
    - offset: -0.05525697
    - vertices: p3103(v397) p6771(v267) p7938(v241)
    - neighboring facets: f1321 f1975 f1983
- f1977
    - flags: bottom simplicial
    - normal:  7.617e-06       -1 -0.0002292
    - offset: -0.05390381
    - vertices: p3103(v397) p2460(v170) p4973(v169)
    - neighboring facets: f841 f1978 f1975
- f1978
    - flags: bottom simplicial
    - normal:  -0.0002406       -1 0.001266
    - offset: -0.05388487
    - vertices: p3103(v397) p4973(v169) p2814(v34)
    - neighboring facets: f1315 f2702 f1977
- f1981
    - flags: bottom simplicial
    - normal:   -0.3841  -0.9081  -0.1666
    - offset: -0.0728537
    - vertices: p3103(v397) p6878(v99) p7604(v10)
    - neighboring facets: f474 f1982 f2704
- f1982
    - flags: top simplicial
    - normal:  -0.03824   -0.897  -0.4405
    - offset: -0.05980746
    - vertices: p3103(v397) p2850(v172) p7604(v10)
    - neighboring facets: f2695 f1981 f1983
- f1983
    - flags: top simplicial
    - normal:  -0.002626  -0.9914  -0.1308
    - offset: -0.05637831
    - vertices: p3103(v397) p6771(v267) p2850(v172)
    - neighboring facets: f1974 f1982 f1976
- f1986
    - flags: bottom simplicial
    - normal:  -0.04493  -0.4004  -0.9152
    - offset: -0.04479791
    - vertices: p2770(v398) p3245(v270) p9392(v33)
    - neighboring facets: f1339 f4113 f3477
- f1994
    - flags: top simplicial
    - normal:  0.0006954  -0.5282  -0.8491
    - offset: -0.04699493
    - vertices: p1609(v400) p2620(v106) p4732(v32)
    - neighboring facets: f1349 f1995 f1996
- f1995
    - flags: bottom simplicial
    - normal:  0.0007159  -0.5282  -0.8491
    - offset: -0.04699409
    - vertices: p1609(v400) p881(v272) p4732(v32)
    - neighboring facets: f1351 f1994 f1996
- f1996
    - flags: top simplicial
    - normal:  0.0007045  -0.5281  -0.8492
    - offset: -0.04699192
    - vertices: p1609(v400) p881(v272) p2620(v106)
    - neighboring facets: f1997 f1994 f1995
- f1997
    - flags: bottom simplicial
    - normal:  0.0009867  -0.5137   -0.858
    - offset: -0.04650124
    - vertices: p5901(v401) p881(v272) p2620(v106)
    - neighboring facets: f1996 f3474 f1999
- f1999
    - flags: top simplicial
    - normal:  0.003026   -0.519  -0.8548
    - offset: -0.04661699
    - vertices: p5901(v401) p881(v272) p5076(v178)
    - neighboring facets: f1351 f2000 f1997
- f2000
    - flags: bottom simplicial
    - normal:   0.01235  -0.4992  -0.8664
    - offset: -0.04567747
    - vertices: p5901(v401) p1542(v273) p5076(v178)
    - neighboring facets: f1366 f1999 f3465
- f2008
    - flags: bottom simplicial
    - normal:  -0.002698  -0.8719   0.4897
    - offset: -0.05592721
    - vertices: p8940(v403) p2458(v275) p2744(v62)
    - neighboring facets: f1369 f4099 f2009
- f2009
    - flags: top simplicial
    - normal:  -0.0005831  -0.8627   0.5058
    - offset: -0.05570549
    - vertices: p8940(v403) p2458(v275) p3254(v180)
    - neighboring facets: f4869 f4098 f2008
- f2021
    - flags: top simplicial
    - normal:   -0.7849  -0.2769  -0.5544
    - offset: -0.06899759
    - vertices: p3540(v406) p3319(v184) p7604(v10)
    - neighboring facets: f906 f2023 f2022
- f2022
    - flags: top simplicial
    - normal:    -0.745  -0.2606  -0.6141
    - offset: -0.0674505
    - vertices: p3540(v406) p2299(v278) p3319(v184)
    - neighboring facets: f1387 f2021 f2024
- f2023
    - flags: bottom simplicial
    - normal:   -0.5962  -0.3592   -0.718
    - offset: -0.06693021
    - vertices: p3540(v406) p2452(v61) p7604(v10)
    - neighboring facets: f1342 f2021 f2024
- f2024
    - flags: bottom simplicial
    - normal:   -0.6492  -0.3123  -0.6936
    - offset: -0.06681837
    - vertices: p3540(v406) p2299(v278) p2452(v61)
    - neighboring facets: f1386 f2023 f2022
- f2030
    - flags: top simplicial
    - normal:    -0.675 -0.006688  -0.7378
    - offset: -0.05531636
    - vertices: p9300(v408) p4038(v280) p158(v279)
    - neighboring facets: f2037 f2742 f3489
- f2034
    - flags: top simplicial
    - normal:   -0.5927   0.1631  -0.7887
    - offset: -0.04845133
    - vertices: p6407(v409) p5472(v186) p6695(v109)
    - neighboring facets: f1411 f2036 f3491
- f2036
    - flags: bottom simplicial
    - normal:   -0.6625  0.01316   -0.749
    - offset: -0.05448058
    - vertices: p6407(v409) p158(v279) p6695(v109)
    - neighboring facets: f1390 f2034 f2037
- f2037
    - flags: bottom simplicial
    - normal:   -0.6637 0.009036   -0.748
    - offset: -0.05461365
    - vertices: p6407(v409) p4038(v280) p158(v279)
    - neighboring facets: f2030 f2036 f3492
- f2038
    - flags: bottom simplicial
    - normal:  -0.004806 -0.0001893       -1
    - offset: -0.03042648
    - vertices: p289(v410) p3107(v192) p442(v114)
    - neighboring facets: f2815 f2039 f2752
- f2039
    - flags: top simplicial
    - normal:  -0.008798 -0.0001694       -1
    - offset: -0.03061737
    - vertices: p289(v410) p8240(v281) p442(v114)
    - neighboring facets: f1399 f2038 f2748
- f2043
    - flags: top simplicial
    - normal:     0.698   0.7161 -0.0003075
    - offset:  0.0306329
    - vertices: p9633(v411) p8670(v284) p7678(v189)
    - neighboring facets: f2638 f2754 f4511
- f2046
    - flags: bottom simplicial
    - normal:    0.7849   0.6196 0.003728
    - offset: 0.03120496
    - vertices: p5568(v412) p2211(v285) p6526(v47)
    - neighboring facets: f2755 f3413 f2765
- f2051
    - flags: bottom simplicial
    - normal:    0.9392   0.3245   0.1125
    - offset: 0.02797027
    - center: -0.0259906 -0.01814936666666667 0.02069086666666667 
    - vertices: p5568(v412) p8143(v83) p4664(v46)
    - neighboring facets: f1212 f2391 f2052
- f2052
    - flags: bottom simplicial
    - normal:    0.9026   0.4077    0.138
    - offset: 0.02798505
    - vertices: p5568(v412) p1295(v138) p8143(v83)
    - neighboring facets: f2379 f2051 f2383
- f2068
    - flags: bottom simplicial
    - normal:  0.0002161   0.9922   -0.125
    - offset: 0.01453947
    - vertices: p3645(v416) p8560(v201) p3973(v65)
    - neighboring facets: f983 f2780 f3523
- f2070
    - flags: bottom simplicial
    - normal:  0.001115   0.9815  -0.1917
    - offset: 0.01308195
    - vertices: p4592(v417) p9763(v191) p5032(v112)
    - neighboring facets: f936 f2783 f3531
- f2083
    - flags: bottom simplicial
    - normal:   0.09621  -0.2108  -0.9728
    - offset: -0.03249597
    - vertices: p1258(v420) p9733(v194) p4376(v104)
    - neighboring facets: f949 f2085 f2084
- f2084
    - flags: bottom simplicial
    - normal:    0.1848 -0.05055  -0.9815
    - offset: -0.02305032
    - vertices: p1258(v420) p5243(v291) p9733(v194)
    - neighboring facets: f1449 f2083 f2818
- f2085
    - flags: top simplicial
    - normal:   0.02654  -0.2639  -0.9642
    - offset: -0.03728099
    - vertices: p1258(v420) p2122(v174) p4376(v104)
    - neighboring facets: f857 f2083 f2086
- f2086
    - flags: top simplicial
    - normal:  -6.722e-05 -0.0009227       -1
    - offset: -0.03022352
    - vertices: p1258(v420) p4983(v269) p2122(v174)
    - neighboring facets: f1334 f2085 f2820
- f2091
    - flags: bottom simplicial
    - normal:  -5.854e-06 -0.0007745       -1
    - offset: -0.03021554
    - vertices: p4067(v421) p5243(v291) p3107(v192)
    - neighboring facets: f2817 f2092 f2894
- f2092
    - flags: top simplicial
    - normal:  -5.615e-06 -0.000774       -1
    - offset: -0.03021551
    - vertices: p4067(v421) p5100(v292) p3107(v192)
    - neighboring facets: f2893 f2091 f2895
- f2095
    - flags: bottom simplicial
    - normal:  0.0006282   0.9272  -0.3746
    - offset: 0.008383931
    - vertices: p6065(v422) p5937(v293) p2623(v196)
    - neighboring facets: f1459 f2103 f2830
- f2102
    - flags: top simplicial
    - normal:  9.24e-05   0.9227  -0.3856
    - offset: 0.008055001
    - center: -0.04664146666666667 -0.0176043 -0.0212466 
    - vertices: p8345(v424) p6065(v422) p4385(v70)
    - neighboring facets: f2829 f3561 f2103
- f2103
    - flags: bottom simplicial
    - normal:  9.814e-05   0.9225  -0.3859
    - offset: 0.008045333
    - vertices: p8345(v424) p6065(v422) p2623(v196)
    - neighboring facets: f2095 f2842 f2102
- f2117
    - flags: bottom simplicial tested
    - normal:   -0.7005   0.5763   -0.421
    - offset: -0.03644434
    - center: -0.05367670000000001 -0.01863956666666666 -0.0227714 
    - vertices: p6128(v426) p3835(v283) p536(v182)
    - neighboring facets: f1408 f2120 f2862
- f2118
    - flags: top simplicial tested
    - normal:   -0.7469   0.6518  -0.1312
    - offset: -0.03123004
    - center: -0.05365046666666667 -0.0176294 -0.02018743333333333 
    - vertices: p6128(v426) p7601(v29) p7864(v7)
    - neighboring facets: f603 f2121 f2119
- f2119
    - flags: top simplicial tested
    - normal:   -0.4911   0.8528  -0.1777
    - offset: -0.01493698
    - center: -0.05347856666666666 -0.01759766666666667 -0.02071923333333333 
    - vertices: p6128(v426) p4385(v70) p7601(v29)
    - neighboring facets: f2800 f2118 f3562
- f2120
    - flags: bottom simplicial tested
    - normal:   -0.9158   0.3814  -0.1259
    - offset: -0.04500758
    - center: -0.05376513333333333 -0.01829693333333333 -0.02184056666666667 
    - vertices: p6128(v426) p536(v182) p227(v108)
    - neighboring facets: f5111 f2121 f2117
    - ridges:
- f2121
    - flags: bottom simplicial tested
    - normal:   -0.9097   0.3978  -0.1194
    - offset: -0.04424472
    - center: -0.05374716666666667 -0.01793213333333333 -0.02081946666666666 
    - vertices: p6128(v426) p227(v108) p7864(v7)
    - neighboring facets: f889 f2118 f2120
- f2128
    - flags: bottom simplicial
    - normal:  -0.008797   0.8479  -0.5301
    - offset: 0.003100004
    - vertices: p431(v428) p6128(v426) p6635(v197)
    - neighboring facets: f2845 f2867 f2863
- f2134
    - flags: top simplicial
    - normal:  -0.01159   0.7601  -0.6497
    - offset: -0.001425578
    - vertices: p6602(v429) p3835(v283) p7625(v21)
    - neighboring facets: f1410 f2136 f2861
- f2136
    - flags: bottom simplicial
    - normal:  -0.002495   0.7636  -0.6457
    - offset: -0.00078659
    - vertices: p6602(v429) p5062(v119) p7625(v21)
    - neighboring facets: f1406 f2134 f2137
- f2137
    - flags: bottom simplicial
    - normal:  -0.002068   0.7638  -0.6454
    - offset: -0.0007515997
    - vertices: p6602(v429) p1337(v427) p5062(v119)
    - neighboring facets: f2857 f2136 f2865
- f2143
    - flags: bottom simplicial tested
    - normal:   0.07937   0.6399  -0.7644
    - offset: -0.003755771
    - center: -0.03236523333333333 -0.02142443333333333 -0.02620783333333334 
    - vertices: p3827(v431) p6053(v297) p5062(v119)
    - neighboring facets: f1484 f2884 f2146
- f2146
    - flags: top simplicial tested
    - normal:    0.4173   0.5972   -0.685
    - offset: 0.00627315
    - center: -0.0262665 -0.01974793333333334 -0.02406046666666667 
    - vertices: p3827(v431) p6053(v297) p3695(v11)
    - neighboring facets: f1486 f2882 f2143
- f2150
    - flags: top simplicial tested
    - normal:    0.9615 0.006937  -0.2747
    - offset: 0.01789424
    - center: -0.02586263333333333 -0.0291999 -0.02612366666666667 
    - vertices: p6144(v432) p9600(v193) p9483(v67)
    - neighboring facets: f5134 f2151 f2887
    - ridges:
- f2151
    - flags: bottom simplicial tested
    - normal:    0.8514   0.0235   -0.524
    - offset: 0.008986868
    - center: -0.02588269999999999 -0.0272074 -0.02612463333333333 
    - vertices: p6144(v432) p9580(v300) p9483(v67)
    - neighboring facets: f1497 f2150 f2890
- f2158
    - flags: bottom simplicial
    - normal:    -0.974   0.2267 2.595e-05
    - offset: -0.04839151
    - vertices: p8081(v434) p8310(v303) p6770(v71)
    - neighboring facets: f2198 f2901 f2196
- f2165
    - flags: bottom simplicial
    - normal:   -0.9009   0.4338  0.01212
    - offset: -0.04097437
    - vertices: p3577(v435) p6770(v71) p7007(v23)
    - neighboring facets: f623 f2166 f2900
- f2166
    - flags: top simplicial
    - normal:    -0.883   0.4691  0.01491
    - offset: -0.03943283
    - vertices: p3577(v435) p9373(v124) p7007(v23)
    - neighboring facets: f1842 f2165 f2910
- f2168
    - flags: bottom simplicial
    - normal:   -0.8345    0.551 8.635e-05
    - offset: -0.03518132
    - vertices: p3577(v435) p8196(v205) p9773(v123)
    - neighboring facets: f1002 f2908 f2169
- f2169
    - flags: bottom simplicial
    - normal:   -0.8151   0.5794 0.0002685
    - offset: -0.03364254
    - vertices: p3577(v435) p4332(v307) p8196(v205)
    - neighboring facets: f1526 f2168 f2911
- f2171
    - flags: top simplicial tested
    - normal:        -1 -0.00637 0.007411
    - offset: -0.05432993
    - center: -0.05384803333333334 -0.04943683333333334 0.02287483333333333 
    - vertices: p5762(v436) p9167(v308) p5791(v73)
    - neighboring facets: f1528 f5104 f2172
    - ridges:
- f2172
    - flags: bottom simplicial tested
    - normal:        -1 -0.003782 0.007643
    - offset: -0.05420955
    - center: -0.05384803333333333 -0.04775536666666667 0.023926 
    - vertices: p5762(v436) p9167(v308) p2802(v206)
    - neighboring facets: f1530 f5119 f2171
    - ridges:
- f2174
    - flags: bottom simplicial tested
    - normal:   -0.9997 0.001396  0.02461
    - offset: -0.05440847
    - center: -0.05384636666666667 -0.02809066666666667 0.02509493333333333 
    - vertices: p5845(v437) p9186(v309) p4289(v207)
    - neighboring facets: f1533 f5120 f3600
    - ridges:
- f2180
    - flags: top simplicial
    - normal:   -0.9571  -0.2649   0.1172
    - offset: -0.06754277
    - vertices: p5649(v438) p1154(v208) p1072(v16)
    - neighboring facets: f1015 f3114 f2181
- f2181
    - flags: top simplicial
    - normal:     -0.95  -0.2858   0.1259
    - offset: -0.06841487
    - vertices: p5649(v438) p4954(v310) p1154(v208)
    - neighboring facets: f1933 f2180 f3112
- f2184
    - flags: top simplicial tested
    - normal:   -0.9885  -0.1511 0.009737
    - offset: -0.06114663
    - center: -0.05378153333333333 -0.0523634 0.007354066666666667 
    - vertices: p957(v439) p1154(v208) p2600(v126)
    - neighboring facets: f1932 f2185 f2920
- f2185
    - flags: top simplicial tested
    - normal:    -0.761   -0.648  0.03044
    - offset: -0.07513605
    - center: -0.05377263333333333 -0.05309093333333333 -0.006236999999999999 
    - vertices: p957(v439) p2600(v126) p6878(v99)
    - neighboring facets: f1934 f2923 f2184
- f2189
    - flags: bottom simplicial tested
    - normal:   -0.9939   -0.108  0.02368
    - offset: -0.05949873
    - center: -0.05382256666666667 -0.05096976666666667 0.0211484 
    - vertices: p5089(v440) p1154(v208) p5791(v73)
    - neighboring facets: f1015 f5114 f2190
    - ridges:
- f2190
    - flags: bottom simplicial tested
    - normal:   -0.9946  -0.1024  0.01649
    - offset: -0.05910222
    - center: -0.05382256666666667 -0.0511517 0.02005806666666667 
    - vertices: p5089(v440) p2360(v311) p1154(v208)
    - neighboring facets: f2919 f2189 f5121
    - ridges:
- f2191
    - flags: bottom simplicial
    - normal:   -0.9892   0.1464 0.0001176
    - offset: -0.05064587
    - vertices: p4468(v441) p4312(v210) p6770(v71)
    - neighboring facets: f1025 f2192 f2925
- f2192
    - flags: top simplicial
    - normal:   -0.9884   0.1516 8.589e-05
    - offset: -0.05051041
    - vertices: p4468(v441) p2401(v312) p6770(v71)
    - neighboring facets: f2199 f2191 f2931
- f2195
    - flags: bottom simplicial
    - normal:   -0.9683   0.2497 -5.409e-05
    - offset: -0.04768131
    - vertices: p8181(v442) p8081(v434) p6108(v203)
    - neighboring facets: f3593 f2201 f2196
- f2196
    - flags: top simplicial
    - normal:   -0.9741   0.2263 1.817e-05
    - offset: -0.04840547
    - vertices: p8181(v442) p8081(v434) p8310(v303)
    - neighboring facets: f2158 f2198 f2195
- f2197
    - flags: top simplicial
    - normal:    -0.987   0.1609 -6.6e-05
    - offset: -0.05026574
    - vertices: p8181(v442) p2401(v312) p5367(v181)
    - neighboring facets: f2930 f2200 f2199
- f2198
    - flags: top simplicial
    - normal:   -0.9744    0.225 2.047e-05
    - offset: -0.04844451
    - vertices: p8181(v442) p8310(v303) p6770(v71)
    - neighboring facets: f2158 f2199 f2196
- f2199
    - flags: bottom simplicial
    - normal:   -0.9812   0.1931 1.375e-05
    - offset: -0.04937771
    - vertices: p8181(v442) p2401(v312) p6770(v71)
    - neighboring facets: f2192 f2198 f2197
- f2200
    - flags: top simplicial
    - normal:   -0.9838   0.1794 -0.005467
    - offset: -0.04985872
    - vertices: p8181(v442) p5367(v181) p7864(v7)
    - neighboring facets: f889 f2201 f2197
- f2201
    - flags: bottom simplicial
    - normal:   -0.9644   0.2644 -0.000259
    - offset: -0.04721333
    - vertices: p8181(v442) p6108(v203) p7864(v7)
    - neighboring facets: f1517 f2200 f2195
- f2203
    - flags: top simplicial tested
    - normal:        -1   0.0051 0.0003122
    - offset: -0.05376223
    - center: -0.0538497 -0.018105 0.0178606 
    - vertices: p960(v443) p8709(v127) p297(v74)
    - neighboring facets: f624 f5105 f2204
    - ridges:
- f2204
    - flags: top simplicial tested
    - normal:        -1 0.004897 0.0002059
    - offset: -0.05376411
    - center: -0.0538497 -0.0180598 0.01700153333333334 
    - vertices: p960(v443) p5150(v313) p8709(v127)
    - neighboring facets: f1549 f2203 f5122
    - ridges:
- f2205
    - flags: top simplicial tested
    - normal:   -0.9998  0.02189 -3.26e-05
    - offset: -0.05344298
    - center: -0.05384913333333333 -0.0179811 -0.01121436333333333 
    - vertices: p1084(v444) p1992(v314) p4134(v40)
    - neighboring facets: f1551 f2927 f2936
- f2209
    - flags: bottom simplicial tested
    - normal:   -0.9999  0.01609 3.573e-06
    - offset: -0.05355299
    - center: -0.05384943333333334 -0.01799296666666667 0.00587381 
    - vertices: p1084(v444) p7138(v211) p8709(v127)
    - neighboring facets: f1549 f2929 f2935
- f2223
    - flags: top simplicial tested
    - normal:  -0.00573 0.0003193        1
    - offset: -0.02649236
    - center: -0.05276473333333333 -0.02693833333333333 0.02619903333333333 
    - vertices: p5485(v448) p380(v318) p1487(v130)
    - neighboring facets: f3033 f3609 f2227
- f2226
    - flags: bottom simplicial tested
    - normal:  -0.01618 -0.0002457   0.9999
    - offset: -0.02705857
    - center: -0.05285916666666666 -0.03755396666666667 0.0261976 
    - vertices: p5485(v448) p9342(v447) p5749(v213)
    - neighboring facets: f3627 f2944 f2227
- f2227
    - flags: top simplicial tested
    - normal:  -0.04475 6.285e-06    0.999
    - offset: -0.02853847
    - center: -0.05290113333333333 -0.03107306666666667 0.02619776666666667 
    - vertices: p5485(v448) p9342(v447) p380(v318)
    - neighboring facets: f3626 f2223 f2226
- f2241
    - flags: bottom simplicial
    - normal:   -0.4902   -0.071   0.8687
    - offset: -0.05179881
    - vertices: p5320(v451) p1999(v317) p5749(v213)
    - neighboring facets: f2568 f2965 f3371
- f2243
    - flags: top simplicial
    - normal:  3.145e-06   0.6088   0.7933
    - offset: -0.007209803
    - vertices: p6378(v452) p5050(v216) p9225(v128)
    - neighboring facets: f3829 f2244 f2980
- f2244
    - flags: bottom simplicial
    - normal:  4.919e-06   0.6088   0.7933
    - offset: -0.007209934
    - vertices: p6378(v452) p9998(v322) p9225(v128)
    - neighboring facets: f2424 f2243 f2978
- f2252
    - flags: top simplicial
    - normal:  -0.006976   0.3687   0.9295
    - offset: -0.01604536
    - vertices: p7089(v454) p10(v222) p7629(v78)
    - neighboring facets: f1103 f2253 f4256
- f2253
    - flags: bottom simplicial
    - normal:  -0.001791   0.3913   0.9203
    - offset: -0.01504748
    - vertices: p7089(v454) p41(v323) p7629(v78)
    - neighboring facets: f2270 f2252 f2996
- f2263
    - flags: top simplicial
    - normal:   -0.2128   0.5853   0.7824
    - offset: -0.01862021
    - vertices: p9530(v456) p7802(v136) p2875(v24)
    - neighboring facets: f707 f2265 f2264
- f2264
    - flags: top simplicial
    - normal:   -0.2047   0.5498   0.8098
    - offset: -0.01962436
    - vertices: p9530(v456) p1139(v325) p7802(v136)
    - neighboring facets: f1612 f2263 f2266
- f2265
    - flags: bottom simplicial
    - normal:  -0.05028    0.586   0.8087
    - offset: -0.0106735
    - vertices: p9530(v456) p1111(v131) p2875(v24)
    - neighboring facets: f1593 f2263 f3651
- f2266
    - flags: bottom simplicial
    - normal:  -0.009493   0.4545   0.8907
    - offset:  -0.013336
    - vertices: p9530(v456) p1139(v325) p7379(v220)
    - neighboring facets: f1613 f4207 f2264
- f2270
    - flags: top simplicial
    - normal:  -0.001196   0.3997   0.9167
    - offset: -0.0147418
    - vertices: p2830(v457) p41(v323) p7629(v78)
    - neighboring facets: f2253 f3000 f2994
- f2283
    - flags: top simplicial
    - normal:  1.876e-06   0.5374   0.8434
    - offset: -0.009907437
    - vertices: p3482(v459) p2944(v219) p518(v75)
    - neighboring facets: f3641 f2284 f3017
- f2284
    - flags: bottom simplicial
    - normal:  2.711e-06   0.5373   0.8434
    - offset: -0.009908872
    - vertices: p3482(v459) p3334(v327) p518(v75)
    - neighboring facets: f3053 f2283 f4208
- f2307
    - flags: top simplicial
    - normal:    0.7064   0.3487   0.6159
    - offset: 0.01061184
    - center: -0.02611613333333333 -0.0209355 0.02457666666666666 
    - vertices: p5834(v464) p4292(v330) p748(v316)
    - neighboring facets: f1648 f2309 f3296
- f2309
    - flags: top simplicial
    - normal:    0.9497   0.1802   0.2559
    - offset: 0.02216731
    - vertices: p5834(v464) p748(v316) p1415(v151)
    - neighboring facets: f1562 f3294 f2307
- f2318
    - flags: top simplicial
    - normal:  0.0005613   0.3942    0.919
    - offset: -0.01484787
    - vertices: p8316(v465) p4645(v463) p5397(v218)
    - neighboring facets: f4645 f3009 f4643
- f2329
    - flags: bottom simplicial
    - normal:  -0.00456   0.2482   0.9687
    - offset: -0.01963555
    - vertices: p7429(v468) p10(v222) p595(v133)
    - neighboring facets: f1101 f3688 f3078
- f2332
    - flags: top simplicial
    - normal:  0.000412   0.2653   0.9642
    - offset: -0.01889572
    - vertices: p7429(v468) p4889(v467) p5634(v331)
    - neighboring facets: f3075 f4641 f3708
- f2337
    - flags: bottom simplicial
    - normal:  -0.006338   0.0901   0.9959
    - offset: -0.02418761
    - vertices: p9150(v470) p3628(v223) p9564(v77)
    - neighboring facets: f1577 f2338 f2339
- f2338
    - flags: top simplicial
    - normal:  -0.002642  0.09825   0.9952
    - offset: -0.02377977
    - vertices: p9150(v470) p1766(v333) p9564(v77)
    - neighboring facets: f1663 f2337 f3697
- f2339
    - flags: top simplicial
    - normal:  -0.005386   0.1573   0.9875
    - offset: -0.02231426
    - vertices: p9150(v470) p3628(v223) p595(v133)
    - neighboring facets: f1101 f3083 f2337
- f2342
    - flags: bottom simplicial
    - normal:   -0.4453   0.1834   0.8764
    - offset: -0.04207213
    - vertices: p9358(v471) p3628(v223) p2303(v5)
    - neighboring facets: f1106 f2343 f2344
- f2343
    - flags: top simplicial
    - normal:   -0.5125  0.08642   0.8543
    - offset: -0.04743625
    - vertices: p9358(v471) p9099(v334) p2303(v5)
    - neighboring facets: f1664 f2342 f2345
- f2344
    - flags: bottom simplicial
    - normal:  -0.03227  0.06436   0.9974
    - offset: -0.02621342
    - vertices: p9358(v471) p380(v318) p3628(v223)
    - neighboring facets: f1577 f2342 f2345
- f2345
    - flags: bottom simplicial
    - normal:   -0.1909  0.01902   0.9814
    - offset: -0.03533036
    - vertices: p9358(v471) p9099(v334) p380(v318)
    - neighboring facets: f3625 f2344 f2343
- f2356
    - flags: bottom simplicial
    - normal:  -0.02758  -0.7465   0.6648
    - offset: -0.05477951
    - vertices: p2415(v474) p1686(v336) p6520(v137)
    - neighboring facets: f2363 f4278 f3103
- f2363
    - flags: top simplicial
    - normal:   -0.0906  -0.7233   0.6846
    - offset: -0.05738765
    - vertices: p1670(v475) p1686(v336) p6520(v137)
    - neighboring facets: f2356 f3108 f3118
- f2371
    - flags: top simplicial
    - normal:  0.007325   0.9444   0.3287
    - offset: 0.009845389
    - vertices: p2615(v477) p976(v228) p4894(v95)
    - neighboring facets: f3400 f2376 f2372
- f2372
    - flags: top simplicial
    - normal:   0.03991    0.944   0.3276
    - offset: 0.01073924
    - vertices: p2615(v477) p2583(v338) p976(v228)
    - neighboring facets: f2378 f2371 f2374
- f2374
    - flags: bottom simplicial
    - normal:  0.0006553   0.9641   0.2656
    - offset: 0.01129019
    - vertices: p2615(v477) p2583(v338) p108(v162)
    - neighboring facets: f4698 f2375 f2372
- f2375
    - flags: top simplicial
    - normal:  0.000525   0.9635   0.2678
    - offset: 0.01122995
    - vertices: p2615(v477) p7673(v342) p108(v162)
    - neighboring facets: f4699 f2374 f3132
- f2376
    - flags: bottom simplicial
    - normal:  3.219e-05   0.9537   0.3009
    - offset: 0.01037331
    - vertices: p2615(v477) p9854(v343) p4894(v95)
    - neighboring facets: f4047 f2371 f3137
- f2378
    - flags: bottom simplicial
    - normal:    0.1757   0.9222   0.3446
    - offset:  0.0136623
    - vertices: p9005(v478) p2583(v338) p976(v228)
    - neighboring facets: f2372 f2635 f2381
- f2379
    - flags: top simplicial
    - normal:    0.4079   0.8002   0.4397
    - offset: 0.01567212
    - vertices: p9005(v478) p1295(v138) p8143(v83)
    - neighboring facets: f2052 f2634 f2383
- f2381
    - flags: top simplicial
    - normal:    0.2799   0.9238   0.2615
    - offset: 0.01816553
    - vertices: p9005(v478) p2583(v338) p2908(v26)
    - neighboring facets: f1685 f2382 f2378
- f2382
    - flags: bottom simplicial
    - normal:    0.6635   0.7266   0.1784
    - offset: 0.02655595
    - vertices: p9005(v478) p5568(v412) p2908(v26)
    - neighboring facets: f2647 f2381 f2383
- f2383
    - flags: top simplicial
    - normal:    0.6696   0.7207   0.1795
    - offset:  0.0265902
    - vertices: p9005(v478) p5568(v412) p1295(v138)
    - neighboring facets: f2052 f2379 f2382
- f2384
    - flags: bottom simplicial
    - normal:  0.007097   0.9849   0.1731
    - offset: 0.01369316
    - vertices: p9783(v479) p2583(v338) p2073(v97)
    - neighboring facets: f1685 f2386 f2385
- f2385
    - flags: top simplicial
    - normal:  0.002082   0.9822   0.1878
    - offset: 0.01321392
    - vertices: p9783(v479) p2583(v338) p792(v257)
    - neighboring facets: f4696 f2387 f2384
- f2386
    - flags: top simplicial
    - normal:  1.457e-05   0.9914   0.1305
    - offset: 0.01441809
    - vertices: p9783(v479) p5767(v381) p2073(v97)
    - neighboring facets: f2620 f2384 f2387
- f2387
    - flags: bottom simplicial
    - normal:   1.4e-05   0.9914   0.1305
    - offset: 0.01441811
    - vertices: p9783(v479) p5767(v381) p792(v257)
    - neighboring facets: f4039 f2385 f2386
- f2390
    - flags: bottom simplicial tested
    - normal:    0.9977  0.06708 0.007273
    - offset: 0.02688013
    - center: -0.0258556 -0.01801343333333333 0.0171687 
    - vertices: p2784(v480) p1018(v339) p3662(v141)
    - neighboring facets: f3499 f2392 f3140
- f2391
    - flags: bottom simplicial tested
    - normal:    0.9745   0.2209  0.03978
    - offset: 0.02847723
    - center: -0.02591483333333333 -0.0181452 0.0197103 
    - vertices: p2784(v480) p5568(v412) p4664(v46)
    - neighboring facets: f2051 f5136 f2392
    - ridges:
- f2392
    - flags: top simplicial tested
    - normal:    0.9743    0.222   0.0368
    - offset: 0.02855121
    - center: -0.02591906666666666 -0.01787226666666666 0.01823636666666667 
    - vertices: p2784(v480) p5568(v412) p3662(v141)
    - neighboring facets: f2760 f2390 f2391
- f2394
    - flags: bottom simplicial tested
    - normal:    0.9999  0.01466 -7.369e-06
    - offset: 0.02611143
    - center: -0.02585023333333333 -0.01801313333333333 -0.002258129666666667 
    - vertices: p2766(v481) p4476(v340) p5175(v230)
    - neighboring facets: f1698 f5142 f2396
    - ridges:
- f2395
    - flags: bottom simplicial tested
    - normal:    0.9997  0.02419 -0.0001113
    - offset: 0.02627723
    - center: -0.02585116666666666 -0.01800823333333333 -0.01776596666666667 
    - vertices: p2766(v481) p2202(v140) p2399(v86)
    - neighboring facets: f1133 f2396 f5130
    - ridges:
- f2396
    - flags: top simplicial tested
    - normal:    0.9997  0.02607 -7.274e-05
    - offset: 0.02631054
    - center: -0.0258515 -0.01797393333333333 -0.01137423633333333 
    - vertices: p2766(v481) p4476(v340) p2399(v86)
    - neighboring facets: f1697 f2395 f2394
- f2398
    - flags: bottom simplicial
    - normal:  -0.009519   0.9045   0.4263
    - offset: 0.006377856
    - vertices: p6182(v482) p8169(v341) p814(v87)
    - neighboring facets: f1701 f3141 f2627
- f2401
    - flags: top simplicial
    - normal:  -0.07031   0.9435   0.3239
    - offset: 0.006147784
    - vertices: p3391(v483) p8169(v341) p5493(v8)
    - neighboring facets: f1701 f2403 f2402
- f2402
    - flags: bottom simplicial
    - normal:  -0.01422   0.9515   0.3073
    - offset: 0.009512034
    - vertices: p3391(v483) p8169(v341) p6550(v231)
    - neighboring facets: f2412 f3785 f2401
- f2403
    - flags: bottom simplicial
    - normal:  -0.04424   0.9924   0.1146
    - offset: 0.01248623
    - vertices: p3391(v483) p2967(v143) p5493(v8)
    - neighboring facets: f710 f2401 f3810
- f2412
    - flags: top simplicial
    - normal:  -0.006352   0.9454   0.3258
    - offset: 0.009412793
    - vertices: p2973(v485) p8169(v341) p6550(v231)
    - neighboring facets: f2402 f4500 f2626
- f2424
    - flags: top simplicial
    - normal:  0.002717   0.6461   0.7632
    - offset: -0.005636235
    - vertices: p5305(v487) p9998(v322) p9225(v128)
    - neighboring facets: f2244 f3830 f2425
- f2425
    - flags: bottom simplicial
    - normal:  0.007213   0.6364   0.7714
    - offset: -0.005895968
    - vertices: p5305(v487) p9998(v322) p5423(v212)
    - neighboring facets: f1596 f2426 f2424
- f2426
    - flags: bottom simplicial
    - normal:   0.05375   0.6786   0.7325
    - offset: -0.002862969
    - vertices: p5305(v487) p5423(v212) p5189(v139)
    - neighboring facets: f1035 f2427 f2425
- f2427
    - flags: top simplicial
    - normal:   0.01043   0.7214   0.6925
    - offset: -0.002275972
    - vertices: p5305(v487) p1516(v315) p5189(v139)
    - neighboring facets: f3822 f2426 f3164
- f2430
    - flags: top simplicial
    - normal:  7.822e-06   0.7925   0.6099
    - offset: 0.0007201504
    - vertices: p331(v488) p9663(v346) p1816(v88)
    - neighboring facets: f2437 f4347 f3180
- f2436
    - flags: top simplicial
    - normal:  2.008e-05   0.7933   0.6088
    - offset: 0.0007602426
    - vertices: p9876(v489) p7346(v235) p1816(v88)
    - neighboring facets: f1163 f2437 f3841
- f2437
    - flags: bottom simplicial
    - normal:  1.828e-05   0.7933   0.6088
    - offset: 0.000760192
    - vertices: p9876(v489) p9663(v346) p1816(v88)
    - neighboring facets: f2430 f2436 f4359
- f2444
    - flags: top simplicial
    - normal:  -1.631e-05    0.887   0.4619
    - offset: 0.005774632
    - vertices: p3626(v491) p2108(v348) p814(v87)
    - neighboring facets: f1733 f3143 f2452
- f2448
    - flags: bottom simplicial
    - normal:  5.791e-05   0.8482   0.5297
    - offset: 0.003572562
    - vertices: p3670(v492) p5541(v349) p3524(v234)
    - neighboring facets: f1740 f3197 f3193
- f2450
    - flags: bottom simplicial
    - normal:  -0.00145   0.8559   0.5171
    - offset: 0.003920082
    - vertices: p3670(v492) p2108(v348) p4821(v236)
    - neighboring facets: f1733 f3192 f2452
- f2452
    - flags: bottom simplicial
    - normal:  -6.127e-06   0.8867   0.4623
    - offset: 0.00576131
    - vertices: p3670(v492) p3626(v491) p2108(v348)
    - neighboring facets: f2444 f2450 f3198
- f2473
    - flags: top simplicial
    - normal:  2.084e-05  -0.9991  0.04292
    - offset: -0.05333175
    - vertices: p4401(v497) p4324(v146) p6536(v89)
    - neighboring facets: f725 f2686 f3209
- f2484
    - flags: bottom simplicial
    - normal:    0.4772  -0.7979  -0.3683
    - offset: -0.03729933
    - center: -0.02710253333333334 -0.05297676666666666 -0.02161446666666666 
    - vertices: p5278(v499) p7938(v241) p1395(v90)
    - neighboring facets: f1201 f4398 f2485
- f2485
    - flags: bottom simplicial
    - normal:    0.4824  -0.8585  -0.1742
    - offset: -0.03624613
    - center: -0.02759246666666666 -0.05349063333333334 -0.02087433333333333 
    - vertices: p5278(v499) p5689(v355) p7938(v241)
    - neighboring facets: f1770 f2484 f5169
    - ridges:
- f2489
    - flags: bottom simplicial
    - normal:     0.923  -0.3799  0.06096
    - offset: 0.003119188
    - vertices: p3877(v500) p988(v356) p7618(v238)
    - neighboring facets: f2502 f3235 f2497
- f2496
    - flags: bottom simplicial
    - normal:    0.9399  -0.3412  0.01313
    - offset: 0.006433756
    - vertices: p1147(v501) p3877(v500) p6150(v148)
    - neighboring facets: f3907 f3264 f2497
- f2497
    - flags: top simplicial
    - normal:    0.9409  -0.3343  0.05442
    - offset: 0.006083282
    - center: -0.02598043333333333 -0.05186986666666667 0.01878446666666667 
    - vertices: p1147(v501) p3877(v500) p988(v356)
    - neighboring facets: f2489 f3239 f2496
- f2502
    - flags: top simplicial
    - normal:    0.5661  -0.7787   0.2703
    - offset: -0.03116746
    - vertices: p8626(v502) p988(v356) p7618(v238)
    - neighboring facets: f2489 f3237 f3897
- f2509
    - flags: bottom simplicial
    - normal:    0.9593  -0.2823 6.578e-05
    - offset: 0.01019181
    - vertices: p6109(v503) p850(v357) p6150(v148)
    - neighboring facets: f3911 f3905 f3251
- f2513
    - flags: bottom simplicial tested
    - normal:    0.9991  -0.0326 -0.02758
    - offset: 0.02357214
    - center: -0.02586163333333334 -0.05012053333333333 -0.02291813333333334 
    - vertices: p9262(v504) p850(v357) p8644(v17)
    - neighboring facets: f1779 f5140 f3278
    - ridges:
- f2522
    - flags: bottom simplicial tested
    - normal:    0.9999 -0.01577 6.431e-05
    - offset: 0.02503389
    - center: -0.02585203333333333 -0.05161586666666667 0.01135338 
    - vertices: p8183(v506) p1147(v501) p4811(v359)
    - neighboring facets: f3275 f3270 f3241
- f2531
    - flags: top simplicial tested
    - normal:    0.1535  0.07439   0.9853
    - offset: -0.01966247
    - center: -0.02716566666666667 -0.0247527 0.0260556 
    - vertices: p3860(v507) p1650(v328) p3262(v221)
    - neighboring facets: f3039 f3065 f3935
- f2534
    - flags: top simplicial tested
    - normal:    0.4433   0.3459    0.827
    - offset: -0.001685401
    - center: -0.0265305 -0.02194046666666667 0.02543413333333333 
    - vertices: p3860(v507) p8316(v465) p4292(v330)
    - neighboring facets: f3049 f3297 f3066
- f2549
    - flags: top simplicial tested
    - normal:    0.9854  -0.1358   0.1028
    - offset: 0.01645669
    - center: -0.02592246666666667 -0.04966883333333334 0.02275483333333334 
    - vertices: p252(v510) p5039(v239) p2053(v27)
    - neighboring facets: f1773 f3320 f3318
- f2564
    - flags: bottom simplicial
    - normal:  1.66e-06 -0.04375    0.999
    - offset: -0.02812597
    - center: -0.03587676666666666 -0.04495893333333333 0.02618433333333333 
    - vertices: p4021(v513) p8458(v512) p9251(v365)
    - neighboring facets: f3344 f3663 f2567
- f2566
    - flags: top simplicial
    - normal:  3.028e-06 -0.04314   0.9991
    - offset: -0.02809962
    - center: -0.044782 -0.04467863333333334 0.0261966 
    - vertices: p4021(v513) p5749(v213) p2381(v45)
    - neighboring facets: f1582 f3665 f2567
- f2567
    - flags: top simplicial
    - normal:  1.019e-06 -0.04369    0.999
    - offset: -0.02812354
    - vertices: p4021(v513) p8458(v512) p5749(v213)
    - neighboring facets: f3343 f2566 f2564
- f2568
    - flags: top simplicial
    - normal:   -0.2161  -0.1068   0.9705
    - offset: -0.04159964
    - vertices: p2129(v514) p1999(v317) p5749(v213)
    - neighboring facets: f2241 f3341 f3969
- f2571
    - flags: top simplicial
    - normal:  4.995e-05 -0.06432   0.9979
    - offset: -0.02902607
    - center: -0.03816646666666667 -0.04528986666666666 0.02616916666666667 
    - vertices: p2129(v514) p9251(v365) p1973(v244)
    - neighboring facets: f3662 f4828 f3342
- f2582
    - flags: top simplicial
    - normal:    -0.293   0.9561 0.0002082
    - offset: 0.0007224816
    - vertices: p3465(v517) p466(v251) p4686(v52)
    - neighboring facets: f1250 f3373 f2584
- f2584
    - flags: top simplicial
    - normal:   -0.3012   0.9536 2.564e-06
    - offset: 0.0002491964
    - vertices: p3465(v517) p408(v367) p466(v251)
    - neighboring facets: f1833 f2582 f3374
- f2585
    - flags: bottom simplicial
    - normal:   -0.4906   0.8714 -1.166e-05
    - offset: -0.01124259
    - vertices: p1498(v518) p9926(v246) p3940(v156)
    - neighboring facets: f1234 f3377 f2587
- f2587
    - flags: top simplicial
    - normal:   -0.3917   0.9201 2.564e-05
    - offset: -0.005140992
    - vertices: p1498(v518) p9926(v246) p4686(v52)
    - neighboring facets: f3375 f2588 f2585
- f2588
    - flags: bottom simplicial
    - normal:    -0.339   0.9408 0.004097
    - offset: -0.002037446
    - vertices: p1498(v518) p4568(v94) p4686(v52)
    - neighboring facets: f1250 f2587 f2589
- f2589
    - flags: bottom simplicial
    - normal:   -0.3738   0.9275 0.007068
    - offset: -0.00415969
    - vertices: p1498(v518) p4281(v368) p4568(v94)
    - neighboring facets: f1840 f2588 f3378
- f2590
    - flags: bottom simplicial
    - normal:   -0.6756   0.7372 6.233e-06
    - offset: -0.02343545
    - vertices: p5573(v519) p3528(v247) p9373(v124)
    - neighboring facets: f1237 f2591 f2592
- f2591
    - flags: top simplicial
    - normal:   -0.6471   0.7624 0.001069
    - offset: -0.02149252
    - vertices: p5573(v519) p4281(v368) p9373(v124)
    - neighboring facets: f1842 f2590 f3379
- f2592
    - flags: top simplicial
    - normal:   -0.6456   0.7637 -0.0001034
    - offset: -0.02137189
    - vertices: p5573(v519) p3528(v247) p7601(v29)
    - neighboring facets: f1237 f3381 f2590
- f2595
    - flags: top simplicial
    - normal:  -0.03625   0.9993 1.964e-05
    - offset: 0.01507343
    - vertices: p7291(v520) p2775(v369) p9518(v157)
    - neighboring facets: f1843 f2597 f2596
- f2596
    - flags: bottom simplicial
    - normal:  -0.06865   0.9976 -5.713e-05
    - offset: 0.01333013
    - vertices: p7291(v520) p2775(v369) p1254(v248)
    - neighboring facets: f1846 f2598 f2595
- f2597
    - flags: bottom simplicial
    - normal:  -0.05282   0.9986 0.0001556
    - offset: 0.01418409
    - vertices: p7291(v520) p1328(v370) p9518(v157)
    - neighboring facets: f1849 f2595 f2598
- f2598
    - flags: top simplicial
    - normal:  -0.07233   0.9974 7.205e-05
    - offset: 0.01313093
    - vertices: p7291(v520) p1328(v370) p1254(v248)
    - neighboring facets: f2600 f2596 f2597
- f2599
    - flags: top simplicial
    - normal:   -0.1287   0.9917 8.719e-06
    - offset: 0.01004826
    - vertices: p4549(v521) p1328(v370) p4568(v94)
    - neighboring facets: f1850 f2601 f2600
- f2600
    - flags: bottom simplicial
    - normal:   -0.1176   0.9931 1.631e-05
    - offset: 0.01065856
    - vertices: p4549(v521) p1328(v370) p1254(v248)
    - neighboring facets: f2598 f2602 f2599
- f2601
    - flags: bottom simplicial
    - normal:   -0.1305   0.9914 6.272e-07
    - offset: 0.009950584
    - vertices: p4549(v521) p486(v371) p4568(v94)
    - neighboring facets: f1856 f2599 f2602
- f2602
    - flags: top simplicial
    - normal:   -0.1299   0.9915 -1.115e-06
    - offset: 0.00998483
    - vertices: p4549(v521) p486(v371) p1254(v248)
    - neighboring facets: f2605 f2600 f2601
- f2603
    - flags: bottom simplicial
    - normal:   -0.1426   0.9898 -0.0004295
    - offset: 0.00927929
    - vertices: p4140(v522) p1254(v248) p4231(v158)
    - neighboring facets: f1846 f2604 f2605
- f2604
    - flags: top simplicial
    - normal:     -0.16   0.9871 -0.0002514
    - offset: 0.008315546
    - vertices: p4140(v522) p486(v371) p4231(v158)
    - neighboring facets: f1857 f2603 f2605
- f2605
    - flags: bottom simplicial
    - normal:   -0.1338    0.991 -8.343e-05
    - offset: 0.009769355
    - vertices: p4140(v522) p486(v371) p1254(v248)
    - neighboring facets: f2602 f2603 f2604
- f2607
    - flags: bottom simplicial
    - normal:   -0.2062   0.9785 -7.765e-06
    - offset: 0.005717189
    - vertices: p542(v523) p8796(v372) p4231(v158)
    - neighboring facets: f1857 f3382 f2608
- f2608
    - flags: top simplicial
    - normal:   -0.2369   0.9715 0.0001737
    - offset: 0.003967775
    - vertices: p542(v523) p8796(v372) p466(v251)
    - neighboring facets: f1854 f3383 f2607
- f2610
    - flags: bottom simplicial tested
    - normal:  -3.234e-05        1 0.009779
    - offset: 0.01682046
    - center: -0.03795686666666667 -0.01700023333333334 0.01817563333333333 
    - vertices: p7235(v524) p7963(v373) p6926(v55)
    - neighboring facets: f1860 f5086 f2612
    - ridges:
- f2611
    - flags: bottom simplicial tested
    - normal:  -0.0002901   0.9999  0.01698
    - offset: 0.01667644
    - center: -0.0482453 -0.01700093333333334 0.01814376666666667 
    - vertices: p7235(v524) p5644(v252) p5956(v159)
    - neighboring facets: f1869 f2612 f5098
    - ridges:
- f2612
    - flags: top simplicial tested
    - normal:  -0.0001584   0.9998   0.0184
    - offset: 0.01665631
    - center: -0.0445366 -0.01700116666666666 0.01820193333333333 
    - vertices: p7235(v524) p7963(v373) p5956(v159)
    - neighboring facets: f1870 f2611 f2610
- f2613
    - flags: top simplicial
    - normal:  3.59e-06   0.9991  0.04353
    - offset: 0.01619176
    - vertices: p128(v525) p7963(v373) p6137(v163)
    - neighboring facets: f1860 f2615 f4032
- f2615
    - flags: top simplicial
    - normal:  0.003773   0.9988  0.04966
    - offset: 0.01617595
    - vertices: p128(v525) p6137(v163) p2073(v97)
    - neighboring facets: f805 f3388 f2613
- f2619
    - flags: top simplicial
    - normal:  -0.0001538   0.9931   0.1176
    - offset: 0.01468505
    - vertices: p3848(v526) p9739(v376) p9292(v253)
    - neighboring facets: f4034 f3390 f4036
- f2620
    - flags: bottom simplicial
    - normal:  1.61e-06   0.9915   0.1303
    - offset: 0.01442253
    - vertices: p3848(v526) p5767(v381) p2073(v97)
    - neighboring facets: f2386 f3389 f4041
- f2626
    - flags: bottom simplicial
    - normal:  -2.689e-05    0.924   0.3824
    - offset: 0.008146689
    - vertices: p8036(v527) p2973(v485) p8169(v341)
    - neighboring facets: f2412 f2627 f3399
- f2627
    - flags: top simplicial
    - normal:  -1.171e-05   0.9239   0.3827
    - offset: 0.00813777
    - vertices: p8036(v527) p6182(v482) p8169(v341)
    - neighboring facets: f2398 f2626 f3406
- f2630
    - flags: bottom simplicial
    - normal:  0.000262   0.8923   0.4515
    - offset: 0.006102353
    - vertices: p1198(v528) p8646(v378) p7085(v254)
    - neighboring facets: f3145 f3849 f2632
- f2631
    - flags: top simplicial
    - normal:  0.006359    0.865   0.5018
    - offset: 0.00468953
    - vertices: p1198(v528) p1306(v347) p2408(v48)
    - neighboring facets: f1729 f3202 f2633
- f2632
    - flags: top simplicial
    - normal:    0.0281   0.9087   0.4166
    - offset: 0.007910778
    - vertices: p1198(v528) p8646(v378) p976(v228)
    - neighboring facets: f3397 f2635 f2630
- f2633
    - flags: bottom simplicial
    - normal:    0.2922   0.8136   0.5026
    - offset: 0.01152845
    - vertices: p1198(v528) p1306(v347) p8143(v83)
    - neighboring facets: f1726 f2634 f2631
- f2634
    - flags: top simplicial
    - normal:     0.297   0.8214   0.4868
    - offset: 0.01214271
    - vertices: p1198(v528) p9005(v478) p8143(v83)
    - neighboring facets: f2379 f2633 f2635
- f2635
    - flags: bottom simplicial
    - normal:    0.2867   0.8289   0.4804
    - offset: 0.01213418
    - vertices: p1198(v528) p9005(v478) p976(v228)
    - neighboring facets: f2378 f2632 f2634
- f2636
    - flags: top simplicial
    - normal:    0.4702   0.8826 -0.005594
    - offset: 0.02743654
    - vertices: p644(v529) p7961(v379) p5032(v112)
    - neighboring facets: f1888 f2637 f4520
- f2637
    - flags: bottom simplicial
    - normal:    0.6047   0.7964 -0.003918
    - offset: 0.02952507
    - vertices: p644(v529) p7678(v189) p5032(v112)
    - neighboring facets: f1427 f2636 f2638
- f2638
    - flags: bottom simplicial
    - normal:    0.6231   0.7822 -0.002644
    - offset: 0.02978102
    - vertices: p644(v529) p8670(v284) p7678(v189)
    - neighboring facets: f2043 f2637 f4512
- f2644
    - flags: bottom simplicial
    - normal:     0.333   0.9416  0.05027
    - offset: 0.02405617
    - vertices: p1042(v530) p6137(v163) p2908(v26)
    - neighboring facets: f805 f2647 f3408
- f2647
    - flags: top simplicial
    - normal:    0.5341   0.8448   0.0319
    - offset: 0.02806915
    - vertices: p1042(v530) p5568(v412) p2908(v26)
    - neighboring facets: f2382 f2644 f3414
- f2681
    - flags: bottom simplicial
    - normal:  -0.003804  -0.9994  0.03567
    - offset: -0.05340992
    - vertices: p8377(v537) p2807(v389) p2814(v34)
    - neighboring facets: f2701 f2682 f3445
- f2682
    - flags: bottom simplicial
    - normal:  -8.502e-05  -0.9994  0.03566
    - offset: -0.05321968
    - vertices: p8377(v537) p2814(v34) p3521(v4)
    - neighboring facets: f1313 f2684 f2681
- f2684
    - flags: top simplicial
    - normal:  2.11e-05  -0.9994  0.03572
    - offset: -0.05321526
    - vertices: p8377(v537) p6536(v89) p3521(v4)
    - neighboring facets: f725 f2682 f2686
- f2686
    - flags: top simplicial
    - normal:  3.629e-06  -0.9991  0.04318
    - offset: -0.05333667
    - vertices: p8377(v537) p4401(v497) p6536(v89)
    - neighboring facets: f2473 f2684 f3213
- f2689
    - flags: top simplicial
    - normal:  -0.0001902  -0.9922   0.1244
    - offset: -0.05452083
    - vertices: p6557(v538) p2807(v389) p3785(v351)
    - neighboring facets: f4925 f3855 f3211
- f2691
    - flags: bottom simplicial
    - normal:  1.341e-05  -0.7341  -0.6791
    - offset: -0.05430989
    - vertices: p9618(v539) p1633(v264) p2312(v168)
    - neighboring facets: f1952 f2692 f2693
- f2692
    - flags: top simplicial
    - normal:  0.000619  -0.7807  -0.6248
    - offset: -0.0556007
    - vertices: p9618(v539) p5218(v392) p2312(v168)
    - neighboring facets: f1953 f2691 f2693
- f2693
    - flags: bottom simplicial
    - normal:  -0.0005199   -0.786  -0.6182
    - offset: -0.0557906
    - vertices: p9618(v539) p5218(v392) p1633(v264)
    - neighboring facets: f2694 f2691 f2692
- f2694
    - flags: top simplicial
    - normal:  -0.001454  -0.8366  -0.5478
    - offset: -0.0570089
    - vertices: p6280(v540) p5218(v392) p1633(v264)
    - neighboring facets: f2693 f2696 f2697
- f2695
    - flags: bottom simplicial
    - normal:    -0.028  -0.8849   -0.465
    - offset: -0.05915304
    - vertices: p6280(v540) p2850(v172) p7604(v10)
    - neighboring facets: f1982 f2696 f2698
- f2696
    - flags: top simplicial
    - normal:  -0.01599  -0.8444  -0.5354
    - offset: -0.05789736
    - vertices: p6280(v540) p1633(v264) p7604(v10)
    - neighboring facets: f1951 f2695 f2694
- f2697
    - flags: bottom simplicial
    - normal:  -0.0005554  -0.8489  -0.5285
    - offset: -0.0572072
    - vertices: p6280(v540) p5218(v392) p8687(v101)
    - neighboring facets: f1953 f3449 f2694
- f2698
    - flags: bottom simplicial
    - normal:  -0.0007031  -0.9544  -0.2984
    - offset: -0.05789678
    - vertices: p6280(v540) p4381(v394) p2850(v172)
    - neighboring facets: f1962 f2695 f2700
- f2700
    - flags: top simplicial
    - normal:  -0.0002373  -0.9453  -0.3263
    - offset: -0.05798517
    - vertices: p6280(v540) p4381(v394) p3248(v266)
    - neighboring facets: f1968 f3450 f2698
- f2701
    - flags: top simplicial
    - normal:  -0.04838  -0.9983  0.03375
    - offset: -0.05567295
    - vertices: p6784(v541) p2807(v389) p2814(v34)
    - neighboring facets: f2681 f2702 f2703
- f2702
    - flags: bottom simplicial
    - normal:  -0.003031       -1 0.002638
    - offset: -0.05400281
    - vertices: p6784(v541) p3103(v397) p2814(v34)
    - neighboring facets: f1978 f2701 f2704
- f2703
    - flags: bottom simplicial
    - normal:  -0.09663  -0.9948  0.03307
    - offset: -0.05802773
    - vertices: p6784(v541) p2807(v389) p6878(v99)
    - neighboring facets: f1938 f2704 f2701
- f2704
    - flags: top simplicial
    - normal:  -0.09595  -0.9949   0.0312
    - offset: -0.05803584
    - vertices: p6784(v541) p3103(v397) p6878(v99)
    - neighboring facets: f1981 f2703 f2702
- f2721
    - flags: bottom simplicial
    - normal:  -0.0003369  -0.4539   -0.891
    - offset: -0.04448342
    - vertices: p1356(v545) p1835(v544) p2770(v398)
    - neighboring facets: f3478 f3470 f3476
- f2724
    - flags: top simplicial
    - normal:  -4.356e-05   -0.509  -0.8607
    - offset: -0.04638088
    - vertices: p5223(v546) p3245(v270) p2620(v106)
    - neighboring facets: f1344 f3475 f3473
- f2731
    - flags: bottom simplicial
    - normal:  -0.003724  -0.8263   0.5632
    - offset: -0.05528564
    - vertices: p1146(v548) p6502(v226) p9856(v9)
    - neighboring facets: f1117 f3482 f2732
- f2732
    - flags: bottom simplicial
    - normal:  -0.0001186  -0.7944   0.6074
    - offset: -0.05448403
    - vertices: p1146(v548) p7052(v405) p6502(v226)
    - neighboring facets: f3744 f2731 f2735
- f2735
    - flags: top simplicial
    - normal:  8.791e-07  -0.7935   0.6085
    - offset: -0.05445957
    - vertices: p1146(v548) p7052(v405) p2836(v277)
    - neighboring facets: f3725 f3484 f2732
- f2736
    - flags: top simplicial
    - normal:   -0.3408  -0.1929  -0.9201
    - offset: -0.05098015
    - vertices: p1739(v549) p3062(v185) p2485(v6)
    - neighboring facets: f911 f2738 f2744
- f2738
    - flags: bottom simplicial
    - normal:   -0.2865 -0.001253  -0.9581
    - offset: -0.04284028
    - vertices: p1739(v549) p5472(v186) p2485(v6)
    - neighboring facets: f1400 f2736 f3486
- f2740
    - flags: top simplicial
    - normal:   -0.6865  -0.0166   -0.727
    - offset: -0.05587782
    - vertices: p7777(v550) p158(v279) p3062(v185)
    - neighboring facets: f1391 f2741 f2742
- f2741
    - flags: bottom simplicial
    - normal:   -0.6838 -0.01635  -0.7295
    - offset: -0.05581137
    - vertices: p7777(v550) p9300(v408) p3062(v185)
    - neighboring facets: f2743 f2740 f2742
- f2742
    - flags: top simplicial
    - normal:   -0.6854 -0.01589   -0.728
    - offset: -0.0558305
    - vertices: p7777(v550) p9300(v408) p158(v279)
    - neighboring facets: f2030 f2740 f2741
- f2743
    - flags: top simplicial
    - normal:   -0.6679 -0.01919   -0.744
    - offset: -0.05556489
    - vertices: p5975(v551) p9300(v408) p3062(v185)
    - neighboring facets: f2741 f2744 f3488
- f2744
    - flags: bottom simplicial
    - normal:   -0.6028 -0.03758   -0.797
    - offset: -0.05460541
    - vertices: p5975(v551) p1739(v549) p3062(v185)
    - neighboring facets: f2736 f2743 f2745
- f2745
    - flags: top simplicial
    - normal:   -0.4291 -0.006867  -0.9032
    - offset: -0.04830723
    - vertices: p5975(v551) p1739(v549) p7343(v407)
    - neighboring facets: f3487 f3490 f2744
- f2748
    - flags: bottom simplicial
    - normal:  -0.004486 0.0004268       -1
    - offset: -0.03039381
    - vertices: p5659(v552) p289(v410) p8240(v281)
    - neighboring facets: f2039 f2750 f2752
- f2749
    - flags: bottom simplicial
    - normal:  -0.02604  0.05994  -0.9979
    - offset: -0.02983534
    - vertices: p5659(v552) p5472(v186) p5667(v66)
    - neighboring facets: f919 f2751 f2750
- f2750
    - flags: bottom simplicial
    - normal:  -0.03804  0.03796  -0.9986
    - offset: -0.03099548
    - vertices: p5659(v552) p8240(v281) p5472(v186)
    - neighboring facets: f1400 f2749 f2748
- f2751
    - flags: top simplicial
    - normal:  -4.997e-05 0.000115       -1
    - offset: -0.03018944
    - vertices: p5659(v552) p3107(v192) p5667(v66)
    - neighboring facets: f940 f2749 f2752
- f2752
    - flags: top simplicial
    - normal:  -0.001086 0.0001033       -1
    - offset: -0.03023938
    - vertices: p5659(v552) p289(v410) p3107(v192)
    - neighboring facets: f2038 f2751 f2748
- f2753
    - flags: bottom simplicial
    - normal:    0.7366   0.6763 -6.966e-05
    - offset: 0.03095269
    - vertices: p8315(v553) p2211(v285) p7678(v189)
    - neighboring facets: f4123 f2754 f2755
- f2754
    - flags: top simplicial
    - normal:    0.7032    0.711 -0.0002441
    - offset: 0.03068079
    - vertices: p8315(v553) p9633(v411) p7678(v189)
    - neighboring facets: f2043 f2753 f2756
- f2755
    - flags: top simplicial
    - normal:    0.7482   0.6635 0.001783
    - offset: 0.03102063
    - vertices: p8315(v553) p2211(v285) p6526(v47)
    - neighboring facets: f2046 f2756 f2753
- f2756
    - flags: bottom simplicial
    - normal:    0.6901   0.7237 -5.959e-07
    - offset: 0.03055759
    - vertices: p8315(v553) p9633(v411) p6526(v47)
    - neighboring facets: f4510 f2755 f2754
- f2760
    - flags: bottom simplicial
    - normal:    0.9002   0.4355 0.002662
    - offset: 0.03100873
    - vertices: p963(v555) p5568(v412) p3662(v141)
    - neighboring facets: f2392 f4561 f2775
- f2765
    - flags: top simplicial
    - normal:    0.8798   0.4753 0.001955
    - offset: 0.03118784
    - vertices: p2647(v556) p5568(v412) p2211(v285)
    - neighboring facets: f2046 f3507 f2776
- f2772
    - flags: top simplicial
    - normal:     0.912   0.4101 5.029e-05
    - offset:  0.0308721
    - vertices: p9574(v557) p6083(v414) p5056(v286)
    - neighboring facets: f3510 f3513 f2774
- f2774
    - flags: top simplicial
    - normal:    0.8907   0.4545 0.001231
    - offset: 0.03110493
    - vertices: p9574(v557) p2647(v556) p6083(v414)
    - neighboring facets: f3511 f2772 f2776
- f2775
    - flags: top simplicial
    - normal:    0.8975    0.441 0.002251
    - offset:  0.0310428
    - vertices: p9574(v557) p963(v555) p5568(v412)
    - neighboring facets: f2760 f2776 f3515
- f2776
    - flags: bottom simplicial
    - normal:    0.8844   0.4667 0.001967
    - offset:  0.0311567
    - vertices: p9574(v557) p2647(v556) p5568(v412)
    - neighboring facets: f2765 f2775 f2774
- f2777
    - flags: bottom simplicial
    - normal:  -7.062e-06   0.9905  -0.1372
    - offset: 0.01426717
    - vertices: p3735(v558) p5331(v288) p622(v120)
    - neighboring facets: f2808 f2778 f2779
- f2778
    - flags: top simplicial
    - normal:  -0.0003614   0.9927  -0.1205
    - offset: 0.01461177
    - vertices: p3735(v558) p1823(v301) p622(v120)
    - neighboring facets: f1500 f2777 f3525
- f2779
    - flags: top simplicial
    - normal:  2.218e-05   0.9905  -0.1375
    - offset: 0.01426145
    - vertices: p3735(v558) p5331(v288) p3973(v65)
    - neighboring facets: f2811 f2780 f2777
- f2780
    - flags: bottom simplicial
    - normal:  3.741e-05   0.9907  -0.1358
    - offset: 0.01429988
    - vertices: p3735(v558) p3645(v416) p3973(v65)
    - neighboring facets: f2068 f2779 f3524
- f2783
    - flags: bottom simplicial
    - normal:  0.0003796   0.9794  -0.2021
    - offset: 0.01281881
    - vertices: p1353(v559) p4592(v417) p5032(v112)
    - neighboring facets: f2070 f4134 f3530
- f2786
    - flags: bottom simplicial
    - normal:  -0.0001322   0.9774  -0.2112
    - offset: 0.01258834
    - vertices: p1353(v559) p9939(v418) p8488(v289)
    - neighboring facets: f2797 f4129 f4135
- f2789
    - flags: bottom simplicial
    - normal:  5.86e-06   0.9837  -0.1798
    - offset: 0.01331976
    - vertices: p5233(v560) p9480(v419) p9763(v191)
    - neighboring facets: f3552 f3532 f2790
- f2790
    - flags: top simplicial
    - normal:  -3.605e-05   0.9831  -0.1833
    - offset: 0.01323894
    - vertices: p5233(v560) p9480(v419) p8488(v289)
    - neighboring facets: f2810 f3528 f2789
- f2797
    - flags: top simplicial
    - normal:   -0.0059   0.9775  -0.2107
    - offset: 0.01230568
    - vertices: p1819(v562) p9939(v418) p8488(v289)
    - neighboring facets: f2786 f2798 f2799
- f2798
    - flags: top simplicial
    - normal:  -0.02945   0.9878  -0.1532
    - offset:  0.0124085
    - vertices: p1819(v562) p8488(v289) p2635(v121)
    - neighboring facets: f1443 f2803 f2797
- f2799
    - flags: top simplicial
    - normal:  -0.0007437     0.97   -0.243
    - offset:    0.01179
    - vertices: p1819(v562) p7308(v561) p9939(v418)
    - neighboring facets: f3534 f2797 f2804
- f2800
    - flags: bottom simplicial
    - normal:   -0.2358   0.9588  -0.1587
    - offset: 0.0009315178
    - vertices: p1819(v562) p4385(v70) p7601(v29)
    - neighboring facets: f2119 f2802 f2834
- f2802
    - flags: bottom simplicial
    - normal:   -0.1826   0.9758  -0.1205
    - offset: 0.004800999
    - vertices: p1819(v562) p7601(v29) p1057(v28)
    - neighboring facets: f121 f2803 f2800
- f2803
    - flags: top simplicial
    - normal:   -0.1236   0.9839  -0.1287
    - offset: 0.007881897
    - vertices: p1819(v562) p2635(v121) p1057(v28)
    - neighboring facets: f1504 f2802 f2798
- f2804
    - flags: bottom simplicial
    - normal:  -8.136e-05    0.968  -0.2511
    - offset:  0.0116262
    - vertices: p1819(v562) p7308(v561) p6690(v202)
    - neighboring facets: f3537 f3587 f2799
- f2808
    - flags: top simplicial
    - normal:  -0.0001008   0.9871  -0.1599
    - offset: 0.01376455
    - vertices: p4643(v563) p5331(v288) p622(v120)
    - neighboring facets: f2777 f2809 f2811
- f2809
    - flags: bottom simplicial
    - normal:  -0.0006301   0.9861  -0.1663
    - offset: 0.01359489
    - vertices: p4643(v563) p8488(v289) p622(v120)
    - neighboring facets: f1443 f2808 f2810
- f2810
    - flags: bottom simplicial
    - normal:  -0.0002267   0.9846  -0.1746
    - offset: 0.01342691
    - vertices: p4643(v563) p9480(v419) p8488(v289)
    - neighboring facets: f2790 f2809 f3550
- f2811
    - flags: bottom simplicial
    - normal:  -2.161e-05    0.987  -0.1605
    - offset: 0.01375363
    - vertices: p4643(v563) p5331(v288) p3973(v65)
    - neighboring facets: f2779 f3549 f2808
- f2815
    - flags: top simplicial
    - normal:  -0.0004291 -0.000781       -1
    - offset: -0.03023601
    - vertices: p1817(v564) p3107(v192) p442(v114)
    - neighboring facets: f2038 f2816 f2819
- f2816
    - flags: bottom simplicial
    - normal:  -0.0003943 -0.0007933       -1
    - offset: -0.03023475
    - vertices: p1817(v564) p4983(v269) p442(v114)
    - neighboring facets: f1335 f2815 f2821
- f2817
    - flags: top simplicial
    - normal:  -6.134e-06 -0.0007749       -1
    - offset: -0.03021557
    - vertices: p2852(v565) p5243(v291) p3107(v192)
    - neighboring facets: f2091 f2819 f2818
- f2818
    - flags: top simplicial
    - normal:  -1.869e-05 -0.0008103       -1
    - offset: -0.03021733
    - vertices: p2852(v565) p1258(v420) p5243(v291)
    - neighboring facets: f2084 f2817 f2820
- f2819
    - flags: bottom simplicial
    - normal:  -0.0003531 -0.0007877       -1
    - offset: -0.03023258
    - vertices: p2852(v565) p1817(v564) p3107(v192)
    - neighboring facets: f2815 f2817 f2821
- f2820
    - flags: bottom simplicial
    - normal:  -4.778e-05 -0.0008368       -1
    - offset: -0.03021959
    - vertices: p2852(v565) p1258(v420) p4983(v269)
    - neighboring facets: f2086 f2821 f2818
- f2821
    - flags: top simplicial
    - normal:  -0.0002906 -0.0008018       -1
    - offset: -0.03023006
    - vertices: p2852(v565) p1817(v564) p4983(v269)
    - neighboring facets: f2816 f2820 f2819
- f2829
    - flags: bottom simplicial
    - normal:  5.411e-05   0.9281  -0.3723
    - offset: 0.008430638
    - vertices: p6125(v567) p6065(v422) p4385(v70)
    - neighboring facets: f2102 f2832 f2830
- f2830
    - flags: top simplicial
    - normal:  0.0005439    0.928  -0.3725
    - offset: 0.008441239
    - vertices: p6125(v567) p6065(v422) p5937(v293)
    - neighboring facets: f2095 f3557 f2829
- f2832
    - flags: bottom simplicial
    - normal:  -4.029e-05   0.9331  -0.3597
    - offset: 0.008779574
    - vertices: p4646(v568) p6125(v567) p4385(v70)
    - neighboring facets: f2829 f2834 f3559
- f2834
    - flags: top simplicial
    - normal:  -0.02192   0.9518   -0.306
    - offset: 0.009079732
    - vertices: p4646(v568) p1819(v562) p4385(v70)
    - neighboring facets: f2800 f2832 f2835
- f2835
    - flags: bottom simplicial
    - normal:  -0.001235   0.9528  -0.3036
    - offset: 0.01023614
    - vertices: p4646(v568) p1819(v562) p5957(v423)
    - neighboring facets: f4139 f4152 f2834
- f2842
    - flags: bottom simplicial
    - normal:  6.477e-05   0.9145  -0.4045
    - offset: 0.007505196
    - vertices: p9157(v570) p8345(v424) p2623(v196)
    - neighboring facets: f2103 f2843 f4161
- f2843
    - flags: top simplicial
    - normal:  0.0002512   0.9075  -0.4201
    - offset: 0.007052169
    - center: -0.03181826666666667 -0.017744 -0.02156363333333333 
    - vertices: p9157(v570) p9347(v425) p2623(v196)
    - neighboring facets: f2876 f2842 f4163
- f2845
    - flags: top simplicial
    - normal:  -0.002611   0.8555  -0.5179
    - offset: 0.003836514
    - vertices: p8477(v571) p6128(v426) p6635(v197)
    - neighboring facets: f2128 f3576 f3566
- f2851
    - flags: top simplicial
    - normal:  8.249e-05   0.8909  -0.4542
    - offset: 0.006009984
    - center: -0.03009636666666667 -0.0178652 -0.02181516666666667 
    - vertices: p3538(v573) p9347(v425) p5583(v294)
    - neighboring facets: f4165 f2852 f2872
- f2852
    - flags: bottom simplicial
    - normal:  4.635e-05   0.8907  -0.4546
    - offset: 0.005996468
    - vertices: p3538(v573) p6128(v426) p5583(v294)
    - neighboring facets: f3563 f2851 f4169
- f2856
    - flags: top simplicial
    - normal:  2.086e-06   0.7646  -0.6445
    - offset: -0.0006137283
    - vertices: p663(v574) p5062(v119) p6594(v118)
    - neighboring facets: f2883 f4607 f2857
- f2857
    - flags: top simplicial
    - normal:  -1.854e-05   0.7646  -0.6445
    - offset: -0.0006145445
    - vertices: p663(v574) p1337(v427) p5062(v119)
    - neighboring facets: f2137 f2856 f4606
- f2861
    - flags: bottom simplicial
    - normal:   -0.0273   0.7719  -0.6351
    - offset: -0.001693123
    - vertices: p8025(v575) p6602(v429) p3835(v283)
    - neighboring facets: f2134 f2862 f2865
- f2862
    - flags: top simplicial
    - normal:   -0.1027   0.8057  -0.5833
    - offset: -0.003854758
    - vertices: p8025(v575) p6128(v426) p3835(v283)
    - neighboring facets: f2117 f2861 f2863
- f2863
    - flags: top simplicial
    - normal:  -0.08859   0.8108  -0.5786
    - offset: -0.002901724
    - vertices: p8025(v575) p431(v428) p6128(v426)
    - neighboring facets: f2128 f2862 f2864
- f2864
    - flags: bottom simplicial
    - normal:  -7.311e-06   0.7933  -0.6088
    - offset: 0.0007603268
    - vertices: p8025(v575) p431(v428) p1337(v427)
    - neighboring facets: f4605 f2865 f2863
- f2865
    - flags: top simplicial
    - normal:  -2.27e-05   0.7932   -0.609
    - offset: 0.0007535996
    - vertices: p8025(v575) p6602(v429) p1337(v427)
    - neighboring facets: f2137 f2864 f2861
- f2866
    - flags: bottom simplicial
    - normal:  6.167e-05   0.8388  -0.5444
    - offset: 0.003070265
    - center: -0.03276843333333333 -0.0184015 -0.02271643333333333 
    - vertices: p8097(v576) p6297(v430) p4767(v296)
    - neighboring facets: f2875 f2868 f3574
- f2867
    - flags: bottom simplicial
    - normal:  -0.0003092   0.8366  -0.5478
    - offset: 0.002937392
    - vertices: p8097(v576) p431(v428) p6635(v197)
    - neighboring facets: f2128 f3577 f2868
- f2868
    - flags: top simplicial
    - normal:  -7.562e-05   0.8273  -0.5617
    - offset: 0.002459326
    - vertices: p8097(v576) p431(v428) p4767(v296)
    - neighboring facets: f4609 f2866 f2867
- f2871
    - flags: top simplicial tested
    - normal:  0.007362   0.8737  -0.4863
    - offset: 0.005210516
    - center: -0.02847523333333333 -0.01809393333333334 -0.02222483333333333 
    - vertices: p1354(v577) p3538(v573) p5387(v117)
    - neighboring facets: f4598 f4183 f2872
- f2872
    - flags: bottom simplicial tested
    - normal:    0.0082   0.8755  -0.4831
    - offset: 0.005339326
    - center: -0.02815626666666667 -0.0180069 -0.02206233333333333 
    - vertices: p1354(v577) p3538(v573) p9347(v425)
    - neighboring facets: f2851 f2876 f2871
- f2875
    - flags: top simplicial tested
    - normal:  0.001129   0.8396  -0.5433
    - offset: 0.003139191
    - center: -0.0273307 -0.018352 -0.02263873333333333 
    - vertices: p1354(v577) p6297(v430) p4767(v296)
    - neighboring facets: f2866 f3581 f4181
- f2876
    - flags: bottom simplicial tested
    - normal:    0.0333   0.8965  -0.4418
    - offset: 0.007319757
    - center: -0.0277135 -0.0179192 -0.02188083333333333 
    - vertices: p1354(v577) p9347(v425) p2623(v196)
    - neighboring facets: f2843 f2877 f2872
- f2877
    - flags: bottom simplicial tested
    - normal:   0.06384   0.9098    -0.41
    - offset: 0.009093893
    - center: -0.02726136666666666 -0.0177555 -0.0214628 
    - vertices: p1354(v577) p2623(v196) p4025(v20)
    - neighboring facets: f1459 f2878 f2876
- f2878
    - flags: top simplicial tested
    - normal:    0.1105   0.9082  -0.4036
    - offset: 0.01045722
    - center: -0.0266642 -0.01759793333333333 -0.02099203333333333 
    - vertices: p1354(v577) p5032(v112) p4025(v20)
    - neighboring facets: f1505 f2877 f2880
- f2880
    - flags: top simplicial tested
    - normal:    0.4992   0.7629  -0.4108
    - offset: 0.01803012
    - center: -0.02628953333333333 -0.01815063333333333 -0.02176136666666667 
    - vertices: p1354(v577) p8484(v229) p5032(v112)
    - neighboring facets: f1428 f2878 f2881
- f2881
    - flags: bottom simplicial tested
    - normal:      0.48   0.7547  -0.4473
    - offset: 0.01654795
    - center: -0.02614256666666666 -0.0188917 -0.02293396666666667 
    - vertices: p1354(v577) p8484(v229) p3695(v11)
    - neighboring facets: f5132 f2882 f2880
    - ridges:
- f2882
    - flags: top simplicial tested
    - normal:    0.3639   0.7551  -0.5453
    - offset: 0.01124749
    - center: -0.02636343333333334 -0.01901413333333334 -0.0232955 
    - vertices: p1354(v577) p3827(v431) p3695(v11)
    - neighboring facets: f2146 f2881 f3582
- f2883
    - flags: bottom simplicial
    - normal:  0.004684   0.7595  -0.6505
    - offset: -0.0007125297
    - vertices: p4390(v578) p5062(v119) p6594(v118)
    - neighboring facets: f2856 f3584 f2884
- f2884
    - flags: bottom simplicial
    - normal:  0.009305   0.7537  -0.6572
    - offset: -0.0008507286
    - vertices: p4390(v578) p3827(v431) p5062(v119)
    - neighboring facets: f2143 f2883 f3580
- f2887
    - flags: bottom simplicial
    - normal:    0.2118 0.001015  -0.9773
    - offset: -0.0200941
    - vertices: p5304(v579) p6144(v432) p9600(v193)
    - neighboring facets: f2150 f2888 f2890
- f2888
    - flags: bottom simplicial
    - normal:    0.2114 -0.0001751  -0.9774
    - offset: -0.02014503
    - vertices: p5304(v579) p9600(v193) p5911(v116)
    - neighboring facets: f1445 f2892 f2887
- f2889
    - flags: top simplicial
    - normal:    0.2113  0.02573  -0.9771
    - offset: -0.01940819
    - vertices: p5304(v579) p9580(v300) p1926(v38)
    - neighboring facets: f1499 f2891 f2890
- f2890
    - flags: top simplicial
    - normal:    0.2118 0.005846  -0.9773
    - offset: -0.01995282
    - vertices: p5304(v579) p6144(v432) p9580(v300)
    - neighboring facets: f2151 f2889 f2887
- f2891
    - flags: bottom simplicial
    - normal:  0.0001759 2.143e-05       -1
    - offset: -0.0301816
    - vertices: p5304(v579) p3107(v192) p1926(v38)
    - neighboring facets: f981 f2889 f2893
- f2892
    - flags: top simplicial
    - normal:     0.199 -0.02057  -0.9798
    - offset: -0.02134938
    - vertices: p5304(v579) p5243(v291) p5911(v116)
    - neighboring facets: f1449 f2888 f2894
- f2893
    - flags: bottom simplicial
    - normal:  0.0002268 -3.332e-05       -1
    - offset: -0.0301809
    - vertices: p5304(v579) p5100(v292) p3107(v192)
    - neighboring facets: f2092 f2891 f2895
- f2894
    - flags: top simplicial
    - normal:  0.0009262 -0.0002612       -1
    - offset: -0.03015637
    - vertices: p5304(v579) p4067(v421) p5243(v291)
    - neighboring facets: f2091 f2892 f2895
- f2895
    - flags: bottom simplicial
    - normal:  0.000706 -0.0002097       -1
    - offset: -0.03016467
    - vertices: p5304(v579) p4067(v421) p5100(v292)
    - neighboring facets: f2092 f2893 f2894
- f2897
    - flags: top simplicial
    - normal:  4.762e-05   0.9673  -0.2537
    - offset: 0.01156675
    - vertices: p1178(v580) p1168(v433) p8989(v302)
    - neighboring facets: f4146 f3540 f3586
- f2900
    - flags: top simplicial
    - normal:   -0.9241   0.3821 0.005304
    - offset: -0.04303156
    - vertices: p2791(v581) p3577(v435) p6770(v71)
    - neighboring facets: f2165 f2901 f3590
- f2901
    - flags: bottom simplicial
    - normal:   -0.9643   0.2649 0.0001919
    - offset: -0.0471947
    - vertices: p2791(v581) p8081(v434) p6770(v71)
    - neighboring facets: f2158 f2900 f3595
- f2905
    - flags: bottom simplicial
    - normal:   -0.9535   0.3014 -1.316e-06
    - offset: -0.04596613
    - vertices: p2791(v581) p7970(v305) p6108(v203)
    - neighboring facets: f1517 f3594 f4190
- f2907
    - flags: top simplicial
    - normal:   -0.8848    0.466 1.522e-07
    - offset: -0.03937259
    - vertices: p4594(v582) p5140(v304) p9773(v123)
    - neighboring facets: f1513 f2908 f2909
- f2908
    - flags: bottom simplicial
    - normal:   -0.8843   0.4669 5.909e-06
    - offset: -0.03933007
    - vertices: p4594(v582) p3577(v435) p9773(v123)
    - neighboring facets: f2168 f2907 f2909
- f2909
    - flags: top simplicial
    - normal:   -0.8848   0.4659 5.691e-06
    - offset: -0.03937725
    - vertices: p4594(v582) p3577(v435) p5140(v304)
    - neighboring facets: f3592 f2907 f2908
- f2910
    - flags: bottom simplicial
    - normal:    -0.806   0.5919 0.0004673
    - offset: -0.03293678
    - vertices: p2037(v583) p3577(v435) p9373(v124)
    - neighboring facets: f2166 f2912 f2911
- f2911
    - flags: top simplicial
    - normal:   -0.8067    0.591 0.0003958
    - offset: -0.03298887
    - vertices: p2037(v583) p3577(v435) p4332(v307)
    - neighboring facets: f2169 f2913 f2910
- f2912
    - flags: top simplicial
    - normal:   -0.7341    0.679 1.01e-05
    - offset: -0.02757501
    - vertices: p2037(v583) p4972(v306) p9373(v124)
    - neighboring facets: f1520 f2910 f2913
- f2913
    - flags: top simplicial
    - normal:    -0.766   0.6429 0.0001155
    - offset: -0.02990714
    - vertices: p2037(v583) p4332(v307) p4972(v306)
    - neighboring facets: f1526 f2912 f2911
- f2915
    - flags: top simplicial tested
    - normal:   -0.9898 -0.01032    0.142
    - offset: -0.05728813
    - center: -0.05381956666666667 -0.04307776666666666 0.02515433333333333 
    - vertices: p7608(v584) p7337(v320) p2802(v206)
    - neighboring facets: f3370 f5106 f3596
    - ridges:
- f2918
    - flags: top simplicial tested
    - normal:   -0.9909  -0.1344 0.008825
    - offset: -0.0603967
    - center: -0.05383613333333333 -0.05220186666666666 0.0040682 
    - vertices: p7624(v585) p957(v439) p2360(v311)
    - neighboring facets: f5116 f2919 f2920
    - ridges:
- f2919
    - flags: top simplicial tested
    - normal:   -0.9904  -0.1382 0.009268
    - offset: -0.06057335
    - center: -0.0538088 -0.05154893333333333 0.0169769 
    - vertices: p7624(v585) p2360(v311) p1154(v208)
    - neighboring facets: f2190 f2920 f2918
- f2920
    - flags: bottom simplicial tested
    - normal:   -0.9889  -0.1481 0.009586
    - offset: -0.0610125
    - center: -0.05380879999999999 -0.052348 0.004809233333333334 
    - vertices: p7624(v585) p957(v439) p1154(v208)
    - neighboring facets: f2184 f2919 f2918
- f2922
    - flags: top simplicial tested
    - normal:   -0.9699  -0.2413 -0.03342
    - offset: -0.06577565
    - center: -0.05381366666666666 -0.05350080000000001 -0.02015683333333333 
    - vertices: p8778(v586) p6878(v99) p5334(v56)
    - neighboring facets: f474 f5118 f2923
    - ridges:
- f2923
    - flags: top simplicial tested
    - normal:   -0.9679  -0.2502 -0.02404
    - offset: -0.06595803
    - center: -0.05381366666666667 -0.05358189999999999 -0.01940183333333333 
    - vertices: p8778(v586) p957(v439) p6878(v99)
    - neighboring facets: f2185 f2922 f5124
    - ridges:
- f2925
    - flags: top simplicial
    - normal:   -0.9913   0.1315 1.515e-05
    - offset: -0.05102425
    - vertices: p2476(v587) p4468(v441) p4312(v210)
    - neighboring facets: f2191 f2928 f2933
- f2927
    - flags: top simplicial
    - normal:   -0.9988  0.04872 1.58e-05
    - offset: -0.05290952
    - vertices: p2476(v587) p1084(v444) p4134(v40)
    - neighboring facets: f2205 f3602 f2929
- f2928
    - flags: top simplicial
    - normal:   -0.9988  0.04833 4.456e-05
    - offset: -0.05291784
    - vertices: p2476(v587) p4312(v210) p8709(v127)
    - neighboring facets: f1025 f2929 f2925
- f2929
    - flags: bottom simplicial
    - normal:   -0.9989  0.04619 2.732e-05
    - offset: -0.05296147
    - vertices: p2476(v587) p1084(v444) p8709(v127)
    - neighboring facets: f2209 f2928 f2927
- f2930
    - flags: bottom simplicial
    - normal:   -0.9913   0.1316 -1.229e-06
    - offset: -0.05102054
    - vertices: p2349(v588) p2401(v312) p5367(v181)
    - neighboring facets: f2197 f3603 f2931
- f2931
    - flags: bottom simplicial
    - normal:   -0.9912   0.1321 2.214e-06
    - offset: -0.05100857
    - vertices: p2349(v588) p4468(v441) p2401(v312)
    - neighboring facets: f2192 f2930 f2933
- f2933
    - flags: bottom simplicial
    - normal:   -0.9914   0.1309 2.487e-06
    - offset: -0.05103735
    - vertices: p2349(v588) p2476(v587) p4468(v441)
    - neighboring facets: f2925 f2931 f3604
- f2935
    - flags: top simplicial tested
    - normal:   -0.9999  0.01554 6.497e-07
    - offset: -0.05356343
    - center: -0.05384963333333333 -0.0180043 -0.00294093 
    - vertices: p3410(v589) p1084(v444) p7138(v211)
    - neighboring facets: f2209 f5117 f2936
    - ridges:
- f2936
    - flags: bottom simplicial tested
    - normal:   -0.9999  0.01554  5.9e-07
    - offset: -0.05356333
    - center: -0.05384963333333333 -0.01800403333333333 -0.009479103333333334 
    - vertices: p3410(v589) p1084(v444) p1992(v314)
    - neighboring facets: f2205 f5108 f2935
    - ridges:
- f2943
    - flags: top simplicial tested
    - normal:  -0.00472 -0.0004793        1
    - offset: -0.02646743
    - center: -0.05253563333333333 -0.04313683333333333 0.02619906666666667 
    - vertices: p5406(v591) p1142(v319) p5749(v213)
    - neighboring facets: f1582 f2944 f5158
    - ridges:
- f2944
    - flags: bottom simplicial tested
    - normal:  -0.01108 -0.0002152   0.9999
    - offset: -0.02679015
    - center: -0.05274806666666667 -0.0383534 0.02619886666666667 
    - vertices: p5406(v591) p5485(v448) p5749(v213)
    - neighboring facets: f2226 f2943 f3610
- f2949
    - flags: top simplicial
    - normal:  -3.83e-06  0.04814   0.9988
    - offset: -0.02496929
    - center: -0.03737153333333333 -0.0243644 0.02617243333333333 
    - vertices: p66(v593) p948(v332) p3262(v221)
    - neighboring facets: f1661 f5015 f5016
- f2953
    - flags: bottom simplicial
    - normal:   -0.8371  0.01209   0.5469
    - offset: -0.05870419
    - vertices: p3023(v594) p7108(v215) p4671(v76)
    - neighboring facets: f1052 f2956 f2954
- f2954
    - flags: bottom simplicial
    - normal:     -0.81  0.00238   0.5864
    - offset: -0.05851347
    - vertices: p3023(v594) p4769(v450) p7108(v215)
    - neighboring facets: f3629 f2953 f3612
- f2956
    - flags: top simplicial
    - normal:   -0.9547 0.001836   0.2976
    - offset: -0.05889002
    - center: -0.0537753 -0.02586273333333333 0.025535 
    - vertices: p3023(v594) p9186(v309) p4671(v76)
    - neighboring facets: f1533 f2953 f4191
- f2960
    - flags: top simplicial
    - normal:   -0.5032 0.002474   0.8641
    - offset: -0.04928395
    - vertices: p2251(v595) p9099(v334) p1880(v129)
    - neighboring facets: f3623 f3621 f2961
- f2961
    - flags: bottom simplicial
    - normal:   -0.5561 0.007078   0.8311
    - offset: -0.05111668
    - vertices: p2251(v595) p9099(v334) p7108(v215)
    - neighboring facets: f1664 f3636 f2960
- f2965
    - flags: bottom simplicial
    - normal:   -0.3442  -0.0185   0.9387
    - offset: -0.0435821
    - vertices: p357(v596) p5320(v451) p5749(v213)
    - neighboring facets: f2241 f3628 f3619
- f2968
    - flags: bottom simplicial
    - normal:   -0.8472 -0.0005767   0.5313
    - offset: -0.05917842
    - vertices: p8327(v597) p4769(v450) p7337(v320)
    - neighboring facets: f3611 f2969 f3630
- f2969
    - flags: top simplicial
    - normal:   -0.7814 -0.02085   0.6237
    - offset: -0.05887031
    - vertices: p8327(v597) p5320(v451) p7337(v320)
    - neighboring facets: f3372 f2968 f3634
- f2978
    - flags: top simplicial
    - normal:  2.561e-06   0.6087   0.7934
    - offset: -0.007213238
    - vertices: p2505(v599) p6378(v452) p9998(v322)
    - neighboring facets: f2244 f3640 f2980
- f2979
    - flags: top simplicial
    - normal:  1.708e-07   0.6085   0.7936
    - offset: -0.007222557
    - vertices: p2505(v599) p6153(v217) p1111(v131)
    - neighboring facets: f4203 f2981 f3639
- f2980
    - flags: bottom simplicial
    - normal:  9.525e-07   0.6088   0.7933
    - offset: -0.007211326
    - vertices: p2505(v599) p6378(v452) p5050(v216)
    - neighboring facets: f2243 f2982 f2978
- f2981
    - flags: bottom simplicial
    - normal:  -2.63e-05    0.609   0.7932
    - offset: -0.007203653
    - vertices: p2505(v599) p631(v321) p1111(v131)
    - neighboring facets: f1593 f2979 f2982
- f2982
    - flags: top simplicial
    - normal:  -2.294e-05    0.609   0.7931
    - offset: -0.007202492
    - vertices: p2505(v599) p631(v321) p5050(v216)
    - neighboring facets: f1594 f2980 f2981
- f2988
    - flags: top simplicial
    - normal:  -2.862e-05   0.3792   0.9253
    - offset: -0.01535614
    - vertices: p238(v601) p7089(v454) p7399(v42)
    - neighboring facets: f3705 f4255 f4257
- f2990
    - flags: top simplicial
    - normal:  0.0002522   0.5415   0.8407
    - offset: -0.009747591
    - vertices: p6675(v602) p6153(v217) p518(v75)
    - neighboring facets: f1597 f3642 f2991
- f2991
    - flags: top simplicial
    - normal:  4.514e-05   0.5417   0.8406
    - offset: -0.009748621
    - vertices: p6675(v602) p3555(v455) p6153(v217)
    - neighboring facets: f4204 f2990 f3644
- f2994
    - flags: bottom simplicial
    - normal:  -1.4e-05   0.3832   0.9237
    - offset: -0.01522277
    - vertices: p2816(v603) p2830(v457) p41(v323)
    - neighboring facets: f2270 f2996 f3647
- f2995
    - flags: bottom simplicial
    - normal:  -3.947e-06   0.3828   0.9238
    - offset: -0.01523504
    - vertices: p2816(v603) p7089(v454) p5397(v218)
    - neighboring facets: f4893 f3649 f2996
- f2996
    - flags: top simplicial
    - normal:  -4.536e-06   0.3829   0.9238
    - offset: -0.01523466
    - vertices: p2816(v603) p7089(v454) p41(v323)
    - neighboring facets: f2253 f2994 f2995
- f2999
    - flags: bottom simplicial
    - normal:  -0.007532   0.4486   0.8937
    - offset: -0.01343263
    - vertices: p8180(v604) p7379(v220) p7629(v78)
    - neighboring facets: f1613 f3000 f3001
- f3000
    - flags: top simplicial
    - normal:  -0.001247   0.4093   0.9124
    - offset: -0.01442942
    - vertices: p8180(v604) p2830(v457) p7629(v78)
    - neighboring facets: f2270 f2999 f3682
- f3001
    - flags: bottom simplicial
    - normal:  -7.09e-06   0.4619    0.887
    - offset: -0.01258866
    - vertices: p8180(v604) p7223(v460) p7379(v220)
    - neighboring facets: f3026 f2999 f4223
- f3009
    - flags: top simplicial
    - normal:  0.0006503   0.3976   0.9175
    - offset: -0.01473199
    - vertices: p8782(v605) p8316(v465) p5397(v218)
    - neighboring facets: f2318 f3650 f3010
- f3010
    - flags: bottom simplicial
    - normal:  0.0009194   0.4016   0.9158
    - offset: -0.01459257
    - vertices: p8782(v605) p8316(v465) p1007(v329)
    - neighboring facets: f3048 f3050 f3009
- f3017
    - flags: bottom simplicial
    - normal:  1.055e-06   0.5374   0.8433
    - offset: -0.009906946
    - vertices: p8954(v607) p3482(v459) p2944(v219)
    - neighboring facets: f2283 f3643 f4209
- f3026
    - flags: top simplicial
    - normal:  -6.3e-06   0.4619   0.8869
    - offset: -0.01258732
    - vertices: p2769(v608) p7223(v460) p7379(v220)
    - neighboring facets: f3001 f4229 f4225
- f3029
    - flags: top simplicial tested
    - normal:    0.1739 -0.0008983   0.9848
    - offset: -0.02116062
    - center: -0.0267422 -0.03962123333333333 0.02617346666666667 
    - vertices: p8861(v609) p8141(v461) p7161(v50)
    - neighboring facets: f3290 f3661 f5159
    - ridges:
- f3033
    - flags: bottom simplicial tested
    - normal:  -0.003492 0.002017        1
    - offset: -0.02633133
    - center: -0.05253513333333334 -0.025348 0.02619923333333334 
    - vertices: p3417(v610) p380(v318) p1487(v130)
    - neighboring facets: f2223 f5156 f3036
    - ridges:
- f3036
    - flags: top simplicial tested
    - normal:  -0.01292  0.06072   0.9981
    - offset: -0.02529908
    - center: -0.05202573333333333 -0.02493866666666666 0.02619176666666667 
    - vertices: p3417(v610) p380(v318) p9564(v77)
    - neighboring facets: f1577 f4220 f3033
- f3039
    - flags: bottom simplicial tested
    - normal:   0.03829  0.02738   0.9989
    - offset: -0.02439917
    - center: -0.0277237 -0.0255814 0.02619023333333334 
    - vertices: p2959(v611) p1650(v328) p3262(v221)
    - neighboring facets: f2531 f4217 f5152
    - ridges:
- f3048
    - flags: top simplicial
    - normal:  0.008388   0.4366   0.8996
    - offset: -0.01321561
    - vertices: p9309(v613) p8316(v465) p1007(v329)
    - neighboring facets: f3010 f3050 f3049
- f3049
    - flags: bottom simplicial
    - normal:    0.1917   0.4535   0.8704
    - offset: -0.00718469
    - vertices: p9309(v613) p8316(v465) p4292(v330)
    - neighboring facets: f2534 f3052 f3048
- f3050
    - flags: bottom simplicial
    - normal:  1.477e-05   0.4616   0.8871
    - offset: -0.01259685
    - vertices: p9309(v613) p8782(v605) p1007(v329)
    - neighboring facets: f3010 f3048 f3054
- f3051
    - flags: bottom simplicial
    - normal:    0.0192   0.5739   0.8187
    - offset: -0.007985199
    - vertices: p9309(v613) p5423(v212) p518(v75)
    - neighboring facets: f1596 f3053 f3052
- f3052
    - flags: bottom simplicial
    - normal:    0.1146     0.55   0.8273
    - offset: -0.006136134
    - vertices: p9309(v613) p4292(v330) p5423(v212)
    - neighboring facets: f1647 f3051 f3049
- f3053
    - flags: top simplicial
    - normal:   0.00101   0.5229   0.8524
    - offset: -0.01040095
    - vertices: p9309(v613) p3334(v327) p518(v75)
    - neighboring facets: f2284 f3051 f4226
- f3054
    - flags: top simplicial
    - normal:  2.599e-06   0.4617    0.887
    - offset: -0.01259388
    - vertices: p9309(v613) p8782(v605) p2830(v457)
    - neighboring facets: f3648 f3683 f3050
- f3063
    - flags: bottom simplicial
    - normal:   0.02875   0.2388   0.9706
    - offset: -0.01880517
    - vertices: p9543(v615) p8316(v465) p5634(v331)
    - neighboring facets: f4246 f3690 f3066
- f3065
    - flags: top simplicial
    - normal:   0.06291   0.2054   0.9767
    - offset: -0.01879531
    - vertices: p9543(v615) p3860(v507) p3262(v221)
    - neighboring facets: f2531 f3696 f3066
- f3066
    - flags: bottom simplicial
    - normal:   0.05668   0.2186   0.9742
    - offset: -0.01858804
    - vertices: p9543(v615) p3860(v507) p8316(v465)
    - neighboring facets: f2534 f3063 f3065
- f3075
    - flags: bottom simplicial
    - normal:  0.008738   0.2819   0.9594
    - offset: -0.01813407
    - vertices: p8780(v617) p4889(v467) p5634(v331)
    - neighboring facets: f2332 f4247 f3711
- f3078
    - flags: top simplicial
    - normal:  -0.0009352   0.2889   0.9574
    - offset: -0.01824095
    - vertices: p4761(v618) p7429(v468) p10(v222)
    - neighboring facets: f2329 f3713 f3709
- f3083
    - flags: top simplicial
    - normal:  -0.0002768   0.1364   0.9907
    - offset: -0.0226279
    - vertices: p3723(v619) p9150(v470) p595(v133)
    - neighboring facets: f2339 f4633 f4634
- f3097
    - flags: top simplicial
    - normal:  -4.883e-06  -0.7373   0.6756
    - offset: -0.05317066
    - vertices: p3581(v622) p2415(v474) p1970(v472)
    - neighboring facets: f3730 f4283 f3746
- f3103
    - flags: top simplicial
    - normal:  -0.0003106  -0.6799   0.7333
    - offset: -0.05167788
    - vertices: p1585(v623) p2415(v474) p1686(v336)
    - neighboring facets: f2356 f4672 f3741
- f3104
    - flags: bottom simplicial
    - normal:   -0.1786  -0.5444   0.8196
    - offset: -0.05647072
    - vertices: p5514(v624) p1670(v475) p4822(v82)
    - neighboring facets: f3120 f3365 f3105
- f3105
    - flags: top simplicial
    - normal:   -0.4843  -0.5216   0.7024
    - offset: -0.06873638
    - vertices: p5514(v624) p1670(v475) p1990(v227)
    - neighboring facets: f3110 f3368 f3104
- f3108
    - flags: top simplicial
    - normal:   -0.2526  -0.7076   0.6599
    - offset: -0.06462115
    - vertices: p3978(v625) p1670(v475) p6520(v137)
    - neighboring facets: f2363 f3111 f3110
- f3109
    - flags: top simplicial
    - normal:   -0.6733  -0.5148   0.5307
    - offset: -0.0743072
    - vertices: p3978(v625) p205(v337) p1990(v227)
    - neighboring facets: f1683 f3110 f3113
- f3110
    - flags: bottom simplicial
    - normal:   -0.5964  -0.5522   0.5825
    - offset: -0.07329955
    - vertices: p3978(v625) p1670(v475) p1990(v227)
    - neighboring facets: f3105 f3109 f3108
- f3111
    - flags: bottom simplicial
    - normal:   -0.5507  -0.7435   0.3794
    - offset: -0.07587429
    - vertices: p3978(v625) p4954(v310) p6520(v137)
    - neighboring facets: f1931 f3108 f3112
- f3112
    - flags: bottom simplicial
    - normal:   -0.6507  -0.6632   0.3699
    - offset: -0.07691504
    - vertices: p3978(v625) p5649(v438) p4954(v310)
    - neighboring facets: f2181 f3111 f3114
- f3113
    - flags: bottom simplicial
    - normal:   -0.8146  -0.4555   0.3591
    - offset: -0.07487769
    - vertices: p3978(v625) p205(v337) p1072(v16)
    - neighboring facets: f1682 f3114 f3109
- f3114
    - flags: top simplicial
    - normal:   -0.8128  -0.4589   0.3588
    - offset: -0.07494835
    - vertices: p3978(v625) p5649(v438) p1072(v16)
    - neighboring facets: f2180 f3113 f3112
- f3118
    - flags: bottom simplicial
    - normal:  -0.02449  -0.6078   0.7937
    - offset: -0.0507954
    - vertices: p4888(v627) p1670(v475) p1686(v336)
    - neighboring facets: f2363 f3753 f3120
- f3120
    - flags: top simplicial
    - normal:   -0.1733  -0.5455     0.82
    - offset: -0.05625167
    - vertices: p4888(v627) p1670(v475) p4822(v82)
    - neighboring facets: f3104 f3121 f3118
- f3121
    - flags: bottom simplicial
    - normal:  -0.00364  -0.4864   0.8737
    - offset: -0.04577294
    - vertices: p4888(v627) p3637(v626) p4822(v82)
    - neighboring facets: f4496 f3120 f4909
- f3132
    - flags: bottom simplicial
    - normal:  1.508e-05   0.9547   0.2977
    - offset: 0.01045484
    - vertices: p7736(v630) p2615(v477) p7673(v342)
    - neighboring facets: f2375 f3793 f3787
- f3137
    - flags: top simplicial
    - normal:  2.976e-05   0.9537   0.3009
    - offset: 0.01037359
    - vertices: p1043(v631) p2615(v477) p9854(v343)
    - neighboring facets: f2376 f4055 f3788
- f3139
    - flags: top simplicial tested
    - normal:    0.9999  0.01488 0.0003005
    - offset: 0.02611306
    - center: -0.02585136666666667 -0.01804223333333333 0.01287507333333333 
    - vertices: p6327(v632) p1018(v339) p5175(v230)
    - neighboring facets: f1698 f5141 f3140
    - ridges:
- f3140
    - flags: top simplicial tested
    - normal:    0.9999  0.01461 0.0003875
    - offset: 0.02610695
    - center: -0.02585136666666667 -0.0181273 0.0166964 
    - vertices: p6327(v632) p2784(v480) p1018(v339)
    - neighboring facets: f2390 f3139 f5145
    - ridges:
- f3141
    - flags: bottom simplicial
    - normal:  -0.003733   0.8943   0.4475
    - offset: 0.006029895
    - vertices: p100(v633) p6182(v482) p814(v87)
    - neighboring facets: f2398 f3143 f3799
- f3143
    - flags: top simplicial
    - normal:  -1.188e-05    0.887   0.4617
    - offset: 0.005779213
    - vertices: p100(v633) p3626(v491) p814(v87)
    - neighboring facets: f2444 f3141 f3802
- f3145
    - flags: top simplicial
    - normal:  0.0001897   0.8939   0.4483
    - offset: 0.006199482
    - vertices: p9831(v634) p8646(v378) p7085(v254)
    - neighboring facets: f2630 f3850 f3795
- f3164
    - flags: bottom simplicial
    - normal:  0.0005197   0.7232   0.6907
    - offset: -0.002471041
    - vertices: p7465(v637) p5305(v487) p1516(v315)
    - neighboring facets: f2427 f3821 f4338
- f3174
    - flags: top simplicial
    - normal:  -3.126e-06   0.7373   0.6756
    - offset: -0.001856169
    - vertices: p8754(v639) p6308(v445) p3889(v233)
    - neighboring facets: f3817 f3175 f3178
- f3175
    - flags: top simplicial
    - normal:  -0.003852   0.7586   0.6515
    - offset: -0.001072072
    - vertices: p8754(v639) p3889(v233) p2311(v144)
    - neighboring facets: f3190 f3837 f3174
- f3178
    - flags: bottom simplicial
    - normal:  -4.921e-07   0.7373   0.6756
    - offset: -0.001854961
    - vertices: p8754(v639) p6308(v445) p5189(v139)
    - neighboring facets: f3823 f3831 f3174
- f3180
    - flags: bottom simplicial
    - normal:  -1.047e-06   0.7931   0.6091
    - offset: 0.0007476677
    - vertices: p1004(v640) p331(v488) p9663(v346)
    - neighboring facets: f2430 f4358 f3836
- f3183
    - flags: bottom simplicial
    - normal:  3.122e-06   0.8434   0.5373
    - offset: 0.00331498
    - vertices: p6782(v641) p1306(v347) p1047(v145)
    - neighboring facets: f1729 f3184 f4349
- f3184
    - flags: top simplicial
    - normal:  1.329e-07   0.8434   0.5372
    - offset:   0.003316
    - vertices: p6782(v641) p5121(v490) p1047(v145)
    - neighboring facets: f3195 f3183 f4918
- f3189
    - flags: bottom simplicial
    - normal:  -5.787e-05   0.8432   0.5376
    - offset: 0.003298774
    - vertices: p3394(v642) p5121(v490) p4821(v236)
    - neighboring facets: f3196 f3191 f4710
- f3190
    - flags: bottom simplicial
    - normal:  -0.01614   0.7809   0.6245
    - offset: -0.0006415384
    - vertices: p3394(v642) p3889(v233) p2311(v144)
    - neighboring facets: f3175 f4708 f3191
- f3191
    - flags: bottom simplicial
    - normal:  -0.02185   0.7822   0.6227
    - offset: -0.0008706191
    - vertices: p3394(v642) p4821(v236) p3889(v233)
    - neighboring facets: f1174 f3190 f3189
- f3192
    - flags: bottom simplicial
    - normal:  -5.852e-05   0.8454   0.5342
    - offset: 0.003415887
    - vertices: p6818(v643) p3670(v492) p4821(v236)
    - neighboring facets: f2450 f3196 f3193
- f3193
    - flags: top simplicial
    - normal:  -3.535e-06   0.8456   0.5338
    - offset: 0.003433323
    - vertices: p6818(v643) p3670(v492) p5541(v349)
    - neighboring facets: f2448 f3194 f3192
- f3194
    - flags: top simplicial
    - normal:  1.496e-06   0.8435   0.5371
    - offset: 0.003321846
    - vertices: p6818(v643) p5541(v349) p1047(v145)
    - neighboring facets: f1739 f3195 f3193
- f3195
    - flags: bottom simplicial
    - normal:  -1.882e-07   0.8435   0.5372
    - offset: 0.003316885
    - vertices: p6818(v643) p5121(v490) p1047(v145)
    - neighboring facets: f3184 f3194 f3196
- f3196
    - flags: top simplicial
    - normal:  -4.518e-06   0.8435   0.5372
    - offset: 0.003317757
    - vertices: p6818(v643) p5121(v490) p4821(v236)
    - neighboring facets: f3189 f3192 f3195
- f3197
    - flags: bottom simplicial
    - normal:  3.285e-07   0.8866   0.4625
    - offset: 0.005754399
    - vertices: p5040(v644) p3670(v492) p3524(v234)
    - neighboring facets: f2448 f3199 f3198
- f3198
    - flags: top simplicial
    - normal:  -2.693e-06   0.8868   0.4622
    - offset: 0.005763386
    - vertices: p5040(v644) p3670(v492) p3626(v491)
    - neighboring facets: f2452 f3803 f3197
- f3199
    - flags: bottom simplicial
    - normal:  3.233e-05   0.8866   0.4626
    - offset: 0.005753597
    - vertices: p5040(v644) p3524(v234) p2408(v48)
    - neighboring facets: f1740 f3202 f3197
- f3202
    - flags: top simplicial
    - normal:  1.318e-05    0.887   0.4618
    - offset: 0.005776317
    - vertices: p5040(v644) p1198(v528) p2408(v48)
    - neighboring facets: f2631 f3199 f3847
- f3206
    - flags: bottom simplicial
    - normal:  0.001311  -0.9986  0.05351
    - offset: -0.05346544
    - vertices: p7324(v645) p4324(v146) p2854(v49)
    - neighboring facets: f724 f3854 f3209
- f3207
    - flags: bottom simplicial
    - normal:  -4.542e-05  -0.9985  0.05495
    - offset: -0.0535299
    - vertices: p7324(v645) p2807(v389) p2860(v237)
    - neighboring facets: f3444 f3208 f3211
- f3208
    - flags: top simplicial
    - normal:  -6.878e-06   -0.999  0.04416
    - offset: -0.05335308
    - vertices: p7324(v645) p628(v496) p2860(v237)
    - neighboring facets: f3446 f3207 f3212
- f3209
    - flags: bottom simplicial
    - normal:  3.913e-06  -0.9991  0.04354
    - offset: -0.05334243
    - vertices: p7324(v645) p4401(v497) p4324(v146)
    - neighboring facets: f2473 f3206 f3213
- f3210
    - flags: top simplicial
    - normal:  -8.358e-06  -0.9936   0.1126
    - offset: -0.05436254
    - vertices: p7324(v645) p6557(v538) p3182(v352)
    - neighboring facets: f3857 f3852 f3211
- f3211
    - flags: bottom simplicial
    - normal:  -4.278e-05  -0.9957  0.09236
    - offset: -0.05409131
    - vertices: p7324(v645) p6557(v538) p2807(v389)
    - neighboring facets: f2689 f3207 f3210
- f3212
    - flags: top simplicial
    - normal:  -1.996e-06   -0.999  0.04367
    - offset: -0.05334481
    - vertices: p7324(v645) p8377(v537) p628(v496)
    - neighboring facets: f3447 f3208 f3213
- f3213
    - flags: bottom simplicial
    - normal:  -2.636e-07   -0.999  0.04362
    - offset: -0.05334387
    - vertices: p7324(v645) p8377(v537) p4401(v497)
    - neighboring facets: f2686 f3209 f3212
- f3215
    - flags: top simplicial
    - normal:  8.817e-06  -0.9915   0.1304
    - offset: -0.05458457
    - vertices: p6519(v646) p7645(v494) p3182(v352)
    - neighboring facets: f3851 f3858 f4732
- f3234
    - flags: top simplicial
    - normal:    0.6083  -0.7932  0.02706
    - offset: -0.02603577
    - vertices: p5552(v650) p3877(v500) p7688(v498)
    - neighboring facets: f4389 f3891 f3235
- f3235
    - flags: bottom simplicial
    - normal:    0.7656  -0.6401  0.06502
    - offset: -0.01462541
    - vertices: p5552(v650) p3877(v500) p7618(v238)
    - neighboring facets: f2489 f3237 f3234
- f3236
    - flags: bottom simplicial
    - normal:    0.2785  -0.9492   0.1462
    - offset: -0.04519163
    - vertices: p5552(v650) p8626(v502) p2854(v49)
    - neighboring facets: f4365 f3890 f3237
- f3237
    - flags: top simplicial
    - normal:    0.5418  -0.8132   0.2125
    - offset: -0.03244241
    - vertices: p5552(v650) p8626(v502) p7618(v238)
    - neighboring facets: f2502 f3235 f3236
- f3238
    - flags: top simplicial tested
    - normal:    0.9814  -0.1749  0.07879
    - offset: 0.01487973
    - center: -0.0259176 -0.05119183333333333 0.0203361 
    - vertices: p775(v651) p988(v356) p5039(v239)
    - neighboring facets: f1773 f5137 f3239
    - ridges:
- f3239
    - flags: top simplicial tested
    - normal:    0.9716  -0.2291  0.05868
    - offset: 0.01224032
    - center: -0.0259188 -0.05156126666666666 0.01929466666666666 
    - vertices: p775(v651) p1147(v501) p988(v356)
    - neighboring facets: f2497 f3238 f3241
- f3241
    - flags: top simplicial tested
    - normal:         1 -0.009023 0.0001713
    - offset: 0.02538309
    - center: -0.0258511 -0.05147906666666666 0.01446068 
    - vertices: p775(v651) p8183(v506) p1147(v501)
    - neighboring facets: f2522 f3239 f5146
    - ridges:
- f3249
    - flags: top simplicial
    - normal:    0.9328  -0.3605 -0.0007794
    - offset:    0.00543
    - vertices: p6356(v653) p850(v357) p1395(v90)
    - neighboring facets: f1779 f3253 f3251
- f3251
    - flags: top simplicial
    - normal:    0.9537  -0.3008 8.286e-07
    - offset: 0.009086331
    - vertices: p6356(v653) p6109(v503) p850(v357)
    - neighboring facets: f2509 f3249 f3254
- f3253
    - flags: top simplicial
    - normal:    0.9297  -0.3684 -0.0005119
    - offset: 0.004946187
    - vertices: p6102(v654) p6356(v653) p1395(v90)
    - neighboring facets: f3249 f4760 f3254
- f3254
    - flags: bottom simplicial
    - normal:    0.9349   -0.355 3.199e-05
    - offset: 0.005783945
    - vertices: p6102(v654) p6356(v653) p6109(v503)
    - neighboring facets: f3251 f3906 f3253
- f3261
    - flags: top simplicial
    - normal:     0.999 -0.04555 -2.54e-06
    - offset: 0.02347279
    - center: -0.02585323333333333 -0.0516759 -0.001107066666666667 
    - vertices: p2865(v656) p1147(v501) p6364(v240)
    - neighboring facets: f3274 f3271 f3267
- f3264
    - flags: bottom simplicial
    - normal:    0.9829  -0.1839 0.001777
    - offset: 0.01587549
    - vertices: p5232(v657) p1147(v501) p6150(v148)
    - neighboring facets: f2496 f4408 f3267
- f3267
    - flags: bottom simplicial
    - normal:    0.9921  -0.1258 1.17e-05
    - offset: 0.01914658
    - vertices: p5232(v657) p2865(v656) p1147(v501)
    - neighboring facets: f3261 f3264 f3921
- f3269
    - flags: top simplicial tested
    - normal:         1 -0.0007606 -8.382e-06
    - offset: 0.02581078
    - center: -0.02585 -0.05143683333333333 -0.01149328666666667 
    - vertices: p8743(v658) p8183(v506) p904(v358)
    - neighboring facets: f5144 f3277 f3270
    - ridges:
- f3270
    - flags: bottom simplicial tested
    - normal:    0.9999 -0.01604 5.272e-05
    - offset: 0.02502005
    - center: -0.02585093333333333 -0.05159036666666666 -0.00121852 
    - vertices: p8743(v658) p8183(v506) p4811(v359)
    - neighboring facets: f2522 f3275 f3269
- f3271
    - flags: top simplicial tested
    - normal:     0.999 -0.04551 -1.201e-05
    - offset: 0.02347459
    - center: -0.02585213333333334 -0.05165040000000001 -0.01367896666666667 
    - vertices: p8743(v658) p2865(v656) p6364(v240)
    - neighboring facets: f3261 f3274 f3272
- f3272
    - flags: bottom simplicial tested
    - normal:     0.997 -0.07725 -0.0002883
    - offset:  0.0217807
    - center: -0.02585426666666666 -0.05167326666666666 -0.01609673333333334 
    - vertices: p8743(v658) p2865(v656) p3961(v505)
    - neighboring facets: f3919 f3273 f3271
- f3273
    - flags: top simplicial tested
    - normal:     0.994  -0.1098 -0.002024
    - offset: 0.01998924
    - center: -0.02586103333333334 -0.05171543333333334 -0.01937856666666667 
    - vertices: p8743(v658) p2749(v655) p3961(v505)
    - neighboring facets: f3917 f3272 f3276
- f3274
    - flags: bottom simplicial tested
    - normal:    0.9991 -0.04337 -5.546e-07
    - offset: 0.02358769
    - center: -0.02585203333333333 -0.05164873333333333 -0.004236466666666667 
    - vertices: p8743(v658) p1147(v501) p6364(v240)
    - neighboring facets: f3261 f3271 f3275
- f3275
    - flags: top simplicial tested
    - normal:    0.9994 -0.03426 1.796e-05
    - offset: 0.02406753
    - center: -0.02585213333333333 -0.05165086666666666 0.002599066666666667 
    - vertices: p8743(v658) p1147(v501) p4811(v359)
    - neighboring facets: f2522 f3270 f3274
- f3276
    - flags: bottom simplicial tested
    - normal:    0.9946  -0.1041 -0.004645
    - offset: 0.02024632
    - center: -0.0258698 -0.05176103333333334 -0.02070666666666667 
    - vertices: p8743(v658) p2749(v655) p850(v357)
    - neighboring facets: f3913 f3278 f3273
- f3277
    - flags: bottom simplicial tested
    - normal:         1 -0.001359 -0.0003052
    - offset: 0.02577397
    - center: -0.02585 -0.0512941 -0.0207111 
    - vertices: p8743(v658) p9262(v504) p904(v358)
    - neighboring facets: f5143 f3269 f3278
    - ridges:
- f3278
    - flags: top simplicial tested
    - normal:    0.9992 -0.03828 -0.01447
    - offset: 0.02356384
    - center: -0.02586173333333333 -0.05151396666666667 -0.02101773333333333 
    - vertices: p8743(v658) p9262(v504) p850(v357)
    - neighboring facets: f2513 f3276 f3277
- f3290
    - flags: bottom simplicial tested
    - normal:     0.213 0.0006545   0.9771
    - offset: -0.01985645
    - center: -0.02658633333333333 -0.03781903333333334 0.02614386666666667 
    - vertices: p2741(v660) p8141(v461) p7161(v50)
    - neighboring facets: f3029 f4780 f3934
- f3293
    - flags: bottom simplicial
    - normal:    0.9932  0.04448   0.1075
    - offset: 0.02403845
    - vertices: p7461(v661) p4580(v152) p1415(v151)
    - neighboring facets: f1796 f3294 f3298
- f3294
    - flags: top simplicial
    - normal:    0.9848  0.07574    0.156
    - offset: 0.02330507
    - vertices: p7461(v661) p5834(v464) p1415(v151)
    - neighboring facets: f2309 f3293 f3296
- f3295
    - flags: top simplicial
    - normal:    0.8628  0.03566   0.5042
    - offset: 0.01050917
    - center: -0.02608066666666667 -0.0249517 0.02555083333333333 
    - vertices: p7461(v661) p4843(v659) p3860(v507)
    - neighboring facets: f3936 f3297 f3299
- f3296
    - flags: bottom simplicial
    - normal:    0.6979   0.3045   0.6482
    - offset: 0.00865679
    - vertices: p7461(v661) p5834(v464) p4292(v330)
    - neighboring facets: f2307 f3297 f3294
- f3297
    - flags: top simplicial
    - normal:    0.6909   0.3026   0.6566
    - offset: 0.008223571
    - vertices: p7461(v661) p3860(v507) p4292(v330)
    - neighboring facets: f2534 f3296 f3295
- f3298
    - flags: bottom simplicial
    - normal:    0.9863   0.0132   0.1645
    - offset: 0.02172579
    - center: -0.0258716 -0.02490213333333334 0.02504203333333333 
    - vertices: p7461(v661) p3129(v508) p4580(v152)
    - neighboring facets: f3301 f3293 f3299
- f3299
    - flags: bottom simplicial
    - normal:    0.9402  0.01786     0.34
    - offset: 0.01623419
    - vertices: p7461(v661) p4843(v659) p3129(v508)
    - neighboring facets: f3927 f3298 f3295
- f3301
    - flags: top simplicial tested
    - normal:    0.9999 0.0004211  0.01181
    - offset: 0.02556533
    - center: -0.02585106666666667 -0.0281969 0.0250453 
    - vertices: p8647(v662) p3129(v508) p4580(v152)
    - neighboring facets: f3298 f5127 f3942
    - ridges:
- f3304
    - flags: top simplicial
    - normal:    0.9545 -8.067e-07   0.2981
    - offset: 0.01711765
    - vertices: p1158(v663) p3065(v509) p5412(v243)
    - neighboring facets: f4417 f3931 f3943
- f3306
    - flags: top simplicial
    - normal:    0.9991 -0.000196  0.04305
    - offset: 0.02473551
    - center: -0.0258535 -0.03832983333333333 0.02524013333333333 
    - vertices: p1185(v664) p3129(v508) p7526(v363)
    - neighboring facets: f3941 f3307 f3946
- f3307
    - flags: bottom simplicial
    - normal:    0.9893 -0.005545   0.1456
    - offset: 0.02166771
    - vertices: p1185(v664) p3065(v509) p7526(v363)
    - neighboring facets: f3962 f3306 f3944
- f3315
    - flags: top simplicial
    - normal:    0.7689 0.0001056   0.6393
    - offset: 0.003541275
    - center: -0.02606263333333333 -0.0372888 0.02581296666666667 
    - vertices: p1175(v665) p4843(v659) p4048(v362)
    - neighboring facets: f4413 f4415 f4771
- f3318
    - flags: bottom simplicial tested
    - normal:         1 -0.004372 0.004301
    - offset: 0.02553854
    - center: -0.02585113333333333 -0.04878546666666667 0.0229687 
    - vertices: p3475(v666) p252(v510) p5039(v239)
    - neighboring facets: f2549 f5147 f4433
    - ridges:
- f3320
    - flags: top simplicial
    - normal:    0.8144  -0.3358   0.4733
    - offset: -0.006606226
    - center: -0.02613383333333333 -0.04899703333333334 0.0241572 
    - vertices: p4744(v667) p252(v510) p2053(v27)
    - neighboring facets: f2549 f4269 f4441
- f3341
    - flags: top simplicial
    - normal:  -0.0004702 -0.04422    0.999
    - offset: -0.02817162
    - vertices: p1777(v671) p2129(v514) p5749(v213)
    - neighboring facets: f2568 f3343 f3342
- f3342
    - flags: bottom simplicial
    - normal:  -2.719e-06 -0.04675   0.9989
    - offset: -0.02825842
    - vertices: p1777(v671) p2129(v514) p9251(v365)
    - neighboring facets: f2571 f3344 f3341
- f3343
    - flags: bottom simplicial
    - normal:  4.979e-07 -0.04372    0.999
    - offset: -0.02812469
    - vertices: p1777(v671) p8458(v512) p5749(v213)
    - neighboring facets: f2567 f3341 f3344
- f3344
    - flags: top simplicial
    - normal:  1.586e-06 -0.04375    0.999
    - offset: -0.02812603
    - vertices: p1777(v671) p8458(v512) p9251(v365)
    - neighboring facets: f2564 f3342 f3343
- f3364
    - flags: bottom simplicial
    - normal:  -0.01945  -0.3418   0.9396
    - offset: -0.04131498
    - vertices: p6931(v676) p5046(v516) p1999(v317)
    - neighboring facets: f4479 f3371 f3367
- f3365
    - flags: bottom simplicial
    - normal:    -0.367  -0.4146   0.8327
    - offset: -0.06050934
    - vertices: p6931(v676) p5514(v624) p4822(v82)
    - neighboring facets: f3104 f4021 f3368
- f3367
    - flags: bottom simplicial
    - normal:  -0.01593  -0.3602   0.9328
    - offset: -0.04182322
    - vertices: p6931(v676) p3675(v675) p5046(v516)
    - neighboring facets: f4012 f3364 f4022
- f3368
    - flags: top simplicial
    - normal:   -0.7063   -0.288   0.6467
    - offset: -0.06778979
    - vertices: p6931(v676) p5514(v624) p1990(v227)
    - neighboring facets: f3105 f3369 f3365
- f3369
    - flags: top simplicial
    - normal:   -0.8928   -0.114   0.4357
    - offset: -0.06406536
    - vertices: p6931(v676) p1990(v227) p2802(v206)
    - neighboring facets: f1530 f3370 f3368
- f3370
    - flags: bottom simplicial
    - normal:   -0.8849  -0.1015   0.4546
    - offset: -0.0635348
    - vertices: p6931(v676) p7337(v320) p2802(v206)
    - neighboring facets: f2915 f3369 f3372
- f3371
    - flags: top simplicial
    - normal:   -0.6292 -0.08881   0.7721
    - offset: -0.05747873
    - vertices: p6931(v676) p5320(v451) p1999(v317)
    - neighboring facets: f2241 f3364 f3372
- f3372
    - flags: bottom simplicial
    - normal:   -0.7729 -0.08697   0.6286
    - offset: -0.06135014
    - vertices: p6931(v676) p5320(v451) p7337(v320)
    - neighboring facets: f2969 f3370 f3371
- f3373
    - flags: top simplicial
    - normal:   -0.3108   0.9505 8.167e-05
    - offset: -0.000317509
    - vertices: p1621(v677) p3465(v517) p4686(v52)
    - neighboring facets: f2582 f3375 f3374
- f3374
    - flags: bottom simplicial
    - normal:    -0.308   0.9514 5.27e-05
    - offset: -0.0001536357
    - vertices: p1621(v677) p3465(v517) p408(v367)
    - neighboring facets: f2584 f3376 f3373
- f3375
    - flags: bottom simplicial
    - normal:    -0.387   0.9221 -2.849e-05
    - offset: -0.004852191
    - vertices: p1621(v677) p9926(v246) p4686(v52)
    - neighboring facets: f2587 f3373 f3376
- f3376
    - flags: bottom simplicial
    - normal:   -0.3895    0.921 -0.0001593
    - offset: -0.005007034
    - vertices: p1621(v677) p408(v367) p9926(v246)
    - neighboring facets: f1831 f3375 f3374
- f3377
    - flags: bottom simplicial
    - normal:    -0.503   0.8643   0.0001
    - offset: -0.01202315
    - vertices: p7272(v678) p1498(v518) p3940(v156)
    - neighboring facets: f2585 f4029 f3378
- f3378
    - flags: top simplicial
    - normal:   -0.5036   0.8639 0.000121
    - offset: -0.01206225
    - vertices: p7272(v678) p1498(v518) p4281(v368)
    - neighboring facets: f2589 f3379 f3377
- f3379
    - flags: bottom simplicial
    - normal:    -0.617    0.787 -9.732e-05
    - offset: -0.0194371
    - vertices: p7272(v678) p5573(v519) p4281(v368)
    - neighboring facets: f2591 f3378 f3381
- f3381
    - flags: top simplicial
    - normal:   -0.6202   0.7845 -0.000178
    - offset: -0.01965148
    - vertices: p7272(v678) p5573(v519) p7601(v29)
    - neighboring facets: f2592 f4028 f3379
- f3382
    - flags: bottom simplicial
    - normal:   -0.2432     0.97 3.611e-05
    - offset: 0.003607685
    - vertices: p3787(v679) p542(v523) p4231(v158)
    - neighboring facets: f2607 f3384 f3383
- f3383
    - flags: top simplicial
    - normal:   -0.2472    0.969 8.248e-05
    - offset: 0.003378809
    - vertices: p3787(v679) p542(v523) p466(v251)
    - neighboring facets: f2608 f3385 f3382
- f3384
    - flags: top simplicial
    - normal:   -0.2854   0.9584 -4.722e-05
    - offset: 0.001168791
    - vertices: p3787(v679) p4386(v250) p4231(v158)
    - neighboring facets: f1249 f3382 f3385
- f3385
    - flags: top simplicial
    - normal:    -0.299   0.9543 -5.337e-06
    - offset: 0.0003757855
    - vertices: p3787(v679) p466(v251) p4386(v250)
    - neighboring facets: f1254 f3384 f3383
- f3388
    - flags: top simplicial
    - normal:  0.0005638   0.9985  0.05513
    - offset: 0.01598057
    - vertices: p3810(v680) p128(v525) p2073(v97)
    - neighboring facets: f2615 f3389 f4030
- f3389
    - flags: bottom simplicial
    - normal:  3.524e-05   0.9946   0.1038
    - offset: 0.01497869
    - vertices: p3810(v680) p3848(v526) p2073(v97)
    - neighboring facets: f2620 f3388 f3390
- f3390
    - flags: top simplicial
    - normal:  -3.713e-05   0.9955  0.09497
    - offset:  0.0151583
    - vertices: p3810(v680) p3848(v526) p9292(v253)
    - neighboring facets: f2619 f4033 f3389
- f3392
    - flags: top simplicial
    - normal:  -9.692e-07   0.9914   0.1306
    - offset: 0.01441625
    - vertices: p1911(v681) p792(v257) p8630(v54)
    - neighboring facets: f3806 f3393 f4040
- f3393
    - flags: bottom simplicial
    - normal:  -1.476e-05   0.9914   0.1307
    - offset:  0.0144146
    - vertices: p1911(v681) p2967(v143) p8630(v54)
    - neighboring facets: f3804 f3392 f3394
- f3394
    - flags: bottom simplicial
    - normal:  -4.999e-05   0.9915   0.1303
    - offset: 0.01442108
    - vertices: p1911(v681) p9739(v376) p2967(v143)
    - neighboring facets: f1875 f3393 f4037
- f3397
    - flags: bottom simplicial
    - normal:  1.175e-05   0.9239   0.3827
    - offset: 0.008139896
    - vertices: p157(v682) p8646(v378) p976(v228)
    - neighboring facets: f2632 f3400 f4043
- f3399
    - flags: top simplicial
    - normal:  -5.476e-06    0.924   0.3823
    - offset:  0.0081496
    - vertices: p157(v682) p8036(v527) p2973(v485)
    - neighboring facets: f2626 f4052 f4044
- f3400
    - flags: bottom simplicial
    - normal:  0.006983   0.9442   0.3292
    - offset: 0.009822863
    - vertices: p157(v682) p976(v228) p4894(v95)
    - neighboring facets: f2371 f4048 f3397
- f3406
    - flags: bottom simplicial
    - normal:  -8.853e-06   0.9238   0.3828
    - offset: 0.008137201
    - vertices: p6955(v683) p8036(v527) p6182(v482)
    - neighboring facets: f2627 f3798 f4046
- f3407
    - flags: bottom simplicial
    - normal:   0.07535   0.9972 0.0006007
    - offset: 0.01897459
    - vertices: p6894(v684) p7445(v258) p6137(v163)
    - neighboring facets: f1284 f3408 f3409
- f3408
    - flags: top simplicial
    - normal:   0.07578   0.9971 0.000608
    - offset: 0.01898553
    - vertices: p6894(v684) p1042(v530) p6137(v163)
    - neighboring facets: f2644 f3407 f4064
- f3409
    - flags: top simplicial
    - normal:   0.08532   0.9964 0.0002091
    - offset: 0.01922851
    - vertices: p6894(v684) p7445(v258) p6606(v256)
    - neighboring facets: f1285 f4060 f3407
- f3413
    - flags: bottom simplicial
    - normal:    0.6615   0.7498 0.009077
    - offset: 0.03016652
    - vertices: p258(v685) p5568(v412) p6526(v47)
    - neighboring facets: f2046 f4065 f3414
- f3414
    - flags: bottom simplicial
    - normal:    0.5601   0.8281  0.02275
    - offset: 0.02863047
    - vertices: p258(v685) p1042(v530) p5568(v412)
    - neighboring facets: f2647 f3413 f4071
- f3417
    - flags: top simplicial
    - normal:  -4.386e-06  -0.9537   0.3007
    - offset: -0.05600105
    - vertices: p5776(v686) p2789(v259) p8016(v35)
    - neighboring facets: f1288 f3418 f4999
- f3418
    - flags: bottom simplicial
    - normal:  -5.985e-07  -0.9537   0.3007
    - offset: -0.05600109
    - vertices: p5776(v686) p4091(v533) p8016(v35)
    - neighboring facets: f5070 f3417 f5000
- f3425
    - flags: top simplicial
    - normal:  3.18e-05  -0.9755   0.2198
    - offset: -0.05550188
    - vertices: p317(v688) p8634(v534) p7306(v384)
    - neighboring facets: f3863 f3866 f4529
- f3426
    - flags: bottom simplicial
    - normal:  -5.703e-05  -0.9654   0.2607
    - offset: -0.0558006
    - vertices: p317(v688) p3681(v383) p2789(v259)
    - neighboring facets: f4998 f3865 f4528
- f3436
    - flags: bottom simplicial
    - normal:  -0.001813  -0.9081   0.4187
    - offset: -0.05620316
    - vertices: p7015(v690) p4036(v260) p434(v165)
    - neighboring facets: f1293 f5007 f4095
- f3442
    - flags: bottom simplicial
    - normal:   0.03956  -0.9248   0.3783
    - offset: -0.05496051
    - vertices: p762(v691) p5101(v536) p8626(v502)
    - neighboring facets: f4533 f3898 f4097
- f3444
    - flags: top simplicial
    - normal:  -0.0001656   -0.999  0.04521
    - offset: -0.05337789
    - vertices: p6004(v692) p2807(v389) p2860(v237)
    - neighboring facets: f3207 f3446 f3445
- f3445
    - flags: top simplicial
    - normal:  -0.001493  -0.9991  0.04143
    - offset: -0.05338522
    - vertices: p6004(v692) p8377(v537) p2807(v389)
    - neighboring facets: f2681 f3444 f3447
- f3446
    - flags: bottom simplicial
    - normal:  -1.067e-05   -0.999  0.04382
    - offset: -0.05334763
    - vertices: p6004(v692) p628(v496) p2860(v237)
    - neighboring facets: f3208 f3444 f3447
- f3447
    - flags: bottom simplicial
    - normal:  -9.295e-06   -0.999  0.04379
    - offset: -0.05334701
    - vertices: p6004(v692) p8377(v537) p628(v496)
    - neighboring facets: f3212 f3446 f3445
- f3448
    - flags: top simplicial
    - normal:  7.758e-05  -0.9127  -0.4086
    - offset: -0.05800454
    - vertices: p6136(v693) p3248(v266) p8687(v101)
    - neighboring facets: f1966 f3449 f3450
- f3449
    - flags: bottom simplicial
    - normal:  7.514e-06  -0.9077  -0.4197
    - offset: -0.05797725
    - vertices: p6136(v693) p6280(v540) p8687(v101)
    - neighboring facets: f2697 f3448 f3450
- f3450
    - flags: top simplicial
    - normal:  -4.276e-05   -0.925  -0.3801
    - offset:   -0.05805
    - vertices: p6136(v693) p6280(v540) p3248(v266)
    - neighboring facets: f2700 f3448 f3449
- f3462
    - flags: top simplicial
    - normal:  0.0004931  -0.4414  -0.8973
    - offset: -0.04400936
    - vertices: p4702(v696) p1542(v273) p4681(v179)
    - neighboring facets: f4556 f3468 f3467
- f3465
    - flags: top simplicial
    - normal:  0.001077  -0.4552  -0.8904
    - offset: -0.04447696
    - vertices: p7495(v697) p5901(v401) p1542(v273)
    - neighboring facets: f2000 f3467 f3466
- f3466
    - flags: top simplicial
    - normal:   0.00105  -0.4556  -0.8902
    - offset: -0.04449246
    - vertices: p7495(v697) p1356(v545) p5901(v401)
    - neighboring facets: f3472 f3465 f3470
- f3467
    - flags: bottom simplicial
    - normal:  0.0006664  -0.4459  -0.8951
    - offset: -0.04416428
    - vertices: p7495(v697) p4702(v696) p1542(v273)
    - neighboring facets: f3462 f3465 f3468
- f3468
    - flags: top simplicial
    - normal:  0.0004669  -0.4422  -0.8969
    - offset: -0.04403675
    - vertices: p7495(v697) p4702(v696) p4681(v179)
    - neighboring facets: f3462 f4115 f3467
- f3470
    - flags: bottom simplicial
    - normal:  -0.0002216  -0.4486  -0.8938
    - offset: -0.04428837
    - vertices: p7495(v697) p1356(v545) p2770(v398)
    - neighboring facets: f2721 f4116 f3466
- f3472
    - flags: bottom simplicial
    - normal:  0.0003531  -0.4679  -0.8838
    - offset: -0.04494749
    - vertices: p9945(v698) p1356(v545) p5901(v401)
    - neighboring facets: f3466 f3474 f3480
- f3473
    - flags: bottom simplicial
    - normal:  -1.74e-05   -0.491  -0.8712
    - offset: -0.04576369
    - vertices: p9945(v698) p5223(v546) p3245(v270)
    - neighboring facets: f2724 f3479 f3475
- f3474
    - flags: bottom simplicial
    - normal:  0.0006667  -0.5069   -0.862
    - offset: -0.04628231
    - vertices: p9945(v698) p5901(v401) p2620(v106)
    - neighboring facets: f1997 f3475 f3472
- f3475
    - flags: top simplicial
    - normal:  3.972e-05  -0.5006  -0.8657
    - offset: -0.04609037
    - vertices: p9945(v698) p5223(v546) p2620(v106)
    - neighboring facets: f2724 f3474 f3473
- f3476
    - flags: top simplicial
    - normal:  -0.0002755  -0.4615  -0.8871
    - offset: -0.04474788
    - vertices: p9850(v699) p1356(v545) p1835(v544)
    - neighboring facets: f2721 f3478 f3480
- f3477
    - flags: top simplicial
    - normal:  -0.001018  -0.4579   -0.889
    - offset: -0.04465521
    - vertices: p9850(v699) p2770(v398) p3245(v270)
    - neighboring facets: f1986 f3479 f3478
- f3478
    - flags: top simplicial
    - normal:  -0.000539  -0.4564  -0.8898
    - offset:  -0.044578
    - vertices: p9850(v699) p1835(v544) p2770(v398)
    - neighboring facets: f2721 f3477 f3476
- f3479
    - flags: bottom simplicial
    - normal:  -0.0001216   -0.472  -0.8816
    - offset: -0.04510911
    - vertices: p9850(v699) p9945(v698) p3245(v270)
    - neighboring facets: f3473 f3477 f3480
- f3480
    - flags: top simplicial
    - normal:  -0.0001138  -0.4705  -0.8824
    - offset: -0.04505437
    - vertices: p9850(v699) p9945(v698) p1356(v545)
    - neighboring facets: f3472 f3476 f3479
- f3481
    - flags: top simplicial
    - normal:  -5.8e-06  -0.8431   0.5377
    - offset: -0.05538244
    - vertices: p8493(v700) p6173(v276) p9856(v9)
    - neighboring facets: f1375 f3482 f4550
- f3482
    - flags: bottom simplicial
    - normal:  -0.0001799   -0.838   0.5456
    - offset: -0.05530919
    - vertices: p8493(v700) p1146(v548) p9856(v9)
    - neighboring facets: f2731 f3481 f3484
- f3484
    - flags: top simplicial
    - normal:  -2.263e-05  -0.8338   0.5521
    - offset: -0.05523118
    - vertices: p8493(v700) p1146(v548) p2836(v277)
    - neighboring facets: f2735 f4551 f3482
- f3486
    - flags: top simplicial
    - normal:   -0.3388 -0.001367  -0.9408
    - offset: -0.04486666
    - vertices: p7801(v701) p1739(v549) p5472(v186)
    - neighboring facets: f2738 f3493 f3487
- f3487
    - flags: bottom simplicial
    - normal:   -0.3885 -0.002502  -0.9215
    - offset: -0.04673193
    - vertices: p7801(v701) p1739(v549) p7343(v407)
    - neighboring facets: f2745 f3494 f3486
- f3488
    - flags: bottom simplicial
    - normal:   -0.4989 -0.001783  -0.8666
    - offset: -0.05043758
    - vertices: p9091(v702) p5975(v551) p9300(v408)
    - neighboring facets: f2743 f3489 f3490
- f3489
    - flags: bottom simplicial
    - normal:   -0.5753 -0.0003545  -0.8179
    - offset: -0.05265517
    - vertices: p9091(v702) p9300(v408) p4038(v280)
    - neighboring facets: f2030 f3492 f3488
- f3490
    - flags: top simplicial
    - normal:   -0.4592 -0.001843  -0.8883
    - offset: -0.04915796
    - vertices: p9091(v702) p5975(v551) p7343(v407)
    - neighboring facets: f2745 f3494 f3488
- f3491
    - flags: bottom simplicial
    - normal:   -0.6141    0.022  -0.7889
    - offset: -0.05306807
    - vertices: p9091(v702) p6407(v409) p5472(v186)
    - neighboring facets: f2034 f3493 f3492
- f3492
    - flags: top simplicial
    - normal:   -0.6395  0.01153  -0.7687
    - offset: -0.0539786
    - vertices: p9091(v702) p6407(v409) p4038(v280)
    - neighboring facets: f2037 f3489 f3491
- f3493
    - flags: top simplicial
    - normal:   -0.3825 -0.001108   -0.924
    - offset: -0.04647209
    - vertices: p9091(v702) p7801(v701) p5472(v186)
    - neighboring facets: f3486 f3491 f3494
- f3494
    - flags: bottom simplicial
    - normal:   -0.4029 -0.001565  -0.9153
    - offset: -0.04721484
    - vertices: p9091(v702) p7801(v701) p7343(v407)
    - neighboring facets: f3487 f3490 f3493
- f3497
    - flags: top simplicial
    - normal:    0.9914   0.1311 -5.905e-06
    - offset: 0.02797949
    - vertices: p43(v703) p6551(v554) p2399(v86)
    - neighboring facets: f3502 f3498 f4558
- f3498
    - flags: bottom simplicial
    - normal:    0.9916   0.1296 -3.887e-07
    - offset: 0.02795658
    - vertices: p43(v703) p1018(v339) p2399(v86)
    - neighboring facets: f1697 f3497 f3499
- f3499
    - flags: top simplicial
    - normal:    0.9915     0.13 2.376e-06
    - offset: 0.02796282
    - vertices: p43(v703) p1018(v339) p3662(v141)
    - neighboring facets: f2390 f4562 f3498
- f3502
    - flags: bottom simplicial
    - normal:    0.9796   0.2011 -0.0007073
    - offset: 0.02891349
    - vertices: p3328(v704) p6551(v554) p2399(v86)
    - neighboring facets: f3497 f3503 f4119
- f3503
    - flags: top simplicial
    - normal:    0.9705   0.2412 -0.001354
    - offset: 0.02938459
    - vertices: p3328(v704) p5056(v286) p2399(v86)
    - neighboring facets: f1424 f3502 f3504
- f3504
    - flags: top simplicial
    - normal:    0.9691   0.2465 -0.001245
    - offset: 0.02944531
    - vertices: p3328(v704) p1873(v413) p5056(v286)
    - neighboring facets: f3512 f3503 f3516
- f3507
    - flags: top simplicial
    - normal:    0.8675   0.4974 0.001557
    - offset:   0.031253
    - vertices: p4283(v705) p2647(v556) p2211(v285)
    - neighboring facets: f2765 f4124 f4567
- f3510
    - flags: bottom simplicial
    - normal:    0.9035   0.4285 -5.617e-05
    - offset: 0.03097387
    - vertices: p5190(v706) p6083(v414) p5056(v286)
    - neighboring facets: f2772 f4563 f3511
- f3511
    - flags: bottom simplicial
    - normal:    0.8787   0.4773 4.503e-05
    - offset: 0.03118668
    - vertices: p5190(v706) p2647(v556) p6083(v414)
    - neighboring facets: f2774 f3510 f4566
- f3512
    - flags: bottom simplicial
    - normal:    0.9522   0.3055 -0.0004014
    - offset: 0.03006142
    - vertices: p9799(v707) p1873(v413) p5056(v286)
    - neighboring facets: f3504 f3513 f3518
- f3513
    - flags: top simplicial
    - normal:    0.9411   0.3381 -8.372e-05
    - offset: 0.03035493
    - vertices: p9799(v707) p9574(v557) p5056(v286)
    - neighboring facets: f2772 f3512 f3519
- f3515
    - flags: bottom simplicial
    - normal:    0.9484    0.317 0.0005971
    - offset: 0.03017343
    - vertices: p940(v708) p9574(v557) p963(v555)
    - neighboring facets: f2775 f3517 f3519
- f3516
    - flags: bottom simplicial
    - normal:    0.9706   0.2409 -2.56e-05
    - offset: 0.02939574
    - vertices: p940(v708) p3328(v704) p1873(v413)
    - neighboring facets: f3504 f3518 f3517
- f3517
    - flags: top simplicial
    - normal:    0.9736   0.2282 3.183e-05
    - offset: 0.02925037
    - vertices: p940(v708) p3328(v704) p963(v555)
    - neighboring facets: f4120 f3515 f3516
- f3518
    - flags: top simplicial
    - normal:    0.9537   0.3007 1.682e-06
    - offset: 0.03002101
    - vertices: p940(v708) p9799(v707) p1873(v413)
    - neighboring facets: f3512 f3516 f3519
- f3519
    - flags: bottom simplicial
    - normal:    0.9494    0.314 5.839e-05
    - offset: 0.03014594
    - vertices: p940(v708) p9799(v707) p9574(v557)
    - neighboring facets: f3513 f3515 f3518
- f3523
    - flags: top simplicial
    - normal:  -4.893e-05    0.993  -0.1185
    - offset: 0.01466764
    - vertices: p2442(v710) p3645(v416) p8560(v201)
    - neighboring facets: f2068 f3526 f3524
- f3524
    - flags: top simplicial
    - normal:  -4.936e-05    0.993  -0.1185
    - offset: 0.01466755
    - vertices: p2442(v710) p3735(v558) p3645(v416)
    - neighboring facets: f2780 f3523 f3525
- f3525
    - flags: bottom simplicial
    - normal:  -9.549e-05    0.993  -0.1182
    - offset: 0.01467146
    - vertices: p2442(v710) p3735(v558) p1823(v301)
    - neighboring facets: f2778 f3527 f3524
- f3526
    - flags: top simplicial
    - normal:  0.0001046   0.9965 -0.08313
    - offset: 0.01540546
    - vertices: p2442(v710) p8560(v201) p9647(v113)
    - neighboring facets: f983 f3527 f3523
- f3527
    - flags: bottom simplicial
    - normal:  5.627e-05   0.9968 -0.07998
    - offset: 0.01546758
    - vertices: p2442(v710) p1823(v301) p9647(v113)
    - neighboring facets: f1503 f3526 f3525
- f3528
    - flags: top simplicial
    - normal:  -3.847e-06   0.9808  -0.1953
    - offset: 0.01296562
    - vertices: p6462(v711) p5233(v560) p8488(v289)
    - neighboring facets: f2790 f4569 f3532
- f3530
    - flags: top simplicial
    - normal:  5.056e-05   0.9799  -0.1996
    - offset: 0.01286598
    - vertices: p6462(v711) p1353(v559) p4592(v417)
    - neighboring facets: f2783 f3531 f4131
- f3531
    - flags: top simplicial
    - normal:  0.000221   0.9817  -0.1904
    - offset:  0.0130861
    - vertices: p6462(v711) p4592(v417) p9763(v191)
    - neighboring facets: f2070 f3532 f3530
- f3532
    - flags: bottom simplicial
    - normal:  7.363e-05   0.9825  -0.1864
    - offset: 0.01317237
    - vertices: p6462(v711) p5233(v560) p9763(v191)
    - neighboring facets: f2789 f3531 f3528
- f3534
    - flags: bottom simplicial
    - normal:  -1.273e-05   0.9723  -0.2338
    - offset: 0.01205165
    - vertices: p637(v712) p7308(v561) p9939(v418)
    - neighboring facets: f2799 f4572 f3536
- f3535
    - flags: top simplicial
    - normal:  6.635e-05   0.9703  -0.2419
    - offset: 0.01185807
    - vertices: p637(v712) p8989(v302) p5032(v112)
    - neighboring facets: f1505 f4132 f3536
- f3536
    - flags: top simplicial
    - normal:  3.173e-05   0.9699  -0.2433
    - offset: 0.01182193
    - vertices: p637(v712) p7308(v561) p8989(v302)
    - neighboring facets: f3538 f3535 f3534
- f3537
    - flags: top simplicial
    - normal:  1.69e-06   0.9685  -0.2491
    - offset: 0.01167907
    - vertices: p8988(v713) p7308(v561) p6690(v202)
    - neighboring facets: f2804 f4137 f3538
- f3538
    - flags: bottom simplicial
    - normal:  2.047e-05   0.9691  -0.2465
    - offset: 0.01174365
    - vertices: p8988(v713) p7308(v561) p8989(v302)
    - neighboring facets: f3536 f3540 f3537
- f3540
    - flags: top simplicial
    - normal:  2.091e-05   0.9682  -0.2501
    - offset: 0.01165426
    - vertices: p8988(v713) p1178(v580) p8989(v302)
    - neighboring facets: f2897 f3538 f4138
- f3543
    - flags: top simplicial
    - normal:  0.0001091   0.9534  -0.3019
    - offset: 0.01034471
    - vertices: p590(v714) p8328(v569) p4025(v20)
    - neighboring facets: f4156 f4142 f4592
- f3546
    - flags: bottom simplicial
    - normal:  3.633e-06   0.9644  -0.2644
    - offset: 0.01129847
    - vertices: p292(v715) p1819(v562) p1168(v433)
    - neighboring facets: f3585 f4144 f4575
- f3549
    - flags: bottom simplicial
    - normal:  -1.998e-05    0.987  -0.1608
    - offset:   0.013748
    - vertices: p9536(v716) p4643(v563) p3973(v65)
    - neighboring facets: f2811 f3551 f3550
- f3550
    - flags: top simplicial
    - normal:  -8.942e-06   0.9864  -0.1644
    - offset: 0.01366662
    - vertices: p9536(v716) p4643(v563) p9480(v419)
    - neighboring facets: f2810 f3552 f3549
- f3551
    - flags: top simplicial
    - normal:  2.012e-06   0.9865   -0.164
    - offset: 0.01367646
    - vertices: p9536(v716) p9763(v191) p3973(v65)
    - neighboring facets: f935 f3549 f3552
- f3552
    - flags: top simplicial
    - normal:  1.02e-06   0.9864  -0.1644
    - offset: 0.01366832
    - vertices: p9536(v716) p9480(v419) p9763(v191)
    - neighboring facets: f2789 f3551 f3550
- f3557
    - flags: top simplicial
    - normal:  5.858e-05   0.9351  -0.3544
    - offset: 0.00892939
    - vertices: p4560(v718) p6125(v567) p5937(v293)
    - neighboring facets: f2830 f4581 f3559
- f3559
    - flags: top simplicial
    - normal:  -1.903e-05    0.934  -0.3573
    - offset: 0.008848078
    - vertices: p4560(v718) p4646(v568) p6125(v567)
    - neighboring facets: f2832 f3557 f4582
- f3561
    - flags: top simplicial
    - normal:  -0.003774   0.9113  -0.4118
    - offset: 0.007091757
    - vertices: p1238(v719) p8345(v424) p4385(v70)
    - neighboring facets: f2102 f3562 f4162
- f3562
    - flags: bottom simplicial
    - normal:  -0.005947   0.9087  -0.4174
    - offset: 0.006812535
    - vertices: p1238(v719) p6128(v426) p4385(v70)
    - neighboring facets: f2119 f3561 f3563
- f3563
    - flags: top simplicial
    - normal:  -3.718e-05   0.8949  -0.4463
    - offset: 0.006250383
    - vertices: p1238(v719) p6128(v426) p5583(v294)
    - neighboring facets: f2852 f4166 f3562
- f3566
    - flags: bottom simplicial
    - normal:  -0.002404   0.8569  -0.5154
    - offset: 0.003928523
    - vertices: p7028(v720) p8477(v571) p6128(v426)
    - neighboring facets: f2845 f4170 f4593
- f3574
    - flags: top simplicial
    - normal:  -4.625e-07   0.8434  -0.5373
    - offset: 0.003312155
    - vertices: p3437(v722) p8097(v576) p6297(v430)
    - neighboring facets: f2866 f4182 f3577
- f3576
    - flags: top simplicial
    - normal:  -2.936e-06   0.8434  -0.5373
    - offset: 0.00331312
    - vertices: p3437(v722) p8477(v571) p6635(v197)
    - neighboring facets: f2845 f3577 f4185
- f3577
    - flags: bottom simplicial
    - normal:  -2.715e-06   0.8434  -0.5373
    - offset: 0.003312561
    - vertices: p3437(v722) p8097(v576) p6635(v197)
    - neighboring facets: f2867 f3576 f3574
- f3580
    - flags: top simplicial
    - normal:   0.01734   0.7692  -0.6387
    - offset: 0.0001034349
    - vertices: p2320(v723) p4390(v578) p3827(v431)
    - neighboring facets: f2884 f3582 f3584
- f3581
    - flags: top simplicial
    - normal:   0.02016   0.8178  -0.5751
    - offset: 0.002535333
    - vertices: p2320(v723) p1354(v577) p4767(v296)
    - neighboring facets: f2875 f3583 f3582
- f3582
    - flags: bottom simplicial
    - normal:   0.06227   0.7851  -0.6162
    - offset: 0.002139813
    - vertices: p2320(v723) p1354(v577) p3827(v431)
    - neighboring facets: f2882 f3580 f3581
- f3583
    - flags: top simplicial
    - normal:  0.0001457   0.7931  -0.6091
    - offset: 0.0007539414
    - vertices: p2320(v723) p4767(v296) p6594(v118)
    - neighboring facets: f4180 f3584 f3581
- f3584
    - flags: bottom simplicial
    - normal:  0.008222   0.7741   -0.633
    - offset: 7.400875e-05
    - vertices: p2320(v723) p4390(v578) p6594(v118)
    - neighboring facets: f2883 f3583 f3580
- f3585
    - flags: top simplicial
    - normal:  3.152e-06   0.9646  -0.2637
    - offset:  0.0113172
    - vertices: p3909(v724) p1819(v562) p1168(v433)
    - neighboring facets: f3546 f3586 f3587
- f3586
    - flags: bottom simplicial
    - normal:  5.466e-06   0.9652  -0.2614
    - offset: 0.01137428
    - vertices: p3909(v724) p1178(v580) p1168(v433)
    - neighboring facets: f2897 f3585 f3588
- f3587
    - flags: bottom simplicial
    - normal:  -2.256e-05   0.9666  -0.2563
    - offset: 0.01149903
    - vertices: p3909(v724) p1819(v562) p6690(v202)
    - neighboring facets: f2804 f3588 f3585
- f3588
    - flags: top simplicial
    - normal:  -3.343e-06   0.9668  -0.2554
    - offset: 0.01152279
    - vertices: p3909(v724) p1178(v580) p6690(v202)
    - neighboring facets: f4136 f3587 f3586
- f3590
    - flags: bottom simplicial
    - normal:   -0.9168   0.3994 0.0005446
    - offset: -0.0422675
    - vertices: p7158(v725) p2791(v581) p3577(v435)
    - neighboring facets: f2900 f3592 f4187
- f3591
    - flags: bottom simplicial
    - normal:   -0.9126   0.4088 -5.063e-05
    - offset: -0.04187109
    - vertices: p7158(v725) p5140(v304) p4120(v53)
    - neighboring facets: f1513 f4186 f3592
- f3592
    - flags: bottom simplicial
    - normal:   -0.8975   0.4411 3.658e-05
    - offset: -0.04048981
    - vertices: p7158(v725) p3577(v435) p5140(v304)
    - neighboring facets: f2909 f3591 f3590
- f3593
    - flags: top simplicial
    - normal:   -0.9545   0.2982 2.078e-06
    - offset: -0.04607764
    - vertices: p7446(v726) p8081(v434) p6108(v203)
    - neighboring facets: f2195 f3594 f3595
- f3594
    - flags: bottom simplicial
    - normal:   -0.9536   0.3009 -3.762e-07
    - offset: -0.04598258
    - vertices: p7446(v726) p2791(v581) p6108(v203)
    - neighboring facets: f2905 f3593 f3595
- f3595
    - flags: top simplicial
    - normal:   -0.9556   0.2947 2.756e-05
    - offset: -0.04619662
    - vertices: p7446(v726) p2791(v581) p8081(v434)
    - neighboring facets: f2901 f3593 f3594
- f3596
    - flags: bottom simplicial tested
    - normal:   -0.9871 -0.003364   0.1601
    - offset: -0.05730976
    - center: -0.05381433333333334 -0.03851076666666667 0.0253592 
    - vertices: p270(v727) p7608(v584) p7337(v320)
    - neighboring facets: f2915 f4194 f3599
- f3599
    - flags: top simplicial tested
    - normal:   -0.9973 -0.0006325  0.07388
    - offset: -0.05558205
    - center: -0.05384466666666667 -0.0349465 0.0252086 
    - vertices: p270(v727) p7608(v584) p5845(v437)
    - neighboring facets: f5123 f3600 f3596
    - ridges:
- f3600
    - flags: top simplicial tested
    - normal:   -0.9973 -0.0005095   0.0739
    - offset: -0.05557846
    - center: -0.05384113333333333 -0.03034893333333334 0.02529313333333333 
    - vertices: p270(v727) p5845(v437) p9186(v309)
    - neighboring facets: f2174 f4192 f3599
- f3601
    - flags: bottom simplicial
    - normal:   -0.9958  0.09198 -0.0001327
    - offset: -0.05197069
    - vertices: p4950(v728) p5367(v181) p4134(v40)
    - neighboring facets: f890 f3602 f3603
- f3602
    - flags: top simplicial
    - normal:   -0.9964  0.08535 -4.981e-05
    - offset: -0.05212035
    - vertices: p4950(v728) p2476(v587) p4134(v40)
    - neighboring facets: f2927 f3601 f3604
- f3603
    - flags: bottom simplicial
    - normal:   -0.9914   0.1309 -1.168e-06
    - offset: -0.05103894
    - vertices: p4950(v728) p2349(v588) p5367(v181)
    - neighboring facets: f2930 f3601 f3604
- f3604
    - flags: top simplicial
    - normal:   -0.9914   0.1306 -5.711e-07
    - offset: -0.0510453
    - vertices: p4950(v728) p2349(v588) p2476(v587)
    - neighboring facets: f2933 f3602 f3603
- f3605
    - flags: top simplicial
    - normal:  0.006588  -0.2269   0.9739
    - offset: -0.0356539
    - vertices: p9127(v729) p5199(v446) p8833(v154)
    - neighboring facets: f4798 f3606 f4813
- f3606
    - flags: bottom simplicial
    - normal:  0.0003948  -0.2403   0.9707
    - offset: -0.03636857
    - vertices: p9127(v729) p3104(v590) p8833(v154)
    - neighboring facets: f4477 f3605 f4818
- f3609
    - flags: top simplicial tested
    - normal:  -0.002746 7.792e-05        1
    - offset: -0.02634213
    - center: -0.05269569999999999 -0.029062 0.0261998 
    - vertices: p6161(v730) p5485(v448) p1487(v130)
    - neighboring facets: f2223 f5160 f3610
    - ridges:
- f3610
    - flags: top simplicial tested
    - normal:  -0.003939 -4.012e-05        1
    - offset: -0.02640864
    - center: -0.052721 -0.03399616666666667 0.0261998 
    - vertices: p6161(v730) p5406(v591) p5485(v448)
    - neighboring facets: f2944 f3609 f5163
    - ridges:
- f3611
    - flags: top simplicial
    - normal:   -0.8874 -3.323e-05    0.461
    - offset: -0.0595163
    - vertices: p540(v731) p4769(v450) p7337(v320)
    - neighboring facets: f2968 f4612 f3612
- f3612
    - flags: top simplicial
    - normal:   -0.8876 -2.495e-05   0.4607
    - offset: -0.05951671
    - vertices: p540(v731) p3023(v594) p4769(v450)
    - neighboring facets: f2954 f3611 f4193
- f3617
    - flags: bottom simplicial
    - normal:   -0.6161 -1.735e-05   0.7876
    - offset: -0.05341149
    - vertices: p8547(v732) p2251(v595) p5320(v451)
    - neighboring facets: f3633 f3620 f3622
- f3618
    - flags: bottom simplicial
    - normal:   -0.3609 -0.0003808   0.9326
    - offset: -0.04358736
    - vertices: p9965(v733) p357(v596) p1880(v129)
    - neighboring facets: f3624 f3621 f3619
- f3619
    - flags: top simplicial
    - normal:   -0.3948 -0.01026   0.9187
    - offset: -0.04541934
    - vertices: p9965(v733) p357(v596) p5320(v451)
    - neighboring facets: f2965 f3620 f3618
- f3620
    - flags: bottom simplicial
    - normal:   -0.5323 0.000161   0.8465
    - offset: -0.05045343
    - vertices: p9965(v733) p8547(v732) p5320(v451)
    - neighboring facets: f3617 f3619 f3622
- f3621
    - flags: top simplicial
    - normal:   -0.5062 0.001108   0.8624
    - offset: -0.04944003
    - vertices: p9965(v733) p2251(v595) p1880(v129)
    - neighboring facets: f2960 f3618 f3622
- f3622
    - flags: top simplicial
    - normal:   -0.5258 0.0005271   0.8506
    - offset: -0.05019805
    - vertices: p9965(v733) p8547(v732) p2251(v595)
    - neighboring facets: f3617 f3621 f3620
- f3623
    - flags: bottom simplicial
    - normal:   -0.2483 0.0007285   0.9687
    - offset: -0.03850285
    - vertices: p1407(v734) p9099(v334) p1880(v129)
    - neighboring facets: f2960 f3624 f3625
- f3624
    - flags: top simplicial
    - normal:   -0.2522 0.0006717   0.9677
    - offset: -0.0386855
    - vertices: p1407(v734) p357(v596) p1880(v129)
    - neighboring facets: f3618 f3623 f3628
- f3625
    - flags: top simplicial
    - normal:   -0.2173 0.0009325   0.9761
    - offset: -0.03704599
    - vertices: p1407(v734) p9099(v334) p380(v318)
    - neighboring facets: f2345 f3626 f3623
- f3626
    - flags: bottom simplicial
    - normal:   -0.1708 0.000353   0.9853
    - offset: -0.03484102
    - vertices: p1407(v734) p9342(v447) p380(v318)
    - neighboring facets: f2227 f3625 f3627
- f3627
    - flags: top simplicial
    - normal:   -0.1259 -0.002949    0.992
    - offset: -0.03276551
    - vertices: p1407(v734) p9342(v447) p5749(v213)
    - neighboring facets: f2226 f3628 f3626
- f3628
    - flags: bottom simplicial
    - normal:   -0.2954 -0.01467   0.9553
    - offset: -0.04126981
    - vertices: p1407(v734) p357(v596) p5749(v213)
    - neighboring facets: f2965 f3627 f3624
- f3629
    - flags: top simplicial
    - normal:    -0.803 0.001756    0.596
    - offset: -0.05840002
    - vertices: p4979(v735) p4769(v450) p7108(v215)
    - neighboring facets: f2954 f3637 f3630
- f3630
    - flags: top simplicial
    - normal:   -0.8338 -0.0002674    0.552
    - offset: -0.05898462
    - vertices: p4979(v735) p8327(v597) p4769(v450)
    - neighboring facets: f2968 f3629 f4196
- f3633
    - flags: top simplicial
    - normal:   -0.6862 -0.0002949   0.7274
    - offset: -0.05560435
    - vertices: p2377(v736) p2251(v595) p5320(v451)
    - neighboring facets: f3617 f3634 f3636
- f3634
    - flags: bottom simplicial
    - normal:   -0.7011 -0.0005241    0.713
    - offset: -0.05603735
    - vertices: p2377(v736) p8327(v597) p5320(v451)
    - neighboring facets: f2969 f3633 f4197
- f3636
    - flags: bottom simplicial
    - normal:   -0.6874 0.002303   0.7262
    - offset: -0.05556223
    - vertices: p2377(v736) p2251(v595) p7108(v215)
    - neighboring facets: f2961 f3637 f3633
- f3637
    - flags: top simplicial
    - normal:   -0.7755 0.001247   0.6314
    - offset: -0.05785343
    - vertices: p2377(v736) p4979(v735) p7108(v215)
    - neighboring facets: f3629 f3636 f4198
- f3638
    - flags: top simplicial
    - normal:  2.933e-06   0.6087   0.7934
    - offset: -0.007214565
    - vertices: p8600(v737) p9998(v322) p6153(v217)
    - neighboring facets: f1597 f3639 f3640
- f3639
    - flags: bottom simplicial
    - normal:  2.899e-06   0.6087   0.7934
    - offset: -0.0072146
    - vertices: p8600(v737) p2505(v599) p6153(v217)
    - neighboring facets: f2979 f3638 f3640
- f3640
    - flags: top simplicial
    - normal:  2.901e-06   0.6087   0.7934
    - offset: -0.007214521
    - vertices: p8600(v737) p2505(v599) p9998(v322)
    - neighboring facets: f2978 f3638 f3639
- f3641
    - flags: bottom simplicial
    - normal:  2.583e-06   0.5374   0.8433
    - offset: -0.009904512
    - vertices: p3117(v738) p2944(v219) p518(v75)
    - neighboring facets: f2283 f3642 f3643
- f3642
    - flags: top simplicial
    - normal:  6.673e-06   0.5376   0.8432
    - offset: -0.009899436
    - vertices: p3117(v738) p6675(v602) p518(v75)
    - neighboring facets: f2990 f3641 f3644
- f3643
    - flags: bottom simplicial
    - normal:  1.166e-06   0.5374   0.8433
    - offset: -0.009905023
    - vertices: p3117(v738) p8954(v607) p2944(v219)
    - neighboring facets: f3017 f3641 f4199
- f3644
    - flags: bottom simplicial
    - normal:  2.03e-05   0.5395    0.842
    - offset: -0.009830347
    - vertices: p3117(v738) p6675(v602) p3555(v455)
    - neighboring facets: f2991 f4200 f3642
- f3647
    - flags: top simplicial
    - normal:  0.0001053   0.3976   0.9176
    - offset: -0.01475332
    - vertices: p9450(v739) p2816(v603) p2830(v457)
    - neighboring facets: f2994 f3648 f3649
- f3648
    - flags: bottom simplicial
    - normal:  0.0001813   0.4073   0.9133
    - offset: -0.01442911
    - vertices: p9450(v739) p8782(v605) p2830(v457)
    - neighboring facets: f3054 f3647 f3650
- f3649
    - flags: bottom simplicial
    - normal:  3.619e-05   0.3874   0.9219
    - offset: -0.01508499
    - vertices: p9450(v739) p2816(v603) p5397(v218)
    - neighboring facets: f2995 f3650 f3647
- f3650
    - flags: top simplicial
    - normal:  0.0003737   0.4026   0.9154
    - offset: -0.01457842
    - vertices: p9450(v739) p8782(v605) p5397(v218)
    - neighboring facets: f3009 f3649 f3648
- f3651
    - flags: top simplicial
    - normal:  -0.001441   0.5419   0.8405
    - offset: -0.009815842
    - vertices: p1593(v740) p9530(v456) p1111(v131)
    - neighboring facets: f2265 f4615 f4205
- f3660
    - flags: bottom simplicial tested
    - normal:    0.1783 -0.01286   0.9839
    - offset: -0.02153986
    - center: -0.02675743333333333 -0.04450460000000001 0.0261602 
    - vertices: p2711(v742) p1973(v244) p7161(v50)
    - neighboring facets: f4784 f3661 f3662
- f3661
    - flags: top simplicial tested
    - normal:    0.1614 -0.006251   0.9869
    - offset: -0.02177869
    - center: -0.0267755 -0.04352343333333333 0.02617126666666666 
    - vertices: p2711(v742) p8861(v609) p7161(v50)
    - neighboring facets: f3029 f3660 f4213
- f3662
    - flags: bottom simplicial tested
    - normal:  0.0001955 -0.04685   0.9989
    - offset: -0.02825597
    - center: -0.02962353333333333 -0.04510619999999999 0.02617726666666667 
    - vertices: p2711(v742) p9251(v365) p1973(v244)
    - neighboring facets: f2571 f3660 f3663
- f3663
    - flags: bottom simplicial tested
    - normal:  7.044e-06 -0.04379    0.999
    - offset: -0.02812795
    - center: -0.03082436666666667 -0.04491596666666667 0.0261862 
    - vertices: p2711(v742) p4021(v513) p9251(v365)
    - neighboring facets: f2564 f3662 f3665
- f3664
    - flags: top simplicial tested
    - normal:  0.0001646 -0.02565   0.9997
    - offset: -0.02732818
    - center: -0.03010456666666667 -0.0445998 0.0261978 
    - vertices: p2711(v742) p2679(v670) p7118(v364)
    - neighboring facets: f5155 f4212 f3968
    - ridges:
- f3665
    - flags: top simplicial tested
    - normal:  8.918e-06 -0.04216   0.9991
    - offset: -0.02805657
    - center: -0.03617616666666667 -0.04470723333333334 0.02619533333333333 
    - vertices: p2711(v742) p4021(v513) p2381(v45)
    - neighboring facets: f2566 f4447 f3663
- f3682
    - flags: bottom simplicial
    - normal:  -1.318e-06   0.4618    0.887
    - offset: -0.01259091
    - vertices: p2475(v745) p8180(v604) p2830(v457)
    - neighboring facets: f3000 f3683 f4224
- f3683
    - flags: top simplicial
    - normal:  1.942e-07   0.4618    0.887
    - offset: -0.01259162
    - vertices: p2475(v745) p9309(v613) p2830(v457)
    - neighboring facets: f3054 f3682 f4227
- f3688
    - flags: bottom simplicial
    - normal:  -0.0003461   0.2189   0.9758
    - offset: -0.02029596
    - vertices: p5191(v746) p7429(v468) p595(v133)
    - neighboring facets: f2329 f4242 f4232
- f3690
    - flags: bottom simplicial
    - normal:  0.008279   0.1959   0.9806
    - offset: -0.02068249
    - vertices: p908(v747) p9543(v615) p5634(v331)
    - neighboring facets: f3063 f4244 f4234
- f3695
    - flags: bottom simplicial
    - normal:  8.31e-05   0.1221   0.9925
    - offset:  -0.023001
    - vertices: p5782(v748) p1766(v333) p3262(v221)
    - neighboring facets: f1661 f3696 f3697
- f3696
    - flags: top simplicial
    - normal:  9.789e-05   0.1229   0.9924
    - offset: -0.02297964
    - vertices: p5782(v748) p9543(v615) p3262(v221)
    - neighboring facets: f3065 f3695 f4235
- f3697
    - flags: bottom simplicial
    - normal:  -4.26e-06   0.1303   0.9915
    - offset: -0.02277987
    - vertices: p5782(v748) p9150(v470) p1766(v333)
    - neighboring facets: f2338 f3695 f4236
- f3705
    - flags: bottom simplicial
    - normal:  -4.657e-06   0.3818   0.9243
    - offset: -0.0152704
    - vertices: p5064(v749) p7089(v454) p7399(v42)
    - neighboring facets: f2988 f4254 f3706
- f3706
    - flags: top simplicial
    - normal:  -1.788e-06   0.3822   0.9241
    - offset: -0.01525677
    - vertices: p5064(v749) p7089(v454) p4780(v453)
    - neighboring facets: f4894 f4895 f3705
- f3708
    - flags: bottom simplicial
    - normal:  1.561e-05   0.2954   0.9554
    - offset: -0.01799596
    - vertices: p3635(v750) p7429(v468) p4889(v467)
    - neighboring facets: f2332 f3711 f3709
- f3709
    - flags: bottom simplicial
    - normal:  -4.095e-06   0.2965    0.955
    - offset: -0.01796344
    - vertices: p3635(v750) p4761(v618) p7429(v468)
    - neighboring facets: f3078 f3708 f3717
- f3711
    - flags: top simplicial
    - normal:  3.15e-06   0.3007   0.9537
    - offset: -0.01783268
    - vertices: p3635(v750) p8780(v617) p4889(v467)
    - neighboring facets: f3075 f3708 f3712
- f3712
    - flags: bottom simplicial
    - normal:  2.211e-06   0.3007   0.9537
    - offset: -0.01783235
    - vertices: p3635(v750) p8780(v617) p8514(v616)
    - neighboring facets: f3715 f3716 f3711
- f3713
    - flags: top simplicial
    - normal:  -0.0003369   0.2966    0.955
    - offset: -0.01797592
    - vertices: p7285(v751) p4761(v618) p10(v222)
    - neighboring facets: f3078 f4252 f3717
- f3715
    - flags: top simplicial
    - normal:  -1.591e-06   0.3009   0.9537
    - offset: -0.01782621
    - vertices: p7285(v751) p8780(v617) p8514(v616)
    - neighboring facets: f3712 f3716 f4253
- f3716
    - flags: bottom simplicial
    - normal:  6.345e-07   0.3007   0.9537
    - offset: -0.01783277
    - vertices: p7285(v751) p3635(v750) p8514(v616)
    - neighboring facets: f3712 f3715 f3717
- f3717
    - flags: top simplicial
    - normal:  -4.561e-07   0.3006   0.9537
    - offset: -0.01783534
    - vertices: p7285(v751) p3635(v750) p4761(v618)
    - neighboring facets: f3709 f3713 f3716
- f3725
    - flags: bottom simplicial
    - normal:  2.215e-06  -0.7934   0.6087
    - offset: -0.05445565
    - vertices: p3000(v754) p7052(v405) p2836(v277)
    - neighboring facets: f2735 f4259 f3726
- f3726
    - flags: bottom simplicial
    - normal:  1.332e-06  -0.7933   0.6088
    - offset: -0.05445526
    - vertices: p3000(v754) p9791(v753) p7052(v405)
    - neighboring facets: f4280 f3725 f4279
- f3730
    - flags: bottom simplicial
    - normal:  -1.826e-06  -0.7372   0.6756
    - offset: -0.05316958
    - vertices: p4362(v755) p2415(v474) p1970(v472)
    - neighboring facets: f3097 f3740 f3742
- f3739
    - flags: top simplicial
    - normal:  1.721e-06  -0.7373   0.6756
    - offset: -0.0531702
    - vertices: p8952(v756) p8124(v621) p1970(v472)
    - neighboring facets: f4284 f3740 f4263
- f3740
    - flags: bottom simplicial
    - normal:  -1.297e-06  -0.7372   0.6756
    - offset: -0.05316952
    - vertices: p8952(v756) p4362(v755) p1970(v472)
    - neighboring facets: f3730 f3739 f3742
- f3741
    - flags: bottom simplicial
    - normal:  3.851e-05   -0.705   0.7092
    - offset: -0.05234774
    - vertices: p8952(v756) p1585(v623) p2415(v474)
    - neighboring facets: f3103 f3742 f4649
- f3742
    - flags: top simplicial
    - normal:  -1.434e-06  -0.7372   0.6757
    - offset: -0.05316803
    - vertices: p8952(v756) p4362(v755) p2415(v474)
    - neighboring facets: f3730 f3741 f3740
- f3744
    - flags: top simplicial
    - normal:  -5.392e-05  -0.7932   0.6089
    - offset: -0.05445578
    - vertices: p7323(v757) p7052(v405) p6502(v226)
    - neighboring facets: f2732 f4275 f4281
- f3746
    - flags: bottom simplicial
    - normal:  -0.006017  -0.7553   0.6554
    - offset: -0.05389912
    - vertices: p7323(v757) p3581(v622) p2415(v474)
    - neighboring facets: f3097 f4276 f4282
- f3753
    - flags: bottom simplicial
    - normal:  -0.01083  -0.6046   0.7964
    - offset: -0.04998873
    - vertices: p9594(v759) p4888(v627) p1686(v336)
    - neighboring facets: f3118 f4680 f4290
- f3768
    - flags: bottom simplicial
    - normal:  0.0005289  -0.5279   0.8493
    - offset: -0.04697853
    - vertices: p7321(v762) p5946(v628) p476(v245)
    - neighboring facets: f3777 f4470 f3784
- f3775
    - flags: top simplicial
    - normal:   0.01018  -0.5891    0.808
    - offset: -0.04866282
    - vertices: p5411(v764) p8530(v629) p5946(v628)
    - neighboring facets: f3782 f3777 f4318
- f3776
    - flags: bottom simplicial
    - normal:   0.09015  -0.6005   0.7946
    - offset: -0.04670271
    - vertices: p5411(v764) p3609(v473) p476(v245)
    - neighboring facets: f4266 f3777 f4675
- f3777
    - flags: top simplicial
    - normal:   0.01726  -0.5834    0.812
    - offset: -0.04828336
    - vertices: p5411(v764) p5946(v628) p476(v245)
    - neighboring facets: f3768 f3776 f3775
- f3782
    - flags: bottom simplicial
    - normal:  0.004304  -0.5858   0.8104
    - offset: -0.04873318
    - vertices: p6097(v765) p8530(v629) p5946(v628)
    - neighboring facets: f3775 f3784 f4657
- f3784
    - flags: top simplicial
    - normal:  0.0004864  -0.5339   0.8455
    - offset: -0.04717955
    - vertices: p6097(v765) p7321(v762) p5946(v628)
    - neighboring facets: f3768 f3782 f4321
- f3785
    - flags: bottom simplicial
    - normal:  -0.004788    0.965   0.2623
    - offset: 0.01112565
    - vertices: p1857(v766) p3391(v483) p6550(v231)
    - neighboring facets: f2402 f4058 f3786
- f3786
    - flags: bottom simplicial
    - normal:  -0.0009809   0.9722   0.2343
    - offset: 0.01200015
    - vertices: p1857(v766) p7736(v630) p3391(v483)
    - neighboring facets: f3794 f3785 f3787
- f3787
    - flags: top simplicial
    - normal:  2.227e-06   0.9539   0.3003
    - offset: 0.01038899
    - vertices: p1857(v766) p7736(v630) p2615(v477)
    - neighboring facets: f3132 f3788 f3786
- f3788
    - flags: bottom simplicial
    - normal:  1.875e-06   0.9537   0.3007
    - offset: 0.01037892
    - vertices: p1857(v766) p1043(v631) p2615(v477)
    - neighboring facets: f3137 f3787 f4056
- f3793
    - flags: bottom simplicial
    - normal:  -2.761e-05   0.9756   0.2194
    - offset: 0.01240397
    - vertices: p187(v767) p7736(v630) p7673(v342)
    - neighboring facets: f3132 f4330 f3794
- f3794
    - flags: top simplicial
    - normal:  -0.0001241   0.9757   0.2192
    - offset:  0.0124038
    - vertices: p187(v767) p7736(v630) p3391(v483)
    - neighboring facets: f3786 f4328 f3793
- f3795
    - flags: bottom simplicial
    - normal:  9.319e-05   0.9004    0.435
    - offset: 0.006598102
    - vertices: p9284(v768) p9831(v634) p8646(v378)
    - neighboring facets: f3145 f3797 f3796
- f3796
    - flags: top simplicial
    - normal:  2.036e-05   0.8988   0.4384
    - offset: 0.006494011
    - vertices: p9284(v768) p9831(v634) p6182(v482)
    - neighboring facets: f3800 f3798 f3795
- f3797
    - flags: top simplicial
    - normal:  -5.552e-07   0.9238    0.383
    - offset: 0.008131603
    - vertices: p9284(v768) p6955(v683) p8646(v378)
    - neighboring facets: f4045 f3795 f3798
- f3798
    - flags: bottom simplicial
    - normal:  -2.261e-06   0.9236   0.3834
    - offset: 0.008118467
    - vertices: p9284(v768) p6955(v683) p6182(v482)
    - neighboring facets: f3406 f3796 f3797
- f3799
    - flags: top simplicial
    - normal:  -3.186e-05   0.8906   0.4548
    - offset: 0.005991599
    - vertices: p8199(v769) p100(v633) p6182(v482)
    - neighboring facets: f3141 f3800 f3802
- f3800
    - flags: bottom simplicial
    - normal:  -1.051e-05   0.8921   0.4518
    - offset: 0.006085563
    - vertices: p8199(v769) p9831(v634) p6182(v482)
    - neighboring facets: f3796 f3799 f3801
- f3801
    - flags: bottom simplicial
    - normal:  8.083e-07    0.887   0.4617
    - offset: 0.005780632
    - vertices: p8199(v769) p5040(v644) p9831(v634)
    - neighboring facets: f3848 f3800 f3803
- f3802
    - flags: bottom simplicial
    - normal:  -3.45e-06    0.887   0.4617
    - offset: 0.005779566
    - vertices: p8199(v769) p100(v633) p3626(v491)
    - neighboring facets: f3143 f3803 f3799
- f3803
    - flags: top simplicial
    - normal:  -2.718e-06    0.887   0.4617
    - offset: 0.00577936
    - vertices: p8199(v769) p5040(v644) p3626(v491)
    - neighboring facets: f3198 f3802 f3801
- f3804
    - flags: top simplicial
    - normal:  -5.062e-05    0.991   0.1341
    - offset: 0.01433825
    - vertices: p2356(v770) p2967(v143) p8630(v54)
    - neighboring facets: f3393 f3806 f3805
- f3805
    - flags: top simplicial
    - normal:  -0.000411   0.9873   0.1591
    - offset: 0.01377171
    - vertices: p2356(v770) p1578(v635) p2967(v143)
    - neighboring facets: f3811 f3804 f4694
- f3806
    - flags: bottom simplicial
    - normal:  7.938e-07   0.9914    0.131
    - offset: 0.01440767
    - vertices: p2356(v770) p792(v257) p8630(v54)
    - neighboring facets: f3392 f3804 f4697
- f3810
    - flags: top simplicial
    - normal:  -0.0009224   0.9838   0.1792
    - offset: 0.01329506
    - vertices: p8645(v771) p3391(v483) p2967(v143)
    - neighboring facets: f2403 f3811 f3812
- f3811
    - flags: bottom simplicial
    - normal:  -0.0008847   0.9841   0.1778
    - offset: 0.01332874
    - vertices: p8645(v771) p1578(v635) p2967(v143)
    - neighboring facets: f3805 f3810 f3812
- f3812
    - flags: top simplicial
    - normal:  -5.65e-05   0.9767   0.2144
    - offset: 0.01252009
    - vertices: p8645(v771) p1578(v635) p3391(v483)
    - neighboring facets: f3814 f3810 f3811
- f3813
    - flags: top simplicial
    - normal:  2.919e-07   0.9763   0.2164
    - offset: 0.01247559
    - vertices: p2722(v772) p1578(v635) p7673(v342)
    - neighboring facets: f4693 f4331 f3814
- f3814
    - flags: bottom simplicial
    - normal:  -7.229e-06   0.9763   0.2164
    - offset: 0.01247541
    - vertices: p2722(v772) p1578(v635) p3391(v483)
    - neighboring facets: f3812 f4329 f3813
- f3817
    - flags: bottom simplicial
    - normal:  -3.421e-07   0.7371   0.6758
    - offset: -0.001863149
    - vertices: p9824(v773) p6308(v445) p3889(v233)
    - neighboring facets: f3174 f4334 f3824
- f3821
    - flags: bottom simplicial
    - normal:  3.39e-06   0.7371   0.6758
    - offset: -0.001863544
    - vertices: p7813(v774) p7465(v637) p1516(v315)
    - neighboring facets: f3164 f3822 f3825
- f3822
    - flags: bottom simplicial
    - normal:  2.739e-06   0.7372   0.6757
    - offset: -0.001859845
    - vertices: p7813(v774) p1516(v315) p5189(v139)
    - neighboring facets: f2427 f3823 f3821
- f3823
    - flags: top simplicial
    - normal:  1.467e-06   0.7372   0.6757
    - offset: -0.001859053
    - vertices: p7813(v774) p6308(v445) p5189(v139)
    - neighboring facets: f3178 f3822 f3824
- f3824
    - flags: top simplicial
    - normal:  9.428e-07   0.7371   0.6757
    - offset: -0.00186267
    - vertices: p7813(v774) p9824(v773) p6308(v445)
    - neighboring facets: f3817 f3823 f3825
- f3825
    - flags: bottom simplicial
    - normal:  1.158e-06   0.7371   0.6758
    - offset: -0.001863289
    - vertices: p7813(v774) p9824(v773) p7465(v637)
    - neighboring facets: f4706 f3821 f3824
- f3829
    - flags: bottom simplicial
    - normal:  0.000528   0.6642   0.7476
    - offset: -0.004976532
    - vertices: p5018(v775) p5050(v216) p9225(v128)
    - neighboring facets: f2243 f3830 f4701
- f3830
    - flags: top simplicial
    - normal:  0.002101   0.6521   0.7582
    - offset: -0.005418149
    - vertices: p5018(v775) p5305(v487) p9225(v128)
    - neighboring facets: f2424 f3829 f4339
- f3831
    - flags: bottom simplicial
    - normal:  -3.696e-07   0.7374   0.6755
    - offset: -0.001852546
    - vertices: p4454(v776) p8754(v639) p5189(v139)
    - neighboring facets: f3178 f4346 f4344
- f3835
    - flags: bottom simplicial
    - normal:  -6.099e-05   0.7923   0.6101
    - offset: 0.0007085564
    - vertices: p4341(v777) p1004(v640) p2311(v144)
    - neighboring facets: f4355 f3837 f3836
- f3836
    - flags: top simplicial
    - normal:  -1.426e-05   0.7928   0.6095
    - offset: 0.0007345616
    - vertices: p4341(v777) p1004(v640) p331(v488)
    - neighboring facets: f3180 f3838 f3835
- f3837
    - flags: top simplicial
    - normal:  -0.001739   0.7617   0.6479
    - offset: -0.0008261405
    - vertices: p4341(v777) p8754(v639) p2311(v144)
    - neighboring facets: f3175 f3835 f3838
- f3838
    - flags: bottom simplicial
    - normal:  -0.0009461    0.755   0.6557
    - offset: -0.001098236
    - vertices: p4341(v777) p8754(v639) p331(v488)
    - neighboring facets: f4342 f3836 f3837
- f3841
    - flags: bottom simplicial
    - normal:  1.346e-05   0.7935   0.6086
    - offset: 0.0007684687
    - vertices: p829(v778) p9876(v489) p7346(v235)
    - neighboring facets: f2436 f4352 f4360
- f3847
    - flags: bottom simplicial
    - normal:  9.505e-06    0.887   0.4618
    - offset: 0.005778738
    - vertices: p379(v779) p5040(v644) p1198(v528)
    - neighboring facets: f3202 f3849 f3848
- f3848
    - flags: top simplicial
    - normal:  2.285e-06    0.887   0.4617
    - offset: 0.005780527
    - vertices: p379(v779) p5040(v644) p9831(v634)
    - neighboring facets: f3801 f3850 f3847
- f3849
    - flags: bottom simplicial
    - normal:  2.903e-05   0.8875   0.4608
    - offset: 0.00580898
    - vertices: p379(v779) p1198(v528) p7085(v254)
    - neighboring facets: f2630 f3850 f3847
- f3850
    - flags: top simplicial
    - normal:  2.276e-05   0.8876   0.4607
    - offset: 0.005812065
    - vertices: p379(v779) p9831(v634) p7085(v254)
    - neighboring facets: f3145 f3849 f3848
- f3851
    - flags: bottom simplicial
    - normal:  8.867e-06  -0.9915   0.1304
    - offset: -0.05458456
    - vertices: p866(v780) p7645(v494) p3182(v352)
    - neighboring facets: f3215 f3852 f3853
- f3852
    - flags: top simplicial
    - normal:  5.04e-05  -0.9916   0.1292
    - offset: -0.05456898
    - vertices: p866(v780) p7324(v645) p3182(v352)
    - neighboring facets: f3210 f3851 f3854
- f3853
    - flags: top simplicial
    - normal:  0.006047  -0.9933   0.1156
    - offset: -0.05422521
    - vertices: p866(v780) p7645(v494) p2854(v49)
    - neighboring facets: f4364 f3854 f3851
- f3854
    - flags: bottom simplicial
    - normal:  0.003164  -0.9941    0.108
    - offset: -0.05420549
    - vertices: p866(v780) p7324(v645) p2854(v49)
    - neighboring facets: f3206 f3853 f3852
- f3855
    - flags: top simplicial
    - normal:  -5.093e-06  -0.9915   0.1304
    - offset: -0.05458544
    - vertices: p7075(v781) p6557(v538) p3785(v351)
    - neighboring facets: f2689 f4729 f3857
- f3857
    - flags: bottom simplicial
    - normal:  -1.412e-06  -0.9915   0.1303
    - offset: -0.05458393
    - vertices: p7075(v781) p6557(v538) p3182(v352)
    - neighboring facets: f3210 f3858 f3855
- f3858
    - flags: top simplicial
    - normal:  1.234e-06  -0.9915   0.1304
    - offset: -0.05458519
    - vertices: p7075(v781) p6519(v646) p3182(v352)
    - neighboring facets: f3215 f3857 f4727
- f3863
    - flags: bottom simplicial
    - normal:  -3.394e-08   -0.976   0.2176
    - offset: -0.05548451
    - vertices: p6497(v783) p8634(v534) p7306(v384)
    - neighboring facets: f3425 f3866 f4930
- f3865
    - flags: bottom simplicial
    - normal:  -8.57e-05  -0.9661   0.2581
    - offset: -0.05578554
    - vertices: p6497(v783) p317(v688) p2789(v259)
    - neighboring facets: f3426 f5034 f3866
- f3866
    - flags: top simplicial
    - normal:  -1.038e-05  -0.9748   0.2232
    - offset: -0.05553135
    - vertices: p6497(v783) p317(v688) p7306(v384)
    - neighboring facets: f3425 f3863 f3865
- f3869
    - flags: bottom simplicial
    - normal:  -0.002041  -0.9879   0.1552
    - offset: -0.05497574
    - vertices: p4849(v784) p1003(v647) p3785(v351)
    - neighboring facets: f4924 f4376 f4381
- f3890
    - flags: bottom simplicial
    - normal:    0.4077  -0.9118  0.04849
    - offset:  -0.037931
    - vertices: p552(v788) p5552(v650) p2854(v49)
    - neighboring facets: f3236 f3892 f3891
- f3891
    - flags: top simplicial
    - normal:    0.5828  -0.8122   0.0261
    - offset: -0.02767851
    - vertices: p552(v788) p5552(v650) p7688(v498)
    - neighboring facets: f3234 f3894 f3890
- f3892
    - flags: top simplicial
    - normal:    0.2787  -0.9601  0.02369
    - offset: -0.04345741
    - vertices: p552(v788) p7327(v150) p2854(v49)
    - neighboring facets: f742 f3890 f3893
- f3893
    - flags: top simplicial
    - normal:     0.443  -0.8964  0.01439
    - offset: -0.03560238
    - vertices: p552(v788) p5689(v355) p7327(v150)
    - neighboring facets: f1770 f3892 f3894
- f3894
    - flags: top simplicial
    - normal:    0.5535  -0.8328 0.009726
    - offset:  -0.029254
    - center: -0.02669173333333334 -0.05281726666666667 0.004538766666666667 
    - vertices: p552(v788) p7688(v498) p5689(v355)
    - neighboring facets: f4746 f3893 f3891
- f3895
    - flags: bottom simplicial
    - normal:    0.7762  -0.5501   0.3081
    - offset: -0.01465232
    - vertices: p5319(v789) p988(v356) p2053(v27)
    - neighboring facets: f1773 f3896 f3897
- f3896
    - flags: top simplicial
    - normal:     0.624  -0.6195   0.4763
    - offset: -0.02597947
    - vertices: p5319(v789) p8114(v652) p2053(v27)
    - neighboring facets: f4268 f3895 f3899
- f3897
    - flags: bottom simplicial
    - normal:    0.4988  -0.7939   0.3477
    - offset: -0.03531351
    - vertices: p5319(v789) p8626(v502) p988(v356)
    - neighboring facets: f2502 f3895 f3898
- f3898
    - flags: bottom simplicial
    - normal:    0.3551  -0.8497   0.3897
    - offset: -0.0428974
    - vertices: p5319(v789) p762(v691) p8626(v502)
    - neighboring facets: f3442 f3897 f3899
- f3899
    - flags: top simplicial
    - normal:     0.335  -0.8318   0.4426
    - offset: -0.04369647
    - vertices: p5319(v789) p762(v691) p8114(v652)
    - neighboring facets: f4265 f3896 f3898
- f3905
    - flags: bottom simplicial
    - normal:    0.9442  -0.3293 0.0002517
    - offset: 0.007360883
    - vertices: p6391(v791) p6109(v503) p6150(v148)
    - neighboring facets: f2509 f3907 f3906
- f3906
    - flags: bottom simplicial
    - normal:    0.9341  -0.3571 6.026e-05
    - offset: 0.005658155
    - vertices: p6391(v791) p6102(v654) p6109(v503)
    - neighboring facets: f3254 f3905 f4763
- f3907
    - flags: top simplicial
    - normal:    0.9228  -0.3852 0.004456
    - offset: 0.003846922
    - vertices: p6391(v791) p3877(v500) p6150(v148)
    - neighboring facets: f2496 f3905 f4756
- f3911
    - flags: top simplicial
    - normal:    0.9652  -0.2617 4.268e-05
    - offset: 0.01141363
    - vertices: p4074(v792) p850(v357) p6150(v148)
    - neighboring facets: f2509 f4410 f3913
- f3913
    - flags: top simplicial
    - normal:    0.9752  -0.2213 -4.711e-05
    - offset: 0.01376451
    - vertices: p4074(v792) p2749(v655) p850(v357)
    - neighboring facets: f3276 f3911 f4411
- f3917
    - flags: bottom simplicial
    - normal:    0.9857  -0.1685 -5.694e-05
    - offset: 0.01677358
    - vertices: p2013(v793) p2749(v655) p3961(v505)
    - neighboring facets: f3273 f3918 f4768
- f3918
    - flags: top simplicial
    - normal:    0.9886  -0.1504 -1.805e-05
    - offset: 0.01778736
    - vertices: p2013(v793) p5232(v657) p3961(v505)
    - neighboring facets: f3920 f3917 f4409
- f3919
    - flags: top simplicial
    - normal:    0.9915  -0.1299 -4.785e-06
    - offset: 0.01892005
    - vertices: p9555(v794) p2865(v656) p3961(v505)
    - neighboring facets: f3272 f3920 f3921
- f3920
    - flags: bottom simplicial
    - normal:    0.9902  -0.1398 -8.826e-06
    - offset: 0.01837492
    - vertices: p9555(v794) p5232(v657) p3961(v505)
    - neighboring facets: f3918 f3919 f3921
- f3921
    - flags: top simplicial
    - normal:    0.9916  -0.1294 2.46e-06
    - offset:  0.0189507
    - vertices: p9555(v794) p5232(v657) p2865(v656)
    - neighboring facets: f3267 f3919 f3920
- f3924
    - flags: bottom simplicial
    - normal:    0.8535 -0.007555    0.521
    - offset: 0.008480938
    - vertices: p327(v795) p1175(v665) p3065(v509)
    - neighboring facets: f3958 f4418 f4416
- f3927
    - flags: top simplicial
    - normal:    0.9404  0.01608   0.3398
    - offset: 0.01619268
    - vertices: p5468(v796) p4843(v659) p3129(v508)
    - neighboring facets: f3299 f3947 f3930
- f3930
    - flags: top simplicial
    - normal:    0.8992 0.0009453   0.4376
    - offset: 0.01215578
    - vertices: p5468(v796) p327(v795) p4843(v659)
    - neighboring facets: f4414 f3927 f4420
- f3931
    - flags: top simplicial
    - normal:     0.955 3.854e-06   0.2966
    - offset:  0.0171702
    - vertices: p5468(v796) p1158(v663) p5412(v243)
    - neighboring facets: f3304 f4419 f3945
- f3933
    - flags: top simplicial tested
    - normal:     0.197 0.007212   0.9804
    - offset: -0.02015625
    - center: -0.0267719 -0.02984106666666667 0.02615903333333333 
    - vertices: p3939(v797) p8141(v461) p1650(v328)
    - neighboring facets: f5154 f3935 f3934
    - ridges:
- f3934
    - flags: top simplicial tested
    - normal:    0.2287 0.002414   0.9735
    - offset: -0.01928322
    - center: -0.02655626666666667 -0.0332204 0.02612943333333334 
    - vertices: p3939(v797) p2741(v660) p8141(v461)
    - neighboring facets: f3290 f3933 f4778
- f3935
    - flags: bottom simplicial tested
    - normal:    0.3108   0.0374   0.9497
    - offset: -0.01546127
    - center: -0.0265859 -0.02652646666666666 0.0260244 
    - vertices: p3939(v797) p3860(v507) p1650(v328)
    - neighboring facets: f2531 f3933 f3936
- f3936
    - flags: bottom simplicial tested
    - normal:    0.6517  0.02549   0.7581
    - offset: -0.001826313
    - center: -0.0262339 -0.02735346666666666 0.02588186666666666 
    - vertices: p3939(v797) p4843(v659) p3860(v507)
    - neighboring facets: f3295 f3935 f4774
- f3941
    - flags: bottom simplicial tested
    - normal:    0.9994 -0.0001235  0.03566
    - offset:  0.0249319
    - center: -0.02585106666666667 -0.0369992 0.02518696666666667 
    - vertices: p9039(v798) p3129(v508) p7526(v363)
    - neighboring facets: f3306 f5148 f3942
    - ridges:
- f3942
    - flags: bottom simplicial tested
    - normal:    0.9999 0.000196  0.01558
    - offset:  0.0254621
    - center: -0.02585106666666667 -0.03288453333333333 0.02517566666666667 
    - vertices: p9039(v798) p8647(v662) p3129(v508)
    - neighboring facets: f3301 f3941 f5149
    - ridges:
- f3943
    - flags: bottom simplicial
    - normal:    0.9741 -0.0003497    0.226
    - offset: 0.01945175
    - vertices: p1908(v799) p1158(v663) p3065(v509)
    - neighboring facets: f3304 f3944 f3945
- f3944
    - flags: top simplicial
    - normal:    0.9774 -0.0006021   0.2114
    - offset: 0.01989743
    - vertices: p1908(v799) p1185(v664) p3065(v509)
    - neighboring facets: f3307 f3943 f3946
- f3945
    - flags: bottom simplicial
    - normal:    0.9707 3.618e-05   0.2402
    - offset: 0.01901678
    - vertices: p1908(v799) p5468(v796) p1158(v663)
    - neighboring facets: f3931 f3943 f3947
- f3946
    - flags: bottom simplicial
    - normal:    0.9922 4.091e-05   0.1248
    - offset: 0.02249718
    - vertices: p1908(v799) p1185(v664) p3129(v508)
    - neighboring facets: f3306 f3947 f3944
- f3947
    - flags: top simplicial
    - normal:    0.9772 0.001558   0.2124
    - offset: 0.01994087
    - vertices: p1908(v799) p5468(v796) p3129(v508)
    - neighboring facets: f3927 f3946 f3945
- f3951
    - flags: top simplicial
    - normal:    0.1383  -0.4018   0.9052
    - offset: -0.03854397
    - vertices: p6521(v801) p4744(v667) p476(v245)
    - neighboring facets: f4267 f3952 f4792
- f3952
    - flags: bottom simplicial
    - normal:   0.00939  -0.4089   0.9125
    - offset: -0.04255208
    - vertices: p6521(v801) p1842(v515) p476(v245)
    - neighboring facets: f3982 f3951 f4804
- f3958
    - flags: top simplicial
    - normal:    0.8329 -0.03366   0.5523
    - offset: 0.005997179
    - vertices: p1446(v802) p1175(v665) p3065(v509)
    - neighboring facets: f3924 f3962 f4786
- f3962
    - flags: top simplicial
    - normal:     0.989 -0.007005   0.1479
    - offset:  0.0215347
    - center: -0.0258849 -0.04482513333333334 0.02535443333333333 
    - vertices: p1446(v802) p3065(v509) p7526(v363)
    - neighboring facets: f3307 f4431 f3958
- f3966
    - flags: bottom simplicial tested
    - normal:  -0.0001354 -0.002903        1
    - offset: -0.02633536
    - center: -0.04933419999999999 -0.04447690000000001 0.02619966666666667 
    - vertices: p3655(v803) p1142(v319) p2381(v45)
    - neighboring facets: f1582 f4448 f5157
    - ridges:
- f3968
    - flags: bottom simplicial tested
    - normal:  9.306e-05 -0.02893   0.9996
    - offset: -0.02747457
    - center: -0.0358996 -0.04462783333333333 0.0261978 
    - vertices: p3655(v803) p2711(v742) p2679(v670)
    - neighboring facets: f3664 f5153 f4449
    - ridges:
- f3969
    - flags: bottom simplicial
    - normal:  -0.08135  -0.1477   0.9857
    - offset: -0.03676418
    - vertices: p3927(v804) p2129(v514) p1999(v317)
    - neighboring facets: f2568 f4004 f4450
- f3972
    - flags: top simplicial
    - normal:  -0.0002569  -0.2145   0.9767
    - offset: -0.03534964
    - vertices: p3927(v804) p6500(v672) p3104(v590)
    - neighboring facets: f3973 f4475 f4810
- f3973
    - flags: bottom simplicial
    - normal:  -0.000153  -0.2133    0.977
    - offset: -0.03529474
    - vertices: p3184(v805) p6500(v672) p3104(v590)
    - neighboring facets: f3972 f4816 f4969
- f3982
    - flags: top simplicial
    - normal:  0.007971  -0.4162   0.9093
    - offset: -0.0428616
    - vertices: p6711(v807) p1842(v515) p476(v245)
    - neighboring facets: f3952 f3983 f4017
- f3983
    - flags: bottom simplicial
    - normal:  0.0006592  -0.4581   0.8889
    - offset: -0.04458269
    - vertices: p6711(v807) p8035(v673) p476(v245)
    - neighboring facets: f4467 f3982 f4018
- f3998
    - flags: bottom simplicial
    - normal:  0.0005993  -0.3014   0.9535
    - offset: -0.03877249
    - vertices: p4065(v810) p6521(v801) p2594(v366)
    - neighboring facets: f4794 f4800 f3999
- f3999
    - flags: top simplicial
    - normal:  0.0005562  -0.3028   0.9531
    - offset: -0.03882769
    - vertices: p4065(v810) p6521(v801) p172(v674)
    - neighboring facets: f4965 f4003 f3998
- f4002
    - flags: bottom simplicial
    - normal:  0.0005803  -0.2989   0.9543
    - offset: -0.03867678
    - vertices: p924(v811) p4065(v810) p8833(v154)
    - neighboring facets: f4799 f4010 f4003
- f4003
    - flags: top simplicial
    - normal:  0.0004917  -0.2968   0.9549
    - offset: -0.03859812
    - vertices: p924(v811) p4065(v810) p172(v674)
    - neighboring facets: f3999 f4008 f4002
- f4004
    - flags: bottom simplicial
    - normal:  -0.000947  -0.2326   0.9726
    - offset: -0.03611525
    - vertices: p700(v812) p3927(v804) p1999(v317)
    - neighboring facets: f3969 f4480 f4476
- f4008
    - flags: top simplicial
    - normal:  -2.045e-05  -0.2801     0.96
    - offset: -0.03796241
    - vertices: p700(v812) p924(v811) p172(v674)
    - neighboring facets: f4003 f4482 f4010
- f4010
    - flags: bottom simplicial
    - normal:  6.992e-05  -0.2724   0.9622
    - offset: -0.03765803
    - vertices: p700(v812) p924(v811) p8833(v154)
    - neighboring facets: f4002 f4478 f4008
- f4011
    - flags: bottom simplicial
    - normal:  -0.0004801  -0.3105   0.9506
    - offset: -0.03916498
    - vertices: p3570(v813) p172(v674) p5046(v516)
    - neighboring facets: f4481 f4012 f4484
- f4012
    - flags: top simplicial
    - normal:  -0.001401  -0.3298    0.944
    - offset: -0.0399499
    - vertices: p3570(v813) p3675(v675) p5046(v516)
    - neighboring facets: f3367 f4011 f4485
- f4017
    - flags: bottom simplicial
    - normal:  0.0001276  -0.4307   0.9025
    - offset: -0.04362842
    - vertices: p4193(v814) p6711(v807) p1842(v515)
    - neighboring facets: f3982 f4801 f4018
- f4018
    - flags: top simplicial
    - normal:  4.43e-05  -0.4503   0.8929
    - offset: -0.04432863
    - vertices: p4193(v814) p6711(v807) p8035(v673)
    - neighboring facets: f3983 f4491 f4017
- f4021
    - flags: bottom simplicial
    - normal:  -0.01809  -0.3666   0.9302
    - offset: -0.0421788
    - vertices: p7735(v815) p6931(v676) p4822(v82)
    - neighboring facets: f3365 f4495 f4022
- f4022
    - flags: top simplicial
    - normal:    -0.016  -0.3617   0.9321
    - offset: -0.04188664
    - vertices: p7735(v815) p6931(v676) p3675(v675)
    - neighboring facets: f3367 f4490 f4021
- f4027
    - flags: bottom simplicial
    - normal:   -0.6078   0.7941 -0.0003191
    - offset: -0.01882564
    - vertices: p4216(v816) p3940(v156) p7601(v29)
    - neighboring facets: f775 f4028 f4029
- f4028
    - flags: top simplicial
    - normal:    -0.616   0.7877 -0.0002131
    - offset: -0.01937507
    - vertices: p4216(v816) p7272(v678) p7601(v29)
    - neighboring facets: f3381 f4027 f4029
- f4029
    - flags: bottom simplicial
    - normal:   -0.5371   0.8435 -3.545e-06
    - offset: -0.01420288
    - vertices: p4216(v816) p7272(v678) p3940(v156)
    - neighboring facets: f3377 f4027 f4028
- f4030
    - flags: bottom simplicial
    - normal:  -1.802e-08    0.999  0.04365
    - offset: 0.01618921
    - vertices: p3700(v817) p3810(v680) p128(v525)
    - neighboring facets: f3388 f4032 f4033
- f4031
    - flags: top simplicial
    - normal:  -4.86e-07    0.999  0.04363
    - offset: 0.01618976
    - vertices: p3700(v817) p5242(v375) p7963(v373)
    - neighboring facets: f1870 f4032 f4035
- f4032
    - flags: bottom simplicial
    - normal:  -2.237e-07    0.999  0.04363
    - offset: 0.01618971
    - vertices: p3700(v817) p128(v525) p7963(v373)
    - neighboring facets: f2613 f4031 f4030
- f4033
    - flags: top simplicial
    - normal:  -6.555e-06   0.9989  0.04617
    - offset: 0.01613965
    - vertices: p3700(v817) p3810(v680) p9292(v253)
    - neighboring facets: f3390 f4034 f4030
- f4034
    - flags: bottom simplicial
    - normal:  -0.0008006   0.9945   0.1045
    - offset: 0.01492712
    - vertices: p3700(v817) p9739(v376) p9292(v253)
    - neighboring facets: f2619 f4033 f4035
- f4035
    - flags: top simplicial
    - normal:  -0.002285   0.9955  0.09457
    - offset: 0.01506136
    - vertices: p3700(v817) p9739(v376) p5242(v375)
    - neighboring facets: f1875 f4031 f4034
- f4036
    - flags: bottom simplicial
    - normal:  -3.981e-05   0.9919   0.1273
    - offset: 0.01448452
    - vertices: p6937(v818) p3848(v526) p9739(v376)
    - neighboring facets: f2619 f4037 f4038
- f4037
    - flags: top simplicial
    - normal:  -2.854e-05   0.9915   0.1298
    - offset: 0.01443142
    - vertices: p6937(v818) p1911(v681) p9739(v376)
    - neighboring facets: f3394 f4036 f4038
- f4038
    - flags: bottom simplicial
    - normal:  -3.574e-06   0.9915   0.1301
    - offset: 0.01442656
    - vertices: p6937(v818) p1911(v681) p3848(v526)
    - neighboring facets: f4042 f4036 f4037
- f4039
    - flags: top simplicial
    - normal:  1.877e-06   0.9915   0.1305
    - offset: 0.01441946
    - vertices: p5024(v819) p5767(v381) p792(v257)
    - neighboring facets: f2387 f4040 f4041
- f4040
    - flags: bottom simplicial
    - normal:  -3.608e-08   0.9914   0.1306
    - offset: 0.01441753
    - vertices: p5024(v819) p1911(v681) p792(v257)
    - neighboring facets: f3392 f4039 f4042
- f4041
    - flags: top simplicial
    - normal:  9.384e-07   0.9915   0.1304
    - offset: 0.01442134
    - vertices: p5024(v819) p3848(v526) p5767(v381)
    - neighboring facets: f2620 f4039 f4042
- f4042
    - flags: top simplicial
    - normal:  8.273e-07   0.9915   0.1304
    - offset: 0.01442139
    - vertices: p5024(v819) p1911(v681) p3848(v526)
    - neighboring facets: f4038 f4041 f4040
- f4043
    - flags: top simplicial
    - normal:  3.822e-06   0.9239   0.3827
    - offset: 0.008139114
    - vertices: p2012(v820) p157(v682) p8646(v378)
    - neighboring facets: f3397 f4045 f4044
- f4044
    - flags: bottom simplicial
    - normal:  5.202e-08   0.9239   0.3827
    - offset: 0.008139309
    - vertices: p2012(v820) p157(v682) p8036(v527)
    - neighboring facets: f3399 f4046 f4043
- f4045
    - flags: bottom simplicial
    - normal:  -4.496e-07   0.9238   0.3828
    - offset: 0.008134975
    - vertices: p2012(v820) p6955(v683) p8646(v378)
    - neighboring facets: f3797 f4043 f4046
- f4046
    - flags: top simplicial
    - normal:  -9.62e-07   0.9239   0.3828
    - offset: 0.008137744
    - vertices: p2012(v820) p6955(v683) p8036(v527)
    - neighboring facets: f3406 f4044 f4045
- f4047
    - flags: top simplicial
    - normal:  4.994e-05   0.9536    0.301
    - offset: 0.01037022
    - vertices: p3033(v821) p9854(v343) p4894(v95)
    - neighboring facets: f2376 f4048 f4054
- f4048
    - flags: bottom simplicial
    - normal:  0.002771   0.9477   0.3192
    - offset: 0.009970567
    - vertices: p3033(v821) p157(v682) p4894(v95)
    - neighboring facets: f3400 f4047 f4053
- f4051
    - flags: bottom simplicial
    - normal:  -0.0004969   0.9444   0.3288
    - offset: 0.009608932
    - vertices: p8595(v822) p1957(v636) p2973(v485)
    - neighboring facets: f4501 f4052 f4499
- f4052
    - flags: top simplicial
    - normal:  -1.05e-05   0.9254   0.3789
    - offset: 0.008246135
    - vertices: p8595(v822) p157(v682) p2973(v485)
    - neighboring facets: f3399 f4051 f4053
- f4053
    - flags: top simplicial
    - normal:  0.0004492   0.9457   0.3251
    - offset: 0.00974412
    - vertices: p8595(v822) p3033(v821) p157(v682)
    - neighboring facets: f4048 f4052 f4054
- f4054
    - flags: bottom simplicial
    - normal:  1.395e-05   0.9536   0.3011
    - offset: 0.01036754
    - vertices: p8595(v822) p3033(v821) p9854(v343)
    - neighboring facets: f4047 f4055 f4053
- f4055
    - flags: top simplicial
    - normal:  8.04e-06   0.9537   0.3008
    - offset:  0.0103745
    - vertices: p8595(v822) p1043(v631) p9854(v343)
    - neighboring facets: f3137 f4054 f4056
- f4056
    - flags: top simplicial
    - normal:  1.345e-06   0.9537   0.3007
    - offset: 0.01037789
    - vertices: p8595(v822) p1857(v766) p1043(v631)
    - neighboring facets: f3788 f4055 f4058
- f4058
    - flags: bottom simplicial
    - normal:  -7.192e-06   0.9537   0.3008
    - offset: 0.01037398
    - vertices: p8595(v822) p1857(v766) p6550(v231)
    - neighboring facets: f3785 f4498 f4056
- f4059
    - flags: bottom simplicial
    - normal:    0.1579   0.9875 -0.0003033
    - offset: 0.02101086
    - vertices: p6243(v823) p7961(v379) p6606(v256)
    - neighboring facets: f1889 f4060 f4502
- f4060
    - flags: top simplicial
    - normal:    0.1297   0.9916 3.149e-06
    - offset: 0.02033023
    - vertices: p6243(v823) p6894(v684) p6606(v256)
    - neighboring facets: f3409 f4059 f4503
- f4064
    - flags: bottom simplicial
    - normal:    0.1973   0.9803 8.367e-05
    - offset: 0.02194302
    - vertices: p1563(v824) p6894(v684) p1042(v530)
    - neighboring facets: f3408 f4508 f4505
- f4065
    - flags: bottom simplicial
    - normal:    0.5758   0.8176 0.001564
    - offset: 0.02916819
    - vertices: p7415(v825) p258(v685) p6526(v47)
    - neighboring facets: f3413 f4509 f4066
- f4066
    - flags: top simplicial
    - normal:    0.4824   0.8759 7.785e-06
    - offset: 0.02772194
    - vertices: p7415(v825) p258(v685) p644(v529)
    - neighboring facets: f4521 f4513 f4065
- f4071
    - flags: top simplicial
    - normal:    0.4471   0.8944  0.01106
    - offset: 0.02694679
    - vertices: p8965(v826) p258(v685) p1042(v530)
    - neighboring facets: f3414 f4515 f4519
- f4090
    - flags: top simplicial
    - normal:  -1.768e-06   -0.924   0.3823
    - offset: -0.05616245
    - vertices: p9400(v829) p9264(v262) p434(v165)
    - neighboring facets: f1302 f5009 f4844
- f4095
    - flags: top simplicial
    - normal:  -0.001656  -0.9072   0.4207
    - offset: -0.05619094
    - vertices: p75(v830) p7015(v690) p4036(v260)
    - neighboring facets: f3436 f5004 f4853
- f4097
    - flags: top simplicial
    - normal:  0.002546  -0.8756    0.483
    - offset: -0.05576042
    - vertices: p6058(v831) p762(v691) p5101(v536)
    - neighboring facets: f3442 f5003 f4104
- f4098
    - flags: top simplicial
    - normal:  -1.424e-05  -0.8801   0.4747
    - offset: -0.05589065
    - vertices: p6058(v831) p8940(v403) p3254(v180)
    - neighboring facets: f2009 f4862 f4099
- f4099
    - flags: bottom simplicial
    - normal:  -1.082e-07   -0.887   0.4618
    - offset: -0.05595652
    - vertices: p6058(v831) p8940(v403) p2744(v62)
    - neighboring facets: f2008 f5006 f4098
- f4104
    - flags: bottom simplicial
    - normal:  0.0005556  -0.8528   0.5222
    - offset: -0.05551687
    - vertices: p5594(v832) p6058(v831) p762(v691)
    - neighboring facets: f4097 f4549 f4866
- f4110
    - flags: bottom simplicial
    - normal:  0.000313  -0.3728  -0.9279
    - offset: -0.04151265
    - vertices: p1243(v833) p5590(v268) p1782(v103)
    - neighboring facets: f1328 f4874 f4112
- f4111
    - flags: bottom simplicial
    - normal:  -0.0001365  -0.3921  -0.9199
    - offset: -0.04224286
    - vertices: p1243(v833) p3752(v695) p2770(v398)
    - neighboring facets: f4118 f4113 f4555
- f4112
    - flags: top simplicial
    - normal:  -0.0002396  -0.3738  -0.9275
    - offset: -0.0415659
    - vertices: p1243(v833) p5590(v268) p94(v173)
    - neighboring facets: f1329 f4114 f4110
- f4113
    - flags: bottom simplicial
    - normal:  -0.0003735   -0.383  -0.9237
    - offset: -0.04191506
    - vertices: p1243(v833) p2770(v398) p9392(v33)
    - neighboring facets: f1986 f4114 f4111
- f4114
    - flags: top simplicial
    - normal:  -0.0003629  -0.3813  -0.9244
    - offset: -0.04185112
    - vertices: p1243(v833) p94(v173) p9392(v33)
    - neighboring facets: f853 f4113 f4112
- f4115
    - flags: top simplicial
    - normal:  -7.799e-05  -0.4411  -0.8974
    - offset: -0.04401899
    - vertices: p8769(v834) p7495(v697) p4681(v179)
    - neighboring facets: f3468 f4117 f4116
- f4116
    - flags: bottom simplicial
    - normal:  -0.0001005  -0.4422  -0.8969
    - offset: -0.04405639
    - vertices: p8769(v834) p7495(v697) p2770(v398)
    - neighboring facets: f3470 f4118 f4115
- f4117
    - flags: bottom simplicial
    - normal:  -2.43e-05  -0.4162  -0.9093
    - offset: -0.04312045
    - vertices: p8769(v834) p3752(v695) p4681(v179)
    - neighboring facets: f4557 f4115 f4118
- f4118
    - flags: top simplicial
    - normal:  -5.267e-05  -0.4111  -0.9116
    - offset: -0.04293593
    - vertices: p8769(v834) p3752(v695) p2770(v398)
    - neighboring facets: f4111 f4116 f4117
- f4119
    - flags: top simplicial
    - normal:    0.9802    0.198 -9.169e-05
    - offset: 0.02888262
    - vertices: p980(v835) p3328(v704) p6551(v554)
    - neighboring facets: f3502 f4559 f4120
- f4120
    - flags: bottom simplicial
    - normal:    0.9749   0.2226 2.301e-05
    - offset: 0.02918338
    - vertices: p980(v835) p3328(v704) p963(v555)
    - neighboring facets: f3517 f4560 f4119
- f4123
    - flags: top simplicial
    - normal:    0.8006   0.5992 5.235e-05
    - offset: 0.03128317
    - vertices: p2322(v836) p2211(v285) p7678(v189)
    - neighboring facets: f2753 f4565 f4124
- f4124
    - flags: top simplicial
    - normal:     0.809   0.5878 9.545e-05
    - offset: 0.03130441
    - vertices: p2322(v836) p4283(v705) p2211(v285)
    - neighboring facets: f3507 f4123 f4568
- f4129
    - flags: bottom simplicial
    - normal:  -2.482e-05   0.9794  -0.2018
    - offset: 0.01281317
    - vertices: p3139(v837) p1353(v559) p8488(v289)
    - neighboring facets: f2786 f4570 f4131
- f4131
    - flags: bottom simplicial
    - normal:   1.5e-05   0.9798     -0.2
    - offset: 0.01285632
    - vertices: p3139(v837) p6462(v711) p1353(v559)
    - neighboring facets: f3530 f4129 f4571
- f4132
    - flags: top simplicial
    - normal:  9.203e-06   0.9724  -0.2334
    - offset:  0.0120624
    - vertices: p8058(v838) p637(v712) p5032(v112)
    - neighboring facets: f3535 f4134 f4574
- f4134
    - flags: bottom simplicial
    - normal:  -3.125e-05    0.975  -0.2223
    - offset: 0.01232746
    - vertices: p8058(v838) p1353(v559) p5032(v112)
    - neighboring facets: f2783 f4132 f4135
- f4135
    - flags: top simplicial
    - normal:  -3.967e-05    0.975  -0.2223
    - offset: 0.01232792
    - vertices: p8058(v838) p1353(v559) p9939(v418)
    - neighboring facets: f2786 f4573 f4134
- f4136
    - flags: bottom simplicial
    - normal:  7.395e-06    0.968  -0.2511
    - offset: 0.01162981
    - vertices: p4926(v839) p1178(v580) p6690(v202)
    - neighboring facets: f3588 f4137 f4138
- f4137
    - flags: top simplicial
    - normal:  3.57e-06   0.9684  -0.2494
    - offset: 0.01167129
    - vertices: p4926(v839) p8988(v713) p6690(v202)
    - neighboring facets: f3537 f4136 f4138
- f4138
    - flags: bottom simplicial
    - normal:  1.773e-05   0.9682  -0.2502
    - offset: 0.01165254
    - vertices: p4926(v839) p8988(v713) p1178(v580)
    - neighboring facets: f3540 f4136 f4137
- f4139
    - flags: top simplicial
    - normal:  -0.0004365   0.9561   -0.293
    - offset: 0.01055108
    - vertices: p1324(v840) p1819(v562) p5957(v423)
    - neighboring facets: f2835 f4140 f4576
- f4140
    - flags: bottom simplicial
    - normal:  -0.0001895    0.956  -0.2933
    - offset: 0.01055484
    - vertices: p1324(v840) p590(v714) p5957(v423)
    - neighboring facets: f4591 f4139 f4142
- f4142
    - flags: top simplicial
    - normal:  -7.886e-06   0.9595  -0.2818
    - offset: 0.01085799
    - vertices: p1324(v840) p590(v714) p4025(v20)
    - neighboring facets: f3543 f4578 f4140
- f4144
    - flags: bottom simplicial
    - normal:  3.249e-05   0.9629  -0.2698
    - offset: 0.01116401
    - vertices: p5148(v841) p292(v715) p1168(v433)
    - neighboring facets: f3546 f4146 f4577
- f4145
    - flags: bottom simplicial
    - normal:  0.0003924   0.9643  -0.2649
    - offset: 0.01129908
    - vertices: p5148(v841) p8989(v302) p4025(v20)
    - neighboring facets: f1505 f4579 f4146
- f4146
    - flags: bottom simplicial
    - normal:  0.0002171   0.9648  -0.2632
    - offset: 0.01133681
    - vertices: p5148(v841) p1168(v433) p8989(v302)
    - neighboring facets: f2897 f4145 f4144
- f4152
    - flags: bottom simplicial
    - normal:  -0.0001062   0.9465  -0.3226
    - offset: 0.009788891
    - vertices: p6586(v843) p4646(v568) p5957(v423)
    - neighboring facets: f2835 f4153 f4154
- f4153
    - flags: top simplicial
    - normal:  -6.733e-05   0.9465  -0.3227
    - offset: 0.009787621
    - vertices: p6586(v843) p9141(v717) p5957(v423)
    - neighboring facets: f4160 f4152 f4154
- f4154
    - flags: bottom simplicial
    - normal:  -3.312e-05   0.9444  -0.3288
    - offset: 0.009624628
    - vertices: p6586(v843) p9141(v717) p4646(v568)
    - neighboring facets: f4585 f4152 f4153
- f4155
    - flags: top simplicial
    - normal:  0.0006616   0.9495  -0.3136
    - offset: 0.01005258
    - vertices: p9525(v844) p5937(v293) p4025(v20)
    - neighboring facets: f1459 f4156 f4583
- f4156
    - flags: bottom simplicial
    - normal:  0.0006361   0.9496  -0.3134
    - offset: 0.01005811
    - vertices: p9525(v844) p8328(v569) p4025(v20)
    - neighboring facets: f3543 f4155 f4590
- f4160
    - flags: bottom simplicial
    - normal:  -1.112e-05   0.9474    -0.32
    - offset: 0.00986286
    - vertices: p9525(v844) p9141(v717) p5957(v423)
    - neighboring facets: f4153 f4589 f4587
- f4161
    - flags: top simplicial
    - normal:  -7.926e-06   0.9122  -0.4098
    - offset: 0.007345911
    - vertices: p0(v845) p9157(v570) p8345(v424)
    - neighboring facets: f2842 f4162 f4163
- f4162
    - flags: bottom simplicial
    - normal:  -0.000133   0.9102  -0.4142
    - offset: 0.007211717
    - vertices: p0(v845) p1238(v719) p8345(v424)
    - neighboring facets: f3561 f4161 f4168
- f4163
    - flags: bottom simplicial
    - normal:  0.0001376   0.9051  -0.4252
    - offset: 0.006896317
    - vertices: p0(v845) p9157(v570) p9347(v425)
    - neighboring facets: f2843 f4167 f4161
- f4165
    - flags: bottom simplicial
    - normal:  1.889e-05   0.8984  -0.4391
    - offset: 0.006471197
    - vertices: p3627(v846) p9347(v425) p5583(v294)
    - neighboring facets: f2851 f4166 f4167
- f4166
    - flags: top simplicial
    - normal:  2.022e-06   0.8977  -0.4406
    - offset: 0.006423804
    - vertices: p3627(v846) p1238(v719) p5583(v294)
    - neighboring facets: f3563 f4165 f4168
- f4167
    - flags: bottom simplicial
    - normal:  8.87e-05   0.9032  -0.4291
    - offset: 0.006774495
    - vertices: p3627(v846) p0(v845) p9347(v425)
    - neighboring facets: f4163 f4165 f4168
- f4168
    - flags: top simplicial
    - normal:  5.708e-06   0.9035  -0.4286
    - offset: 0.006788774
    - vertices: p3627(v846) p0(v845) p1238(v719)
    - neighboring facets: f4162 f4166 f4167
- f4169
    - flags: top simplicial
    - normal:  -1.178e-05   0.8806  -0.4739
    - offset: 0.005388685
    - vertices: p9916(v847) p3538(v573) p6128(v426)
    - neighboring facets: f2852 f4170 f4875
- f4170
    - flags: bottom simplicial
    - normal:  -7.805e-05   0.8795   -0.476
    - offset: 0.005320171
    - vertices: p9916(v847) p7028(v720) p6128(v426)
    - neighboring facets: f3566 f4169 f4877
- f4172
    - flags: top simplicial
    - normal:  5.939e-07    0.844  -0.5363
    - offset: 0.003346712
    - vertices: p5701(v848) p8477(v571) p5387(v117)
    - neighboring facets: f4184 f4599 f4594
- f4180
    - flags: bottom simplicial
    - normal:  3.571e-06   0.7934  -0.6087
    - offset: 0.0007625621
    - vertices: p8333(v849) p4767(v296) p6594(v118)
    - neighboring facets: f3583 f4608 f4610
- f4181
    - flags: bottom simplicial
    - normal:  4.457e-06   0.8434  -0.5373
    - offset: 0.003315164
    - vertices: p9606(v850) p1354(v577) p6297(v430)
    - neighboring facets: f2875 f4182 f4183
- f4182
    - flags: top simplicial
    - normal:  2.56e-07   0.8434  -0.5373
    - offset: 0.003313296
    - vertices: p9606(v850) p3437(v722) p6297(v430)
    - neighboring facets: f3574 f4181 f4185
- f4183
    - flags: top simplicial
    - normal:  5.956e-06   0.8435  -0.5372
    - offset: 0.00331705
    - vertices: p9606(v850) p1354(v577) p5387(v117)
    - neighboring facets: f2871 f4184 f4181
- f4184
    - flags: bottom simplicial
    - normal:  8.881e-07   0.8435  -0.5371
    - offset: 0.003318764
    - vertices: p9606(v850) p8477(v571) p5387(v117)
    - neighboring facets: f4172 f4183 f4185
- f4185
    - flags: bottom simplicial
    - normal:  -2.629e-07   0.8434  -0.5372
    - offset: 0.003315851
    - vertices: p9606(v850) p3437(v722) p8477(v571)
    - neighboring facets: f3576 f4184 f4182
- f4186
    - flags: bottom simplicial
    - normal:   -0.9281   0.3724 2.03e-05
    - offset: -0.04334581
    - vertices: p107(v851) p7158(v725) p4120(v53)
    - neighboring facets: f3591 f4188 f4187
- f4187
    - flags: top simplicial
    - normal:   -0.9279   0.3729 0.000133
    - offset: -0.04332591
    - vertices: p107(v851) p7158(v725) p2791(v581)
    - neighboring facets: f3590 f4190 f4186
- f4188
    - flags: bottom simplicial
    - normal:   -0.9373   0.3485 -2.251e-05
    - offset: -0.04426365
    - vertices: p107(v851) p4120(v53) p7864(v7)
    - neighboring facets: f604 f4189 f4186
- f4189
    - flags: top simplicial
    - normal:   -0.9526   0.3041 -2.783e-06
    - offset: -0.04587256
    - vertices: p107(v851) p7970(v305) p7864(v7)
    - neighboring facets: f1517 f4188 f4190
- f4190
    - flags: top simplicial
    - normal:   -0.9527   0.3038 -2.494e-06
    - offset: -0.04588187
    - vertices: p107(v851) p2791(v581) p7970(v305)
    - neighboring facets: f2905 f4189 f4187
- f4191
    - flags: bottom simplicial
    - normal:   -0.9546 0.001764   0.2978
    - offset: -0.05889444
    - vertices: p8503(v852) p3023(v594) p9186(v309)
    - neighboring facets: f2956 f4192 f4193
- f4192
    - flags: top simplicial
    - normal:   -0.9818 0.0004649   0.1899
    - offset: -0.05765799
    - vertices: p8503(v852) p270(v727) p9186(v309)
    - neighboring facets: f3600 f4191 f4194
- f4193
    - flags: bottom simplicial
    - normal:   -0.9514  0.00119   0.3079
    - offset: -0.05899551
    - vertices: p8503(v852) p540(v731) p3023(v594)
    - neighboring facets: f3612 f4191 f4614
- f4194
    - flags: bottom simplicial
    - normal:   -0.9631 -0.0007403   0.2692
    - offset: -0.05870129
    - vertices: p8503(v852) p270(v727) p7337(v320)
    - neighboring facets: f3596 f4613 f4192
- f4196
    - flags: bottom simplicial
    - normal:   -0.7874 3.952e-05   0.6165
    - offset: -0.05814581
    - vertices: p3010(v853) p4979(v735) p8327(v597)
    - neighboring facets: f3630 f4197 f4198
- f4197
    - flags: top simplicial
    - normal:   -0.7625 0.0001598    0.647
    - offset: -0.05759431
    - vertices: p3010(v853) p2377(v736) p8327(v597)
    - neighboring facets: f3634 f4196 f4198
- f4198
    - flags: bottom simplicial
    - normal:   -0.7648 0.0002276   0.6443
    - offset: -0.0576451
    - vertices: p3010(v853) p2377(v736) p4979(v735)
    - neighboring facets: f3637 f4196 f4197
- f4199
    - flags: top simplicial
    - normal:  -2.893e-06   0.5377   0.8431
    - offset: -0.009894438
    - vertices: p2365(v854) p3117(v738) p8954(v607)
    - neighboring facets: f3643 f4618 f4200
- f4200
    - flags: bottom simplicial
    - normal:  -2.384e-06   0.5389   0.8424
    - offset: -0.009853039
    - vertices: p2365(v854) p3117(v738) p3555(v455)
    - neighboring facets: f3644 f4204 f4199
- f4203
    - flags: bottom simplicial
    - normal:  -9.26e-05    0.569   0.8223
    - offset: -0.008743551
    - vertices: p2365(v854) p6153(v217) p1111(v131)
    - neighboring facets: f2979 f4616 f4204
- f4204
    - flags: bottom simplicial
    - normal:  -2.626e-05   0.5514   0.8343
    - offset: -0.009397251
    - vertices: p2365(v854) p3555(v455) p6153(v217)
    - neighboring facets: f2991 f4203 f4200
- f4205
    - flags: bottom simplicial
    - normal:  -0.000285   0.5365   0.8439
    - offset: -0.009955082
    - vertices: p6008(v855) p1593(v740) p9530(v456)
    - neighboring facets: f3651 f4207 f4210
- f4207
    - flags: bottom simplicial
    - normal:  -0.000246   0.4767   0.8791
    - offset: -0.01209097
    - vertices: p6008(v855) p9530(v456) p7379(v220)
    - neighboring facets: f2266 f4620 f4205
- f4208
    - flags: top simplicial
    - normal:  4.901e-07   0.5373   0.8434
    - offset: -0.009910125
    - vertices: p6008(v855) p3482(v459) p3334(v327)
    - neighboring facets: f2284 f4621 f4209
- f4209
    - flags: top simplicial
    - normal:  -7.65e-07   0.5373   0.8434
    - offset: -0.00990865
    - vertices: p6008(v855) p8954(v607) p3482(v459)
    - neighboring facets: f3017 f4208 f4210
- f4210
    - flags: top simplicial
    - normal:  -1.386e-05   0.5373   0.8434
    - offset: -0.009908507
    - vertices: p6008(v855) p1593(v740) p8954(v607)
    - neighboring facets: f4617 f4209 f4205
- f4212
    - flags: top simplicial tested
    - normal:    0.0151 -0.007109   0.9999
    - offset: -0.02610069
    - center: -0.0270702 -0.04436976666666667 0.0261978 
    - vertices: p3269(v856) p2711(v742) p7118(v364)
    - neighboring facets: f3664 f5164 f4213
    - ridges:
- f4213
    - flags: bottom simplicial tested
    - normal:    0.1083 -0.005116   0.9941
    - offset: -0.02334878
    - center: -0.02694736666666667 -0.04366256666666667 0.0261978 
    - vertices: p3269(v856) p2711(v742) p8861(v609)
    - neighboring facets: f3661 f5165 f4212
    - ridges:
- f4214
    - flags: bottom simplicial tested
    - normal:  0.0007403  0.01717   0.9999
    - offset: -0.02573851
    - center: -0.03194643333333333 -0.02503663333333334 0.0261959 
    - vertices: p2851(v857) p5677(v744) p9445(v462)
    - neighboring facets: f5162 f4216 f4622
    - ridges:
- f4216
    - flags: top simplicial tested
    - normal:  0.002854  0.01524   0.9999
    - offset: -0.02572695
    - center: -0.0284137 -0.02523566666666667 0.0261959 
    - vertices: p2851(v857) p2959(v611) p9445(v462)
    - neighboring facets: f5161 f4214 f4217
    - ridges:
- f4217
    - flags: bottom simplicial tested
    - normal:   0.03179  0.02668   0.9991
    - offset: -0.02460536
    - center: -0.0281348 -0.02487666666666667 0.02618613333333334 
    - vertices: p2851(v857) p2959(v611) p3262(v221)
    - neighboring facets: f3039 f5013 f4216
- f4220
    - flags: top simplicial tested
    - normal:  -0.0006575  0.03745   0.9993
    - offset: -0.02527577
    - center: -0.04995076666666667 -0.02484356666666666 0.02619163333333334 
    - vertices: p2613(v858) p3417(v610) p9564(v77)
    - neighboring facets: f3036 f4882 f4630
- f4223
    - flags: top simplicial
    - normal:  -2.443e-06   0.4618    0.887
    - offset: -0.01258987
    - vertices: p1450(v859) p8180(v604) p7223(v460)
    - neighboring facets: f3001 f4225 f4224
- f4224
    - flags: top simplicial
    - normal:  -1.775e-06   0.4618    0.887
    - offset: -0.01259039
    - vertices: p1450(v859) p2475(v745) p8180(v604)
    - neighboring facets: f3682 f4223 f4227
- f4225
    - flags: bottom simplicial
    - normal:  -3.674e-06   0.4619   0.8869
    - offset: -0.01258751
    - vertices: p1450(v859) p2769(v608) p7223(v460)
    - neighboring facets: f3026 f4223 f4229
- f4226
    - flags: bottom simplicial
    - normal:  3.281e-06   0.4621   0.8868
    - offset: -0.01258058
    - vertices: p1450(v859) p9309(v613) p3334(v327)
    - neighboring facets: f3053 f4228 f4227
- f4227
    - flags: bottom simplicial
    - normal:  3.088e-07   0.4618    0.887
    - offset: -0.01258898
    - vertices: p1450(v859) p2475(v745) p9309(v613)
    - neighboring facets: f3683 f4226 f4224
- f4228
    - flags: bottom simplicial
    - normal:  -9.045e-06   0.4627   0.8865
    - offset: -0.01256111
    - vertices: p1450(v859) p3334(v327) p7379(v220)
    - neighboring facets: f4619 f4229 f4226
- f4229
    - flags: top simplicial
    - normal:  -6.678e-06   0.4623   0.8867
    - offset: -0.01257498
    - vertices: p1450(v859) p2769(v608) p7379(v220)
    - neighboring facets: f3026 f4228 f4225
- f4232
    - flags: top simplicial
    - normal:  -6.856e-06   0.2167   0.9762
    - offset: -0.02034376
    - vertices: p3727(v860) p5191(v746) p7429(v468)
    - neighboring facets: f3688 f4642 f4640
- f4234
    - flags: top simplicial
    - normal:  0.004543   0.1815   0.9834
    - offset: -0.02120815
    - vertices: p246(v861) p908(v747) p9543(v615)
    - neighboring facets: f3690 f4235 f4241
- f4235
    - flags: bottom simplicial
    - normal:  5.167e-06   0.1304   0.9915
    - offset: -0.02277652
    - vertices: p246(v861) p5782(v748) p9543(v615)
    - neighboring facets: f3696 f4234 f4236
- f4236
    - flags: top simplicial
    - normal:  -6.811e-07   0.1305   0.9914
    - offset: -0.0227743
    - vertices: p246(v861) p5782(v748) p9150(v470)
    - neighboring facets: f3697 f4635 f4235
- f4240
    - flags: top simplicial
    - normal:  0.002088   0.1806   0.9835
    - offset: -0.02130884
    - vertices: p706(v862) p246(v861) p7935(v466)
    - neighboring facets: f4889 f4637 f4241
- f4241
    - flags: bottom simplicial
    - normal:    0.0023   0.1817   0.9834
    - offset: -0.02127185
    - vertices: p706(v862) p246(v861) p908(v747)
    - neighboring facets: f4234 f4244 f4240
- f4242
    - flags: bottom simplicial
    - normal:  -1.305e-06   0.2162   0.9764
    - offset: -0.02035828
    - vertices: p706(v862) p5191(v746) p595(v133)
    - neighboring facets: f3688 f4636 f4639
- f4244
    - flags: bottom simplicial
    - normal:  2.527e-05   0.2164   0.9763
    - offset: -0.02035119
    - vertices: p706(v862) p908(v747) p5634(v331)
    - neighboring facets: f3690 f4638 f4241
- f4245
    - flags: bottom simplicial
    - normal:  0.001776   0.3541   0.9352
    - offset: -0.01610983
    - vertices: p2219(v863) p5064(v749) p8780(v617)
    - neighboring facets: f4251 f4247 f4646
- f4246
    - flags: top simplicial
    - normal:   0.01509   0.2787   0.9603
    - offset: -0.01803616
    - vertices: p2219(v863) p8316(v465) p5634(v331)
    - neighboring facets: f3063 f4247 f4644
- f4247
    - flags: bottom simplicial
    - normal:   0.01467   0.2797     0.96
    - offset: -0.01801903
    - vertices: p2219(v863) p8780(v617) p5634(v331)
    - neighboring facets: f3075 f4246 f4245
- f4251
    - flags: top simplicial
    - normal:  0.000222   0.3238   0.9461
    - offset: -0.01711436
    - vertices: p5748(v864) p5064(v749) p8780(v617)
    - neighboring facets: f4245 f4253 f4254
- f4252
    - flags: top simplicial
    - normal:  -7.704e-06   0.3011   0.9536
    - offset: -0.01782014
    - vertices: p5748(v864) p7285(v751) p10(v222)
    - neighboring facets: f3713 f4256 f4253
- f4253
    - flags: bottom simplicial
    - normal:  -2.237e-06    0.301   0.9536
    - offset: -0.01782478
    - vertices: p5748(v864) p7285(v751) p8780(v617)
    - neighboring facets: f3715 f4251 f4252
- f4254
    - flags: bottom simplicial
    - normal:  -3.575e-05   0.3694   0.9293
    - offset: -0.01567506
    - vertices: p5748(v864) p5064(v749) p7399(v42)
    - neighboring facets: f3705 f4255 f4251
- f4255
    - flags: top simplicial
    - normal:  -7.014e-05   0.3698   0.9291
    - offset: -0.01566251
    - vertices: p5748(v864) p238(v601) p7399(v42)
    - neighboring facets: f2988 f4254 f4257
- f4256
    - flags: bottom simplicial
    - normal:  -0.0005808    0.338   0.9411
    - offset: -0.01670152
    - vertices: p5748(v864) p7089(v454) p10(v222)
    - neighboring facets: f2252 f4252 f4257
- f4257
    - flags: bottom simplicial
    - normal:  -0.0001347   0.3687   0.9296
    - offset: -0.0157027
    - vertices: p5748(v864) p238(v601) p7089(v454)
    - neighboring facets: f2988 f4256 f4255
- f4258
    - flags: top simplicial
    - normal:  0.001042  -0.7847   0.6198
    - offset: -0.05423821
    - vertices: p8536(v865) p8124(v621) p2836(v277)
    - neighboring facets: f4262 f4259 f4260
- f4259
    - flags: bottom simplicial
    - normal:  0.0001709  -0.7919   0.6106
    - offset: -0.05442009
    - vertices: p8536(v865) p3000(v754) p2836(v277)
    - neighboring facets: f3725 f4258 f4260
- f4260
    - flags: top simplicial
    - normal:  0.000928  -0.7846     0.62
    - offset: -0.05423921
    - vertices: p8536(v865) p3000(v754) p8124(v621)
    - neighboring facets: f4285 f4258 f4259
- f4262
    - flags: bottom simplicial
    - normal:  0.006805  -0.7618   0.6478
    - offset: -0.05354335
    - vertices: p5464(v866) p8124(v621) p2836(v277)
    - neighboring facets: f4258 f4264 f4263
- f4263
    - flags: bottom simplicial
    - normal:  0.006196  -0.7578   0.6525
    - offset: -0.05347036
    - vertices: p5464(v866) p8952(v756) p8124(v621)
    - neighboring facets: f3739 f4262 f4274
- f4264
    - flags: top simplicial
    - normal:   0.07794   -0.787    0.612
    - offset: -0.05206385
    - vertices: p5464(v866) p762(v691) p2836(v277)
    - neighboring facets: f4548 f4262 f4265
- f4265
    - flags: bottom simplicial
    - normal:    0.1481  -0.7837   0.6032
    - offset: -0.04981835
    - vertices: p5464(v866) p762(v691) p8114(v652)
    - neighboring facets: f3899 f4268 f4264
- f4266
    - flags: top simplicial
    - normal:   0.09922  -0.6011    0.793
    - offset: -0.04645024
    - vertices: p5464(v866) p3609(v473) p476(v245)
    - neighboring facets: f3776 f4267 f4273
- f4267
    - flags: bottom simplicial
    - normal:     0.114  -0.5983   0.7931
    - offset: -0.04591851
    - vertices: p5464(v866) p4744(v667) p476(v245)
    - neighboring facets: f3951 f4266 f4269
- f4268
    - flags: bottom simplicial
    - normal:    0.5465  -0.6107    0.573
    - offset: -0.02977227
    - vertices: p5464(v866) p8114(v652) p2053(v27)
    - neighboring facets: f3896 f4269 f4265
- f4269
    - flags: top simplicial
    - normal:    0.6242   -0.506   0.5953
    - offset: -0.02296609
    - vertices: p5464(v866) p4744(v667) p2053(v27)
    - neighboring facets: f3320 f4268 f4267
- f4273
    - flags: bottom simplicial
    - normal:   0.02221  -0.6936     0.72
    - offset: -0.05142088
    - vertices: p4108(v867) p5464(v866) p3609(v473)
    - neighboring facets: f4266 f4304 f4274
- f4274
    - flags: top simplicial
    - normal:  0.006925  -0.7316   0.6817
    - offset: -0.05282768
    - vertices: p4108(v867) p5464(v866) p8952(v756)
    - neighboring facets: f4263 f4650 f4273
- f4275
    - flags: top simplicial
    - normal:  -0.0001099  -0.7931   0.6091
    - offset: -0.05445581
    - vertices: p9593(v868) p7323(v757) p6502(v226)
    - neighboring facets: f3744 f4277 f4276
- f4276
    - flags: bottom simplicial
    - normal:  -0.01141  -0.7602   0.6496
    - offset: -0.05428243
    - vertices: p9593(v868) p7323(v757) p2415(v474)
    - neighboring facets: f3746 f4278 f4275
- f4277
    - flags: top simplicial
    - normal:  -0.01446  -0.7643   0.6446
    - offset: -0.05453407
    - vertices: p9593(v868) p6502(v226) p6520(v137)
    - neighboring facets: f1117 f4278 f4275
- f4278
    - flags: bottom simplicial
    - normal:  -0.01501  -0.7609   0.6487
    - offset: -0.0544799
    - vertices: p9593(v868) p2415(v474) p6520(v137)
    - neighboring facets: f2356 f4277 f4276
- f4279
    - flags: top simplicial
    - normal:  1.278e-06  -0.7933   0.6088
    - offset: -0.05445522
    - vertices: p954(v869) p3000(v754) p9791(v753)
    - neighboring facets: f3726 f4280 f4285
- f4280
    - flags: top simplicial
    - normal:  1.054e-06  -0.7933   0.6088
    - offset: -0.05445517
    - vertices: p954(v869) p9791(v753) p7052(v405)
    - neighboring facets: f3726 f4281 f4279
- f4281
    - flags: bottom simplicial
    - normal:  -8.962e-07  -0.7933   0.6088
    - offset: -0.05445459
    - vertices: p954(v869) p7323(v757) p7052(v405)
    - neighboring facets: f3744 f4280 f4282
- f4282
    - flags: top simplicial
    - normal:  -0.0001071  -0.7843   0.6204
    - offset: -0.05427054
    - vertices: p954(v869) p7323(v757) p3581(v622)
    - neighboring facets: f3746 f4283 f4281
- f4283
    - flags: top simplicial
    - normal:  -4.917e-05  -0.7814    0.624
    - offset: -0.05420651
    - vertices: p954(v869) p3581(v622) p1970(v472)
    - neighboring facets: f3097 f4284 f4282
- f4284
    - flags: bottom simplicial
    - normal:  0.0003388  -0.7787   0.6274
    - offset: -0.05413252
    - vertices: p954(v869) p8124(v621) p1970(v472)
    - neighboring facets: f3739 f4283 f4285
- f4285
    - flags: bottom simplicial
    - normal:  0.0004559  -0.7812   0.6243
    - offset: -0.05418175
    - vertices: p954(v869) p3000(v754) p8124(v621)
    - neighboring facets: f4260 f4284 f4279
- f4290
    - flags: top simplicial
    - normal:  -0.007575  -0.5968   0.8024
    - offset: -0.04958174
    - vertices: p577(v871) p9594(v759) p4888(v627)
    - neighboring facets: f3753 f4291 f4661
- f4291
    - flags: bottom simplicial
    - normal:  -0.006713  -0.5942   0.8043
    - offset: -0.04945827
    - vertices: p577(v871) p4537(v760) p4888(v627)
    - neighboring facets: f4907 f4290 f4292
- f4292
    - flags: top simplicial
    - normal:  -0.005971  -0.5939   0.8045
    - offset: -0.04941472
    - vertices: p577(v871) p4537(v760) p5591(v476)
    - neighboring facets: f4295 f4665 f4291
- f4295
    - flags: bottom simplicial
    - normal:  -0.0005372  -0.5397   0.8419
    - offset: -0.04741364
    - vertices: p9750(v872) p4537(v760) p5591(v476)
    - neighboring facets: f4292 f4296 f4669
- f4296
    - flags: top simplicial
    - normal:  -0.0004759  -0.5402   0.8415
    - offset: -0.04742752
    - vertices: p9750(v872) p7321(v762) p5591(v476)
    - neighboring facets: f4320 f4295 f4297
- f4297
    - flags: bottom simplicial
    - normal:  -0.0003676  -0.5279   0.8493
    - offset: -0.04701828
    - vertices: p9750(v872) p7321(v762) p3637(v626)
    - neighboring facets: f4471 f4667 f4296
- f4304
    - flags: bottom simplicial
    - normal:  1.442e-06  -0.6757   0.7372
    - offset: -0.05154387
    - vertices: p7489(v874) p4108(v867) p3609(v473)
    - neighboring facets: f4273 f4677 f4305
- f4305
    - flags: top simplicial
    - normal:  -4.644e-07  -0.6757   0.7372
    - offset: -0.05154555
    - vertices: p7489(v874) p4108(v867) p7852(v758)
    - neighboring facets: f4652 f4671 f4304
- f4315
    - flags: bottom simplicial
    - normal:  -7.226e-06  -0.6248   0.7808
    - offset: -0.05007548
    - vertices: p8223(v877) p1340(v876) p9594(v759)
    - neighboring facets: f5074 f4913 f4319
- f4318
    - flags: bottom simplicial
    - normal:  0.0001651    -0.66   0.7512
    - offset: -0.05110003
    - vertices: p8223(v877) p5411(v764) p8530(v629)
    - neighboring facets: f3775 f4319 f4674
- f4319
    - flags: top simplicial
    - normal:  6.381e-06  -0.6261   0.7798
    - offset: -0.05011274
    - vertices: p8223(v877) p1340(v876) p8530(v629)
    - neighboring facets: f4897 f4318 f4315
- f4320
    - flags: bottom simplicial
    - normal:  -0.0003578  -0.5419   0.8405
    - offset: -0.04747758
    - vertices: p9315(v878) p7321(v762) p5591(v476)
    - neighboring facets: f4296 f4687 f4321
- f4321
    - flags: bottom simplicial
    - normal:  0.0002329  -0.5407   0.8412
    - offset: -0.04741311
    - vertices: p9315(v878) p6097(v765) p7321(v762)
    - neighboring facets: f3784 f4320 f4686
- f4328
    - flags: top simplicial
    - normal:  -1.32e-05   0.9762   0.2168
    - offset: 0.01246754
    - vertices: p5819(v880) p187(v767) p3391(v483)
    - neighboring facets: f3794 f4329 f4330
- f4329
    - flags: bottom simplicial
    - normal:  -9.96e-06   0.9762   0.2167
    - offset:  0.0124703
    - vertices: p5819(v880) p2722(v772) p3391(v483)
    - neighboring facets: f3814 f4328 f4331
- f4330
    - flags: bottom simplicial
    - normal:  -1.499e-05    0.976   0.2176
    - offset: 0.01244621
    - vertices: p5819(v880) p187(v767) p7673(v342)
    - neighboring facets: f3793 f4331 f4328
- f4331
    - flags: top simplicial
    - normal:  -2.395e-06   0.9763   0.2165
    - offset:  0.0124735
    - vertices: p5819(v880) p2722(v772) p7673(v342)
    - neighboring facets: f3813 f4330 f4329
- f4333
    - flags: bottom simplicial
    - normal:  -0.001239   0.6863   0.7273
    - offset: -0.004132784
    - vertices: p190(v881) p3889(v233) p2875(v24)
    - neighboring facets: f1153 f4703 f4334
- f4334
    - flags: bottom simplicial
    - normal:  -0.0004637   0.6958   0.7183
    - offset: -0.003695804
    - vertices: p190(v881) p9824(v773) p3889(v233)
    - neighboring facets: f3817 f4333 f4707
- f4338
    - flags: top simplicial
    - normal:  4.799e-06   0.6757   0.7371
    - offset: -0.004514735
    - vertices: p4229(v882) p7465(v637) p5305(v487)
    - neighboring facets: f3164 f4339 f4705
- f4339
    - flags: bottom simplicial
    - normal:  1.258e-05   0.6756   0.7373
    - offset: -0.004520916
    - vertices: p4229(v882) p5018(v775) p5305(v487)
    - neighboring facets: f3830 f4338 f4704
- f4342
    - flags: top simplicial
    - normal:  -8.26e-05   0.7396   0.6731
    - offset: -0.001758387
    - vertices: p6803(v883) p8754(v639) p331(v488)
    - neighboring facets: f3838 f4343 f4344
- f4343
    - flags: bottom simplicial
    - normal:  -7.083e-06   0.7388   0.6739
    - offset: -0.001789094
    - vertices: p6803(v883) p4454(v776) p331(v488)
    - neighboring facets: f4348 f4342 f4344
- f4344
    - flags: top simplicial
    - normal:  -5.487e-06   0.7377   0.6751
    - offset: -0.001837345
    - vertices: p6803(v883) p4454(v776) p8754(v639)
    - neighboring facets: f3831 f4342 f4343
- f4345
    - flags: bottom simplicial
    - normal:  0.0009303   0.7562   0.6544
    - offset: -0.0009721201
    - vertices: p7021(v884) p5189(v139) p1816(v88)
    - neighboring facets: f1163 f4347 f4346
- f4346
    - flags: bottom simplicial
    - normal:  1.505e-05   0.7379    0.675
    - offset: -0.001829703
    - vertices: p7021(v884) p4454(v776) p5189(v139)
    - neighboring facets: f3831 f4345 f4348
- f4347
    - flags: top simplicial
    - normal:  0.0002662   0.7606   0.6493
    - offset: -0.0007902877
    - vertices: p7021(v884) p331(v488) p1816(v88)
    - neighboring facets: f2430 f4345 f4348
- f4348
    - flags: top simplicial
    - normal:  2.25e-05   0.7406   0.6719
    - offset: -0.001705062
    - vertices: p7021(v884) p4454(v776) p331(v488)
    - neighboring facets: f4343 f4347 f4346
- f4349
    - flags: top simplicial
    - normal:  1.783e-05    0.843    0.538
    - offset: 0.003290909
    - vertices: p7825(v885) p6782(v641) p1306(v347)
    - neighboring facets: f3183 f4351 f4350
- f4350
    - flags: top simplicial
    - normal:  0.0005464   0.8216   0.5701
    - offset: 0.002184529
    - vertices: p7825(v885) p829(v778) p6782(v641)
    - neighboring facets: f5025 f4349 f4352
- f4351
    - flags: top simplicial
    - normal:  0.001714   0.8082   0.5889
    - offset: 0.001542877
    - vertices: p7825(v885) p1306(v347) p7346(v235)
    - neighboring facets: f1725 f4352 f4349
- f4352
    - flags: bottom simplicial
    - normal:  0.001132   0.8077   0.5896
    - offset: 0.001501327
    - vertices: p7825(v885) p829(v778) p7346(v235)
    - neighboring facets: f3841 f4351 f4350
- f4355
    - flags: top simplicial
    - normal:  -2.619e-05   0.7933   0.6088
    - offset: 0.0007590789
    - vertices: p4786(v886) p1004(v640) p2311(v144)
    - neighboring facets: f3835 f4709 f4358
- f4358
    - flags: bottom simplicial
    - normal:  3.709e-07   0.7934   0.6088
    - offset: 0.0007621886
    - vertices: p4786(v886) p1004(v640) p9663(v346)
    - neighboring facets: f3180 f4359 f4355
- f4359
    - flags: top simplicial
    - normal:  3.205e-06   0.7934   0.6087
    - offset: 0.0007644544
    - vertices: p4786(v886) p9876(v489) p9663(v346)
    - neighboring facets: f2437 f4358 f4360
- f4360
    - flags: top simplicial
    - normal:  3.38e-06   0.7934   0.6087
    - offset: 0.0007648064
    - vertices: p4786(v886) p829(v778) p9876(v489)
    - neighboring facets: f3841 f4359 f5030
- f4363
    - flags: bottom simplicial
    - normal:   0.03108  -0.9538    0.299
    - offset: -0.05508834
    - vertices: p1619(v887) p8626(v502) p5755(v167)
    - neighboring facets: f4532 f4368 f4365
- f4364
    - flags: bottom simplicial
    - normal:   0.02547  -0.9895   0.1423
    - offset: -0.05400788
    - vertices: p1619(v887) p7645(v494) p2854(v49)
    - neighboring facets: f3853 f4365 f4370
- f4365
    - flags: top simplicial
    - normal:     0.149  -0.9738    0.172
    - offset: -0.05043213
    - vertices: p1619(v887) p8626(v502) p2854(v49)
    - neighboring facets: f3236 f4364 f4363
- f4368
    - flags: bottom simplicial
    - normal:  2.806e-05  -0.9763   0.2164
    - offset: -0.05547322
    - vertices: p2693(v888) p1619(v887) p5755(v167)
    - neighboring facets: f4363 f4718 f4370
- f4369
    - flags: bottom simplicial
    - normal:  0.004704  -0.9854     0.17
    - offset: -0.05490619
    - vertices: p2693(v888) p2306(v782) p7645(v494)
    - neighboring facets: f4934 f4370 f4716
- f4370
    - flags: top simplicial
    - normal:  0.007202  -0.9857   0.1685
    - offset: -0.05482159
    - vertices: p2693(v888) p1619(v887) p7645(v494)
    - neighboring facets: f4364 f4369 f4368
- f4372
    - flags: top simplicial
    - normal:  -1.09e-07  -0.9763   0.2162
    - offset: -0.05547272
    - vertices: p4754(v889) p2306(v782) p1003(v647)
    - neighboring facets: f4733 f4922 f4715
- f4376
    - flags: bottom simplicial
    - normal:  -5.749e-05  -0.9914   0.1312
    - offset: -0.05459722
    - vertices: p4679(v890) p4849(v784) p3785(v351)
    - neighboring facets: f3869 f4730 f4383
- f4381
    - flags: top simplicial
    - normal:  -0.0005632  -0.9874   0.1584
    - offset: -0.05494068
    - vertices: p7077(v891) p4849(v784) p1003(v647)
    - neighboring facets: f3869 f4734 f4383
- f4383
    - flags: top simplicial
    - normal:  -3.609e-05  -0.9912   0.1324
    - offset: -0.05461195
    - vertices: p7077(v891) p4679(v890) p4849(v784)
    - neighboring facets: f4376 f4381 f4735
- f4389
    - flags: bottom simplicial
    - normal:    0.7429  -0.6694 0.001368
    - offset: -0.01561267
    - center: -0.02609723333333333 -0.05225229999999999 0.01581356666666667 
    - vertices: p676(v892) p3877(v500) p7688(v498)
    - neighboring facets: f3234 f4748 f4940
- f4398
    - flags: bottom simplicial tested
    - normal:     0.721  -0.6924 -0.02774
    - offset: -0.01793818
    - center: -0.02637383333333334 -0.0525142 -0.02137186666666667 
    - vertices: p3384(v894) p5278(v499) p1395(v90)
    - neighboring facets: f2484 f4944 f5168
    - ridges:
- f4403
    - flags: bottom simplicial
    - normal:    0.8312   -0.556 -0.001642
    - offset: -0.007400934
    - center: -0.025996 -0.05211516666666666 -0.01944296666666667 
    - vertices: p3696(v895) p1173(v786) p1395(v90)
    - neighboring facets: f4943 f4950 f4754
- f4408
    - flags: bottom simplicial
    - normal:    0.9814  -0.1918 0.000211
    - offset: 0.01545362
    - vertices: p1955(v897) p5232(v657) p6150(v148)
    - neighboring facets: f3264 f4410 f4409
- f4409
    - flags: bottom simplicial
    - normal:    0.9822  -0.1876 0.0001327
    - offset: 0.01569172
    - vertices: p1955(v897) p2013(v793) p5232(v657)
    - neighboring facets: f3918 f4408 f4770
- f4410
    - flags: top simplicial
    - normal:    0.9758  -0.2188 3.754e-06
    - offset: 0.01390949
    - vertices: p1955(v897) p4074(v792) p6150(v148)
    - neighboring facets: f3911 f4408 f4411
- f4411
    - flags: bottom simplicial
    - normal:    0.9764  -0.2159 -1.382e-06
    - offset: 0.01407426
    - vertices: p1955(v897) p4074(v792) p2749(v655)
    - neighboring facets: f3913 f4769 f4410
- f4413
    - flags: bottom simplicial
    - normal:    0.8323 -0.0001566   0.5543
    - offset: 0.007373156
    - vertices: p3706(v898) p4843(v659) p4048(v362)
    - neighboring facets: f3315 f4415 f4414
- f4414
    - flags: bottom simplicial
    - normal:    0.8905 0.0007047   0.4549
    - offset: 0.01147639
    - vertices: p3706(v898) p327(v795) p4843(v659)
    - neighboring facets: f3930 f4413 f4416
- f4415
    - flags: top simplicial
    - normal:    0.8224 -0.002095   0.5689
    - offset: 0.00666321
    - vertices: p3706(v898) p1175(v665) p4048(v362)
    - neighboring facets: f3315 f4413 f4416
- f4416
    - flags: top simplicial
    - normal:    0.8414 -0.004248   0.5404
    - offset: 0.007803946
    - vertices: p3706(v898) p327(v795) p1175(v665)
    - neighboring facets: f3924 f4415 f4414
- f4417
    - flags: bottom simplicial
    - normal:    0.9531 3.03e-06   0.3027
    - offset: 0.01696159
    - vertices: p2540(v899) p3065(v509) p5412(v243)
    - neighboring facets: f3304 f4419 f4418
- f4418
    - flags: bottom simplicial
    - normal:      0.92 -0.0003381   0.3919
    - offset:  0.0138156
    - vertices: p2540(v899) p327(v795) p3065(v509)
    - neighboring facets: f3924 f4417 f4420
- f4419
    - flags: top simplicial
    - normal:    0.9488 4.945e-05   0.3158
    - offset: 0.01651901
    - vertices: p2540(v899) p5468(v796) p5412(v243)
    - neighboring facets: f3931 f4417 f4420
- f4420
    - flags: bottom simplicial
    - normal:    0.9184 0.0002988   0.3957
    - offset: 0.01370018
    - vertices: p2540(v899) p5468(v796) p327(v795)
    - neighboring facets: f3930 f4418 f4419
- f4430
    - flags: bottom simplicial tested
    - normal:         1 -0.001723 0.004271
    - offset: 0.02566532
    - center: -0.02585083333333333 -0.04617726666666666 0.0247389 
    - vertices: p8991(v902) p9133(v800) p7526(v363)
    - neighboring facets: f5148 f4431 f4432
    - ridges:
- f4431
    - flags: top simplicial tested
    - normal:    0.9931 -0.01537    0.116
    - offset: 0.02207116
    - center: -0.02586756666666667 -0.04581776666666667 0.02512716666666667 
    - vertices: p8991(v902) p1446(v802) p7526(v363)
    - neighboring facets: f3962 f4430 f4440
- f4432
    - flags: top simplicial tested
    - normal:         1 -0.002608 0.004055
    - offset: 0.02562906
    - center: -0.02585083333333334 -0.0472593 0.02421756666666667 
    - vertices: p8991(v902) p9133(v800) p3475(v666)
    - neighboring facets: f5147 f4433 f4430
    - ridges:
- f4433
    - flags: top simplicial tested
    - normal:         1 -0.002824 0.004209
    - offset: 0.02561508
    - center: -0.02585206666666667 -0.04759486666666666 0.02429523333333333 
    - vertices: p8991(v902) p3475(v666) p252(v510)
    - neighboring facets: f3318 f4442 f4432
- f4440
    - flags: bottom simplicial
    - normal:     0.942  -0.1106    0.317
    - offset: 0.01127818
    - vertices: p2397(v903) p8991(v902) p1446(v802)
    - neighboring facets: f4431 f4787 f4442
- f4441
    - flags: bottom simplicial
    - normal:    0.8134  -0.3304   0.4787
    - offset: -0.006502698
    - vertices: p2397(v903) p4744(v667) p252(v510)
    - neighboring facets: f3320 f4442 f4793
- f4442
    - flags: top simplicial
    - normal:    0.9391  -0.1345   0.3161
    - offset: 0.01010225
    - vertices: p2397(v903) p8991(v902) p252(v510)
    - neighboring facets: f4433 f4441 f4440
- f4447
    - flags: top simplicial
    - normal:  1.251e-05 -0.04148   0.9991
    - offset: -0.0280268
    - vertices: p377(v905) p2711(v742) p2381(v45)
    - neighboring facets: f3665 f4448 f4449
- f4448
    - flags: bottom simplicial
    - normal:  4.648e-05 -0.02988   0.9996
    - offset: -0.0275181
    - vertices: p377(v905) p3655(v803) p2381(v45)
    - neighboring facets: f3966 f4447 f4449
- f4449
    - flags: top simplicial
    - normal:  7.447e-05 -0.03085   0.9995
    - offset: -0.02755952
    - vertices: p377(v905) p3655(v803) p2711(v742)
    - neighboring facets: f3968 f4447 f4448
- f4450
    - flags: top simplicial
    - normal:  -0.002883  -0.1584   0.9874
    - offset: -0.03316607
    - vertices: p2612(v906) p3927(v804) p2129(v514)
    - neighboring facets: f3969 f4452 f4812
- f4452
    - flags: bottom simplicial
    - normal:  -0.00111  -0.1417   0.9899
    - offset: -0.03238086
    - vertices: p2612(v906) p6767(v806) p2129(v514)
    - neighboring facets: f5050 f4450 f4453
- f4453
    - flags: top simplicial
    - normal:  -0.001129  -0.1492   0.9888
    - offset: -0.03269505
    - vertices: p2612(v906) p6767(v806) p6500(v672)
    - neighboring facets: f5047 f4811 f4452
- f4455
    - flags: top simplicial
    - normal:  0.0003852   -0.216   0.9764
    - offset: -0.03538496
    - vertices: p8935(v907) p3184(v805) p5199(v446)
    - neighboring facets: f5057 f4814 f4817
- f4467
    - flags: top simplicial
    - normal:  0.0006306  -0.4597   0.8881
    - offset: -0.04463901
    - vertices: p4061(v910) p8035(v673) p476(v245)
    - neighboring facets: f3983 f4473 f4469
- f4469
    - flags: top simplicial
    - normal:  4.422e-05  -0.4876   0.8731
    - offset: -0.04563438
    - vertices: p4061(v910) p8852(v809) p8035(v673)
    - neighboring facets: f4493 f4467 f4474
- f4470
    - flags: bottom simplicial
    - normal:  0.0005208  -0.5276   0.8495
    - offset: -0.04696795
    - vertices: p8252(v911) p7321(v762) p476(v245)
    - neighboring facets: f3768 f4473 f4471
- f4471
    - flags: top simplicial
    - normal:  -7.519e-05   -0.519   0.8548
    - offset: -0.04670691
    - vertices: p8252(v911) p7321(v762) p3637(v626)
    - neighboring facets: f4297 f4472 f4470
- f4472
    - flags: bottom simplicial
    - normal:  -9.575e-05  -0.5106   0.8598
    - offset: -0.04642586
    - vertices: p8252(v911) p8852(v809) p3637(v626)
    - neighboring facets: f4497 f4471 f4474
- f4473
    - flags: top simplicial
    - normal:  0.000143  -0.4959   0.8684
    - offset: -0.04591432
    - vertices: p8252(v911) p4061(v910) p476(v245)
    - neighboring facets: f4467 f4470 f4474
- f4474
    - flags: bottom simplicial
    - normal:  7.262e-05  -0.4925   0.8703
    - offset: -0.04579982
    - vertices: p8252(v911) p4061(v910) p8852(v809)
    - neighboring facets: f4469 f4472 f4473
- f4475
    - flags: top simplicial
    - normal:  -0.0003924  -0.2243   0.9745
    - offset: -0.03575452
    - vertices: p6176(v912) p3927(v804) p3104(v590)
    - neighboring facets: f3972 f4477 f4476
- f4476
    - flags: top simplicial
    - normal:  -0.0004525  -0.2255   0.9742
    - offset: -0.03580527
    - vertices: p6176(v912) p700(v812) p3927(v804)
    - neighboring facets: f4004 f4475 f4478
- f4477
    - flags: top simplicial
    - normal:  0.0001586  -0.2505   0.9681
    - offset: -0.03678407
    - vertices: p6176(v912) p3104(v590) p8833(v154)
    - neighboring facets: f3606 f4478 f4475
- f4478
    - flags: bottom simplicial
    - normal:  8.999e-05  -0.2658    0.964
    - offset: -0.03739409
    - vertices: p6176(v912) p700(v812) p8833(v154)
    - neighboring facets: f4010 f4477 f4476
- f4479
    - flags: top simplicial
    - normal:  -0.004406  -0.2825   0.9593
    - offset: -0.03827186
    - vertices: p255(v913) p5046(v516) p1999(v317)
    - neighboring facets: f3364 f4480 f4481
- f4480
    - flags: bottom simplicial
    - normal:  -0.001633  -0.2536   0.9673
    - offset: -0.03699366
    - vertices: p255(v913) p700(v812) p1999(v317)
    - neighboring facets: f4004 f4479 f4482
- f4481
    - flags: top simplicial
    - normal:  -0.0004925  -0.2989   0.9543
    - offset: -0.03871827
    - vertices: p255(v913) p172(v674) p5046(v516)
    - neighboring facets: f4011 f4479 f4482
- f4482
    - flags: top simplicial
    - normal:  -0.0003517  -0.2906   0.9569
    - offset: -0.03838584
    - vertices: p255(v913) p700(v812) p172(v674)
    - neighboring facets: f4008 f4481 f4480
- f4484
    - flags: top simplicial
    - normal:  -0.0003342  -0.3173   0.9483
    - offset: -0.03942137
    - vertices: p8447(v914) p3570(v813) p172(v674)
    - neighboring facets: f4011 f4966 f4485
- f4485
    - flags: bottom simplicial
    - normal:  -0.0005386  -0.3353   0.9421
    - offset: -0.04011959
    - vertices: p8447(v914) p3570(v813) p3675(v675)
    - neighboring facets: f4012 f4831 f4484
- f4490
    - flags: top simplicial
    - normal:  -0.01286   -0.369   0.9294
    - offset: -0.04200214
    - vertices: p9230(v915) p7735(v815) p3675(v675)
    - neighboring facets: f4022 f4808 f4492
- f4491
    - flags: top simplicial
    - normal:  -8.083e-05   -0.452    0.892
    - offset: -0.04439344
    - vertices: p9230(v915) p4193(v814) p8035(v673)
    - neighboring facets: f4018 f4492 f5066
- f4492
    - flags: bottom simplicial
    - normal:  -0.0003242  -0.4591   0.8884
    - offset: -0.0446535
    - vertices: p9230(v915) p7735(v815) p8035(v673)
    - neighboring facets: f4494 f4491 f4490
- f4493
    - flags: bottom simplicial
    - normal:  -0.0004374  -0.4646   0.8855
    - offset: -0.04485252
    - vertices: p5517(v916) p8852(v809) p8035(v673)
    - neighboring facets: f4469 f4494 f4497
- f4494
    - flags: top simplicial
    - normal:  -0.0004519  -0.4636    0.886
    - offset: -0.04481922
    - vertices: p5517(v916) p7735(v815) p8035(v673)
    - neighboring facets: f4492 f4493 f4495
- f4495
    - flags: bottom simplicial
    - normal:  -0.002071  -0.4703   0.8825
    - offset: -0.04513223
    - vertices: p5517(v916) p7735(v815) p4822(v82)
    - neighboring facets: f4021 f4496 f4494
- f4496
    - flags: top simplicial
    - normal:  -0.002876   -0.481   0.8767
    - offset: -0.0455459
    - vertices: p5517(v916) p3637(v626) p4822(v82)
    - neighboring facets: f3121 f4495 f4497
- f4497
    - flags: top simplicial
    - normal:  -0.00279  -0.4814   0.8765
    - offset: -0.04555486
    - vertices: p5517(v916) p8852(v809) p3637(v626)
    - neighboring facets: f4472 f4496 f4493
- f4498
    - flags: bottom simplicial
    - normal:  -9.31e-06   0.9537   0.3009
    - offset: 0.01037276
    - vertices: p7242(v917) p8595(v822) p6550(v231)
    - neighboring facets: f4058 f4500 f4499
- f4499
    - flags: top simplicial
    - normal:  -3.959e-05   0.9532   0.3025
    - offset: 0.01032983
    - vertices: p7242(v917) p8595(v822) p1957(v636)
    - neighboring facets: f4051 f4501 f4498
- f4500
    - flags: top simplicial
    - normal:  -0.00443   0.9468   0.3217
    - offset: 0.009613026
    - vertices: p7242(v917) p2973(v485) p6550(v231)
    - neighboring facets: f2412 f4498 f4501
- f4501
    - flags: top simplicial
    - normal:  -0.0007156   0.9451   0.3268
    - offset: 0.009652328
    - vertices: p7242(v917) p1957(v636) p2973(v485)
    - neighboring facets: f4051 f4500 f4499
- f4502
    - flags: top simplicial
    - normal:    0.1789   0.9839 -0.0001453
    - offset: 0.02151362
    - vertices: p4392(v918) p6243(v823) p7961(v379)
    - neighboring facets: f4059 f4504 f4503
- f4503
    - flags: bottom simplicial
    - normal:    0.1544    0.988 -2.213e-05
    - offset: 0.02093065
    - vertices: p4392(v918) p6243(v823) p6894(v684)
    - neighboring facets: f4060 f4505 f4502
- f4504
    - flags: bottom simplicial
    - normal:    0.2083   0.9781 -2.674e-06
    - offset: 0.02219773
    - vertices: p4392(v918) p1563(v824) p7961(v379)
    - neighboring facets: f4517 f4502 f4505
- f4505
    - flags: top simplicial
    - normal:    0.2071   0.9783 -1.655e-07
    - offset: 0.02217114
    - vertices: p4392(v918) p1563(v824) p6894(v684)
    - neighboring facets: f4064 f4503 f4504
- f4508
    - flags: bottom simplicial
    - normal:    0.2179    0.976 2.29e-05
    - offset: 0.02241858
    - vertices: p6555(v919) p1563(v824) p1042(v530)
    - neighboring facets: f4064 f4516 f4518
- f4509
    - flags: bottom simplicial
    - normal:    0.5771   0.8167 0.001461
    - offset: 0.02918721
    - vertices: p5293(v920) p7415(v825) p6526(v47)
    - neighboring facets: f4065 f4510 f4513
- f4510
    - flags: top simplicial
    - normal:    0.6336   0.7736 6.692e-05
    - offset: 0.02993923
    - vertices: p5293(v920) p9633(v411) p6526(v47)
    - neighboring facets: f2756 f4509 f4511
- f4511
    - flags: bottom simplicial
    - normal:    0.6328   0.7743 5.482e-05
    - offset: 0.02992929
    - vertices: p5293(v920) p9633(v411) p8670(v284)
    - neighboring facets: f2043 f4512 f4510
- f4512
    - flags: top simplicial
    - normal:    0.5704   0.8214 -4.364e-05
    - offset: 0.02910122
    - vertices: p5293(v920) p644(v529) p8670(v284)
    - neighboring facets: f2638 f4511 f4513
- f4513
    - flags: top simplicial
    - normal:    0.5642   0.8256 -4.028e-06
    - offset:  0.0290123
    - vertices: p5293(v920) p7415(v825) p644(v529)
    - neighboring facets: f4066 f4512 f4509
- f4515
    - flags: top simplicial
    - normal:    0.2818   0.9595 0.0002982
    - offset:  0.0238341
    - vertices: p3992(v921) p8965(v826) p1042(v530)
    - neighboring facets: f4071 f4516 f4836
- f4516
    - flags: bottom simplicial
    - normal:    0.2187   0.9758 2.271e-05
    - offset: 0.02243731
    - vertices: p3992(v921) p6555(v919) p1042(v530)
    - neighboring facets: f4508 f4515 f4518
- f4517
    - flags: top simplicial
    - normal:    0.2188   0.9758 1.499e-05
    - offset: 0.02243846
    - vertices: p3992(v921) p1563(v824) p7961(v379)
    - neighboring facets: f4504 f4838 f4518
- f4518
    - flags: top simplicial
    - normal:    0.2186   0.9758 1.827e-05
    - offset: 0.02243428
    - vertices: p3992(v921) p6555(v919) p1563(v824)
    - neighboring facets: f4508 f4517 f4516
- f4519
    - flags: bottom simplicial
    - normal:    0.3857   0.9226 -7.337e-05
    - offset:  0.0259671
    - vertices: p2200(v922) p8965(v826) p258(v685)
    - neighboring facets: f4071 f4521 f4837
- f4520
    - flags: bottom simplicial
    - normal:    0.4533   0.8914 -0.004431
    - offset: 0.02715793
    - vertices: p2200(v922) p644(v529) p7961(v379)
    - neighboring facets: f2636 f4839 f4521
- f4521
    - flags: bottom simplicial
    - normal:     0.417   0.9089 -0.0002339
    - offset: 0.02656163
    - vertices: p2200(v922) p258(v685) p644(v529)
    - neighboring facets: f4066 f4520 f4519
- f4528
    - flags: top simplicial
    - normal:  0.001049  -0.9597   0.2809
    - offset: -0.05587466
    - vertices: p938(v923) p317(v688) p3681(v383)
    - neighboring facets: f3426 f4996 f4529
- f4529
    - flags: bottom simplicial
    - normal:  0.001207    -0.96   0.2799
    - offset: -0.05586469
    - vertices: p938(v923) p317(v688) p8634(v534)
    - neighboring facets: f3425 f4530 f4528
- f4530
    - flags: bottom simplicial
    - normal:  0.002321  -0.9604   0.2786
    - offset: -0.05582442
    - vertices: p938(v923) p8634(v534) p5755(v167)
    - neighboring facets: f4717 f4532 f4529
- f4531
    - flags: top simplicial
    - normal:  0.009001  -0.9236   0.3833
    - offset: -0.05587526
    - vertices: p938(v923) p9400(v829) p5101(v536)
    - neighboring facets: f4534 f4533 f4987
- f4532
    - flags: top simplicial
    - normal:   0.02517  -0.9449   0.3264
    - offset: -0.05533817
    - vertices: p938(v923) p8626(v502) p5755(v167)
    - neighboring facets: f4363 f4530 f4533
- f4533
    - flags: top simplicial
    - normal:   0.03278   -0.928   0.3711
    - offset: -0.05516026
    - vertices: p938(v923) p5101(v536) p8626(v502)
    - neighboring facets: f3442 f4532 f4531
- f4534
    - flags: bottom simplicial
    - normal:  0.005049  -0.9181   0.3962
    - offset: -0.05598925
    - vertices: p7412(v924) p9400(v829) p5101(v536)
    - neighboring facets: f4531 f4852 f4856
- f4546
    - flags: bottom simplicial
    - normal:  -1.854e-06  -0.8434   0.5373
    - offset: -0.05538631
    - vertices: p1283(v926) p6173(v276) p2458(v275)
    - neighboring facets: f1375 f4870 f4552
- f4548
    - flags: bottom simplicial
    - normal:  0.0007499  -0.8437   0.5368
    - offset: -0.05536914
    - vertices: p528(v927) p762(v691) p2836(v277)
    - neighboring facets: f4264 f4551 f4549
- f4549
    - flags: bottom simplicial
    - normal:  0.0005423  -0.8449   0.5349
    - offset: -0.05539448
    - vertices: p528(v927) p5594(v832) p762(v691)
    - neighboring facets: f4104 f4548 f4864
- f4550
    - flags: bottom simplicial
    - normal:  1.41e-05  -0.8426   0.5385
    - offset: -0.05537405
    - vertices: p528(v927) p8493(v700) p6173(v276)
    - neighboring facets: f3481 f4552 f4551
- f4551
    - flags: top simplicial
    - normal:  5.884e-05  -0.8407   0.5416
    - offset: -0.05534094
    - vertices: p528(v927) p8493(v700) p2836(v277)
    - neighboring facets: f3484 f4548 f4550
- f4552
    - flags: top simplicial
    - normal:  1.836e-07  -0.8434   0.5373
    - offset: -0.05538619
    - vertices: p528(v927) p1283(v926) p6173(v276)
    - neighboring facets: f4546 f4550 f4865
- f4555
    - flags: top simplicial
    - normal:  8.122e-05  -0.3923  -0.9198
    - offset: -0.04224035
    - vertices: p1440(v928) p1243(v833) p3752(v695)
    - neighboring facets: f4111 f4557 f4872
- f4556
    - flags: bottom simplicial
    - normal:  0.0003759  -0.4308  -0.9025
    - offset: -0.04363313
    - vertices: p1440(v928) p1542(v273) p4681(v179)
    - neighboring facets: f3462 f4557 f4871
- f4557
    - flags: top simplicial
    - normal:  8.121e-06  -0.4159  -0.9094
    - offset: -0.0431105
    - vertices: p1440(v928) p3752(v695) p4681(v179)
    - neighboring facets: f4117 f4556 f4555
- f4558
    - flags: bottom simplicial
    - normal:    0.9904   0.1383 -6.228e-06
    - offset: 0.02808211
    - vertices: p1241(v929) p43(v703) p6551(v554)
    - neighboring facets: f3497 f4559 f4562
- f4559
    - flags: top simplicial
    - normal:    0.9841   0.1778 -2.171e-05
    - offset: 0.02862283
    - vertices: p1241(v929) p980(v835) p6551(v554)
    - neighboring facets: f4119 f4558 f4560
- f4560
    - flags: bottom simplicial
    - normal:    0.9783   0.2072 1.574e-05
    - offset: 0.02899713
    - vertices: p1241(v929) p980(v835) p963(v555)
    - neighboring facets: f4120 f4561 f4559
- f4561
    - flags: bottom simplicial
    - normal:     0.987   0.1606 6.615e-05
    - offset: 0.02839223
    - vertices: p1241(v929) p963(v555) p3662(v141)
    - neighboring facets: f2760 f4562 f4560
- f4562
    - flags: top simplicial
    - normal:    0.9912   0.1325 5.046e-06
    - offset: 0.02799932
    - vertices: p1241(v929) p43(v703) p3662(v141)
    - neighboring facets: f3499 f4561 f4558
- f4563
    - flags: bottom simplicial
    - normal:    0.8921   0.4517 -0.0006004
    - offset: 0.03107676
    - vertices: p9298(v930) p5190(v706) p5056(v286)
    - neighboring facets: f3510 f4564 f4566
- f4564
    - flags: bottom simplicial
    - normal:    0.8506   0.5252 -0.02511
    - offset: 0.03079796
    - vertices: p9298(v930) p5056(v286) p7678(v189)
    - neighboring facets: f1427 f4565 f4563
- f4565
    - flags: top simplicial
    - normal:    0.8366   0.5476 -0.01313
    - offset: 0.03106252
    - vertices: p9298(v930) p2322(v836) p7678(v189)
    - neighboring facets: f4123 f4564 f4568
- f4566
    - flags: top simplicial
    - normal:    0.8713   0.4908 -1.409e-05
    - offset: 0.03122823
    - vertices: p9298(v930) p5190(v706) p2647(v556)
    - neighboring facets: f3511 f4567 f4563
- f4567
    - flags: bottom simplicial
    - normal:    0.8436   0.5369 1.788e-05
    - offset: 0.03131668
    - vertices: p9298(v930) p4283(v705) p2647(v556)
    - neighboring facets: f3507 f4566 f4568
- f4568
    - flags: bottom simplicial
    - normal:    0.8321   0.5547 -1.998e-05
    - offset: 0.03132563
    - vertices: p9298(v930) p2322(v836) p4283(v705)
    - neighboring facets: f4124 f4567 f4565
- f4569
    - flags: top simplicial
    - normal:  -5.298e-06   0.9803  -0.1976
    - offset: 0.01291249
    - vertices: p4536(v931) p6462(v711) p8488(v289)
    - neighboring facets: f3528 f4570 f4571
- f4570
    - flags: bottom simplicial
    - normal:  -6.009e-06   0.9803  -0.1977
    - offset: 0.01290798
    - vertices: p4536(v931) p3139(v837) p8488(v289)
    - neighboring facets: f4129 f4569 f4571
- f4571
    - flags: top simplicial
    - normal:  -5.279e-06   0.9803  -0.1976
    - offset: 0.01291128
    - vertices: p4536(v931) p3139(v837) p6462(v711)
    - neighboring facets: f4131 f4569 f4570
- f4572
    - flags: bottom simplicial
    - normal:  -1.335e-05   0.9724  -0.2332
    - offset: 0.01206749
    - vertices: p4693(v932) p637(v712) p9939(v418)
    - neighboring facets: f3534 f4573 f4574
- f4573
    - flags: top simplicial
    - normal:  -3.325e-05   0.9744  -0.2246
    - offset: 0.01227199
    - vertices: p4693(v932) p8058(v838) p9939(v418)
    - neighboring facets: f4135 f4572 f4574
- f4574
    - flags: bottom simplicial
    - normal:  -1.016e-05   0.9728  -0.2317
    - offset: 0.01210344
    - vertices: p4693(v932) p8058(v838) p637(v712)
    - neighboring facets: f4132 f4572 f4573
- f4575
    - flags: top simplicial
    - normal:  -2.141e-05   0.9621  -0.2728
    - offset: 0.01108728
    - vertices: p5210(v933) p292(v715) p1819(v562)
    - neighboring facets: f3546 f4576 f4577
- f4576
    - flags: bottom simplicial
    - normal:  -0.000282    0.958  -0.2868
    - offset: 0.01071871
    - vertices: p5210(v933) p1324(v840) p1819(v562)
    - neighboring facets: f4139 f4575 f4578
- f4577
    - flags: top simplicial
    - normal:  1.579e-06   0.9609  -0.2768
    - offset: 0.01098673
    - vertices: p5210(v933) p5148(v841) p292(v715)
    - neighboring facets: f4144 f4575 f4579
- f4578
    - flags: top simplicial
    - normal:  -2.272e-06   0.9602  -0.2793
    - offset: 0.01092136
    - vertices: p5210(v933) p1324(v840) p4025(v20)
    - neighboring facets: f4142 f4579 f4576
- f4579
    - flags: bottom simplicial
    - normal:  1.288e-07   0.9603  -0.2789
    - offset:  0.0109334
    - vertices: p5210(v933) p5148(v841) p4025(v20)
    - neighboring facets: f4145 f4578 f4577
- f4580
    - flags: top simplicial
    - normal:  -1.25e-06   0.9419   -0.336
    - offset: 0.009430708
    - vertices: p4431(v934) p7389(v842) p4646(v568)
    - neighboring facets: f4586 f4582 f4584
- f4581
    - flags: top simplicial
    - normal:  3.889e-05   0.9369  -0.3495
    - offset: 0.009064614
    - vertices: p4431(v934) p4560(v718) p5937(v293)
    - neighboring facets: f3557 f4583 f4582
- f4582
    - flags: bottom simplicial
    - normal:  4.538e-06   0.9395  -0.3426
    - offset: 0.009250689
    - vertices: p4431(v934) p4560(v718) p4646(v568)
    - neighboring facets: f3559 f4580 f4581
- f4583
    - flags: bottom simplicial
    - normal:  7.077e-06    0.943  -0.3328
    - offset: 0.009518594
    - vertices: p4431(v934) p9525(v844) p5937(v293)
    - neighboring facets: f4155 f4581 f4584
- f4584
    - flags: top simplicial
    - normal:  5.19e-06    0.943  -0.3328
    - offset: 0.009519227
    - vertices: p4431(v934) p9525(v844) p7389(v842)
    - neighboring facets: f4588 f4580 f4583
- f4585
    - flags: top simplicial
    - normal:  -3.305e-05   0.9444  -0.3288
    - offset: 0.00962437
    - vertices: p88(v935) p9141(v717) p4646(v568)
    - neighboring facets: f4154 f4586 f4587
- f4586
    - flags: bottom simplicial
    - normal:  -2.535e-05   0.9439  -0.3301
    - offset: 0.00958957
    - vertices: p88(v935) p7389(v842) p4646(v568)
    - neighboring facets: f4580 f4585 f4588
- f4587
    - flags: top simplicial
    - normal:  -4.291e-06   0.9436   -0.331
    - offset: 0.009567533
    - vertices: p88(v935) p9525(v844) p9141(v717)
    - neighboring facets: f4160 f4585 f4588
- f4588
    - flags: bottom simplicial
    - normal:  -2.52e-07   0.9433  -0.3319
    - offset: 0.009542993
    - vertices: p88(v935) p9525(v844) p7389(v842)
    - neighboring facets: f4584 f4586 f4587
- f4589
    - flags: bottom simplicial
    - normal:  4.286e-05    0.949  -0.3153
    - offset: 0.009988797
    - vertices: p9399(v936) p9525(v844) p5957(v423)
    - neighboring facets: f4160 f4591 f4590
- f4590
    - flags: top simplicial
    - normal:  7.821e-05   0.9497  -0.3131
    - offset: 0.01004919
    - vertices: p9399(v936) p9525(v844) p8328(v569)
    - neighboring facets: f4156 f4592 f4589
- f4591
    - flags: top simplicial
    - normal:  3.896e-05   0.9519  -0.3065
    - offset: 0.01022193
    - vertices: p9399(v936) p590(v714) p5957(v423)
    - neighboring facets: f4140 f4589 f4592
- f4592
    - flags: bottom simplicial
    - normal:  5.702e-05   0.9517  -0.3069
    - offset: 0.01021051
    - vertices: p9399(v936) p590(v714) p8328(v569)
    - neighboring facets: f3543 f4590 f4591
- f4593
    - flags: top simplicial
    - normal:  -0.0001342   0.8657  -0.5005
    - offset: 0.004528809
    - vertices: p1616(v937) p7028(v720) p8477(v571)
    - neighboring facets: f3566 f4594 f4603
- f4594
    - flags: bottom simplicial
    - normal:  -8.11e-05   0.8626   -0.506
    - offset: 0.004352849
    - vertices: p1616(v937) p5701(v848) p8477(v571)
    - neighboring facets: f4172 f4593 f4600
- f4598
    - flags: bottom simplicial
    - normal:  0.001039   0.8724  -0.4887
    - offset: 0.004948154
    - vertices: p1959(v938) p3538(v573) p5387(v117)
    - neighboring facets: f2871 f4599 f4876
- f4599
    - flags: top simplicial
    - normal:  7.545e-05   0.8613  -0.5081
    - offset:  0.0042882
    - vertices: p1959(v938) p5701(v848) p5387(v117)
    - neighboring facets: f4172 f4598 f4600
- f4600
    - flags: top simplicial
    - normal:  2.24e-06   0.8682  -0.4962
    - offset: 0.00467397
    - vertices: p1959(v938) p1616(v937) p5701(v848)
    - neighboring facets: f4594 f4599 f4603
- f4603
    - flags: bottom simplicial
    - normal:  -5.786e-07   0.8705  -0.4922
    - offset: 0.00480487
    - vertices: p1959(v938) p1616(v937) p7028(v720)
    - neighboring facets: f4593 f4878 f4600
- f4605
    - flags: top simplicial
    - normal:  -6.263e-06   0.7933  -0.6088
    - offset: 0.0007605534
    - vertices: p1209(v939) p431(v428) p1337(v427)
    - neighboring facets: f2864 f4606 f4880
- f4606
    - flags: bottom simplicial
    - normal:  -3.627e-06   0.7933  -0.6089
    - offset: 0.0007582504
    - vertices: p1209(v939) p663(v574) p1337(v427)
    - neighboring facets: f2857 f4605 f4607
- f4607
    - flags: top simplicial
    - normal:  4.071e-07   0.7933  -0.6088
    - offset: 0.0007592178
    - vertices: p1209(v939) p663(v574) p6594(v118)
    - neighboring facets: f2856 f4608 f4606
- f4608
    - flags: bottom simplicial
    - normal:  1.32e-06   0.7933  -0.6088
    - offset: 0.000761681
    - vertices: p1209(v939) p8333(v849) p6594(v118)
    - neighboring facets: f4180 f4607 f4881
- f4609
    - flags: bottom simplicial
    - normal:  -7.5e-07   0.7938  -0.6082
    - offset: 0.0007815957
    - vertices: p7120(v940) p431(v428) p4767(v296)
    - neighboring facets: f2868 f4610 f4611
- f4610
    - flags: top simplicial
    - normal:  3.453e-06   0.7934  -0.6087
    - offset: 0.000762707
    - vertices: p7120(v940) p8333(v849) p4767(v296)
    - neighboring facets: f4180 f4609 f4611
- f4611
    - flags: bottom simplicial
    - normal:  -9.106e-07   0.7934  -0.6087
    - offset: 0.0007642879
    - vertices: p7120(v940) p8333(v849) p431(v428)
    - neighboring facets: f4879 f4609 f4610
- f4612
    - flags: top simplicial
    - normal:   -0.9238 8.357e-06   0.3828
    - offset: -0.05946965
    - vertices: p8448(v941) p540(v731) p7337(v320)
    - neighboring facets: f3611 f4613 f4614
- f4613
    - flags: bottom simplicial
    - normal:    -0.958 -0.000348   0.2866
    - offset: -0.05886018
    - vertices: p8448(v941) p8503(v852) p7337(v320)
    - neighboring facets: f4194 f4612 f4614
- f4614
    - flags: top simplicial
    - normal:   -0.9515 0.001134   0.3077
    - offset: -0.05899581
    - vertices: p8448(v941) p8503(v852) p540(v731)
    - neighboring facets: f4193 f4612 f4613
- f4615
    - flags: top simplicial
    - normal:  -0.001338   0.5422   0.8403
    - offset: -0.00979917
    - vertices: p2363(v942) p1593(v740) p1111(v131)
    - neighboring facets: f3651 f4616 f4617
- f4616
    - flags: bottom simplicial
    - normal:  -0.0004176   0.5586   0.8294
    - offset: -0.009146794
    - vertices: p2363(v942) p2365(v854) p1111(v131)
    - neighboring facets: f4203 f4615 f4618
- f4617
    - flags: bottom simplicial
    - normal:  -2.806e-05   0.5376   0.8432
    - offset: -0.009900925
    - vertices: p2363(v942) p1593(v740) p8954(v607)
    - neighboring facets: f4210 f4618 f4615
- f4618
    - flags: top simplicial
    - normal:  -1.569e-05   0.5377   0.8431
    - offset: -0.009895828
    - vertices: p2363(v942) p2365(v854) p8954(v607)
    - neighboring facets: f4199 f4617 f4616
- f4619
    - flags: top simplicial
    - normal:  -5.978e-05   0.4701   0.8826
    - offset: -0.01231016
    - vertices: p7062(v943) p3334(v327) p7379(v220)
    - neighboring facets: f4228 f4620 f4621
- f4620
    - flags: bottom simplicial
    - normal:  -0.0001525   0.4743   0.8804
    - offset: -0.01216919
    - vertices: p7062(v943) p6008(v855) p7379(v220)
    - neighboring facets: f4207 f4619 f4621
- f4621
    - flags: top simplicial
    - normal:  -2.984e-06   0.5344   0.8453
    - offset: -0.01001805
    - vertices: p7062(v943) p6008(v855) p3334(v327)
    - neighboring facets: f4208 f4619 f4620
- f4622
    - flags: top simplicial
    - normal:  0.0002069  0.03709   0.9993
    - offset: -0.02524715
    - vertices: p8924(v944) p2851(v857) p5677(v744)
    - neighboring facets: f4214 f5011 f5014
- f4630
    - flags: bottom simplicial tested
    - normal:  -0.0003607  0.02777   0.9996
    - offset: -0.02551147
    - center: -0.048731 -0.02502876666666666 0.0261991 
    - vertices: p9110(v945) p2613(v858) p3417(v610)
    - neighboring facets: f4220 f5156 f4631
    - ridges:
- f4631
    - flags: top simplicial tested
    - normal:  -0.0001615  0.02652   0.9996
    - offset: -0.02553419
    - center: -0.0441967 -0.02499003333333333 0.0261991 
    - vertices: p9110(v945) p2613(v858) p5677(v744)
    - neighboring facets: f4884 f5162 f4630
    - ridges:
- f4633
    - flags: top simplicial
    - normal:  -9.743e-05   0.1442   0.9895
    - offset: -0.02240464
    - vertices: p6728(v946) p3723(v619) p595(v133)
    - neighboring facets: f3083 f4636 f4634
- f4634
    - flags: bottom simplicial
    - normal:  -5.852e-06   0.1309   0.9914
    - offset: -0.02276474
    - vertices: p6728(v946) p3723(v619) p9150(v470)
    - neighboring facets: f3083 f4635 f4633
- f4635
    - flags: top simplicial
    - normal:  -1.252e-06   0.1306   0.9914
    - offset: -0.02277038
    - vertices: p6728(v946) p246(v861) p9150(v470)
    - neighboring facets: f4236 f4634 f4891
- f4636
    - flags: bottom simplicial
    - normal:  4.933e-07   0.2159   0.9764
    - offset: -0.02036441
    - vertices: p6728(v946) p706(v862) p595(v133)
    - neighboring facets: f4242 f4633 f4637
- f4637
    - flags: top simplicial
    - normal:  0.000677    0.191   0.9816
    - offset: -0.02106239
    - vertices: p6728(v946) p706(v862) p7935(v466)
    - neighboring facets: f4240 f4890 f4636
- f4638
    - flags: bottom simplicial
    - normal:  1.777e-05   0.2164   0.9763
    - offset: -0.02035005
    - vertices: p4785(v947) p706(v862) p5634(v331)
    - neighboring facets: f4244 f4641 f4639
- f4639
    - flags: top simplicial
    - normal:  1.47e-07   0.2164   0.9763
    - offset: -0.02035005
    - vertices: p4785(v947) p706(v862) p5191(v746)
    - neighboring facets: f4242 f4640 f4638
- f4640
    - flags: bottom simplicial
    - normal:  -2.883e-06   0.2166   0.9763
    - offset: -0.02034554
    - vertices: p4785(v947) p3727(v860) p5191(v746)
    - neighboring facets: f4232 f4639 f4642
- f4641
    - flags: top simplicial
    - normal:  1.044e-05    0.218   0.9759
    - offset: -0.02030456
    - vertices: p4785(v947) p7429(v468) p5634(v331)
    - neighboring facets: f2332 f4638 f4642
- f4642
    - flags: top simplicial
    - normal:  -1.344e-06   0.2169   0.9762
    - offset: -0.0203374
    - vertices: p4785(v947) p3727(v860) p7429(v468)
    - neighboring facets: f4232 f4641 f4640
- f4643
    - flags: bottom simplicial
    - normal:  0.0005249   0.3925   0.9198
    - offset: -0.01490551
    - vertices: p7470(v948) p8316(v465) p4645(v463)
    - neighboring facets: f2318 f4645 f4644
- f4644
    - flags: bottom simplicial
    - normal:  0.0005574   0.3917   0.9201
    - offset: -0.0149279
    - vertices: p7470(v948) p2219(v863) p8316(v465)
    - neighboring facets: f4246 f4643 f4646
- f4645
    - flags: bottom simplicial
    - normal:  0.0001316   0.3852   0.9228
    - offset: -0.01515385
    - vertices: p7470(v948) p4645(v463) p5397(v218)
    - neighboring facets: f2318 f4892 f4643
- f4646
    - flags: top simplicial
    - normal:  3.055e-05   0.3823   0.9241
    - offset: -0.01525248
    - vertices: p7470(v948) p2219(v863) p5064(v749)
    - neighboring facets: f4245 f4896 f4644
- f4649
    - flags: top simplicial
    - normal:  0.0001213  -0.6912   0.7227
    - offset: -0.05197136
    - vertices: p2870(v949) p8952(v756) p1585(v623)
    - neighboring facets: f3741 f4651 f4650
- f4650
    - flags: top simplicial
    - normal:  0.0001629  -0.6903   0.7236
    - offset: -0.05194448
    - vertices: p2870(v949) p4108(v867) p8952(v756)
    - neighboring facets: f4274 f4649 f4652
- f4651
    - flags: bottom simplicial
    - normal:  3.165e-06  -0.6765   0.7364
    - offset: -0.05156787
    - vertices: p2870(v949) p7852(v758) p1585(v623)
    - neighboring facets: f4673 f4649 f4652
- f4652
    - flags: bottom simplicial
    - normal:  3.11e-06  -0.6764   0.7365
    - offset: -0.05156599
    - vertices: p2870(v949) p4108(v867) p7852(v758)
    - neighboring facets: f4305 f4651 f4650
- f4657
    - flags: top simplicial
    - normal:  0.003282  -0.5895   0.8078
    - offset: -0.04887949
    - vertices: p3666(v951) p6097(v765) p8530(v629)
    - neighboring facets: f3782 f4659 f4901
- f4659
    - flags: bottom simplicial
    - normal:  0.0003748  -0.6046   0.7966
    - offset: -0.04944173
    - vertices: p3666(v951) p1322(v950) p8530(v629)
    - neighboring facets: f4898 f4657 f4660
- f4660
    - flags: top simplicial
    - normal:  0.0003127  -0.6032   0.7976
    - offset: -0.04940207
    - vertices: p3666(v951) p1322(v950) p1273(v870)
    - neighboring facets: f5021 f4902 f4659
- f4661
    - flags: bottom simplicial
    - normal:  -0.002171  -0.6037   0.7972
    - offset: -0.04953243
    - vertices: p9434(v952) p577(v871) p9594(v759)
    - neighboring facets: f4290 f5019 f4665
- f4665
    - flags: top simplicial
    - normal:  -0.005491  -0.5944   0.8042
    - offset: -0.0494056
    - vertices: p9434(v952) p577(v871) p5591(v476)
    - neighboring facets: f4292 f4688 f4661
- f4667
    - flags: bottom simplicial
    - normal:  -0.0005108  -0.5311   0.8473
    - offset: -0.04713098
    - vertices: p7380(v953) p9750(v872) p3637(v626)
    - neighboring facets: f4297 f4910 f4669
- f4669
    - flags: top simplicial
    - normal:  -0.000685  -0.5377   0.8432
    - offset: -0.04735454
    - vertices: p7380(v953) p9750(v872) p4537(v760)
    - neighboring facets: f4295 f4908 f4667
- f4671
    - flags: top simplicial
    - normal:  -2.821e-06  -0.6756   0.7372
    - offset: -0.05154343
    - vertices: p4102(v954) p7489(v874) p7852(v758)
    - neighboring facets: f4305 f4673 f4679
- f4672
    - flags: top simplicial
    - normal:  -5.026e-05  -0.6764   0.7366
    - offset: -0.05156618
    - vertices: p4102(v954) p1585(v623) p1686(v336)
    - neighboring facets: f3103 f4683 f4673
- f4673
    - flags: top simplicial
    - normal:  -1.591e-05   -0.676   0.7369
    - offset: -0.05155458
    - vertices: p4102(v954) p7852(v758) p1585(v623)
    - neighboring facets: f4651 f4672 f4671
- f4674
    - flags: top simplicial
    - normal:  1.256e-05  -0.6742   0.7385
    - offset: -0.05150385
    - vertices: p1961(v955) p8223(v877) p5411(v764)
    - neighboring facets: f4318 f4675 f4911
- f4675
    - flags: top simplicial
    - normal:  2.237e-06  -0.6755   0.7374
    - offset: -0.05153841
    - vertices: p1961(v955) p5411(v764) p3609(v473)
    - neighboring facets: f3776 f4677 f4674
- f4677
    - flags: bottom simplicial
    - normal:  6.186e-07  -0.6755   0.7373
    - offset: -0.05154008
    - vertices: p1961(v955) p7489(v874) p3609(v473)
    - neighboring facets: f4304 f4675 f4679
- f4679
    - flags: bottom simplicial
    - normal:  -3.154e-06  -0.6756   0.7373
    - offset: -0.0515422
    - vertices: p1961(v955) p4102(v954) p7489(v874)
    - neighboring facets: f4671 f4677 f4684
- f4680
    - flags: bottom simplicial
    - normal:  -0.002605  -0.6515   0.7586
    - offset: -0.05099098
    - vertices: p7414(v956) p9594(v759) p1686(v336)
    - neighboring facets: f3753 f4683 f4914
- f4683
    - flags: top simplicial
    - normal:  -6.325e-06  -0.6756   0.7373
    - offset: -0.05154235
    - vertices: p7414(v956) p4102(v954) p1686(v336)
    - neighboring facets: f4672 f4680 f4684
- f4684
    - flags: top simplicial
    - normal:  -3.718e-06  -0.6756   0.7373
    - offset: -0.05154207
    - vertices: p7414(v956) p1961(v955) p4102(v954)
    - neighboring facets: f4679 f4683 f4912
- f4686
    - flags: top simplicial
    - normal:  3.777e-05   -0.565   0.8251
    - offset: -0.04821241
    - vertices: p7107(v957) p9315(v878) p6097(v765)
    - neighboring facets: f4321 f4916 f4687
- f4687
    - flags: bottom simplicial
    - normal:  -0.0001041  -0.5603   0.8283
    - offset: -0.04806957
    - vertices: p7107(v957) p9315(v878) p5591(v476)
    - neighboring facets: f4320 f4688 f4686
- f4688
    - flags: top simplicial
    - normal:  -0.003809  -0.5924   0.8056
    - offset: -0.04926264
    - vertices: p7107(v957) p9434(v952) p5591(v476)
    - neighboring facets: f4665 f4687 f4689
- f4689
    - flags: bottom simplicial
    - normal:  -0.0004977  -0.5968   0.8024
    - offset: -0.04923952
    - vertices: p7107(v957) p9434(v952) p1273(v870)
    - neighboring facets: f4906 f4917 f4688
- f4693
    - flags: bottom simplicial
    - normal:  8.809e-07   0.9763   0.2164
    - offset: 0.01247583
    - vertices: p8661(v958) p1578(v635) p7673(v342)
    - neighboring facets: f3813 f4700 f4695
- f4694
    - flags: bottom simplicial
    - normal:  0.0001957   0.9777   0.2101
    - offset: 0.01263119
    - vertices: p4443(v959) p2356(v770) p1578(v635)
    - neighboring facets: f3805 f4695 f4697
- f4695
    - flags: top simplicial
    - normal:  7.679e-06   0.9763   0.2163
    - offset: 0.01247967
    - vertices: p4443(v959) p8661(v958) p1578(v635)
    - neighboring facets: f4693 f4694 f4700
- f4696
    - flags: bottom simplicial
    - normal:  0.002011   0.9821   0.1882
    - offset: 0.01320403
    - vertices: p4443(v959) p2583(v338) p792(v257)
    - neighboring facets: f2385 f4697 f4698
- f4697
    - flags: top simplicial
    - normal:  0.001347   0.9823   0.1872
    - offset: 0.01320404
    - vertices: p4443(v959) p2356(v770) p792(v257)
    - neighboring facets: f3806 f4696 f4694
- f4698
    - flags: top simplicial
    - normal:  0.0005143   0.9772   0.2121
    - offset: 0.01259498
    - vertices: p4443(v959) p2583(v338) p108(v162)
    - neighboring facets: f2374 f4699 f4696
- f4699
    - flags: bottom simplicial
    - normal:  8.342e-06   0.9763   0.2164
    - offset: 0.01247744
    - vertices: p4443(v959) p7673(v342) p108(v162)
    - neighboring facets: f2375 f4698 f4700
- f4700
    - flags: bottom simplicial
    - normal:  6.28e-06   0.9763   0.2164
    - offset: 0.01247744
    - vertices: p4443(v959) p8661(v958) p7673(v342)
    - neighboring facets: f4693 f4699 f4695
- f4701
    - flags: top simplicial
    - normal:  4.028e-07   0.6756   0.7373
    - offset: -0.004521399
    - vertices: p8559(v960) p5018(v775) p5050(v216)
    - neighboring facets: f3829 f4702 f4704
- f4702
    - flags: top simplicial
    - normal:  -3.98e-06   0.6756   0.7373
    - offset: -0.004522707
    - vertices: p8559(v960) p5050(v216) p2875(v24)
    - neighboring facets: f1594 f4703 f4701
- f4703
    - flags: bottom simplicial
    - normal:  -5.812e-06   0.6756   0.7373
    - offset: -0.004521957
    - vertices: p8559(v960) p190(v881) p2875(v24)
    - neighboring facets: f4333 f4702 f4707
- f4704
    - flags: top simplicial
    - normal:  2.116e-06   0.6756   0.7372
    - offset: -0.004518577
    - vertices: p8559(v960) p4229(v882) p5018(v775)
    - neighboring facets: f4339 f4701 f4705
- f4705
    - flags: bottom simplicial
    - normal:  2.32e-06   0.6757   0.7372
    - offset: -0.004516254
    - vertices: p8559(v960) p4229(v882) p7465(v637)
    - neighboring facets: f4338 f4706 f4704
- f4706
    - flags: top simplicial
    - normal:  -0.0002427    0.692   0.7219
    - offset: -0.003843388
    - vertices: p8559(v960) p9824(v773) p7465(v637)
    - neighboring facets: f3825 f4705 f4707
- f4707
    - flags: top simplicial
    - normal:  -0.0002775   0.6925   0.7214
    - offset: -0.003825931
    - vertices: p8559(v960) p190(v881) p9824(v773)
    - neighboring facets: f4334 f4706 f4703
- f4708
    - flags: bottom simplicial
    - normal:  -0.003845   0.7999   0.6001
    - offset: 0.0008948346
    - vertices: p549(v961) p3394(v642) p2311(v144)
    - neighboring facets: f3190 f4709 f4710
- f4709
    - flags: top simplicial
    - normal:  -0.00339   0.7998   0.6003
    - offset: 0.0009104078
    - vertices: p549(v961) p4786(v886) p2311(v144)
    - neighboring facets: f4355 f4708 f5027
- f4710
    - flags: top simplicial
    - normal:  -6.651e-05   0.8429   0.5381
    - offset: 0.003281811
    - vertices: p549(v961) p3394(v642) p5121(v490)
    - neighboring facets: f3189 f4919 f4708
- f4715
    - flags: bottom simplicial
    - normal:  1.19e-06  -0.9763   0.2163
    - offset: -0.05547333
    - vertices: p8403(v962) p4754(v889) p2306(v782)
    - neighboring facets: f4372 f4716 f4932
- f4716
    - flags: top simplicial
    - normal:  4.961e-06  -0.9763   0.2163
    - offset: -0.05547333
    - vertices: p8403(v962) p2693(v888) p2306(v782)
    - neighboring facets: f4369 f4715 f4718
- f4717
    - flags: top simplicial
    - normal:  1.04e-05  -0.9763   0.2164
    - offset: -0.05547397
    - vertices: p8403(v962) p8634(v534) p5755(v167)
    - neighboring facets: f4530 f4718 f4931
- f4718
    - flags: bottom simplicial
    - normal:  1.026e-05  -0.9763   0.2164
    - offset: -0.05547359
    - vertices: p8403(v962) p2693(v888) p5755(v167)
    - neighboring facets: f4368 f4717 f4716
- f4727
    - flags: bottom simplicial
    - normal:  -1.706e-07  -0.9915   0.1305
    - offset: -0.05458576
    - vertices: p9890(v964) p7075(v781) p6519(v646)
    - neighboring facets: f3858 f4736 f4729
- f4729
    - flags: top simplicial
    - normal:  -5.046e-06  -0.9915   0.1304
    - offset: -0.05458567
    - vertices: p9890(v964) p7075(v781) p3785(v351)
    - neighboring facets: f3855 f4730 f4727
- f4730
    - flags: bottom simplicial
    - normal:  -5.645e-06  -0.9915   0.1305
    - offset: -0.05458588
    - vertices: p9890(v964) p4679(v890) p3785(v351)
    - neighboring facets: f4376 f4729 f4737
- f4732
    - flags: bottom simplicial
    - normal:  7.229e-06  -0.9914   0.1305
    - offset:  -0.054586
    - vertices: p1408(v965) p6519(v646) p7645(v494)
    - neighboring facets: f3215 f4935 f4736
- f4733
    - flags: bottom simplicial
    - normal:  -1.981e-05  -0.9787   0.2051
    - offset: -0.05538073
    - vertices: p1408(v965) p2306(v782) p1003(v647)
    - neighboring facets: f4372 f4734 f4936
- f4734
    - flags: top simplicial
    - normal:  -0.0001442  -0.9829   0.1842
    - offset: -0.05519335
    - vertices: p1408(v965) p7077(v891) p1003(v647)
    - neighboring facets: f4381 f4733 f4735
- f4735
    - flags: bottom simplicial
    - normal:  -6.316e-06  -0.9914   0.1312
    - offset: -0.05459474
    - vertices: p1408(v965) p7077(v891) p4679(v890)
    - neighboring facets: f4383 f4737 f4734
- f4736
    - flags: bottom simplicial
    - normal:  7.049e-07  -0.9914   0.1306
    - offset: -0.05458705
    - vertices: p1408(v965) p9890(v964) p6519(v646)
    - neighboring facets: f4727 f4732 f4737
- f4737
    - flags: top simplicial
    - normal:  -2.349e-07  -0.9914   0.1306
    - offset: -0.05458769
    - vertices: p1408(v965) p9890(v964) p4679(v890)
    - neighboring facets: f4730 f4735 f4736
- f4746
    - flags: bottom simplicial tested
    - normal:    0.7053  -0.7089 0.0001709
    - offset: -0.01864475
    - center: -0.02658056666666666 -0.0527441 0.001292320000000001 
    - vertices: p6110(v968) p7688(v498) p5689(v355)
    - neighboring facets: f3894 f5169 f4748
    - ridges:
- f4748
    - flags: bottom simplicial tested
    - normal:     0.724  -0.6899 0.0002836
    - offset: -0.01716018
    - center: -0.02613326666666667 -0.05229506666666667 0.01234578666666667 
    - vertices: p6110(v968) p676(v892) p7688(v498)
    - neighboring facets: f4389 f4746 f4946
- f4749
    - flags: bottom simplicial tested
    - normal:    0.7149  -0.6992 -8.604e-05
    - offset: -0.01788085
    - center: -0.02617933333333333 -0.05234243333333333 -0.009002979999999999 
    - vertices: p6110(v968) p3765(v787) p4298(v648)
    - neighboring facets: f4941 f4948 f5171
    - ridges:
- f4754
    - flags: top simplicial
    - normal:    0.8339   -0.552 -0.000577
    - offset: -0.007101144
    - vertices: p8092(v969) p3696(v895) p1173(v786)
    - neighboring facets: f4403 f4957 f5040
- f4756
    - flags: bottom simplicial
    - normal:    0.8769  -0.4807 0.0009576
    - offset: -0.002271565
    - vertices: p5253(v970) p6391(v791) p3877(v500)
    - neighboring facets: f3907 f4954 f4951
- f4760
    - flags: top simplicial
    - normal:    0.9084  -0.4181 -6.925e-05
    - offset: 0.00181469
    - vertices: p6850(v971) p6102(v654) p1395(v90)
    - neighboring facets: f3253 f4761 f4762
- f4761
    - flags: bottom simplicial
    - normal:    0.8976  -0.4408 -3.051e-05
    - offset: 0.0003575755
    - vertices: p6850(v971) p8790(v896) p1395(v90)
    - neighboring facets: f4765 f4760 f4762
- f4762
    - flags: top simplicial
    - normal:    0.9084  -0.4182 -5.981e-05
    - offset: 0.001812542
    - vertices: p6850(v971) p8790(v896) p6102(v654)
    - neighboring facets: f4764 f4760 f4761
- f4763
    - flags: top simplicial
    - normal:    0.9165  -0.4001 2.024e-06
    - offset: 0.002963093
    - vertices: p730(v972) p6391(v791) p6102(v654)
    - neighboring facets: f3906 f4764 f4953
- f4764
    - flags: bottom simplicial
    - normal:    0.9143   -0.405 -7.617e-06
    - offset: 0.002654892
    - vertices: p730(v972) p8790(v896) p6102(v654)
    - neighboring facets: f4762 f4763 f4765
- f4765
    - flags: top simplicial
    - normal:    0.8886  -0.4587 -3.948e-06
    - offset: -0.0008097423
    - vertices: p730(v972) p8790(v896) p1395(v90)
    - neighboring facets: f4761 f4952 f4764
- f4768
    - flags: top simplicial
    - normal:     0.977  -0.2134 -2.825e-06
    - offset: 0.01422287
    - vertices: p2934(v973) p2013(v793) p2749(v655)
    - neighboring facets: f3917 f4769 f4770
- f4769
    - flags: bottom simplicial
    - normal:    0.9768   -0.214 -2.176e-06
    - offset: 0.01418625
    - vertices: p2934(v973) p1955(v897) p2749(v655)
    - neighboring facets: f4411 f4768 f4770
- f4770
    - flags: top simplicial
    - normal:    0.9769  -0.2137 -1.507e-06
    - offset: 0.01420327
    - vertices: p2934(v973) p1955(v897) p2013(v793)
    - neighboring facets: f4409 f4768 f4769
- f4771
    - flags: bottom simplicial
    - normal:    0.7626 0.0001976   0.6469
    - offset: 0.003184809
    - vertices: p1584(v974) p1175(v665) p4843(v659)
    - neighboring facets: f3315 f4772 f4790
- f4772
    - flags: top simplicial
    - normal:    0.7049 0.001635   0.7093
    - offset: 0.0001173463
    - vertices: p1584(v974) p7483(v900) p4843(v659)
    - neighboring facets: f4775 f4771 f4791
- f4774
    - flags: top simplicial
    - normal:    0.6636 0.004445   0.7481
    - offset: -0.001874742
    - vertices: p5996(v975) p3939(v797) p4843(v659)
    - neighboring facets: f3936 f4775 f4776
- f4775
    - flags: bottom simplicial
    - normal:    0.6642 0.004348   0.7476
    - offset: -0.001850603
    - vertices: p5996(v975) p7483(v900) p4843(v659)
    - neighboring facets: f4772 f4774 f4959
- f4776
    - flags: top simplicial
    - normal:    0.5066 -4.074e-05   0.8622
    - offset: -0.009126218
    - vertices: p5996(v975) p6655(v901) p3939(v797)
    - neighboring facets: f4779 f4774 f4960
- f4778
    - flags: bottom simplicial
    - normal:    0.4441 5.415e-05    0.896
    - offset: -0.01165045
    - vertices: p6799(v976) p3939(v797) p2741(v660)
    - neighboring facets: f3934 f4780 f4779
- f4779
    - flags: bottom simplicial
    - normal:    0.4967 -0.0001056   0.8679
    - offset: -0.009536545
    - vertices: p6799(v976) p6655(v901) p3939(v797)
    - neighboring facets: f4776 f4778 f4781
- f4780
    - flags: bottom simplicial
    - normal:    0.4362 -0.0002238   0.8998
    - offset: -0.01197053
    - vertices: p6799(v976) p2741(v660) p7161(v50)
    - neighboring facets: f3290 f4781 f4778
- f4781
    - flags: top simplicial
    - normal:    0.4705 -0.0008285   0.8824
    - offset: -0.01063461
    - vertices: p6799(v976) p6655(v901) p7161(v50)
    - neighboring facets: f4782 f4780 f4779
- f4782
    - flags: bottom simplicial
    - normal:    0.4788 -0.002985   0.8779
    - offset: -0.01039263
    - vertices: p27(v977) p6655(v901) p7161(v50)
    - neighboring facets: f4781 f4784 f4963
- f4784
    - flags: top simplicial
    - normal:     0.202 -0.01792   0.9792
    - offset: -0.02101169
    - vertices: p27(v977) p1973(v244) p7161(v50)
    - neighboring facets: f3660 f4782 f4795
- f4786
    - flags: bottom simplicial
    - normal:    0.7579 -0.05977   0.6496
    - offset: 0.0003877568
    - vertices: p27(v977) p1446(v802) p1175(v665)
    - neighboring facets: f3958 f4962 f4787
- f4787
    - flags: bottom simplicial
    - normal:    0.7277 -0.09647   0.6791
    - offset: -0.002823869
    - vertices: p27(v977) p2397(v903) p1446(v802)
    - neighboring facets: f4440 f4786 f4796
- f4790
    - flags: top simplicial
    - normal:    0.6934 -0.0003346   0.7205
    - offset: -0.0005493538
    - vertices: p2220(v978) p1584(v974) p1175(v665)
    - neighboring facets: f4771 f4961 f4791
- f4791
    - flags: bottom simplicial
    - normal:    0.6803 0.0003612    0.733
    - offset: -0.001189146
    - vertices: p2220(v978) p1584(v974) p7483(v900)
    - neighboring facets: f4772 f4958 f4790
- f4792
    - flags: bottom simplicial
    - normal:    0.2089  -0.3721   0.9044
    - offset: -0.03521216
    - vertices: p324(v979) p6521(v801) p4744(v667)
    - neighboring facets: f3951 f4793 f4794
- f4793
    - flags: top simplicial
    - normal:     0.417  -0.2916   0.8609
    - offset: -0.02470037
    - vertices: p324(v979) p2397(v903) p4744(v667)
    - neighboring facets: f4441 f4792 f4796
- f4794
    - flags: top simplicial
    - normal:  0.0008651  -0.3013   0.9535
    - offset: -0.0387596
    - vertices: p324(v979) p6521(v801) p2594(v366)
    - neighboring facets: f3998 f4800 f4792
- f4795
    - flags: bottom simplicial
    - normal:    0.3878  -0.2026   0.8992
    - offset: -0.02229541
    - vertices: p324(v979) p27(v977) p1973(v244)
    - neighboring facets: f4784 f4797 f4796
- f4796
    - flags: top simplicial
    - normal:    0.4301   -0.211   0.8778
    - offset: -0.02099682
    - vertices: p324(v979) p27(v977) p2397(v903)
    - neighboring facets: f4787 f4793 f4795
- f4797
    - flags: top simplicial
    - normal:    0.0758  -0.2002   0.9768
    - offset: -0.03259691
    - vertices: p324(v979) p5199(v446) p1973(v244)
    - neighboring facets: f5056 f4795 f4798
- f4798
    - flags: bottom simplicial
    - normal:   0.02438   -0.231   0.9726
    - offset: -0.03532315
    - vertices: p324(v979) p5199(v446) p8833(v154)
    - neighboring facets: f3605 f4799 f4797
- f4799
    - flags: top simplicial
    - normal:  0.0006077  -0.2999    0.954
    - offset: -0.03871507
    - vertices: p324(v979) p4065(v810) p8833(v154)
    - neighboring facets: f4002 f4798 f4800
- f4800
    - flags: bottom simplicial
    - normal:  0.0006069  -0.3011   0.9536
    - offset: -0.03876023
    - vertices: p324(v979) p4065(v810) p2594(v366)
    - neighboring facets: f3998 f4794 f4799
- f4801
    - flags: bottom simplicial
    - normal:  -3.956e-05  -0.4028   0.9153
    - offset: -0.04262222
    - vertices: p5884(v980) p4193(v814) p1842(v515)
    - neighboring facets: f4017 f4804 f4802
- f4802
    - flags: bottom simplicial
    - normal:  -0.0001658  -0.3902   0.9207
    - offset: -0.04216128
    - vertices: p5884(v980) p925(v904) p4193(v814)
    - neighboring facets: f4984 f4801 f4968
- f4804
    - flags: top simplicial
    - normal:  0.001657  -0.3729   0.9279
    - offset: -0.04145658
    - vertices: p5884(v980) p6521(v801) p1842(v515)
    - neighboring facets: f3952 f4801 f4964
- f4808
    - flags: top simplicial
    - normal:  -0.002031  -0.3871    0.922
    - offset: -0.04213935
    - vertices: p1728(v981) p9230(v915) p3675(v675)
    - neighboring facets: f4490 f4833 f5067
- f4810
    - flags: bottom simplicial
    - normal:  -0.001765  -0.1702   0.9854
    - offset: -0.03360156
    - vertices: p5611(v982) p3927(v804) p6500(v672)
    - neighboring facets: f3972 f4811 f4812
- f4811
    - flags: top simplicial
    - normal:  -0.002057  -0.1609    0.987
    - offset: -0.03322636
    - vertices: p5611(v982) p2612(v906) p6500(v672)
    - neighboring facets: f4453 f4810 f4812
- f4812
    - flags: bottom simplicial
    - normal:  -0.00209   -0.161    0.987
    - offset: -0.03323429
    - vertices: p5611(v982) p2612(v906) p3927(v804)
    - neighboring facets: f4450 f4810 f4811
- f4813
    - flags: bottom simplicial
    - normal:  0.0004187  -0.2163   0.9763
    - offset: -0.0353984
    - vertices: p4816(v983) p9127(v729) p5199(v446)
    - neighboring facets: f3605 f4814 f4815
- f4814
    - flags: top simplicial
    - normal:  0.0003909  -0.2162   0.9763
    - offset: -0.03539397
    - vertices: p4816(v983) p8935(v907) p5199(v446)
    - neighboring facets: f4455 f4813 f4815
- f4815
    - flags: bottom simplicial
    - normal:  0.0003884  -0.2163   0.9763
    - offset: -0.03539917
    - vertices: p4816(v983) p8935(v907) p9127(v729)
    - neighboring facets: f4819 f4813 f4814
- f4816
    - flags: bottom simplicial
    - normal:  0.0003658  -0.2164   0.9763
    - offset: -0.03540154
    - vertices: p9404(v984) p3184(v805) p3104(v590)
    - neighboring facets: f3973 f4818 f4817
- f4817
    - flags: bottom simplicial
    - normal:  0.000375  -0.2163   0.9763
    - offset: -0.03539877
    - vertices: p9404(v984) p8935(v907) p3184(v805)
    - neighboring facets: f4455 f4816 f4819
- f4818
    - flags: top simplicial
    - normal:  0.0003747   -0.217   0.9762
    - offset: -0.03542526
    - vertices: p9404(v984) p9127(v729) p3104(v590)
    - neighboring facets: f3606 f4816 f4819
- f4819
    - flags: top simplicial
    - normal:  0.0003835  -0.2164   0.9763
    - offset: -0.03540108
    - vertices: p9404(v984) p8935(v907) p9127(v729)
    - neighboring facets: f4815 f4818 f4817
- f4821
    - flags: bottom simplicial
    - normal:  1.49e-06  -0.1785   0.9839
    - offset: -0.03386696
    - vertices: p9760(v985) p293(v908) p6500(v672)
    - neighboring facets: f4824 f4970 f4822
- f4822
    - flags: top simplicial
    - normal:  0.0001187  -0.1875   0.9823
    - offset: -0.03423455
    - vertices: p9760(v985) p293(v908) p3184(v805)
    - neighboring facets: f5058 f4971 f4821
- f4824
    - flags: top simplicial
    - normal:  -1.388e-05  -0.1704   0.9854
    - offset: -0.03353582
    - vertices: p2856(v986) p293(v908) p6500(v672)
    - neighboring facets: f4821 f5048 f5052
- f4828
    - flags: top simplicial
    - normal:  3.859e-05 -0.08274   0.9966
    - offset: -0.02982544
    - vertices: p5560(v987) p2129(v514) p1973(v244)
    - neighboring facets: f2571 f4977 f5063
- f4831
    - flags: bottom simplicial
    - normal:  -0.0004237  -0.3426   0.9395
    - offset: -0.04039124
    - vertices: p9938(v988) p8447(v914) p3675(v675)
    - neighboring facets: f4485 f4833 f4983
- f4833
    - flags: top simplicial
    - normal:  -0.0005773  -0.3848    0.923
    - offset: -0.04198336
    - vertices: p9938(v988) p1728(v981) p3675(v675)
    - neighboring facets: f4808 f4831 f4986
- f4836
    - flags: bottom simplicial
    - normal:    0.2991   0.9542 3.524e-06
    - offset: 0.02420752
    - vertices: p6632(v989) p3992(v921) p8965(v826)
    - neighboring facets: f4515 f4837 f4838
- f4837
    - flags: top simplicial
    - normal:    0.3005   0.9538 3.577e-08
    - offset: 0.02423774
    - vertices: p6632(v989) p2200(v922) p8965(v826)
    - neighboring facets: f4519 f4836 f4839
- f4838
    - flags: top simplicial
    - normal:     0.283   0.9591 -1.653e-05
    - offset: 0.02386244
    - vertices: p6632(v989) p3992(v921) p7961(v379)
    - neighboring facets: f4517 f4839 f4836
- f4839
    - flags: bottom simplicial
    - normal:    0.2905   0.9569 -4.589e-05
    - offset: 0.02402339
    - vertices: p6632(v989) p2200(v922) p7961(v379)
    - neighboring facets: f4520 f4838 f4837
- f4843
    - flags: bottom simplicial
    - normal:  -0.0007557  -0.9399   0.3415
    - offset: -0.05616212
    - vertices: p4584(v990) p9264(v262) p8016(v35)
    - neighboring facets: f1302 f5071 f4844
- f4844
    - flags: bottom simplicial
    - normal:  -4.364e-05  -0.9283   0.3717
    - offset: -0.05616504
    - vertices: p4584(v990) p9400(v829) p9264(v262)
    - neighboring facets: f4090 f4843 f4988
- f4852
    - flags: bottom simplicial
    - normal:  0.001443  -0.9027   0.4302
    - offset: -0.05603846
    - vertices: p3140(v992) p7412(v924) p5101(v536)
    - neighboring facets: f4534 f5001 f4856
- f4853
    - flags: bottom simplicial
    - normal:  -0.0003232  -0.9033    0.429
    - offset: -0.05610499
    - vertices: p3140(v992) p75(v830) p7015(v690)
    - neighboring facets: f4095 f5008 f5002
- f4856
    - flags: top simplicial
    - normal:  1.007e-05  -0.9239   0.3826
    - offset: -0.05616193
    - vertices: p3140(v992) p7412(v924) p9400(v829)
    - neighboring facets: f4534 f5010 f4852
- f4862
    - flags: top simplicial
    - normal:  0.000122  -0.8626   0.5059
    - offset: -0.05567297
    - vertices: p8906(v994) p6058(v831) p3254(v180)
    - neighboring facets: f4098 f4868 f4867
- f4864
    - flags: top simplicial
    - normal:  3.135e-05  -0.8436    0.537
    - offset: -0.05538829
    - vertices: p9861(v995) p528(v927) p5594(v832)
    - neighboring facets: f4549 f4866 f4865
- f4865
    - flags: bottom simplicial
    - normal:  1.077e-06  -0.8434   0.5373
    - offset: -0.05538648
    - vertices: p9861(v995) p528(v927) p1283(v926)
    - neighboring facets: f4552 f4870 f4864
- f4866
    - flags: top simplicial
    - normal:  0.0002897  -0.8524   0.5228
    - offset: -0.05551958
    - vertices: p9861(v995) p5594(v832) p6058(v831)
    - neighboring facets: f4104 f4867 f4864
- f4867
    - flags: bottom simplicial
    - normal:  0.0002283  -0.8527   0.5225
    - offset: -0.05552494
    - vertices: p9861(v995) p8906(v994) p6058(v831)
    - neighboring facets: f4862 f4866 f4868
- f4868
    - flags: top simplicial
    - normal:  4.061e-06  -0.8438   0.5366
    - offset: -0.05539347
    - vertices: p9861(v995) p8906(v994) p3254(v180)
    - neighboring facets: f4862 f4869 f4867
- f4869
    - flags: bottom simplicial
    - normal:  9.704e-07  -0.8437   0.5369
    - offset: -0.05539116
    - vertices: p9861(v995) p2458(v275) p3254(v180)
    - neighboring facets: f2009 f4868 f4870
- f4870
    - flags: bottom simplicial
    - normal:  1.713e-07  -0.8435   0.5371
    - offset: -0.05538844
    - vertices: p9861(v995) p1283(v926) p2458(v275)
    - neighboring facets: f4546 f4869 f4865
- f4871
    - flags: top simplicial
    - normal:  0.0004895  -0.3876  -0.9218
    - offset: -0.0420539
    - vertices: p2484(v996) p1440(v928) p1542(v273)
    - neighboring facets: f4556 f4873 f4872
- f4872
    - flags: bottom simplicial
    - normal:  0.0003997  -0.3886  -0.9214
    - offset: -0.04209207
    - vertices: p2484(v996) p1440(v928) p1243(v833)
    - neighboring facets: f4555 f4874 f4871
- f4873
    - flags: top simplicial
    - normal:  0.0007359  -0.3823  -0.9241
    - offset: -0.04184803
    - vertices: p2484(v996) p1542(v273) p1782(v103)
    - neighboring facets: f1358 f4874 f4871
- f4874
    - flags: bottom simplicial
    - normal:  0.0007165  -0.3819  -0.9242
    - offset: -0.04183723
    - vertices: p2484(v996) p1243(v833) p1782(v103)
    - neighboring facets: f4110 f4873 f4872
- f4875
    - flags: bottom simplicial
    - normal:  4.864e-05   0.8752  -0.4837
    - offset: 0.005080153
    - vertices: p8748(v997) p9916(v847) p3538(v573)
    - neighboring facets: f4169 f4876 f4877
- f4876
    - flags: top simplicial
    - normal:  5.812e-05    0.875  -0.4842
    - offset: 0.005064418
    - vertices: p8748(v997) p1959(v938) p3538(v573)
    - neighboring facets: f4598 f4875 f4878
- f4877
    - flags: top simplicial
    - normal:  3.69e-05   0.8745   -0.485
    - offset: 0.005039144
    - vertices: p8748(v997) p9916(v847) p7028(v720)
    - neighboring facets: f4170 f4878 f4875
- f4878
    - flags: bottom simplicial
    - normal:  1.234e-05   0.8717  -0.4901
    - offset: 0.004872978
    - vertices: p8748(v997) p1959(v938) p7028(v720)
    - neighboring facets: f4603 f4877 f4876
- f4879
    - flags: top simplicial
    - normal:  -1.108e-06   0.7934  -0.6087
    - offset: 0.0007636032
    - vertices: p451(v998) p8333(v849) p431(v428)
    - neighboring facets: f4611 f4880 f4881
- f4880
    - flags: bottom simplicial
    - normal:  -1.119e-06   0.7934  -0.6087
    - offset: 0.0007635851
    - vertices: p451(v998) p1209(v939) p431(v428)
    - neighboring facets: f4605 f4879 f4881
- f4881
    - flags: top simplicial
    - normal:  -1.108e-06   0.7934  -0.6087
    - offset: 0.0007635859
    - vertices: p451(v998) p1209(v939) p8333(v849)
    - neighboring facets: f4608 f4879 f4880
- f4882
    - flags: top simplicial
    - normal:  -0.0003446  0.04045   0.9992
    - offset: -0.02518325
    - vertices: p424(v999) p2613(v858) p9564(v77)
    - neighboring facets: f4220 f4883 f4884
- f4883
    - flags: bottom simplicial
    - normal:  -8.119e-05  0.04646   0.9989
    - offset: -0.02501584
    - vertices: p424(v999) p948(v332) p9564(v77)
    - neighboring facets: f1663 f4882 f5017
- f4884
    - flags: bottom simplicial
    - normal:  -0.0001461   0.0289   0.9996
    - offset: -0.02547238
    - vertices: p424(v999) p2613(v858) p5677(v744)
    - neighboring facets: f4631 f5012 f4882
- f4889
    - flags: bottom simplicial
    - normal:  0.0003676   0.1398   0.9902
    - offset: -0.02250804
    - vertices: p3816(v1000) p246(v861) p7935(v466)
    - neighboring facets: f4240 f4890 f4891
- f4890
    - flags: top simplicial
    - normal:  0.0001233   0.1409     0.99
    - offset: -0.02248722
    - vertices: p3816(v1000) p6728(v946) p7935(v466)
    - neighboring facets: f4637 f4889 f4891
- f4891
    - flags: bottom simplicial
    - normal:  1.18e-05   0.1312   0.9914
    - offset: -0.02275526
    - vertices: p3816(v1000) p6728(v946) p246(v861)
    - neighboring facets: f4635 f4889 f4890
- f4892
    - flags: bottom simplicial
    - normal:  4.146e-05   0.3835   0.9235
    - offset: -0.0152122
    - vertices: p1211(v1001) p7470(v948) p5397(v218)
    - neighboring facets: f4645 f4893 f4896
- f4893
    - flags: top simplicial
    - normal:  -1.056e-06   0.3827   0.9239
    - offset: -0.01523795
    - vertices: p1211(v1001) p7089(v454) p5397(v218)
    - neighboring facets: f2995 f4892 f4894
- f4894
    - flags: bottom simplicial
    - normal:  -2.145e-07   0.3827   0.9239
    - offset: -0.01524033
    - vertices: p1211(v1001) p7089(v454) p4780(v453)
    - neighboring facets: f3706 f4895 f4893
- f4895
    - flags: top simplicial
    - normal:  1.549e-06   0.3826   0.9239
    - offset: -0.01524384
    - vertices: p1211(v1001) p5064(v749) p4780(v453)
    - neighboring facets: f3706 f4894 f4896
- f4896
    - flags: top simplicial
    - normal:  2.875e-05   0.3823    0.924
    - offset: -0.01525187
    - vertices: p1211(v1001) p7470(v948) p5064(v749)
    - neighboring facets: f4646 f4895 f4892
- f4897
    - flags: bottom simplicial
    - normal:  6.772e-06  -0.6252   0.7805
    - offset: -0.05008647
    - vertices: p2078(v1002) p1340(v876) p8530(v629)
    - neighboring facets: f4319 f4898 f4899
- f4898
    - flags: top simplicial
    - normal:  3.072e-05  -0.6231   0.7821
    - offset:  -0.050023
    - vertices: p2078(v1002) p1322(v950) p8530(v629)
    - neighboring facets: f4659 f4897 f4899
- f4899
    - flags: bottom simplicial
    - normal:  -3.166e-06  -0.6245   0.7811
    - offset: -0.05006384
    - vertices: p2078(v1002) p1322(v950) p1340(v876)
    - neighboring facets: f5075 f4897 f4898
- f4900
    - flags: top simplicial
    - normal:  0.0002133  -0.5783   0.8158
    - offset: -0.04863114
    - vertices: p8506(v1003) p1273(v870) p6097(v765)
    - neighboring facets: f4915 f4901 f4902
- f4901
    - flags: bottom simplicial
    - normal:  0.0006598  -0.5934   0.8049
    - offset: -0.04908598
    - vertices: p8506(v1003) p3666(v951) p6097(v765)
    - neighboring facets: f4657 f4900 f4902
- f4902
    - flags: top simplicial
    - normal:  0.0003728  -0.6002   0.7999
    - offset: -0.04930667
    - vertices: p8506(v1003) p3666(v951) p1273(v870)
    - neighboring facets: f4660 f4900 f4901
- f4906
    - flags: top simplicial
    - normal:  -0.0004855  -0.5972   0.8021
    - offset: -0.04925222
    - vertices: p5374(v1004) p9434(v952) p1273(v870)
    - neighboring facets: f4689 f5022 f5020
- f4907
    - flags: top simplicial
    - normal:  -0.0007415  -0.5373   0.8434
    - offset: -0.04734394
    - vertices: p8065(v1005) p4537(v760) p4888(v627)
    - neighboring facets: f4291 f4909 f4908
- f4908
    - flags: top simplicial
    - normal:  -0.0007108  -0.5374   0.8434
    - offset: -0.04734506
    - vertices: p8065(v1005) p7380(v953) p4537(v760)
    - neighboring facets: f4669 f4907 f4910
- f4909
    - flags: top simplicial
    - normal:  -0.0007278  -0.5358   0.8443
    - offset: -0.04729572
    - vertices: p8065(v1005) p4888(v627) p3637(v626)
    - neighboring facets: f3121 f4910 f4907
- f4910
    - flags: bottom simplicial
    - normal:  -0.000726  -0.5358   0.8443
    - offset: -0.04729541
    - vertices: p8065(v1005) p7380(v953) p3637(v626)
    - neighboring facets: f4667 f4909 f4908
- f4911
    - flags: bottom simplicial
    - normal:  -5.198e-06   -0.675   0.7379
    - offset: -0.05152486
    - vertices: p3333(v1006) p1961(v955) p8223(v877)
    - neighboring facets: f4674 f4913 f4912
- f4912
    - flags: bottom simplicial
    - normal:  -4.974e-06  -0.6754   0.7374
    - offset: -0.0515373
    - vertices: p3333(v1006) p7414(v956) p1961(v955)
    - neighboring facets: f4684 f4911 f4914
- f4913
    - flags: bottom simplicial
    - normal:  -0.0005544  -0.6473   0.7622
    - offset: -0.05076746
    - vertices: p3333(v1006) p8223(v877) p9594(v759)
    - neighboring facets: f4315 f4914 f4911
- f4914
    - flags: top simplicial
    - normal:  -0.002232  -0.6516   0.7585
    - offset: -0.05097518
    - vertices: p3333(v1006) p7414(v956) p9594(v759)
    - neighboring facets: f4680 f4913 f4912
- f4915
    - flags: bottom simplicial
    - normal:  0.0001196  -0.5733   0.8193
    - offset: -0.04847609
    - vertices: p2141(v1007) p1273(v870) p6097(v765)
    - neighboring facets: f4900 f4916 f4917
- f4916
    - flags: top simplicial
    - normal:  6.374e-05  -0.5693   0.8221
    - offset: -0.04834953
    - vertices: p2141(v1007) p7107(v957) p6097(v765)
    - neighboring facets: f4686 f4915 f4917
- f4917
    - flags: bottom simplicial
    - normal:  -0.0002358  -0.5849   0.8111
    - offset: -0.04885984
    - vertices: p2141(v1007) p7107(v957) p1273(v870)
    - neighboring facets: f4689 f4915 f4916
- f4918
    - flags: bottom simplicial
    - normal:  -4.896e-06    0.843   0.5379
    - offset: 0.003293354
    - vertices: p5569(v1008) p6782(v641) p5121(v490)
    - neighboring facets: f3184 f4919 f5023
- f4919
    - flags: top simplicial
    - normal:  -8.24e-06    0.843    0.538
    - offset: 0.003289934
    - vertices: p5569(v1008) p549(v961) p5121(v490)
    - neighboring facets: f4710 f4918 f5028
- f4922
    - flags: top simplicial
    - normal:  -2.412e-06  -0.9763   0.2163
    - offset: -0.05547339
    - vertices: p4626(v1009) p4754(v889) p1003(v647)
    - neighboring facets: f4372 f4924 f4923
- f4923
    - flags: top simplicial
    - normal:  -2.416e-06  -0.9763   0.2163
    - offset: -0.05547341
    - vertices: p4626(v1009) p2329(v963) p4754(v889)
    - neighboring facets: f4933 f4922 f5035
- f4924
    - flags: top simplicial
    - normal:  -0.002585  -0.9873   0.1588
    - offset: -0.05504217
    - vertices: p4626(v1009) p1003(v647) p3785(v351)
    - neighboring facets: f3869 f4925 f4922
- f4925
    - flags: bottom simplicial
    - normal:  -0.007606   -0.987   0.1603
    - offset: -0.05531841
    - vertices: p4626(v1009) p2807(v389) p3785(v351)
    - neighboring facets: f2689 f4924 f4926
- f4926
    - flags: top simplicial
    - normal:  -0.02278  -0.9838   0.1778
    - offset: -0.05628076
    - vertices: p4626(v1009) p2807(v389) p480(v100)
    - neighboring facets: f1941 f5037 f4925
- f4930
    - flags: top simplicial
    - normal:  -7.169e-07  -0.9762   0.2167
    - offset: -0.05547641
    - vertices: p8195(v1010) p6497(v783) p8634(v534)
    - neighboring facets: f3863 f4931 f5032
- f4931
    - flags: bottom simplicial
    - normal:  1.004e-07  -0.9763   0.2165
    - offset: -0.05547487
    - vertices: p8195(v1010) p8403(v962) p8634(v534)
    - neighboring facets: f4717 f4930 f4932
- f4932
    - flags: top simplicial
    - normal:  1.289e-07  -0.9763   0.2164
    - offset: -0.05547382
    - vertices: p8195(v1010) p8403(v962) p4754(v889)
    - neighboring facets: f4715 f4933 f4931
- f4933
    - flags: bottom simplicial
    - normal:  -2.204e-06  -0.9763   0.2163
    - offset: -0.05547354
    - vertices: p8195(v1010) p2329(v963) p4754(v889)
    - neighboring facets: f4923 f4932 f5033
- f4934
    - flags: top simplicial
    - normal:  0.001713  -0.9878   0.1556
    - offset: -0.05483524
    - vertices: p3372(v1011) p2306(v782) p7645(v494)
    - neighboring facets: f4369 f4935 f4936
- f4935
    - flags: bottom simplicial
    - normal:  1.234e-05  -0.9914   0.1307
    - offset: -0.05458777
    - vertices: p3372(v1011) p1408(v965) p7645(v494)
    - neighboring facets: f4732 f4934 f4936
- f4936
    - flags: top simplicial
    - normal:  0.0005982  -0.9876   0.1571
    - offset: -0.05488455
    - vertices: p3372(v1011) p1408(v965) p2306(v782)
    - neighboring facets: f4733 f4934 f4935
- f4937
    - flags: top simplicial tested
    - normal:    0.7871  -0.6168 -4.185e-06
    - offset: -0.01169513
    - center: -0.02607806666666666 -0.05223486666666666 0.001020843333333334 
    - vertices: p6956(v1012) p265(v966) p676(v892)
    - neighboring facets: f4945 f4940 f4938
- f4938
    - flags: bottom simplicial tested
    - normal:    0.7681  -0.6404 -5.272e-05
    - offset: -0.01342145
    - center: -0.0260838 -0.05224113333333334 -0.008251923333333333 
    - vertices: p6956(v1012) p265(v966) p4298(v648)
    - neighboring facets: f4947 f4941 f4937
- f4939
    - flags: bottom simplicial tested
    - normal:    0.7922  -0.6103 7.063e-07
    - offset: -0.01121912
    - center: -0.02604566666666667 -0.05219303333333333 -0.005959099999999999 
    - vertices: p6956(v1012) p1173(v786) p3877(v500)
    - neighboring facets: f4956 f4940 f4943
- f4940
    - flags: top simplicial tested
    - normal:    0.7908  -0.6121 3.551e-06
    - offset: -0.0113517
    - center: -0.0260608 -0.05221256666666666 0.004415566666666666 
    - vertices: p6956(v1012) p676(v892) p3877(v500)
    - neighboring facets: f4389 f4939 f4937
- f4941
    - flags: top simplicial tested
    - normal:    0.7301  -0.6833 -0.001207
    - offset: -0.01666985
    - center: -0.0261522 -0.05231123333333334 -0.01741793333333333 
    - vertices: p6956(v1012) p3765(v787) p4298(v648)
    - neighboring facets: f4749 f4938 f4942
- f4942
    - flags: top simplicial tested
    - normal:    0.7433  -0.6689 -0.004417
    - offset: -0.01563157
    - center: -0.0262326 -0.05239283333333333 -0.01947406666666667 
    - vertices: p6956(v1012) p3384(v894) p3765(v787)
    - neighboring facets: f5171 f4941 f4944
    - ridges:
- f4943
    - flags: top simplicial tested
    - normal:    0.7875  -0.6164 -0.004416
    - offset: -0.01173897
    - center: -0.02602013333333334 -0.0521503 -0.0192806 
    - vertices: p6956(v1012) p1173(v786) p1395(v90)
    - neighboring facets: f4403 f4944 f4939
- f4944
    - flags: bottom simplicial tested
    - normal:    0.7543  -0.6565 -0.006726
    - offset: -0.01474175
    - center: -0.0261214 -0.0522577 -0.02023483333333333 
    - vertices: p6956(v1012) p3384(v894) p1395(v90)
    - neighboring facets: f4398 f4943 f4942
- f4945
    - flags: bottom simplicial
    - normal:    0.7372  -0.6757 6.572e-06
    - offset: -0.0160704
    - vertices: p2007(v1013) p265(v966) p676(v892)
    - neighboring facets: f4937 f4946 f4947
- f4946
    - flags: top simplicial
    - normal:    0.7359   -0.677 3.011e-05
    - offset: -0.01617485
    - vertices: p2007(v1013) p6110(v968) p676(v892)
    - neighboring facets: f4748 f4945 f4948
- f4947
    - flags: top simplicial
    - normal:    0.7372  -0.6757 -6.486e-07
    - offset: -0.01606909
    - vertices: p2007(v1013) p265(v966) p4298(v648)
    - neighboring facets: f4938 f4948 f4945
- f4948
    - flags: bottom simplicial
    - normal:    0.7359  -0.6771 -4.824e-06
    - offset: -0.01617567
    - vertices: p2007(v1013) p6110(v968) p4298(v648)
    - neighboring facets: f4749 f4947 f4946
- f4950
    - flags: bottom simplicial
    - normal:    0.8792  -0.4764 -5.914e-05
    - offset: -0.001976516
    - vertices: p3325(v1014) p3696(v895) p1395(v90)
    - neighboring facets: f4403 f4952 f5038
- f4951
    - flags: top simplicial
    - normal:    0.8707  -0.4919 0.0001222
    - offset: -0.003003159
    - vertices: p3325(v1014) p5253(v970) p6391(v791)
    - neighboring facets: f4756 f4953 f5039
- f4952
    - flags: top simplicial
    - normal:    0.8871  -0.4615 -1.171e-06
    - offset: -0.0009944917
    - vertices: p3325(v1014) p730(v972) p1395(v90)
    - neighboring facets: f4765 f4950 f4953
- f4953
    - flags: bottom simplicial
    - normal:    0.8865  -0.4627 6.531e-06
    - offset: -0.001072196
    - vertices: p3325(v1014) p730(v972) p6391(v791)
    - neighboring facets: f4763 f4951 f4952
- f4954
    - flags: bottom simplicial
    - normal:    0.8643   -0.503 0.0006535
    - offset: -0.003758949
    - vertices: p1131(v1015) p5253(v970) p3877(v500)
    - neighboring facets: f4756 f4956 f5043
- f4956
    - flags: top simplicial
    - normal:     0.796  -0.6052 -1.018e-06
    - offset: -0.01085557
    - vertices: p1131(v1015) p1173(v786) p3877(v500)
    - neighboring facets: f4939 f4954 f4957
- f4957
    - flags: top simplicial
    - normal:    0.8248  -0.5654 -2.373e-05
    - offset: -0.008030178
    - vertices: p1131(v1015) p8092(v969) p1173(v786)
    - neighboring facets: f4754 f4956 f5042
- f4958
    - flags: bottom simplicial
    - normal:    0.6174 -7.832e-05   0.7866
    - offset: -0.004248002
    - vertices: p5447(v1016) p2220(v978) p7483(v900)
    - neighboring facets: f4791 f4959 f4961
- f4959
    - flags: top simplicial
    - normal:    0.5839 0.0002482   0.8118
    - offset: -0.005770371
    - vertices: p5447(v1016) p5996(v975) p7483(v900)
    - neighboring facets: f4775 f4958 f4960
- f4960
    - flags: bottom simplicial
    - normal:    0.5476 1.671e-05   0.8367
    - offset: -0.0073793
    - vertices: p5447(v1016) p5996(v975) p6655(v901)
    - neighboring facets: f4776 f4963 f4959
- f4961
    - flags: top simplicial
    - normal:    0.6568 -0.002942   0.7541
    - offset: -0.002488231
    - vertices: p5447(v1016) p2220(v978) p1175(v665)
    - neighboring facets: f4790 f4962 f4958
- f4962
    - flags: bottom simplicial
    - normal:    0.6288 -0.01387   0.7774
    - offset: -0.004297526
    - vertices: p5447(v1016) p27(v977) p1175(v665)
    - neighboring facets: f4786 f4961 f4963
- f4963
    - flags: top simplicial
    - normal:    0.5416 -0.006485   0.8406
    - offset: -0.007915337
    - vertices: p5447(v1016) p27(v977) p6655(v901)
    - neighboring facets: f4782 f4960 f4962
- f4964
    - flags: bottom simplicial
    - normal:  0.001624  -0.3727    0.928
    - offset: -0.0414503
    - vertices: p1577(v1017) p5884(v980) p6521(v801)
    - neighboring facets: f4804 f4965 f4968
- f4965
    - flags: bottom simplicial
    - normal:  0.0004999  -0.3051   0.9523
    - offset: -0.03891825
    - vertices: p1577(v1017) p6521(v801) p172(v674)
    - neighboring facets: f3999 f4966 f4964
- f4966
    - flags: top simplicial
    - normal:  -9.337e-05  -0.3144   0.9493
    - offset: -0.03930084
    - vertices: p1577(v1017) p8447(v914) p172(v674)
    - neighboring facets: f4484 f4965 f4967
- f4967
    - flags: bottom simplicial
    - normal:  0.000272  -0.3672   0.9301
    - offset: -0.04129294
    - vertices: p1577(v1017) p8447(v914) p925(v904)
    - neighboring facets: f4982 f4968 f4966
- f4968
    - flags: top simplicial
    - normal:  0.001078   -0.373   0.9278
    - offset: -0.04147989
    - vertices: p1577(v1017) p5884(v980) p925(v904)
    - neighboring facets: f4802 f4967 f4964
- f4969
    - flags: top simplicial
    - normal:  -2.877e-05  -0.1902   0.9818
    - offset: -0.03435028
    - vertices: p3002(v1018) p3184(v805) p6500(v672)
    - neighboring facets: f3973 f4970 f4971
- f4970
    - flags: bottom simplicial
    - normal:  -2.508e-06  -0.1818   0.9833
    - offset: -0.03400642
    - vertices: p3002(v1018) p9760(v985) p6500(v672)
    - neighboring facets: f4821 f4969 f4971
- f4971
    - flags: top simplicial
    - normal:  1.643e-05  -0.1865   0.9825
    - offset: -0.03419746
    - vertices: p3002(v1018) p9760(v985) p3184(v805)
    - neighboring facets: f4822 f4969 f4970
- f4977
    - flags: top simplicial
    - normal:  5.146e-05 -0.09258   0.9957
    - offset: -0.0302485
    - vertices: p4878(v1020) p5560(v987) p1973(v244)
    - neighboring facets: f4828 f5055 f5061
- f4982
    - flags: top simplicial
    - normal:  0.0001837  -0.3668   0.9303
    - offset: -0.04128084
    - vertices: p5871(v1021) p8447(v914) p925(v904)
    - neighboring facets: f4967 f4984 f4983
- f4983
    - flags: top simplicial
    - normal:  0.000142  -0.3653   0.9309
    - offset: -0.0412268
    - vertices: p5871(v1021) p9938(v988) p8447(v914)
    - neighboring facets: f4831 f4982 f4986
- f4984
    - flags: top simplicial
    - normal:  -0.0001872  -0.3897   0.9209
    - offset: -0.04214429
    - vertices: p5871(v1021) p925(v904) p4193(v814)
    - neighboring facets: f4802 f5064 f4982
- f4986
    - flags: bottom simplicial
    - normal:  -0.0004599  -0.3863   0.9224
    - offset: -0.04203292
    - vertices: p5871(v1021) p9938(v988) p1728(v981)
    - neighboring facets: f4833 f5065 f4983
- f4987
    - flags: bottom simplicial
    - normal:  0.000911  -0.9415   0.3371
    - offset: -0.0560886
    - vertices: p8509(v1022) p938(v923) p9400(v829)
    - neighboring facets: f4531 f4988 f4989
- f4988
    - flags: top simplicial
    - normal:  0.0008284  -0.9407   0.3393
    - offset: -0.05609621
    - vertices: p8509(v1022) p4584(v990) p9400(v829)
    - neighboring facets: f4844 f4987 f4989
- f4989
    - flags: bottom simplicial
    - normal:  0.0001084  -0.9524   0.3049
    - offset: -0.0560149
    - vertices: p8509(v1022) p4584(v990) p938(v923)
    - neighboring facets: f4995 f4987 f4988
- f4995
    - flags: top simplicial
    - normal:  1.935e-05  -0.9536   0.3012
    - offset: -0.05600233
    - vertices: p8003(v1024) p4584(v990) p938(v923)
    - neighboring facets: f4989 f4996 f5069
- f4996
    - flags: top simplicial
    - normal:  0.0001463  -0.9546    0.298
    - offset: -0.05598484
    - vertices: p8003(v1024) p938(v923) p3681(v383)
    - neighboring facets: f4528 f4998 f4995
- f4998
    - flags: top simplicial
    - normal:  3.23e-06  -0.9538   0.3004
    - offset: -0.0559996
    - vertices: p8003(v1024) p3681(v383) p2789(v259)
    - neighboring facets: f3426 f4999 f4996
- f4999
    - flags: bottom simplicial
    - normal:  1.153e-06  -0.9538   0.3006
    - offset: -0.05600036
    - vertices: p8003(v1024) p5776(v686) p2789(v259)
    - neighboring facets: f3417 f4998 f5000
- f5000
    - flags: top simplicial
    - normal:  1.092e-06  -0.9538   0.3006
    - offset: -0.05600045
    - vertices: p8003(v1024) p5776(v686) p4091(v533)
    - neighboring facets: f3418 f5068 f4999
- f5001
    - flags: bottom simplicial
    - normal:  0.0001041  -0.8911   0.4538
    - offset: -0.05599177
    - vertices: p7186(v1025) p3140(v992) p5101(v536)
    - neighboring facets: f4852 f5003 f5002
- f5002
    - flags: top simplicial
    - normal:  6.991e-05   -0.891   0.4541
    - offset: -0.05599163
    - vertices: p7186(v1025) p3140(v992) p75(v830)
    - neighboring facets: f4853 f5004 f5001
- f5003
    - flags: top simplicial
    - normal:  7.088e-06   -0.887   0.4618
    - offset: -0.05595666
    - vertices: p7186(v1025) p6058(v831) p5101(v536)
    - neighboring facets: f4097 f5001 f5006
- f5004
    - flags: top simplicial
    - normal:  5.282e-07  -0.8871   0.4615
    - offset: -0.05595798
    - vertices: p7186(v1025) p75(v830) p4036(v260)
    - neighboring facets: f4095 f5005 f5002
- f5005
    - flags: top simplicial
    - normal:  5.048e-07   -0.887   0.4617
    - offset: -0.05595704
    - vertices: p7186(v1025) p4036(v260) p2744(v62)
    - neighboring facets: f1294 f5006 f5004
- f5006
    - flags: bottom simplicial
    - normal:  8.277e-07   -0.887   0.4618
    - offset: -0.05595679
    - vertices: p7186(v1025) p6058(v831) p2744(v62)
    - neighboring facets: f4099 f5005 f5003
- f5007
    - flags: bottom simplicial
    - normal:  -2.045e-06  -0.9239   0.3827
    - offset: -0.05616237
    - vertices: p1994(v1026) p7015(v690) p434(v165)
    - neighboring facets: f3436 f5009 f5008
- f5008
    - flags: bottom simplicial
    - normal:  -1.401e-06  -0.9239   0.3827
    - offset: -0.05616234
    - vertices: p1994(v1026) p3140(v992) p7015(v690)
    - neighboring facets: f4853 f5007 f5010
- f5009
    - flags: top simplicial
    - normal:  -1.067e-06   -0.924   0.3824
    - offset: -0.0561624
    - vertices: p1994(v1026) p9400(v829) p434(v165)
    - neighboring facets: f4090 f5007 f5010
- f5010
    - flags: top simplicial
    - normal:  4.697e-06  -0.9239   0.3826
    - offset: -0.05616212
    - vertices: p1994(v1026) p3140(v992) p9400(v829)
    - neighboring facets: f4856 f5009 f5008
- f5011
    - flags: top simplicial
    - normal:  0.0001877  0.03707   0.9993
    - offset: -0.02524842
    - vertices: p2825(v1027) p8924(v944) p5677(v744)
    - neighboring facets: f4622 f5012 f5014
- f5012
    - flags: bottom simplicial
    - normal:  2.694e-05  0.03416   0.9994
    - offset: -0.02533004
    - vertices: p2825(v1027) p424(v999) p5677(v744)
    - neighboring facets: f4884 f5011 f5017
- f5013
    - flags: bottom simplicial
    - normal:  0.0001278  0.04373    0.999
    - offset: -0.02507832
    - vertices: p2825(v1027) p2851(v857) p3262(v221)
    - neighboring facets: f4217 f5015 f5014
- f5014
    - flags: bottom simplicial
    - normal:  0.000188  0.03845   0.9993
    - offset: -0.02521268
    - vertices: p2825(v1027) p8924(v944) p2851(v857)
    - neighboring facets: f4622 f5013 f5011
- f5015
    - flags: top simplicial
    - normal:  3.617e-06  0.04672   0.9989
    - offset: -0.02500546
    - vertices: p2825(v1027) p66(v593) p3262(v221)
    - neighboring facets: f2949 f5013 f5016
- f5016
    - flags: bottom simplicial
    - normal:  -7.689e-06  0.04675   0.9989
    - offset: -0.02500521
    - vertices: p2825(v1027) p66(v593) p948(v332)
    - neighboring facets: f2949 f5017 f5015
- f5017
    - flags: top simplicial
    - normal:  -1.352e-05  0.04671   0.9989
    - offset: -0.02500648
    - vertices: p2825(v1027) p424(v999) p948(v332)
    - neighboring facets: f4883 f5016 f5012
- f5019
    - flags: bottom simplicial
    - normal:  -0.0008946  -0.6066    0.795
    - offset: -0.04956096
    - vertices: p8465(v1028) p9434(v952) p9594(v759)
    - neighboring facets: f4661 f5072 f5020
- f5020
    - flags: bottom simplicial
    - normal:  -0.0003733  -0.6032   0.7976
    - offset: -0.04943168
    - vertices: p8465(v1028) p5374(v1004) p9434(v952)
    - neighboring facets: f4906 f5019 f5022
- f5021
    - flags: bottom simplicial
    - normal:  1.092e-05  -0.6053    0.796
    - offset: -0.04947909
    - vertices: p8465(v1028) p1322(v950) p1273(v870)
    - neighboring facets: f4660 f5022 f5073
- f5022
    - flags: top simplicial
    - normal:  -0.0002649  -0.6033   0.7975
    - offset: -0.04943018
    - vertices: p8465(v1028) p5374(v1004) p1273(v870)
    - neighboring facets: f4906 f5021 f5020
- f5023
    - flags: top simplicial
    - normal:  -1.973e-05   0.8298   0.5581
    - offset: 0.00258826
    - vertices: p2611(v1029) p5569(v1008) p6782(v641)
    - neighboring facets: f4918 f5025 f5029
- f5025
    - flags: bottom simplicial
    - normal:  3.632e-05   0.8204   0.5717
    - offset: 0.002108156
    - vertices: p2611(v1029) p829(v778) p6782(v641)
    - neighboring facets: f4350 f5023 f5031
- f5027
    - flags: bottom simplicial
    - normal:  -0.0004537    0.824   0.5666
    - offset: 0.002266891
    - vertices: p7731(v1030) p549(v961) p4786(v886)
    - neighboring facets: f4709 f5030 f5028
- f5028
    - flags: bottom simplicial
    - normal:  -0.000222   0.8288   0.5596
    - offset: 0.002526621
    - vertices: p7731(v1030) p5569(v1008) p549(v961)
    - neighboring facets: f4919 f5027 f5029
- f5029
    - flags: bottom simplicial
    - normal:  -7.82e-05   0.8282   0.5605
    - offset: 0.002502357
    - vertices: p7731(v1030) p2611(v1029) p5569(v1008)
    - neighboring facets: f5023 f5028 f5031
- f5030
    - flags: bottom simplicial
    - normal:  1.46e-06   0.7955   0.6059
    - offset: 0.0008659446
    - vertices: p7731(v1030) p4786(v886) p829(v778)
    - neighboring facets: f4360 f5031 f5027
- f5031
    - flags: top simplicial
    - normal:  1.761e-06    0.796   0.6054
    - offset: 0.0008877802
    - vertices: p7731(v1030) p2611(v1029) p829(v778)
    - neighboring facets: f5025 f5030 f5029
- f5032
    - flags: bottom simplicial
    - normal:  -4.292e-06  -0.9763   0.2165
    - offset: -0.05547546
    - vertices: p6846(v1031) p8195(v1010) p6497(v783)
    - neighboring facets: f4930 f5034 f5033
- f5033
    - flags: top simplicial
    - normal:  -4.15e-06  -0.9763   0.2164
    - offset: -0.0554743
    - vertices: p6846(v1031) p8195(v1010) p2329(v963)
    - neighboring facets: f4933 f5035 f5032
- f5034
    - flags: bottom simplicial
    - normal:  -0.002174  -0.9701   0.2428
    - offset: -0.05578935
    - vertices: p6846(v1031) p6497(v783) p2789(v259)
    - neighboring facets: f3865 f5036 f5032
- f5035
    - flags: bottom simplicial
    - normal:  -2.524e-05  -0.9763   0.2164
    - offset: -0.05547511
    - vertices: p6846(v1031) p4626(v1009) p2329(v963)
    - neighboring facets: f4923 f5033 f5037
- f5036
    - flags: bottom simplicial
    - normal:  -0.007025  -0.9723   0.2335
    - offset: -0.05597104
    - vertices: p6846(v1031) p2789(v259) p480(v100)
    - neighboring facets: f1289 f5037 f5034
- f5037
    - flags: top simplicial
    - normal:  -0.008116  -0.9747   0.2235
    - offset: -0.05594936
    - vertices: p6846(v1031) p4626(v1009) p480(v100)
    - neighboring facets: f4926 f5036 f5035
- f5038
    - flags: top simplicial
    - normal:    0.8548  -0.5189 2.189e-05
    - offset: -0.004821408
    - vertices: p4485(v1032) p3325(v1014) p3696(v895)
    - neighboring facets: f4950 f5040 f5039
- f5039
    - flags: bottom simplicial
    - normal:    0.8553  -0.5182 3.705e-05
    - offset: -0.004771563
    - vertices: p4485(v1032) p3325(v1014) p5253(v970)
    - neighboring facets: f4951 f5045 f5038
- f5040
    - flags: bottom simplicial
    - normal:    0.8434  -0.5373 -1.141e-06
    - offset: -0.006076675
    - vertices: p4485(v1032) p8092(v969) p3696(v895)
    - neighboring facets: f4754 f5038 f5044
- f5042
    - flags: bottom simplicial
    - normal:    0.8424  -0.5389 -1.538e-07
    - offset: -0.00618767
    - vertices: p4489(v1033) p1131(v1015) p8092(v969)
    - neighboring facets: f4957 f5044 f5043
- f5043
    - flags: top simplicial
    - normal:    0.8428  -0.5382 2.113e-06
    - offset: -0.006141581
    - vertices: p4489(v1033) p1131(v1015) p5253(v970)
    - neighboring facets: f4954 f5045 f5042
- f5044
    - flags: top simplicial
    - normal:    0.8433  -0.5375 -2.709e-07
    - offset: -0.006089456
    - vertices: p4489(v1033) p4485(v1032) p8092(v969)
    - neighboring facets: f5040 f5042 f5045
- f5045
    - flags: bottom simplicial
    - normal:    0.8436   -0.537 1.172e-06
    - offset: -0.006059809
    - vertices: p4489(v1033) p4485(v1032) p5253(v970)
    - neighboring facets: f5039 f5043 f5044
- f5046
    - flags: top simplicial
    - normal:  -0.0002429   -0.141     0.99
    - offset: -0.03231588
    - vertices: p1026(v1034) p2764(v1019) p2856(v986)
    - neighboring facets: f5053 f5048 f5049
- f5047
    - flags: bottom simplicial
    - normal:  -0.0009809  -0.1486   0.9889
    - offset: -0.03266532
    - vertices: p1026(v1034) p6767(v806) p6500(v672)
    - neighboring facets: f4453 f5048 f5050
- f5048
    - flags: top simplicial
    - normal:  -0.0005848  -0.1477    0.989
    - offset: -0.03261117
    - vertices: p1026(v1034) p2856(v986) p6500(v672)
    - neighboring facets: f4824 f5047 f5046
- f5049
    - flags: bottom simplicial
    - normal:  -0.0003542   -0.124   0.9923
    - offset: -0.03160327
    - vertices: p1026(v1034) p2764(v1019) p1431(v909)
    - neighboring facets: f5081 f5051 f5046
- f5050
    - flags: top simplicial
    - normal:  -0.0008212  -0.1344   0.9909
    - offset: -0.03206188
    - vertices: p1026(v1034) p6767(v806) p2129(v514)
    - neighboring facets: f4452 f5051 f5047
- f5051
    - flags: bottom simplicial
    - normal:  -0.0004157  -0.1233   0.9924
    - offset: -0.0315779
    - vertices: p1026(v1034) p1431(v909) p2129(v514)
    - neighboring facets: f5062 f5050 f5049
- f5052
    - flags: bottom simplicial
    - normal:  3.357e-05  -0.1679   0.9858
    - offset: -0.0334282
    - vertices: p1914(v1035) p2856(v986) p293(v908)
    - neighboring facets: f4824 f5058 f5053
- f5053
    - flags: bottom simplicial
    - normal:  0.0002303   -0.139   0.9903
    - offset: -0.03221343
    - vertices: p1914(v1035) p2764(v1019) p2856(v986)
    - neighboring facets: f5046 f5052 f5077
- f5055
    - flags: top simplicial
    - normal:  0.0005827   -0.131   0.9914
    - offset: -0.03186269
    - vertices: p1914(v1035) p4878(v1020) p1973(v244)
    - neighboring facets: f4977 f5056 f5078
- f5056
    - flags: bottom simplicial
    - normal:   0.01044  -0.1521   0.9883
    - offset: -0.03247163
    - vertices: p1914(v1035) p5199(v446) p1973(v244)
    - neighboring facets: f4797 f5055 f5057
- f5057
    - flags: bottom simplicial
    - normal:  0.0004532  -0.2036   0.9791
    - offset: -0.03487984
    - vertices: p1914(v1035) p3184(v805) p5199(v446)
    - neighboring facets: f4455 f5056 f5058
- f5058
    - flags: bottom simplicial
    - normal:  0.0003483  -0.1971   0.9804
    - offset: -0.03461995
    - vertices: p1914(v1035) p293(v908) p3184(v805)
    - neighboring facets: f4822 f5057 f5052
- f5061
    - flags: bottom simplicial
    - normal:  5.085e-05 -0.09412   0.9956
    - offset: -0.03031469
    - vertices: p6015(v1036) p4878(v1020) p5560(v987)
    - neighboring facets: f4977 f5063 f5080
- f5062
    - flags: top simplicial
    - normal:  -2.757e-05  -0.1012   0.9949
    - offset: -0.03062098
    - vertices: p6015(v1036) p1431(v909) p2129(v514)
    - neighboring facets: f5051 f5063 f5082
- f5063
    - flags: bottom simplicial
    - normal:  4.552e-06 -0.09593   0.9954
    - offset: -0.03039389
    - vertices: p6015(v1036) p5560(v987) p2129(v514)
    - neighboring facets: f4828 f5062 f5061
- f5064
    - flags: top simplicial
    - normal:  -0.0001953  -0.3897   0.9209
    - offset: -0.04214466
    - vertices: p1869(v1037) p5871(v1021) p4193(v814)
    - neighboring facets: f4984 f5066 f5065
- f5065
    - flags: bottom simplicial
    - normal:  -0.0003168  -0.3885   0.9215
    - offset: -0.04210601
    - vertices: p1869(v1037) p5871(v1021) p1728(v981)
    - neighboring facets: f4986 f5067 f5064
- f5066
    - flags: bottom simplicial
    - normal:  -0.0004996  -0.3993   0.9168
    - offset: -0.04251402
    - vertices: p1869(v1037) p9230(v915) p4193(v814)
    - neighboring facets: f4491 f5064 f5067
- f5067
    - flags: bottom simplicial
    - normal:   -0.0007  -0.3962   0.9182
    - offset: -0.04240796
    - vertices: p1869(v1037) p1728(v981) p9230(v915)
    - neighboring facets: f4808 f5066 f5065
- f5068
    - flags: top simplicial
    - normal:  1.388e-06  -0.9537   0.3007
    - offset: -0.05600102
    - vertices: p3544(v1038) p8003(v1024) p4091(v533)
    - neighboring facets: f5000 f5070 f5069
- f5069
    - flags: bottom simplicial
    - normal:  3.668e-06  -0.9537   0.3008
    - offset: -0.05600132
    - vertices: p3544(v1038) p8003(v1024) p4584(v990)
    - neighboring facets: f4995 f5071 f5068
- f5070
    - flags: top simplicial
    - normal:  -4.598e-07  -0.9537   0.3007
    - offset: -0.05600116
    - vertices: p3544(v1038) p4091(v533) p8016(v35)
    - neighboring facets: f3418 f5071 f5068
- f5071
    - flags: bottom simplicial
    - normal:  -6.425e-06  -0.9536   0.3011
    - offset: -0.05600311
    - vertices: p3544(v1038) p4584(v990) p8016(v35)
    - neighboring facets: f4843 f5070 f5069
- f5072
    - flags: bottom simplicial
    - normal:  -0.0001568  -0.6152   0.7883
    - offset: -0.04979068
    - vertices: p8445(v1039) p8465(v1028) p9594(v759)
    - neighboring facets: f5019 f5074 f5073
- f5073
    - flags: top simplicial
    - normal:  -0.0001517  -0.6152   0.7884
    - offset: -0.04979041
    - vertices: p8445(v1039) p8465(v1028) p1322(v950)
    - neighboring facets: f5021 f5075 f5072
- f5074
    - flags: top simplicial
    - normal:  -6.804e-06  -0.6246    0.781
    - offset: -0.05006754
    - vertices: p8445(v1039) p1340(v876) p9594(v759)
    - neighboring facets: f4315 f5072 f5075
- f5075
    - flags: top simplicial
    - normal:  -5.876e-06  -0.6245   0.7811
    - offset: -0.05006438
    - vertices: p8445(v1039) p1322(v950) p1340(v876)
    - neighboring facets: f4899 f5074 f5073
- f5076
    - flags: bottom simplicial
    - normal:  0.0004841  -0.1288   0.9917
    - offset: -0.03177389
    - vertices: p6646(v1040) p4878(v1020) p2764(v1019)
    - neighboring facets: f5083 f5077 f5078
- f5077
    - flags: top simplicial
    - normal:  0.0004725  -0.1324   0.9912
    - offset: -0.03192536
    - vertices: p6646(v1040) p1914(v1035) p2764(v1019)
    - neighboring facets: f5053 f5076 f5078
- f5078
    - flags: bottom simplicial
    - normal:  0.0005579   -0.131   0.9914
    - offset: -0.03186363
    - vertices: p6646(v1040) p1914(v1035) p4878(v1020)
    - neighboring facets: f5055 f5076 f5077
- f5080
    - flags: top simplicial
    - normal:  0.0001306  -0.1076   0.9942
    - offset: -0.03088828
    - vertices: p9793(v1041) p6015(v1036) p4878(v1020)
    - neighboring facets: f5061 f5085 f5082
- f5081
    - flags: top simplicial
    - normal:  -2.712e-05  -0.1107   0.9939
    - offset: -0.03102479
    - vertices: p9793(v1041) p2764(v1019) p1431(v909)
    - neighboring facets: f5049 f5082 f5084
- f5082
    - flags: bottom simplicial
    - normal:  2.132e-05  -0.1059   0.9944
    - offset: -0.03082045
    - vertices: p9793(v1041) p6015(v1036) p1431(v909)
    - neighboring facets: f5062 f5081 f5080
- f5083
    - flags: top simplicial
    - normal:  0.0003421  -0.1208   0.9927
    - offset: -0.0314414
    - vertices: p7676(v1042) p4878(v1020) p2764(v1019)
    - neighboring facets: f5076 f5084 f5085
- f5084
    - flags: bottom simplicial
    - normal:  0.0002036  -0.1151   0.9933
    - offset: -0.03120576
    - vertices: p7676(v1042) p9793(v1041) p2764(v1019)
    - neighboring facets: f5081 f5083 f5085
- f5085
    - flags: top simplicial
    - normal:  0.0001983  -0.1121   0.9937
    - offset: -0.03107677
    - vertices: p7676(v1042) p9793(v1041) p4878(v1020)
    - neighboring facets: f5080 f5083 f5084
- f5086
    - flags: top simplicial tricoplanar keepcentrum
    - owner of normal & centrum is facet f5086
    - normal:        -0        1       -0
    - offset:      0.017
    - center: -0.03955415555555555 -0.017 -0.00263311 
    - vertices: p7235(v524) p1664(v96) p6926(v55)
    - neighboring facets: f808 f2610 f5096
- f5087
    - flags: top simplicial tricoplanar
    - owner of normal & centrum is facet f5086
    - normal:        -0        1       -0
    - offset:      0.017
    - center: -0.03955415555555555 -0.017 -0.00263311 
    - vertices: p7235(v524) p9518(v157) p946(v15)
    - neighboring facets: f1843 f5089 f5095
- f5088
    - flags: bottom simplicial tricoplanar
    - owner of normal & centrum is facet f5086
    - normal:        -0        1       -0
    - offset:      0.017
    - center: -0.03955415555555555 -0.017 -0.00263311 
    - vertices: p7235(v524) p1855(v255) p4017(v64)
    - neighboring facets: f1271 f5091 f5097
- f5089
    - flags: bottom simplicial tricoplanar
    - owner of normal & centrum is facet f5086
    - normal:        -0        1       -0
    - offset:      0.017
    - center: -0.03955415555555555 -0.017 -0.00263311 
    - vertices: p7235(v524) p4062(v51) p946(v15)
    - neighboring facets: f225 f5087 f5092
- f5090
    - flags: bottom simplicial tricoplanar
    - owner of normal & centrum is facet f5086
    - normal:        -0        1       -0
    - offset:      0.017
    - center: -0.03955415555555555 -0.017 -0.00263311 
    - vertices: p7235(v524) p6026(v249) p3032(v30)
    - neighboring facets: f1245 f5093 f5095
- f5091
    - flags: top simplicial tricoplanar
    - owner of normal & centrum is facet f5086
    - normal:        -0        1       -0
    - offset:      0.017
    - center: -0.03955415555555555 -0.017 -0.00263311 
    - vertices: p7235(v524) p2450(v111) p4017(v64)
    - neighboring facets: f538 f5088 f5094
- f5092
    - flags: bottom simplicial tricoplanar
    - owner of normal & centrum is facet f5086
    - normal:        -0        1       -0
    - offset:      0.017
    - center: -0.03955415555555555 -0.017 -0.00263311 
    - vertices: p7235(v524) p6672(v188) p4062(v51)
    - neighboring facets: f925 f5089 f5094
- f5093
    - flags: top simplicial tricoplanar
    - owner of normal & centrum is facet f5086
    - normal:        -0        1       -0
    - offset:      0.017
    - center: -0.03955415555555555 -0.017 -0.00263311 
    - vertices: p7235(v524) p8523(v374) p3032(v30)
    - neighboring facets: f1864 f5090 f5098
- f5094
    - flags: top simplicial tricoplanar
    - owner of normal & centrum is facet f5086
    - normal:        -0        1       -0
    - offset:      0.017
    - center: -0.03955415555555555 -0.017 -0.00263311 
    - vertices: p7235(v524) p6672(v188) p2450(v111)
    - neighboring facets: f926 f5091 f5092
- f5095
    - flags: top simplicial tricoplanar
    - owner of normal & centrum is facet f5086
    - normal:        -0        1       -0
    - offset:      0.017
    - center: -0.03955415555555555 -0.017 -0.00263311 
    - vertices: p7235(v524) p6026(v249) p9518(v157)
    - neighboring facets: f1849 f5087 f5090
- f5096
    - flags: top simplicial tricoplanar
    - owner of normal & centrum is facet f5086
    - normal:        -0        1       -0
    - offset:      0.017
    - center: -0.03955415555555555 -0.017 -0.00263311 
    - vertices: p7235(v524) p2398(v382) p1664(v96)
    - neighboring facets: f1905 f5086 f5099
- f5097
    - flags: top simplicial tricoplanar
    - owner of normal & centrum is facet f5086
    - normal:        -0        1       -0
    - offset:      0.017
    - center: -0.03955415555555555 -0.017 -0.00263311 
    - vertices: p7235(v524) p1855(v255) p4286(v161)
    - neighboring facets: f1272 f5099 f5088
- f5098
    - flags: bottom simplicial tricoplanar
    - owner of normal & centrum is facet f5086
    - normal:        -0        1       -0
    - offset:      0.017
    - center: -0.03955415555555555 -0.017 -0.00263311 
    - vertices: p7235(v524) p8523(v374) p5644(v252)
    - neighboring facets: f1865 f2611 f5093
- f5099
    - flags: bottom simplicial tricoplanar
    - owner of normal & centrum is facet f5086
    - normal:        -0        1       -0
    - offset:      0.017
    - center: -0.03955415555555555 -0.017 -0.00263311 
    - vertices: p7235(v524) p2398(v382) p4286(v161)
    - neighboring facets: f1906 f5097 f5096
- f5102
    - flags: top simplicial tricoplanar keepcentrum
    - owner of normal & centrum is facet f5102
    - normal:        -1        0        0
    - offset: -0.0538499
    - center: -0.0538499 -0.03551987777777778 -0.001988922222222222 
    - vertices: p3410(v589) p5334(v56) p5719(v19)
    - neighboring facets: f469 f5109 f5118
- f5103
    - flags: top simplicial tricoplanar
    - owner of normal & centrum is facet f5102
    - normal:        -1        0        0
    - offset: -0.0538499
    - center: -0.0538499 -0.03551987777777778 -0.001988922222222222 
    - vertices: p3410(v589) p7595(v224) p3799(v41)
    - neighboring facets: f1111 f5113 f5115
- f5104
    - flags: top simplicial tricoplanar
    - owner of normal & centrum is facet f5102
    - normal:        -1        0        0
    - offset: -0.0538499
    - center: -0.0538499 -0.03551987777777778 -0.001988922222222222 
    - vertices: p3410(v589) p5762(v436) p5791(v73)
    - neighboring facets: f2171 f5114 f5119
- f5105
    - flags: top simplicial tricoplanar
    - owner of normal & centrum is facet f5102
    - normal:        -1        0        0
    - offset: -0.0538499
    - center: -0.0538499 -0.03551987777777778 -0.001988922222222222 
    - vertices: p3410(v589) p960(v443) p297(v74)
    - neighboring facets: f2203 f5110 f5122
- f5106
    - flags: top simplicial tricoplanar
    - owner of normal & centrum is facet f5102
    - normal:        -1        0        0
    - offset: -0.0538499
    - center: -0.0538499 -0.03551987777777778 -0.001988922222222222 
    - vertices: p3410(v589) p7608(v584) p2802(v206)
    - neighboring facets: f2915 f5119 f5123
- f5107
    - flags: bottom simplicial tricoplanar
    - owner of normal & centrum is facet f5102
    - normal:        -1        0        0
    - offset: -0.0538499
    - center: -0.0538499 -0.03551987777777778 -0.001988922222222222 
    - vertices: p3410(v589) p536(v182) p1717(v63)
    - neighboring facets: f1408 f5112 f5111
- f5108
    - flags: bottom simplicial tricoplanar
    - owner of normal & centrum is facet f5102
    - normal:        -1        0        0
    - offset: -0.0538499
    - center: -0.0538499 -0.03551987777777778 -0.001988922222222222 
    - vertices: p3410(v589) p1992(v314) p227(v108)
    - neighboring facets: f1551 f5111 f2936
- f5109
    - flags: bottom simplicial tricoplanar
    - owner of normal & centrum is facet f5102
    - normal:        -1        0        0
    - offset: -0.0538499
    - center: -0.0538499 -0.03551987777777778 -0.001988922222222222 
    - vertices: p3410(v589) p8725(v183) p5719(v19)
    - neighboring facets: f901 f5102 f5112
- f5110
    - flags: bottom simplicial tricoplanar
    - owner of normal & centrum is facet f5102
    - normal:        -1        0        0
    - offset: -0.0538499
    - center: -0.0538499 -0.03551987777777778 -0.001988922222222222 
    - vertices: p3410(v589) p8896(v135) p297(v74)
    - neighboring facets: f665 f5105 f5115
- f5111
    - flags: top simplicial tricoplanar
    - owner of normal & centrum is facet f5102
    - normal:        -1        0        0
    - offset: -0.0538499
    - center: -0.0538499 -0.03551987777777778 -0.001988922222222222 
    - vertices: p3410(v589) p536(v182) p227(v108)
    - neighboring facets: f2120 f5108 f5107
- f5112
    - flags: top simplicial tricoplanar
    - owner of normal & centrum is facet f5102
    - normal:        -1        0        0
    - offset: -0.0538499
    - center: -0.0538499 -0.03551987777777778 -0.001988922222222222 
    - vertices: p3410(v589) p8725(v183) p1717(v63)
    - neighboring facets: f902 f5107 f5109
- f5113
    - flags: bottom simplicial tricoplanar
    - owner of normal & centrum is facet f5102
    - normal:        -1        0        0
    - offset: -0.0538499
    - center: -0.0538499 -0.03551987777777778 -0.001988922222222222 
    - vertices: p3410(v589) p4289(v207) p3799(v41)
    - neighboring facets: f1012 f5103 f5120
- f5114
    - flags: bottom simplicial tricoplanar
    - owner of normal & centrum is facet f5102
    - normal:        -1        0        0
    - offset: -0.0538499
    - center: -0.0538499 -0.03551987777777778 -0.001988922222222222 
    - vertices: p3410(v589) p5089(v440) p5791(v73)
    - neighboring facets: f2189 f5104 f5121
- f5115
    - flags: bottom simplicial tricoplanar
    - owner of normal & centrum is facet f5102
    - normal:        -1        0        0
    - offset: -0.0538499
    - center: -0.0538499 -0.03551987777777778 -0.001988922222222222 
    - vertices: p3410(v589) p7595(v224) p8896(v135)
    - neighboring facets: f1109 f5110 f5103
- f5116
    - flags: bottom simplicial tricoplanar
    - owner of normal & centrum is facet f5102
    - normal:        -1        0        0
    - offset: -0.0538499
    - center: -0.0538499 -0.03551987777777778 -0.001988922222222222 
    - vertices: p3410(v589) p957(v439) p2360(v311)
    - neighboring facets: f2918 f5121 f5124
- f5117
    - flags: bottom simplicial tricoplanar
    - owner of normal & centrum is facet f5102
    - normal:        -1        0        0
    - offset: -0.0538499
    - center: -0.0538499 -0.03551987777777778 -0.001988922222222222 
    - vertices: p3410(v589) p5150(v313) p7138(v211)
    - neighboring facets: f1549 f2935 f5122
- f5118
    - flags: top simplicial tricoplanar
    - owner of normal & centrum is facet f5102
    - normal:        -1        0        0
    - offset: -0.0538499
    - center: -0.0538499 -0.03551987777777778 -0.001988922222222222 
    - vertices: p3410(v589) p8778(v586) p5334(v56)
    - neighboring facets: f2922 f5102 f5124
- f5119
    - flags: bottom simplicial tricoplanar
    - owner of normal & centrum is facet f5102
    - normal:        -1        0        0
    - offset: -0.0538499
    - center: -0.0538499 -0.03551987777777778 -0.001988922222222222 
    - vertices: p3410(v589) p5762(v436) p2802(v206)
    - neighboring facets: f2172 f5106 f5104
- f5120
    - flags: bottom simplicial tricoplanar
    - owner of normal & centrum is facet f5102
    - normal:        -1        0        0
    - offset: -0.0538499
    - center: -0.0538499 -0.03551987777777778 -0.001988922222222222 
    - vertices: p3410(v589) p5845(v437) p4289(v207)
    - neighboring facets: f2174 f5113 f5123
- f5121
    - flags: top simplicial tricoplanar
    - owner of normal & centrum is facet f5102
    - normal:        -1        0        0
    - offset: -0.0538499
    - center: -0.0538499 -0.03551987777777778 -0.001988922222222222 
    - vertices: p3410(v589) p5089(v440) p2360(v311)
    - neighboring facets: f2190 f5116 f5114
- f5122
    - flags: bottom simplicial tricoplanar
    - owner of normal & centrum is facet f5102
    - normal:        -1        0        0
    - offset: -0.0538499
    - center: -0.0538499 -0.03551987777777778 -0.001988922222222222 
    - vertices: p3410(v589) p960(v443) p5150(v313)
    - neighboring facets: f2204 f5117 f5105
- f5123
    - flags: bottom simplicial tricoplanar
    - owner of normal & centrum is facet f5102
    - normal:        -1        0        0
    - offset: -0.0538499
    - center: -0.0538499 -0.03551987777777778 -0.001988922222222222 
    - vertices: p3410(v589) p7608(v584) p5845(v437)
    - neighboring facets: f3599 f5120 f5106
- f5124
    - flags: bottom simplicial tricoplanar
    - owner of normal & centrum is facet f5102
    - normal:        -1        0        0
    - offset: -0.0538499
    - center: -0.0538499 -0.03551987777777778 -0.001988922222222222 
    - vertices: p3410(v589) p8778(v586) p957(v439)
    - neighboring facets: f2923 f5116 f5118
- f5127
    - flags: top simplicial tricoplanar keepcentrum
    - owner of normal & centrum is facet f5127
    - normal:         1       -0       -0
    - offset:  0.0258499
    - center: -0.0258499 -0.02885358888888889 -0.003230266666666667 
    - vertices: p9133(v800) p8647(v662) p4580(v152)
    - neighboring facets: f3301 f5128 f5149
- f5128
    - flags: bottom simplicial tricoplanar
    - owner of normal & centrum is facet f5127
    - normal:         1       -0       -0
    - offset:  0.0258499
    - center: -0.0258499 -0.02885358888888889 -0.003230266666666667 
    - vertices: p9133(v800) p2277(v361) p4580(v152)
    - neighboring facets: f1796 f5127 f5133
- f5129
    - flags: top simplicial tricoplanar
    - owner of normal & centrum is facet f5127
    - normal:         1       -0       -0
    - offset:  0.0258499
    - center: -0.0258499 -0.02885358888888889 -0.003230266666666667 
    - vertices: p9133(v800) p4047(v290) p8644(v17)
    - neighboring facets: f1446 f5140 f5138
- f5130
    - flags: top simplicial tricoplanar
    - owner of normal & centrum is facet f5127
    - normal:         1       -0       -0
    - offset:  0.0258499
    - center: -0.0258499 -0.02885358888888889 -0.003230266666666667 
    - vertices: p9133(v800) p2766(v481) p2202(v140)
    - neighboring facets: f2395 f5135 f5142
- f5131
    - flags: bottom simplicial tricoplanar
    - owner of normal & centrum is facet f5127
    - normal:         1       -0       -0
    - offset:  0.0258499
    - center: -0.0258499 -0.02885358888888889 -0.003230266666666667 
    - vertices: p9133(v800) p3844(v299) p3695(v11)
    - neighboring facets: f1491 f5132 f5139
- f5132
    - flags: top simplicial tricoplanar
    - owner of normal & centrum is facet f5127
    - normal:         1       -0       -0
    - offset:  0.0258499
    - center: -0.0258499 -0.02885358888888889 -0.003230266666666667 
    - vertices: p9133(v800) p8484(v229) p3695(v11)
    - neighboring facets: f2881 f5131 f5135
- f5133
    - flags: top simplicial tricoplanar
    - owner of normal & centrum is facet f5127
    - normal:         1       -0       -0
    - offset:  0.0258499
    - center: -0.0258499 -0.02885358888888889 -0.003230266666666667 
    - vertices: p9133(v800) p2277(v361) p4664(v46)
    - neighboring facets: f1795 f5136 f5128
- f5134
    - flags: bottom simplicial tricoplanar
    - owner of normal & centrum is facet f5127
    - normal:         1       -0       -0
    - offset:  0.0258499
    - center: -0.0258499 -0.02885358888888889 -0.003230266666666667 
    - vertices: p9133(v800) p9600(v193) p9483(v67)
    - neighboring facets: f2150 f5139 f5138
- f5135
    - flags: bottom simplicial tricoplanar
    - owner of normal & centrum is facet f5127
    - normal:         1       -0       -0
    - offset:  0.0258499
    - center: -0.0258499 -0.02885358888888889 -0.003230266666666667 
    - vertices: p9133(v800) p8484(v229) p2202(v140)
    - neighboring facets: f1133 f5130 f5132
- f5136
    - flags: bottom simplicial tricoplanar
    - owner of normal & centrum is facet f5127
    - normal:         1       -0       -0
    - offset:  0.0258499
    - center: -0.0258499 -0.02885358888888889 -0.003230266666666667 
    - vertices: p9133(v800) p2784(v480) p4664(v46)
    - neighboring facets: f2391 f5133 f5145
- f5137
    - flags: top simplicial tricoplanar
    - owner of normal & centrum is facet f5127
    - normal:         1       -0       -0
    - offset:  0.0258499
    - center: -0.0258499 -0.02885358888888889 -0.003230266666666667 
    - vertices: p9133(v800) p775(v651) p5039(v239)
    - neighboring facets: f3238 f5147 f5146
- f5138
    - flags: bottom simplicial tricoplanar
    - owner of normal & centrum is facet f5127
    - normal:         1       -0       -0
    - offset:  0.0258499
    - center: -0.0258499 -0.02885358888888889 -0.003230266666666667 
    - vertices: p9133(v800) p4047(v290) p9600(v193)
    - neighboring facets: f1445 f5134 f5129
- f5139
    - flags: top simplicial tricoplanar
    - owner of normal & centrum is facet f5127
    - normal:         1       -0       -0
    - offset:  0.0258499
    - center: -0.0258499 -0.02885358888888889 -0.003230266666666667 
    - vertices: p9133(v800) p3844(v299) p9483(v67)
    - neighboring facets: f1493 f5134 f5131
- f5140
    - flags: bottom simplicial tricoplanar
    - owner of normal & centrum is facet f5127
    - normal:         1       -0       -0
    - offset:  0.0258499
    - center: -0.0258499 -0.02885358888888889 -0.003230266666666667 
    - vertices: p9133(v800) p9262(v504) p8644(v17)
    - neighboring facets: f2513 f5129 f5143
- f5141
    - flags: top simplicial tricoplanar
    - owner of normal & centrum is facet f5127
    - normal:         1       -0       -0
    - offset:  0.0258499
    - center: -0.0258499 -0.02885358888888889 -0.003230266666666667 
    - vertices: p9133(v800) p6327(v632) p5175(v230)
    - neighboring facets: f3139 f5142 f5145
- f5142
    - flags: bottom simplicial tricoplanar
    - owner of normal & centrum is facet f5127
    - normal:         1       -0       -0
    - offset:  0.0258499
    - center: -0.0258499 -0.02885358888888889 -0.003230266666666667 
    - vertices: p9133(v800) p2766(v481) p5175(v230)
    - neighboring facets: f2394 f5141 f5130
- f5143
    - flags: top simplicial tricoplanar
    - owner of normal & centrum is facet f5127
    - normal:         1       -0       -0
    - offset:  0.0258499
    - center: -0.0258499 -0.02885358888888889 -0.003230266666666667 
    - vertices: p9133(v800) p9262(v504) p904(v358)
    - neighboring facets: f3277 f5144 f5140
- f5144
    - flags: bottom simplicial tricoplanar
    - owner of normal & centrum is facet f5127
    - normal:         1       -0       -0
    - offset:  0.0258499
    - center: -0.0258499 -0.02885358888888889 -0.003230266666666667 
    - vertices: p9133(v800) p8183(v506) p904(v358)
    - neighboring facets: f3269 f5143 f5146
- f5145
    - flags: bottom simplicial tricoplanar
    - owner of normal & centrum is facet f5127
    - normal:         1       -0       -0
    - offset:  0.0258499
    - center: -0.0258499 -0.02885358888888889 -0.003230266666666667 
    - vertices: p9133(v800) p6327(v632) p2784(v480)
    - neighboring facets: f3140 f5136 f5141
- f5146
    - flags: bottom simplicial tricoplanar
    - owner of normal & centrum is facet f5127
    - normal:         1       -0       -0
    - offset:  0.0258499
    - center: -0.0258499 -0.02885358888888889 -0.003230266666666667 
    - vertices: p9133(v800) p775(v651) p8183(v506)
    - neighboring facets: f3241 f5144 f5137
- f5147
    - flags: bottom simplicial tricoplanar
    - owner of normal & centrum is facet f5127
    - normal:         1       -0       -0
    - offset:  0.0258499
    - center: -0.0258499 -0.02885358888888889 -0.003230266666666667 
    - vertices: p9133(v800) p3475(v666) p5039(v239)
    - neighboring facets: f3318 f5137 f4432
- f5148
    - flags: bottom simplicial tricoplanar
    - owner of normal & centrum is facet f5127
    - normal:         1       -0       -0
    - offset:  0.0258499
    - center: -0.0258499 -0.02885358888888889 -0.003230266666666667 
    - vertices: p9133(v800) p9039(v798) p7526(v363)
    - neighboring facets: f3941 f4430 f5149
- f5149
    - flags: top simplicial tricoplanar
    - owner of normal & centrum is facet f5127
    - normal:         1       -0       -0
    - offset:  0.0258499
    - center: -0.0258499 -0.02885358888888889 -0.003230266666666667 
    - vertices: p9133(v800) p9039(v798) p8647(v662)
    - neighboring facets: f3942 f5127 f5148
- f5152
    - flags: top simplicial tricoplanar keepcentrum
    - owner of normal & centrum is facet f5152
    - normal:         0        0        1
    - offset:    -0.0262
    - center: -0.0369 -0.03634413333333333 0.0262 
    - vertices: p9110(v945) p2959(v611) p1650(v328)
    - neighboring facets: f3039 f5154 f5161
- f5153
    - flags: bottom simplicial tricoplanar
    - owner of normal & centrum is facet f5152
    - normal:         0        0        1
    - offset:    -0.0262
    - center: -0.0369 -0.03634413333333333 0.0262 
    - vertices: p9110(v945) p3655(v803) p2679(v670)
    - neighboring facets: f3968 f5155 f5157
- f5154
    - flags: bottom simplicial tricoplanar
    - owner of normal & centrum is facet f5152
    - normal:         0        0        1
    - offset:    -0.0262
    - center: -0.0369 -0.03634413333333333 0.0262 
    - vertices: p9110(v945) p8141(v461) p1650(v328)
    - neighboring facets: f3933 f5152 f5159
- f5155
    - flags: bottom simplicial tricoplanar
    - owner of normal & centrum is facet f5152
    - normal:         0        0        1
    - offset:    -0.0262
    - center: -0.0369 -0.03634413333333333 0.0262 
    - vertices: p9110(v945) p2679(v670) p7118(v364)
    - neighboring facets: f3664 f5164 f5153
- f5156
    - flags: bottom simplicial tricoplanar
    - owner of normal & centrum is facet f5152
    - normal:         0        0        1
    - offset:    -0.0262
    - center: -0.0369 -0.03634413333333333 0.0262 
    - vertices: p9110(v945) p3417(v610) p1487(v130)
    - neighboring facets: f3033 f5160 f4630
- f5157
    - flags: top simplicial tricoplanar
    - owner of normal & centrum is facet f5152
    - normal:         0        0        1
    - offset:    -0.0262
    - center: -0.0369 -0.03634413333333333 0.0262 
    - vertices: p9110(v945) p3655(v803) p1142(v319)
    - neighboring facets: f3966 f5158 f5153
- f5158
    - flags: bottom simplicial tricoplanar
    - owner of normal & centrum is facet f5152
    - normal:         0        0        1
    - offset:    -0.0262
    - center: -0.0369 -0.03634413333333333 0.0262 
    - vertices: p9110(v945) p5406(v591) p1142(v319)
    - neighboring facets: f2943 f5157 f5163
- f5159
    - flags: bottom simplicial tricoplanar
    - owner of normal & centrum is facet f5152
    - normal:         0        0        1
    - offset:    -0.0262
    - center: -0.0369 -0.03634413333333333 0.0262 
    - vertices: p9110(v945) p8861(v609) p8141(v461)
    - neighboring facets: f3029 f5154 f5165
- f5160
    - flags: top simplicial tricoplanar
    - owner of normal & centrum is facet f5152
    - normal:         0        0        1
    - offset:    -0.0262
    - center: -0.0369 -0.03634413333333333 0.0262 
    - vertices: p9110(v945) p6161(v730) p1487(v130)
    - neighboring facets: f3609 f5156 f5163
- f5161
    - flags: bottom simplicial tricoplanar
    - owner of normal & centrum is facet f5152
    - normal:         0        0        1
    - offset:    -0.0262
    - center: -0.0369 -0.03634413333333333 0.0262 
    - vertices: p9110(v945) p2959(v611) p9445(v462)
    - neighboring facets: f4216 f5162 f5152
- f5162
    - flags: top simplicial tricoplanar
    - owner of normal & centrum is facet f5152
    - normal:         0        0        1
    - offset:    -0.0262
    - center: -0.0369 -0.03634413333333333 0.0262 
    - vertices: p9110(v945) p5677(v744) p9445(v462)
    - neighboring facets: f4214 f5161 f4631
- f5163
    - flags: bottom simplicial tricoplanar
    - owner of normal & centrum is facet f5152
    - normal:         0        0        1
    - offset:    -0.0262
    - center: -0.0369 -0.03634413333333333 0.0262 
    - vertices: p9110(v945) p6161(v730) p5406(v591)
    - neighboring facets: f3610 f5158 f5160
- f5164
    - flags: top simplicial tricoplanar
    - owner of normal & centrum is facet f5152
    - normal:         0        0        1
    - offset:    -0.0262
    - center: -0.0369 -0.03634413333333333 0.0262 
    - vertices: p9110(v945) p3269(v856) p7118(v364)
    - neighboring facets: f4212 f5155 f5165
- f5165
    - flags: bottom simplicial tricoplanar
    - owner of normal & centrum is facet f5152
    - normal:         0        0        1
    - offset:    -0.0262
    - center: -0.0369 -0.03634413333333333 0.0262 
    - vertices: p9110(v945) p3269(v856) p8861(v609)
    - neighboring facets: f4213 f5159 f5164
- f5168
    - flags: top simplicial tricoplanar keepcentrum
    - owner of normal & centrum is facet f5168
    - normal:    0.7071  -0.7071 2.846e-16
    - offset: -0.01850095
    - center: -0.0266052 -0.0527695 -0.014865668 
    - vertices: p6110(v968) p3384(v894) p5278(v499)
    - neighboring facets: f4398 f5169 f5171
- f5169
    - flags: top simplicial tricoplanar
    - owner of normal & centrum is facet f5168
    - normal:    0.7071  -0.7071 2.846e-16
    - offset: -0.01850095
    - center: -0.0266052 -0.0527695 -0.014865668 
    - vertices: p6110(v968) p5278(v499) p5689(v355)
    - neighboring facets: f2485 f4746 f5168
- f5171
    - flags: bottom simplicial tricoplanar
    - owner of normal & centrum is facet f5168
    - normal:    0.7071  -0.7071 2.846e-16
    - offset: -0.01850095
    - center: -0.0266052 -0.0527695 -0.014865668 
    - vertices: p6110(v968) p3384(v894) p3765(v787)
    - neighboring facets: f4942 f4749 f5168
