3
10000 1862 2793
-0.0475417 0.0425 0.0173224 
-0.0519348 0.06602379999999999 0.0191997 
-0.0378357 0.0240691 0.00320519 
-0.0412976 0.0719982 -0.023 
-0.0569835 0.06511740000000001 0.0148114 
-0.0557482 0.0639513 0.00357933 
-0.0466632 0.0493489 0.0171625 
-0.0403549 0.0637634 -0.00442878 
-0.0278157 0.011017 0.00484032 
-0.0364155 0.0534987 -0.0132288 
-0.0583878 0.0782414 0.0214804 
-0.0165672 0.00483733 0.00227936 
-0.0586028 0.06427289999999999 -0.00245092 
-0.0498197 0.059896 -0.0216085 
-0.0585282 0.0103549 -0.00185176 
-0.0598 0.07991760000000001 -0.014366 
-0.0385523 0.00767127 -0.014049 
-0.0372424 0.0002 -0.008686070000000001 
-0.0598 0.0609362 -0.0141605 
-0.000667362 0.00215071 0.00329502 
-0.0187663 0.0552624 -0.00694387 
-0.0598 0.0719726 0.0162376 
-0.0475865 0.0559861 -0.0175169 
-0.0524118 0.0675747 -0.0155 
-0.055 0.0717884 -0.00446157 
-0.0525123 0.0837574 -0.0218511 
-0.00039232 0.0520171 0.00304274 
-0.0439073 0.0397545 -0.0100678 
-0.0394894 0.0568114 0.0168808 
-0.0517476 0.0132107 -0.0191142 
-0.0558838 0.0770105 -0.0044554 
-0.0284865 0.000290406 0.007951359999999999 
-0.0454279 0.06309190000000001 0.012657 
-0.0520375 0.0824 0.0199523 
-0.0428206 0.0481567 -0.0156875 
-0.0154133 0.0046822 -0.0115029 
-0.0331825 0.0654 -0.00854997 
-0.054147 0.0700784 -0.0210965 
-0.0393074 0.00495598 -0.0143389 
-0.0598 0.0697936 0.00214576 
-0.0338174 0.0427583 -0.00595426 
-0.059219 0.0692362 0.0203371 
-0.0560434 0.0658358 -0.0228421 
-0.0479428 0.0573695 0.0188032 
-0.0502515 0.06800730000000001 -0.0155 
-0.0137391 0.0464 0.0100559 
-0.0468069 0.06330189999999999 0.00475754 
-0.0598 0.0397801 0.00779164 
-0.0598 0.0451318 0.0101636 
-0.055 0.0790023 0.0143049 
-0.0303 0.0566433 -0.009299699999999999 
-0.05149 0.023026 -0.0186386 
-0.0177119 0.000905024 -0.0101283 
-0.0438323 0.043036 0.0160758 
-0.0569732 0.0737715 -0.0111629 
-0.0598 0.07750700000000001 0.00305949 
-0.0519708 0.07207470000000001 -0.0160419 
-0.0598 0.0445891 0.00937911 
-0.0361836 0.0308459 0.0013378 
-0.0382269 0.0441148 0.0116735 
-0.0567982 0.0300776 0.0197102 
-0.055 0.0760221 0.00145628 
-0.0517797 0.00427844 -0.0147183 
-0.0327276 0.0452 -0.0101551 
-0.0173631 0.00473784 0.0112389 
-0.0541669 0.0609722 -0.0222274 
-0.0412925 0.0689155 -0.023 
-0.00834495 0.00541075 -0.00731697 
-0.0443255 0.0203374 -0.0105405 
-0.0598 0.0541801 0.0109967 
-0.0560996 0.0844 -0.0170945 
-0.0391683 0.0156721 -0.00471137 
-0.0271108 0.0557106 0.00912059 
-0.0492285 0.00198307 0.0142242 
-0.0581167 0.0840935 0.00639936 
-0.0407981 0.07645250000000001  0.023 
-0.0449525 0.0267154 0.0112493 
-0.0557151 0.07584730000000001 -0.0229136 
-0.0553262 0.0622603 -0.0227084 
-0.0598 0.0175048 -0.00282324 
-0.0478338 0.0843729 -0.0203807 
-0.0359535 0.0379433 0.00107778 
-0.0387752 0.0654 0.008325910000000001 
-0.0467768 0.0186022 -0.0133113 
-0.0178086 0.0543201 0.0110453 
-0.053743 0.0770491 -0.0155 
-0.0418226 0.0424067 -0.00771152 
-0.000526207 0.00204789 0.00259536 
-0.0392077 0.0425 -0.00883624 
-0.0369058 0.0751675 -0.0167 
-0.041744 0.07082670000000001 -0.0167 
-0.0194393 0.00333868 0.00391124 
-0.0363209 0.0228533 0.00149295 
-0.0358709 0.0654 0.0010283 
-0.024079   0.01 0.008342459999999999 
-0.0569768 0.0735508 0.00501162 
-0.0598 0.0467903 0.0139762 
-0.0526817 0.07359259999999999 -0.020143 
-0.0371594 0.0589545 -0.0183911 
-0.0598 0.0490032 -0.00503256 
-0.0585017 0.010331 0.0159549 
-0.0473769 0.0844 -0.019453 
-0.010263 0.0474344 -0.0118649 
-0.0587219 0.0648789 0.00636787 
-0.055 0.0766563 -0.00600683 
-0.0155122   0.01 -0.008217850000000001 
-0.0455113 0.0595062 0.0213191 
-0.0531914 0.00554956 -0.000926054 
-0.0486295 0.00144207 -0.0133432 
-0.0494082 0.00766251 0.0182162 
-0.0435789 0.0637267 -0.00300875 
-0.0368019 0.0524431 -0.0133771 
-0.0579741 0.0841577 -0.0130453 
-0.0550008 0.081299 0.0229934 
-0.015429 0.007973610000000001 -0.00445663 
-0.053837 0.0679568 0.0178682 
-0.048096 0.0425 -0.0158123 
-0.00679464 0.0554275 0.00852839 
-0.0484216 0.0692781 -0.0167 
-0.0350445 0.06326320000000001 0.00428201 
-0.055 0.07207429999999999 -0.00970886 
-0.0598 0.0326106 0.00663586 
-0.0358239 0.0366361 0.000931258 
-0.0383962 0.0172949 -0.00383874 
-0.0567024 0.0472481 -0.0131514 
-0.013323 0.0486273 0.000898364 
-0.0418219 0.0584765 0.0203659 
-0.055 0.0797339 0.00704155 
-0.0437202 0.0707752 -0.023 
-0.0598 0.0486114 0.00419429 
-0.0598 0.0539151 -0.00496936 
-0.052776 0.0787804 0.0163 
-0.0560782 0.0783845 -0.0228335 
-0.0408367 0.040357 0.00659719 
-0.00510327 0.00373523 -0.0030806 
-0.0421111 0.077726  0.023 
-0.0539208 0.0398913 0.0197102 
-0.000463712 0.0520597 -0.00329271 
-0.0598 0.0166032 0.0098656 
-0.00262595 0.0490522 0.00748883 
-0.0384874 0.00587142 0.0140241 
-0.0196411 0.0540233 -0.00513779 
-0.0598 0.0350371 0.0114614 
-0.00425243 0.0537713 0.009115409999999999 
-0.0353698 0.0422625 -0.000417988 
-0.0424758 0.0148291 -0.00844983 
-0.0170951 0.0564 0.00184297 
-0.0425969 0.0796333 0.0182 
-0.0399574 0.0628312 -0.0227644 
-0.0598 0.0178539 -0.0101621 
-0.0598 0.0702298 0.0170824 
-0.0374707 0.0599752 -0.0200575 
-0.0597184 0.0121494 0.0135455 
-0.0291699 0.00207508 0.0102143 
-0.035621 0.0145 -0.00312148 
-0.0497911 0.06403739999999999 -0.00269146 
-0.0581528 0.0264175 -0.0193859 
-0.0581697 0.010032 0.0112367 
-0.0459865 0.0253374 -0.0124179 
-0.00152334   0.01 0.00443667 
-0.007985320000000001 0.00679614 -0.00361779 
-0.0188434 0.00557681 0.0110833 
-0.0451914 0.0634313 -0.00408964 
-0.0581141 0.0466484 -0.0194064 
-0.055 0.06595479999999999 0.00713452 
-0.0144615 0.00571859 0.0117429 
-0.0491694 0.0663924 -0.0167 
-0.00800411 0.00488379 -0.00747419 
-0.0422065 0.0486802 -0.0154518 
-0.0294369 0.0564 0.00726009 
-0.0471918 0.07631019999999999 -0.023 
-0.0509878 0.0589258 0.0208299 
-0.0479992 0.07289569999999999  0.023 
-0.0494485 0.07653550000000001  0.023 
-0.0544164 0.0690409 0.0220998 
-0.0567224 0.0341684 -0.0197102 
-0.0587698 0.0170532 0.0189705 
-0.0450072 0.0178305 -0.0113111 
-0.030081 0.0002 0.00724861 
-0.0317043 0.0641259 -0.0026011 
-0.0409736 0.00619512 0.0149785 
-0.00232561 0.00977944 -0.00337944 
-0.00556414 0.0491434 -0.00553939 
-0.00513209 0.0499 -0.00443919 
-0.0598 0.0423209 0.00837543 
-0.0496 0.0807858 -0.0157699 
-0.0525027 0.0176417 0.0194041 
-0.054262 0.00651356 0.00947974 
-0.055 0.0692707 -0.00495302 
-0.0598 0.0767863 0.0159322 
-0.0018115 0.008999999999999999 0.000502108 
-0.0598 0.072741 0.0171824 
-0.0125767 0.055111 0.00168607 
-0.0419117 0.0535906 -0.0153386 
-0.049183 0.0654 0.00872946 
-0.0598 0.0793648 0.00271757 
-0.0272037 0.0104516 -0.00489401 
-0.0345929 0.0651297 0.00237603 
-0.0527758 0.06476320000000001 -0.0101502 
-0.0421571 0.0416013 0.008089610000000001 
-0.058435 0.0669918 -0.021427 
-0.055328 0.00747342 0.00469822 
-0.00678299 0.0513975 0.0108045 
-0.0102642 0.00735571 0.0118677 
-0.021157 0.0464 -0.00016682 
-0.0471329 0.0793867 0.0182 
-0.0598 0.0707506 0.0140706 
-0.0385752 0.0121817 -0.0140578 
-0.0454936 0.0153379 -0.0118609 
-0.0148907 0.0473568 0.0009426080000000001 
-0.0423955 0.0837025 -0.0219226 
-0.0596688 0.0659768 0.006311 
-0.0449498 0.0219784 -0.0112462 
-0.0598 0.0517593 -0.000342396 
-0.0430274 0.000223823 -0.0129447 
-0.0443492 0.0002 -0.00775563 
-0.0310222 0.0584191 -0.0106512 
-0.0133107 0.0542672 -0.00091761 
-0.0525083 0.0559453 0.0194062 
-0.057544 0.084305 -0.0104525 
-0.0598 0.0196576 -0.0162193 
-0.0368688 0.06412420000000001 -0.0129973 
-0.0397783 0.0145 0.00920491 
-0.0439041 0.0257554 0.0100643 
-0.0584757 0.0213185 -0.011698 
-0.0329414 0.0432586 -0.00423019 
-0.0533394 0.0844 -0.0196322 
-0.0598 0.0532423 0.00526678 
-0.0194946 0.0564 0.00137174 
-0.055 0.0784605 0.00226939 
-0.0518034 0.0654 -0.0150356 
-0.0598 0.0556157 -0.007813240000000001 
-0.0403129 0.06603729999999999 -0.0167 
-0.0556284 0.0171896 -0.0197102 
-0.0364697 0.026312 0.00166114 
-0.0163688 0.0481455 -0.00325618 
-0.0426232 0.0388323 -0.008616449999999999 
-0.055 0.073245 0.0068702 
-0.0588384 0.0667205 0.0209444 
-0.0598 0.0529046 0.00884937 
-0.00946265 0.0508262 -0.00591482 
-0.0361155 0.0580341 -0.0131136 
-0.0598 0.06924710000000001 0.008365930000000001 
-0.0299414 0.0564 -0.00696242 
-0.0598 0.0674376 0.00494798 
-0.0598 0.0731402 0.00240807 
-0.0501439 0.0725103 -0.023 
-0.0460345 0.0437231 0.0169212 
-0.0170752 0.0498297 0.0112692 
-0.0453688 0.0604072 -0.0219322 
-0.0109191 0.00695886 0.011947 
-0.0231857 0.0452 0.00363222 
-0.0455416 0.035807 -0.0119151 
-0.0365471 0.0245721 -0.00174863 
-0.0567897 0.0524286 -0.0197102 
-0.0465886 0.0715948  0.023 
-0.0283388 0.00546159 -0.0102308 
-0.0469031 0.0112514 0.0172546 
-0.0495449 0.00226625 0.00609616 
-0.0349832 0.0472339 -0.012679 
-0.045234 0.0642255 0.00329938 
-0.0333761 0.0531485 -0.0120621 
-0.009055560000000001 0.0553728 0.0032985 
-0.0273425 0.0002 -0.00349863 
-0.0598 0.0463854 0.0164552 
-0.043948 0.0306569 -0.0101139 
-0.0512201 0.0736343  0.023 
-0.0269946 0.0564 -0.00713959 
-0.0332514 0.0435634 -0.00656378 
-0.0376143 0.0347712 -0.00295488 
-0.0486233 0.08038530000000001 0.0182 
-7.74382e-06 0.00416047 -0.000359115 
-0.0379968 0.0002 -0.008509320000000001 
-0.0326023 0.0005036 -0.00995657 
-0.0598 0.0597047 -0.0126328 
-0.058218 0.0100756 -0.0134965 
-0.0515411 0.065044 0.0147364 
-0.011647 0.000721643 -0.0106733 
-0.0358006 0.0701416 -0.0167 
-0.0322872 0.0452 -0.011512 
-0.055 0.08373510000000001 -0.0102938 
-0.0112344 0.0485134 -0.011968 
-0.0382259 0.0265896 0.0036462 
-0.0517355 0.0631563 -0.00380885 
-0.0287603   0.01 0.008417030000000001 
-0.0500393 0.0027114 -0.00704355 
-0.0113283 0.00768148 -0.0119751 
-0.0520226 0.06962 0.0196294 
-0.0598 0.0177321 -0.009021080000000001 
-0.0104872 0.0536225 -0.000517747 
-0.0551281 0.0326854 -0.0197102 
-0.0451426 0.0307258 0.0114641 
-0.0368651 0.0425 0.00581886 
-0.0437549 0.07400760000000001  0.023 
-0.0586228 0.0273139 0.0190893 
-0.0415123 0.0002 -0.00664106 
-0.0514313 0.06506290000000001 0.00655575 
-0.0598 0.0469259 0.00299408 
-0.0339592 0.0002 -0.008189689999999999 
-0.0382826 0.0572928 -0.0167249 
-0.0308675 0.0115 0.0073384 
-0.0598 0.0675695 -0.0116981 
-0.0495414 0.0639372 0.00359375 
-0.0274058 0.0541301 0.0100976 
-0.0534949 0.08195819999999999 0.0229469 
-0.0532358 0.00558957 -0.00666482 
-0.00966029 0.0564 -0.00150806 
-0.00156238 0.00493604 -0.00591981 
-0.0295538 0.0452 0.00632061 
-0.0303 0.0619131 -0.0073952 
-0.009010290000000001 0.0536303 0.00324466 
-0.0462298 0.0488421 0.0169962 
-0.0380401 0.0502041 0.0138524 
-0.0595021 0.0376562 -0.0180104 
-0.0295152 0.0002 -0.00516757 
-0.0390374 0.0640772 -0.0129492 
-0.00195995 0.0561581 0.00158897 
-0.0378421 0.0772298 0.0220274 
-0.00319007   0.01 -0.00365685 
-0.0433187 0.0273746 -0.00940262 
-0.0367535 0.0809233 -0.0209321 
-0.0196372 0.00541583 0.00469217 
-0.0598 0.0490113 -0.0124969 
-0.0168604 0.00302765 -0.0112843 
-0.0489421 0.07138510000000001  0.023 
-0.0459208 0.0183927 -0.0123437 
-0.0330093 0.0002 0.00382995 
-0.0381008 0.0764282 0.0182 
-0.0523732 0.0171428 0.0193544 
-0.0598 0.07584920000000001 -0.00712318 
-0.0518604 0.0653297 -0.023 
-0.0579781 0.00985959 -0.0158075 
-0.0441062 0.0182614 0.0102927 
-0.0232821 0.0002 0.00399121 
-0.0374486 0.0240339 -0.00276759 
-0.0208131 0.0525884 0.0108763 
-0.0579612 0.0168556 -0.0194736 
-0.0378605 0.0493984 0.0137835 
-0.0598 0.07641729999999999 -0.0166664 
-0.0451541 0.0482574 -0.0165832 
-0.0152197 0.00144918 -0.00702254 
-0.055 0.07111339999999999 0.00741889 
-0.0598 0.0355663 -0.00544116 
-0.059559 0.0422811 0.0178813 
-0.0531308 0.0643306 0.00319208 
-0.0507742 0.0363282 -0.0178295 
-0.039946 0.0024482 -0.0144806 
-0.0507899 0.06466959999999999 -0.0053541 
-0.0190236 0.0499 -0.00521435 
-0.00703125 0.0471202 0.00721715 
-0.0147251 0.0065 -0.00545855 
-0.0201324 0.0010023 -0.009980849999999999 
-0.055 0.06882480000000001 -0.0149866 
-0.0566488 0.07305300000000001 -0.00369665 
-0.0385861 0.0466726 0.014062 
-0.0405636 0.06487999999999999 -0.00183098 
-0.0463251 0.0546034 0.0170327 
-0.0373511 0.0122985 0.0110314 
-0.0151795 0.0549458 -0.00289842 
-0.0567829 0.07534150000000001 0.0103597 
-0.0598 0.0614216 0.00296232 
-0.0597927 0.0815665 0.00494432 
-0.009282800000000001 0.008999999999999999 0.00226386 
-0.0597946 0.08152280000000001 0.00213155 
-0.0531718 0.00553191 -0.008935200000000001 
-0.015335 0.0517897 0.0115246 
-0.00663602 0.0496463 0.0107331 
-0.0443027 0.0644213 -0.00510057 
-0.0261453 0.0452 0.00121339 
-0.0595671 0.0116823 -0.0161631 
-0.008639590000000001 0.008906239999999999 0.00477356 
-0.0598 0.0545573 -0.0105993 
-0.0247649 0.0452 -0.000466543 
-0.0395258 0.0654 -0.0157254 
-0.0481993 0.0611857 -0.0223225 
-0.0563868 0.0642264 0.0139015 
-0.00525969 0.0065 0.00322018 
-0.0448079 0.0704 0.0181542 
-0.0428832 0.0145 0.0142289 
-0.0559739 0.00805493 0.00332817 
-0.0385736 0.0144186 0.00916147 
-0.0381169 0.0798075 0.0182 
-0.0276561 0.0002 0.0031839 
-0.0598 0.0598325 -0.0129134 
-0.0349803 0.0002 -0.009180260000000001 
-0.0278694 0.00163373 -0.009738429999999999 
-0.03975 0.0394021 0.00536895 
-0.00732746 0.053337 -0.007533 
-0.0389137 0.0649841 0.0107247 
-0.0598 0.0303636 0.00110069 
-0.041761 0.0278777 -0.00764194 
-0.0399355 0.0331147 -0.00557854 
-0.00566775 0.00516102 -0.0101911 
-0.055 0.08371489999999999 -0.0140421 
-0.0465096 0.0623431 -0.0227309 
-0.052005 0.013061 -0.019213 
-0.0394775 0.0567527 0.016599 
-0.0350986 0.0654 0.00695535 
-0.0395016 0.0386297 -0.00508818 
-0.0531608 0.0337558 0.0196567 
-0.0429695 0.064571 -0.00214659 
-0.0130247 0.0489384 0.0119501 
-0.0585742 0.0281637 -0.0191267 
-0.0598 0.0309268 0.0101888 
-0.0478489 0.07921739999999999  0.023 
-0.0533581 0.00686552 -0.0181637 
-0.0183752   0.01 0.0107883 
-0.0512652 0.0225324 0.0183845 
-0.0494017 0.00213733 0.0137643 
-0.0493343 0.0445129 -0.0181879 
-0.00788437   0.01 0.009167349999999999 
-0.0567986 0.0840606 0.0213824 
-0.055 0.0798373 0.0100356 
-0.0503528 0.06763470000000001 -0.023 
-0.0598 0.030128 0.0105091 
-0.0598 0.0677952 0.00774897 
-0.0391946 0.0632427 0.0226396 
-0.0597964 0.0814826 -0.0157253 
-0.00066586 0.00737016 -0.00393675 
-0.0591235 0.083264 0.0205113 
-0.0439793 0.0443123 -0.0161323 
-0.0444511 0.083771 -0.0218334 
-0.0258464 0.0452 -0.00382537 
-0.00900225 0.0532659 0.00666472 
-0.0452574 0.0706383 -0.023 
-0.0113694 0.00020383 -0.009063 
-0.0598 0.0282868 -0.00873372 
-0.0430913 0.0427543 -0.0157914 
-0.0591601 0.0832476 -0.0138714 
-0.0596231 0.0775005 -0.011645 
-0.0385142 0.06530320000000001 0.0150011 
-0.0411813 0.0244581 -0.00698666 
-0.0347397 0.0564138 -0.0125855 
-0.0183167 0.0562734 0.008982209999999999 
-0.0358209 0.0674804 0.0184549 
-0.0419356 0.0161876 0.0078393 
-0.0477418 0.0208243 0.0144019 
-0.0429811 0.00123908 -0.0149656 
-0.0576288 0.0568612 -0.0195933 
-4.1929e-05 0.00607751 0.0009945010000000001 
-0.0597447 0.0288096 0.0172796 
-0.0429572 0.0276826 -0.00899396 
-0.0267714 0.0462447 -0.0102501 
-0.0013289 0.0546085 0.00487676 
-0.0598 0.0369388 0.0138612 
-0.00460811 0.00523379 0.00944908 
-0.0473867 0.08150449999999999 -0.0229954 
-0.0196466 0.00606654 -0.0109989 
-0.0598 0.0320083 -0.00189873 
-0.0149154 0.000278954 0.00921982 
-0.0464984 0.0002 0.00796212 
-0.0358401 0.0273019 -0.000949555 
-0.0168363 0.0499 -0.00748379 
-0.0241272 0.00651862 0.010528 
-0.0596582 0.03989 0.0176124 
-0.00546142 0.00767096 0.00476994 
-0.0414178 0.0642966 0.00322676 
-0.0124847 0.0564 -0.008199390000000001 
-0.0598 0.0401125 -0.00141019 
-0.0367059 0.06252679999999999 -0.0205585 
-0.0542385 0.0663622 0.019826 
-0.0500293 0.0156127 -0.0169875 
-0.0538939 0.0443721 -0.0197102 
-0.0598 0.0201936 -0.008429819999999999 
-0.00848573 0.053132 -0.0114722 
-0.0439434 0.0002 -0.0112958 
-0.0514479 0.00397971 0.0128488 
-0.0288895 0.0452 0.00514102 
-0.00633803 0.00640626 0.0105747 
-0.0451868 0.0461375 -0.0165958 
-0.0509959 0.00438518 0.0168707 
-0.055 0.0832343 -0.0109845 
-0.0103303 0.0484 -0.00145766 
-0.0111357 0.00308883 0.0119613 
-0.0588562 0.0561381 -0.0188915 
-0.0508601 0.0717935 -0.0201572 
-0.0501994 0.0678647  0.023 
-0.0317622 0.0588095 -0.0114426 
-0.0591946 0.0110322 -0.00154388 
-0.0271655   0.01 0.00507629 
-0.0491674 0.081258 0.0182 
-0.0598 0.0370926 -0.00366317 
-0.056298 0.044648 -0.0197102 
-0.0485146 0.00646573 0.0178732 
-0.0466168 0.0328552 0.0131304 
-0.0485863 0.06533750000000001 -0.00136384 
-0.0519064 0.00439258 0.00383241 
-0.0598 0.0528676 0.00749377 
-0.0567996 0.0149991 -0.0197102 
-0.00225389 0.00995208 -0.00355208 
-0.0406111 0.06325989999999999 -0.0121146 
-0.0117078 0.0002 -0.00195379 
-0.0423825 0.0798146 -0.0167 
-0.0155157 0.0469952 0.0114671 
-0.043622 0.0145 -0.0118983 
-0.0598 0.0551154 0.00910832 
-0.0425305 0.0002 0.00926693 
-0.0512722 0.0635213 -0.0123816 
-0.015212 0.00432908 0.00288389 
-0.0148515 0.052144 0.00664759 
-0.059486 0.0115055 0.0102282 
-0.0196444 0.0526444 0.00507582 
-0.047553 0.0199045 0.0141885 
-0.0598 0.0541569 0.000750992 
-0.0597851 0.06505370000000001 -0.0183415 
-0.0449688 0.0811635 -0.023 
-0.0220548   0.01 -0.00610725 
-0.0453659 0.0145 -0.0156655 
-0.0482151 0.0749539 -0.023 
-0.0364734 0.07950649999999999 -0.0167 
-0.0433149 0.0506126 0.0158772 
-0.0598 0.0789625 0.000302089 
-0.0556725 0.0385223 -0.0197102 
-0.0456401 0.0119401 -0.0167698 
-0.008745910000000001 0.0515396 0.0115476 
-0.0466151 0.0277647 -0.0131285 
-0.0393566 0.0566872 0.0159828 
-0.0597811 0.0205826 -0.0170288 
-0.0597595 0.0750899 0.0186134 
-0.058351 0.0104343 0.0177262 
-0.055 0.0678426 -0.000961655 
-0.0474054 0.0392692 0.0140217 
-0.0559091 0.0206471 0.0197102 
-0.0145055 0.0560292 0.00380361 
-0.0503005 0.0842229 -0.0210138 
-0.0405708 0.0757956 0.0229912 
-0.0428813 0.0417275 0.00890813 
-0.0598 0.0143761 0.0101357 
-0.0391941 0.0844 -0.0175938 
-0.0283662 0.00185926 -0.009912010000000001 
-0.0340185 0.0432625 0.00500133 
-0.0552676 0.0751406 -0.0140351 
-0.0559271 0.0750823 -0.00577554 
-0.0372024 0.0145 -0.00661682 
-0.00506942 0.0065 -0.00441711 
-0.00974246 0.000428217 -0.00475688 
-0.0598 0.0391484 -0.00180908 
-0.0347419 0.0145 -0.00197323 
-0.0257163 0.00715266 -0.010361 
-0.0598 0.0664834 0.000152457 
-0.044278 0.08160100000000001 0.0182 
-0.00422879 0.000206166 -0.00481052 
-0.0499463 0.00262772 0.013496 
-0.0521637 0.0047554 -0.0161018 
-0.0487549 0.0173966 -0.0155471 
-0.0440858 0.0324947 -0.0102696 
-0.0506488 0.07478170000000001 -0.023 
-0.0526531 0.08112080000000001 -0.0155 
-0.0350955 0.0002 0.00320606 
-0.0584053 0.0102442 0.009368619999999999 
-0.0598 0.0272889 0.0139627 
-0.00285222 0.0530328 0.00776151 
-0.0450619 0.0301811 -0.0113729 
-0.0482371 0.0520097 -0.0177667 
-0.0598 0.07389610000000001 0.007907269999999999 
-0.0518084 0.0285253 -0.0189985 
-0.0598 0.0594672 0.00265641 
-0.055 0.07267560000000001 -0.000110715 
-0.0143449 0.00379584 0.00423985 
-0.056303 0.0552816 0.0197102 
-0.0598 0.0252693 -0.0115063 
-0.040719 0.0394899 0.00646412 
-0.00568757 0.00662009 -0.0102035 
-0.0147213 0.00522761 0.00647391 
-0.056664 0.0466817 -0.0134486 
-0.011505 0.0002 -0.00446377 
-0.043687 0.0170321 0.00981892 
-0.0598 0.0338584 0.0130003 
-0.0466154 0.0067481 0.0171442 
-0.0480005 0.0145 -0.0166508 
-0.0516342 0.0592943 -0.0211587 
-0.009970329999999999 0.00977339 -0.0118173 
-0.0359902 0.0002 0.00631762 
-0.00822812 0.00681319 -0.0060304 
-0.0310653 0.053809 -0.0111443 
-0.0598 0.0360151 -0.00110502 
-0.0386673 0.0440475 0.0121201 
-0.0489558 0.0747033  0.023 
-0.0411059 0.0002 0.0117066 
-0.0263133 0.00144982 -0.009729969999999999 
-0.0598 0.0513912 0.0102514 
-0.0598 0.0442373 -0.0135683 
-0.055 0.07262490000000001 -0.00306377 
-0.0272207 0.0002 0.00306215 
-0.0160452 0.0466953 -0.00626895 
-0.0598 0.0246538 0.015036 
-0.0598 0.0672359 0.008640800000000001 
-0.0593527 0.0764534 0.0113756 
-0.018665 0.0033602 0.0111021 
-0.0332504 0.0429496 -0.000377133 
-0.0367065 0.0425 0.00568146 
-0.0332667 0.0429333 -0.00316822 
-0.0598 0.0727621 0.00596782 
-0.0511433 0.06676020000000001 0.0190136 
-0.0192358 0.0452 -0.0106029 
-0.0566393 0.0688585 0.0226449 
-0.0598 0.0813362 -0.00208008 
-0.0436751 0.0145 0.0103387 
-0.0527437 0.0649488  0.023 
-0.0479622 0.00755722 -0.0176611 
-0.0379639 0.0280295 -0.00335012 
-0.0264724 0.0452 0.008523309999999999 
-0.059797 0.0127647 0.000109565 
-0.0374605 0.0125207 -0.0136299 
-0.0598 0.0287532 0.00968188 
-0.0437963 0.0438002 0.016062 
-0.00695205 0.0521852 -0.00754748 
-0.0524026 0.07982599999999999 -0.023 
-0.0293349 0.0452 -0.00495764 
-0.0588234 0.0134556 -0.0189213 
-0.0291404 0.0452 0.0101747 
-0.0397168 0.08138769999999999 -0.0167 
-0.0482792 0.0652744 0.0149717 
-0.0482111 0.06445090000000001 0.00593084 
-0.00726111 0.0065 0.00322973 
-0.0574188 0.0294639 0.019644 
-0.0593735 0.06696879999999999 -0.0200117 
-0.0103319 0.0478892 -0.0026 
-0.0323591 0.0632096 0.0116717 
-0.0379769 0.0334986 0.00336482 
-0.0467696 0.000200108 0.0140037 
-0.0428503 0.0145 0.0135161 
-0.0444458 0.0425 -0.01594 
-0.0474886 0.0634504 -0.0114908 
-0.051353 0.0786457 -0.0155 
-0.00987732 0.000472613 -0.0100171 
-0.00532572 0.0464 0.00526968 
-0.0453062 0.0654 -0.00670002 
-0.00705416 0.0499 -0.00713528 
-0.0598 0.0245555 -0.00480976 
-0.0419217 0.0717209 -0.0167 
-0.0148995 0.0476652 -0.000768811 
-0.0303 0.0571418 0.00935796 
-0.0107327 0.0548007 0.0115699 
-0.0303 0.0564833 -0.00323146 
-0.0549618 0.06455420000000001 0.00296372 
-0.0380109 0.0654 -0.0153778 
-0.04626 0.0425 -0.0148611 
-0.0594621 0.0588798 0.0198013 
-0.0165731 0.0555335 0.010425 
-0.0531588 0.0178879 0.0196559 
-0.0416128 0.0176769 0.00747438 
-0.000383813 0.0470521 0.00300771 
-0.0187312 0.0561544 0.009268759999999999 
-0.0507214 0.00332556 0.00104504 
-0.0380968 0.0587118 -0.0194041 
-0.0119527 0.054218 0.00221544 
-0.0248992 0.0002 0.00563504 
-0.0448756 0.0653083 0.0103936 
-0.0277659 0.00493677 0.0101809 
-0.0370731 0.0425 -0.002685 
-0.00966297 0.00584987 -0.00562502 
-0.0410355 0.00660381 -0.0150023 
-0.0598 0.06798319999999999 -0.0141169 
-0.0399369 0.0665443 0.0229249 
-0.0260932 0.052941 -0.0103214 
-0.0266891 0.0002 0.00212407 
-0.0466898 0.0206653 0.0132129 
-0.0456787 0.06398180000000001 -0.0109482 
-0.0352534 0.0290248 0.000286399 
-0.0511312 0.0633586 0.00481544 
-0.0579999 0.022095 0.0194579 
-0.0598 0.0187418 -0.00779518 
-0.039682 0.0327843 -0.00529203 
-0.0347901 0.06416810000000001 -0.00255799 
-0.0255621 0.00091238 -0.009311669999999999 
-0.0433768 0.07821 -0.023 
-0.0598 0.0479492 0.0102462 
-0.0361182 0.0002 0.00262286 
-0.0598 0.0367584 0.0161376 
-0.00200188 0.0554169 0.00508088 
-0.008261299999999999 0.00356468 -0.00232743 
-0.0582116 0.0219637 -0.0129283 
-0.0542183 0.0207358 -0.0121531 
-0.04045 0.0543424 0.0147775 
-0.0414218 0.0002 0.000674368 
-0.0513406 0.0228731 -0.0184697 
-0.055 0.0778022 -0.00348568 
-0.0429244 0.0608499 0.0221624 
-0.00149722 0.00107875 0.00362845 
-0.0422669 0.0663706 0.0163 
-0.055 0.08375489999999999 -0.00358476 
-0.0435993 0.0002 -0.0118324 
-0.0343597 0.00230108 0.012289 
-0.041699 0.0650794 -0.00577266 
-0.0518211 0.0100199 -0.0191425 
-0.0335123 0.0140123 -0.000114475 
-0.007049 0.00712232 0.00723528 
-0.031433 0.044767 -0.000856109 
-0.045383 0.0107228 -0.0166711 
-0.00545067 0.0471355 -0.0049685 
-0.0176165 0.0065 0.00336797 
-0.00721923 0.009610779999999999 0.007064 
-0.0598 0.0387199 0.00539039 
-0.0537576 0.0188753 -0.0197102 
-0.009617870000000001 0.0506222 -0.00535014 
-0.0385528 0.0360641 -0.00401573 
-0.000924234 0.049144 0.00460176 
-0.059684 0.0120175 -0.00273055 
-0.0532794 0.0200323 -0.0197023 
-0.0492043 0.0687292  0.023 
-0.00298294 0.0526586 0.00791383 
-0.055 0.0659522 0.008579089999999999 
-0.0495013 0.0304536 0.0163908 
-0.0598 0.0565034 -0.0100305 
-0.053866 0.0809313 -0.023 
-0.0561858 0.06692919999999999 0.0228027 
-0.0439671 0.0337322 -0.0101355 
-0.00560744 0.00690925 0.00425895 
-0.0106015 0.0501509 0.000775309 
-0.0404876 0.0379039 -0.00620262 
-0.0175515 0.0065 -0.00292092 
-0.0571939 0.0632896 0.00425509 
-0.0303 0.0605965 -0.000107501 
-0.0361962 0.0824 0.0195312 
-0.0450308 0.0803928 -0.0167 
-0.0441516 0.0610112 -0.0222466 
-0.0221077   0.01 0.008528819999999999 
-0.046137 0.0391848 0.0125881 
-0.0432953 0.0107736 0.0158697 
-0.0378812 0.0125212 0.0113409 
-0.0424295 0.000321125 0.0132239 
-0.0172169 0.0522351 0.00226423 
-0.0526932 0.0498686 0.0194772 
-0.0511144 0.0821667 -0.0155 
-0.01797 0.04863 -0.00370481 
-0.0597873 0.08167140000000001 0.0166845 
-0.0370073 0.0645999 0.014283 
-0.0164691 0.00715637 0.00674569 
-0.0598 0.07313409999999999 0.0158672 
-0.0498235 0.0348321 -0.0167549 
-0.00514739 0.008470719999999999 -0.009844240000000001 
-0.0375408 0.0733647 0.0217891 
-0.0107113 0.0464 -0.009531700000000001 
-0.0538016 0.07190439999999999 -0.0155695 
-0.0228915 0.0564 0.00101638 
-0.0598 0.0535053 0.0061096 
-0.0550889 0.00725814 0.000968314 
-0.0454235 0.0639506 -0.00278006 
-0.052281 0.0824 0.0201425 
-0.0598 0.0154994 0.0102908 
-0.00258292 0.0464 -0.00415416 
-0.0598 0.0572918 -0.016108 
-0.0178156 0.00705815 -0.0111914 
-0.0361747 0.0179952 -0.00132776 
-0.0368022 0.08223270000000001 -0.0167 
-0.0476416 0.0270308 -0.0142887 
-0.0263535 0.0553907 0.009530820000000001 
-0.0518641 0.0150114 -0.0190614 
-0.03063 0.0586955 0.0103303 
-0.0416347 0.0002 0.00296093 
-0.0212206 0.0002 0.00574959 
-0.0199133 0.0002 0.00625717 
-0.0359744 0.0785647 -0.0193068 
-0.0500677 0.0515468 0.0184694 
-0.0439451 0.0525309 -0.0161192 
-0.0568154 0.0843993 0.0168363 
-0.0221116 0.0564 0.00157767 
-0.0550997 0.04502 -0.0197102 
-0.01332 0.0486302 -0.000903078 
-0.0418232 0.0708284 0.0182 
-0.0552389 0.0844 -0.0137981 
-0.0497102 0.0292648 -0.0166268 
-0.0469344 0.0145 -0.0156345 
-0.0360284 0.0685152 0.016517 
-0.0273381 0.0454401 0.0101941 
-0.008692989999999999 0.0564 0.0020417 
-0.0154581 0.0499 0.00626895 
-0.00776021 0.00839752 0.00651158 
-0.0598 0.0636915 -0.00557674 
-0.0266311 0.00278542 0.0102331 
-0.0420633 0.0654 0.00773992 
-0.0598 0.0578313 -0.00839122 
-0.01661 0.0471869 -0.0113181 
-0.00277228 0.00368652 0.00766836 
-0.0598 0.0191392 0.0151038 
-0.0598 0.0634919 -0.0163717 
-0.035948 0.0811347 -0.0191933 
-0.0435912 0.08227710000000001 0.0182 
-0.0209467   0.01 0.00600699 
-0.0180943 0.00225859 0.00250475 
-0.0147293 0.049541 -0.0116851 
-0.00455799 0.0511185 0.00568509 
-0.0598 0.0385644 -0.00240972 
-0.0516911 0.0155769 0.0188659 
-0.0598 0.07011050000000001 -0.0162059 
-0.043067 0.0530991 0.0157821 
-0.00215854 0.00385797 0.00686263 
-0.0516156 0.0227852 0.0187805 
-0.0594921 0.0115178 -0.00683894 
-0.00681881 0.00657515 0.00700022 
-0.0598 0.0656167 0.009139130000000001 
-0.0532283 0.0055828 -0.000650613 
-0.0179195   0.01 -0.00180632 
-0.0176764 0.0539168 0.008066739999999999 
-0.0583017 0.077392 -0.0115341 
-0.0598 0.07400809999999999 0.000437139 
-0.0595757 0.072451 0.0194699 
-0.0476679 0.0405967 -0.0143185 
-0.00130937 0.0476545 0.00543079 
-0.0432882 0.0654 -0.0080313 
-0.00488004 0.0555369 -0.00850885 
-0.0488725 0.0654 0.010243 
-0.0164198 0.048074 0.00669536 
-0.00929455 0.0564 -0.00752966 
-0.026636 0.0452 0.009236319999999999 
-0.0422669 0.0002 -0.00317333 
-0.0365981 0.0675545 -0.0167 
-0.018519 0.0499 -0.00440573 
-0.0598 0.037778 0.0125043 
-0.0426786 0.0639296 -0.0110015 
-0.0598 0.0254817 0.016612 
-0.0598 0.0603033 -0.011219 
-0.0117473 0.0536606 -0.0119749 
-0.0571478 0.009111940000000001 -0.00156652 
-0.0561435 0.045575 -0.0197102 
-0.000199225 0.0498925 0.00216605 
-0.0104075 0.0464 -0.0114143 
-0.0430965 0.0844 -0.0197071 
-0.0379777 0.0654 0.0073504 
-0.0076626 0.0522704 -0.00747475 
-0.0225584 0.0547063 0.0103901 
-0.0598 0.0230997 -0.00527151 
-0.0596462 0.0328944 0.0176503 
-0.0320569 0.0125569 0.000103928 
-0.0464737 0.0531348 -0.0170898 
-0.0129591 0.00558273 -0.0119573 
-0.009329860000000001 0.000279452 0.00350751 
-0.0181033 0.000761879 0.009900880000000001 
-0.0585988 0.0104184 -0.0064437 
-0.0358717 0.00494604 0.0130201 
-0.00910824 0.00641277 -0.00669717 
-0.0501493 0.00314176 0.015812 
-0.0534102 0.0473706 0.0197102 
-0.044586 0.0362067 -0.010835 
-0.0598 0.0316754 0.00236098 
-0.0486063 0.023702 0.0153791 
-0.0213539 0.009040960000000001 -0.0108195 
-0.0473365 0.0455963 -0.017421 
-0.0025213 0.009938519999999999 -0.00734385 
-0.0469678 0.06490700000000001 0.0108034 
-0.0375149 0.0422493 0.00284259 
-0.0123189 0.0002 0.000869368 
-0.0358 0.0714279 -0.0172397 
-0.055 0.0727467 -0.0110795 
-0.0179502 0.0501719 -0.00745498 
-0.0356154 0.000664236 -0.0114206 
-0.0416577 0.0160015 -0.00752513 
-0.0571436 0.0774402 -0.0115834 
-0.0535584 0.0735068 0.0163 
-0.0460101 0.0246524 -0.0124447 
-0.00380198 0.00741716 0.008753840000000001 
-0.0480638 0.0248035 -0.0147659 
-0.0170257 0.0507196 0.00225305 
-0.0598 0.0305702 0.0120916 
-0.028775 0.0564 -0.00540024 
-0.0173583 0.00325903 -0.00150798 
-0.036818 0.06439110000000001 0.0031303 
-0.0183623 0.0002 -0.000939652 
-0.055 0.07883469999999999 -0.0134331 
-0.0184306 0.00824196 -0.00555197 
-0.0547608 0.009977939999999999 0.019612 
-0.0140442 0.0563965 0.008838840000000001 
-0.0598 0.0319314 0.00282377 
-0.0279525 0.0115 0.00341629 
-0.0380387 0.0451411 0.013087 
-0.008171579999999999 0.0483199 -0.00380799 
-0.0411665 0.0304136 0.00697001 
-0.0598 0.0431475 -0.00243781 
-0.0127436 0.0464 0.0105855 
-0.0161049 0.0507585 0.007946 
-0.0449638 0.0002 -0.00547836 
-0.0543063 0.0805906 0.0163 
-0.0502149 0.07253270000000001 -0.023 
-0.0474491 0.0415258 0.0140711 
-0.0466349 0.0402465 -0.0131508 
-0.045712 0.0269809 0.0121077 
-0.0266882   0.01 -0.00508775 
-0.0478636 0.0824 0.0208526 
-0.0196252 0.0499645 0.00529393 
-0.0495645 0.0631625 0.00438486 
-0.008695639999999999   0.01 -0.0107159 
-0.059471 0.0114751 0.0113036 
-0.0305718 0.0561348 -0.0102892 
-0.0598 0.0510324 -0.00999297 
-0.0586007 0.0748508 0.021248 
-0.0571301 0.0675302 -0.0224193 
-0.0218238 0.0562527 -0.00868007 
-0.055 0.0832845 0.00472377 
-0.0533899 0.083761 -0.0218464 
-0.0598 0.0209308 0.00998156 
-0.004381 0.0484 -0.00117394 
-0.0358739 0.0820486 -0.0167922 
-0.055 0.07113369999999999 0.0109691 
-0.0528201 0.0696013 -0.0203761 
-0.0546997 0.0520924 -0.0197102 
-0.0366943 0.000847699 0.0121131 
-0.0156175 0.0499 -0.0061665 
-0.0499414 0.0606176 -0.0220461 
-0.0069492 0.047436 0.0108777 
-0.0266539 0.0102986 -0.00436683 
-0.0480418 0.0129948 -0.0176917 
-0.0449259 0.0336654 0.0112192 
-0.0216586 0.0564 0.00476835 
-0.0598 0.0325459 -0.0165422 
-0.0303 0.0583239 0.00672601 
-0.00864062 0.0476205 0.00511397 
-0.02896 0.0564 -0.00297693 
-0.0565688 0.0741116 0.0226741 
-0.0303 0.0631562 -0.00191236 
-0.0568351 0.0750784 0.00657162 
-0.0598 0.0536882 0.00486478 
-0.00964074 0.0505512 -0.00514851 
-0.0437112 0.0272425 -0.009846239999999999 
-0.0269455 0.0561759 -0.00835177 
-0.0598 0.0692039 0.00134312 
-0.0359371 0.06957380000000001 -0.0167 
-0.0397791 0.0708869 -0.0228902 
-0.0598 0.0491845 0.0148986 
-0.0547929 0.019677 0.0197102 
-0.0409782 0.0179876 0.00675715 
-0.0598 0.0242905 -0.0119307 
-0.0490712 0.0453472 -0.0180869 
-0.0598 0.047674 0.008411979999999999 
-0.0483272 0.06694749999999999  0.023 
-0.0414568 0.0688192  0.023 
-0.000305303 0.00493526 0.00268215 
-0.0598 0.0421873 -0.00612157 
-0.0216675 0.0452 0.0100084 
-0.0264309   0.01 0.008802219999999999 
-0.0507311 0.0844 -0.0176947 
-0.009343280000000001   0.01 -0.00752034 
-0.0598 0.07164810000000001 0.00514788 
-0.055 0.0830639 0.000825306 
-0.000418946 0.0548521 0.000861483 
-0.0117733 0.00102086 -0.0110456 
-0.0471774 0.0358193 0.0137641 
-0.0598 0.0353594 -0.0103547 
-0.0366766 0.0706851 0.0208248 
-0.055 0.0779022 0.00769542 
-0.0534885 0.06304899999999999 0.0228846 
-0.055 0.0816199 0.0155572 
-0.0594957 0.0490472 0.0180226 
-0.00548912 0.00390942 0.00721457 
-0.012902 0.0504238 0.00136079 
-0.0403223 0.0438514 0.0138894 
-0.0464259 0.0726444 -0.023 
-0.0266714 0.0452 0.00927187 
-0.045393 0.0757202 -0.023 
-0.0380115 0.0354723 -0.00340387 
-0.0597775 0.0124901 -0.00661586 
-0.0477155 0.0432994 -0.0175665 
-0.0388434 0.0335974 0.00434421 
-0.0483811 0.06260499999999999 0.0227903 
-0.0561427 0.0844 0.0126494 
-0.0598 0.0667489 0.0165238 
-0.041692 0.0346466 0.00756397 
-0.0598 0.0521432 0.00744833 
-0.0479488 0.0360585 0.014636 
-0.0566499 0.0424808 0.0197102 
-0.0598 0.0377131 0.00178258 
-0.0597537 0.0619984 -0.0186683 
-0.0548006 0.0673583 0.0229176 
-0.0433423 0.0575404 0.0191077 
-0.055 0.0767574 0.00734665 
-0.0474779 0.0771801 0.0182 
-0.055 0.06730419999999999 -0.00164774 
-0.0177879 0.0499 0.00275122 
-0.0366393 0.0588072 -0.0163876 
-0.0588956 0.0654124 -0.009512639999999999 
-0.0422942 0.053025 -0.0154854 
-0.0402454 0.00623009 -0.014699 
-0.0303 0.0602126 -0.009336840000000001 
-0.0406761 0.0002 0.008490660000000001 
-0.0598 0.07920049999999999 -0.00356801 
-0.0106126 0.051031 0.0119192 
-0.0578584 0.00975175 0.00915185 
-0.0229681   0.01 -0.00288736 
-0.0460739 0.0290342 0.0125167 
-0.0498269 0.06384919999999999 -0.00451633 
-0.0450851 0.0575598 0.0191382 
-0.0255867 0.0452 0.00125387 
-0.0265566 0.0452 -0.0033112 
-0.0598 0.0400668 -0.00985083 
-0.008959699999999999   0.01 -0.0100277 
-0.0429968 0.0430813 0.0157551 
-0.0583425 0.083971 0.00971464 
-0.0117119 0.0002 0.00746702 
-0.0431407 0.0399984 -0.00920136 
-0.019399 0.0464 0.00136235 
-0.0371045 0.0242774 -0.00237866 
-0.0492077 0.0654 0.000373792 
-0.0594861 0.050974 -0.0180411 
-0.0598 0.0478382 -0.00317449 
-0.0383585 0.0208317 0.00379609 
-0.0580188 0.010337 -0.0180677 
-0.0398663 0.0295859 -0.00550037 
-0.0168408 0.0464 -0.0105669 
-1.9566e-05 0.008829729999999999 -0.000464008 
-0.0473057 0.0480687 0.0174092 
-0.0370757 0.0465112 -0.0134822 
-0.0598 0.0675169 0.00274499 
-0.0151869 0.0464 -0.0103104 
-0.0380273 0.0735591 0.0221581 
-0.0020173 0.008999999999999999 -0.00172478 
-0.0406037 0.0279885 -0.00633382 
-0.0506125 0.00337579 0.0155565 
-0.0594648 0.0771835 0.0197946 
-0.0513337 0.06649720000000001 0.0208736 
-0.0408992 0.0396344 -0.00666781 
-0.0339864 0.00614601 0.0122964 
-0.0598 0.0227982 0.00278019 
-0.0333875 0.00174007 0.0116585 
-0.0349731 0.00122142 -0.0118744 
-0.0517966 0.0590469 0.0209413 
-0.0473518 0.06505370000000001 0.00654633 
-0.0399574 0.08171299999999999 -0.0229091 
-0.0573011 0.0376975 -0.0196677 
-0.0477135 0.0572066 0.0184897 
-0.0304661 0.0002 0.00381471 
-0.0451825 0.0507357 0.0165941 
-0.0598 0.0618103 -0.0124453 
-0.0176279 0.0553911 0.0104489 
-0.045167 0.0288238 -0.0114917 
-0.0456545 0.0438239 0.0167753 
-0.0471551 0.0311012 -0.0137388 
-0.0437752 0.06811440000000001  0.023 
-0.0598 0.0344768 0.0133159 
-0.0434088 0.0002 -0.00139647 
-0.0598 0.0541635 0.0037711 
-0.055 0.0675109 -0.0149041 
-0.0494443 0.0128839 -0.0182301 
-0.00736 0.0478599 -0.0026 
-0.0359668 0.0383373 0.00109281 
-0.0593629 0.0614138 0.0200431 
-0.0114952 0.0019664 0.0117149 
-0.0328256 0.0447024 -0.007969250000000001 
-0.0598 0.0279502 0.0102301 
-0.0595899 0.0633802 -0.0115626 
-0.0414717 0.0634328 0.022934 
-0.00591264 0.0085491 0.00607487 
-0.055218 0.00737431 -0.012125 
-0.0530254 0.00540013 0.0149545 
-0.0583626 0.0102058 0.0124958 
-0.00990745 0.00661371 -0.011812 
-0.0465365 0.0326142 0.0130396 
-0.009574849999999999 0.0464 0.00577762 
-0.0565813 0.008601879999999999 -0.00961069 
-0.0571728 0.0843739 0.00668598 
-0.0506369 0.0207571 -0.0176743 
-0.0236982 0.0452 0.00297099 
-0.03071 0.0636955 -0.00435938 
-0.0455215 0.0002 -0.000604763 
-0.0456651 0.0660203 -0.023 
-0.0594548 0.0114425 -0.00248769 
-0.0598 0.0450527 -0.0109373 
-0.0330341 0.045688 -0.0119308 
-0.0432334 0.0425 -0.0137999 
-0.0598 0.07081659999999999 -0.00429484 
-0.0521478 0.014606 0.0192678 
-2.67132e-05 0.051768 -0.000758552 
-0.0393889 0.0784093 0.0182 
-0.0598 0.0148047 0.0072037 
-0.0598 0.0285623 -0.0067543 
-0.0433341 0.0115595 0.0158846 
-0.0583609 0.0752511 -0.0215078 
-0.00828718 0.0464 -0.0087384 
-0.0427276 0.0002 -0.0105121 
-0.0598 0.0250048 0.0112911 
-0.0598 0.0456297 -0.0140698 
-0.0367549 0.0450947 0.0113953 
-0.0245554 0.008680419999999999 0.010483 
-0.0475369 0.07665139999999999 0.0182 
-0.015102   0.01 -0.00355845 
-0.0566496 0.0473813 -0.0125364 
-0.0163309   0.01 -0.0102223 
-0.000456189 0.00436252 0.00326649 
-0.0598 0.0315589 0.0030466 
-0.0235711 0.00548814 -0.0105864 
-0.0529214 0.0430535 -0.0195648 
-0.0595458 0.0352757 -0.0179132 
-0.040062 0.0002 -0.000354268 
-0.0286804 0.0564 0.00358489 
-0.0370252 0.0362027 -0.00228907 
-0.0531614 0.00552262 -0.00542546 
-0.0490389 0.0567882 -0.0180745 
-0.0442807 0.0258401 0.0104899 
-0.0275944 0.0452 -0.00407494 
-0.0491765 0.0249637 0.0160236 
-0.03656 0.0002 -0.00268439 
-0.0202273 0.00658385 0.0109379 
-0.014286 0.053255 -0.00451133 
-0.0563797 0.0348213 -0.0197102 
-0.0143067 0.00319888 0.00548909 
-0.0598 0.016067 -0.0104355 
-0.0449774 0.0623128 -0.0227228 
-0.0507138 0.0350217 0.0177612 
-0.0152573 0.0564 -0.000282161 
-0.0319084 0.0635661 0.0114987 
-0.0592764 0.08309229999999999 -0.00243084 
-0.0385156 0.080069 0.0224426 
-0.0542116 0.07741290000000001 -0.0155 
-0.0111326   0.01 -0.0102683 
-0.0513659 0.0306447 0.0184983 
-0.0259204 0.0455173 0.0103395 
-0.0598 0.0457823 0.0137597 
-0.0557903 0.06473619999999999 -0.0101778 
-0.0388002 0.0175118 0.00429536 
-0.0378203 0.0577223 0.0171091 
-0.00899148 0.0520706 0.0116129 
-0.018082 0.0002 -0.00151687 
-0.0144519 0.009627490000000001 0.00267197 
-0.0273672 0.0115 -0.00398031 
-0.0142842 0.0563143 0.00453339 
-0.0259835 0.000508109 -0.008643420000000001 
-0.0215996 0.0002 0.00525528 
-0.0100293 0.0474749 -0.0118279 
-0.0201834 0.0002 0.00416792 
-0.0554511 0.026037 -0.0197102 
-0.0399795 0.06338829999999999 0.0130457 
-0.0598 0.0230665 -0.008898710000000001 
-0.0165163 0.0464 -0.00837631 
-0.0110275 0.0002 -0.00127824 
-0.0490233 0.0114373 -0.0180685 
-0.0448846 0.0272323 0.0111725 
-0.0374928 0.06409620000000001 0.00343141 
-0.053032 0.0630704 -0.0118789 
-0.055578 0.0769522 0.011885 
-0.015555 0.0552924 -0.00725935 
-0.00121164 0.009439350000000001 -0.00303935 
-0.0503764 0.0370007 0.0173798 
-0.0517437 0.031436 -0.0189253 
-0.0143805 0.00186292 0.00577215 
-0.00453853 0.0563736 -0.005704 
-0.0421978 0.0176092 0.008135659999999999 
-0.0598 0.0224157 -0.000854726 
-0.0598 0.0405701 -0.00929349 
-0.0234913 0.000380961 -0.008610120000000001 
-0.050224 0.06731520000000001 0.0163 
-0.0373285 0.0141482 0.008027869999999999 
-0.0598 0.0436001 0.016053 
-0.0565365 0.0539578 -0.0197102 
-0.0567636 0.0754378 0.00686143 
-0.0391358 0.0416727 -0.00467465 
-0.0542821 0.050549 0.0197102 
-0.0364726 0.0805888 -0.0167 
-0.0561092 0.0844 0.0186619 
-0.0502218 0.0192213 -0.0172051 
-0.0305147 0.06354070000000001 0.00399867 
-0.0594142 0.0113661 0.00141971 
-0.0598 0.0357888 0.014687 
-0.0357293 0.0002 -0.00235783 
-0.0358492 0.0714566 0.0186844 
-0.0367171 0.0767504 0.0182 
-0.0517871 0.07755339999999999 0.0182 
-0.0598 0.0313699 -0.0101496 
-0.0043376 0.00777525 -0.009229090000000001 
-0.0358087 0.0425 -0.00764727 
-0.0371736 0.08065410000000001 0.0182 
-0.0386524 0.0145 0.00467505 
-0.0542721 0.00652262 -0.00859527 
-0.0538946 0.0077536 -0.0187212 
-0.0582068 0.0537827 -0.0193594 
-0.0253697 0.0502245 -0.0103974 
-0.0341233 0.0629676 -0.0123489 
-0.00155619 0.008806019999999999 0.00590942 
-0.0269423 0.0452 -0.00524687 
-0.0193838 0.0512278 -0.00611673 
-0.0447817 0.0425 0.0122039 
-0.0359628 0.07106030000000001 -0.0192599 
-0.0546128 0.0581299 -0.0199611 
-0.0205253 0.0002 0.00497959 
-0.00688478   0.01 0.0104826 
-0.0432354 0.0327199 -0.009308469999999999 
-0.0593374 0.08299520000000001 -0.0166652 
-0.0367579 0.0791545 0.0182 
-0.037516 0.0145 0.00526791 
-0.0418689 0.0145 0.0103689 
-0.0354666 0.0425 0.00392431 
-0.055 0.0813203 -0.00122698 
-0.0172205 0.0564 -0.00101984 
-0.0593948 0.0127027 0.0182058 
-0.0447028 0.0195647 0.010967 
-0.0369681 0.0311724 -0.00222453 
-0.0597586 0.0209939 0.0171996 
-0.0366541 0.0764744 0.0182 
-0.0403891 0.0002 0.00122464 
-0.00864558 0.0489723 -0.00505272 
-0.01886 0.00370839 0.00304233 
-0.01712 0.0550892 0.00225715 
-0.0598 0.0315601 -0.00046225 
-0.0585814 0.0130489 -0.0191212 
-0.0598 0.0231017 0.00659424 
-0.0338422 0.0636757 0.00386076 
-0.0559407 0.0290721 -0.0197102 
-0.0134916 0.009987370000000001 -0.0118996 
-0.0435839 0.0235923 0.00970232 
-0.0160906 0.000421939 0.009489569999999999 
-0.0571317 0.00909744 -0.00243247 
-0.0126547 0.0564 -0.00555567 
-0.0456675 0.0145 -0.0129913 
-0.029691 0.0476929 -0.0106475 
-0.0292229 0.00409139 -0.0104678 
-0.0598 0.0338271 -0.00783329 
-0.00666703 0.0492667 0.0107491 
-0.0198446 0.0521777 0.0109781 
-0.0570949 0.07651280000000001 0.00323636 
-0.00233902 0.0464 0.00497372 
-0.0324458 0.0129458 0.00083756 
-0.0360976 0.028151 -0.00124056 
-0.0598 0.0544786 -0.00822968 
-0.0590239 0.0700306 0.0206698 
-0.0234714 0.0480728 0.0105969 
-0.0505871 0.0342667 -0.017618 
-0.0562361 0.008291059999999999 -0.0165661 
-0.0533974 0.0802369 0.0163 
-0.0321481 0.0440519 -0.000855784 
-0.0216508 0.0452 -0.00947576 
-0.0598 0.0771119 -0.00546959 
-1.07717e-05 0.00431667 -0.000458862 
-0.0398535 0.0273754 0.00548586 
-0.0595724 0.0745955 0.0194805 
-0.0598 0.0725169 -0.0157322 
-0.0364321 0.00686615 0.0132352 
-0.0252089 0.0452 0.00201254 
-0.0455202 0.0258409 0.0118909 
-0.0255281   0.01 -0.00991245 
-0.0427234 0.00522341 -0.0156502 
-0.0390897 0.064331 0.0140084 
-0.0538453 0.0739553 -0.0155 
-0.0243041 0.0002 -0.00648106 
-0.037781 0.0407622 -0.00314335 
-0.0471903 0.0329651 -0.0137786 
-0.0313058 0.063397 0.0109255 
-0.00378752 0.0471297 -0.00287027 
-0.0543813 0.072102  0.023 
-0.0598 0.06318169999999999 0.008428969999999999 
-0.0439966 0.0826997 -0.0167 
-0.0437538 0.0425 0.0141347 
-0.0402451 0.0002 -0.00342317 
-0.009028939999999999 0.00187751 0.0112978 
-0.0459792 0.057324 0.0187156 
-0.0598 0.0572968 0.00782211 
-0.00560002   0.01 0.00734079 
-0.055 0.0832167 0.00451731 
-0.0519501 0.0579233 -0.0196918 
-0.0596957 0.0615912 -0.0190125 
-0.0303 0.0602231 0.00472343 
-0.0598 0.0694931 0.0031099 
-0.0137294 0.0564 -0.00752763 
-0.0368659 0.0659149 0.0163 
-0.0471619 0.000917539 0.0153795 
-0.0132862 0.0464 -0.00581935 
-0.0403789 0.0321374 -0.00607972 
-0.0514114 0.00394691 0.00169286 
-0.0598 0.07992970000000001 0.0170143 
-0.035604 0.0622836 -0.0129173 
-0.0597756 0.0795541 0.0184858 
-0.0236211 0.0495387 -0.0105812 
-0.0570032 0.00898814 -0.0168193 
-0.0342684 0.0558378 0.0124046 
-0.0303 0.0577623 -0.00571463 
-0.055 0.0762693 -0.00598456 
-0.0418595 0.0337617 0.00775324 
-0.0598 0.0421113 0.00282512 
-0.0373851 0.0165389 0.00269587 
-0.0598 0.0541498 0.0143106 
-0.0303 0.0586453 0.00291427 
-0.0236215 0.0537383 -0.0105597 
-0.0308955 0.0002 -0.00369693 
-0.0540499 0.0654 -0.00704792 
-0.0331324 0.0653904 0.00689021 
-0.0385995 0.0175837 -0.00406851 
-0.0540445 0.0813779  0.023 
-0.0593359 0.0774492 -0.00339258 
-0.0572709 0.08436100000000001 0.0174321 
-1.50076e-05 0.0499055 -0.000427519 
-0.0541083 0.0654 0.008947790000000001 
-0.0316092 0.008196510000000001 -0.0113838 
-0.0336513 0.0654 0.007878349999999999 
-0.0379087 0.0631903 -0.0120436 
-0.0131137 0.0464 0.0102838 
-0.00950289 0.00225005 0.0115684 
-0.0358058 0.0731594 0.0182273 
-0.0550686 0.0514841 -0.0197102 
-0.0569138 0.0315891 -0.0197065 
-0.0338078 0.06315 0.0043976 
-0.0101358 0.00447043 0.0118518 
-0.0549334 0.06522699999999999 -0.0141234 
-0.0271107 0.0115 0.000602322 
-0.0445467 0.0753644 0.0182 
-0.0520907 0.00525081 -0.017139 
-0.0359606 0.07980180000000001 -0.0192499 
-0.0598 0.0346771 -0.0131478 
-0.0407411 0.06113 -0.0222936 
-0.0411647 0.0362483 -0.00696794 
-0.0598 0.040495 0.0162514 
-0.0530368 0.07698339999999999 -0.023 
-0.0598 0.0175336 -0.0157491 
-0.0193209 0.00301008 0.00366327 
-0.0483094 0.00646322 -0.0177944 
-0.00953232 0.000201916 -0.00869197 
-0.0457237 0.0333242 -0.012121 
-0.0108439 0.0564 -0.00582664 
-0.0335407 0.00242247 0.0120154 
-0.0573594 0.0831262 -0.0216439 
-0.056724 0.008730389999999999 -0.00711744 
-0.0598 0.021325 0.0104344 
-0.0127417 0.0484277 -0.001416 
-0.0515558 0.0491725 -0.0190406 
-0.0115726 0.0518884 0.0018353 
-0.00924138 0.0545858 -0.00355264 
-0.0592629 0.0111261 -0.0159147 
-0.0162083 0.0034194 0.0113603 
-0.0598 0.020737 -0.0056664 
-0.0351948 0.0452 0.0125183 
-0.0542068 0.0529464 0.0197102 
-0.0424663 0.0329873 0.00843911 
-0.021669 0.00634615 -0.0107864 
-0.058521 0.0517479 -0.0191675 
-0.055 0.0703032 0.0116351 
-0.0372841 0.0404125 0.00258169 
-0.051379 0.0844 -0.0176212 
-0.015193 0.0002 0.000895684 
-0.0371693 0.0425 0.00388016 
-0.0281301 0.0563934 0.00734449 
-0.0435759 0.0425 -0.0107375 
-0.0552449 0.0692223 0.0229801 
-0.0477073 0.000611671 -0.00384993 
-0.0202301 0.0564 0.0031286 
-0.0266778 0.0509476 -0.0102599 
-0.0471255 0.0343367 0.0137054 
-0.0431578 0.0274201 -0.00922075 
-0.0523603 0.0212988 -0.0193494 
-0.0565733 0.0211178 0.0136369 
-0.0178894 0.0002 0.000761355 
-0.00427359 0.00222123 -0.008949169999999999 
-0.0409687 0.0301843 -0.0067464 
-0.0567952 0.0676054 0.00435209 
-0.0308646   0.01 0.0102497 
-0.0440171 0.0844 -0.0191947 
-0.00534012   0.01 0.00423083 
-0.0334959 0.0654 -0.000262315 
-0.0509227 0.0671696  0.023 
-0.0319593 0.0654 0.00765015 
-0.0138242 0.00118683 0.0110611 
-0.0448785 0.00543131 0.0164774 
-0.0236973 0.0002 -0.00265841 
-0.0585626 0.0112056 -0.0185038 
-0.0157399 0.00235578 0.00253858 
-0.0204511   0.01 -0.00424793 
-0.0153741 0.00725692 -0.00522494 
-0.0598 0.0760834 -0.00188194 
-0.0429168 0.0425 -0.0118834 
-0.0450653 0.0185504 -0.0113767 
-0.0577674 0.0638609 -0.0220205 
-0.0139271   0.01 -0.00616464 
-0.0568811 0.0542809 0.0197085 
-0.0304199 0.0647288 -0.00541455 
-0.0116287 0.000286908 0.009693149999999999 
-0.0177663 0.00379103 -0.00192463 
-0.008170490000000001 0.0468732 0.00312681 
-0.0374971 0.000271128 -0.0111156 
-0.0470206 0.017956 0.0135869 
-0.0598 0.06575300000000001 0.00148503 
-0.0165615 0.0483058 0.00684012 
-0.0347022 0.0595829 0.0125711 
-0.0598 0.0740812 -0.0147336 
-0.0595095 0.08268590000000001 0.0102617 
-0.0598 0.0141168 -0.00158253 
-0.0517276 0.0534781 0.0191066 
-0.0164173 0.0065 0.00813856 
-0.0515968 0.0594599 0.0212857 
-0.0433217 0.0002 -0.00360762 
-0.0267248 0.0452 -0.00737622 
-0.0598 0.020915 0.00760545 
-0.0414021 0.0815555 0.0182 
-0.0434055 0.0182765 0.009500740000000001 
-0.0273103 0.0452 0.00580338 
-0.0420628 0.0404199 0.00798304 
-0.0384432 0.0528914 -0.0140072 
-0.0153138 0.0542537 -0.00709452 
-0.0567847 0.063197 -0.00385037 
-0.000196736 0.00216227 0.000461115 
-0.015467 0.0494687 0.0114844 
-0.0404422 0.0714486 -0.0167 
-0.0394109 0.063246 0.0124996 
-0.0495854 0.0653599 0.0150591 
-0.0487509 0.08227810000000001 -0.0167 
-0.0559629 0.0310635 0.0197102 
-0.0400287 0.0329818 -0.00568388 
-0.0135686   0.01 -0.00480336 
-0.0466137 0.06405660000000001 0.0137282 
-0.0183931 0.0475338 -0.00563958 
-0.050587 0.0434907 0.0186687 
-0.0469909 0.037141 -0.0135532 
-0.000942444 0.0512176 -0.00465527 
-0.0511299 0.063156 -0.0117915 
-0.0128936 0.0487434 -0.00132602 
-0.0371487 0.0563006 0.0135102 
-0.0540868 0.02124 -0.0134496 
-0.0396264 0.0238016 -0.00522922 
-0.0568842 0.0137622 0.0197066 
-0.009642080000000001 0.00388307 -0.0117654 
-0.0403359 0.0810703 -0.0167 
-0.0437571 0.0595774 0.0213737 
-0.0463089 0.0200691 -0.0127824 
-0.0354229 0.0129528 0.00755008 
-0.0387117 0.0728273 0.022543 
-0.0431174 0.0425 0.0148945 
-0.0348619 0.0442659 0.00767752 
-0.0358 0.06434520000000001 -0.0141097 
-0.058351 0.0543581 0.0192758 
-0.0410885 0.053893 0.0150226 
-0.0294542 0.0452 0.008044259999999999 
-0.0448048 0.0302613 -0.0110823 
-0.0398682 0.0516198 -0.0145542 
-0.0594892 0.08272500000000001 0.00309245 
-0.0563754 0.0696869 0.0227446 
-0.0396161 0.0247926 -0.00521751 
-0.0352629 0.0654 0.000838027 
-0.0291747 0.0452 -0.00249815 
-0.00376166 0.0564 0.00312406 
-0.0389788 0.0237267 0.00449724 
-0.0435418 0.0602148 -0.0218113 
-0.0267204 0.049147 0.0102554 
-0.0491871 0.0824 0.0211224 
-0.0264573 0.0102172 0.00368995 
-0.0256469   0.01 0.008165250000000001 
-0.0597715 0.0663706 0.0185167 
-0.0181608 0.0564 -0.00135221 
-0.0426771 0.07664700000000001  0.023 
-0.00380644 0.0500714 0.008760199999999999 
-0.0443303 0.0264644 0.010546 
-0.0451023 0.0654 0.008152889999999999 
-0.0568529 0.0201438 0.0197084 
-0.0598 0.0502387 -0.0025273 
-0.0508836 0.0113177 0.0187826 
-0.0521501 0.0670863 0.0169132 
-0.0358696 0.0763997 -0.0188201 
-0.00548339   0.01 0.00756565 
-0.0413714 0.0824 0.0208273 
-0.0313532   0.01 0.0112499 
-0.0485937 0.0643295 0.00319311 
-0.059625 0.0824087 -0.00919086 
-0.0298385 0.010025 -0.00742058 
-0.0514295 0.0186852 -0.0185701 
-0.0171019 0.000613898 0.008653350000000001 
-0.00455148 0.0539423 0.00566061 
-0.0596844 0.06775539999999999 0.0190674 
-0.0595616 0.0739115 0.0195156 
-0.0550363 0.0209254 0.0197102 
-0.055 0.0841749 0.00188331 
-0.0196552 0.0452 -0.008023310000000001 
-0.055 0.0830009 0.00680291 
-0.0496741 0.07975980000000001 0.0182 
-0.055 0.0682615 0.00771355 
-0.0547884 0.072091 -0.0199705 
-0.0362121 0.0599524 -0.0172247 
-0.0598 0.0559257 -0.0113668 
-0.055 0.08185099999999999 0.0114237 
-0.0546307 0.00759483 0.0181889 
-0.055 0.07487729999999999 0.00214307 
-0.0593696 0.0255536 0.018256 
-0.0388649 0.0840417 -0.020814 
-0.0281433 0.0452 -0.00153482 
-0.0570371 0.0631709 0.00437626 
-0.00507041 0.0553094 0.00326822 
-0.055 0.07853590000000001 -0.0118933 
-0.043979 0.08017639999999999 -0.023 
-0.0493907 0.0251933 0.0162657 
-0.0598 0.0141507 0.007821679999999999 
-0.0467294 0.0247409 0.0132577 
-0.0370095 0.0356073 -0.00227137 
-0.0479592 0.060529 0.021999 
-0.058423 0.0839197 -0.00318899 
-0.0598 0.0690342 -0.0123274 
-0.0512096 0.0501788 0.0189077 
-0.0420737 0.0571617 -0.0184042 
-0.0324004 0.0128183 0.00332945 
-0.0598 0.0609347 0.0113021 
-0.0493279 0.0663292 -0.0167 
-0.0423306 0.025831 -0.00828573 
-0.0597697 0.0331285 -0.0171161 
-0.0598 0.0539377 0.009600900000000001 
-0.0596256 0.0284614 0.0177158 
-0.0376207 0.0157734 0.00296218 
-0.0583444 0.0839698 0.00821118 
-0.0585603 0.0103838 0.00212527 
-0.0245077 0.0554604 0.00966063 
-0.0391043 0.0654 0.008056300000000001 
-0.0516175 0.0166846 -0.0187827 
-0.00570488 0.0496532 0.00581321 
-0.0230856 0.00101773 0.009688449999999999 
-0.0597175 0.08209180000000001 0.00123725 
-0.0565226 0.0651028 -0.00579652 
-0.0597376 0.0566058 -0.0173158 
-0.0410338 0.0291337 -0.00681999 
-0.0493383 0.00208027 -0.0037017 
-0.0121613 0.0563991 -0.00901778 
-0.0295142 0.00409765 0.0105797 
-0.0449932 0.0142811 -0.0165215 
-0.00920089 0.0529582 0.00349245 
-0.0182641 0.0458219 0.00791266 
-0.0135918 0.000745062 -0.0105953 
-0.0598 0.0539999 -0.0107799 
-0.0170779 0.0037192 0.0112689 
-0.0420806 0.0002 -0.00646992 
-0.0229114 0.0046005 -0.0106558 
-0.000528213 0.00599713 -0.0035163 
-0.0413102 0.0251 -0.00713235 
-0.0301089 0.00646999 -0.0108079 
-0.0580378 0.0420045 0.0194424 
-0.0526836 0.00868381 0.019275 
-0.055 0.07881920000000001 0.0118313 
-0.036612 0.0602701 -0.0189563 
-0.00314466 0.008999999999999999 -0.000666149 
-0.017752 0.0561874 0.00237436 
-0.0598 0.0354017 -8.17117e-05 
-0.0197657 0.00333185 -0.0109864 
-0.0577477 0.0601725 0.0217893 
-0.0404002 0.0002 -0.00206023 
-0.0365667 0.07539609999999999 0.0206548 
-0.0595431 0.0389512 -0.0179197 
-0.0344169 0.0628905 0.0124616 
-0.008350969999999999 0.00458258 0.00748049 
-0.012273 0.047626 -0.0119881 
-0.0558045 0.0677159 0.0127351 
-0.0131307 0.0464 -0.0101309 
-0.0271853 0.0100205 0.00430645 
-0.0598 0.07184400000000001 0.0168164 
-0.055 0.06910520000000001 0.0125582 
-0.0355254 0.0105807 -0.0128739 
-0.0477193 0.0670461 -0.0167 
-0.055 0.07323730000000001 -0.0104013 
-0.0531171 0.0736232 -0.023 
-0.0157824 0.0527568 -0.00228284 
-0.0132697 0.0563558 -0.00941813 
-0.0533843 0.0633803 0.0123624 
-0.00293084 0.0484 -0.0016794 
-0.0251524   0.01 0.00709431 
-0.0428448 0.0002 0.0114989 
-0.0111718   0.01 -0.00447391 
-0.0338115 0.0143115 -0.00388439 
-0.037876 0.00861203 0.0137894 
-0.0214886   0.01 -0.00511731 
-0.041392 0.0824 0.0194865 
-0.0512557 0.0654 -0.00837331 
-0.0598 0.0579709 -0.0114845 
-0.0598 0.0693907 -0.00204908 
-0.0260403 0.0475515 -0.0103269 
-0.034539 0.0002 -0.000680085 
-0.0297838 0.0452 0.00128545 
-0.00752611 0.00947602 0.00675063 
-0.0506129 0.0817013 0.0229846 
-0.0387723 0.0163877 0.00426378 
-0.0149792 0.00285167 0.00310761 
-0.0426963 0.0632205 0.0125256 
-0.00860763 0.00251383 -0.0114141 
-0.0598 0.07724010000000001 0.008748840000000001 
-0.043442 0.0766901 -0.023 
-0.0478384 0.0732375 -0.0167 
-0.0186717 0.00426572 0.00705036 
-0.0516449 0.00415713 0.00695044 
-0.0580157 0.00989337 -0.0148977 
-0.0598 0.0144806 -0.00230514 
-0.0167724 0.0065 0.00322827 
-0.0598 0.030365 0.0140571 
-0.0547582 0.0721928 -0.0179644 
-0.0597314 0.07411769999999999 -0.00479057 
-0.0473765 0.0644723 0.00595269 
-0.0447647 0.00492796 0.0164338 
-0.055 0.07297339999999999 0.00121382 
-0.0423368 0.0641504 0.013824 
-0.0598 0.059627 0.0132665 
-0.0455927 0.06380280000000001 0.011931 
-0.0365355 0.0585366 -0.0132749 
-0.0446791 0.06522219999999999  0.023 
-0.0520878 0.00455592 -0.002985 
-0.04794 0.065206 0.0067019 
-0.0412505 0.0486828 -0.0150848 
-0.012028 0.000221202 0.009329230000000001 
-0.00886727 0.00968662 0.0115758 
-0.0466057 0.0295472 -0.0131179 
-0.0382248 0.0720915 0.0182 
-0.0528729 0.0844 -0.0163515 
-0.00445627 0.00573858 0.00569138 
-0.059626 0.0738555 0.0118772 
-0.0416517 0.0231541 0.00751835 
-0.0435706 0.06718010000000001 -0.0167 
-0.0120154 0.00163888 0.0115506 
-0.0598 0.0791975 -0.0163607 
-0.0396318 0.0744708 0.0182 
-0.00752356 0.00940042 0.00300042 
-0.0271395 0.0563937 0.00734854 
-0.0439539 0.0407296 -0.0101206 
-0.0598 0.0228091 0.0056183 
-0.018739 0.0555956 0.00293082 
-0.0491955 0.0056849 0.0179716 
-0.0101211 0.0564 -0.00656657 
-0.0467 0.0813323 -0.0167 
-0.0297888 0.0464265 -0.010685 
-0.0426823 0.0654 -0.00705899 
-0.038949 0.0567599 -0.0145056 
-0.00502526 0.05459 0.00657957 
-0.0127656 0.0002 0.00254879 
-0.0598 0.0604598 -0.00164944 
-0.0405678 0.0654734 0.0229901 
-0.0185313 0.0065 0.00622625 
-0.009914839999999999   0.01 -0.0109581 
-0.037424 0.0106573 0.0129772 
-0.0139119 0.0002 -0.00146845 
-0.0584499 0.07075049999999999 -0.0214107 
-0.0598 0.0496049 0.0161563 
-0.0162352 0.0564 0.00234314 
-0.0594215 0.0828562 0.00467163 
-0.0418611 0.0196067 -0.00775509 
-0.0494008 0.065232 0.0104716 
-0.00268062 0.0474104 0.0026 
-0.0382909 0.0693651 0.0223241 
-0.0173105 0.00167166 -0.0108222 
-0.0480589 0.000928283 0.009914640000000001 
-0.0598 0.0615927 0.00637803 
-0.0531798 0.0610984 0.0222864 
-0.0293577 0.0536731 0.0105059 
-0.0598 0.0174877 0.00358229 
-0.0488162 0.0630973 -0.00365149 
-0.0585127 0.0274532 -0.0191728 
-0.0598 0.0491299 -0.0142124 
-0.056232 0.0242861 0.0197102 
-0.0598 0.0634538 0.0175078 
-0.055 0.0792972 -0.008985959999999999 
-0.0598 0.0529762 0.0100174 
-0.0330807 0.0115373 -0.00917069 
-0.0569205 0.0725679 0.0225279 
-0.00611608 0.0504951 -0.0104541 
-0.00579221 0.0564 0.00255143 
-0.0540744 0.0489402 -0.0197102 
-0.0495273 0.00790162 0.0182619 
-0.0589099 0.0835317 0.0148318 
-0.0354706 0.0428712 -0.00861614 
-0.0026477 0.0563005 -0.00279155 
-0.0587978 0.0836345 -0.009663379999999999 
-0.0435167 0.0002 0.00228255 
-0.0379071 0.00553565 -0.0138014 
-0.00606739 0.0535763 -0.0104156 
-0.0574461 0.0367398 0.0196385 
-0.055 0.0684912 0.0137339 
-0.055 0.0701267 0.015845 
-0.036303 0.0713498 0.0182 
-0.0387724 0.084398 -0.018252 
-0.0558751 0.009305030000000001 0.0189392 
-0.052154 0.0797747 0.0163 
-0.00541827 0.00751526 -0.0100257 
-0.0400158 0.0674006 -0.0229351 
-0.0410997 0.0146911 0.00689445 
-0.0487394 0.00936676 -0.0179595 
-0.0595753 0.0198368 -0.0178421 
-0.050844 0.07992349999999999 -0.0155 
-0.0598 0.0517031 -0.0130808 
-0.0598 0.0230233 -0.008563400000000001 
-0.0435444 0.023535 -0.00965772 
-0.0396697 0.0371258 0.00527818 
-0.0190327 0.0464 0.000918677 
-0.0577689 0.0198668 0.0195477 
-0.009186669999999999 0.0499 -0.00414879 
-0.0523428 0.0831669 -0.0155 
-0.0598 0.0797809 -0.0139613 
-0.0292136 0.054324 0.0103063 
-0.055 0.0787417 0.012844 
-0.0413259 0.0799695 0.0182 
-0.055 0.0742758 -0.009847969999999999 
-0.0598 0.0148368 0.0111941 
-0.0598 0.0607116 0.00836453 
-0.0339393 0.008595459999999999 -0.0122783 
-0.0598 0.0395998 -0.0117473 
-0.0334686 0.00047642 0.0102304 
-0.0447026 0.0473449 -0.0164099 
-0.0543395 0.0525524 0.0197102 
-0.0468681 0.00248007 -0.0166798 
-0.0365728 0.07125090000000001 -0.0206616 
-0.018059 0.008547219999999999 -0.00610162 
-0.0598 0.080252 -0.014823 
-0.0399278 0.064181 0.00565519 
-0.0554794 0.0844 0.000445377 
-0.0598 0.0638256 0.0137203 
-0.0467482 0.0844 -0.018766 
-0.00851729 0.00228717 0.00731065 
-0.0465943 0.0654 -0.00745685 
-0.0275544 0.0526498 -0.0101799 
-0.0373409 0.0754792 -0.0167 
-0.0496181 0.0643175 0.0229964 
-0.0598 0.0235336 0.0128519 
-0.0278383 0.00495435 -0.0101819 
-0.0169681 0.00295023 -0.0011095 
-0.0570738 0.0757936 0.0224509 
-0.0598 0.0749938 0.00240279 
-0.0595994 0.0117639 -0.0150282 
-0.0598 0.0451472 -0.006206 
-0.0413299 0.0323636 0.0071547 
-0.032655 0.0654 0.00838678 
-0.0121984 0.0464 0.00714819 
-0.0241284 0.0002 0.00063965 
-0.0303 0.0567337 0.00647079 
-0.0512565 0.0153134 -0.0183746 
-0.0598 0.0397064 0.0119558 
-0.0147449 0.051438 0.0116811 
-0.0214155   0.01 -0.00489262 
-0.0598 0.0334631 -0.0133226 
-0.0219833 0.0452 -0.009776689999999999 
-0.0572702 0.00967695 0.018088 
-0.00857109 0.00658157 0.00445757 
-0.00588541 0.0536667 0.00262683 
-0.0598 0.0512603 -0.0133063 
-0.0225563   0.01 0.00527361 
-0.0469135 0.0654 -0.00727298 
-0.0563421 0.0715577 -0.0227525 
-0.0598 0.0391332 -0.00309635 
-0.0496058 0.0027074 0.0157116 
-0.0598 0.0615334 0.0156871 
-0.0327417 0.0631398 -0.00360801 
-0.0563322 0.07400859999999999 -0.0227545 
-0.0524406 0.0474369 -0.0193802 
-0.0274265 0.0483229 -0.0101883 
-0.017518 0.0499 -0.00702192 
-0.00426128 0.00214939 0.008905629999999999 
-0.0312251 0.06482209999999999 0.00630991 
-0.0583953 0.0810584 -0.0214703 
-0.0417115 0.0782055  0.023 
-0.055 0.069811 0.00669478 
-0.0380383 0.00426081 -0.0138517 
-0.0552882 0.00743759 0.000438585 
-0.0427075 0.0425 0.0108088 
-0.0598 0.0166791 -0.0135148 
-0.0410449 0.07142030000000001 -0.0167 
-0.0427243 0.039769 0.008730689999999999 
-0.0496 0.0827746 -0.0161143 
-0.0598 0.0213552 -0.00196431 
-0.0469998 0.031694 -0.0135633 
-0.00676032 0.0545314 -0.00141045 
-0.0044609 0.00190856 0.00570652 
-0.0366992 0.0002 0.00283928 
-0.0354068 0.0225346 0.000459755 
-0.0598 0.0175226 0.008923149999999999 
-0.055 0.0724533 -0.00183882 
-0.00122931 0.0510345 0.00528388 
-0.000775525 0.00286927 -0.00415514 
-0.0538295 0.0650602 0.00655305 
-0.0406666 0.0002 0.00348789 
-0.0598 0.0477051 0.00502902 
-0.0384484 0.0638127 -0.0126791 
-0.00496037 0.00324864 -0.0066567 
-0.0543711 0.0756028 0.0163 
-0.0323727 0.0128727 0.00166126 
-0.0547841 0.0433822 0.0197102 
-0.0182469 0.0024244 0.0110435 
-0.0412125 0.0654 -0.0160874 
-0.0327843 0.0654 0.00984692 
-0.0275205 0.0452 -0.00628594 
-0.0598 0.0233069 0.008488280000000001 
-0.0598 0.0365576 -0.000786547 
-0.055 0.06975240000000001 0.00567723 
-0.0598 0.0175121 -0.0163623 
-0.0354782 0.031931 0.00054045 
-0.05796 0.0565514 -0.0194766 
-0.0095307   0.01 -0.0101575 
-0.0555011 0.06411409999999999 0.0229481 
-0.0407718 0.0655858 -0.0167 
-0.0504331 0.0286683 -0.017444 
-0.0576131 0.009569640000000001 0.0171046 
-0.055 0.0664066 -0.00874075 
-0.0303 0.0584602 0.00136989 
-0.055 0.07861609999999999 -0.0113895 
-0.0465913 0.0002 -0.00771248 
-0.0184792 0.00734507 -0.00448496 
-0.0445646 0.0425 0.0127993 
-0.0430469 0.0169668 -0.00909538 
-0.0410577 0.0704 0.0174343 
-0.0139592 0.00667712 -0.0118347 
-0.00850939 0.0494719 0.00560539 
-0.0498502 0.059674 0.0214478 
-0.0171342 0.00384775 0.00862037 
-0.00579574   0.01 0.008902820000000001 
-0.0496479 0.0373331 0.0165564 
-0.00176084   0.01 -0.00568446 
-0.024977 0.0502584 0.0104387 
-0.00553558 0.0479592 -0.00443675 
-0.0165455 0.0493635 -0.00307572 
-0.00476288 0.0479054 0.00956531 
-0.0598 0.0222051 -0.00573155 
-0.0143183 0.0484 0.0009993249999999999 
-0.0285448 0.0490856 0.0102661 
-0.0196284 0.00573699 0.00526777 
-0.048282 0.0484985 0.0177839 
-0.0581168 0.0667563 -0.00471497 
-0.0597824 0.0125286 -0.008600139999999999 
-0.0509091 0.0720769 -0.0201227 
-0.0209698 0.0017893 0.0105042 
-0.0598 0.0569624 0.001483 
-0.0433854 0.0663454 -0.0167 
-0.0531675 0.00766854 0.0188354 
-0.000380756 0.0484 0.000221813 
-0.0421932 0.0143879 -0.0154466 
-0.0367082 0.063679 -0.0125425 
-0.0598 0.0511271 0.00427245 
-0.0153485 0.0530675 -0.00272593 
-0.0537124 0.0483886 0.0197102 
-0.0173391   0.01 -0.00148361 
-0.0598 0.0535248 -0.00236413 
-0.0594814 0.0412081 0.0180502 
-0.0164946   0.01 -0.00845568 
-0.05829 0.0767226 0.0055494 
-0.0132499 0.0530228 0.0119329 
-0.0598 0.0665509 0.0017657 
-0.0491592 0.0421633 -0.0160041 
-0.0122913 0.0002 -0.000577649 
-0.0142814 0.008999999999999999 -8.104750000000001e-06 
-0.023914 0.0494339 -0.0105504 
-0.0596757 0.0368988 0.0175567 
-0.0414554 0.0425 0.0100542 
-0.00974013 0.0008071070000000001 -0.00516788 
-0.0405544 0.0243507 0.00627807 
-0.00669394 0.0531005 0.00841795 
-0.0375591 0.0425 -0.00991329 
-0.0598 0.036145 0.0134284 
-0.0252276   0.01 0.00903783 
-0.0437357 0.0654 0.0009769640000000001 
-0.0278297 0.0002 -0.00455346 
-0.0354261 0.0114371 -0.0127786 
-0.0504927 0.0382132 -0.0175113 
-0.0499583 0.0530403 0.0184274 
-0.054392 0.0655654 -0.023 
-0.0144075 0.008999999999999999 0.00144598 
-0.0172592 0.0520327 -0.00140672 
-0.0176429 0.0464 0.00681272 
-0.0301346   0.01 0.00748729 
-0.0433836 0.0655567 0.0163 
-0.0303 0.058688 -0.00335996 
-0.00704421 0.0531309 0.00235222 
-0.0594448 0.0669462 0.0118789 
-0.0541672 0.0779247 -0.023 
-0.00930051 0.054083 0.011606 
-0.041317 0.0644136  0.023 
-0.0478798 0.0501808 -0.0176295 
-0.0352866 0.0204188 -0.000323937 
-0.0598 0.0575206 0.0134828 
-0.0568889 0.0630961 -0.0119474 
-0.025915 0.0452 -0.00355719 
-0.0361453 0.0513245 -0.0131251 
-0.0563204 0.07681830000000001 -0.0128517 
-0.0297785 0.0115 -0.0014046 
-0.0443153 0.0672275 -0.0167 
-0.0508084 0.03769 -0.0178681 
-0.0573957 0.0761899 0.0142934 
-0.0335723 0.0644792 -0.00224025 
-0.0154708 0.0065 -0.00376069 
-0.0502888 0.06485109999999999 -0.0137395 
-0.0525444 0.004967 -0.0106992 
-0.0166531   0.01 -0.000968633 
-0.0524819 0.0654 -0.000593539 
-0.0303492 0.0002 0.00707877 
-0.0178453 0.00852223 -0.00627466 
-0.0562034 0.0748577 0.0145462 
-0.0174379 0.0512221 0.00831024 
-0.0598 0.0655772 -0.00904369 
-0.0200464 0.0464 0.00450044 
-0.0598 0.0579521 -0.00229339 
-0.0360438 0.0330193 0.00117976 
-0.0414657 0.0811003  0.023 
-0.0440524 0.0724093  0.023 
-0.0452388 0.0156742 -0.0115729 
-0.0525439 0.0621593 -0.0226769 
-0.0410057 0.0720536 -0.0167 
-0.0518722 0.06304220000000001 0.0228835 
-0.0550375 0.0530385 0.0197102 
-0.0303 0.0614909 0.00130242 
-0.0598 0.0367704 -0.00642241 
-0.0456014 0.06968829999999999  0.023 
-0.0577235 0.0411047 -0.019563 
-0.0579717 0.0534875 -0.0194715 
-0.0372269 0.0125763 0.0104282 
-0.0575415 0.0652703 0.0221791 
-0.0598 0.07192369999999999 0.00121795 
-0.00416935   0.01 0.008143340000000001 
-0.0598 0.0279525 -0.0156963 
-7.0878e-06 0.0521402 0.000328692 
-0.0327287 0.0002 -0.000492422 
-0.0341381 0.0500436 0.0123546 
-0.0597976 0.08145579999999999 0.00526235 
-0.0276734 0.0002 -0.00141288 
-2.13434e-05 0.00424575 -0.000675283 
-0.0375262 0.00253267 -0.0135718 
-0.0598 0.0220864 0.0115161 
-0.0263889 0.0545392 0.0100612 
-0.008749699999999999 0.0564 0.00757246 
-0.053891 0.0539169 -0.0197102 
-0.0526336 0.0509193 -0.0194543 
-0.054427 0.0843916 -0.0201924 
-0.0598 0.06835330000000001 -0.00148764 
-0.00437517 0.00149385 -0.008553059999999999 
-0.0198764 0.0560827 0.009304740000000001 
-0.0590439 0.0108481 -0.0147715 
-0.0114455   0.01 0.00569749 
-0.0520315 0.0380761 -0.0192232 
-0.0350974 0.0216339 -0.000110093 
-0.0598 0.025491 -0.00455356 
-0.046235 0.0327198 -0.0126988 
-0.0586448 0.0406389 0.0190725 
-0.036358 0.0806578 0.0182 
-0.0397856 0.00718349 -0.0145224 
-0.053597 0.0722636 -0.0165094 
-0.0538857 0.00617478 0.00382216 
-0.0479884 0.06969259999999999 0.0163 
-0.0598 0.07846309999999999 0.00820823 
-0.0417571 0.0661557  0.023 
-0.00268523 0.00975293 -0.00756334 
-0.055 0.08179649999999999 -0.00633611 
-0.055 0.07076540000000001 0.0129263 
-0.0309495 0.00723995 -0.0111306 
-0.0465596 0.0698399 -0.0167 
-0.0323178 0.0128178 -0.00168447 
-0.0598 0.0696478 0.00496411 
-0.0598 0.0137413 -0.00677636 
-0.0580237 0.06633029999999999 0.00304995 
-0.0359546 0.0785071 -0.0192228 
-0.0340572 0.00280151 -0.0122921 
-0.0107556 0.0546657 0.00100409 
-0.0576813 0.0758503 0.0146402 
-0.0472498 0.0654 0.0010346 
-0.0155624   0.01 -0.00713293 
-0.0368715 0.08369799999999999 -0.0175883 
-0.0446491 0.0592354 0.0211087 
-0.0401075 0.00630158 0.014646 
-0.0454068 0.0712516 0.0182 
-0.0263209 0.0452 -0.00165372 
-0.0504069 0.0686412 0.0163 
-0.031629 0.0478862 -0.0113914 
-0.051758 0.0151811 0.0189414 
-0.00293905 0.00316904 0.007860610000000001 
-0.042567 0.0002 0.00547606 
-0.0499118 0.0285749 -0.0168547 
-0.0142568 0.0542927 -0.00510672 
-0.0303 0.0587636 -0.008300719999999999 
-0.0264076 0.0458491 0.0102883 
-0.0259239 0.0002 0.000261706 
-0.0598 0.0813518 -0.0147867 
-0.0598 0.0689293 -0.0158726 
-0.0419957 0.06448189999999999 -0.0104375 
-0.00796495 0.00388276 0.00240963 
-0.0087534 0.0551993 0.00694076 
-0.0265507 0.0564 -0.00657654 
-0.0462522 0.00387329 0.0169837 
-0.0286991 0.0564 -0.000892714 
-0.0404968 0.0580221 -0.0197953 
-0.0537733 0.08378190000000001 -0.0218192 
-0.0500668 0.0304297 -0.01703 
-0.0598 0.0458212 -0.0115269 
-0.0568434 0.008837859999999999 0.00302212 
-0.0495064 0.00276417 -0.0159199 
-0.0362769 0.0167271 -0.0014433 
-0.00445615 0.0547241 -0.0089157 
-0.0499851 0.0844 -0.0174298 
-0.009745759999999999 0.0464 -0.00993804 
-0.0421979 0.0002 -0.00749299 
-0.025627 0.0453997 -0.0103704 
-0.0591318 0.0191549 0.0185947 
-0.0598 0.0137044 0.000865367 
-0.044692 0.06472990000000001 -0.023 
-0.0598 0.07419530000000001 0.00714853 
-0.019594 0.0522556 0.00441272 
-0.0558952 0.0844 -0.000591122 
-0.0368633 0.0289047 -0.00210607 
-0.0373704 0.063058 0.00449157 
-0.0420653 0.0764951  0.023 
-0.0591803 0.0737067 0.0120292 
-0.0269482 0.0115 5.68646e-05 
-0.0598 0.0188626 0.00664354 
-0.0534032 0.00574031 -0.00433603 
-0.0594137 0.0828706 -0.00938605 
-0.0152199 0.00588042 0.0115549 
-0.0542675 0.0481683 0.0197102 
-0.0598 0.0733798 -0.00711344 
-0.0474626 0.0405383 -0.0140864 
-0.05089 0.0606703 0.0220717 
-0.00616469 0.0557193 0.007837480000000001 
-0.0527146 0.00512029 -0.00445633 
-0.0179667 0.0562682 -0.0021292 
-0.0541055 0.0192931 0.0197102 
-0.0107598 0.0564 0.00421249 
-0.0381846 0.0600896 0.0208299 
-0.0422474 0.0799711 0.0182 
-0.011968 0.000204614 0.009098159999999999 
-0.0598 0.0487844 0.00555454 
-0.0552305 0.0604987 0.0219824 
-0.035836 0.071469 0.0185878 
-0.0558574 0.00795002 0.00245887 
-0.0583152 0.0166628 0.0192987 
-0.0487742 0.081316  0.023 
-0.0556245 0.0150577 0.0197102 
-0.0498422 0.0719259 0.0182 
-0.0281467 0.00184097 -0.009875139999999999 
-0.00593115 0.0464 0.00852791 
-0.0331174 0.0430826 -0.000719346 
-0.055 0.07808470000000001 -0.0141323 
-0.0433896 0.0284186 -0.00948277 
-0.055 0.07283240000000001 0.000698045 
-0.00521557 0.0478942 -0.0098893 
-0.0440734 0.0310549 -0.0102557 
-0.0524716 0.0642137 -0.00251144 
-0.046952 0.07140820000000001 0.0182 
-0.0438817 0.0263098 0.010039 
-0.029335 0.00872033 -0.0105108 
-0.057532 0.00945787 0.00489058 
-0.0454429 0.0371861 -0.0118035 
-0.0598 0.0601341 0.00564752 
-0.0598 0.07998420000000001 0.00554699 
-0.00543117 0.00362931 0.0100416 
-0.00407738 0.00307298 0.00899961 
-0.0466935 0.0771249 0.0182 
-0.0338555 0.0143555 -0.000359916 
-0.00618371 0.00769685 -0.0104881 
-0.0393801 0.0284418 0.00495083 
-0.0109824 0.0508591 -0.0119526 
-0.026809 0.0452 -0.008897159999999999 
-0.0540546 0.0635836 0.00504512 
-0.051702 0.0532737 -0.0190967 
-0.0180587 0.0482136 -0.00379534 
-0.0489962 0.0640236 0.0136945 
-0.0538132 0.0654 -0.000819108 
-0.0598 0.0765338 -0.0071104 
-0.0197569 0.0464 0.0041487 
-0.0598 0.0385488 -0.008976080000000001 
-0.0583665 0.0327201 0.0192659 
-0.00924931 0.008882579999999999 0.0116718 
-0.0164519 0.047742 0.0113347 
-0.0598 0.0767067 0.00167279 
-0.0598 0.0375685 -0.00247076 
-0.0522456 0.00469795 0.010617 
-0.0326969 0.0103885 0.008973999999999999 
-0.0483331 0.06866410000000001 0.0163 
-0.0402538 0.0654 0.00846063 
-0.0592487 0.034656 0.0184424 
-0.0469415 0.0086552 0.0172693 
-0.0533569 0.073295 -0.0177 
-0.0551341 0.0675579 0.0125035 
-0.0479366 0.06480130000000001 0.0144886 
-0.0598 0.0267836 0.0127591 
-0.0532032 0.0577849 -0.019673 
-0.00694608 0.0484 -0.00218267 
-0.0384073 0.0579661 0.0186252 
-0.045548 0.0647919 -0.023 
-0.0375119 0.0002 -0.00444413 
-0.00642416 0.00856399 0.00659722 
-0.0515104 0.0276865 -0.0186616 
-0.0598 0.0583533 0.00280113 
-0.00615201 0.0002 0.0006058390000000001 
-0.0514731 0.0191208 -0.0186195 
-0.0563124 0.063323 -0.0227652 
-0.00842004 0.0480772 0.0114487 
-0.0187673 0.0537159 -0.0029468 
-0.0358702 0.0680518 0.0171652 
-0.0309603 0.0633502 0.00419317 
-0.0598 0.052772 -0.011536 
-0.0598 0.080374 -0.00583308 
-0.0274807 0.0002 0.00694161 
-0.0441628 0.00722995 -0.0162027 
-0.0371128 0.0695476 -0.0167 
-0.0546369 0.065243 -0.0141397 
-0.0527677 0.00641772 -0.0180144 
-0.0052204 0.0464 -0.0065311 
-0.0244277 0.0552061 -0.00988589 
-0.0187007 0.0464 0.00409455 
-0.055 0.0788507 0.0106877 
-0.0531299 0.00549426 -0.0114219 
-0.0598 0.0384374 0.00916513 
-0.0549081 0.0676099 -0.0229972 
-0.0282067 0.000248777 -0.00773723 
-0.0151563 0.0556469 -0.0105204 
-0.0505029 0.0844 -0.0165006 
-0.055 0.0833531 -0.0071481 
-0.0598 0.0304618 -0.008481499999999999 
-0.0438293 0.036375 0.009979709999999999 
-0.0137331 0.0564 -0.00471867 
-0.0581653 0.0840682 0.018092 
-0.0169506 0.052884 -0.0010916 
-0.0463679 0.0649776 -0.00993139 
-0.0598 0.08085050000000001 0.00192709 
-0.0390524 0.06328689999999999 0.00474216 
-0.0145694 0.0534393 0.00368076 
-0.0598 0.021171 0.0105205 
-0.008183930000000001 0.0098453 -0.0113658 
-0.0472233 0.0415372 0.013816 
-0.019208 0.00248166 0.00347425 
-0.00445448 0.0521044 0.00481448 
-0.0589975 0.0834382 -0.014872 
-0.0159078 0.0534731 -0.0021547 
-0.0522075 0.0588723 -0.0207815 
-0.0429609 0.0269896 -0.00899814 
-0.0107031   0.01 0.0058777 
-0.0184827 0.0523583 -0.00265615 
-0.0483874 0.06329419999999999 -0.00345037 
-0.0598 0.0131974 0.008125540000000001 
-0.0415361 0.07277889999999999 0.0182 
-0.0433711 0.0390802 0.00946176 
-0.0192531 0.0519523 0.00354442 
-0.0506298 0.024215 -0.0176663 
-0.0414924 0.067523  0.023 
-0.0525706 0.07978490000000001  0.023 
-0.0569625 0.008945120000000001 0.0144538 
-0.0450214 0.0505643 0.0165323 
-0.0529832 0.0579013 0.0196649 
-0.055 0.0743688 -0.00198476 
-0.0481455 0.06744 0.0163 
-0.0530611 0.0844 -0.0194195 
-0.0598 0.0167011 -6.32414e-06 
-0.0178974 0.0528364 -0.00747673 
-0.00395354 0.00611993 -0.0088997 
-0.0312078 0.0654 0.00153293 
-0.0265746 0.0479258 -0.0102708 
-0.00862771 0.00471523 -0.0027016 
-0.0252484 0.0530071 0.0104102 
-0.0265209 0.053551 0.0102698 
-0.0266984 0.0522541 -0.0102578 
-0.0390078 0.04331 -0.0142239 
-0.0197855 0.0458917 0.0109843 
-0.0196314   0.01 0.00182536 
-0.0598 0.0172159 -0.00131592 
-0.0421117 0.0272088 -0.00803835 
-0.0597548 0.0819189 -0.00522522 
-0.0419173 0.07742640000000001  0.023 
-0.011788 0.0543811 0.0118204 
-0.00273059 0.00646906 0.00761977 
-0.0224866 0.0534234 -0.0106996 
-0.0581492 0.0840766 0.0208259 
-0.0597018 0.0120764 0.00292363 
-0.0483302 0.040632 -0.0150671 
-0.0598 0.0216083 0.00291751 
-0.0598 0.0620629 0.00429909 
-0.00502853 0.00422823 0.00316305 
-0.0135678 0.000626854 0.0104121 
-0.0393889 0.0232347 -0.00496075 
-0.0456089 0.0800023  0.023 
-0.0592323 0.06477719999999999 -0.0203088 
-0.0182309 0.00312016 -0.00732399 
-0.0457317 0.0671804 0.0163 
-0.0598 0.0711619 -0.0110584 
-0.0538 0.0210358 0.0127175 
-0.0362313 0.0432653 -0.0104484 
-0.0410354 0.00281749 0.014973 
-0.0465384 0.0002 -0.00524351 
-0.0276113 0.0476748 0.0101789 
-0.0280662 0.0452 0.00340601 
-0.0598 0.0301563 -0.00536932 
-0.0151407 0.0499 -0.00538859 
-0.0598 0.057808 -0.0124159 
-0.0445002 0.0306389 0.010738 
-0.040762 0.008534 -0.0148973 
-0.0259208 0.0452 -0.00528939 
-0.0523926 0.0640641 0.0116642 
-0.0598 0.0149598 0.00743446 
-0.055 0.0721511 0.00435458 
-0.0461616 0.0654 -0.000725906 
-0.0439856 0.0654 0.00195818 
-0.0240958 0.0530904 -0.0105313 
-0.0303 0.0574526 0.00290465 
-0.0598 0.0306126 -0.00496927 
-0.0471877 0.0511123 0.0173638 
-0.009922830000000001 0.0484 -0.00139641 
-0.0598 0.0783083 0.00157534 
-0.0598 0.0263417 0.0166015 
-0.0564157 0.00845273 0.0072931 
-0.0570298 0.08439000000000001 -0.0126258 
-0.0475093 0.0638864 0.00535435 
-0.055 0.0675351 -0.00160264 
-0.0179999 0.0464177 0.00374407 
-0.037961 0.06795760000000001 0.0163 
-0.0595209 0.0773567 0.0131019 
-0.0598 0.0418543 -0.00607838 
-0.0459331 0.0349658 0.0123576 
-0.0527361 0.06472120000000001 -0.023 
-0.00155815 0.000862724 0.00302106 
-0.0328306 0.0133306 -0.00119971 
-0.0437465 0.0538353 -0.0160429 
-0.0571656 0.009127939999999999 0.0123949 
-0.00276398 0.000210955 0.000471621 
-0.0541087 0.06841170000000001 0.0163 
-0.0146178 0.0058257 0.00358892 
-0.0387073 0.0667503 0.0163 
-0.0141027 0.0464 -0.00460568 
-0.0494164 0.0531509 -0.0182194 
-0.00642574 0.054484 0.00242794 
-0.0597382 0.06682970000000001 0.0187726 
-0.0142461 0.009744360000000001 0.00299284 
-0.0261578 0.0452 -0.00133775 
-0.055 0.08065079999999999 -0.00890349 
-0.0533001 0.008683700000000001 -0.019327 
-0.0550791 0.0757857 0.0106938 
-0.0337696 0.0002 -0.00197935 
-0.0315518 0.0539303 -0.011311 
-0.0351501 0.016826 0.00016968 
-0.0510243 0.00359835 0.00403207 
-0.0491949 0.0767433 0.0182 
-0.0598 0.0478695 -0.0157686 
-0.039747 0.0783538 -0.0167 
-0.0250719   0.01 -0.00608813 
-0.0365167 0.0541802 0.0132676 
-0.00779251 0.0484892 -0.00636548 
-0.00869905 0.0043807 0.0028148 
-0.0336005 0.0653126 -0.009589250000000001 
-0.0270467 0.000658692 -0.00880248 
-0.0425785 0.0633346 -0.0121909 
-0.0497758 0.00247414 0.00455135 
-0.00675709 0.00678829 -0.0029623 
-0.0548466 0.0677214 0.0189215 
-0.0535849 0.0471318 0.0197102 
-0.0516371 0.00415009 -0.0112017 
-0.00528004 0.0564 0.00181396 
-0.0507284 0.00333194 -0.00682863 
-0.0598 0.023583 0.000678532 
-0.0587002 0.07607079999999999 0.0211278 
-0.0437971 0.0722151 0.0182 
-0.0158935 0.0512955 0.00773014 
-0.0438929 0.0612063 -0.0223292 
-0.0414928 0.00755589 -0.0151778 
-0.0553238 0.0844 6.31064e-05 
-0.0352847 0.0149019 -0.000321744 
-0.055 0.0670327 0.000678306 
-0.0547262 0.0722918 -0.0211905 
-0.045096 0.0002 -0.000353544 
-0.00554977 0.009511789999999999 -0.0101091 
-0.0598 0.0802919 -0.000462909 
-0.02212 0.00192875 -0.0104546 
-0.00559056 0.00545923 -0.00721871 
-0.0521807 0.06509429999999999 -0.00981221 
-0.0396802 0.00705676 -0.014482 
-0.0140186 0.007815590000000001 0.0118228 
-0.0172299   0.01 -0.0112012 
-0.0137955 0.0002 0.008676049999999999 
-0.0347727 0.0457836 -0.0125982 
-0.0330844 0.0494384 -0.0119501 
-0.0270359 0.0563572 -0.0077101 
-0.0598 0.0183687 -0.0111434 
-0.0407003 0.0798982 -0.0167 
-0.00261728 0.0552442 0.00639069 
-0.0185437 0.0464 0.00128049 
-0.00261737 0.0471319 -0.00747393 
-0.0598 0.0350202 0.009436119999999999 
-0.0529056 0.0357036 0.0195587 
-0.051804 0.06556960000000001 0.0163 
-0.0147318 0.0464 -0.00732301 
-0.00536208 0.055218 0.00695718 
-0.0380832 0.011648 0.0129999 
-0.0593709 0.0414111 -0.018253 
-0.0598 0.0172698 0.00895785 
-0.00300949   0.01 0.00756547 
-0.0368315 0.0633286 -0.0116153 
-0.0498975 0.0794342 -0.023 
-0.0478267 0.0654 -0.00679252 
-0.0598 0.0473379 -0.00793891 
-0.0363805 0.0678197 0.0163 
-0.0551797 0.0815463 -0.022977 
-0.051911 0.0187734 0.0191144 
-0.0213363   0.01 -0.00388999 
-0.0439144 0.0664531 0.0163 
-0.0598 0.0623199 -0.00294385 
-0.0598 0.0317067 -0.016302 
-0.0598 0.0784768 -0.00779752 
-0.0445178 0.0109101 -0.016339 
-0.0598 0.036397 -0.014976 
-0.0598 0.017916 0.00381148 
-0.0071915 0.00716836 -0.00280717 
-0.0367405 0.0425 0.00519238 
-0.0572071 0.0323293 -0.0196809 
-0.0199399 0.0564 -0.00590593 
-0.0598 0.0593569 -0.0154065 
-0.0329209 0.0450104 -0.008661439999999999 
-0.00505612 0.0561746 0.00661783 
-0.0598 0.07773529999999999 0.0129542 
-0.0598 0.0143927 -0.00461457 
-0.0491049 0.055191 -0.0180998 
-0.0453909 0.0718342 -0.023 
-0.0248751 0.0452 -0.00154079 
-0.0460035 0.0697776 -0.0167 
-0.0598 0.0792221 -0.0159677 
-0.0423063 0.0363509 0.00825825 
-0.0543964 0.00663454 0.008679829999999999 
-0.0281567 0.0002 0.000188117 
-0.0445089 0.0521577 0.0163356 
-0.0598 0.0146285 0.0108679 
-0.0598 0.0366922 -0.0163079 
-0.043178 0.028057 0.00924355 
-0.0565898 0.06729499999999999 0.00496485 
-0.0231056 0.000245404 0.00814135 
-0.0402808 0.0144146 -0.0146997 
-0.030261   0.01 -0.0104005 
-0.00523347 0.0464 -0.00473377 
-0.0466869 0.0369992 0.0132096 
-0.0483209 0.0585506 -0.0204507 
-0.0105693 0.0504141 0.0119135 
-0.0598 0.0349141 0.0116864 
-0.0598 0.06924760000000001 0.00992729 
-0.0292466 0.0551642 -0.00986677 
-0.0211549 0.0093109 -0.0108404 
-0.0316669 0.0116847 0.00466333 
-0.052402 0.08177619999999999 -0.0229735 
-0.0598 0.0460866 -0.010441 
-0.0381995 0.08118300000000001 0.0222661 
-0.0303 0.0602388 0.000655372 
-0.0505139 0.0138209 -0.0186407 
-0.0134951 0.0496609 -0.000567566 
-0.0568611 0.009204739999999999 0.01793 
-0.0585284 0.010355 -0.008605750000000001 
-0.0392847 0.0138724 -0.0141927 
-0.055 0.0715204 0.00123719 
-0.0103514 0.0002 -0.00582025 
-0.0592537 0.06323620000000001 0.0128904 
-0.0505714 0.008678979999999999 0.0186628 
-0.0598 0.0477541 0.00668181 
-0.0299872 0.00435384 0.0107612 
-0.0428362 0.0408684 -0.008857189999999999 
-0.0468834 0.0218889 -0.0134317 
-0.0556256 0.064291 0.0229303 
-0.0480682 0.000936655 -0.0067647 
-0.0251018 0.0045294 0.0104256 
-0.009305809999999999 0.0562511 0.0036614 
-0.0345432 0.0499101 -0.0125101 
-0.0158606 0.0065 -0.00222256 
-0.0324333 0.0031707 -0.0116988 
-0.0387168 0.0231702 0.00420102 
-0.0379087 0.08119369999999999 0.0220775 
-0.00454612   0.01 0.00455363 
-0.0303 0.0623322 -0.00803366 
-0.0523165 0.0670161 -0.0155 
-0.055 0.07924299999999999 -0.009581259999999999 
-0.0305514 0.0115 -0.00320333 
-0.0486038 0.0638789 0.00365327 
-0.0598 0.0129565 -0.0125764 
-0.0142558 0.0554493 0.00509637 
-0.0446666 0.0160914 -0.0109261 
-0.019231 0.0557792 -0.00351013 
-0.01995 0.0481227 0.010967 
-0.0419507 0.0002 0.0060497 
-0.0574766 0.0666312 0.00564271 
-0.0468658 0.0632211 0.00432504 
-0.0598 0.075282 -0.0158792 
-0.0489689 0.037607 -0.015789 
-0.057133 0.0459793 0.013034 
-0.0598 0.0388685 0.0128131 
-0.0211032   0.01 0.0105632 
-0.0540099 0.00628659 -0.0108359 
-0.0588867 0.058667 0.0205783 
-0.0549488 0.0632573 -0.00348807 
-0.0358241 0.0649332 0.0175228 
-0.0450991 0.0544943 -0.0165621 
-0.0332604 0.065222 0.0104818 
-0.008813730000000001   0.01 0.0104427 
-0.0524986 0.00492577 -0.00583725 
-0.0334133 0.06325500000000001 0.0047096 
-0.0113903 0.00197874 -0.0117181 
-0.0493924 0.07884140000000001  0.023 
-0.0598 0.0385692 -0.009551509999999999 
-0.0598 0.0593328 -0.00325314 
-0.0576845 0.0433765 -0.0195756 
-0.0048487 0.00936703 0.00296703 
-0.0519516 0.00508273 0.0170251 
-0.00477075 0.00959086 0.00319086 
-0.0358386 0.0817322 -0.0184082 
-0.0398505 0.009536599999999999 0.0145474 
-0.0421535 0.0258908 0.00808553 
-0.0452351 0.0188433 -0.0115687 
-0.0285791 0.0471753 -0.0102736 
-0.009671570000000001 0.0564 0.00284831 
-0.0399046 0.0635689 0.0121698 
-0.0489282 0.0655912  0.023 
-0.0412498 0.000415194 -0.0130615 
-0.0598 0.0498835 -0.0132371 
-0.0455914 0.06388149999999999 -0.0110506 
-0.0367028 0.0125083 0.00987727 
-0.0045154 0.0564 -0.00242536 
-0.0438432 0.00660834 -0.01608 
-0.0598 0.0402632 -0.0133015 
-0.0361916 0.0704 0.017342 
-0.0569931 0.0843916 0.0193093 
-0.0598 0.0334983 -0.0154981 
-0.039989 0.000292052 0.0121714 
-0.0597567 0.0453728 0.0172135 
-0.0402903 0.0277843 0.00597954 
-0.0208338 0.0550324 -0.0103871 
-0.0279293   0.01 -0.00583713 
-0.0598 0.0690788 0.012579 
-0.0363763 0.0693086 -0.0203203 
-0.0450434 0.063845 -0.00288789 
-0.0598 0.037466 -0.0153148 
-0.00613407 0.000421425 -0.00748939 
-0.00653115 0.0495417 0.00670648 
-0.014944   0.01 -0.008253659999999999 
-0.0535796 0.00606155 -0.0167333 
-0.0496778 0.0205068 -0.0165902 
-0.0539372 0.0219266 0.0123767 
-0.0433168 0.0571002 0.0182621 
-0.0365785 0.0340633 0.00178414 
-0.0497357 0.00243809 -0.00521452 
-0.0598 0.0700607 0.0130419 
-0.0125651 0.0564 -0.00172925 
-0.00399924 0.0464 -0.00766966 
-0.0581294 0.0532878 0.0193988 
-0.0544557 0.08371969999999999 0.0171661 
-0.0436514 0.0661453 -0.023 
-0.0574603 0.00939328 -0.00241597 
-0.015862   0.01 -0.00926797 
-0.00558399 0.0504272 0.00280546 
-0.0478715 0.06349100000000001 0.0131506 
-0.0401401 0.0699181 0.0163 
-0.0307729 0.0115 -0.0049813 
-0.0408749 0.0841826 -0.0167 
-0.0550582 0.0844 -0.00451228 
-0.00171001 0.0510786 0.0061676 
-0.0362397 0.0278404 0.00140121 
-0.0419476 0.0295128 0.00785285 
-0.0528543 0.06879979999999999 0.017038 
-0.0570688 0.0472299 0.0131755 
-0.0022617 0.0552264 -0.00586745 
-0.0437582 0.0487391 -0.0160474 
-0.0598 0.0361518 -0.0151958 
-0.041241 0.00149487 -0.0145114 
-0.0250974 0.0115 -0.00262811 
-0.0374906 0.0002 -0.00306184 
-0.0551226 0.0635603 -0.0113787 
-0.0504316 0.0634398 0.0130983 
-0.014276 0.00149313 -0.00459234 
-0.0156967 0.00211776 -0.00733854 
-0.0493067 0.00205181 -0.00708353 
-0.0462629 0.00445664 -0.0170089 
-0.0392083 0.0480731 0.0143009 
-0.0143128 0.00160427 0.0113006 
-0.00490961 0.0560771 -0.00347829 
-0.0595673 0.0611399 -0.0195039 
-0.0394954 0.0666583 -0.0228263 
-0.00799213 0.0502186 -0.00737134 
-0.030132 0.0452 0.00969624 
-0.0478043 0.015281 0.0144726 
-0.0394408 0.0253458 0.00501942 
-0.037023 0.0425 -0.00749729 
-0.0598 0.0624564 0.00500268 
-0.0308644 0.0452 1.57531e-05 
-0.0165381 0.0499 0.00291753 
-0.0568923 0.0763277 -0.0225402 
-0.023656 0.0452 -0.0104607 
-0.055 0.0793754 0.0051676 
-0.0568715 0.0672024 0.00505943 
-0.00462751 0.0065 -0.00387113 
-0.0598 0.0296104 -0.00616237 
-0.0249308   0.01 0.00676552 
-0.0588509 0.0515163 -0.0188963 
-0.00968454 0.00245956 0.0043691 
-0.0237655 0.0071522 0.010566 
-0.0328306 0.06475839999999999 0.0109552 
-0.0372408 0.0209094 -0.00253276 
-0.0416513 0.0844 -0.0195759 
-0.05769 0.084262 -0.00554852 
-0.0348061 0.0428141 -0.00752877 
-0.0545748 0.00679518 0.0107848 
-0.0112861 0.0464 -0.00677635 
-0.0460598 0.0542492 -0.0169309 
-0.0355006 0.0637192 -0.0112164 
-0.008539339999999999 0.009764739999999999 -0.00553232 
-0.000645492 0.0521085 -0.00387613 
-0.0372725 0.0606554 -0.0203648 
-0.0220249 0.00721516 -0.010749 
-0.055 0.06794509999999999 0.0162038 
-0.0240238 0.0533133 0.0105389 
-0.0543601 0.07256120000000001 -0.0155 
-0.0598 0.0589877 0.00419754 
-0.0122724 0.00486 -0.0119942 
-0.0361136 0.0266022 0.00125873 
-0.0596652 0.0666133 0.0191455 
-0.0515684 0.0040882 -0.009566450000000001 
-0.0411319 0.0591231 0.0210052 
-0.0359016 0.0781168 -0.0189838 
-0.0555333 0.0692475 -0.0229434 
-0.0360976 0.0002 0.0053999 
-0.0473645 0.0716647 -0.0167 
-0.00951432 0.00180464 -0.00604885 
-0.0122788 0.0562213 -0.0100137 
-0.00589474   0.01 0.00823813 
-0.00621323 0.0534846 -0.00201374 
-0.0146791   0.01 -0.00517746 
-0.0362339 0.053595 0.0131591 
-0.0598 0.0701985 0.000849691 
-0.008347510000000001 0.0002 -0.000455858 
-0.00618757 0.0464095 0.00360234 
-0.0539032 0.0694982 0.0198379 
-0.0481264 0.0704 0.0172068 
-0.0361489 0.0002 0.00745319 
-0.0185414 0.0484469 0.00479061 
-0.0598 0.0424321 0.00106928 
-0.055 0.071405 -0.00285513 
-0.004398 0.0553727 0.0082974 
-0.0303 0.0575822 -0.0007171290000000001 
-0.0561068 0.0660901 0.0110047 
-0.009853270000000001   0.01 0.008531499999999999 
-0.028105 0.0452 0.00426157 
-0.00105092 0.00892546 0.00490709 
-0.046491 0.0245405 0.0129882 
-0.0216942 0.0452 0.00768656 
-0.0135914 0.00910035 0.00265744 
-0.0598 0.0324705 0.012638 
-0.0569045 0.0641533 -0.0025731 
-0.0130875 0.0530144 0.0119465 
-0.0158423 0.0551699 0.00767789 
-0.0475568 0.0248856 -0.0141928 
-0.0444332 0.0591486 0.0210304 
-0.0371562 0.0579818 -0.01482 
-0.0598 0.0412189 -0.008102939999999999 
-0.0598 0.07281410000000001 -0.0134027 
-0.0499189 0.0268049 0.0168627 
-0.0247544 0.0496692 0.0104621 
-0.0522837 0.06450350000000001 0.0112154 
-0.0464497 0.06516 -0.00974507 
-0.0559466 0.0844 -0.00385471 
-0.0363849 0.0644892 0.00596993 
-0.0434764 0.0528747 -0.0159392 
-0.0439602 0.0203616 0.0101276 
-0.0163199   0.01 -0.00116201 
-0.0598 0.07939880000000001 -0.00179442 
-0.0598 0.0560036 -0.0121006 
-0.0485212 0.0678797 0.0163 
-0.0518829 0.0443906 -0.0191662 
-0.0182514 0.0496461 0.00401995 
-0.0395683 0.0257562 -0.00516355 
-0.0497567 0.0409305 0.0166795 
-0.0598 0.0378394 -0.00898697 
-0.0291079 0.0106465 0.00593463 
-0.00517829 0.0002 0.00219336 
-0.0598 0.0501297 0.0110636 
-0.01928 0.0488713 0.0110375 
-0.0598 0.0615461 -0.0176236 
-0.0598 0.0365263 -0.00389518 
-0.0288554 0.0067949 -0.0103438 
-0.0134762 0.0533969 -0.0119074 
-0.042092 0.0756781 0.0182 
-0.0598 0.0585072 0.0161944 
-0.059718 0.0121473 -0.00626446 
-0.0303 0.06404890000000001 0.009991369999999999 
-0.0598 0.0156115 0.016018 
-0.0590798 0.0733092 -0.0205815 
-0.0564258 0.0459842 -0.0123562 
-0.03371 0.0115 0.0081618 
-0.0596785 0.0403667 0.017548 
-0.0598 0.0615617 -0.0167394 
-0.0267442 0.0564 -7.724109999999999e-05 
-0.0326961 0.0118476 -0.008045490000000001 
-0.0108582 0.0484 0.00131019 
-0.0285925 0.0115 0.00457358 
-0.0288219 0.048694 -0.0103353 
-0.0597845 0.0816926 -0.0172098 
-0.0598 0.0399721 0.00916168 
-0.05974 0.0433639 -0.0172964 
-0.0548819 0.0249299 0.0197102 
-0.0401378 0.036616 0.00580725 
-0.0365824 0.07014239999999999 0.0206813 
-0.0273028 0.0115 -0.00128851 
-0.0598 0.0448535 -0.0116067 
-0.0592406 0.0110954 -0.0088553 
-0.0598 0.0558207 -0.000123253 
-0.0321404 0.06491 0.0108004 
-0.0176116 0.008219280000000001 0.00349358 
-0.00322535 0.0006900539999999999 0.00599762 
-0.0562403 0.00950495 -0.0188506 
-0.00958497 0.053757 -0.00552722 
-0.0346968 0.0609098 -0.0125691 
-0.0144168 0.0464 -0.00941031 
-0.0382296 0.0359783 0.00365043 
-0.0274475 0.0452 -0.00269511 
-0.0339457 0.0654 -0.009297049999999999 
-0.0364976 0.0303556 -0.00169273 
-0.007960989999999999 0.000448708 0.00240839 
-0.0598 0.0260742 0.0144921 
-1.8765e-05 0.0506935 -0.0005556890000000001 
-0.053437 0.0638561 -0.022981 
-0.055 0.0771038 -0.0080187 
-0.0330736 0.0116157 -0.00902006 
-0.0124482 0.0529472 0.00181457 
-0.0503032 0.0213073 -0.0172971 
-0.0304273 0.0571408 0.0101919 
-0.0598 0.074027 0.0161343 
-0.0429505 0.0746399 0.0182 
-0.0325337 0.0526764 -0.0117387 
-0.0462069 0.00536922 0.0169874 
-0.0358431 0.0607483 0.0133913 
-0.0545985 0.00681659 -0.0125926 
-0.0380464 0.0145 -0.00959029 
-0.055 0.0806731 0.0115887 
-0.053017 0.0686499 -0.0155 
-0.0496667 0.0662097  0.023 
-0.055 0.0810592 0.0136535 
-0.0523227 0.0479398 0.019335 
-0.0447698 0.0319921 -0.0110427 
-0.055 0.0828743 0.00507894 
-0.0561039 0.06342830000000001 0.0130866 
-0.0426648 0.0798923 0.0182 
-0.0280898 0.0533219 -0.0101996 
-0.0399946 0.0206061 0.0056454 
-0.0598 0.07949580000000001 -0.0133315 
-0.0458581 0.0639453 0.0136145 
-0.0425862 0.0389273 0.00857462 
-0.0248765 0.00429317 -0.0104492 
-0.0485473 0.0125488 -0.0178857 
-0.00337589   0.01 0.00607134 
-0.0598 0.05637 0.00688374 
-0.0561133 0.0305741 -0.0197102 
-0.056767 0.008769030000000001 -0.0131514 
-0.0439712 0.0678685  0.023 
-0.0462813 0.0706802 -0.023 
-0.0447741 0.0498018 -0.0164374 
-0.0582793 0.0101307 0.014286 
-0.00731973 0.0516074 -0.00138791 
-0.0504595 0.0177629 -0.0174738 
-0.0598 0.0663362 -0.00620083 
-0.00411086 0.00531429 -0.00904128 
-0.00839282   0.01 -0.0102904 
-0.0399761 0.06541660000000001 0.0163 
-0.0575923 0.0587971 -0.0207094 
-0.0417058 0.0425 0.00870841 
-0.0413606 0.0721325 0.0182 
-0.0192171 0.009271400000000001 -0.0110441 
-0.0597219 0.0815124 0.0188792 
-0.0598 0.0716632 0.00315147 
-0.0236912 0.0563406 0.00814519 
-0.0463137 0.0654 2.85942e-06 
-0.0407869 0.0607282 0.0220984 
-0.055495 0.047395 -0.0126194 
-0.055 0.0748581 -0.00848136 
-0.0470781 0.063621 0.0132833 
-0.0547986 0.0720452 -0.0197503 
-0.0357905 0.0425 -0.00115745 
-0.0157389 0.00664987 -0.00599469 
-0.0425599 0.0454007 -0.0155874 
-0.0466587 0.07763929999999999 -0.023 
-0.0352849 0.0654 -0.008684010000000001 
-0.0598 0.0439011 0.0138895 
-0.000692713 0.008999999999999999 0.00242333 
-0.0370027 0.0425 -0.008811090000000001 
-0.0597973 0.0808495 0.0180867 
-0.0431227 0.013734 -0.0158034 
-0.0389654 0.0654 0.00151681 
-0.0598 0.0382387 -0.0104167 
-0.0543799 0.00661969 0.015491 
-0.0593491 0.064316 -0.0131931 
-0.0409604 0.0479543 -0.0149734 
-0.055 0.08273899999999999 -7.67875e-05 
-0.0570628 0.06490410000000001 -0.0018064 
-0.0366768 0.042588 -0.00989779 
-0.0427984 0.0481054 0.015679 
-0.0193273   0.01 -0.00635237 
-0.0514474 0.0453926 -0.018999 
-0.0598 0.0460516 0.00522687 
-0.008459690000000001 0.0464 0.0090483 
-0.0598 0.0436505 -0.00245131 
-0.038302 0.0431164 -0.0132521 
-0.017838 0.0533186 0.011189 
-0.0598 0.0675393 -0.008229149999999999 
-0.0361415 0.0002 -0.00437426 
-0.0597962 0.0164842 -0.0167968 
-0.0325872 0.0436128 -0.00441308 
-0.0567213 0.0347586 -0.0197102 
-0.055 0.0787293 -0.000164975 
-0.055 0.07922559999999999 0.00166261 
-0.0598 0.0601475 0.00613986 
-0.0489875 0.010552 -0.0180547 
-0.047528 0.000472442 0.0138351 
-0.0471558 0.08160100000000001 0.0229913 
-0.0509454 0.07099610000000001 -0.0188888 
-0.00461225 0.0513557 -0.00584617 
-0.0545695 0.07931870000000001 0.0163 
-0.0104086   0.01 -0.00510963 
-0.0104436 0.00501922 0.0118969 
-0.0552 0.0597969 -0.021543 
-0.027578 0.00546707 0.0101784 
-0.0344253 0.0646954 0.00618053 
-0.0152135 0.0499 -0.00363033 
-0.0224887 0.0563479 -0.00823775 
-0.0598 0.0445104 -0.0119556 
-0.0432541 0.0654 -0.00789538 
-0.0464354 0.0002 0.00503511 
-0.0596799 0.0529683 0.0175435 
-0.0213941 0.0002 -0.00584446 
-0.0459719 0.0316775 0.0124015 
-0.0181392 0.0499 0.00319562 
-0.0585093 0.0708184 -0.0213459 
-0.0552795 0.0460011 0.0197102 
-0.0382595 0.0697757 0.0163 
-0.0585873 0.0458885 0.0191166 
-0.0382344 0.0770899 0.0222887 
-0.0429655 0.06654939999999999 -0.0167 
-0.0457438 0.0019336 0.0164453 
-0.0411739 0.0824 0.0205364 
-0.0505555 0.0122068 -0.0186566 
-0.0598 0.0772897 -0.0139271 
-0.0544327 0.0379356 0.0197102 
-0.0598 0.0605584 0.00909828 
-0.0481023 0.06321060000000001 -0.00386428 
-0.0555612 0.07487240000000001 -0.0100387 
-0.0596685 0.0269041 -0.0175794 
-0.0550243 0.00719997 -0.0054465 
-0.0520126 0.0564195 -0.019216 
-0.0474404 0.0353406 0.0140613 
-0.00699184 0.0520886 0.008744689999999999 
-0.0305582 0.0452 -0.00825379 
-0.0555733 0.06538430000000001 -0.00608399 
-0.044847 0.00541535 0.0164653 
-0.042446 0.0704 0.0166317 
-0.0540668 0.0654 -0.0146623 
-0.0187501 0.0499839 -0.00292922 
-0.0573236 0.0610714 -0.0222743 
-0.0520186 0.0255868 -0.0192183 
-0.0274427 0.0452 0.00304045 
-0.0451604 0.0190405 0.0114843 
-0.0507199 0.0134936 0.0187197 
-0.0224933 0.0002 0.00574793 
-0.0379819 0.0827635 -0.0217173 
-0.00698642   0.01 -0.00708091 
-0.0492213 0.00197492 -0.0119789 
-0.00207896   0.01 0.00574552 
-0.0595809 0.0825183 -0.00800093 
-0.0303 0.0578155 -2.55059e-05 
-0.0598 0.060935 0.0126696 
-0.0231333 0.0452 -0.00410222 
-0.0109134 0.0484 0.00147168 
-0.0305143 0.0654 0.00974233 
-0.0358 0.0633749 -0.017598 
-0.0598 0.0134065 -0.00289461 
-0.0080672 0.0511104 -0.00734135 
-0.0241304 0.0452 0.0016605 
-0.0363877 0.0654 -0.00914562 
-0.0352401 0.040558 -0.0002714 
-0.0135287 0.0535229 0.000467486 
-0.015278 0.054592 0.0028323 
-0.0104041 0.00695448 -0.0118904 
-0.00387405 0.0002 0.000740113 
-0.0491081 0.024636 0.0159464 
-0.0518 0.07469140000000001 0.0167382 
-0.0412475 0.0425 -0.00922691 
-0.00505693 0.0503503 0.00328425 
-0.0403934 0.07097729999999999 0.0229833 
-0.055315 0.056822 -0.0197102 
-0.0479449 0.0186681 -0.0146315 
-0.0476758 0.0195271 0.0143274 
-0.0380816 0.0687513 0.0163 
-0.0394583 0.036601 -0.00503923 
-0.0570799 0.08427279999999999 -0.0197154 
-0.0597633 0.0275378 -0.0171687 
-0.048907 0.00502814 -0.0177474 
-0.0260853 0.009548299999999999 0.0103222 
-0.0545298 0.065372 -0.023 
-0.0427158 0.00617571 -0.0156473 
-0.00365116   0.01 -0.00526385 
-0.055 0.0827321 -0.0136777 
-0.0598 0.0513879 0.0142571 
-0.0598 0.070837 0.0100182 
-0.00783115   0.01 -0.0104786 
-0.047542 0.016923 0.0141762 
-0.0546258 0.00686329 0.0165512 
-0.0199249 0.00256371 -0.0108983 
-0.0443015 0.076196  0.023 
-0.0598 0.048691 -0.0139744 
-0.0598 0.0434677 -0.0152283 
-0.0185973 0.0466009 0.0111092 
-0.0342504 0.00556089 -0.0123977 
-0.0597105 0.08155560000000001 0.0189388 
-0.0272296   0.01 0.009415140000000001 
-0.0483416 0.0650152 0.00650705 
-0.0598 0.0369801 0.0147857 
-0.0480839 0.0444465 -0.0177079 
-0.0598 0.06989570000000001 -0.0138286 
-0.052008 0.00448405 0.0141856 
-0.0484946 0.0581367 0.0199698 
-0.0195628 0.0464 0.00552952 
-0.009242759999999999 0.0502298 -0.00355467 
-0.008022670000000001   0.01 0.0105724 
-0.0175441 0.0527306 0.00820183 
-0.0151941 0.0523559 -0.0115635 
-0.0597993 0.0814163 -0.0111328 
-0.0476394 0.0683511 -0.0167 
-0.0598 0.0776507 0.00948703 
-0.0377049 0.055539 -0.0137238 
-0.0341717 0.0625395 -0.0123675 
-0.0551515 0.00731446 -0.00530391 
-0.055 0.08214 -0.00559198 
-0.0364009 0.0712569 0.0203713 
-0.0393595 0.064766 -0.0101474 
-0.0506859 0.00329362 -0.00546054 
-0.0366297 0.0806335 -0.020751 
-0.0358671 0.0444654 -0.0120548 
-0.00477543 0.00977637 0.00337637 
-0.0431445 0.00404736 0.0158118 
-0.0570759 0.073528 -0.0224468 
-0.0261192 0.0002 -0.00421465 
-0.0382237 0.000269968 -0.0113892 
-0.00686264 0.00769785 -0.00285451 
-0.0496 0.0821501 -0.0165662 
-0.0108698 0.0002 0.00378162 
-0.0598 0.0355231 -0.000802028 
-0.00135024   0.01 0.00515628 
-0.0478303 0.0614547 -0.0224337 
-0.057249 0.08436390000000001 0.0188462 
-0.0513847 0.0283236 -0.0185195 
-0.0467347 0.0817152 0.0182 
-0.0498645 0.07485070000000001 -0.023 
-0.0423262 0.07240149999999999 -0.023 
-0.00899516 0.053285 0.0116139 
-0.0436576 0.0371069 -0.00978566 
-0.0559277 0.0668646 0.0117956 
-0.0338123 0.06222 -0.0122295 
-0.0424882 0.0145 0.012542 
-0.00309677 0.008999999999999999 0.000977028 
-0.0591053 0.0692087 0.0205412 
-0.0057788 0.0464 0.009653180000000001 
-0.00468016 0.000235456 -0.0036596 
-0.0528494 0.0743322  0.023 
-0.0595669 0.072963 -0.019493 
-0.0383014 0.0631603 -0.00358711 
-0.0527266 0.0152199 -0.01949 
-0.0138883 0.0464 -0.0083494 
-0.044175 0.0618564 -0.0225792 
-0.0450935 0.0694198 -0.023 
-0.0598 0.0203996 0.00752845 
-0.02684   0.01 -0.00623981 
-0.0516174 0.040574 0.0187826 
-0.055 0.082259 0.0134675 
-0.0593347 0.0761983 0.020106 
-0.0216612 0.00649825 0.0107872 
-0.0395979 0.0002 0.00110045 
-0.0261478 0.0105542 0.00342789 
-0.009689359999999999   0.01 -0.008848079999999999 
-0.0510941 0.07312970000000001 -0.023 
-0.0564129 0.0844 -0.000940382 
-0.0195583 0.00499994 -0.00425582 
-0.02635 0.0002 -0.00526403 
-0.00142621 0.0518816 -0.00566911 
-0.0518997 0.0604633 0.021963 
-0.027948 0.00817156 -0.0101865 
-0.0521761 0.06351179999999999 0.0229451 
-0.0422866 0.0704 0.0172899 
-0.00569331 0.0522542 -0.0102072 
-0.0598 0.0411923 0.00965192 
-0.0598 0.0537832 -0.0121178 
-0.0593509 0.0339958 -0.0182843 
-0.0510017 0.070841 -0.0194563 
-0.0576753 0.051479 -0.0195789 
-0.0319236 0.0119776 -0.00657489 
-0.0415984 0.075654 -0.023 
-0.023178 0.0454677 -0.0106278 
-0.0164045 0.0524873 -0.0113397 
-0.0489466 0.0365283 -0.0157638 
-0.0415527 0.00516253 0.0152008 
-0.0439026 0.067984  0.023 
-0.0598 0.0454861 -0.0117429 
-0.0598 0.0494903 0.00914123 
-0.0168302 0.009779009999999999 -0.0112949 
-0.00615857 0.0522258 -0.00738948 
-0.0534397 0.0747766 -0.0155 
-0.0579546 0.0694757 -0.0218785 
-0.0189397 0.0552681 0.00677106 
-0.00122726 0.000790143 -0.000128623 
-0.0429789 0.0301195 -0.009018490000000001 
-0.00935299 0.00430663 -0.00354463 
-0.0323453 0.00117193 -0.010817 
-0.0262912 0.0499641 0.0103006 
-0.0293013 0.0452 0.00562571 
-0.0553697 0.0844 -0.0194348 
-0.052931 0.00562401 0.0168334 
-0.0381626 0.0208263 -0.00357467 
-0.0581482 0.0840771 -0.00424387 
-0.0598 0.036202 -0.00397153 
-0.0036748 0.008999999999999999 0.0009945290000000001 
-0.0598 0.07083390000000001 -0.00919477 
-0.0496349 0.0459975 0.0183033 
-0.0539296 0.06425160000000001 0.00572734 
-0.00737782 0.0549137 0.0106258 
-0.0489386 0.0585657 -0.0204675 
-0.0598 0.0277792 0.00348233 
-0.0133831 0.0560419 0.0103161 
-0.0526186 0.0469903 -0.0194486 
-0.0596298 0.0823931 -0.0115025 
-0.0195588 0.0501431 0.00425862 
-0.0597951 0.0127198 0.0134508 
-0.0412287 0.0002 -0.00364977 
-0.0222516 0.0564 -0.00171769 
-0.0568273 0.0734653 0.00492435 
-0.055 0.08061359999999999 0.0113301 
-0.055 0.071621 -0.0043138 
-0.0598 0.0350618 -0.0120878 
-0.0598 0.0667059 -0.0173007 
-0.0253218 0.055196 -0.00979942 
-0.0512845 0.0670531 0.0185 
-0.0462791 0.0780933  0.023 
-0.0103621 0.0563351 0.009460339999999999 
-0.0578953 0.0666726 -0.0107995 
-0.0522331 0.0639431 0.00541224 
-0.0518759 0.0660545 0.0206152 
-0.0452058 0.00591972 0.0166031 
-0.0598 0.0274774 0.00621926 
-0.0579073 0.0518664 -0.0194977 
-0.0379253 0.08008029999999999 0.0220901 
-0.0309445 0.0456171 0.0111287 
-0.0423554 0.038097 -0.00831371 
-0.0306919 0.0642804 0.00324326 
-0.0513878 0.0349109 -0.0185231 
-0.0439949 0.0813827 -0.023 
-0.007947050000000001 0.000206864 -0.0082024 
-0.0598 0.0714669 -0.0174051 
-0.0380006 0.0046945 -0.0138373 
-0.0547173 0.0639887 -0.00274113 
-0.0578759 0.0469202 -0.0195099 
-0.0445387 0.0348139 0.0107816 
-0.0404917 0.0137846 0.0125973 
-0.0422135 0.0355016 -0.00815335 
-0.0598 0.0615182 -0.008460260000000001 
-0.0472015 0.0809599  0.023 
-0.0522299 0.0654 0.008934650000000001 
-0.0363123 0.0704 0.0177854 
-0.0554496 0.0716352 0.0229564 
-0.0256406 0.0115 -0.000622452 
-0.0300694 0.0564 0.00215532 
-0.0175542 0.0002 0.00122719 
-0.0154142   0.01 0.00645978 
-0.0549759 0.0744798 -0.0155 
-0.0459841 0.0500666 0.0169018 
-0.0246041 0.00155354 -0.00997992 
-0.0142363 0.0002 -0.00601976 
-0.0102599 0.0564 0.00399547 
-0.055 0.0728738 -0.00596768 
-0.00431444 0.00105726 0.00799827 
-0.0466168 0.0368013 -0.0131304 
-0.0396714 0.0439607 0.0132453 
-0.0596728 0.06432880000000001 -0.00500612 
-0.0462533 0.0242824 -0.0127195 
-0.0440185 0.00662091 -0.0161473 
-0.0407101 0.077926 -0.0167 
-0.00975002 0.000361944 0.00492757 
-0.0508665 0.0680419 0.018799 
-0.0159403 0.00316205 -0.00212159 
-0.0322294 0.00635325 0.0116219 
-0.000611875 0.009801529999999999 0.00340153 
-0.0459795 0.0684535 -0.0167 
-0.0524021 0.0678655 -0.0155 
-0.0598 0.0700284 0.0148426 
-0.055 0.0829444 0.00982003 
-0.0510206 0.0720587 -0.0155 
-0.0398161 0.0836629 -0.0218412 
-0.0591326 0.06329070000000001 0.00474602 
-0.0489949 0.0668256  0.023 
-0.0598 0.0639841 -0.00140672 
-0.0167206 0.0005346870000000001 0.008574709999999999 
-0.0372855 0.0145 0.00409921 
-0.0433345 0.035232 0.009420390000000001 
-0.0175301 0.0546035 0.008216070000000001 
-0.0598 0.0335474 0.0165472 
-0.0468097 0.0841243 -0.0212548 
-0.0543785 0.0205006 0.0126834 
-0.0217084 0.0002 0.00212582 
-0.0235557 0.0002 -0.00170951 
-0.0572099 0.07527540000000001 0.00222721 
-0.0330117 0.0002 -0.00274964 
-0.0148481 0.00799417 0.0116541 
-0.0408473 0.0348034 -0.00660915 
-0.0557046 0.00781245 -0.0111146 
-0.0195853 0.0564 0.00651666 
-0.0598 0.0690269 -0.00621844 
-0.043672 0.0145 0.0140613 
-0.0473086 0.0646844 -0.0102308 
-0.0275146 0.0498099 -0.0101825 
-0.055962 0.00804421 0.00924548 
-0.0598 0.06873310000000001 -0.00673291 
-0.0256595 0.00984405 0.0103669 
-0.0419033 0.0002 0.010187 
-0.0545211 0.0324158 -0.0197102 
-0.055 0.08061749999999999 0.0017436 
-0.0546584 0.0832137 -0.0223861 
-0.0377707 0.063665 0.0133283 
-0.04558 0.0426056 -0.0167467 
-0.0556715 0.00778271 0.00048819 
-0.0325746 0.0605015 0.0117544 
-0.0577203 0.0657913 0.00650037 
-0.00391098 0.0564 -0.00165663 
-0.0574306 0.064289 -0.0222499 
-0.0464186 0.0002 -0.00583148 
-0.0577226 0.021893 0.0130849 
-0.0427969 0.0741564 0.0182 
-0.0598 0.0268336 0.00165073 
-0.0182868 0.00838525 0.00582648 
-0.0257334 0.0452 -0.00637439 
-0.0598 0.0539259 -0.009252730000000001 
-0.0328416 0.0452 0.0102108 
-0.0323552 0.0474054 -0.0116702 
-0.032716 0.0002 0.000325138 
-0.0155519 0.0499 0.00377663 
-0.0598 0.0612589 0.008194450000000001 
-0.052225 0.0754861 -0.0155 
-0.0558883 0.0844 0.0158482 
-0.0501364 0.0547145 -0.0184957 
-0.0418639 0.0745962  0.023 
-0.036337 0.06738520000000001 0.0202521 
-0.0555222 0.0659824 0.0145053 
-0.0528475 0.00523996 -0.0106138 
-0.0482742 0.0654 -0.000316622 
-0.0116926 0.0519377 0.00195531 
-0.0577194 0.0732636 0.00428164 
-0.0195316 0.00368635 -0.00573235 
-0.0464515 0.0800652 0.0182 
-0.00345476   0.01 0.00709651 
-0.0558649 0.0844 -0.0131991 
-0.0426927 0.0120703 0.0156384 
-0.0518824 0.0708251  0.023 
-0.055 0.07113899999999999 0.00739715 
-0.0582781 0.07540570000000001 0.0150942 
-0.0552491 0.06526270000000001 0.00675978 
-0.0486289 0.0422452 0.0154047 
-0.0598 0.0306624 -0.00590648 
-0.00508935 0.0065 0.00481756 
-0.0434476 0.0002 -0.00853163 
-0.0566639 0.0844 -0.0134354 
-0.0503043 0.0744993 0.0182 
-0.0555684 0.0766194 -0.0229377 
-0.0107575 0.0002 -0.00266673 
-0.0150692 0.047241 0.000737076 
-0.0598 0.0805192 0.002198 
-0.0598 0.0593401 -0.00429597 
-0.0597937 0.0815453 0.0115926 
-0.00856081 0.009845390000000001 -0.0054739 
-0.036775 0.0654 0.00705725 
-0.0595141 0.0115621 0.0148231 
-0.0566135 0.00863089 0.008420189999999999 
-0.0442265 0.063942 0.00358886 
-0.0598 0.0479012 -0.0147835 
-0.0595279 0.0826462 -0.0141457 
-0.0560266 0.0844 0.012189 
-0.00756 0.0564 0.00165308 
-0.00159142   0.01 0.00570131 
-0.0370649 0.0145 -0.00786971 
-0.0594124 0.0349302 0.0181827 
-0.0392993 0.0453236 0.0143358 
-0.0589237 0.016499 0.018829 
-0.0447705 0.0651262 -0.023 
-0.0427994 0.06785430000000001 -0.0167 
-0.0239875   0.01 -0.00227788 
-0.00268416 0.0560488 0.00461727 
-0.0365864 0.0824 0.0184816 
-0.056371 0.0844 -0.00393215 
-0.0270611 0.046309 -0.0102196 
-0.0369511 0.06482019999999999 0.0211894 
-0.0563506 0.0771727 -0.00428981 
-0.0375814 0.0592459 0.0194639 
-0.04677 0.0280035 -0.0133035 
-0.0598 0.0643354 0.0022632 
-0.0450344 0.0613251 0.0223772 
-0.0598 0.0375341 -0.00901852 
-0.0591941 0.08320329999999999 -0.0178132 
-0.031296 0.0002 -0.004126 
-0.0431089 0.07851379999999999  0.023 
-0.0408984 0.0425 0.009777579999999999 
-0.0181086 0.0541644 -0.0022741 
-0.0379643 0.0331483 0.00335053 
-0.0373371 0.0630677 0.0126816 
-0.0400019 0.0784334 0.0182 
-0.0595625 0.0508466 0.0178729 
-0.0598 0.0156269 -0.00346849 
-0.0394166 0.0771025 0.0182 
-0.00557824 0.0483574 -0.0101306 
-0.010478 0.0484 0.0020059 
-0.0408425 0.0286195 -0.00660375 
-0.055 0.0718114 0.00411435 
-0.0477831 0.0649647 0.00645549 
-0.0371471 0.0161976 -0.00242688 
-0.0584676 0.0103092 -0.0168615 
-0.0163684 0.0550721 -0.00758381 
-0.0301674 0.00152866 0.010283 
-0.0419959 0.0771027 -0.0167 
-0.0266802 0.048117 0.0102597 
-0.0355359 0.0016551 0.0124302 
-0.0460099 0.0297442 0.0124445 
-0.0598 0.0230338 0.0138943 
-0.0524465 0.0318747 -0.0193825 
-0.055 0.0822639 -0.0147289 
-0.0598 0.0581331 -0.00406707 
-0.0296729 0.0562994 0.00826526 
-0.0142535 0.055579 -0.00504223 
-0.0563451 0.0637431 -0.011192 
-0.00465285 0.0464 0.009333320000000001 
-0.0559862 0.07368719999999999 -0.00304907 
-0.017783 0.0491713 -0.00631412 
-0.035946 0.0397341 -0.0010693 
-0.00618849 0.00563049 -0.0104944 
-0.0598 0.0276437 -0.0143685 
-0.0455667 0.0654 -0.00790096 
-0.04727 0.0209078 0.0138687 
-0.0581401 0.0467331 -0.0117129 
-0.0584021 0.06482019999999999 0.010892 
-0.00664162 0.047061 -0.00293903 
-0.0366464 0.0654 0.00791588 
-0.0127669   0.01 0.0114885 
-0.0590783 0.0108879 0.0106998 
-0.0368665 0.0140815 -0.0102335 
-0.0410294 0.0731093  0.023 
-0.0223509 0.0497611 0.0107147 
-0.007899059999999999 0.0513613 -0.00740498 
-0.0256025 0.050806 -0.0103729 
-0.0448288 0.00274312 -0.0164188 
-0.0164136 0.00584461 0.00230571 
-0.00365514 0.00732423 -0.008615350000000001 
-0.0309687 0.0654 0.00122551 
-0.0303 0.060706 0.0088752 
-0.0311826 0.00532884 -0.0112201 
-0.0177646 0.0464 -0.00752472 
-0.0422039 0.02009 -0.00814253 
-0.0598 0.0606381 0.011383 
-0.00808032 0.009510370000000001 0.00311037 
-0.05165 0.0462705 0.0190768 
-0.000628401 0.00428676 -0.00382457 
-0.008487069999999999 0.000201865 -0.00832959 
-0.0220107   0.01 0.000216918 
-0.0598 0.0256121 -0.0050206 
-0.0351216 0.063485 0.00494449 
-0.055 0.0784379 -0.0102779 
-0.0361348 0.0380862 0.00128271 
-0.0374239 0.0819901 -0.0215991 
-0.0547985 0.0829366 -0.0225747 
-0.0598 0.0360849 -0.0132502 
-0.0383134 0.0802459 0.0182 
-0.0481765 0.033439 0.0148933 
-0.0413821 0.0002 -0.000780532 
-0.0352334 0.0427778 -0.008097429999999999 
-0.0404136 0.0482274 -0.0147635 
-0.0252806 0.0548355 0.0100364 
-0.0200219 0.0020459 -0.0107247 
-0.00214367 0.0464 -0.00558609 
-0.0296559   0.01 0.008921419999999999 
-0.0143189 0.0543861 -0.004353 
-0.0445149 0.0425 -0.0131219 
-0.039331 0.07875 0.022775 
-0.0590634 0.0833662 0.00902905 
-0.0457536 0.0636258 -0.0113117 
-0.000255054 0.0495819 -0.00244892 
-0.0131044 0.0564 -0.00723044 
-0.0360911 0.0597229 -0.0149726 
-0.039077 0.0806277 -0.0226931 
-0.0469582 0.0187911 0.0135163 
-0.03459 0.0642728 0.0114511 
-0.0175703 0.00667451 -0.0112172 
-0.0373618 0.0662587 -0.0216247 
-0.0113442 0.008922670000000001 -0.0119744 
-0.008637570000000001 0.009136419999999999 0.00475897 
-0.0243994 0.00954146 0.0104994 
-0.0598 0.0364088 0.0156862 
-0.0283757 0.0554973 0.0093685 
-0.0598 0.0744889 -0.000176628 
-0.0181217 0.0485081 0.00386272 
-0.0445399 0.06332169999999999 0.0129777 
-0.000614349 0.00300301 0.00374997 
-0.0135525   0.01 -0.00950343 
-0.0542716 0.0837331 -0.0218828 
-0.055 0.0803349 0.0123436 
-0.0220132 0.0070619 0.0107502 
-0.0350331 0.00690174 -0.0126982 
-0.0598 0.0561646 0.016514 
-0.0161484 0.00863221 -0.0113666 
-0.016995 0.0499 0.007946959999999999 
-0.0371206 0.0219015 -0.00239691 
-0.009566420000000001 0.0464 0.0054206 
-0.0598 0.0482023 0.0141321 
-0.0525378 0.07357420000000001 -0.0226481 
-0.009072780000000001 0.0499 0.00344514 
-0.00643917 0.048717 -0.00642682 
-0.0371902 0.0654 0.00105265 
-0.0378127 0.0591247 0.0196001 
-0.0598 0.0293682 -0.00531724 
-0.0390778 0.0785019 -0.0167 
-0.0598 0.0428852 -0.011021 
-0.055 0.0740329 -0.009219629999999999 
-0.0399089 0.0283914 0.00554851 
-0.00636581 0.0499 -0.00661295 
-0.00814081 0.046607 -0.00377657 
-0.0367531 0.00026287 0.0107897 
-0.0443621 0.06731669999999999  0.023 
-0.00122563 0.00984048 -0.00526268 
-0.0598 0.0792921 -0.00672021 
-0.0421769 0.07278279999999999 -0.0167 
-0.0598 0.0301961 0.0103036 
-0.0532352 0.0826456 -0.0227281 
-0.0479479 0.0596264 -0.0214119 
-0.0598 0.049699 0.0128605 
-0.00240155 0.000265199 0.000438219 
-0.0261241 0.0002 0.00676247 
-0.0597087 0.0464897 -0.017442 
-0.0404191 0.0654 0.007875429999999999 
-0.0496364 0.0283667 0.0165434 
-0.017044 0.00614085 -0.00118697 
-0.0455145 0.0425 -0.0143426 
-0.0598 0.0130969 -0.0131254 
-0.0378978 0.0542757 0.0137978 
-0.0125767 0.0002 0.00682032 
-0.037813 0.0234188 0.00317951 
-0.00490946 0.0563793 -0.00347852 
-0.0479807 0.0578398 -0.0195778 
-0.0509474 0.0468099 0.0188071 
-0.0147858 0.0499 -0.00564003 
-0.055 0.0774787 -0.0135133 
-0.036212 0.0351092 0.00136987 
-0.0120763 0.0564 0.0033952 
-0.0160559 0.0498032 0.00362373 
-0.0309432 0.0115 -0.00740504 
-0.0017733 0.0484 -0.0021447 
-0.0598 0.0614415 -0.0167673 
-0.0395357 0.0322681 0.00512672 
-0.0360707 0.0345756 0.00121015 
-0.0163961 0.0488283 -0.00322827 
-0.0384066 0.063384 0.00415863 
-0.0598 0.0173554 0.00736953 
-0.0396468 0.0447305 -0.0144692 
-0.0598 0.0204404 0.000287047 
-0.0411295 0.058596 -0.0204964 
-0.0305469 0.06328010000000001 -0.0102745 
-0.0374193 0.024266 -0.00273446 
-0.0598 0.0408658 -0.00596045 
-0.0126981 0.0564 -0.00653037 
-0.0360964 0.0683517 -0.0196937 
-0.0562995 0.0157185 -0.0197102 
-0.0422516 0.0388057 0.008196429999999999 
-0.0583711 0.0102134 0.00685669 
-0.0598 0.0209419 -0.0112784 
-0.0168363 0.00289409 0.00869287 
-0.0426996 0.0762014  0.023 
-0.0318794 0.00457906 0.0114875 
-0.0579479 0.0473539 -0.0129587 
-0.0248642 0.0452 0.000535394 
-0.0598 0.0397008 0.00520573 
-0.0363482 0.0701827 -0.0202663 
-0.046097 0.0241905 0.0125429 
-0.0598 0.0532729 -0.00771214 
-0.0514699 0.0638152 -0.0229783 
-0.0253795 0.0452 -0.00934688 
-0.0292011 0.0547958 -0.0100922 
-0.0131149 0.008999999999999999 -0.000483288 
-0.0303 0.0564603 -0.008359159999999999 
-0.0286442   0.01 0.008880219999999999 
-0.0293242 0.0115 -0.00218949 
-0.0587339 0.0639052 -0.0028264 
-0.0359811 0.0135003 -0.00996028 
-0.0074323 0.00287153 -0.0076202 
-0.0157213 0.0002 0.00216304 
-0.0597908 0.0126167 0.00839139 
-0.0598 0.0506835 -0.00994366 
-0.0598 0.08132250000000001 -0.00897128 
-0.0358212 0.06698320000000001 0.0175506 
-0.037708 0.0348056 0.00306086 
-0.0598 0.0189016 -0.0034903 
-0.0582548 0.0749755 0.00253351 
-0.0524842 0.08422929999999999 -0.0209938 
-0.0320181 0.0002 -0.00538856 
-0.0218396 0.046322 -0.00224128 
-0.0116732 0.0528587 0.00193594 
-0.04307 0.06851119999999999 -0.023 
-0.0264124   0.01 0.00490407 
-0.0486424 0.0635199 -0.0123801 
-0.00836976 0.0492431 0.00585467 
-0.0351462 0.06526220000000001 -0.00595932 
-0.0538056 0.037275 0.0197102 
-0.0598 0.0437851 0.0135196 
-0.0483196 0.08432679999999999 -0.0206457 
-0.0581045 0.0667555 -0.00471577 
-0.0392336 0.0002 -0.00343006 
-0.0409321 0.0421041 0.00670506 
-0.0598 0.06788139999999999 -0.00227454 
-0.0142584 0.0563842 0.00476013 
-0.0598 0.0225255 -0.000307062 
-0.0536389 0.0826986 0.02129 
-0.0576811 0.0750773 0.00657044 
-0.0391594 0.0595491 0.0210017 
-0.0583956 0.0277714 -0.0192474 
-0.00515872 0.0519916 0.00673414 
-0.0383774 0.0607485 -0.0214005 
-0.0496961 0.00240244 0.00216106 
-0.00946202 0.00822851 -0.0117255 
-0.0252302 0.0002 -0.00451695 
-0.0560025 0.076515 -0.0106386 
-0.055 0.06764489999999999 -0.00511361 
-0.0598 0.0433639 -0.00476322 
-0.0550801 0.0650308 -0.00987698 
-0.0598 0.0406904 -0.00433777 
-0.0312145 0.0465151 -0.0112323 
-0.0520665 0.00453673 -0.0129378 
-0.055 0.0807659 0.0150068 
-0.0404889 0.07461669999999999 -0.0167 
-0.0326377 0.0113402 0.00892386 
-0.0552765 0.0207352 -0.0121537 
-0.0280781 0.0452 -0.00556179 
-0.0134941 0.0564 -0.00635131 
-0.0424043 0.0651051 -0.00579886 
-0.0397776 0.0783819 -0.0167 
-0.0598 0.0808285 -0.00442556 
-0.0595736 0.0740832 -0.0194718 
-0.0543501 0.07745249999999999  0.023 
-0.0267639 0.0002 -1.24469e-05 
-0.051942 0.0733799 -0.0194532 
-0.0338566 0.0445745 0.0069076 
-0.0313573 0.0654 0.00968988 
-0.0358558 0.0629528 0.0184243 
-0.0598 0.0573375 0.00929231 
-0.0233995   0.01 0.00655668 
-0.0136771 0.0045981 -0.0118818 
-0.0281328 0.0564 -0.00175489 
-0.0165669 0.00319369 0.00841777 
-0.0182651 0.00887398 0.0058602 
-0.0515564 0.0390355 0.0187137 
-0.0559225 0.08308889999999999 0.0224787 
-0.0598 0.0616201 -0.0102817 
-0.0358193 0.0618328 0.0131076 
-0.0316446 0.0469993 -0.0113974 
-0.0598 0.0450712 0.0134378 
-0.0438763 0.06384140000000001 0.0118916 
-0.0104893 0.00592092 0.011903 
-0.0212285   0.01 -0.00589146 
-0.049237 0.00777419 0.0181505 
-0.055 0.08244170000000001 -0.000290507 
-0.0394037 0.0416018 -0.00497747 
-0.0451162 0.0630677 0.0127184 
-0.0365046 0.0260613 0.00170064 
-0.0452858 0.0574585 0.0189745 
-0.010033 0.0464 -0.0101642 
-0.0598 0.06851119999999999 0.00841923 
-0.0525382 0.0706336 -0.0177 
-0.0474103 0.0161284 0.0140273 
-0.0466762 0.0844 -0.0184232 
-0.059755 0.0598456 0.0186573 
-0.0560807 0.0656933 -0.0140005 
-0.0350216 0.0153306 2.43772e-05 
-0.00309636   0.01 0.00752085 
-0.0323746 0.00291917 0.0116627 
-0.0452791 0.0354356 -0.0116184 
-0.0534038 0.0697204 0.0208978 
-0.0369066 0.0402798 -0.00215503 
-0.0195854 0.00134993 -0.00437533 
-0.0598 0.0619568 -0.000833362 
-0.0510814 0.0591577 0.0210401 
-0.0453921 0.000791865 0.0153748 
-0.0469238 0.059037 -0.0209296 
-0.009738149999999999 0.00499669 0.0051934 
-0.0539631 0.00624443 -0.0152363 
-0.0390014 0.06990159999999999 -0.0226618 
-0.0597895 0.07647379999999999 -0.0182393 
-0.0598 0.0353678 0.00775494 
-0.0363336 0.0595925 -0.0170691 
-0.0313773 0.0452 0.00981306 
-0.055 0.0701248 0.0154253 
-0.0426553 0.065363 0.0103378 
-0.0581372 0.0323906 -0.0193945 
-0.055 0.06643780000000001 0.0140591 
-0.058086 0.0473821 0.0128595 
-0.017515 0.0503789 -0.011223 
-0.0241876 0.0564 -0.00604947 
-0.055 0.071395 -0.00893671 
-0.0597568 0.0123297 -0.00934803 
-0.0024006   0.01 0.00395065 
-0.041906 0.0002 0.00292945 
-0.0567255 0.0737631 0.00522846 
-0.0598 0.031547 0.000101026 
-0.0227865 0.0564 0.00112371 
-0.0401214 0.0840124 -0.0214029 
-0.0229601 0.0452 0.008252539999999999 
-0.0540039 0.0804323 -0.0155 
-0.031768 0.0482544 -0.0114448 
-0.00459899 0.0499 0.00480532 
-0.0564207 0.06543359999999999 0.00686566 
-0.0598 0.0252435 0.00683643 
-0.054925 0.0472132 0.0131943 
-0.0442097 0.0264848 -0.0104096 
-0.0378178 0.0478753 0.0137671 
-0.024313   0.01 -0.00604134 
-0.0598 0.0465406 -0.00555075 
-0.0384383 0.00724 0.0140053 
-0.00972451 0.00615957 0.00530343 
-0.0354409 0.0176623 0.00049834 
-0.0361241 0.0305908 -0.00127055 
-0.0492808 0.0304465 -0.0161415 
-0.0537892 0.0125983 -0.0197102 
-0.020501   0.01 0.00354588 
-3.95418e-05 0.008820089999999999 -0.00093046 
-0.0136385 0.0564 -0.000367308 
-0.0598 0.0588013 0.0104889 
-0.0438657 0.021017 -0.0100208 
-0.0538266 0.00612156 -0.00357635 
-0.0459812 0.0143925 -0.0169007 
-0.0441336 0.0419984 0.0103236 
-0.0570303 0.009006129999999999 -0.00409782 
-0.0507203 0.0277371 -0.0177686 
-0.0565328 0.0736576 -0.00432069 
-0.054025 0.0446657 0.0197102 
-0.0598 0.0544167 -0.000604737 
-0.0367546 0.0521181 -0.013359 
-0.0395502 0.0277256 -0.00514302 
-0.0174899 0.0481353 0.00344391 
-0.0238669   0.01 0.00153372 
-0.0303 0.0570272 -0.00525384 
-0.0598 0.071813 -0.0146996 
-0.0375976 0.0655213 -0.0218391 
-0.0598 0.017364 -0.0122163 
-0.0214812 0.0564 -0.00403399 
-0.0598 0.0551316 0.0110797 
-0.0333318 0.0624763 0.0120451 
-0.0598 0.0493427 0.0063748 
-0.00844162 0.000691805 -0.00251156 
-0.0416373 0.0654 -0.0156882 
-0.0344714 0.0115 -0.0113203 
-0.0598 0.06859659999999999 -0.00565757 
-0.0268116 0.00642375 0.0102459 
-0.0303 0.06351130000000001 0.00158573 
-0.0184067 0.0453936 -0.0110623 
-0.0318788 0.0123788 -0.00130375 
-0.0458441 0.0157836 -0.0122571 
-0.055 0.0734291 0.0132147 
-0.0558864 0.0184067 0.0197102 
-0.0499277 0.0844 -0.01948 
-0.0543454 0.0827874 0.0226571 
-0.0598 0.0383706 0.0121214 
-0.0354243 0.0308619 0.000479554 
-0.0598 0.0338745 -0.00654831 
-0.058301 0.0366127 0.0193077 
-0.0459619 0.0458993 -0.0168933 
-0.0442078 0.0241758 0.0104075 
-0.0366412 0.0576798 -0.0133155 
-0.0555673 0.0703413 -0.0229385 
-0.040173 0.0576751 0.0192373 
-0.00578379 0.0498046 0.00592524 
-0.0361657   0.01 0.0128523 
-0.00897222 0.00407257 -0.00684451 
-0.0598 0.0344411 0.0137302 
-0.0495445 0.0169563 -0.0164395 
-0.0449055 0.0501587 -0.0164878 
-0.0598 0.07917929999999999 0.0159202 
-0.0196664 0.0512027 0.0109968 
-0.0077064 0.008999999999999999 -0.000116797 
-0.0206563 0.0002 -0.00379544 
-0.0503169 0.0824 0.0214417 
-0.0226541 0.009573679999999999 0.0106828 
-0.0241497 0.0452 0.00791119 
-0.0261821 0.0115 -0.00166012 
-0.0479409 0.00106455 0.0147794 
-0.0337969 0.0426757 0.00369676 
-0.0153442 0.00277447 -0.0114901 
-0.0397695 0.0002 -0.0009933380000000001 
-0.0575445 0.0303808 -0.0196158 
-0.0169519   0.01 -0.00729754 
-0.0360439 0.0598824 -0.015219 
-0.0560874 0.0530564 -0.0197102 
-0.0475147 0.07450859999999999  0.023 
-0.00528624 0.00823815 0.009936749999999999 
-0.0286085 0.0511599 -0.0102811 
-0.0478109 0.0238567 -0.0144801 
-0.00046638 0.0540294 -0.00300781 
-0.0539968 0.064668 -0.0102475 
-0.0538238 0.0417817 0.0197102 
-0.00492882 0.0549799 0.00345082 
-0.0303856 0.0452 -0.0100281 
-0.0551525 0.0543077 -0.0197102 
-0.0480399 0.000911187 -0.00458061 
-0.0418351 0.0260276 -0.00772565 
-0.0440383 0.0425 0.0113686 
-0.038279 0.0359815 0.00370626 
-0.00894242 0.0558407 0.0102887 
-0.0299793 0.000875031 -0.009572870000000001 
-0.0496386 0.0647537 0.01444 
-0.055 0.0688433 0.0011651 
-0.0530283 0.0362622 -0.0196059 
-0.0525799 0.0226463 -0.0194337 
-0.0598 0.0578319 -0.013662 
-0.0387193 0.0633647 0.0123784 
-0.0315098 0.0452 -0.00768848 
-0.0418074 0.0466333 0.0152985 
-0.0398409 0.0578864 0.0194714 
-0.0429636 0.06656720000000001 0.0163 
-0.0598 0.0712373 0.0102567 
-0.0597439 0.06607159999999999 0.0187273 
-0.0346858 0.0632805 -0.00346437 
-0.00448037 0.0518191 0.00533553 
-0.0165706 0.00650398 0.0113222 
-0.035593 0.0320147 0.000670254 
-0.0127313 0.008999999999999999 -0.00207686 
-0.028791 0.00751493 -0.0103274 
-0.0598 0.0247752 0.00330827 
-0.0224336 0.00719476 0.010706 
-0.043671 0.0379503 0.009800730000000001 
-0.0434777 0.0332251 0.00958231 
-0.0104419 0.0564 0.00227231 
-0.0100579   0.01 -0.00766818 
-0.0184463 0.0077706 -0.00438682 
-0.0598 0.0791432 -0.0126173 
-0.0121285 0.0515052 -0.0119959 
-0.0513885 0.0189655 0.0185238 
-0.0587305 0.0790122 0.0210898 
-0.0590359 0.0108388 -0.00832895 
-0.0155038 0.0464185 -0.00426663 
-0.0303923 0.000339902 0.00866311 
-0.0597958 0.0323139 0.0168062 
-0.0394478 0.0173011 0.00502736 
-0.0339719 0.0465229 -0.0122908 
-0.0590571 0.0833737 0.0186262 
-0.009545619999999999 0.053881 0.00567341 
-0.00102654 0.0556452 -0.000502577 
-0.00588342   0.01 -0.00946788 
-0.0208347 0.0452 -0.00717695 
-0.0145735 0.00572752 0.00367287 
-0.0252482 0.0480442 -0.0104102 
-0.0470491 0.0531737 0.0173107 
-0.00923001 0.0499 -0.00365925 
-0.00415702 0.0564 0.00270583 
-0.0352811 0.0648652 0.0108462 
-0.0598 0.0162041 0.000307013 
-0.0195181 0.0457267 0.0110124 
-0.055 0.0685977 0.011302 
-0.0427683 0.07287059999999999 -0.0167 
-0.0487637 0.0145 0.016915 
-0.0158702 0.0499 0.00614321 
-0.020098   0.01 0.0107935 
-0.056957 0.008940139999999999 -0.00435286 
-0.0528899 0.0840021 -0.0214923 
-0.00123048   0.01 -0.00520147 
-0.0536916 0.0765068 -0.023 
-0.0492612 0.00201086 0.0140522 
-0.0195532 0.0464 0.00258234 
-0.0272412 0.051911 0.0102007 
-0.009118650000000001 0.0553791 0.00337526 
-0.0598 0.0712681 -0.0118999 
-0.0492467 0.0576203 -0.0192332 
-0.0474851 0.0197774 -0.0141118 
-0.0318526 0.0115445 -0.00733149 
-0.00478361 0.008923530000000001 0.009580979999999999 
-0.0369199 0.0002 -0.00583891 
-0.0390715 0.0448775 0.0139641 
-0.0377873 0.0002 -0.00251885 
-0.0308293   0.01 -0.00873869 
-0.0558949 0.07562530000000001 0.0105301 
-0.0440144 0.0824 0.0206695 
-0.037894 0.0137832 -0.0122903 
-0.0366164 0.080202 0.0207305 
-0.050516 0.065064 -0.00164308 
-0.00841281 0.0465311 -0.00578625 
-0.0250006 0.0115 0.000903062 
-0.039539 0.0192255 0.0051304 
-0.0456153 0.0311458 0.0119985 
-0.055 0.06759030000000001 -0.0131833 
-0.0382885 0.0523233 -0.0139478 
-0.0403942 0.06732440000000001 0.0163 
-0.036296 0.0345108 -0.00146481 
-0.0504353 0.06372410000000001 -0.0229712 
-0.059789 0.0596696 0.0182981 
-0.040826 0.0134375 0.0135768 
-0.034146 0.0503602 0.0123576 
-0.0303 0.0596046 -0.0100187 
-0.0194016 0.0564 -0.00183852 
-0.027114 0.0057249 -0.0102141 
-0.0503853 0.0530674 -0.0185913 
-0.0311512 0.0452 0.010394 
-0.0127069 0.0464 0.009878359999999999 
-0.0289996 0.0009803699999999999 0.009363929999999999 
-0.0518089 0.009056979999999999 -0.0191296 
-0.0355687 0.0556675 0.0129038 
-0.00965684 0.0564 -0.00732252 
-0.0577507 0.08424280000000001 0.013735 
-0.0598 0.0486594 0.0078598 
-0.0420397 0.0736382  0.023 
-0.0598 0.0264499 0.00317078 
-0.045684 0.0290757 0.012076 
-0.0446927 0.00404296 -0.0164061 
-0.0249823 0.0452 -0.0071197 
-0.000301775 0.0533611 -0.0026667 
-0.0049278   0.01 0.00709751 
-0.0496626 0.00237222 -0.00266602 
-0.0276251 0.051513 0.0101791 
-0.0593842 0.0169461 0.018232 
-0.0101174 0.00691743 0.0118451 
-0.0558828 0.0844 -0.0111819 
-0.0341672 0.0432973 -0.00744574 
-0.0212528 0.0452418 0.00403745 
-0.00758315 0.00301148 -0.00163493 
-0.0598 0.0436681 0.00466007 
-0.0451059 0.055967 0.0165647 
-0.0598 0.0381305 0.00236701 
-0.0455839 0.0649637 0.00645451 
-0.00537458 0.0523188 0.0100029 
-0.0598 0.0388513 -0.0107618 
-0.048347 0.0172794 0.015086 
-0.0592488 0.0640005 -0.0109291 
-0.0495801 0.025273 0.0164798 
-0.00412155 0.0563672 0.00515986 
-0.0477093 0.0772149 -0.0167 
-0.0459149 0.0009969639999999999 -0.0158395 
-0.0445285 0.0214732 -0.0107701 
-0.0261039 0.00036866 -0.008296319999999999 
-0.0598 0.0310291 0.00292837 
-0.0532656 0.058834 0.0207453 
-0.0378313 0.031742 0.00320014 
-0.0435224 0.06522840000000001 0.0104753 
-0.055 0.06919400000000001 0.0120972 
-0.055 0.0840528 0.0066913 
-0.0515237 0.06343360000000001 -0.00409203 
-0.0597999 0.0128325 -0.0109372 
-0.0402025 0.0387786 -0.00588033 
-0.0356738   0.01 0.0117368 
-0.0516634 0.0844 -0.0157215 
-0.0187935   0.01 -0.00164601 
-0.0503236 0.0144715 -0.0185676 
-0.00889885 0.00487176 0.00692102 
-0.0463056 0.000400383 -0.014965 
-0.0337752 0.0646133 -0.00529664 
-0.0557131 0.0088834 0.0187358 
-0.000656724 0.00492815 0.00390991 
-0.0542968 0.0664213 0.0212293 
-0.0377306 0.0654 0.00976983 
-0.0451794 0.063917 0.0118144 
-0.031541 0.0634299 0.0111896 
-0.0507552 0.0752553  0.023 
-0.0153442 0.00350331 0.00278181 
-0.0598 0.0613071 -0.000118199 
-0.0181206 0.00694753 -0.00386118 
-0.0200503 0.0564 0.00208798 
-0.056676 0.008687179999999999 0.0159721 
-0.0466758 0.0425 0.0164314 
-0.0337674 0.0140141 0.00366036 
-0.0397901 0.0824 0.0213345 
-0.00666375 0.00793407 -0.0107474 
-0.0064235 0.00959688 -0.00319688 
-0.0367401 0.081869 -0.0208511 
-0.0146199 0.00170152 0.00358563 
-0.0122098 0.0002 -0.00630085 
-0.0577927 0.06942429999999999 0.0220031 
-0.018857 0.00332547 -0.0110819 
-0.048569 0.0654 0.0154804 
-0.0471764 0.0533361 0.0173595 
-0.0199292 0.0452 0.0083146 
-0.0590227 0.07751909999999999 0.0206724 
-0.0598 0.0460969 0.0140339 
-0.0509391 0.0271579 -0.0180158 
-0.0497109 0.0422807 -0.0166277 
-0.0574846 0.0347419 -0.0196298 
-0.038335 0.0425 -0.00671431 
-0.0598 0.0804764 0.00941703 
-0.00535109 0.050187 -0.00296442 
-0.0102206 0.0550116 -0.0113855 
-0.0551808 0.0844 0.0144222 
-0.0451055 0.0716647 0.0182 
-0.0483304 0.00168705 -0.0154386 
-0.0598 0.0640879 -0.0134585 
-0.0394473 0.0382958 -0.00502671 
-0.0369746 0.0785541 -0.0212192 
-0.0428289 0.06396830000000001 0.00543798 
-0.0598 0.0201803 -0.00331453 
-0.0507882 0.0199489 -0.0178453 
-0.0432796 0.00775539 -0.0158637 
-0.0543047 0.0654 -0.00715873 
-0.0598 0.0131726 -0.00675239 
-0.0184087 0.0564 -0.000646299 
-0.0465083 0.0573763 0.0188162 
-0.0598 0.0707546 0.0179776 
-0.0535188 0.0476946 -0.0197102 
-0.0368683 0.0145 -0.00615123 
-0.046605 0.07790809999999999  0.023 
-0.00600926 0.00116305 0.00774572 
-0.0583443 0.07617169999999999 0.014312 
-0.0313651 0.0595592 0.0109878 
-0.0569452 0.00892956 -0.00478992 
-0.0236338   0.01 0.00769685 
-0.0381881 0.0339087 -0.00360347 
-0.0229819 0.0452 -0.00440035 
-0.0106324 0.0500711 0.000828328 
-0.0498151 0.0680195  0.023 
-0.0598 0.0614018 0.00181123 
-0.0565232 0.065876 -0.0138139 
-0.0396804 0.000203936 0.0113897 
-0.054862 0.0717583 0.0163 
-0.0437436 0.0660046 -0.0167 
-0.0369263 0.0784004 0.0211577 
-0.0190468 0.0472239 -0.011062 
-0.0528105 0.0285331 -0.0195222 
-0.0217194 0.00761975 0.0107811 
-0.0598 0.0188511 0.00530523 
-0.0574752 0.0843202 0.0194146 
-0.0111764 0.0534742 0.0014391 
-0.055 0.0727786 0.00639628 
-0.015267 0.0499 0.00320192 
-0.0126898 0.0464 0.00715001 
-0.0581874 0.060178 -0.021672 
-0.0379696 0.0478999 0.0138254 
-0.0166731 0.00216296 0.0111252 
-0.0418097 0.0002 0.000459945 
-0.0598 0.0805712 0.0167171 
-0.0497763 0.0343368 -0.0167015 
-0.058421 0.0772674 -0.0041931 
-0.0192447 0.00753923 -0.0110412 
-0.0180308 0.0496395 -0.00612727 
-0.0547276 0.00693276 -0.0018959 
-0.00251245 0.00979297 -0.00339297 
-0.0316852 0.0654 -0.00688182 
-0.001282 0.0481033 -0.00537862 
-0.0445879 0.07601339999999999 -0.0167 
-0.0399414 0.0345933 -0.00558526 
-0.0441057 0.07442699999999999 0.0182 
-0.0421157 0.0002 0.00251348 
-0.0155592 0.0546575 0.00738878 
-0.0571385 0.00937077 0.0177792 
-0.0202795 0.0464 0.00253963 
-0.00982476 0.00191868 -0.0114972 
-0.0359333 0.06458 0.0111374 
-0.0472501 0.0764831 -0.023 
-0.0104873 0.0564 0.00305232 
-0.0372614 0.0145 0.00379969 
-0.0509488 0.0574569 -0.0189714 
-0.0271011 0.00991265 0.0102154 
-0.0538109 0.0708303 0.0163 
-0.0252517 0.0452 -0.000934239 
-0.0303 0.0598117 0.00201401 
-0.0390221 0.0059375 0.0142294 
-0.0598 0.023453 -0.00675577 
-0.0553185 0.0735731 0.0229729 
-0.0598 0.0600664 -0.00278505 
-0.059685 0.0822169 0.00495662 
-0.0598 0.016956 0.0122191 
-0.0575156 0.0661895 0.0221961 
-0.0456688 0.07590479999999999 -0.023 
-0.0053484 0.0549694 0.00298689 
-0.0262199   0.01 -0.00556026 
-0.0431703 0.0670322 0.0163 
-0.00509483 0.0464 -0.00518433 
-0.0170093 0.0564 0.000633677 
-0.0597574 0.0126304 -0.0171432 
-0.04747 0.0425 -0.0146637 
-0.0496442 0.0774731 0.0182 
-0.0598 0.0456388 -0.0110783 
-0.0387942 0.0002 -0.00242902 
-0.0471325 0.0146005 0.0137133 
-0.0446163 0.0565588 -0.0165575 
-0.0299548 0.0002 0.00566272 
-0.0593483 0.0765482 0.0200755 
-0.043561 0.0326767 0.00967644 
-0.00531416 0.0508013 0.00690463 
-0.0204216 0.00277341 -0.0108843 
-0.00696826 0.0560123 -0.00118116 
-0.0154904 0.00942572 -0.00560297 
-0.0425343 0.0477913 0.0155776 
-0.015121 0.0564 0.000382739 
-0.0598 0.0508798 0.00259436 
-0.0480754 0.06465609999999999 0.0110596 
-0.0140463   0.01 -0.00690849 
-0.009063470000000001 0.0464 0.00613965 
-0.009744539999999999 0.00337108 0.00481897 
-0.008539089999999999 0.0464 0.00713955 
-0.0598 0.0337103 0.0107207 
-0.0452615 0.0002 -0.00170076 
-0.0546541 0.0760941  0.023 
-0.0163119 0.00658449 0.00348371 
-0.0550526 0.0541448 0.0197102 
-0.0162585 0.055044 0.00810285 
-0.020841 0.0002 0.00282201 
-0.00532184 0.00850675 -0.009959849999999999 
-0.0190287 0.000274772 0.00870544 
-0.0511089 0.0387169 -0.0182078 
-0.009375380000000001 0.00936444 -0.00296444 
-0.055 0.0699819 0.0159565 
-0.009126799999999999 0.0561111 -0.00338612 
-0.0395767 0.0447216 0.0143498 
-0.0379214 0.0830642 -0.0167 
-0.0303 0.0627871 -0.00637637 
-0.056906 0.0649081 0.00639764 
-0.0413697 0.0156912 -0.00719958 
-0.0527049 0.0592571 0.0211278 
-0.00158011 0.00966144 -0.00326144 
-0.0177023 0.05564 -0.00185923 
-0.0143327 0.00419891 0.00429329 
-0.0597239 0.0167588 0.0173691 
-0.0598 0.0490881 0.00269626 
-0.040992 0.0507317 -0.0149855 
-0.0598 0.06799470000000001 0.0115839 
-0.055 0.06670420000000001 -0.00514601 
-0.0489139 0.0434895 -0.0180265 
-0.0509107 0.0740363 -0.0155 
-0.0385234 0.06513480000000001 0.0224476 
-0.00291475 0.0529152 -0.00783437 
-0.0510236 0.00359766 0.00444439 
-0.055381 0.07511710000000001 0.0148111 
-0.0596171 0.0824307 0.0181338 
-0.0353014 0.0425 -0.00269562 
-0.0598 0.0208334 0.00426326 
-0.0598 0.0573139 -0.0179088 
-0.0394143 0.0451723 0.0143799 
-0.050778 0.0654 -0.00884762 
-0.0334974 0.0632914 -0.0034532 
-0.055 0.0773885 -0.00676087 
-0.0598 0.0740666 -0.008762799999999999 
-0.0545749 0.0696123 0.0163 
-0.0598 0.0439512 -0.00354441 
-0.0598 0.0520911 -0.0116314 
-0.0587571 0.0769968 0.0134694 
-0.0153505 0.00591336 0.00277699 
-0.00593483 0.0546117 0.00758536 
-0.054622 0.08264150000000001 0.0227307 
-0.018558 0.0452423 0.0105577 
-0.055 0.0779314 -0.00131203 
-0.020598 0.00587801 -0.0108989 
-0.0441999 0.078155  0.023 
-0.0561167 0.0473915 -0.0128077 
-0.0545821 0.0068018 0.0033749 
-0.0503334 0.0462561 -0.0185714 
-0.0445532 0.0262854 0.0107979 
-0.0598 0.0484737 0.0114308 
-0.0598 0.0151362 0.008750819999999999 
-0.0586808 0.0753886 -0.00951169 
-0.0553801 0.07946979999999999 0.0229656 
-0.0598 0.0551951 0.00839839 
-0.0598 0.0776863 0.00625516 
-0.0284391 0.00958287 -0.010248 
-0.0553942 0.0735715 -0.0124328 
-0.0026231 0.0500015 0.00748521 
-0.0206229   0.01 -0.008975240000000001 
-0.0039349 0.0564 -0.00161225 
-0.0598 0.0184474 -0.000430243 
-0.0598 0.0447883 0.0116139 
-0.0203326 0.009413960000000001 -0.0109268 
-0.035859 0.0312363 -0.000970938 
-0.0116636 0.055051 0.00192632 
-0.0388034 0.0425 0.009591199999999999 
-0.0203069 0.0492729 -0.0109295 
-0.0427037 0.0733963 0.0182 
-0.0598 0.068491 0.015729 
-0.0598 0.08050649999999999 -0.00789742 
-0.0406278 0.0292978 0.00636105 
-0.0366165 0.0248033 -0.00182716 
-0.00350902 0.0464 0.00483135 
-0.0358 0.0659708 -0.0167361 
-0.0346165 0.0635284 0.00401118 
-1.72022e-05 0.00778379 -0.000455218 
-0.0113207 0.0002 -0.00251028 
-0.0435833 0.0341667 -0.009701649999999999 
-0.0534917 0.0792103  0.023 
-0.04739 0.00147609 0.0158572 
-0.0598 0.0730037 0.0104919 
-0.0195592 0.0548811 -0.00563912 
-0.00602664 0.0528075 -0.00733827 
-0.0598 0.0525174 -0.0119104 
-0.0555594 0.00768177 3.9367e-05 
-0.014813   0.01 0.0103905 
-0.0385925 0.0002 0.010594 
-0.0588832 0.0496577 0.0188666 
-0.00350398 0.0546746 0.008053309999999999 
-0.0517954 0.06418169999999999 0.00334412 
-0.0428047 0.0633596 -0.0229254 
-0.050526 0.0443944 -0.0186453 
-0.00660213 0.0517902 -0.0107157 
-0.0581613 0.06449680000000001 0.00302227 
-0.0354039 0.06291919999999999 -0.0128405 
-0.055 0.0676445 -0.0130583 
-0.0470675 0.0263563 -0.0136398 
-0.0435285 0.0399806 -0.009639669999999999 
-0.0592825 0.0752372 0.00673374 
-0.0485715 0.0453507 0.017895 
-0.0269847 0.0115 0.00162513 
-0.00725566 0.004554 0.00225868 
-0.0079335 0.00229368 0.0079068 
-0.0339851 0.0654 0.00921785 
-0.0557669 0.0844 -0.0124366 
-0.0566307 0.0361807 -0.0197102 
-0.00455208 0.052488 -0.00423406 
-0.0416415 0.06534239999999999 -0.00135883 
-0.045572 0.0002 0.00132414 
-0.0327989 0.0610963 0.0118405 
-0.00441721 0.00395784 -0.00553588 
-0.0555078 0.0547436 -0.0197102 
-0.0145102 0.0516027 0.011733 
-0.0510499 0.0179215 -0.0181411 
-0.0472252 0.0505073 0.0173783 
-0.0155126 0.0481102 -0.00424928 
-0.0358095 0.0687778 0.0177462 
-0.0439455 0.00079893 0.0148293 
-0.0363546 0.023795 0.00153105 
-0.0598 0.0730041 0.00545372 
-0.0303 0.064688 -0.00875399 
-0.0580133 0.0462301 0.012079 
-0.00284107 0.000231447 0.00215275 
-0.0538 0.0467539 0.0127391 
-0.00429989 0.046587 -0.009195 
-0.00271271 0.008999999999999999 -0.000894284 
-0.0408324 0.00860592 0.0149243 
-0.0294939 0.0018715 0.010237 
-0.0597991 0.0671046 -0.0180251 
-0.0375728 0.0162106 0.00290799 
-0.0199958 0.0516104 -0.0109622 
-0.0280813 0.0452 0.00489095 
-0.0550931 0.07498050000000001 0.0107284 
-0.0105394 0.0548068 -0.000650882 
-0.017984 0.00217764 0.0109931 
-0.055 0.0821533 0.00499975 
-0.0417123 0.00452038 0.0152621 
-0.014665 0.0554068 -0.00351585 
-0.0342812 0.00665772 0.0124095 
-0.0563687 0.0844 0.0132991 
-0.0197122 0.0465538 0.010992 
-0.04398 0.0631128 0.00443558 
-0.0161637 0.0551529 -0.00753023 
-0.0148389 0.00195369 -0.00326855 
-0.00342557 0.0464 -0.00645193 
-0.0468696 0.0425 0.0146377 
-0.0500382 0.0329544 -0.0169975 
-0.00364881 0.0558515 0.00672032 
-0.0314138   0.01 -0.0109142 
-0.0184193 0.0453811 -0.0103637 
-0.0448313 0.000250646 -0.0138334 
-0.0399415 0.0751984 -0.0167 
-0.0598 0.0588632 0.0164189 
-0.00437679 0.00116023 0.00532323 
-0.0329457 0.0452 0.0113357 
-0.0295357 0.0563911 0.00763392 
-0.0592116 0.06589540000000001 0.0108059 
-0.0448906 0.0259627 -0.0111793 
-0.0598 0.0341341 0.00514586 
-0.0529643 0.028527 0.0195813 
-0.022888 0.0554716 0.009821470000000001 
-0.0567618 0.0741149 0.0137877 
-0.0544737 0.0803101 -0.0155 
-0.0474415 0.0701642  0.023 
-0.0279515 0.00991266 -0.0101869 
-0.0597829 0.0618879 -0.0183919 
-0.0598 0.0683856 -0.0154988 
-0.0395966 0.000306732 -0.0120857 
-0.036375 0.0635611 -0.0124221 
-0.00418637 0.000241155 0.00537752 
-0.0006946810000000001 0.00154417 0.00204247 
-0.0489342 0.06329410000000001 -0.0116505 
-0.0567858 0.06644659999999999 0.0140313 
-0.0303 0.0580525 0.008215770000000001 
-0.0598 0.0288214 0.0132059 
-0.0518 0.0806182 0.0173132 
-0.0547785 0.00697865 -0.0117621 
-0.0514172 0.0264384 0.0185563 
-0.0438878 0.0123363 0.0160971 
-0.0589894 0.0834471 -0.00198214 
-0.046022 0.06557929999999999 -0.023 
-0.0182807   0.01 0.00161718 
-0.0572166 0.023816 -0.0196791 
-0.0112929 0.0484583 -0.00143401 
-0.0303676 0.0452 -0.00617565 
-0.0570909 0.0509595 -0.0196956 
-0.0571006 0.07537290000000001 -0.0224339 
-0.0569537 0.073061 0.00451145 
-0.0129622 0.0563949 0.009063730000000001 
-0.0488025 0.0654 -0.0164842 
-0.0598 0.0251361 -0.001624 
-0.0598 0.0339251 0.0154669 
-0.0363817 0.0244219 0.00156172 
-0.01014 0.0506531 0.0118503 
-0.0598 0.0257294 -0.0022581 
-0.0515647 0.0209922 -0.0187229 
-0.0146723 0.0065 -0.00490816 
-0.0448161 0.0354886 -0.0110951 
-0.0598 0.06848990000000001 0.0018891 
-0.0546414 0.0744378  0.023 
-0.059503 0.014573 0.0180088 
-0.0409512 0.0145 0.009584580000000001 
-0.0394437 0.0002 -0.00396322 
-0.0591173 0.0111547 0.0175898 
-0.0264812 0.00502863 -0.0102806 
-0.00962933 0.000688421 0.00574006 
-0.0377956 0.0279266 0.00315989 
-0.0346262 0.0454942 0.012542 
-0.0403447 0.0823702 -0.0167 
-0.0401189 0.0425 -0.0118632 
-0.0348164 0.0471582 -0.0126149 
-0.0582687 0.0277985 -0.0193255 
-0.0388708 0.0103731 0.0141713 
-0.0394957 0.0720547 -0.0167 
-0.0436815 0.0794464 0.0182 
-0.0598 0.0399362 0.0146613 
-0.00153133 0.0553433 -0.00420506 
-0.0598 0.0688737 0.0153619 
-0.0418717 0.07929600000000001 -0.0167 
-0.00537548 0.0516672 0.00296421 
-0.00449091 0.0548821 0.00450587 
-0.0598 0.0522277 -0.00323963 
-0.00350614 0.0524201 -0.008472800000000001 
-0.0217159   0.01 0.00355653 
-0.0073817 0.0482173 0.00338515 
-0.0593679 0.0343047 -0.0182577 
-0.0593792 0.08292960000000001 -0.00975755 
-0.0202222 0.0512796 0.0109384 
-0.0485585 0.0013781 0.00343087 
-0.0453127 0.0145 -0.0147943 
-0.0460574 0.07239329999999999 -0.023 
-0.00679629 0.048368 0.00697722 
-0.0147766 0.0499 -0.00406894 
-0.0598 0.0399038 -0.0160959 
-0.011111 0.053503 0.00137372 
-0.0466531 0.025061 -0.0131715 
-0.00900978 0.0558298 -0.0066552 
-0.0368623 0.0002 -0.00946964 
-0.0597593 0.0123454 -0.00444405 
-0.0598 0.0140978 0.0137404 
-0.0598 0.0320807 -0.00745567 
-0.0409455 0.0631964 0.0128497 
-0.0165723 0.00220428 0.00227869 
-0.058858 0.0639705 0.0136402 
-0.0393163 0.0585369 -0.0200914 
-0.0416511 0.0434083 0.0148506 
-0.0147621 0.0002 -0.00224144 
-0.0117501   0.01 -0.00932844 
-0.0209034 0.0062803 0.0108668 
-0.0215412 0.00817026 0.0107998 
-0.0574869 0.0565099 -0.0196299 
-0.0473004 0.0602009 -0.0218041 
-0.0384089 0.0600123 0.0209376 
-0.00775755 0.0065 -0.00743518 
-0.0454179 0.0516282 -0.0166845 
-0.0584472 0.0643504 -0.0132282 
-0.0493705 0.0383835 -0.0162429 
-0.0495959 0.0704 0.0177023 
-0.0594591 0.0164522 -0.018093 
-0.0373471 0.06896099999999999 0.0163 
-0.0596 0.0175423 0.0177824 
-0.0422249 0.0425 0.00866724 
-0.0152892 0.009322489999999999 0.000460495 
-0.0571942 0.0663483 -0.00226839 
-0.0112651 0.056368 0.00152784 
-0.0379617 0.018914 -0.0033476 
-0.0452377 0.0290767 0.0115717 
-0.000858696 0.00626131 0.00444488 
-0.0416924 0.07647619999999999 -0.0167 
-0.055 0.0745311 -0.0016148 
-0.0489685 0.0632287 -0.0117172 
-0.0538022 0.0449734 -0.0197102 
-0.0405788 0.07616820000000001 0.0229915 
-0.0519541 0.00443556 0.00129455 
-0.0231003 0.0102762 -0.000320413 
-0.0476432 0.0477188 -0.0175387 
-0.00782835 0.0551728 0.00795534 
-0.0188415 0.0021468 0.00687697 
-0.00223581 0.000384781 -0.00229372 
-0.0598 0.0419794 0.00763895 
-0.0598 0.0673238 0.00874397 
-0.0571213 0.07400039999999999 -0.0109292 
-0.0597786 0.0237135 0.0170474 
-0.0598 0.0787066 0.00203246 
-0.0476009 0.07231219999999999 0.0182 
-0.00767449 0.0484582 -0.0111925 
-0.0398739 0.0149424 -0.00550895 
-0.0464305 0.037069 0.0129198 
-0.0107608 0.0470983 0.011932 
-0.0534206 0.06670130000000001 0.0185 
-0.056337 0.0774229 -0.00403423 
-0.00735324 0.047726 0.00337906 
-0.0146557 0.0532794 0.0035299 
-0.05971 0.0121097 -0.0142708 
-0.033917 0.0432474 0.00484923 
-0.0598 0.049073 -0.0132861 
-0.015386 0.0535096 -0.0115069 
-0.0459876 0.0795833  0.023 
-0.0418033 0.0662445 -0.023 
-0.00373715 0.0546489 0.00830701 
-0.0591887 0.0266528 0.0185206 
-0.0412723 0.0645505  0.023 
-0.0329826 0.0488853 0.011911 
-0.0170578 0.0549615 0.00869846 
-0.00746296 0.00690105 -0.0111071 
-0.0322849 0.065246 0.00225721 
-0.0458221 0.0002 -0.0051672 
-0.0237414 0.0545709 -0.0103272 
-0.0200304   0.01 -0.0108276 
-0.0411906 0.0746328 0.0182 
-0.0396135 0.0381118 -0.00521465 
-0.0598 0.0140035 0.000890729 
-0.0362889 0.0384734 0.00145686 
-0.0488372 0.0639419 -0.0229833 
-0.0291231 0.0102177 -0.00673463 
-0.0461439 0.0351359 -0.0125959 
-0.0598 0.0509474 -0.00430946 
-0.040005 0.00702102 0.0146067 
-0.0418343 0.009617489999999999 -0.0153089 
-0.0435548 0.0768607 -0.023 
-0.0518154 0.0242899 0.0190064 
-0.0555118 0.0219155 0.0130443 
-0.0521235 0.06388870000000001 0.00364324 
-0.00476994 0.0516553 0.00957482 
-0.0214463   0.01 0.008763780000000001 
-0.0496195 0.0191994 0.0165243 
-0.0294284 0.0498798 0.0105467 
-0.036332 0.0799656 0.020237 
-0.055 0.0776881 0.00736125 
-0.055 0.0674852 0.00658371 
-0.0406503 0.0223185 0.00638654 
-0.016135 0.0538308 -0.00192275 
-0.0343794   0.01 0.0110839 
-0.0531654 0.0525703 -0.0196585 
-0.0598 0.0622775 0.008652200000000001 
-0.043007 0.083729 -0.0218881 
-0.0598 0.068829 0.0173916 
-0.0598 0.0146532 0.0157135 
-0.04758 0.0844 -0.0195064 
-0.0598 0.0143216 -0.0102541 
-0.0186583 0.0564 0.000112974 
-0.052934 0.07592 -0.0155 
-0.00448111 0.0550585 0.00868377 
-0.034661 0.0634904 0.00404997 
-0.0517631 0.0844 -0.0169824 
-0.0598 0.0448137 -0.0128537 
-0.0345864 0.0145 -0.00366007 
-0.055 0.076766 0.0141632 
-0.0187379 0.00928348 -0.0110944 
-0.0408954 0.0745176 -0.0167 
-0.0164811 0.0544984 -0.00156928 
-0.055 0.07737719999999999 0.0131059 
-0.009912020000000001 0.0564 -0.00414527 
-0.0132055 0.0505029 -0.00105047 
-0.0383754 0.0693973 0.0163 
-0.0416275 0.07538 -0.023 
-0.0558605 0.007952849999999999 -0.008134860000000001 
-0.0189653 0.000263302 0.008660859999999999 
-0.0418359 0.0345891 0.00772662 
-0.0598 0.0353227 0.00748246 
-0.058484 0.0123399 -0.0191399 
-0.0433801 0.0655723 -0.023 
-0.00917744   0.01 0.00409098 
-0.0572916 0.0207199 0.0121696 
-0.00460838 0.0554584 -0.00583581 
-0.0448225 0.0458718 0.0164559 
-0.0560913 0.0461694 0.0132812 
-0.0554691 0.00760046 0.00629726 
-0.0597811 0.0529074 0.0170436 
-0.055 0.0667338 -0.0052623 
-0.0556004 0.0077187 -0.0106224 
-0.00965452 0.0002 -0.000861156 
-0.055 0.0790787 0.0151418 
-0.00710722 0.0483123 0.0109486 
-0.0266564 0.0002 0.00189478 
-0.0357503 0.0638528 -0.00287999 
-0.0530192 0.00539449 0.0145004 
-0.0598 0.0367293 -0.0112859 
-0.0592154 0.0110608 0.0115852 
-0.008601630000000001 0.00753434 0.0115084 
-0.0364084 0.0154415 -0.00159187 
-0.0598 0.0745048 0.00256588 
-0.0577813 0.0669286 0.00366097 
-0.0338664 0.0002 0.00054527 
-0.0390651 0.0639562 0.00542562 
-0.0492647 0.0260302 -0.0161234 
-0.0110226 0.0487744 -0.0119532 
-0.0308735 0.0532987 -0.0111014 
-0.0592747 0.0111424 -0.00810167 
-0.0278454 0.0564 6.77272e-05 
-0.0249405 0.0455487 0.0104425 
-0.021335 0.0002 -0.000765225 
-0.00571484 0.00183657 0.00744507 
-0.0157197 0.00510267 -0.00234686 
-0.0598 0.0193136 0.0109106 
-0.0582322 0.08030080000000001 0.0216334 
-0.0538 0.0469718 -0.0125515 
-0.042725 0.0565257 -0.0164078 
-0.055 0.0722613 -0.0054898 
-0.0302905 0.0564 0.00548642 
-0.0573471 0.0843486 0.0136501 
-0.0480834 0.0732309 -0.0167 
-0.0402702 0.009221149999999999 0.0147085 
-0.0598 0.0811573 0.0117998 
-0.0321632 0.0532588 0.0115965 
-0.0246124 0.0452 -0.00305606 
-0.0351108 0.0196615 0.000125292 
-0.0544261 0.0753566 -0.0155 
-0.0389783 0.0552655 -0.0142126 
-0.00788165 0.0002392 0.00853055 
-0.0371204 0.0653328 0.00683137 
-0.0587128 0.0112592 -0.0183952 
-0.0598 0.0563192 -0.0138553 
-0.0520945 0.0824 0.0183032 
-0.0358 0.06387039999999999 -0.0138144 
-0.009566359999999999 0.0502159 0.0117499 
-0.0446852 0.0347353 0.0109472 
-0.00711634 0.0464 -0.00934719 
-0.0135068 0.00048575 -0.0101563 
-0.0263457 0.0002 0.0027856 
-0.0568412 0.0725643 -0.0225613 
-0.049585 0.0458006 -0.0182841 
-0.0393035 0.0002 -0.00747458 
-0.0295056 0.0109967 0.00627141 
-0.0358 0.0644199 -0.0135203 
-0.0438828 0.0499364 0.0160952 
-0.00645694 0.000506531 -0.00869587 
-0.009849419999999999 0.00249727 -0.0117077 
-0.0598 0.0341505 0.00434456 
-0.0515751 0.07619960000000001  0.023 
-0.0433645 0.0145 0.0145782 
-0.0165915 0.00731261 -0.00302873 
-0.0102132 0.0510161 0.0118624 
-0.0322377 0.0439623 -0.00206128 
-0.0490204 0.06420480000000001 0.00567954 
-0.0362289 0.0533312 -0.0131572 
-0.0576815 0.030041 0.0195758 
-0.00206852 0.000840378 -0.00434429 
-0.0141053 0.00176944 0.0114358 
-0.0598 0.0144421 -0.0133703 
-0.0362609 0.0706619 0.0200942 
-0.0582708 0.07076739999999999 -0.0215952 
-0.0306851 0.0452 0.00925319 
-0.0086879 0.0515138 0.0115322 
-0.0535342 0.0227696 0.0197102 
-0.0135103 0.00981341 0.011898 
-0.050076 0.067165 -0.023 
-0.00651297 0.0065 0.00748552 
-0.0255126 0.000261941 -0.00796389 
-0.0144056 0.0020053 0.00585354 
-0.0383804 0.08120670000000001 -0.0167 
-0.00361662 0.00780688 0.008577909999999999 
-0.0512266 0.00378046 -0.00742653 
-0.055 0.0841175 0.014026 
-0.0381757 0.0824 0.0192876 
-0.044767 0.0751682 -0.023 
-0.0508736 0.0584349 0.020326 
-0.009597670000000001 0.0500973 -0.0117568 
-0.0538486 0.0716315 -0.0160872 
-0.0417137 0.00414622 -0.0152626 
-0.0397193 0.040193 -0.00533418 
-0.0360582 0.069741 -0.0195725 
-0.0598 0.0279979 0.00150635 
-0.020757 0.0483799 0.0108822 
-0.0535515 0.0825893 0.0201699 
-0.0119988 0.0474189 -0.00299983 
-0.0598 0.0545742 -0.0159106 
-0.0482279 0.00108043 0.00135431 
-0.0598 0.0756627 -0.0167566 
-0.0597192 0.0318898 0.0173899 
-0.0598 0.0614384 0.009123060000000001 
-0.0182836 0.0560892 0.0026028 
-0.009729679999999999 0.00522235 0.00463382 
-0.046155 0.0298216 0.0126084 
-0.052785 0.0295911 0.0195125 
-0.00123672 0.00153024 -0.00399234 
-0.0557101 0.07451629999999999 0.0141976 
-0.0598 0.0259652 0.0122489 
-0.0437368 0.0145 -0.0110638 
-0.0598 0.0258511 0.0158289 
-0.0376139 0.055424 0.0136888 
-0.0442737 0.0002 0.00311177 
-0.0536188 0.0653319 0.00683045 
-0.0468747 0.06635820000000001 0.0163 
-0.0570432 0.0843894 -0.01774 
-0.0547669 0.08272160000000001 0.0163 
-0.0162165 0.00218876 -0.00183948 
-0.0476628 0.0841846 -0.0211094 
-0.0398354 0.000345296 0.0123091 
-0.00557547 0.049532 0.00433316 
-0.0330018 0.0002 0.00467184 
-0.00141459 0.0488436 0.00564141 
-0.0559731 0.0698926 0.0228594 
-0.0513126 0.07830910000000001 -0.0155 
-0.0598 0.0715163 -0.00114983 
-0.0194274 0.0526802 -0.00601658 
-0.0419892 0.00436037 -0.0153683 
-0.0419046 0.0370945 -0.0078042 
-0.0598 0.0191346 -0.00186107 
-0.0534358 0.0686098 0.0173214 
-0.0387836 0.0762552 0.0225725 
-0.0587751 0.0836562 0.00402926 
-0.00785111   0.01 -0.00707295 
-0.0595608 0.0490468 -0.0178769 
-0.0077786 0.0564 0.00190147 
-0.0598 0.0620093 0.013115 
-0.0540207 0.0732202 -0.0206664 
-0.0435401 0.0002 -0.0102253 
-0.0303 0.0565041 -0.00968516 
-0.0402207 0.06895080000000001 -0.0167 
-0.0481268 0.0616892 0.0225264 
-0.0153549 0.00936443 0.00021883 
-0.0597959 0.06283999999999999 -0.0181194 
-0.0252899 0.0564 0.00412408 
-0.0402426 0.0507294 0.0146979 
-0.036623 0.000208346 -0.010312 
-0.0514456 0.07745929999999999 -0.0155 
-0.0493287 0.00207164 0.00780575 
-0.00921931 0.0469969 0.0116635 
-0.053489 0.00581755 0.0101693 
-0.0598 0.0472844 0.0109389 
-0.033023 0.0635855 0.00395287 
-0.0404786 0.068981 -0.022986 
-0.0589273 0.0263088 0.0188251 
-0.0555145 0.0844 0.0127644 
-0.0598 0.0352952 -0.000236083 
-0.0555075 0.07452010000000001 0.00299856 
-0.0388171 0.0824 0.0218742 
-0.0443309 0.0403923 -0.0105467 
-0.0152418 0.050855 -0.00703954 
-0.0301324 0.0489478 -0.010817 
-0.0459991 0.068495 0.0163 
-0.0387613 0.06383 -0.0225375 
-0.0597059 0.0571839 0.0184527 
-0.0424873 0.0354346 -0.008462890000000001 
-0.0376534 0.0002 0.008369669999999999 
-0.0523963 0.0843767 -0.0203515 
-0.0598 0.0310139 0.0133841 
-0.0309976 0.0552847 -0.0106262 
-0.0536667 0.037135 0.0197102 
-0.0527035 0.00511027 -0.0103636 
-0.0319116 0.0648794 0.00263159 
-0.0143944 0.0529842 -0.00408191 
-0.0303 0.0612227 -0.00355009 
-0.0578146 0.0558407 0.0195331 
-0.0523117 0.0550229 -0.0193308 
-0.0598 0.0662746 -0.00568978 
-0.018795 0.00127203 -0.00297506 
-0.0545071 0.00673424 0.00239697 
-0.0558689 0.0468974 0.0119923 
-0.00383761 0.0505561 0.00879068 
-0.0120838 0.0564 -0.00711972 
-0.040164 0.0829961 -0.0167 
-0.0202168   0.01 0.00746748 
-0.00659249 0.0065 0.00824532 
-0.0544964 0.0460892 0.0131969 
-0.00207237 0.00180705 -0.0060951 
-0.0515021 0.06535779999999999 -0.00605688 
-0.0386835 0.0245701 0.00416345 
-0.007972709999999999 0.00412541 -0.0113 
-0.00456821 0.0516999 -0.00571984 
-0.0496 0.08307539999999999 -0.0157007 
-0.055 0.07936609999999999 6.63481e-05 
-0.0538138 0.0165939 -0.0197102 
-0.00483953 0.00326804 0.00340043 
-0.0598 0.0703134 0.0158702 
-0.0431907 0.0424477 -0.009257939999999999 
-0.0515192 0.0639323 0.022985 
-0.0506746 0.00328347 0.00262772 
-0.0572686 0.0647903 0.00272264 
-0.044088 0.0617732 -0.0225528 
-0.00634898 0.00208667 0.00809263 
-0.00641096 0.0525142 0.00810758 
-0.0433369 0.0447627 0.0158857 
-0.0333757 0.0575751 -0.0120619 
-0.0445564 0.0350392 0.0108016 
-0.0414513 0.0145 -0.00969562 
-0.00624963 0.008999999999999999 -0.00159172 
-0.0598 0.0437149 0.0113746 
-0.0484767 0.0179325 -0.0152326 
-0.0595151 0.0115641 -0.00842887 
-0.0450804 0.0758327 -0.023 
-0.0103994   0.01 -0.00634106 
-0.055 0.08199480000000001 -0.00082652 
-0.045769 0.0382215 0.0121722 
-0.0365297 0.0748402 0.0205974 
-0.02003   0.01 -0.00273308 
-0.05051 0.0454702 -0.0186392 
-0.0558347 0.06337950000000001 0.00483675 
-0.0588293 0.06696240000000001 0.00369547 
-0.0498039 0.0453667 0.0183681 
-0.00699285 0.00554479 -0.00114937 
-0.0366651 0.0527837 0.0133246 
-0.0452493 0.0002 0.00287284 
-0.0500032 0.0574736 -0.0190028 
-0.0181003 0.0551097 0.00763381 
-0.0035176 0.009556530000000001 -0.00315653 
-0.0306592 0.0506457 -0.0110192 
-0.0556905 0.0844 -0.0151268 
-0.0480859 0.00954584 0.0177087 
-0.0470471 0.0273035 0.0136168 
-0.0184986 0.0526839 0.0111196 
-0.0584813 0.0660322 -0.0213764 
-0.0598 0.0480591 0.00891842 
-0.0432584 0.0701355  0.023 
-0.0589003 0.011422 0.0183134 
-0.055 0.0701941 0.0147534 
-0.0598 0.0433107 0.00199267 
-0.0161733   0.01 0.007882699999999999 
-0.0241922 0.0002 -0.00466686 
-0.0598 0.0180243 -0.008319780000000001 
-0.0182113 0.00423916 -0.0111498 
-0.00716891 0.0556941 -0.00122159 
-0.029665 0.0452 -0.00564007 
-0.0519982 0.0480828 0.0192105 
-0.0598 0.027894 -0.00329497 
-0.0160758 0.00643063 0.0113742 
-0.0343797 0.01339 -0.00778331 
-0.0585001 0.0418789 0.0191808 
-0.0166778 0.0506984 0.00853101 
-0.0167599 0.000936844 0.002258 
-0.0469617 0.0425 0.0164768 
-0.0532866 0.00563535 0.0123078 
-0.0579606 0.0398178 -0.0194754 
-0.0598 0.0708322 -0.00554653 
-0.0464077 0.0707141 -0.0167 
-0.0426726 0.0235113 -0.008672310000000001 
-0.0317795 0.0449721 0.00479272 
-0.0534579 0.00578958 0.0107866 
-0.039756 0.0394384 0.00537564 
-0.0438702 0.0535106 0.0160904 
-0.0109989 0.0466703 -0.0119484 
-0.0130765 0.00158685 -0.0114687 
-0.0552221 0.0769557 0.0053114 
-0.0598 0.066139 -0.0161083 
-0.0361933 0.0728712 0.0182 
-0.0399043 0.0387864 -0.00554325 
-0.0060263 0.0540673 -0.00733811 
-0.0373951 0.0654 0.000327656 
-0.0239725 0.0452 -0.00613561 
-0.0220501 0.000353065 0.00867444 
-0.0597806 0.08104450000000001 -0.0184387 
-0.0537307 0.00603521 -0.00845417 
-0.0364955 0.0399907 -0.00169032 
-0.0597559 0.0299265 -0.0172211 
-0.0562276 0.0316971 0.0197102 
-0.0120189   0.01 0.00805822 
-0.0303 0.0590498 -0.008297219999999999 
-0.0598 0.077858 0.008617049999999999 
-0.0597999 0.0128334 -0.00643186 
-0.0508427 0.0316339 -0.017907 
-0.0485185 0.0631168 -0.00363158 
-0.0280304 0.0564 0.00337887 
-0.0347807 0.0142784 0.00460904 
-0.0129017 0.00806783 -0.0119616 
-0.0252848 0.0564 -0.00718313 
-0.0369688 0.0507986 0.0134412 
-0.0116443 0.00850212 0.0119945 
-0.055 0.08163189999999999 -0.0019375 
-0.0572205 0.0344267 -0.0196793 
-0.0202584 0.0564 -0.00598456 
-0.0159072   0.01 0.00371638 
-0.0598 0.0262661 0.00658682 
-0.008604229999999999 0.0477039 0.00532701 
-0.0447483 0.00608293 0.0164274 
-0.058185 0.0840579 -0.00803856 
-0.0564919 0.0441286 0.0197102 
-0.0366034 0.0425 -0.00200404 
-0.022529 0.0002 -0.000551136 
-0.0132221 0.0564 0.00482473 
-0.0458509 0.0632303 0.00468435 
-0.0253249 0.0560989 0.008699180000000001 
-0.0530075 0.009375400000000001 0.0194951 
-0.0598 0.0395823 -0.0016897 
-0.0149932 0.0476217 0.000155647 
-0.0451386 0.0601002 0.0217372 
-0.0531481 0.0804656 0.0163 
-0.0509296 0.0159795 0.0180051 
-0.0449384 0.0704275 -0.0167 
-0.0534085 0.0057451 -0.0117895 
-0.00408807 0.0506239 0.009020769999999999 
-0.0415466 0.0311341 -0.00739959 
-0.0161977 0.000688462 0.0023586 
-0.034671 0.0648648 -0.00184656 
-0.0598 0.07338119999999999 0.000123943 
-0.0146465 0.0557283 -0.0105522 
-0.0336979 0.0115 0.0096314 
-0.0435417 0.0796704 -0.023 
-0.0491433 0.0764952 -0.023 
-0.0598 0.0713719 -0.00979318 
-0.00214017 0.008999999999999999 -0.00130121 
-0.0205995 0.0002 -0.00475231 
-0.0553561 0.0511519 0.0197102 
-0.045413 0.0631195 0.00442876 
-0.0436502 0.0493663 -0.0160059 
-0.0243741 0.00375602 0.010502 
-0.00680123 0.0467808 -0.00652927 
-0.00943052 0.0545381 -0.00599283 
-0.0598 0.0154101 0.00387578 
-0.0315861 0.00496866 0.011375 
-0.0349851 0.0119722 -0.0112164 
-0.0374801 0.06320050000000001 0.0216237 
-0.0516386 0.0401272 -0.0188065 
-0.00637943 0.051354 0.008073 
-0.0547291 0.00693413 -0.00439484 
-0.0585662 0.0754252 0.0021257 
-0.0499488 0.06356820000000001 0.0121705 
-0.0593419 0.0829881 -0.0105793 
-0.0442494 0.0824 0.0200084 
-0.0454946 0.00498164 -0.0167139 
-0.00334062 0.008999999999999999 0.000703415 
-0.0598 0.0563417 -0.0149941 
-0.0491686 0.0570908 0.0182403 
-0.0225223 0.0002 0.0005622789999999999 
-0.0315614 0.0620058 0.0112152 
-0.0593483 0.07334400000000001 -0.0200727 
-0.0528198 0.0324522 -0.0195258 
-0.0491398 0.0339613 0.0159821 
-0.0546157 0.00683202 0.0118995 
-0.013904 0.00744961 -0.0118442 
-0.0513974 0.06917230000000001 0.0191564 
-0.0454381 0.0317051 -0.0117981 
-0.0390144 0.054169 0.0142264 
-0.0214485 0.0564 0.00579931 
-0.0317041 0.0002 0.00229713 
-0.0513026 0.0335689 -0.0184267 
-0.0197262 0.0564 -0.00258181 
-0.0387576 0.0490317 0.0141279 
-0.0511922 0.0743938 -0.023 
-0.0163634   0.01 -0.00188812 
-0.0342793 0.0510561 0.0124088 
-0.0221853   0.01 -0.00283038 
-0.057377 0.062028 -0.0222835 
-0.0186949 0.0464 -0.00719502 
-0.0421159 0.0609814 -0.0222315 
-0.0383971 0.0394919 -0.00383967 
-0.0183833 0.00202016 0.00734489 
-0.0429243 0.03885 0.008956739999999999 
-0.0598 0.0295051 0.00295604 
-0.0597318 0.0122121 0.0136188 
-0.0504101 0.06299829999999999 -0.022876 
-0.0204561 0.0502358 -0.0109138 
-0.0408626 0.000307039 -0.0125729 
-0.0598 0.050228 0.00847233 
-0.002011 0.0540666 0.00649593 
-0.0598 0.0689876 0.009301449999999999 
-0.0514984 0.0809441 0.0182 
-0.0175531 0.0532544 -0.00757896 
-0.0362475 0.0587919 0.0131643 
-0.0598 0.0622704 0.000196833 
-0.0598 0.0415356 -0.008916520000000001 
-0.0413624 0.0002 0.000875667 
-0.0598 0.0782214 0.0165681 
-0.0530241 0.07061530000000001 -0.0155906 
-0.019157 0.0555414 -0.00650443 
-0.0458291 0.00171276 -0.0163564 
-0.0363016 0.0771155 0.0201805 
-0.0513448 0.06648510000000001 0.0227864 
-0.0186675 0.00558207 -0.0111018 
-0.055 0.08241660000000001 0.008458139999999999 
-0.0426096 0.06667530000000001 0.0163 
-0.0180348 0.0481316 0.0037759 
-0.0440368 0.0723487 -0.023 
-0.00600941 0.0526948 0.00766716 
-0.0598 0.0801316 -0.0101417 
-0.0197826 0.0464 0.00182249 
-0.0363929 0.059041 -0.0137847 
-0.0303 0.0603175 -0.00563513 
-0.0456805 0.0825635 -0.0227621 
-0.0598 0.0430498 0.00226096 
-0.0481425 0.0634171 -0.0122751 
-0.043356 0.0760464 -0.023 
-0.0400914 0.0425 -0.00776681 
-0.0486465 0.0654 0.0152189 
-0.0300842 0.0002 0.0034236 
-0.00650555 0.00201844 -0.00164698 
-0.0386875 0.000567303 0.012424 
-0.0473332 0.00033961 -0.0140033 
-0.0130501 0.048662 -0.00120584 
-0.0149536 0.00884389 0.0116244 
-0.0574827 0.0646593 -0.00534361 
-0.0570911 0.0672616 -0.00320104 
-0.0564431 0.008477470000000001 -0.00661956 
-0.0323526 0.0468899 0.0116692 
-0.0549043 0.0592766 -0.0211441 
-0.0544374 0.00667149 0.0124707 
-0.0502654 0.0410325 -0.0172544 
-0.0053507 0.0559542 -0.00296486 
-0.00567469 0.00654052 0.0057648 
-0.0394399 0.0836953 -0.0167 
-0.00651021 0.0540564 0.0105787 
-0.00529442 0.0464 0.00386184 
-0.0598 0.0617045 -0.008797320000000001 
-0.0598 0.0247142 0.0150794 
-0.0333969 0.00022303 -0.0092339 
-0.0598 0.0453977 -0.009282260000000001 
-0.0449113 0.0425 -0.0124604 
-0.0368857 0.00551254 0.0134093 
-0.0410741 0.0647358 -0.0136217 
-0.0307646 0.0115 -0.00209168 
-0.0598 0.0195659 -0.000761293 
-0.0469954 0.0638703 -0.00286209 
-0.0416808 0.0844 -0.01885 
-0.0345498 0.0425 -0.00253659 
-0.0494843 0.00221173 0.00212564 
-0.0590733 0.0125968 0.0186504 
-0.0472616 0.00946381 -0.0173922 
-0.0598 0.08028879999999999 -0.0109105 
-0.0319287 0.0504154 -0.0115065 
-0.0143317 0.0472561 0.011762 
-0.0598 0.0352522 -0.0140601 
-0.0532315 0.0512595 -0.0196839 
-0.0598 0.0384479 -0.00206193 
-0.0490054 0.0474263 0.0180616 
-0.0598 0.070142 -0.008430150000000001 
-0.0300462 0.0115 -0.00657203 
-0.0598 0.0776881 0.0149436 
-0.0512685 0.0824 0.0208729 
-0.0162448 0.00859182 -0.00338281 
-0.0598 0.07866670000000001 0.00830943 
-0.0364339 0.0770609 0.0204323 
-0.0571771 0.0843734 0.0200754 
-0.0587429 0.0448961 0.0189956 
-0.0538 0.0467336 -0.0123517 
-0.00496989 0.0538419 0.0033923 
-0.0152283 0.00192657 0.0112604 
-0.0385628 0.0758465 -0.022467 
-0.00406427 0.00505634 -0.00899935 
-0.0438989 0.0425 -0.0116904 
-0.0323025 0.0634026 -0.00406032 
-0.0479383 0.000819709 -0.00732244 
-0.0118078 0.00743808 -0.0119954 
-0.0360404 0.074367 0.0182 
-0.0598 0.0741993 -0.0153013 
-0.0257508 0.05377 -0.0103315 
-0.0381996 0.0582752 -0.0188966 
-0.05701 0.0248909 0.0197018 
-0.0527225 0.0700354 -0.0177 
-0.0555793 0.0844 0.008266809999999999 
-0.014734 0.0526466 -0.00649123 
-0.0389996 0.06306349999999999 -0.00371401 
-0.0357251 0.0425 -0.00524781 
-0.0524692 0.0562597 -0.0193912 
-0.0191545 0.0513114 0.0110507 
-0.00873766 0.000238244 -0.008876530000000001 
-0.055 0.0759731 0.0152865 
-0.0548465 0.071495 -0.0208067 
-0.0510369 0.0654 0.00729663 
-0.0509068 0.0364767 -0.0179794 
-0.00777352 0.0499 0.00702214 
-0.00607301 0.0497354 0.00623864 
-0.0370721 0.050102 0.0134809 
-0.050971 0.0654 0.00979915 
-0.0373134 0.0502513 -0.0135735 
-0.00815478 0.00118339 0.0105276 
-0.0581232 0.0840901 0.0203599 
-0.0434451 0.0169036 -0.009545400000000001 
-0.0511511 0.0793098  0.023 
-0.0353573 0.0373319 0.000403886 
-0.00758865 0.0484 -0.000168707 
-0.0500848 0.0824458 -0.0155 
-0.0598 0.0704718 0.0061005 
-0.0373136 0.07467559999999999 0.0215828 
-0.00826901 0.0476637 0.00391339 
-0.0465721 0.0389639 0.0130799 
-0.0598 0.0373059 -0.00230085 
-0.00961653 0.0514391 -0.00454736 
-0.0580094 0.0841431 0.0202622 
-0.0544347 0.0754913 0.0163 
-0.0587297 0.0464055 -0.0190072 
-0.0598 0.0735272 -0.00305994 
-0.0154459 0.0065 0.00602651 
-0.0416902 0.0300858 -0.00756192 
-0.0379307 0.0560418 0.0138104 
-0.0153761 0.00560559 0.0115119 
-0.0598 0.0669826 0.00140473 
-0.0208335 0.0520252 -0.0108742 
-0.0427565 0.0654 0.00108213 
-0.0403729 0.06298429999999999 0.0228538 
-0.0481006 0.0425 -0.0160336 
-2.32138e-05 0.00293356 -0.000247527 
-0.0592879 0.0694052 0.0201997 
-0.0391359 0.0425 -0.00702205 
-0.0307038 0.0452 0.00433049 
-0.0598 0.0736135 -0.0169049 
-0.00665222 0.0478034 -0.0107415 
-0.0177259   0.01 0.0102855 
-0.018546 0.0464 -0.00254888 
-0.00757111 0.0561732 0.009107799999999999 
-0.0550281 0.06588529999999999 -0.0138044 
-0.0536458 0.00595876 0.00586964 
-0.00537755 0.0094538 -0.0030538 
-0.0303 0.058332 0.00631413 
-0.0585378 0.0539631 0.0191546 
-0.0598 0.0178394 0.00119948 
-0.00485743 0.0499 0.00614438 
-0.0347835 0.0630713 -0.00372199 
-0.00315678 0.0561819 -0.00489382 
-0.0179899 0.054519 0.00774661 
-0.0589027 0.0835383 0.015603 
-0.0598 0.0812301 0.0143175 
-0.054843 0.07176109999999999 -0.0179182 
-0.0462381 0.000222288 0.0141654 
-0.0389467 0.0160399 0.00446087 
-0.0560438 0.06548080000000001 -0.00138255 
-0.0581351 0.0206293 -0.0122793 
-0.0363753 0.0827222 -0.0167 
-0.0337697 0.0138924 0.0039185 
-0.0463509 0.0002 -0.0118285 
-0.0422908 0.0316766 0.00824076 
-0.0306056 0.0654 0.0102826 
-0.0576694 0.0760261 -0.00546065 
-0.0381765 0.0446263 0.0124327 
-0.0275584 0.0535919 0.0101713 
-0.0427594 0.0793649 -0.023 
-0.0387155 0.0762847 0.0225443 
-0.0598 0.0171637 -0.0163119 
-0.0113854   0.01 -0.00463775 
-0.0586814 0.0467586 -0.011739 
-0.0484766 0.0652629 0.00675996 
-0.0123404 0.0464 0.0113641 
-0.0395355 0.016176 -0.00512647 
-0.0500291 0.00270228 0.00273448 
-0.0372111 0.0571104 0.0135342 
-0.0598 0.0251371 0.0072803 
-5.1592e-05 0.0511374 -0.00109705 
-0.055 0.069632 0.00419923 
-0.0436282 0.000264017 -0.0134375 
-0.008048339999999999 0.054471 0.00254916 
-0.0499191 0.0425 -0.0174295 
-0.0420535 0.00943166 0.015393 
-0.0046358 0.0502087 0.00591126 
-0.055 0.06750299999999999 -0.00397953 
-0.00667123 0.00258059 0.008421700000000001 
-0.0358718 0.06863759999999999 -0.0188367 
-0.0524449 0.0634121 -0.00333001 
-0.0585751 0.0110688 0.0183539 
-0.043793 0.0002 -0.00606122 
-0.0133063   0.01 -0.00574662 
-0.014771 0.00979671 0.00259214 
-0.0359052 0.0601502 -0.0130329 
-0.0548415 0.0302971 -0.0197102 
-0.0153691 0.0471012 -0.00470678 
-0.045537 0.009543879999999999 0.0167302 
-0.0368056 0.06347940000000001 -0.00326125 
-0.0373406 0.00297243 0.0135733 
-0.009883899999999999 0.0564 0.0085489 
-0.056532 0.0563941 -0.0197102 
-0.0158788   0.01 -0.0103199 
-0.0431204 0.0556574 0.0158026 
-1.11629e-05 0.00797231 -0.000305972 
-0.0176693 0.00905798 0.00650174 
-0.0371399 0.0815805 -0.0167 
-0.0465853 0.0557828 -0.0171326 
-0.0306949 0.0453629 0.0110329 
-0.0472166 0.0293841 0.0138084 
-0.0511893 0.0586719 0.0205791 
-0.0440325 0.0301627 0.0102094 
-0.0560471 0.0338989 -0.0197102 
-0.055 0.07071570000000001 0.0139505 
-0.00210404 0.00214479 -0.00642825 
-0.0445414 0.0801014 -0.0167 
-0.0168884 0.0534003 0.00225242 
-0.0598 0.0339563 -0.000862455 
-0.0549111 0.0533138 -0.0197102 
-0.055 0.0705104 0.009427609999999999 
-0.0517978 0.0214168 0.0189865 
-0.0464596 0.051275 0.0170844 
-0.0343382 0.0123042 -0.00966352 
-0.019557 0.000235223 0.00564799 
-0.0419966 0.0648816 -0.00182936 
-0.0193552 0.0065 -0.00534486 
-0.0433009 0.0195407 0.009382430000000001 
-0.00646836 0.0508407 -0.0017324 
-0.0260865 0.0115 0.000588651 
-0.0598 0.06783989999999999 0.0160818 
-0.0572219 0.0471298 0.013282 
-0.0189407   0.01 0.000331608 
-0.0598 0.0242851 0.00682023 
-0.042435 0.0404032 -0.00840372 
-0.0455347 0.0251984 -0.0119073 
-0.0256507 0.0546158 -0.0101073 
-0.0449182 0.0002 0.00305163 
-0.0560001 0.07675170000000001 0.0034803 
-0.052192 0.0698925  0.023 
-0.0594359 0.0826945 0.0198693 
-0.0516314 0.00878723 0.019056 
-0.0281458 0.0452 -0.00719793 
-0.0594003 0.0572107 -0.0185062 
-0.0598 0.0319509 -0.000887753 
-0.0379782 0.0730442 0.022127 
-0.0193944 0.00553755 0.0110254 
-0.0158164 0.0536641 -0.00224811 
-0.0303 0.0637548 0.00320173 
-0.0146865 0.0498746 -0.011695 
-0.0598 0.0560084 0.0102727 
-0.0393747 0.06374870000000001 -0.00298627 
-0.0583231 0.0692319 0.0215473 
-0.0195411 0.0464 0.00274084 
-0.0598 0.0615611 -0.00381243 
-0.0507372 0.0278475 -0.0177877 
-0.028009 0.00168292 -0.009777930000000001 
-0.009064529999999999 0.0466353 0.00336472 
-0.0394026 0.0185401 -0.00497624 
-0.0132733 0.0002 -0.00195245 
-0.0490222 0.07577979999999999 0.0182 
-0.0416087 0.0634507 -0.00410948 
-0.0463582 0.0637529 -0.0126181 
-0.0157222 0.009273119999999999 0.0114114 
-0.049715 0.0580568 -0.0198677 
-0.0532268 0.0608897 -0.0221867 
-0.0477713 0.0676501 -0.0167 
-0.00602727 0.0491177 0.00619193 
-0.0213442 0.0557842 0.009630680000000001 
-0.0598 0.0183803 0.0159912 
-0.0413786 0.0631289 0.022894 
-0.0589795 0.06414309999999999 0.0207405 
-0.0170942 0.0497522 0.00708909 
-0.0571108 0.07534780000000001 -0.00955336 
-0.055 0.08154839999999999 -0.00568846 
-0.0389146 0.0187306 0.0044247 
-0.0568118 0.0762594 0.0225768 
-0.0575538 0.00947748 -0.0117591 
-0.0555181 0.0663731 0.00309375 
-0.0598 0.0208101 0.0146845 
-0.0310174 0.0651294 -0.00157631 
-0.0539776 0.0365245 0.0197102 
-0.055024 0.075267 0.00223583 
-0.0336607 0.00526703 -0.0121714 
-0.0225865 0.0564 -0.0028292 
-0.0280743 0.00816273 0.0101982 
-0.0358988 0.0806876 -0.0167 
-0.0445497 0.0414467 -0.010794 
-0.0535936 0.00591172 -0.00149688 
-0.0374268 0.0002 0.00229118 
-0.057467 0.06428680000000001 -0.0131632 
-0.0419921 0.0137052 0.0146152 
-0.0550131 0.0607613 0.0221208 
-0.0164504 0.0528228 0.00829886 
-0.0454448 0.0599223 0.0216258 
-0.0255774 0.0452 -0.00993546 
-0.00231729 0.00568721 -0.00708268 
-0.0342246 0.0642576 0.0114666 
-0.0303 0.0573011 -0.000932998 
-0.00530213 0.00427354 0.00702362 
-0.0467716 0.0002 -0.00747012 
-0.0402927 0.0557696 -0.0147171 
-0.0378738 0.0406142 -0.00324822 
-0.0148981 0.00220434 -0.00670405 
-0.0598 0.0136511 0.00471014 
-0.0429978 0.0485374 0.0157555 
-0.0171403 0.0543989 -0.0110899 
-0.0422486 0.06596730000000001  0.023 
-0.0363903 0.0440014 -0.0120006 
-0.0374869 0.0105075 0.0130304 
-0.015023 0.0553336 -0.0108759 
-0.0139597 0.0002 0.000356479 
-0.0582351 0.010091 -0.01145 
-0.0503682 0.0721958 0.0182 
-0.00312458 0.00798449 -0.00806553 
-0.0422851 0.0432786 0.0154406 
-0.008806339999999999 0.00408265 0.00701549 
-0.0513013 0.0741081 -0.023 
-0.0273407 0.0115 -0.00388483 
-0.0303 0.0612924 -0.00334116 
-0.00711299 0.0023449 -0.0108126 
-0.055 0.07961699999999999 0.0147952 
-0.0417023 0.0152592 -0.00757555 
-0.0598 0.0181502 0.00430052 
-0.0146086 0.0484 -0.000116664 
-0.0049449 0.008999999999999999 -0.00197716 
-0.0598 0.0554914 -0.0110067 
-0.0598 0.07898040000000001 0.00264804 
-0.0519576 0.0654 0.00838502 
-0.0534188 0.023582 -0.0197102 
-0.038841 0.0276535 -0.00434145 
-0.0565275 0.008553430000000001 0.0159574 
-0.0598 0.07077170000000001 -0.0124704 
-0.0382655 0.06309910000000001 0.00455045 
-0.0460376 0.0711161 0.0182 
-0.0598 0.0316267 0.000701482 
-0.050885 0.0646187 -0.023 
-0.0588143 0.010714 0.0173514 
-0.0310492 0.0500455 -0.0111689 
-0.0280171 0.00802598 -0.0101929 
-0.0384792 0.06885960000000001 0.0224249 
-0.0598 0.0354082 0.0163434 
-0.0598 0.07167850000000001 0.014328 
-0.00940532 0.0519955 0.00604557 
-0.0556582 0.0654527 -0.009553819999999999 
-0.0429678 0.0623716 0.0227376 
-0.00478887 0.0484 -0.00112809 
-0.0598 0.0311548 0.00133417 
-0.0598 0.0463504 -0.00342418 
-0.0082021 0.0484 -0.000134392 
-0.0508923 0.0673989 0.0221847 
-0.0479266 0.082389 0.0228319 
-0.0310515 0.0002 -0.00335033 
-0.0598 0.0317945 -0.00394274 
-0.0597864 0.0296884 0.016993 
-0.0370455 0.0573286 0.0134706 
-0.0374629 0.0689472 0.0163 
-0.0365043 0.0571496 0.0132629 
-0.032506 0.059635 0.0117281 
-0.0598 0.0474451 0.009330359999999999 
-0.0349956 0.0530959 0.0126838 
-0.00679568 0.00803744 -0.00652854 
-0.0359349 0.0621821 -0.018484 
-0.055 0.0785189 0.00699298 
-0.0598 0.061716 -0.0115439 
-0.00686437 0.0523292 0.00235856 
-0.0490727 0.0028352 0.0163403 
-0.0533918 0.0642648 -0.00494074 
-0.0447864 0.0479254 -0.0164421 
-0.043542 0.0656616  0.023 
-0.0136177 0.00609515 0.0118893 
-0.00123345 0.00831224 -0.00528346 
-0.0553339 0.00747869 0.0107162 
-0.0598 0.0645752 0.000158601 
-0.0583058 0.08399429999999999 0.0201471 
-0.026984 0.0115 -0.0032506 
-0.0598 0.0722772 -0.000714516 
-0.00530014 0.00283073 -0.00287791 
-0.0598 0.0730508 0.00132447 
-0.0534398 0.0654 0.0156021 
-0.0579996 0.0721224 0.0218419 
-2.96755e-05 0.0484171 0.000693191 
-0.055 0.0812813 0.0153394 
-0.0194272 0.0059684 -0.011022 
-0.0190393 0.0562371 -0.00324021 
-0.0574564 0.00938983 0.0123207 
-0.0426531 0.0145 -0.00994685 
-0.0519234 0.0805979 -0.023 
-0.0550105 0.06340899999999999 -0.0122668 
-0.0598 0.0362601 0.0156946 
-0.0376699 0.0326171 -0.00301783 
-0.055 0.07828789999999999 0.00577352 
-0.0134666 0.0518009 0.0119086 
-0.0472958 0.0342419 0.0138979 
-0.055 0.0757192 0.00183745 
-0.0341043 0.0639198 0.0053885 
-0.0399983 0.0824 0.0189278 
-0.00826138 0.0511428 -0.00724952 
-0.0243012 0.00307114 -0.0105041 
-0.00623245 0.00679884 0.00357542 
-0.00538091 0.0556259 0.008785609999999999 
-0.0365221 0.0205368 -0.00172045 
-0.0522547 0.00470619 -0.00569892 
-0.0533356 0.0828334 -0.0226328 
-0.0598 0.0380005 0.009286000000000001 
-0.0443059 0.063668 0.0120686 
-0.0225684 0.0002 -0.00738563 
-0.055 0.066343 0.00688885 
-0.015437 0.0551141 0.00271491 
-0.0533341 0.0717619 0.0163 
-0.00502634 0.0464 0.007902859999999999 
-0.0598 0.048046 0.0150887 
-0.0153694 0.0471073 0.0047086 
-0.0221841 0.0452 0.00236263 
-0.0547203 0.0223311 0.0197102 
-0.0434162 0.0145 0.009586300000000001 
-0.0499394 0.0117452 0.0184201 
-0.0389123 0.0425 -0.008792619999999999 
-0.0240688   0.01 0.00959073 
-0.0430333 0.0145 -0.0108969 
-0.0183064 0.0471029 0.0111398 
-0.0539158 0.0830447 0.0188699 
-0.0558189 0.0079154 -0.00204437 
-0.0598 0.0278294 0.0150859 
-0.0403577 0.0751911 -0.0167 
-0.0481244 0.0552061 0.0177234 
-0.0528103 0.0515168 0.0195222 
-0.0594316 0.06515120000000001 0.00664598 
-0.00369115   0.01 0.008482399999999999 
-0.0169494 0.00792761 0.00723619 
-0.0450862 0.0406878 0.0114004 
-0.0503005 0.0698488 0.0163 
-0.0579533 0.0216219 0.0120488 
-0.055 0.0794768 0.00871779 
-0.00389183 0.0464 0.00757317 
-0.00751679 0.0464 -0.008454390000000001 
-0.015498 0.0564 0.00134645 
-0.0303 0.0589501 0.00116057 
-0.055 0.0830216 -0.0057906 
-0.0507278 0.0638514 0.00368142 
-0.0598 0.077862 -0.00784135 
-0.053396 0.00573386 -0.00324492 
-0.059374 0.0146262 0.0182481 
-0.008801730000000001 0.00547524 -0.00700307 
-0.009400499999999999 0.0470269 -0.0117084 
-0.0477429 0.0741517 0.0182 
-0.0354608 0.0654 -0.00833393 
-0.0381283 0.0363609 0.00353593 
-0.0539786 0.0823699 0.0228382 
-0.00486608 0.00956453 -0.00316453 
-0.0542639 0.0744134  0.023 
-0.0420443 0.018627 0.007962159999999999 
-0.0585973 0.07520010000000001 0.0148959 
-0.0598 0.0510437 0.00343994 
-0.0592176 0.0497221 -0.0184829 
-0.0594964 0.06694749999999999 0.0197152 
-0.0444023 0.0641921 -0.00253346 
-0.0377863 0.0372569 0.00314933 
-0.0479587 0.0145 -0.0161363 
-0.0361956 0.0239589 0.00135135 
-0.0586021 0.08379499999999999 -0.00288701 
-0.0570323 0.009007970000000001 0.00140569 
-0.0583428 0.0133597 -0.019281 
-0.0529846 0.00536341 0.009571319999999999 
-0.0347798 0.0425175 -0.00695929 
-0.00547264 0.0538711 0.0100219 
-0.026353 0.00424137 -0.0102941 
-0.00625764 0.0523583 -0.00196477 
-0.0369363 0.0002 -0.00600978 
-0.0413241 0.0002 -0.00474436 
-0.0415805 0.07901850000000001 0.0182 
-0.038536 0.0279181 -0.0039967 
-0.0562227 0.07366780000000001 0.00386884 
-0.0230049   0.01 0.00360289 
-0.0241844 0.0491968 -0.010522 
-0.0585108 0.034333 0.019174 
-0.0283132 0.0002 -0.00515905 
-0.0486498 0.00320862 -0.0168427 
-0.0407607 0.0438928 0.0145083 
-0.0401196 0.0241609 0.00578663 
-0.053864 0.0461159 0.0132265 
-0.0598 0.066858 0.00567217 
-0.0365891 0.0654 -0.009472410000000001 
-0.0461757 0.0525633 -0.0169754 
-0.028733 0.0105886 0.00561719 
-0.0333207 0.0428793 -0.00456955 
-0.0537164 0.0475888 0.0197102 
-0.0251732 0.00236377 -0.0102963 
-0.040506 0.0002 0.0105832 
-0.055 0.06793399999999999 0.00702424 
-0.059739 0.08199049999999999 0.00488262 
-0.0524237 0.0641357 0.013809 
-0.0448255 0.0155319 0.0111057 
-0.0311429 0.0002 -0.00201573 
-0.0446948 0.0331916 0.010958 
-0.055 0.0658504 0.00733624 
-0.0390657 0.0201883 -0.00459543 
-0.0451429 0.0824 0.0223816 
-0.0598 0.0204924 -0.00772237 
-0.0479382 0.027292 0.0146239 
-0.0544364 0.008621240000000001 -0.0192045 
-0.0387668 0.0385693 -0.00425755 
-0.0322166 0.0452 0.00604349 
-0.0153226 0.0564 0.00067499 
-0.0466818 0.077601 0.0182 
-0.0139348 0.00479787 0.0118389 
-0.0080681 0.0002 0.00121122 
-0.0498905 0.0704 0.0176341 
-0.0526384 0.0739504  0.023 
-0.00129431 0.008999999999999999 -0.0021462 
-0.0566532 0.0757644 0.0106721 
-0.052657 0.06961009999999999 -0.0185026 
-0.0598 0.075655 -0.0146129 
-0.0389821 0.0639633 0.0035671 
-0.057477 0.0465719 -0.0117078 
-0.0536535 0.00596564 -0.00966144 
-0.0510839 0.0257939 0.0181795 
-0.0487671 0.0625092 0.0227707 
-0.0131193 0.0464 0.00735204 
-0.0598 0.0327378 0.00617643 
-0.0114694 0.0002 -0.00259533 
-0.0471456 0.0372407 -0.0137281 
-0.0520781 0.0578718 0.0196235 
-0.0493464 0.0425 -0.0170962 
-0.0484259 0.0241526 0.0151752 
-0.0419212 0.0333701 -0.00782295 
-0.0365931 0.0375628 0.00180064 
-0.042869 0.00278954 0.015673 
-0.0407541 0.0425 0.00724676 
-0.0495736 0.0286522 -0.0164724 
-0.0598 0.026609 -0.0161464 
-0.0580088 0.00988723 0.000753289 
-0.0534303 0.0179947 0.0197102 
-0.0595302 0.0217538 -0.0121425 
-0.0397531 0.0300118 -0.00537243 
-0.025428 0.0462828 0.0103913 
-0.039405 0.07614310000000001 -0.0227978 
-0.0415701 0.06870759999999999  0.023 
-0.0598 0.0188698 -0.0113068 
-0.021284 0.0524131 0.0108268 
-0.0058735 0.0498967 -0.00386771 
-0.012928 0.00985449 0.00373928 
-0.016874 0.047036 0.00335304 
-0.0567972 0.06606629999999999 -0.00198044 
-0.036382 0.0162481 0.00156206 
-0.0138617 0.0478464 0.0118511 
-0.0247424 0.0562701 -0.008316769999999999 
-0.0512106 0.00376604 0.00600466 
-0.0375835 0.0529573 -0.0136772 
-0.0191991 0.0499622 0.00346049 
-0.0557857 0.039947 -0.0197102 
-0.0359456 0.0658667 -0.0167 
-0.0598 0.0173375 -0.012835 
-0.0261892 0.0112249 -0.00392119 
-0.0598 0.0743072 -8.177549999999999e-06 
-0.0587576 0.073479 0.021051 
-0.0398532 0.0145 -0.0118539 
-0.038598 0.0328438 0.00406679 
-0.0404308 0.0527759 -0.0147701 
-0.055 0.0713519 -0.00631336 
-0.0581028 0.0651352 -0.00977042 
-0.0598 0.0367466 0.0164678 
-0.0568779 0.0207091 0.0121813 
-0.0598 0.0526937 0.0047584 
-0.0376975 0.0481894 -0.0137209 
-0.00958999 0.00969326 0.00329326 
-0.054269 0.0661996 0.0163 
-0.00907941   0.01 -0.00940128 
-0.00486193 0.054797 -0.00920585 
-0.0467868 0.00331101 0.0169923 
-0.0413934 0.00511386 0.0151396 
-0.055 0.0840434 -0.00046397 
-0.0112751 0.0517719 -0.00142473 
-0.0555189 0.019039 0.0197102 
-0.0590828 0.0581197 0.019951 
-0.0467188 0.0343248 0.0132457 
-0.0401179 0.0002 0.0113635 
-0.00844718 0.0545399 0.00727661 
-0.0377007 0.0002 -0.00992201 
-0.0416911 0.0645878 0.00292944 
-0.0598 0.0444595 -0.000639977 
-0.055 0.0692696 0.00472941 
-0.0283024   0.01 0.00926631 
-0.0364842 0.0239921 -0.00167758 
-0.0354405 0.0425 0.00206199 
-0.0355253 0.0347354 0.000593788 
-0.0017801 0.0551193 -0.00517579 
-0.0598 0.0526781 -0.00519451 
-0.0187432   0.01 0.000191567 
-0.0551273 0.00729267 0.0104471 
-0.0522447 0.0742766 0.0163 
-0.0196495 0.0469665 -0.0109986 
-0.039523 0.08084529999999999 0.0228339 
-0.037983 0.0505845 -0.0138305 
-0.0598 0.059138 -0.00532993 
-0.0538409 0.0709601 -0.0177 
-0.0303 0.0612496 0.0016435 
-0.0322721 0.0127721 -0.00206666 
-0.0375831 0.0640512 -0.0218123 
-0.0583106 0.0736788 -0.0125424 
-0.050204 0.0651571 -0.014052 
-0.0486953 0.0185805 0.0154797 
-0.037138 0.0631835 0.00436344 
-0.0598 0.0622797 -0.00149586 
-0.0555733 0.0659431 -0.00185456 
-0.0143034 0.0534664 -0.0117727 
-0.0209196 0.0452 -0.009335329999999999 
-0.0303 0.0564597 -0.00751389 
-0.0570229 0.0843903 0.00430165 
-0.0551956 0.0736009 0.00393723 
-0.009590390000000001 0.0484881 -0.0117552 
-0.0598 0.0359116 0.00923181 
-0.0571177 0.00908486 -0.00692466 
-0.0332146 0.0495452 0.0120001 
-0.0598 0.0685009 0.0132684 
-0.0420807 0.0646984 0.0143836 
-0.0351587 0.0271828 0.000179401 
-0.0463699 0.0654 -0.0080813 
-0.043274 0.0416302 -0.009352060000000001 
-0.052527 0.0580766 -0.0198929 
-0.0372944 0.0637152 -0.0125795 
-0.00630967 0.0477548 -0.0105551 
-0.00632289 0.000466671 0.00806599 
-0.055262 0.0670915 -0.0125727 
-0.0598 0.0587172 0.0158243 
-0.0390217 0.0192719 0.00454571 
-0.0527162 0.0725901 -0.0172389 
-0.0321286 0.0440714 0.00120233 
-0.0359153 0.0728261 -0.0190455 
-0.0486201 0.0752028  0.023 
-0.0186026 0.0538847 0.00281791 
-0.0534895 0.00581804 0.00924816 
-0.0598 0.059396 0.0104111 
-0.0543955 0.0205508 0.0129696 
-0.0354325 0.0135921 -0.008982850000000001 
-0.00837063 0.0542302 -0.00254673 
-0.0405437 0.0630873 -0.0119384 
-0.0438257 0.009490989999999999 0.0160733 
-0.0543138 0.0784827 -0.023 
-0.0467049 0.0425 0.0143311 
-0.0475242 0.07041 0.0182 
-0.0598 0.0382577 0.00042959 
-0.0303 0.0579757 -0.0035606 
-0.0379555 0.06400980000000001 0.00351961 
-0.055299 0.0468564 0.0119795 
-0.0338317 0.0432939 -0.00694214 
-0.00473675 0.0554561 -0.00613328 
-0.00806922 0.0505144 -0.00734042 
-0.0444875 0.0592683 0.0211371 
-0.0133286 0.055372 -0.0008895109999999999 
-0.0523376 0.0724582 -0.0171336 
-0.0241437   0.01 0.00422813 
-0.0598 0.0789248 -0.0103204 
-0.0591045 0.06948699999999999 -0.0205426 
-0.0421607 0.0717313 0.0182 
-0.0383062 0.0145318 -0.00373693 
-0.0434745 0.000430971 -0.0139559 
-0.0176568 0.00765751 0.00651453 
-0.0514052 0.0471091 0.0189828 
-0.0377718 0.007979200000000001 0.0137494 
-0.0441655 0.00569933 0.0162038 
-0.00561421 0.0484 0.000976137 
-0.0588792 0.07544729999999999 0.0103483 
-0.0414959 0.0145 -0.0128297 
-0.0404692 0.0237225 0.00618175 
-0.015514 0.0065 -0.00573457 
-0.0598 0.045259 -0.016426 
-0.0598 0.0345827 -0.0104435 
-0.0598 0.0282191 -0.00593807 
-0.00747503 0.00352542 0.0022849 
-0.0392783 0.0231309 0.00483573 
-0.0503369 0.0734756 -0.023 
-0.0598 0.0457535 0.0129159 
-0.0303 0.0622685 -0.000644776 
-0.0598 0.0234271 -0.00346325 
-0.0161081 0.0464 0.009865799999999999 
-0.055 0.0684734 -0.00536764 
-0.0432287 0.0657973 -0.0167 
-0.0441934 0.0654 0.000347466 
-0.0598 0.0240379 -0.009304349999999999 
-0.009663400000000001 0.008999999999999999 1.44254e-05 
-0.0492333 0.0019857 -0.00423604 
-0.0573135 0.0756512 0.0223221 
-0.0419131 0.0002 -0.00444566 
-0.048138 0.00112214 0.0145307 
-0.00285456 0.0484 0.000835085 
-0.0129791 0.008999999999999999 -0.000711854 
-0.0496 0.084062 -0.0164376 
-0.0354724 0.0282382 0.000533926 
-0.0580692 0.0664595 0.0217798 
-0.0464494 0.07117759999999999  0.023 
-0.0509149 0.0710972 -0.0229779 
-0.0598 0.0407223 0.0144566 
-0.0159561 0.0499 -0.00300701 
-0.055 0.0827555 -6.44228e-05 
-0.012481 0.0464 0.00764464 
-0.0506671 0.030046 -0.0177084 
-0.0207133 0.0002 0.00521146 
-0.0193776 0.000468726 0.00925832 
-0.0448287 0.0567768 -0.0174011 
-0.0595505 0.08015129999999999 0.0195588 
-0.0401849 0.0425 0.00811427 
-0.00588757 0.0087075 -0.00385204 
-0.018839 0.0499 -0.00373622 
-0.0388198 0.0230576 0.00431749 
-0.0153894 0.00314846 0.00274732 
-0.0348799 0.0145 0.00128187 
-0.0431195 0.0369918 -0.00917743 
-0.0109546 0.0534728 -0.011947 
-0.0326013 0.0121532 -0.0073586 
-0.0598 0.0640623 -0.000655377 
-0.0278941 0.0564 -0.00256499 
-0.0598 0.0756457 -0.00699242 
-0.0195282 0.00387572 0.00415666 
-0.0219961   0.01 0.00444852 
-0.0537023 0.0605178 -0.0219929 
-0.01626 0.0464826 0.0113549 
-0.0560644 0.06739779999999999 0.01306 
-0.046536 0.0145 -0.0137185 
-0.03876 0.0488072 0.0141288 
-0.0571592 0.0345847 -0.0196873 
-0.0246012   0.01 0.00622329 
-0.0464077 0.0002 0.00685102 
-0.0386783 0.0416099 -0.00415758 
-0.0405317 0.0425 -0.0147007 
-0.0441855 0.0388289 0.0103824 
-0.0583952 0.0466262 -0.0116524 
-0.0439077 0.0801045  0.023 
-0.048936 0.0293063 0.0157517 
-0.0377166 0.0836739 -0.0167 
-0.0474992 0.00544089 -0.0174834 
-0.0317685 0.0115 0.00716355 
-0.0506285 0.0812518 -0.023 
-0.0499365 0.00261887 -0.00805006 
-0.023069 0.0466374 -0.0106392 
-0.0546356 0.07745829999999999 -0.0155 
-6.88047e-06 0.0519398 -0.000319078 
-0.0551986 0.0584008 -0.0202895 
-0.0327153 0.0448665 0.00593956 
-0.0598 0.0642249 -0.0160327 
-0.00441642 0.00259561 -0.004367 
-0.0464107 0.000565508 0.0153851 
-0.0154937 0.0499 0.00405095 
-0.0303 0.0581891 -0.00474 
-0.0386381 0.0413854 -0.00411207 
-0.044443 0.0002 -0.008574480000000001 
-0.0598 0.0303988 0.00500579 
-0.0388065 0.0296427 0.00430248 
-0.0363171 0.0145 -0.00342621 
-0.0508279 0.0711542 -0.023 
-0.0581168 0.06587800000000001 -0.0217359 
-0.0542107 0.0264422 0.0197102 
-0.0412286 0.000479422 -0.0132168 
-0.0142676 0.00618543 0.00465357 
-0.0396481 0.0654 0.00174965 
-0.055 0.07835060000000001 0.009324219999999999 
-0.0225019 0.0452 0.000351449 
-0.0436088 0.0654 -0.0143369 
-0.0117049 0.0499964 0.00196763 
-0.0444343 0.0723066 -0.0167 
-0.0167211 0.0531051 -0.00763981 
-0.0402599 0.0002 -0.000449786 
-0.0592364 0.0110897 -0.00761475 
-0.0587414 0.0406857 0.0189969 
-5.84379e-05 0.0486916 -0.00114347 
-0.0185152 0.008143589999999999 -0.0111178 
-0.0262794 0.0002 -0.00202909 
-0.0598 0.0343122 0.00972788 
-0.009517930000000001 0.0499889 -0.0117392 
-0.0423042 0.0349653 -0.00825587 
-0.0421412 0.0567485 -0.0173113 
-0.0522779 0.0641669 -0.0107592 
-0.0135319 0.0495196 -0.000457093 
-0.0231405   0.01 -0.0079846 
-0.0188223 0.0499 -0.00349642 
-0.0598 0.060392 0.00958465 
-0.055 0.0733892 -0.00697284 
-0.0597888 0.0816568 -0.0116263 
-0.0232183   0.01 0.00702692 
-0.0562751 0.07338699999999999 0.00484437 
-0.0312417 0.0591012 -0.0108569 
-0.0472579 0.0347495 -0.013855 
-0.0339471 0.0517606 0.0122813 
-0.0598 0.07260229999999999 -0.0146511 
-0.0476252 0.000537742 0.009257130000000001 
-0.0538337 0.055247 0.0197102 
-0.00173939 0.0545874 -0.00570893 
-0.0595375 0.062464 -0.0195908 
-0.0598 0.0410935 0.0116091 
-0.0155552 0.00406521 -0.00251479 
-0.0443542 0.0320361 0.010573 
-0.0370662 0.0216571 0.00233538 
-0.0506461 0.0176836 0.0176847 
-0.0455924 0.0002 0.0117148 
-0.0598 0.0438196 0.00492686 
-0.0120635 0.0485333 0.00219924 
-0.0017895 0.008999999999999999 0.00253248 
-0.0576268 0.0368974 0.0195934 
-0.0578963 0.0378297 0.0195019 
-0.0337679 0.06437900000000001 -0.0105426 
-0.0598 0.06811349999999999 0.0162374 
-0.0419669 0.0273107 0.007874610000000001 
-0.039642 0.0260688 -0.00524679 
-0.0472291 0.0682931 -0.023 
-0.014108 0.0550037 -0.0113321 
-0.0455897 0.0215271 0.0119695 
-0.00780412 0.0543844 -0.00192204 
-0.0598 0.0256187 0.00526041 
-0.040083 0.0633683 -0.0228691 
-0.0445879 0.0812162 -0.0167 
-0.043213 0.0308132 -0.00928316 
-0.0374355 0.0117559 0.0120104 
-0.00616602 0.0562121 -0.00816306 
-0.0303 0.0604079 -0.00580979 
-0.0451066 0.0300173 -0.0114234 
-0.043423 0.000815505 0.0146516 
-0.0113148 0.0002 -0.00280433 
-0.0351096 0.0436596 0.0070145 
-0.0598 0.0448996 0.00964957 
-0.0498953 0.0566005 0.0184032 
-0.0598 0.0690605 0.00627717 
-0.0275698   0.01 0.00479254 
-0.0390694 0.0425 -0.00518725 
-0.0501685 0.0254156 0.0171448 
-0.0198312 0.0464 -0.00346002 
-0.0598 0.0433685 0.00234415 
-0.0333966 0.0002 -0.000548278 
-0.0574858 0.0843179 0.0162667 
-0.0538 0.0468357 0.0129586 
-0.00151119 0.00972433 -0.00582358 
-0.0145556 0.00606202 -0.00370692 
-0.0152749 0.0524433 0.00283468 
-0.035515 0.00168416 0.0124419 
-0.0466379 0.0174374 -0.0131543 
-0.00713864 0.0526788 0.00871181 
-0.0363542 0.0769772 -0.0202779 
-0.0292474 0.00607663 0.0104772 
-0.058011 0.0575322 -0.0194542 
-0.0303911 0.0633879 0.0101699 
-0.0296278 0.0564 0.00612318 
-0.0445268 0.06826260000000001 -0.023 
-0.0444043 0.08034230000000001 -0.0167 
-0.0522846 0.0235676 -0.0193204 
-0.0540391 0.0253497 0.0197102 
-0.00372745 0.00538887 0.00868789 
-0.0535253 0.0401267 0.0197102 
-0.000257595 0.0525536 -0.00246396 
-0.00797755 0.000251191 -0.00864873 
-0.0548931 0.0844 -0.0161956 
-0.0334473 0.0432498 0.00423882 
-0.0408977 0.0700553 -0.0167 
-0.00556712 0.00743664 0.0101245 
-0.057631 0.0755772 -0.009680909999999999 
-0.0531675 0.0654 -0.008835580000000001 
-0.0598 0.0303476 0.0102038 
-0.0291898 0.0556818 -0.00934313 
-0.0481913 0.0178055 -0.0149101 
-0.055 0.0822411 0.00395378 
-0.0505747 0.00319352 -0.0141215 
-0.0598 0.0698141 -0.00184749 
-0.0228884 0.0002 -0.00363088 
-0.0304517 0.00519962 0.0109395 
-0.0116256   0.01 0.009678630000000001 
-0.0194318 0.0065 -0.00543799 
-0.0533529 0.0824 0.0224431 
-0.04877 0.0752792  0.023 
-0.026929 0.0564 -0.00705045 
-0.0584516 0.045904 0.0126249 
-0.0119897 0.0002 0.00561861 
-0.0201888   0.01 -0.00121662 
-0.0598 0.015161 0.0105788 
-0.0414311 0.0145 -0.0138109 
-0.04093 0.0139641 -0.0149617 
-0.0361234 0.0649096 -0.0137992 
-0.051948 0.0579153 0.0196846 
-0.0203076 0.0464 -0.00457555 
-0.0455896 0.061837 0.0225733 
-0.0368262 0.052299 0.0133865 
-0.0416338 0.0238051 -0.0074982 
-0.0473546 0.0327844 0.0139643 
-0.0451751 0.0236641 -0.0115008 
-0.059789 0.033126 0.0169623 
-0.0482151 0.0288216 0.0149369 
-0.00913661 0.0519065 0.00649908 
-0.0395542 0.0710648 -0.0167 
-0.00116765 0.0494131 0.00515669 
-0.0253444 0.055639 -0.00938804 
-0.00182856 0.00958236 0.00634775 
-0.059227 0.0648426 0.0203191 
-0.0598 0.07605389999999999 0.00186467 
-0.0252206 0.0452 0.00725974 
-0.0597534 0.0764965 -0.0106197 
-0.0487975 0.06415419999999999 -0.0130278 
-0.0460457 0.0393545 -0.0124849 
-0.0559952 0.07601280000000001 0.0109257 
-0.0174383   0.01 -0.000372886 
-0.0370809 0.0586562 0.0176805 
-0.0573862 0.08434 0.00308872 
-0.0379533 0.0739696 0.0182 
-0.0509979 0.0237824 -0.0180824 
-0.0117503 0.0002 -0.0005851469999999999 
-0.0412213 0.0650676 0.00656054 
-0.0561905 0.0844 -0.0099912 
-0.036199 0.0707135 0.0182 
-0.0247287 0.0452 -0.00899471 
-0.014316 0.00283544 0.00553272 
-0.0360069 0.0425 -0.008247269999999999 
-0.0598 0.0684792 -0.00687519 
-0.0581856 0.0219634 -0.0193685 
-0.0516207 0.0662247 0.0205349 
-0.0498585 0.06376999999999999 0.0134355 
-0.00968626 0.00162635 -0.00552286 
-0.0456714 0.0631577 0.0125898 
-0.0502475 0.0558139 0.0185384 
-0.0518612 0.0311581 -0.0190581 
-0.044923 0.047668 0.0164945 
-0.059796 0.0418405 -0.0168367 
-0.0314297 0.0612672 0.0110583 
-0.0289331 0.0452 0.008087540000000001 
-0.0543276 0.008599849999999999 -0.0192129 
-0.0598 0.0538469 -0.0141083 
-0.0299974 0.0452 0.00550721 
-0.0487485 0.0650047 -0.00569633 
-0.0598 0.0768233 -0.00267133 
-0.0482728 0.0120136 -0.0177804 
-0.0598 0.07310319999999999 0.0173429 
-0.0447977 0.0002 -0.0116647 
-0.0425195 0.0428501 0.0150468 
-0.0503351 0.0760969 -0.0155 
-0.0356962 0.00899691 0.0129527 
-0.057812 0.0215653 -0.01195 
-0.055 0.07015970000000001 -0.0117218 
-0.0479248 0.0148276 -0.0146088 
-0.00435848 0.0006030779999999999 -0.00473933 
-0.0267615 0.0542959 0.0101105 
-0.0337347 0.0536549 0.0121997 
-0.0463361 0.0109255 -0.017037 
-0.0522686 0.0824 0.0203415 
-0.0518 0.0753822 0.0163502 
-0.0581632 0.0114514 -0.0189935 
-0.0120999 0.00245306 0.0118971 
-0.0332788 0.0444467 -0.00818398 
-0.0168669 0.000317617 0.00910535 
-0.055 0.0769402 0.0112898 
-0.0213549 0.0002 0.00761559 
-0.0460847 0.057467 -0.0189908 
-0.0418359 0.0437265 0.0153095 
-0.0542976 0.07935499999999999 -0.023 
-0.0159984 0.00474111 0.00783731 
-0.050122 0.047061 -0.0184902 
-0.0545439 0.0231125 -0.0197102 
-0.0295078 0.009701370000000001 -0.0105772 
-0.018589 0.0065 0.00653877 
-0.0514722 0.0608891 0.0221828 
-0.0593521 0.0829722 -0.0159226 
-0.0507916 0.0374877 -0.0178491 
-0.0598 0.0154933 0.0108207 
-0.00375343 0.000334215 0.00542517 
-0.0425104 0.061665 0.022518 
-0.0375276 0.0745108 0.0182 
-0.0431653 0.000201993 -0.0126888 
-0.0394789 0.000594895 -0.0127838 
-0.0579645 0.0407658 0.0194739 
-0.0237757 0.0105301 0.00141779 
-0.0598 0.08128779999999999 0.00602115 
-0.0519028 0.0678354 -0.0155 
-0.0574369 0.0257225 -0.0196398 
-0.0456487 0.0396043 0.0120362 
-0.0380255 0.0654 -0.0148887 
-0.0129458 0.009349420000000001 0.00321014 
-0.0202818 0.00408666 0.0109322 
-0.0583659 0.0470926 0.0192663 
-0.0337466 0.0002 0.00636536 
-0.0356539 0.0528682 0.0129365 
-0.0517671 0.0634922 0.0040482 
-0.0598 0.0449658 -0.012393 
-0.0409785 0.0130825 0.0143398 
-0.0333506 0.0138506 -0.000994906 
-0.0441821 0.0639885 0.0136586 
-0.0596843 0.0120187 -2.81278e-05 
-0.0261268   0.01 -0.00592306 
-0.0598 0.016559 -0.000926703 
-0.0372423 0.0485384 0.0135462 
-0.0231751 0.0070172 0.0106281 
-0.0396265 0.0127714 0.0131371 
-0.0598 0.0150155 0.00144885 
-0.0131337 0.0464 0.00492381 
-0.011001 0.0002 -0.00448051 
-0.0311398 0.0002 -0.00681845 
-0.0577943 0.0586477 0.0205567 
-0.0147892 0.0002 -0.000224891 
-0.039683 0.0002 -0.00736399 
-0.0326988 0.0002 -0.008412640000000001 
-0.0516703 0.0438769 0.0190846 
-0.0598 0.0129766 -0.00107647 
-0.0358 0.0665092 -0.0167715 
-0.0282422   0.01 0.00859005 
-0.0598 0.0267494 -0.0116902 
-0.0598 0.0790307 -0.00173135 
-0.0276135 0.0108056 -0.005287 
-0.0538919 0.00618032 0.0130047 
-0.041147 0.0429461 0.0134723 
-0.0370169 0.0738166 0.0182 
-0.0543352 0.0702632 -0.0210841 
-0.055612 0.0559614 0.0197102 
-0.0517551 0.0739476 0.0182 
-0.0587499 0.08367860000000001 -0.0122756 
-0.0104592 0.0552976 0.000429028 
-0.0537017 0.0654 0.0161221 
-0.0421528 0.0788793 -0.023 
-0.00492979 0.0464 -0.00367558 
-0.05262 0.0652797 -0.00142286 
-0.0591778 0.070885 -0.0204083 
-0.0386665 0.0568791 -0.0149831 
-0.0371291 0.0580067 -0.013823 
-0.0478748 0.0654 -0.00615661 
-0.008131680000000001 0.0539059 -0.00228324 
-0.0598 0.0301283 -0.010101 
-0.0181737 0.0543749 -0.00234062 
-0.055 0.07374269999999999 0.00749794 
-0.009599399999999999 0.0531378 -0.00544957 
-0.0146874 0.0564 0.000173928 
-0.0188501 0.0499909 -0.00303134 
-0.055 0.0670181 -0.0111267 
-0.059623 0.082415 0.00413231 
-0.05583 0.0749649 -0.0138556 
-0.000379997 0.0496618 0.00299191 
-0.0327101 0.0002 0.00273341 
-0.0598 0.0220831 -0.00671032 
-0.0598 0.0172715 0.000289623 
-0.0422578 0.0495366 -0.0154715 
-0.054686 0.07238890000000001 -0.0183308 
-0.0575433 0.00946805 -0.00902269 
-0.0412222 0.0654 0.00892046 
-0.0598 0.0486239 0.009728209999999999 
-0.029174 0.0452 -0.00184376 
-0.0483625 0.0803031 -0.023 
-0.0150749 0.0065 0.00606976 
-0.0303 0.0621971 0.009399940000000001 
-0.049057 0.0181656 -0.0158886 
-0.0377099 0.0002 -0.00122367 
-0.0534714 0.0684261 -0.0155 
-0.0356729 0.017359 0.000760533 
-0.0416637 0.0357364 -0.00753189 
-0.00182672 0.00374213 0.00636255 
-0.0350786 0.0289174 -8.88644e-05 
-0.0532246 0.0347955 -0.0196812 
-0.036414 0.0371289 -0.00159827 
-0.055 0.0729127 -0.000879542 
-0.0045788 0.0482767 0.0026 
-0.0595917 0.0454921 0.0178023 
-0.0364066 0.0654 0.015687 
-0.00216231 0.0484 0.00183595 
-0.031192 0.0653671 0.00686641 
-0.0410402 0.0561601 -0.015004 
-0.00946405   0.01 0.00796502 
-0.0163793 0.0521893 -0.0113423 
-0.0465932 0.0654 0.00102777 
-0.0460727 0.0526094 0.0169358 
-0.0492528 0.0402199 -0.0161098 
-0.0572501 0.00920405 -0.0152171 
-0.0598 0.0747545 0.0102444 
-0.0474115 0.0507461 -0.0174498 
-0.0389369 0.0824 0.0188639 
-0.0486355 0.00144742 0.00445394 
-0.0598 0.0516954 0.00267394 
-0.0162128 0.0554385 0.00235387 
-0.0358 0.0622153 -0.0130185 
-0.039276 0.0217557 0.00483314 
-0.0199553 0.0002 0.00659099 
-0.0142694 0.0002 0.00728825 
-0.0176098 0.0506492 0.00233306 
-0.0158152 0.0548155 -0.0110444 
-0.0229111 0.0452 -0.00310006 
-0.0404244 0.0442589 0.0146735 
-0.0304762 0.0115 0.00466513 
-0.0598 0.0421699 0.016154 
-0.00281574 0.0464 0.0062125 
-0.0557985 0.0603979 -0.021927 
-0.0185412 0.0464 0.00436168 
-0.0324446 0.0654 0.00202495 
-0.0151278   0.01 -0.0102694 
-0.0424534 0.0654 0.0160835 
-0.0465508 0.049951 0.0171194 
-0.00155915 0.0469396 0.00306036 
-0.0557235 0.0844 -0.0193953 
-0.00605652 0.0564 -0.0011573 
-0.0266998 0.0467793 -0.0102576 
-0.028514 0.009828999999999999 0.0102609 
-0.0598 0.0618607 -0.0120964 
-0.000646788 0.0484 -0.001931 
-0.059303 0.0575246 -0.0190888 
-0.00700017   0.01 -0.007826120000000001 
-0.0370209 0.0172843 0.00228418 
-0.00522653 0.0481878 -0.009897110000000001 
-0.0473263 0.0360154 -0.0139323 
-0.0443803 0.0145 0.013555 
-0.0431983 0.0839775 -0.0215323 
-0.0498096 0.0633552 -0.0122119 
-0.0598 0.0608528 0.00664213 
-0.00429926 0.0484 -0.00250386 
-0.0332085 0.0654 -2.50815e-05 
-0.0493318 0.0690625  0.023 
-0.0511067 0.0772875 -0.0155 
-0.0598 0.0699376 0.008747309999999999 
-0.0557685 0.0474778 -0.0197102 
-0.039765 0.00474264 -0.0145145 
-0.0598 0.0131355 0.00463945 
-0.047554 0.0604068 0.021932 
-0.0598 0.0411714 0.0146503 
-0.0587086 0.0674855 -0.0116296 
-0.0595912 0.0285985 -0.0178036 
-0.0572112 0.0112412 -0.0193293 
-0.0277202 0.0115 0.00353369 
-0.0517081 0.067639 0.0185 
-0.0303 0.0586172 0.009748359999999999 
-0.050965 0.0481206 -0.0188138 
-0.0101865 0.0464 -0.00365713 
-0.0149934 0.0464 -0.00372054 
-0.00696029 0.0065 0.00757209 
-0.0195847 0.00508748 0.00437222 
-0.0328805 0.0575097 0.0118719 
-0.0310496 0.0115496 -0.00407522 
-0.0194832 0.0556532 0.00587995 
-0.019405 0.0499 0.00385948 
-0.0562713 0.068055 0.0227778 
-0.0598 0.0489678 -0.0115453 
-0.055 0.07949970000000001 -0.0118596 
-0.00993614 0.0564 0.00487171 
-0.00625809 0.00264569 -0.0104721 
-0.0400252 0.0253012 -0.00567992 
-0.0237032   0.01 -0.00239248 
-0.0530159 0.06316040000000001 -0.0229025 
-0.0526455 0.0199876 0.0194589 
-0.055 0.07896 0.00762478 
-0.0593724 0.0112972 0.0033857 
-0.0598 0.0161032 0.00975577 
-0.0482737 0.0777627 -0.0167 
-0.0363667 0.064202 0.0202993 
-0.00864974 0.0498287 0.00495165 
-0.0412343 0.0789763 0.0182 
-0.0142581 0.0063276 -0.00474088 
-0.00818055 0.000276333 -0.00887248 
-0.0591448 0.0536634 0.0185778 
-0.0598 0.06367979999999999 0.000534146 
-0.0598 0.0300512 -0.0066178 
-0.0463663 0.0145 0.015489 
-0.0541667 0.0386782 -0.0197102 
-0.040921 0.0147913 0.00669248 
-0.0115957 0.0483344 0.0119923 
-0.0104019 0.0533837 -4.4564e-05 
-0.0470446 0.0145 0.0136377 
-0.0348255 0.0002 -0.001849 
-0.055 0.0744948 -0.00999478 
-0.0598 0.0713931 0.00923159 
-0.0357904 0.0002 0.00695757 
-0.00619658 0.0473134 -0.0063012 
-0.0531183 0.00559506 -0.0163947 
-0.01045 0.0488173 0.000393637 
-0.0559804 0.0662114 0.00607147 
-0.0598 0.0145343 -0.00220069 
-0.0401275 0.0284873 0.00579563 
-0.0433196 0.06944309999999999 -0.0167 
-0.0584373 0.0349378 -0.0192209 
-0.0523031 0.07865279999999999 -0.023 
-0.057111 0.0843821 -0.00744584 
-0.0478163 0.08110340000000001 -0.023 
-0.00204166 0.0483813 0.0026 
-0.0439721 0.0668078 -0.023 
-0.0454677 0.0307882 -0.0118316 
-0.0598 0.0247211 0.00483936 
-0.00661985 0.0464 -0.00979173 
-0.00360129 0.00901181 -0.00261181 
-0.0167846 0.0515256 -0.0112997 
-0.0597936 0.07418719999999999 -0.0181459 
-0.0587084 0.07351489999999999 -0.011425 
-0.0527551 0.0658041 0.0226163 
-0.040856 0.0745096 -0.023 
-0.0485782 0.0214202 -0.0153474 
-0.0525537 0.0844 -0.0160119 
-0.0398322 0.0418089 -0.00546179 
-0.00659052 0.00979261 -0.00648083 
-0.0395623 0.0740638 -0.0167 
-0.0269517 0.0522335 0.0102311 
-0.000385031 0.00197702 -0.00165461 
-0.0568656 0.0843971 -0.0160908 
-0.0533333 0.0658605 0.0187753 
-0.0146621 0.00616226 0.00637908 
-0.0459525 0.0374522 -0.0123796 
-0.0582072 0.0459583 -0.0124119 
-0.0371355 0.0339882 0.00241377 
-0.00543128 0.00131319 0.00921867 
-0.0389348 0.016641 -0.00444751 
-0.0468403 0.0637192 0.00381637 
-0.00720886 0.0490917 -0.0109946 
-0.0124689 0.0563962 0.00906851 
-0.0215147 0.0002 -0.00295193 
-0.0570966 0.0199956 -0.0196947 
-0.052348 0.06963569999999999 0.0163 
-0.0126209 0.0002 -0.00778775 
-0.0291613 0.00558998 -0.0104456 
-0.0154523 0.0002 -0.00750231 
-0.00621689 0.0065 0.00270023 
-0.00832418 0.00406321 0.00750785 
-0.0598 0.0260692 -0.0104839 
-0.0352936 0.0654 -0.00748054 
-0.0164272 0.00614478 -0.0016244 
-0.00767164 0.000721043 -0.00172529 
-0.0550982 0.0193622 -0.0197102 
-0.0143724 0.00172129 0.0113602 
-0.0598 0.0517366 -0.00656348 
-0.0598 0.0225009 -0.009188719999999999 
-0.0280257 0.00599321 0.0101937 
-0.055 0.0764365 0.00796586 
-0.00404562 0.0002 0.00297962 
-0.058377 0.0102278 -0.0168646 
-0.00893147 0.0065 0.00483608 
-0.0385494 0.0648516 -0.00553998 
-0.0526906 0.0113183 -0.0194762 
-0.00141983 0.0507283 0.00565726 
-0.0517928 0.07663399999999999 -0.0155 
-0.0566139 0.0775893 -0.0117356 
-0.0436164 0.0643702 -0.00235164 
-0.0128136 0.0549099 0.00144914 
-0.0598 0.06478680000000001 -0.0165443 
-0.0445673 0.0843662 -0.0167 
-0.0543671 0.00660817 -0.00157728 
-0.0004896670000000001 0.00157908 -0.000213744 
-0.0185489 0.0487654 -0.0049377 
-0.000517945 0.0498417 -0.00348072 
-0.0463843 0.0674743 -0.023 
-0.0339188 0.0452 0.0116552 
-0.0333329 0.00181211 0.0116777 
-0.0515612 0.0211151 -0.018719 
-0.0442737 0.039385 -0.010482 
-0.0515893 0.0376319 0.0187508 
-0.019397 0.0002 0.00193751 
-0.0334598 0.0623935 -0.0120942 
-0.0537998 0.0660418 0.0196658 
-0.0585096 0.080829 0.0213512 
-0.0432504 0.0704 0.0175836 
-0.0557983 0.0610662 0.0222719 
-0.0598 0.0632929 0.00609859 
-0.048272 0.0440368 -0.0177801 
-0.0362362 0.038431 -0.00139728 
-0.055 0.0808321 -0.0130585 
-0.0377824 0.0709983 0.0219826 
-0.0290649 0.0452 -0.00258056 
-0.0407299 0.0002 -0.00886024 
-0.0550152 0.0156032 0.0197102 
-0.0571556 0.0546848 -0.0196885 
-0.0404687 0.0655261 -0.0229855 
-6.55413e-05 0.00696399 0.00122357 
-0.0598 0.0399412 -0.00636445 
-0.0423676 0.0729065 -0.023 
-0.00642123  0.053 0.00811884 
-0.0171835 0.0464 0.000946082 
-0.0598 0.0301711 -0.014579 
-0.0537337 0.00603783 0.000968417 
-0.0552019 0.0146804 0.0197102 
-0.0548833 0.0647821 0.014469 
-0.0598 0.0596469 -0.00942314 
-0.0592067 0.0831887 0.0127987 
-0.0529046 0.0780706  0.023 
-0.0192942   0.01 0.00766509 
-0.0334598 0.0442989 0.00596454 
-0.00477121 0.0535539 0.00956547 
-0.0365734 0.07437630000000001 0.0206657 
-0.0598 0.0663876 0.0158549 
-0.0598 0.0721083 -0.0172338 
-0.00407193 0.0475212 -0.0026 
-0.0202335 0.0564 0.00286557 
-0.0598 0.0505582 -0.00770648 
-0.055405 0.07219970000000001 0.0229629 
-0.00702966 0.0546678 0.008786169999999999 
-0.0360866 0.071612 -0.0196626 
-0.055 0.0773503 0.0122616 
-0.0399374 0.0577839 0.0193493 
-0.0367348 0.0724872 0.0209107 
-0.0303 0.0649265 0.000380002 
-0.0445527 0.0654 0.00872761 
-0.0344513 0.0643225 -0.0106003 
-0.0598 0.0404835 -0.00318373 
-0.0338633 0.0436007 0.00534978 
-0.0138391 0.0002 -0.000600074 
-0.0598 0.0162463 0.00924412 
-0.0598 0.0656062 -0.00742751 
-0.0591062 0.0517066 0.0186281 
-0.0246794 0.0452 -0.00744191 
-0.0216596 0.000202823 -0.007842 
-0.0565038 0.0650955 -0.009810920000000001 
-0.055 0.07571600000000001 0.00832537 
-0.0598 0.0780146 0.000455183 
-0.0361622 0.0630901 0.00445882 
-0.0456766 0.0240777 0.0120677 
-0.055 0.08178530000000001 0.00214823 
-0.0362743 0.07825699999999999 -0.0201244 
-0.0464575 0.0657925 0.0163 
-9.06284e-05 0.0485583 0.00139028 
-0.0409683 0.0458284 0.0149764 
-0.055 0.0800348 -0.012046 
-0.0266391   0.01 -0.00946045 
-0.008023890000000001 0.00795831 0.00368198 
-0.0597919 0.0221952 0.0168953 
-0.0438729 0.0241466 -0.010029 
-0.009741359999999999 0.000700466 -0.00514346 
-0.0505098 0.0768737 -0.0155 
-0.0535491 0.0216176 0.0197102 
-0.0598 0.0399086 -0.0101655 
-0.0427098 0.0427274 0.0150892 
-0.0510186 0.00359321 -0.00159064 
-0.0106145 0.0464 0.009358139999999999 
-0.0452249 0.0373796 0.0115571 
-0.0358303 0.064151 0.0185205 
-0.0112053 0.0564 -0.00361781 
-0.018159 0.00511113 -0.0111553 
-0.0262272 0.00452868 -0.0103073 
-0.0598 0.015255 -0.009107209999999999 
-0.0598 0.0623325 -0.0168753 
-0.0303 0.0588016 0.00672289 
-0.0518862 0.0805119 -0.023 
-0.0457022 0.0580674 0.0198794 
-0.0422842 0.046879 -0.0154816 
-0.0328099 0.0133099 -0.00261322 
-0.0520454 0.0494136 -0.0192286 
-0.0489969 0.0398744 -0.0158207 
-0.036115 0.0084843 -0.0131135 
-0.0495233 0.0353295 -0.0164156 
-0.0598 0.0573796 0.0114268 
-0.0252673 0.00742193 0.0104082 
-0.0559844 0.008064460000000001 -0.0139565 
-0.0448264 0.0145 -0.0120036 
-0.009285450000000001 0.0519337 -0.00362481 
-0.00938719 0.0533251 -0.00381313 
-0.055 0.0674361 -0.0059081 
-0.0312769   0.01 -0.00992461 
-0.0598 0.0361373 -0.0018307 
-0.00546092 0.0480679 0.00512229 
-0.0348043 0.0580168 0.0126103 
-0.0423405 0.0235808 -0.008296980000000001 
-0.0598 0.0626391 0.0139029 
-0.00856636 0.0517641 -0.0114974 
-0.0361937 0.08220959999999999 -0.0167 
-0.0448144 0.06311029999999999 -0.00363818 
-0.0358616 0.0425 -0.0012844 
-0.050581 0.040795 0.0176111 
-0.0578191 0.0215757 -0.0133751 
-0.0130677 0.0464 0.01101 
-0.028669 0.00447571 -0.0102964 
-0.050156 0.0635336 -0.0114059 
-0.0538521 0.0790164 0.0163 
-0.055 0.082465 -0.0021213 
-0.0523813 0.00482015 -0.00516158 
-0.0428825 0.0341631 -0.008909530000000001 
-0.0411119 0.0692907 -0.023 
-0.031229   0.01 -0.0107963 
-0.0106262 0.008999999999999999 0.00161367 
-0.0065727 0.000598068 -0.00896894 
-0.0483724 0.0286992 0.0151147 
-0.0108921 0.0464 -0.0107389 
-0.057013 0.0113706 0.0194446 
-0.0408951 0.0267505 -0.00666319 
-0.0475835 0.0662889  0.023 
-0.055 0.0782673 -0.0114805 
-0.0338917 0.0580259 0.01226 
-0.0542485 0.0559615 -0.0197102 
-0.0376747 0.0654 0.000811814 
-0.044819 0.0698797 -0.023 
-0.010725 0.00676042 -0.01193 
-1.33357e-05 0.0502341 -0.00040541 
-0.0469751 0.0507474 -0.0172823 
-0.028215 0.0077805 0.0102111 
-0.009519049999999999 0.0512456 -0.00576365 
-0.0417696 0.07534200000000001 -0.023 
-0.0598 0.0335931 0.0100384 
-0.0479762 0.06499389999999999  0.023 
-0.0598 0.0803842 -0.0179263 
-0.036082 0.0647624 -0.0196483 
-0.00793724 0.008999999999999999 -0.00237947 
-0.0488609 0.057633 -0.0192532 
-0.0598 0.0613263 -0.009525560000000001 
-0.0519997 0.0761976 -0.023 
-0.0556133 0.07390239999999999 -0.00457071 
-0.0489872 0.00569536 0.0179387 
-0.00468603 0.0564 0.00280726 
-0.0595828 0.0464316 0.0135489 
-0.0492954 0.0403742 0.016158 
-0.0400698 0.06604980000000001 0.0163 
-0.0409951 0.0145 -0.0119075 
-0.0340673 0.06479939999999999 0.00628669 
-0.0446293 0.07057140000000001  0.023 
-0.0386854 0.0002 0.0104305 
-0.0113601   0.01 -0.00631361 
-0.059128 0.0215613 0.0185996 
-0.0598 0.0799308 0.00531109 
-0.0315658 0.0537476 0.0113448 
-0.0597551 0.0133981 0.017226 
-0.0358 0.0726579 -0.0177367 
-0.00446989 0.00124315 -0.00416363 
-0.0598 0.0438326 0.0107593 
-0.0421082 0.0562446 -0.015414 
-0.0520187 0.00770661 0.0189001 
-0.0475073 0.00870753 0.0174865 
-0.0501719 0.0274075 0.0171487 
-0.0584893 0.0763687 -0.00511082 
-0.0453797 0.0819453 -0.022949 
-0.00142045 0.0523359 0.00565842 
-0.0319153 0.05479 -0.0115013 
-0.0598 0.0589769 0.0139745 
-0.0410956 0.0496756 -0.0150253 
-0.0504415 0.08066230000000001  0.023 
-0.0532061 0.0486067 -0.0196741 
-0.0471982 0.013098 0.0173679 
-0.0598 0.0604522 0.00602302 
-0.0598 0.07909330000000001 0.00468507 
-0.0501196 0.0268984 -0.0170896 
-0.00512753 0.0054244 0.00983297 
-0.0448129 0.0552776 -0.0164523 
-0.0563155 0.07226390000000001 0.0227645 
-0.0205923 0.00172578 -0.0105099 
-0.0545868 0.009143760000000001 0.0194313 
-0.0428756 0.0691436 0.0163 
-0.0303 0.057825 -0.00525511 
-0.0506802 0.0669274 0.0163 
-0.0343916 0.0649907 0.010718 
-0.0539678 0.0582702 0.0201404 
-0.0583805 0.0796265 -0.0214865 
-0.0533419 0.0707298 -0.0174907 
-0.0381474 0.0425 -0.00635714 
-0.034555 0.0446037 0.00783436 
-0.0598 0.0322122 0.000331591 
-0.0470688 0.0653344 0.00216694 
-0.0598 0.0238676 0.0132815 
-0.015133 0.0499 0.0059066 
-0.0559797 0.07510500000000001 0.0106012 
-0.0400986 0.0459572 -0.0146426 
-0.0598 0.0220131 0.0114504 
-0.0435105 0.07844719999999999  0.023 
-0.00249425 0.0530966 -0.00732126 
-0.0358155 0.07048210000000001 -0.0183541 
-0.033047 0.0526743 0.0119358 
-0.0521942 0.0725065  0.023 
-0.0598 0.0536849 0.0123946 
-0.0523387 0.0144232 -0.0193412 
-0.0576433 0.0842767 0.0145524 
-0.0215357 0.0533845 -0.0108004 
-0.0598 0.0550808 0.0152938 
-0.0546832 0.00689281 0.00471124 
-0.0361254 0.0425 0.00156166 
-0.0413346 0.06490079999999999 -0.0137902 
-0.0299567 0.0452 0.000949424 
-0.0538729 0.0223468 -0.0197102 
-0.0405814 0.08129169999999999 -0.0229905 
-0.0175266 0.0464 -0.00833858 
-0.0598 0.057026 0.0144491 
-0.0198012 0.0521438 0.0109827 
-0.00680502 0.00024435 -0.00796705 
-0.0499256 0.0647663 -0.0136528 
-0.0152146 0.0006680670000000001 -0.0070179 
-0.0369899 0.0350687 -0.0022492 
-0.0404682 0.0002 0.00334241 
-0.0574906 0.0843168 0.0170734 
-0.0244275 0.0501172 0.0104964 
-0.000351582 0.0517225 0.00287443 
-0.0493685 0.030548 -0.0162406 
-0.0526161 0.0125931 -0.0194476 
-0.00665811 0.0550478 -0.00152316 
-0.028158 0.00430816 -0.0102058 
-0.029753 0.0483566 0.0106713 
-0.0440397 0.0302498 0.0102175 
-0.0543587 0.0587184 -0.0206314 
-0.0270502 0.0115 -0.00246511 
-0.0598 0.07205590000000001 -0.00431074 
-0.0122625 0.052565 0.0119956 
-0.0446308 0.0494455 -0.0163824 
-0.0598 0.0208748 0.0140192 
-0.0598 0.07139470000000001 0.00776383 
-0.0503201 0.0690699 0.0163 
-0.017144 0.0547853 -0.00764131 
-0.055 0.0780764 0.0131407 
-0.055 0.0693414 0.000634173 
-0.055 0.0755474 0.010446 
-0.0376779 0.0555587 -0.0137134 
-0.0420658 0.0777654 0.0182 
-0.0468925 0.0347873 -0.0134421 
-0.0490075 0.0822442 -0.0228764 
-0.00732071 0.00685788 0.0110446 
-0.0518 0.0798398 0.017576 
-0.0598 0.0412776 0.0157137 
-0.0554055 0.00754702 0.0166068 
-0.0383464 0.0343153 0.00378247 
-0.015905 0.0065 0.00646148 
-0.008584700000000001 0.00752872 0.00539816 
-0.00478625 0.00550827 -0.00641625 
-0.0256201 0.0452 0.00780025 
-0.00866373 0.0499 0.00422998 
-0.0598 0.0800698 -0.0136731 
-0.0218608 0.0454148 0.00214288 
-0.0598 0.0376914 0.00628338 
-0.0597666 0.073424 0.018564 
-0.0597778 0.0124925 -0.0118998 
-0.0288637 0.0458011 -0.0103459 
-0.0452099 0.0839174 -0.0167 
-0.0538 0.0462172 0.0126207 
-0.009729079999999999 0.00377339 -0.00527001 
-0.0224723   0.01 -0.00796403 
-0.0446814 0.0654 0.0160325 
-0.0598 0.0559978 -0.00803412 
-0.014893 0.0563382 0.009143800000000001 
-0.00205741 0.00888365 -0.00671698 
-0.0592714 0.0770245 0.0134411 
-0.0440761 0.0145 0.0142498 
-0.0598 0.0413384 0.000492751 
-0.0598 0.0293749 -0.00680361 
-0.0595483 0.0300199 -0.0179071 
-0.0169862 0.00562802 -0.00764816 
-0.0362122 0.053543 0.0131508 
-0.0449032 0.0801958 -0.023 
-0.0236354 0.0456543 0.0105797 
-0.0405058 0.0172568 -0.00622317 
-0.0375954 0.0002 -0.008816299999999999 
-0.0509728 0.0320966 0.018054 
-0.017461   0.01 -0.00687291 
-0.0112022   0.01 0.00595579 
-0.0357348 0.06487999999999999 -0.00183101 
-0.0430629 0.0526693 -0.0157805 
-0.0598 0.0739856 0.00171161 
-0.0368319 0.0145 0.0024541 
-0.0439442 0.0654 -0.016393 
-0.0598 0.0564563 0.0010652 
-0.0585525 0.0162019 0.0191434 
-0.00635405 0.00247675 0.00809781 
-0.0245754 0.0547916 -0.0101342 
-0.0154057   0.01 -0.00960067 
-0.0378801 0.0645429 -0.00217528 
-0.0157038 0.009034220000000001 -0.0114141 
-0.0597892 0.0417683 0.0169569 
-0.04711 0.0821359 0.0229079 
-0.0598 0.0517848 0.00749936 
-0.055 0.0832871 0.00379415 
-0.0494243 0.00284112 -0.016103 
-0.0416369 0.0515153 -0.0152331 
-0.0354287 0.06499439999999999 -0.00171414 
-0.0580451 0.0668435 -0.00462598 
-0.046319 0.0238315 -0.0127938 
-0.0459463 0.0669421 0.0163 
-0.0516379 0.0657668 -0.023 
-0.0573608 0.08434560000000001 0.000889537 
-0.0324376 0.0481187 0.0117018 
-0.0407057 0.06758840000000001 0.0229961 
-0.0440237 0.06441280000000001 -0.0132919 
-0.055 0.0767607 -0.00578606 
-0.0447694 0.0481209 0.0164356 
-0.00745456 0.0002 0.00151844 
-0.0598 0.0413645 0.0133562 
-0.0550891 0.00725829 0.00282615 
-0.0465093 0.0425 0.0163524 
-0.00818499 0.0526853 -0.011376 
-0.0472247 0.06632979999999999 -0.023 
-0.0194194 0.000645911 0.00386396 
-0.0380048 0.0842123 -0.0191942 
-0.0166415 0.00140822 -0.00762987 
-0.0351203 0.00616421 -0.0127316 
-0.0517278 0.0287158 0.0189073 
-0.009247480000000001 0.0464 0.00412457 
-0.0374072 0.0656018 -0.0167 
-0.0230879   0.01 -0.0105388 
-0.0495629 0.0319061 0.0164604 
-0.0402468 0.0258806 -0.00593041 
-0.0598 0.0215371 0.0114395 
-0.0486035 0.00631646 0.0179046 
-0.0485659 0.058815 -0.0207266 
-0.037123 0.0302083 -0.0023996 
-0.032477 0.0002 -0.00536628 
-0.0511284 0.00369207 0.000686007 
-0.0270931 0.0467045 0.0102163 
-0.039477 0.0567122 0.0164159 
-0.0232777   0.01 -0.00521116 
-0.0598 0.071731 0.0113187 
-0.0514435 0.0631408 0.012793 
-0.055 0.0836665 -0.00407968 
-0.0393947 0.0654 0.000338608 
-0.0598 0.0498962 0.0129546 
-0.0598 0.0333737 -0.0137944 
-0.0332311 0.0604484 0.0120064 
-0.0460468 0.0238667 0.0124861 
-0.0502711 0.0813764 -0.0155 
-0.027745 0.00805643 -0.0101806 
-0.0513308 0.0720314  0.023 
-0.0496 0.08147210000000001 -0.015775 
-0.00871532 0.00241005 0.00282722 
-0.0559827 0.0734978 -0.0123576 
-0.0196322 0.0537556 -0.00466219 
-0.0494363 0.0239132 -0.0163173 
-0.0226172 0.0002 0.00529613 
-0.00100228 0.00277954 -0.00470257 
-0.0583155 0.0587133 -0.0206262 
-0.0459181 0.07559680000000001  0.023 
-0.0191183 0.0550421 -0.0033453 
-0.053004 0.00538083 -0.00425531 
-0.049725 0.0262842 -0.0166436 
-0.0416931 0.0335851 -0.00756517 
-0.0598 0.0215746 -0.0045196 
-0.0381004 0.0802865 -0.022203 
-0.041462 0.048059 0.015166 
-0.0491557 0.0549373 0.0181193 
-0.0551522 0.0758171 0.022985 
-0.0465631 0.0673091 -0.0167 
-0.009921650000000001 0.00287611 -0.011789 
-0.0355223 0.0435257 0.00731893 
-0.0241555 0.00322625 -0.010525 
-0.0327128 0.0457959 0.0118075 
-0.0397545 0.0811093 -0.0228847 
-0.0578034 0.0417097 -0.0195368 
-0.0552086 0.0186999 -0.0197102 
-0.0419466 0.00302847 0.015344 
-0.044374 0.0425 0.0132516 
-0.00622161 0.00401489 0.00238263 
-0.0220797 0.056389 0.00798082 
-0.0390134 0.0438192 0.0121888 
-0.0543875 0.0831658 -0.0155 
-0.0463595 0.0002 0.0137703 
-0.0598 0.0545327 -0.0157481 
-0.048187 0.0533277 0.0177475 
-0.0428515 0.0665311 -0.0167 
-0.0594866 0.0115067 0.00587921 
-0.0521097 0.0781578 0.0163 
-0.0365046 0.0144505 -0.009037190000000001 
-0.0450764 0.0754446 -0.023 
-0.038064 0.0350391 -0.00346326 
-0.0303954 0.0597657 0.0101727 
-0.0598 0.0273912 -0.0135464 
-0.0598 0.0395876 -0.011114 
-0.0468374 0.0654 -0.00666798 
-0.0141526 0.009827539999999999 0.00316167 
-0.0340579 0.00671819 0.0123238 
-0.0598 0.0690056 -0.009575759999999999 
-0.0144153 0.0511335 -0.00587985 
-0.0508746 0.0752958 -0.0155 
-0.0520867 0.0485834 0.0192444 
-0.0297822 0.0452 0.00429689 
-0.0517116 0.0171628 -0.0188891 
-0.0303 0.061741 0.000259782 
-0.00687051 0.0515106 0.008611600000000001 
-0.0115955 0.00954667 -0.00352339 
-0.0092146 0.008999999999999999 -0.000641097 
-0.0598 0.0582112 0.0118097 
-0.0465713 0.0002 -0.0108514 
-0.00875976 0.0465333 -0.0115489 
-0.031885 0.0591109 0.0114897 
-0.0245451 0.00885408 0.0104841 
-0.0362416 0.0186139 -0.0014034 
-0.059223 0.08316560000000001 0.0073247 
-0.0395226 0.0563915 0.0144215 
-0.0193616 0.0452 -0.008755519999999999 
-0.0267458 0.0564 0.00139369 
-0.0484764 0.0434077 -0.0178586 
-0.0111252 0.00253681 -0.0118855 
-0.055 0.0714779 0.000900576 
-0.0595166 0.0826723 0.00433243 
-0.0262412 0.00959573 -0.0103058 
-0.0387733 0.0593755 -0.02065 
-0.0217838 0.00661855 0.0107743 
-0.0209171 0.0453981 -0.0108654 
-0.0421173 0.0844 -0.0189906 
-0.0345108 0.0145 -0.00415867 
-0.0193329 0.00458536 0.00621425 
-0.0418999 0.0700513  0.023 
-0.00833511 0.0562669 0.0026922 
-0.019549 0.00707704 0.0110092 
-0.008150040000000001 0.00807163 -0.0113572 
-0.0439243 0.0634716 -0.00326924 
-0.00776848 0.00137648 -0.00182418 
-0.0567315 0.008737129999999999 0.00166428 
-0.0598 0.0561796 -0.00825452 
-0.0409371 0.0253989 0.0067107 
-0.0521602 0.07731440000000001 -0.0155 
-0.0534348 0.0654 0.00884297 
-0.0424358 0.0637519 0.011983 
-0.0419872 0.0566667 0.0170442 
-0.0529014 0.06879780000000001 0.0172992 
-0.0107739 0.00042835 -0.0100581 
-0.0091675 0.0563043 -0.009318369999999999 
-0.0329242 0.0456907 0.0118886 
-0.0183661 0.00818284 -0.0111335 
-0.0598 0.0271966 -0.00478656 
-0.0435121 0.00743595 -0.0159529 
-0.00589231 0.0484452 0.0103269 
-0.0402903 0.0650416 0.014734 
-0.0403525 0.0421618 -0.00604993 
-0.0445065 0.0002 0.000426475 
-0.0352117 0.000396562 -0.0106941 
-0.0598 0.0687068 -0.00705759 
-0.021301   0.01 0.00964746 
-0.0598 0.0495727 -0.00634446 
-0.0407458 0.0187657 0.00649446 
-0.0155705 0.00481995 -0.0114551 
-0.0345471 0.0145 -0.000752741 
-0.0167045 0.050407 -0.00134121 
-0.019195 0.0499 -0.00598282 
-0.0414554 0.0531761 -0.0151634 
-0.0598 0.0415461 0.00148778 
-0.0435828 0.0796337 -0.023 
-0.008119609999999999 0.0549184 -0.0109087 
-0.038997 0.06498 -0.00567111 
-0.0337646 0.0630824 -0.00366665 
-0.0303 0.0588161 -0.00138074 
-0.037947 0.0369419 -0.00333096 
-0.0598 0.07466929999999999 -0.00651975 
-0.00544681   0.01 -0.00502847 
-0.0441702 0.00808911 -0.0162055 
-0.00435277 0.00578593 -0.00489892 
-0.0537257 0.0654 0.00181047 
-0.0591282 0.018117 -0.0185994 
-0.0585264 0.0706392 -0.0213272 
-0.0500964 0.0210357 -0.0170634 
-0.0435247 0.0612014 0.022326 
-0.0327218 0.0452 -0.00887771 
-0.0369207 0.0605466 0.0197845 
-0.0562294 0.0371215 -0.0197102 
-0.0208257   0.01 -0.000753021 
-0.0212818 0.0461418 0.00396512 
-0.0342385 0.0002 0.009140000000000001 
-0.0197604 0.0002 -0.00674609 
-0.00887858 0.0464 -0.00435113 
-0.0548259 0.0680997 0.0210962 
-0.035956 0.06313580000000001 0.0162488 
-0.0598 0.0470586 0.015078 
-0.0571215 0.0435758 0.0196922 
-0.0517912 0.0548458 0.019131 
-0.0407939 0.0654 -0.00667102 
-0.0476986 0.0281178 0.0143532 
-0.0394527 0.0634574 -0.00328375 
-0.0597893 0.0277536 -0.016961 
-0.0521943 0.00465183 0.0104694 
-0.0568575 0.0264554 0.0197086 
-0.0372145 0.0374966 -0.00250304 
-0.0598 0.08082110000000001 -0.015725 
-0.0103454 0.00239812 -0.0117702 
-0.0293487   0.01 0.008786530000000001 
-0.0598 0.0430781 0.0160908 
-0.0329035 0.0134035 -0.00080342 
-0.0394276 0.0002 -0.0111542 
-0.0548098 0.0427675 -0.0197102 
-0.0265804 0.0471873 -0.0102702 
-0.055 0.0685135 -0.0005466960000000001 
-0.009652279999999999 0.009358729999999999 0.0117672 
-0.018399 0.0499 -0.0039355 
-0.0595756 0.06396300000000001 0.0136326 
-0.055 0.078943 -0.00195019 
-0.036445 0.0002 0.0063914 
-0.0157235 0.0499 0.00335443 
-0.0492582 0.0038726 -0.0171579 
-0.0541567 0.0588578 0.0207684 
-0.0356616 0.0229313 -0.000747754 
-0.0493777 0.0824 0.0219561 
-0.0553188 0.06996380000000001 -0.02297 
-0.00355064   0.01 0.00383024 
-0.0598 0.064273 -0.0168787 
-0.0473812 0.07646940000000001  0.023 
-0.0598 0.0136398 0.0122137 
-0.0529544 0.0156992 0.0195775 
-0.0360259 0.062885 0.013186 
-0.0421978 0.0002 0.0110054 
-0.0598 0.0582647 0.0108743 
-0.0448345 0.08127719999999999 -0.023 
-0.0439971 0.0684427 -0.023 
-0.0370938 0.0410417 0.00236664 
-0.00112829 0.00795189 -0.00507548 
-0.0597792 0.0817329 -0.0132545 
-0.0529443 0.0289043 -0.0195736 
-0.0379402 0.01375 -0.0124183 
-0.0598 0.0331469 -0.00383263 
-0.0598 0.0675005 0.008391590000000001 
-0.0388792 0.06822549999999999 0.0226124 
-0.00458054 0.0499779 -0.00576118 
-0.0118423 0.0464 -0.0109464 
-0.0598 0.0495134 0.0101359 
-0.0389048 0.008023789999999999 0.0141843 
-0.0329518 0.0451988 0.006772 
-0.0581996 0.08405029999999999 -0.011817 
-0.0598 0.0183439 -0.015542 
-0.0307902 0.0115 0.00550024 
-0.0222955   0.01 -0.00888484 
-0.041066 0.0824 0.0192831 
-0.0490002 0.080813 0.0182 
-0.0401119 0.0366921 0.00577798 
-0.0591111 0.0395335 -0.0186217 
-0.0504701 0.0145098 -0.0174857 
-0.0598 0.0275054 -0.00223096 
-0.0107999 0.0561786 0.010044 
-0.055 0.07327649999999999 -0.00596083 
-0.0416688 0.0002 0.009598499999999999 
-0.0598 0.0261627 -0.000620375 
-0.0598 0.0563208 0.014521 
-0.018025 0.00848616 0.0061386 
-0.0466531 0.0005552000000000001 0.0153016 
-0.0538773 0.050602 -0.0197102 
-0.0563804 0.045973 0.0130218 
-0.00907109 0.008999999999999999 -0.00186925 
-0.0456971 0.0519917 0.0167917 
-0.0192605 0.0549617 0.00355585 
-0.0441192 0.0647861 -0.0101269 
-0.047396 0.0654 -0.0150525 
-0.0338461 0.06528779999999999 0.00678547 
-0.0432167 0.06490170000000001 -0.0055912 
-0.0524906 0.00491859 -0.00830731 
-0.0125401 0.0536867 0.011965 
-0.0301176 0.00641655 -0.0108112 
-0.0507778 0.0631737 -0.0120265 
-0.0545755 0.0838694 0.0186648 
-0.00747818 0.0520882 -0.0111135 
-0.0598 0.0491679 -0.000534207 
-0.00024143 0.00370208 0.00238146 
-0.0402143 0.021761 -0.00589375 
-0.0153515 0.00715467 0.00490558 
-0.0490221 0.0209131 -0.0158491 
-0.008839680000000001   0.01 0.00454852 
-0.0598 0.066605 -0.0133906 
-0.044167 0.0467129 0.0162043 
-0.0194677 0.00532524 -0.0039811 
-0.0598 0.0131142 -0.00652533 
-0.0163391 0.0494793 0.00347248 
-0.0532704 0.005767 0.0165715 
-0.0481782 0.0214007 0.0148952 
-0.0445514 0.00600882 -0.0163519 
-0.0243975 0.00713391 0.0104996 
-0.0284804 0.0466858 -0.0102551 
-0.0183856 0.0455228 0.007816210000000001 
-0.0376129   0.01 0.0131603 
-0.0371718 0.000274209 -0.0110054 
-0.057631 0.063764 -0.0126294 
-0.0479389 0.06471689999999999 -0.00540241 
-0.00696256 0.0531728 -0.00118745 
-0.0598 0.0510738 -0.0160983 
-0.0230709 0.0452 0.00216931 
-0.0482733 0.0528182 -0.0177806 
-0.0148075 0.00299884 -0.00658901 
-0.0598 0.0516968 -0.00615951 
-0.0370174 0.08200929999999999 -0.0211691 
-0.0146153 0.00672365 -0.0117103 
-0.0311395 0.0450605 0.000927316 
-0.0296622 0.0498877 -0.0106364 
-0.0554663 0.0291339 -0.0197102 
-0.04305 0.00331093 0.0157755 
-0.0455447 0.0824 0.0195341 
-0.0497047 0.0191434 0.0166207 
-0.0476834 0.0277485 -0.014336 
-0.0302468 0.0452 0.00998459 
-0.0596822 0.0748202 -0.0137079 
-0.0536718 0.0643922 0.0229997 
-0.00454611 0.00575793 -0.00394695 
-0.00804621 0.0470046 -0.00620049 
-0.0552988 0.08412849999999999 -0.0212039 
-0.0503537 0.0488134 -0.0185792 
-0.0472324 0.0397941 -0.0138263 
-0.0598 0.0501711 -0.00523494 
-0.0179441 0.0547804 -0.0108388 
-0.0575463 0.0777389 0.0127116 
-0.0183778 0.0454225 0.00890317 
-0.008851889999999999 0.0527009 0.00683274 
-0.0526379 0.065349 -0.0142479 
-0.0566827 0.023385 0.0197102 
-0.0585573 0.08383069999999999 0.0136591 
-0.00617438   0.01 0.0075076 
-0.0456523 0.0225834 -0.0120402 
-0.0393287 0.0002 -0.00532278 
-0.0158439 0.0539721 0.00767951 
-0.0359359 0.0647185 -0.00540408 
-0.011189 0.0483186 0.00288679 
-0.0366976 0.0002 -0.009627439999999999 
-0.055 0.0836321 0.00418088 
-0.0160771 0.0002 0.0006213 
-0.0527966 0.0413511 0.0195169 
-0.0532131 0.0714098 0.0163 
-0.0444173 0.0654 -0.0164198 
-0.0445494 0.0002 0.0122325 
-0.0351837 0.0522402 0.012756 
-0.0358416 0.067084 0.0186368 
-0.0488339 0.0244841 0.0156364 
-0.0516855 0.0830724 -0.0155 
-0.047549 0.0631456 -0.0037979 
-0.0511588 0.0294831 -0.0182643 
-0.0526426 0.0707425  0.023 
-0.0188752 0.000928777 0.0100329 
-0.0443196 0.0364446 0.0105338 
-0.0265879 0.00710623 -0.0102694 
-0.0555831 0.0630602 -0.00368936 
-0.0598 0.0649619 -0.009150470000000001 
-0.0138225 0.0564 0.000136641 
-0.0598 0.062792 -0.00216693 
-0.00778607 0.0484 0.00235041 
-0.00524263 0.00255848 -0.00293663 
-0.0482585 0.0681961 -0.023 
-0.0598 0.06574729999999999 -0.00931658 
-0.0598 0.017761 0.0122908 
-0.0351668 0.0528075 0.0127495 
-0.0598 0.0542127 -0.00691125 
-0.0295916 0.0105018 -0.00718388 
-0.0152038 0.0533975 0.00289136 
-0.008743509999999999 0.00382324 -0.00705078 
-0.035878 0.0214011 -0.0009923499999999999 
-0.0167158 0.008344300000000001 -0.011307 
-0.05581 0.0831858 -0.0222863 
-0.0495839 0.0654 0.00845549 
-0.0531263 0.06367159999999999 -0.012535 
-0.0144267 0.000221771 0.009012869999999999 
-0.0287766   0.01 -0.00775682 
-0.0323792 0.0604768 0.0116794 
-0.00767742 0.0551363 0.01059 
-0.0598 0.07808850000000001 0.0070919 
-0.0392677 0.0843589 -0.0199563 
-0.0424397 0.0207275 0.008409079999999999 
-0.0385413 0.00431291 0.0140448 
-0.00117822 0.0530011 0.00517849 
-0.0492725 0.0643789 -0.0132573 
-0.00897716 0.0547146 0.0112874 
-0.040039 0.064024 0.0229224 
-0.0189658 0.00130718 -0.00674256 
-0.0106334 0.0493202 -0.000829964 
-0.0376232 0.06317929999999999 0.0128323 
-0.0326761 0.0490937 -0.0117934 
-0.0423841 0.0149722 0.008346259999999999 
-0.0467716 0.0654 -0.00924241 
-0.0539762 0.0732516 -0.0179425 
-0.0186406 0.00337746 -0.00705262 
-0.00972517 0.00545637 -0.0046014 
-0.008956270000000001 0.0500103 -0.00318399 
-0.0561419 0.0766279 0.0115539 
-0.0366782 0.0428877 -0.0104357 
-0.0598 0.0639422 0.000693028 
-0.053158 0.0743817  0.023 
-0.0534211 0.0709067  0.023 
-0.0492161 0.0019702 -0.0117625 
-0.0595757 0.0117039 -0.0101532 
-0.033039 0.0454929 0.0119327 
-0.0156535 0.00435046 0.0114295 
-0.0299832 0.0564 0.0028341 
-0.0498448 0.0150352 0.0167789 
-0.0435477 0.0149422 -0.00966143 
-0.0598 0.06770710000000001 -0.0142124 
-0.0330641 0.0133825 -0.00567108 
-0.0149267 0.0502265 -0.0116335 
-0.0494544 0.0611094 0.0222913 
-0.0598 0.0557268 0.00312601 
-0.0378453 0.0573884 0.0153991 
-0.0598 0.0660872 0.00140841 
-0.0303 0.0642781 0.00725251 
-0.055 0.06877510000000001 0.00153283 
-0.0598 0.0718288 -0.010794 
-0.0326325 0.054854 0.0117766 
-0.00653367 0.0084055 -0.00319045 
-0.0541978 0.00678743 -0.0173668 
-0.0445303 0.0425 -0.0156073 
-0.0183632 0.00357478 -0.0072475 
-0.0496704 0.0635549 0.0121841 
-0.0476974 0.0551893 -0.0175595 
-0.0588373 0.0459418 -0.0129452 
-0.0500874 0.0319473 0.0170532 
-0.00196263 0.0474788 0.00656499 
-0.0317244 0.0122244 -0.00356312 
-0.0168301 0.048647 -0.00654455 
-2.75594e-05 0.049424 0.000695589 
-0.0470356 0.0002 -0.00953246 
-0.0596282 0.0658542 -0.0192991 
-0.0584752 0.074022 0.0136929 
-0.043425 0.0838687 -0.021703 
-0.0381016 0.0632749 0.01247 
-0.0581897 0.0759485 -0.0216691 
-0.0270351 0.0514894 0.0102224 
-0.0474985 0.0287385 0.014127 
-0.0250682 0.0002 -0.00037553 
-0.0414763 0.0567893 0.0174406 
-0.022527 0.000596398 -0.00917724 
-0.0386719 0.0145 -0.00528554 
-0.01908   0.01 -0.00114376 
-0.0546138 0.0465383 0.0136578 
-0.032596 0.043604 -0.00377756 
-0.0492742 0.00287542 -0.0162585 
-0.0598 0.0585811 0.0142604 
-0.0359399 0.0602319 -0.0139788 
-0.0359228 0.0673007 -0.0190794 
-0.0598 0.0491932 0.0136244 
-0.0496 0.0818995 -0.0166805 
-0.0587173 0.08370660000000001 -0.00823401 
-0.0198328 0.0563712 -0.00836047 
-0.0598 0.0573824 0.0166467 
-0.0430868 0.0222451 0.009140469999999999 
-0.0373918 0.080743 0.0216528 
-0.0157377 0.00201315 -0.0111627 
-0.0550444 0.0753578 0.0103431 
-0.0423961 0.0703593  0.023 
-0.0499549 0.0749063  0.023 
-0.0565254 0.0844 -0.008975260000000001 
-0.0159727 0.0464 -0.00201126 
-0.0307431 0.0056087 0.0110514 
-0.053375 0.0600864 0.021733 
-0.0581664 0.08406760000000001 0.00540671 
-0.0598 0.052924 -0.0109657 
-0.009126459999999999 0.00356717 0.00322513 
-0.0303746 0.0113831 0.00700733 
-0.0598 0.0802911 0.000194609 
-0.0544346 0.06332500000000001 0.0229258 
-0.0549785 0.0618627 -0.0225826 
-0.0347744 0.065308 -0.00600611 
-0.0510086 0.0412192 0.0180944 
-0.00714402 0.0552704 0.008705910000000001 
-0.0565856 0.0636458 0.00389133 
-0.0167644 0.0516443 0.00861952 
-0.0448662 0.0291443 0.0111518 
-0.00718122 0.0499 0.008581460000000001 
-0.0469141 0.078276 0.0182 
-0.0471846 0.0659536  0.023 
-0.0491648 0.00264467 -0.0160548 
-0.0450404 0.0558901 0.0165396 
-0.0447667 0.0165148 -0.0110393 
-0.00607439 0.0052571 -0.0104306 
-0.0482281 0.0010806 0.0128376 
-0.0598 0.0601012 -0.00661994 
-0.0198126 0.00303448 -0.0109742 
-0.0294239 0.0526646 0.010545 
-0.0211921 0.00392898 0.0108365 
-0.0416555 0.0002 -0.009418309999999999 
-0.0359605 0.0651239 -0.0192495 
-0.0391806 0.07716580000000001 -0.0167 
-0.0598 0.0615945 0.00606772 
-0.0109068 0.0464 -0.00516336 
-0.00744442 0.0499 0.00280126 
-0.0529972 0.0053747 -0.012895 
-0.0513487 0.0844 -0.0193895 
-0.0507314 0.0171669 0.0177811 
-0.0510409 0.0746716  0.023 
-0.0433693 0.0378779 -0.009459759999999999 
-0.0463758 0.0575041 -0.0190508 
-0.0303 0.0567007 -0.00986418 
-0.0598 0.0196564 0.0126603 
-0.0321071 0.0472989 0.011575 
-0.0598 0.0550696 0.0141325 
-0.0159026 0.00436428 0.0113924 
-0.0598 0.0334775 0.00231699 
-0.0360802 0.0300242 0.00122092 
-0.0523101 0.00475609 -0.0118276 
-0.0463613 0.057305 0.018679 
-0.009430310000000001 0.000391719 0.00971023 
-0.00151855 0.0505495 0.0058405 
-0.0573499 0.066218 0.00293528 
-0.0527557 0.00515729 0.012792 
-0.0520109 0.0654 -0.00796174 
-0.008167290000000001 0.0499 0.0061498 
-0.0268413 0.0002 -0.00659922 
-0.0190247 0.0532019 -0.00322314 
-0.0568278 0.0637533 -0.0126184 
-0.0523159 0.0654 0.000243792 
-0.00296706 0.00577958 -0.007894190000000001 
-0.00621876 0.0501869 0.007896780000000001 
-0.0598 0.0150247 0.0122081 
-0.0368509 0.0159917 0.00209207 
-0.0546644 0.0654 0.009646439999999999 
-0.0582816 0.0560753 -0.0193184 
-0.0386328 0.07571749999999999 0.0225036 
-0.055 0.0758692 0.00223051 
-0.0598 0.0238572 -0.00703407 
-0.0479635 0.0498961 0.0176617 
-0.0470008 0.0837923 -0.0218057 
-0.055 0.0796094 0.00015675 
-0.0158186 0.009688820000000001 0.00608143 
-0.0448847 0.06347360000000001 0.0131328 
-0.0333711 0.00819167 -0.0120601 
-0.00511479 0.0464 -0.008455020000000001 
-0.0394711 0.0002 0.009910250000000001 
-0.00814933 0.0002 -0.00169622 
-0.0593538 0.0829708 0.0123945 
-0.0371929 0.0605636 0.0201861 
-0.0530952 0.065329 -0.009572519999999999 
-0.0174996 0.009954660000000001 0.00667511 
-0.0589894 0.0706773 0.020723 
-0.0257692 0.0452 0.00471336 
-0.0341856 0.0425 -0.000599728 
-0.0422213 0.0151803 0.00816219 
-0.0484397 0.0377384 -0.0151909 
-0.00822208 0.00102116 0.0103835 
-0.055185 0.0171495 0.0197102 
-0.0591849 0.08321530000000001 -0.000534168 
-0.014266 0.00316833 -0.00523465 
-0.0416185 0.06308329999999999 0.0126657 
-0.0356201 0.0233259 -0.00070087 
-0.05304 0.0844 -0.0160144 
-0.054102 0.0283804 0.0197102 
-0.0506045 0.07497239999999999 0.0182 
-0.034184 0.0620077 0.0123722 
-0.0420823 0.0145 -0.0113996 
-0.0513856 0.0129093 -0.0189753 
-0.01806 0.0457404 0.0103595 
-0.0373759 0.0339207 -0.00268549 
-0.0526163 0.0473919 0.0194477 
-0.0598 0.0177144 0.0121946 
-0.0428237 0.0120318 -0.0156887 
-0.0482587 0.00110821 -8.65939e-05 
-0.0212087   0.01 0.00334376 
-0.0370156 0.066103 0.0212675 
-0.0598 0.0356267 0.00271611 
-0.0598 0.0188027 -0.00757614 
-0.0561661 0.0771588 -0.0228069 
-0.0598 0.0399325 0.00174216 
-0.0598 0.0242352 0.0120252 
-0.0568375 0.0587614 0.0206747 
-0.0411649 0.0612129 0.0223307 
-0.0252716 0.0564 0.00243268 
-0.0598 0.0191287 0.00229964 
-0.0175511 0.0466476 0.00662251 
-0.0598 0.0568431 0.0014506 
-0.0540059 0.0654 0.0151404 
-0.0451828 0.0297255 -0.0115095 
-0.0053118 0.000617689 0.00811622 
-0.00554183 0.00645705 -0.0101096 
-0.0598 0.0771106 -0.00263186 
-0.0533466 0.0696635 -0.0185719 
-0.0439875 0.0228133 0.0101585 
-0.0507142 0.0356558 -0.0177616 
-0.0358 0.07417849999999999 -0.0170448 
-0.00769558 0.0514451 -0.0112001 
-0.00204018 0.0526428 -0.00669069 
-0.0448373 0.06504 0.00653242 
-0.0509213 0.00350554 0.0103038 
-0.0598 0.0679292 0.0168316 
-0.00233438 0.0472291 -0.00277089 
-0.0460955 0.0211114 -0.0125412 
-0.054754 0.0722058 -0.0185509 
-0.0598 0.0689438 0.008172469999999999 
-0.0358173 0.0618136 0.01466 
-0.008611799999999999 0.00714514 -0.00529171 
-0.0127358 0.0564 0.00291201 
-0.009491930000000001 0.0512999 -0.00406292 
-0.0596248 0.011828 -0.0112216 
-0.0196942 0.0002 -0.00398092 
-0.0378073 0.0392131 -0.00317303 
-0.0529092 0.0129472 -0.0195601 
-0.0433038 0.07765080000000001  0.023 
-0.052939 0.0253304 0.0195716 
-0.0221583 0.0564 0.00102833 
-0.0377337 0.0659624 -0.0167 
-0.0190967 0.0462955 0.0110567 
-0.0333968 0.0452 0.0119914 
-0.0598 0.0641029 -0.0136097 
-0.0150019 0.00179464 0.003083 
-0.0595084 0.0115504 0.0118675 
-0.0518 0.0763041 0.0165903 
-0.0224842 0.0484219 -0.0107007 
-0.0147584 0.00646932 0.00652378 
-0.0408166 0.0145 0.00722101 
-0.0542863 0.0644994 -0.0051803 
-0.0550616 0.0530398 0.0197102 
-0.0520441 0.07716480000000001 -0.0155 
-0.0218792 0.0002 -0.00152635 
-0.0399212 0.08207349999999999 0.0182 
-0.0281152 0.000728466 0.008896070000000001 
-0.0402006 0.0654 -0.00062332 
-0.0110529 0.0484 0.00165345 
-0.0297273 0.0115 0.00409739 
-0.0358 0.0694266 -0.0170469 
-0.0597508 0.0123017 0.0127224 
-0.0185623 0.0464 -0.00238199 
-0.0345643 0.0440258 -0.009337120000000001 
-0.0504741 0.0763413 -0.023 
-0.055 0.0836803 0.0102619 
-0.0154219 0.0002 -0.0073854 
-0.0597863 0.0750899 0.0183133 
-0.0462395 0.0526466 -0.0169999 
-0.00445927 0.0561581 -0.00682713 
-0.0517723 0.07267609999999999 0.0182 
-0.0207423 0.00601492 -0.0108838 
-0.0479662 0.0107739 0.0176627 
-0.0100568 0.0508372 -0.0118374 
-0.0303 0.0585989 -0.00245244 
-0.0279294 0.0452 0.00847498 
-0.055 0.066719 -0.010762 
-0.0251724 0.0547112 0.0101128 
-0.0357312 0.0402541 -0.00082647 
-0.029277 0.0559804 -0.00893298 
-0.0597256 0.0366715 0.017362 
-0.00539145 0.00535979 0.00282243 
-0.0440973 0.0425 -0.0147022 
-0.00658944 0.0533273 0.0107092 
-0.0596857 0.0664072 -0.0190509 
-0.00476324 0.000826342 0.008047749999999999 
-0.0410825 0.0002 -0.00507143 
-0.0417459 0.018735 -0.00762486 
-0.0598 0.0452772 -0.00813698 
-0.0146938   0.01 -0.00381004 
-0.00756437 0.0464 -0.0110565 
-0.0598 0.0612502 -0.000520949 
-0.0598 0.0354855 0.0010714 
-0.0598 0.0212579 -0.00421197 
-0.0414475 0.00569138 0.0151604 
-0.0536646 0.0697747 -0.0201616 
-0.0212036 0.00250988 -0.010752 
-0.0172006 0.0562985 0.0022621 
-0.0118394 0.0527443 -0.00159113 
-0.0443159 0.0002 -0.000898191 
-0.0515234 0.00625789 0.0182461 
-0.0598 0.0134315 -0.00387009 
-0.0516244 0.0156335 -0.0187904 
-0.049956 0.06770859999999999  0.023 
-0.0175652 0.050388 0.00232321 
-0.0104622 0.0535844 0.000438393 
-0.0347824 0.0518311 -0.0126019 
-0.0322065 0.049377 -0.0116131 
-0.0352178 0.0172068 -0.000246211 
-0.0427093 0.0367138 0.008713830000000001 
-0.0598 0.0733557 0.0111128 
-0.0598 0.0445486 0.009762969999999999 
-0.0137856 0.0464 0.00681771 
-0.046019 0.0654 0.000223624 
-0.0463406 0.07804220000000001  0.023 
-0.03828 0.08027330000000001 -0.0167 
-0.0598 0.0744537 -3.98534e-05 
-0.0565272 0.0208065 0.0133191 
-0.0322932 0.0654 -0.000431031 
-0.0185627 0.00305646 0.0111076 
-0.0559416 0.0728765 0.0228649 
-0.0534854 0.06783989999999999 -0.0155 
-0.0598 0.020975 -0.00313809 
-0.0598 0.0478339 -0.0103677 
-0.0598 0.0425472 0.00534757 
-0.00744251 0.0550277 -0.0105764 
-0.0598 0.0281508 0.00272732 
-0.046004 0.0153219 -0.0124378 
-0.00970496 0.0564 -0.00543726 
-0.0598 0.0320414 -0.016601 
-0.055 0.0715037 0.0112174 
-0.0181742 0.0543422 0.00755838 
-0.0387612 0.0145 -0.008634040000000001 
-0.00997081 0.0563055 0.00952033 
-0.0477016 0.0421224 0.0143566 
-0.0387891 0.0147172 -0.00428275 
-0.0598 0.077441 0.0107013 
-0.055 0.08062519999999999 0.000418675 
-0.0598 0.0419189 -0.0070734 
-0.0470483 0.0446292 -0.0173104 
-0.0335184 0.0654 -0.00857434 
-0.0311692 0.000203189 -0.00808212 
-0.0598 0.0527634 -0.008280579999999999 
-0.0419284 0.008531820000000001 -0.015345 
-0.0598 0.0320019 -0.000279706 
-0.0369446 0.0615423 -0.0204743 
-0.0598 0.0608086 0.007850340000000001 
-0.0598 0.07371519999999999 -0.00954925 
-0.0419983 0.0601286 -0.0217558 
-0.0448758 0.0002 0.00340755 
-0.019231   0.01 -0.00251951 
-0.0424148 0.06385540000000001 -0.0127227 
-0.0545785 0.024892 0.0197102 
-0.0334456 0.0452 -0.009941409999999999 
-0.0126185 0.0556081 0.0109997 
-0.0212291   0.01 0.000289672 
-0.054092 0.00636045 0.00805849 
-0.0598 0.053188 -0.00042964 
-0.0590326 0.0659387 0.00265006 
-0.046416 0.0721866  0.023 
-0.0493262 0.0158458 -0.0161928 
-0.0539658 0.0518065 0.0197102 
-0.051263 0.00381324 -0.00360538 
-0.0359134 0.0137399 -0.009431419999999999 
-0.0598 0.0161179 -0.00351616 
-0.0303 0.0594483 -0.00477105 
-0.0598 0.018637 0.000898081 
-0.0039011 0.000202715 -0.00405823 
-0.0440553 0.00962382 0.0161615 
-0.0300168 0.000476828 -0.008906259999999999 
-0.0343157 0.0433885 0.00557842 
-0.009407830000000001 0.000300504 -0.00940944 
-0.0403699 0.00367789 0.0147468 
-0.00713559 0.0014097 0.008721599999999999 
-0.0586262 0.0104431 -0.00631997 
-0.0360351 0.06589390000000001 -0.0194992 
-0.0354976 0.0440204 -0.0107112 
-0.0122277 0.00743902 -0.0119909 
-0.0367594 0.0268087 -0.00198861 
-0.0418298 0.0002 -0.0103252 
-0.0457122 0.0646549  0.023 
-0.0567855 0.0205201 0.0125306 
-0.0427498 0.0661046 -0.0167 
-0.0595132 0.0826788 -0.0111082 
-0.0339687 0.00750456 -0.0122896 
-0.055 0.0681775 -0.00769198 
-0.0598 0.0339332 -0.00948213 
-0.0598 0.0604291 0.0149649 
-0.0598 0.0166345 0.00706191 
-0.0363292 0.029998 0.00150241 
-0.055 0.0718483 0.0148626 
-0.0518 0.0822456 0.0172106 
-0.0540302 0.00630485 -0.0158559 
-0.0290825 0.0511978 0.0104188 
-0.0598 0.0377746 0.0133617 
-0.00621712 0.008999999999999999 0.00119642 
-0.00641349 0.00708755 -0.00331318 
-0.0494612 0.0270981 -0.0163454 
-0.0005997039999999999 0.00876212 0.00374001 
-0.0410983 0.0340521 -0.00689283 
-0.0200613   0.01 -0.0101321 
-0.0259325 0.0459922 0.0103383 
-0.0469207 0.0697188 0.0163 
-0.0363616 0.0777337 -0.020292 
-0.055 0.07926 -0.00956804 
-0.0495105 0.00551123 0.0179605 
-0.0182092 0.0084679 -0.00593416 
-0.0598 0.0182281 -0.00781773 
-0.0135511 0.050214 -0.000388785 
-0.042555 0.030661 0.008539379999999999 
-0.0585662 0.0103891 0.0027555 
-0.00553233 0.00778969 -0.00444737 
-0.0511839 0.07270359999999999 -0.022864 
-0.0243944 0.000875399 -0.009387690000000001 
-0.0422851 0.0238048 -0.00823428 
-0.0493389 0.00397521 -0.017209 
-0.0370374 0.0837682 -0.0167 
-0.0303 0.061074 -0.000230116 
-0.0177946 0.0554967 0.00794604 
-0.0588738 0.07727349999999999 -0.0123869 
-0.0516871 0.0617622 0.0225501 
-0.0173967 0.00670257 0.0112354 
-0.0473878 0.0103114 0.0174407 
-0.0573061 0.00925453 0.0134987 
-0.055 0.06956270000000001 0.00869319 
-0.0240712 0.00442516 -0.0105339 
-0.0246397 0.0002 -0.000750219 
-0.0470506 0.0301261 -0.0136207 
-0.0294796 0.0564 -0.00291811 
-0.0598 0.0542528 -0.00278217 
-0.0368268 0.0586283 -0.0167201 
-0.0136481 0.0564 -0.000381403 
-0.0145033 0.0002 -0.00739039 
-0.0347467 0.0431563 -0.00805266 
-0.0303 0.0600889 0.00347191 
-0.0598 0.0348166 0.0133968 
-0.0358052 0.0617761 0.0160818 
-0.055 0.06928090000000001 0.00904139 
-0.0373208 0.0790762 0.0215884 
-0.0505542 0.0320219 0.0175809 
-0.048963 0.0766326  0.023 
-0.0473827 0.00805925 -0.0174387 
-0.0400435 0.0394579 -0.00570066 
-0.0417281 0.023117 0.00760468 
-0.0459471 0.0145 0.0140784 
-0.0504411 0.0659179 -0.023 
-0.0598 0.0134475 0.0114158 
-0.0578182 0.0229469 0.0195319 
-0.0598 0.0807918 -0.0169536 
-0.0598 0.0572134 0.0128938 
-0.015656 0.0016794 -0.00241185 
-0.0598 0.07726810000000001 0.0099799 
-0.0398102 0.0771139 0.0182 
-0.0407494 0.0002 -0.00424239 
-0.0433761 0.06376900000000001 0.00523446 
-0.00689627 0.00380929 -0.00764414 
-0.0598 0.06328499999999999 0.0170517 
-0.0142562 0.0529858 -0.005096 
-0.008387769999999999 0.00561309 0.0026047 
-0.0350011 0.0427006 0.00533545 
-0.0572585 0.08436250000000001 -0.0180274 
-0.0287391 0.050771 0.0103142 
-0.0400564 0.0189808 -0.00571522 
-0.0145141 0.00519057 0.00611106 
-0.0303 0.0593921 -0.00439681 
-0.0598 0.0701388 0.0149203 
-0.0366907 0.0819807 -0.0167 
-0.0201857 0.0469649 -0.0109423 
-0.00613136 0.00595023 0.00787041 
-0.0248102 0.0002 0.00373452 
-0.0314479 0.0447521 -0.00385202 
-0.056113 0.0115738 -0.0196707 
-0.0305136 0.0643888 0.0102508 
-0.0546406 0.00820806 -0.0188275 
-0.0164801 0.00478399 0.0113317 
-0.0598 0.0496805 0.00245565 
-0.0598 0.023997 -0.00540654 
-0.0594686 0.06718979999999999 -0.0197851 
-0.055 0.07311090000000001 0.008298379999999999 
-0.0472706 0.0176788 0.0138694 
-0.0493778 0.0228913 0.0162511 
-0.055 0.0808478 -0.00364794 
-0.055 0.06835919999999999 0.0152432 
-0.0598 0.07302939999999999 -0.0177436 
-0.0598 0.0633807 -0.00686747 
-0.0539581 0.0218383 0.0197102 
-0.0473767 0.000313995 -0.00474223 
-0.0590004 0.0107977 0.0139547 
-0.0382813 0.00453778 -0.013945 
-0.0598 0.0147453 0.00916638 
-0.055 0.07505539999999999 -0.000343584 
-0.0407344 0.0152486 -0.00648157 
-0.055 0.0783346 0.00908602 
-0.0472841 0.0150761 -0.0138847 
-0.0250194 0.00318744 0.0104338 
-0.0598 0.0222801 0.0141596 
-0.0300703 0.0002 0.000878883 
-0.0553643 0.0746882 0.00282683 
-0.0425797 0.0564291 -0.0156675 
-0.0474627 0.0437611 0.0174694 
-0.0086981 0.0564 0.00205633 
-0.0287917 0.0452 0.0049639 
-0.0575541 0.08430269999999999 -0.00448084 
-7.57669e-05 0.00460262 0.00132103 
-0.0025759 0.000399514 0.00352695 
-0.0509977 0.08219220000000001 -0.0228928 
-0.00752452 0.049578 -0.00647627 
-0.00450494 0.0523183 -0.0054752 
-0.0480497 0.0785372  0.023 
-0.0513436 0.0844 -0.0190296 
-0.0139921 0.0554028 0.0110446 
-0.0360713 0.0112168 -0.0130967 
-0.00733645 0.00252132 0.0109669 
-0.00822635 0.0529256 -0.00238764 
-0.0598 0.0171366 -0.00511416 
-0.0590991 0.07460840000000001 0.0111084 
-0.0393991 0.0145 -0.009296250000000001 
-0.0445211 0.00273748 0.0162999 
-0.0592934 0.0426911 0.0183745 
-0.0268037 0.056384 0.0075283 
-0.0171443 0.00743031 0.00703787 
-0.0187646 0.0464 0.00520917 
-0.0534369 0.06340750000000001 0.00413473 
-0.0516105 0.071113 0.0182 
-0.0276927 0.00609898 -0.01018 
-0.0598 0.0165049 -0.00573258 
-0.0532418 0.00646093 -0.0177964 
-0.0346092 0.00212041 0.012318 
-0.0597707 0.0234844 0.0171075 
-0.0482271 0.0010797 -0.0119153 
-0.0597106 0.06483120000000001 -0.0189392 
-0.0598 0.0707777 0.0116867 
-0.00165589 0.00353067 -0.00607675 
-0.0360637 0.0410771 0.00120229 
-0.0303 0.0579261 0.00132321 
-0.00665027 0.0530041 0.00238268 
-0.0354269 0.0207974 0.00048249 
-0.0121787 0.0564 0.00602812 
-0.0598 0.0571252 -0.0162997 
-0.0221168 0.0538565 -0.010702 
-0.0598 0.0437533 -0.0148626 
-0.0127064 0.0038106 -0.0119786 
-0.0557005 0.0343414 0.0197102 
-0.0556999 0.06483460000000001 -0.0100774 
-0.0185533 0.0542072 -0.0071192 
-0.0523597 0.0634763 -0.00413555 
-0.0282206 0.0467777 -0.0102116 
-0.0580283 0.00990473 0.0140288 
-0.0428028 0.037267 -0.00881941 
-0.009475570000000001 0.000386056 0.00613141 
-0.0550371 0.0828591 -0.022609 
-0.0498261 0.0720625 -0.0155 
-0.0518351 0.0240604 0.0190286 
-0.0170889 0.00430661 -0.00123281 
-0.0598 0.0601231 -0.00171236 
-0.0161141 0.0464 -0.00111902 
-0.055 0.06722839999999999 -0.0069002 
-0.0598 0.0220268 -0.0121646 
-0.0122239 0.0002 -0.00496981 
-0.00876298 0.0469833 0.00301665 
-0.0310546 0.0597073 0.0106784 
-0.0404059 0.0654 0.0154896 
-0.055 0.0735867 -0.00741824 
-0.055 0.0814363 -0.00175375 
-0.0359779 0.0601979 0.0159241 
-0.0567307 0.0226953 -0.0197102 
-0.0527257 0.0116965 -0.0194897 
-0.0568797 0.0530828 -0.0197085 
-0.0190501 0.0464 0.000906529 
-0.0482876 0.0362306 0.0150189 
-0.0359811 0.06962359999999999 0.0166733 
-0.039246 0.0538182 0.0143153 
-0.0312442 0.000450242 -0.00930894 
-0.0534124 0.064429 0.0112915 
-0.0400644 0.0184967 0.00572425 
-0.0598 0.0532985 -0.013561 
-0.019751 0.00215071 0.0107968 
-0.0483313 0.0706942 -0.023 
-0.0444118 0.0002 -0.00861877 
-0.0488482 0.0145 0.0176248 
-0.0540304 0.0470394 0.0120597 
-0.0137078 0.000680292 0.0104751 
-0.0577523 0.0671276 0.00386421 
-0.0381228 0.00905855 0.0138842 
-0.0361378 0.0643812 0.0161995 
-0.0598 0.0656173 0.009004740000000001 
-0.0577787 0.0669891 0.0119228 
-0.0511683 0.0286268 0.018275 
-0.0339985 0.0622154 0.012301 
-0.01792 0.0522076 -0.0111804 
-0.025678 0.0564 -0.000471884 
-0.0392529 0.0364885 0.00480697 
-0.0598 0.0683493 -0.00492569 
-0.0147212 0.055083 0.00342819 
-0.0532886 0.0424273 -0.0197058 
-0.0330817 0.0468383 0.0119491 
-0.0491879 0.0108136 0.0181317 
-0.0264723 0.0525563 0.0102815 
-0.0362063 0.0636029 0.0156563 
-0.037946 0.0128722 0.010858 
-0.0598 0.071088 -0.00388912 
-0.0023175 0.0494282 -0.00707929 
-0.0597656 0.0123957 0.00176252 
-0.0598 0.0434769 0.00320084 
-0.012618 0.0556391 0.00164477 
-0.0420869 0.07408770000000001 -0.0167 
-0.0230053 0.0505419 -0.0106459 
-0.0358056 0.0655903 0.0182209 
-0.0494962 0.0571833 -0.0184448 
-0.0495864 0.0556691 0.0182846 
-0.0421508 0.0350578 0.008082560000000001 
-0.0390324 0.0691161 0.0163 
-0.0598 0.0581054 -0.00794395 
-0.008257509999999999 0.008999999999999999 -0.00123244 
-0.0583915 0.07549400000000001 0.00219598 
-0.0160872 0.00859859 0.011373 
-0.0134784 0.0551352 0.000607966 
-0.0344465 0.0654 -0.00639303 
-0.0528297 0.0124728 -0.0195296 
-0.0396786 0.0612471 -0.0222021 
-0.0387538 0.0202178 -0.00424291 
-0.0458837 0.0654353 -0.0167 
-0.0211585 0.0564 0.00608554 
-0.0552416 0.0737589 -0.0126241 
-0.0592321 0.0527425 -0.018464 
-0.0175275 0.0564 0.00159638 
-0.00433517 0.0002 -0.00398455 
-0.0546988 0.0558957 -0.0197102 
-0.040886 0.039666 -0.00665295 
-0.0598 0.0573589 -0.0166118 
-0.055 0.0720326 0.0151437 
-0.0280639 0.0452 0.00641319 
-0.0120413 0.00701043 0.0119942 
-0.0466052 0.0220732 0.0131173 
-0.0419994 0.0652556 0.00224742 
-0.0476995 0.0640762 0.00554816 
-0.000732473 0.0532555 -0.00412304 
-0.0516884 0.0564961 -0.0190915 
-0.0419681 0.0425 -0.008433710000000001 
-0.0598 0.0276108 0.0146443 
-0.0598 0.0446282 -0.008029980000000001 
-0.0385691 0.0635859 -0.00315253 
-0.0510283 0.0206338 -0.0181166 
-0.00396283 0.0484 0.00214105 
-0.0561189 0.0844 0.0133418 
-0.0396219 0.08429490000000001 -0.0167 
-0.0409545 0.0387082 0.00673038 
-0.0598 0.0523792 0.00498142 
-0.0581214 0.0840911 -0.0130577 
-0.0372869 0.0654 -0.00941761 
-0.0138987 0.0564 0.00271995 
-0.0417578 0.0232705 0.00763825 
-0.0180331 0.00467342 0.0111685 
-0.0573501 0.0213469 0.0196587 
-0.0597986 0.06415510000000001 0.0180417 
-0.00660599 0.050498 0.00239048 
-0.0598 0.0701126 -0.00364497 
-0.03698 0.0252334 -0.00223796 
-0.0279027 0.0452 -0.00288598 
-0.0452398 0.0647132 0.0110013 
-0.0597329 0.0122172 -0.0037362 
-0.0428963 0.0654 0.00791737 
-0.0063012 0.0464 -0.00918399 
-0.0598 0.07045559999999999 -0.0132749 
-0.0411544 0.0145 0.011062 
-0.0116152   0.01 -0.00878527 
-0.0576879 0.06402049999999999 0.0117087 
-0.00760343 0.0499 0.0073739 
-0.0155141 0.0564 0.00178073 
-0.00776403 0.0488701 0.00650767 
-0.00243381 0.0484 -0.00163259 
-0.0381009 0.0274682 -0.00350495 
-0.0070161 0.0065 -0.00742032 
-0.0457497 0.0654 -0.00663873 
-0.0596726 0.0761265 0.0191154 
-0.0172834 0.0513268 0.0112473 
-0.0514344 0.0711142  0.023 
-0.0571443 0.00910883 -0.000809782 
-0.055 0.0793855 -0.00608909 
-0.0420628 0.0272629 0.007983000000000001 
-0.0178428 0.0543017 -0.011048 
-0.0590584 0.0625672 0.0206192 
-0.0598 0.06868639999999999 0.0122906 
-0.00664788 0.0065 -0.00159728 
-0.0575834 0.0206315 -0.0122759 
-0.0445213 0.0189553 0.0107619 
-0.0249618   0.01 0.00276144 
-0.0387704 0.0593388 -0.0206148 
-0.0589282 0.0441682 -0.018824 
-0.0216123 0.0564 0.000533112 
-0.0593978 0.0357343 -0.0182107 
-0.058492 0.06541950000000001 0.0150801 
-0.0339495 0.0654 -0.00789756 
-0.0454625 0.00229297 0.0165313 
-0.0463716 0.0824819 -0.0167 
-0.00970179 0.00856136 -0.0117759 
-0.0128128 0.000220473 0.00928787 
-0.0539527 0.0654 -0.008007530000000001 
-0.0385519 0.0002 0.00987888 
-0.0499106 0.07229869999999999  0.023 
-0.0323132 0.0125721 0.00392097 
-0.0362246 0.0443107 -0.0123082 
-0.0389498 0.0525072 0.0142016 
-0.0349453 0.0582961 0.0126644 
-0.0520229 0.0205642 0.0192199 
-0.00790594 0.0484 0.00137538 
-0.0151562 0.00394927 0.00293475 
-0.0395864 0.0633893 0.0123533 
-0.0507936 0.008256609999999999 0.018745 
-0.055 0.08210919999999999 0.00966055 
-0.0453111 0.0641452 0.0115813 
-0.0223222 0.0481895 0.0107177 
-0.0391364 0.0252965 -0.0046754 
-0.00104336 0.0551225 0.00333579 
-0.00229824 0.00586944 -0.00705675 
-0.0594175 0.0183731 0.018173 
-0.0436796 0.0406811 0.00981052 
-0.0474263 0.00460602 0.0173966 
-0.0358 0.0625035 -0.0160064 
-0.0068227 0.0464 -0.009644049999999999 
-0.0553918 0.0620326 -0.022637 
-0.0318023 0.0654 0.00158004 
-0.0280962 0.0511277 -0.0102002 
-0.0205278 0.0452 0.00616527 
-0.0338469 0.00026135 0.009665399999999999 
-0.0524651 0.048079 -0.0193897 
-0.0135387 0.0468128 0.0032394 
-0.0341793 0.0580924 0.0123704 
-0.0149957 0.0564 -0.008248800000000001 
-0.0572905 0.06613620000000001 -0.0102518 
-0.0598 0.0529977 0.00940298 
-0.0289923 0.0452 0.00768635 
-0.0169694 0.0533296 0.00878869 
-0.0598 0.0729283 0.00254419 
-0.0182923 0.0509425 0.00743778 
-0.0598 0.0562544 0.0130817 
-0.0598 0.0637981 0.0148707 
-0.0161585 0.009373080000000001 -0.00347096 
-0.0598 0.0793912 0.0158031 
-0.0598 0.0494142 0.000770882 
-0.0361351 0.00389834 0.0131212 
-0.00776218 0.00469822 -0.00755349 
-0.0377798 0.06441330000000001 0.0219807 
-0.0508652 0.0680317 0.019988 
-0.0291492 0.0115 -0.00329068 
-0.0503972 0.0704 0.0174205 
-0.0573135 0.0566616 -0.0196658 
-0.0445414 0.0108612 0.016348 
-0.0200405 0.0060258 -0.0109575 
-0.0261492 0.0115 0.00330913 
-0.0511335 0.00369662 -0.00254992 
-0.0365229 0.00155674 -0.0127422 
-0.0219985 0.0453838 -0.00136521 
-0.0518 0.0820446 0.0167122 
-0.0598 0.065982 0.0175214 
-0.0463453 0.0002 0.00914006 
-0.0495428 0.0390239 0.0164377 
-0.00632947 0.00122689 0.00971286 
-0.0111909 0.0557841 0.0107808 
-0.0520227 0.0379779 -0.0192198 
-0.0451064 0.0145 0.0126804 
-0.0117777 0.00774437 0.0119953 
-0.0535277 0.0802467 0.0163 
-0.0512616 0.046087 0.0189277 
-0.00903966 0.0002 0.00150281 
-0.0162242 0.00602685 0.0113586 
-0.0550487 0.0488865 -0.0197102 
-0.0122978 0.0564 0.00339068 
-0.0534935 0.0302451 -0.0197102 
-0.0389085 0.0237604 0.00441778 
-0.0212341 0.0462214 -0.0108321 
-0.0566864 0.0752343 -0.00146926 
-0.0364806 0.0224544 0.0016735 
-0.0456809 0.0700302 -0.0167 
-0.0112407 0.0564 0.00457803 
-0.0177999 0.00259674 0.0111299 
-0.0534977 0.0612 0.0223299 
-0.0193691 0.00240031 0.00614304 
-0.0392679 0.0685722 0.0227557 
-0.0243058 0.0002 -0.00411361 
-0.0534546 0.00578658 -0.00172317 
-0.0281585 0.0115 0.00458166 
-0.0398388 0.0109796 0.0145429 
-0.0510007 0.00465542 -0.0171686 
-0.0598 0.0619664 -0.0103336 
-0.0461851 0.08207449999999999 -0.0229204 
-0.055244 0.0166337 -0.0197102 
-0.0470635 0.041886 0.0136353 
-0.0539405 0.0772514  0.023 
-0.0568347 0.07541009999999999 0.00688967 
-0.0329219 0.0644165 -0.0050957 
-0.0183909 0.009625130000000001 -0.0111309 
-0.0563125 0.0218323 -0.0122276 
-0.0523822 0.0625266 -0.0227756 
-0.000221095 0.00305914 -0.00220578 
-0.028587 0.0511134 0.0102756 
-0.0127871 0.0468747 0.00343297 
-0.0307865 0.0115 -0.00175662 
-0.0447353 0.0434447 0.0164225 
-0.035741 0.0515918 0.0129699 
-0.0598 0.0216337 -0.00442802 
-0.0598 0.06895519999999999 -0.00189276 
-0.0258132 0.0002 -0.00600567 
-0.040813 0.0184097 -0.00657045 
-0.0195068 0.0488812 -0.0110136 
-0.00508415 0.0481452 0.0026 
-0.0595623 0.0825632 -0.0138777 
-0.0242165 0.0452 -0.0103581 
-0.0573099 0.0765248 0.00324863 
-0.0437227 0.0245173 0.00985921 
-0.0569594 0.0824396 -0.0222973 
-0.00440192 0.00394612 0.0044307 
-0.055 0.06959079999999999 0.00244334 
-0.0410413 0.06328930000000001 -0.00345539 
-0.0598 0.0505481 0.00184208 
-0.05965 0.0771189 0.019212 
-0.0217353 0.0452 0.00595119 
-0.0598 0.0562475 0.0156227 
-0.0596802 0.0120051 0.0154933 
-0.0598 0.0660699 0.00777084 
-0.00894879 0.0472306 0.0115968 
-0.0256904 0.0002 0.00170626 
-0.0105913 0.0494656 -0.0119164 
-0.055 0.0733111 0.00871894 
-0.0589591 0.0634556 -0.0207704 
-0.0598 0.0161027 -0.000306975 
-0.0376116 0.0816645 -0.0218349 
-0.0188702 0.00654528 -0.0110805 
-0.0563442 0.0844 0.00666999 
-0.059515 0.06800920000000001 0.0196625 
-0.0472385 0.0145 0.0158513 
-0.0467652 0.0209811 0.0132982 
-0.0363652 0.0166312 0.00154306 
-0.0212058 0.000364847 0.008801059999999999 
-0.0556204 0.00773664 0.0157315 
-0.0358 0.0813666 -0.0174845 
-0.0246785 0.0002 -0.00416538 
-5.3303e-05 0.00738924 -0.0011129 
-0.055 0.0682585 -0.0064871 
-0.0144755 0.00638236 0.00387491 
-0.0484044 0.0654 -0.000860153 
-0.0558071 0.07448390000000001 -0.0228932 
-0.0274428 0.0561562 0.008362629999999999 
-0.0598 0.0279851 -0.00894469 
-0.0487999 0.07020120000000001 -0.0167 
-0.0313443 0.0002 -0.00332215 
-0.0598 0.032023 0.00623942 
-0.0517162 0.07159509999999999 -0.0155 
-0.0591333 0.0774542 -0.0204939 
-0.032546 0.00132699 0.0110374 
-0.058974 0.08346439999999999 0.000895922 
-0.0584026 0.0613534 -0.0214623 
-0.0598 0.0373058 -0.00427713 
-0.00683802 0.00765408 0.00701984 
-0.0179209 0.00143519 -0.00746704 
-0.0521744 0.0837345 -0.0155 
-0.042627 0.08187469999999999 0.0229615 
-0.000445302 0.0468504 0.00322754 
-0.0362448 0.0367094 -0.00140704 
-0.00172861 0.0528247 -0.00619881 
-0.0492964 0.0619471 -0.022609 
-0.0380492 0.0322921 -0.00344646 
-0.0151017 0.00464999 -0.0115877 
-0.0453284 0.0129658 -0.0166501 
-0.0535038 0.00583091 0.00286636 
-0.0408927 0.0703437 0.0163 
-0.0480502 0.030543 0.0147506 
-0.024383 0.00490939 -0.0105011 
-0.0298565 0.00877023 0.010711 
-0.0570097 0.00898763 -0.00707608 
-0.0236103 0.0452 0.00209686 
-0.0553671 0.08339870000000001 0.0222345 
-0.0160959 0.00501657 -0.00196272 
-0.0286365   0.01 0.00775621 
-0.00425327 0.0029959 -0.009138439999999999 
-0.056691 0.0665824 -0.00489261 
-0.0137097 0.0002 0.00267878 
-0.0584725 0.06751359999999999 0.0213881 
-0.0598 0.0447708 0.0058028 
-0.0236901 0.008013569999999999 0.0105739 
-0.0598 0.0286693 -0.00399104 
-0.0598 0.0577023 -0.00218425 
-0.0598 0.0484881 -0.009577209999999999 
-0.0497159 0.00242028 0.0121663 
-0.055 0.0706519 -0.00934918 
-0.0186599 0.00132793 -0.0028371 
-0.0598 0.0717655 0.0144395 
-0.0339059 0.0485077 0.0122655 
-0.0303 0.0566602 -0.00702651 
-0.0497722 0.0639733 0.00355686 
-0.0491683 0.0570718 -0.0181942 
-0.0543022 0.0208943 -0.0197102 
-0.00859239 0.0480406 -0.00537565 
-0.0195816 0.00407111 -0.00554088 
-0.031131 0.0049744 -0.0112003 
-0.0171579 0.0517404 -0.00130331 
-0.0480033 0.0583203 -0.0201978 
-0.039535 0.0248655 0.00512583 
-0.0374157 0.0772229 0.0216753 
-0.051851 0.0632404 0.00469467 
-0.0410644 0.0425 -0.00887928 
-0.0598 0.0809072 0.0136795 
-0.0458592 0.0128356 -0.0168539 
-0.0362794 0.0672553 -0.0167 
-0.0140333 0.00347872 -0.011822 
-0.00114181 0.00354862 0.00510338 
-0.0361715 0.0435917 -0.0109437 
-0.0395645 0.0180211 -0.00515925 
-0.0063706 0.00105605 -0.00955078 
-0.0414542 0.0002 -0.009428310000000001 
-0.0598 0.0625071 -0.00277315 
-0.0584101 0.0614206 -0.0214541 
-0.0598 0.0507416 0.00747189 
-0.041474 0.0654 0.0154156 
-0.0244726 0.00723899 0.0104917 
-0.056682 0.0844 -0.00571408 
-0.008916250000000001 0.0499 -0.00518814 
-0.0598 0.0516019 -0.000699933 
-0.0593357 0.0148537 0.0183082 
-0.0361527 0.0434898 -0.0107334 
-0.0313139 0.0118139 -7.22877e-05 
-0.0573743 0.0648963 0.0145856 
-0.0481044 0.0327367 0.0148118 
-0.0172902 0.000767197 -0.00143842 
-0.00421599 0.000426808 -0.00647885 
-0.0185431 0.00740853 0.00480739 
-0.0566122 0.067741 0.0126905 
-0.0332688 0.051134 -0.0120209 
-0.0433064 0.0598532 -0.0215806 
-0.0449107 0.0764648 0.0182 
-0.00549129 0.00932912 -0.00530305 
-0.0598 0.0447898 0.00355176 
-0.0517615 0.0233125 0.0189455 
-0.0544663 0.00743431 0.01811 
-0.0194199 0.00403461 0.0110228 
-0.00598564 0.0539709 -0.0022647 
-0.0467838 0.06478829999999999 -0.023 
-0.0359617 0.0601415 -0.013529 
-0.0138959 0.008999999999999999 -0.000263054 
-0.0412933 0.0425 0.0129153 
-0.0598 0.0280133 0.0142293 
-0.00768793 0.009645239999999999 -0.0111971 
-0.0598 0.0350195 0.00776045 
-0.0162385 0.00299256 0.00808243 
-0.0598 0.0649559 0.000125901 
-0.0509707 0.0309256 0.0180516 
-0.0516971 0.0633886 0.0229307 
-0.0416303 0.0627718 -0.0228259 
-0.0358946 0.0156949 0.00101121 
-0.0100582 0.0564 -0.00170435 
-0.00580942 0.000553684 -0.00835548 
-0.0324979 0.0115 -0.008999709999999999 
-0.0501524 0.00281325 -0.008621210000000001 
-0.0151375 0.0465258 0.00226905 
-0.0336227 0.000200887 -0.00897382 
-0.0598 0.0565148 -0.000993659 
-0.0433866 0.0145 0.0106546 
-0.0143011 0.0537665 -0.0054673 
-0.0215085 0.0564 0.00412328 
-0.0564386 0.0742946 0.0114288 
-0.000550692 0.00173208 0.00189105 
-0.00450896 0.0519352 0.00549703 
-0.0598 0.0248984 -8.655480000000001e-06 
-0.0500677 0.0734841  0.023 
-0.0133   0.01 -0.0106063 
-0.0104069 0.0464 0.00830503 
-0.0114189   0.01 -0.0104324 
-0.0598 0.0238754 0.00138291 
-0.0387681 0.0215771 0.00425906 
-0.0525446 0.063748 -0.00298691 
-0.0531246 0.0390152 0.0196428 
-0.0595552 0.0805728 0.0195436 
-0.0454221 0.0654 0.0154587 
-0.0555665 0.0245177 -0.0197102 
-0.0581193 0.0706389 -0.0217336 
-0.0431252 0.0640136 -0.0109158 
-0.0397386 0.0487875 0.0145044 
-0.00286547 0.000567118 0.00502313 
-0.0250845 0.0461272 0.0104274 
-0.0598 0.0795172 -0.0175307 
-0.0372043 0.0824 0.0206201 
-0.0390732 0.0425 -0.0112035 
-0.00450383 0.0560934 -0.00707737 
-0.0229647 0.0452 -0.00566983 
-0.00823283 0.0470481 -0.0060253 
-0.057997 0.0118601 0.0192797 
-0.0598 0.0139237 0.015673 
-0.0371525 0.0189876 0.00243291 
-0.00688531 0.00616551 -0.00125918 
-0.00592037 0.0002 0.00101325 
-0.04961 0.0834695 -0.0221689 
-0.0586883 0.0600995 0.0211426 
-0.047284 0.07295939999999999 -0.0167 
-0.0261884 0.0452 0.010045 
-0.055 0.0821364 0.00503822 
-0.044439 0.0002 0.00454013 
-0.0192754 0.051372 -0.00358129 
-0.0598 0.0607178 -0.003255 
-0.0415752 0.0120584 0.0152094 
-0.0598 0.0182439 0.0117075 
-0.0598 0.0563655 0.00603732 
-0.00660715   0.01 -0.0101737 
-0.0100128 0.0564 -0.00407003 
-0.0108811 0.0464 -0.0114327 
-0.0358164 0.06457300000000001 0.0183855 
-0.0204977 0.0002 0.00388617 
-0.0478269 0.0844 -0.0199214 
-0.0484518 0.00128199 4.5462e-05 
-0.0424657 0.06461890000000001 0.00289761 
-0.0492033 0.0689232 -0.023 
-0.00582685 0.0487412 0.00391878 
-0.0251752 0.000404621 0.008491240000000001 
-0.043319 0.0062705 -0.0158788 
-0.0558879 0.00797749 0.00282425 
-0.008488219999999999 0.00598129 -0.00723197 
-0.0521052 0.064621 0.0110955 
-0.0386765 0.0654 -0.007814150000000001 
-0.055 0.06987649999999999 0.00399171 
-0.0342999 0.0113765 -0.0116987 
-0.0558565 0.0330753 -0.0197102 
-0.0598 0.06359720000000001 -0.0154539 
-0.0569219 0.08137510000000001 0.0225272 
-0.0410412 0.06828960000000001  0.023 
-0.0414986 0.0002 -0.00393494 
-0.0506964 0.0160527 0.0177415 
-0.0128177 0.0564 0.00860813 
-0.0380656 0.0145 -0.009267070000000001 
-0.0364656 0.0553052 0.013248 
-0.0510736 0.0584333 -0.0203244 
-0.0403059 0.0791197 -0.0167 
-0.0129171 0.0558742 -0.00131104 
-0.0532823 0.0570002 -0.0197033 
-0.0515959 0.0480386 -0.019056 
-0.0568854 0.0148625 -0.0197066 
-0.0368707 0.0694018 -0.0210848 
-0.0184659 0.00957674 -0.00444156 
-0.0173542 0.0020478 0.008395730000000001 
-0.0508946 0.00348158 0.0141509 
-0.054602 0.00681971 -0.0079278 
-0.0470374 0.0838662 -0.0217069 
-0.029211 0.0563475 0.00791067 
-0.0428519 0.0048459 0.0156995 
-0.0411396 0.0277741 -0.00693957 
-0.0399344 0.0271819 0.00557734 
-0.0580613 0.0157795 0.019432 
-0.00938756 0.000771354 -0.0104316 
-0.0482423 0.06432889999999999 0.00580621 
-0.0422338 0.0262767 -0.008176370000000001 
-0.0252274   0.01 -0.00536221 
-0.0463803 0.0173364 0.0128631 
-0.056388 0.0553241 0.0197102 
-0.0303 0.0601511 -0.00825332 
-0.009301800000000001 0.0499 -0.0041702 
-0.0426513 0.0304841 -0.00864824 
-0.0195013 0.0521188 0.00582993 
-0.0318616 0.0002 -1.15577e-05 
-0.0215212   0.01 0.00215198 
-0.00283204 0.008999999999999999 0.00052156 
-0.0595128 0.0771654 -0.0196647 
-0.0357792 0.0504655 -0.0129845 
-0.0538587 0.0843815 -0.0203156 
-0.0248482 0.0564 -0.00729913 
-0.0588159 0.06275070000000001 0.0209744 
-0.048295 0.0246731 0.0150273 
-0.0377968 0.00134229 0.0130659 
-0.0338693 0.00259688 -0.0121832 
-0.0569457 0.0843936 -0.00074028 
-0.0497608 0.06362429999999999 0.0121133 
-0.00238496 0.0527141 -0.00717759 
-0.0598 0.0633157 -0.0110652 
-0.0463552 0.0416322 0.0128347 
-0.0598 0.0419281 -0.0154092 
-0.0424468 0.0002 0.00473236 
-0.0568859 0.0216653 -0.0133239 
-0.0347058 0.0002 -0.00654135 
-0.0479291 0.0713405 0.0182 
-0.0043834 0.00371831 -0.00536492 
-0.0318025 0.0123025 -0.000624995 
-0.0162884 0.0492664 0.00656119 
-0.0554134 0.0185457 0.0197102 
-0.024903 0.0452 -0.00812594 
-0.0558522 0.0844 -0.0176537 
-0.00486222 0.00869725 0.009643880000000001 
-0.0293061 0.00748534 -0.0104998 
-0.054589 0.07061340000000001 -0.0229208 
-0.0397029 0.0565559 0.0156775 
-0.0598 0.0205415 -0.00463512 
-0.013541   0.01 -0.008675489999999999 
-0.0151618 0.0520443 -0.00291657 
-0.0180745 0.056335 -0.00876119 
-0.0552114 0.0762539 -0.013428 
-0.0102359 0.0496357 0.0118639 
-0.0531825 0.0793941 -0.0155 
-0.0194828 0.0065 0.0046617 
-0.0143669 0.0518523 0.00417039 
-0.00216094 0.00303575 0.00684504 
-0.0468783 0.0266009 0.0134259 
-0.0466016 0.00410235 0.017109 
-0.051966 0.023858 0.0191766 
-0.0183765 0.00785667 0.0111324 
-0.0358 0.0642619 -0.0135822 
-0.0497029 0.0808213 -0.0155 
-0.0598 0.0331014 -0.0152231 
-0.0596856 0.0771802 -0.0190415 
-0.055 0.0793329 0.00169233 
-0.0185127 0.0493353 0.00528507 
-0.0508471 0.0641847 0.00334102 
-0.0597785 0.0817383 -0.0159704 
-0.014063 0.0564 -0.00169711 
-0.055 0.0711912 0.0021148 
-0.0598 0.0387753 0.00246416 
-0.0537537 0.0449508 0.0197102 
-0.0525192 0.0824 0.0225623 
-0.0151835 0.00402339 -0.00289434 
-0.00447974   0.01 -0.00552497 
-0.0457951 0.0790208 -0.0167 
-0.0498579 0.00254808 -0.00562963 
-0.0195423 0.0527269 0.00420064 
-0.0598 0.0620394 -0.0140107 
-0.00795001 0.0563811 -0.00838295 
-0.0416869 0.0837304 -0.0167 
-0.0369946 0.0252562 0.00225444 
-0.00566399 0.050628 0.0101887 
-0.0386548 0.0002 -0.0106949 
-0.0346796 0.0634204 -0.00407854 
-0.0529136 0.06313240000000001 -0.00378437 
-0.0336806 0.0654 -0.00118214 
-0.0564124 0.0236982 0.0197102 
-0.0196572 0.0002 -0.00245401 
-0.0597444 0.0557205 0.0172817 
-0.0428889 0.0612153 0.0223317 
-0.055 0.06540020000000001 0.009690900000000001 
-0.0203555 0.0524521 -0.0109244 
-0.0166285 0.000294461 0.00904568 
-0.0598 0.0595293 -0.0143625 
-0.0334654 0.0579241 0.0120964 
-0.0422453 0.0579631 -0.0197402 
-0.0204572 0.0464 0.00228675 
-0.0598 0.0494305 -0.0140207 
-0.0598 0.0602738 -0.00738702 
-0.0552262 0.0396766 -0.0197102 
-0.0414569 0.0109044 0.015164 
-0.0396348 0.0800211 -0.0167 
-0.0254655 0.00162201 0.00993375 
-0.00703503 0.0464 -0.00689888 
-0.0572563 0.0428135 -0.0196746 
-0.008353869999999999 0.00765838 -0.00587705 
-0.0271163   0.01 -0.00482083 
-0.011577 0.008999999999999999 -0.00246696 
-0.0195147 0.0002 -0.00383398 
-0.0480725 0.0112688 -0.0177035 
-0.0303 0.0649154 0.00164926 
-0.055 0.0682566 0.0134958 
-0.0173885 0.00118262 -0.00153883 
-0.0217328 0.047343 0.0107797 
-0.0180084 0.00264035 -0.00743099 
-0.0412903 0.036631 0.00710992 
-0.009583619999999999 0.0527159 -0.00553451 
-0.00118433 0.0557769 -0.000143364 
-0.0387343 0.0824 0.0210085 
-0.0195953 0.0558666 0.0054778 
-0.0577268 0.0660858 -0.00200028 
-0.0166022 0.0545711 0.011079 
-0.0193799 0.0522297 -0.00612415 
-0.0165524 0.00939917 -0.006499 
-0.0447471 0.0344865 -0.0110171 
-0.0598 0.0345196 0.0160757 
-0.0077602 0.0538758 -0.00744878 
-0.0423278 0.07448680000000001 -0.0167 
-0.0204249 0.00232131 0.0107835 
-0.055 0.082723 -0.0150282 
-0.0412728 0.0002 0.00431556 
-0.0598 0.0804368 -0.0159049 
-0.0106167 0.0464 0.0105554 
-0.0571814 0.00914221 0.008540270000000001 
-0.048303 0.06316049999999999 0.0128131 
-0.0598 0.07321039999999999 0.0176749 
-0.057593 0.07834240000000001 -0.0221435 
-0.0469664 0.0654 0.000522337 
-0.0467632 0.07380589999999999 -0.0167 
-0.055 0.06857050000000001  0.012 
-0.0547974 0.0586051 -0.0205136 
-0.0538 0.0205384 -0.0124673 
-0.0428172 0.0002 -0.00429155 
-0.00408797 0.0464 -0.00792317 
-0.038792 0.0320292 0.00428602 
-0.0400005 0.0322694 -0.00565203 
-0.0598 0.0343504 -0.00176481 
-0.0598 0.0183978 -0.007941780000000001 
-0.059147 0.0832647 -0.00731559 
-0.0371269 0.0360871 0.00240403 
-0.0598 0.0395866 0.0109726 
-0.0396356 0.0773909 -0.0167 
-0.0478351 0.000726773 0.008046090000000001 
-0.0519927 0.0301675 -0.0192067 
-0.0598 0.02579 -0.0106976 
-0.0355483 0.0115785 -0.0127554 
-0.0369426 0.000479505 -0.0115717 
-0.0433642 0.0384274 0.009453970000000001 
-0.0598 0.0476452 0.000446366 
-0.0598 0.0360196 -0.00123963 
-0.0345893 0.0002 0.00110483 
-0.0598 0.0399284 -0.00697066 
-0.0470977 0.0643899 0.00586852 
-0.058358 0.0839611 -0.0169092 
-0.0555729 0.0844 -0.0115042 
-0.0254798 0.0564 0.00205641 
-0.0505335 0.0677693 -0.0155 
-0.0465374 0.0838608 -0.0217155 
-0.0154317 0.0522583 -0.00264094 
-0.0472256 0.0292445 -0.0138185 
-0.0498186 0.0824 0.018676 
-0.0335401 0.00398849 0.012125 
-0.0116224 0.0553571 0.0112562 
-0.0252934 0.0115 -1.70551e-06 
-0.0110175 0.0023243 -0.0118175 
-0.0423616 0.0728451 0.0182 
-0.0237108 0.0106202 -0.00154467 
-0.0261584 0.0452 0.0102409 
-0.045693 0.0452035 0.0167901 
-0.0316732 0.0449631 0.00455878 
-0.0394825 0.0135398 0.0117197 
-0.0140147 0.0002 -0.00541275 
-0.055 0.0736812 -0.007958389999999999 
-0.0545278 0.0583326 0.0202117 
-0.0449144 0.0307288 0.0112062 
-0.0249122 0.0452 0.00772053 
-0.010877 0.0562985 0.00970002 
-0.0598 0.032361 0.00955226 
-0.0155935 0.0065 0.00384322 
-0.0598 0.0226683 0.0124741 
-0.0134432 0.0002 0.00205537 
-0.025304 0.00366971 0.0104043 
-0.0363065 0.0227786 -0.00147677 
-0.0598 0.08028589999999999 -0.00039029 
-0.0425579 0.0002 0.0123346 
-0.0316441 0.0002 -0.0016474 
-0.00514034 0.0499 0.0042885 
-0.0508075 0.0282192 -0.0178672 
-0.0598 0.081341 -0.008279979999999999 
-0.0509602 0.0406922 0.0180398 
-0.0352906 0.0512853 -0.012797 
-0.0353231 0.0647765 -0.00193665 
-0.0412118 0.0673754 -0.0167 
-0.00878135 0.0551398 -0.00299964 
-0.0116581 0.0485541 0.00192079 
-0.0596653 0.0511719 -0.0175898 
-0.0509483 0.047717 0.0188074 
-0.0303 0.0581528 -0.009327 
-0.055 0.07761999999999999 0.0141588 
-0.0598 0.0150897 0.000602347 
-0.0431068 0.0288566 -0.00916309 
-0.0598 0.0189282 0.00262136 
-0.0588852 0.0500643 -0.0188648 
-0.0483913 0.0216488 -0.0151361 
-0.0134963 0.0500239 0.000564644 
-0.0161647 0.0533227 0.00236896 
-0.0527522 0.06371250000000001 -0.0125768 
-0.0326515 0.0131515 0.000696859 
-0.0460524 0.0591222 -0.0210071 
-0.0145631 0.00296529 -0.0117049 
-0.0592875 0.08307349999999999 -0.014699 
-0.00830004 0.00264469 0.00255927 
-0.0139439 0.0521636 -0.0118373 
-0.0213729 0.0002 -0.00404363 
-0.0550234 0.00719917 0.00400024 
-0.0311571 0.0115 -0.00862329 
-0.0598 0.0289474 0.00334315 
-0.0449177 0.0745874  0.023 
-0.0344608 0.0425 -0.00212503 
-0.0496217 0.0023354 0.00595625 
-0.0385364 0.0571866 -0.0168651 
-0.0434102 0.00112589 -0.0150202 
-0.0598 0.021103 -0.00228743 
-0.0577438 0.084245 0.00529955 
-0.0453405 0.07424550000000001 0.0182 
-0.0408457 0.0561393 -0.0149294 
-0.0585863 0.0735315 -0.0212619 
-0.0149974 0.00471376 0.011615 
-0.0582833 0.08400680000000001 -0.0157836 
-0.0395465 0.0372376 -0.00513888 
-0.0598 0.0777804 0.00545691 
-0.058831 0.0106293 0.0126001 
-0.0391758 0.0343091 0.00471986 
-0.0587151 0.0403706 0.0190186 
-0.0539475 0.00623042 0.00509692 
-0.00728149 0.0538829 0.0109887 
-0.0188394 0.0499 -0.00311384 
-0.0555848 0.0652268 0.0104769 
-0.042137 0.00522185 0.0154251 
-0.0598 0.035149 -0.00976818 
-0.0587455 0.062532 -0.0210682 
-0.00478464   0.01 0.00688866 
-0.0530249 0.0173018 0.0196045 
-0.0453522 0.0155902 -0.011701 
-0.0142558 0.00580757 0.00509449 
-0.0269107 0.0115 0.00106007 
-0.016559 0.0464 0.00889677 
-0.0361228 0.0605288 -0.017769 
-0.0598 0.0185836 -0.0128241 
-0.0291057 0.0452 0.0088188 
-0.0598 0.0158506 0.00710069 
-0.040906 0.0564211 -0.0154828 
-0.0358 0.0763675 -0.016765 
-0.0260862 0.0452 0.009313190000000001 
-0.0593084 0.07378899999999999 0.00374514 
-0.0364057 0.0258546 0.00158882 
-0.00454719 0.00216601 -0.00595609 
-0.00507006 0.00317644 0.00979209 
-0.0483269 0.0544231 -0.0178012 
-0.055 0.0720092 0.0067214 
-0.008817159999999999 0.0541155 -0.00685567 
-0.00671097 0.0027254 -0.00143721 
-0.00403666 0.00959317 0.00897072 
-0.0598 0.0566778 0.0123071 
-0.0189197 0.00376395 0.00310692 
-0.0398247 0.0642334 -0.00249129 
-0.0598 0.0501667 0.0148163 
-0.055 0.0709529 0.0147458 
-0.0473039 0.0654 0.009449829999999999 
-0.0428277 0.0632402 0.00430548 
-0.00812716 0.0564 0.000784755 
-0.0267078 0.0452 -0.00353129 
-0.0577707 0.00967284 -0.00516079 
-0.0440297 0.0654 -0.00650662 
-0.0247704 0.0518566 -0.0104604 
-0.0435763 0.0730888  0.023 
-0.0493401 0.07585939999999999  0.023 
-0.0554684 0.00759983 -0.00312882 
-9.86634e-06 0.00362748 0.000457546 
-0.0598 0.0783292 0.0059971 
-0.0141035 0.007975889999999999 0.0118066 
-0.055 0.0721541 -0.0110237 
-0.0257514 0.0452 0.00220623 
-0.0451683 0.0537911 -0.0165887 
-0.0400646 0.0214757 -0.00572444 
-0.0598 0.0327057 0.0136046 
-0.0588214 0.0796472 -0.0209647 
-0.0558927 0.067023 0.0119573 
-0.0196494 0.0501436 -0.0049611 
-0.0465821 0.0568396 -0.0176001 
-0.0434971 0.0824 0.0226912 
-0.0123723 0.0002 -0.00230505 
-0.0369277   0.01 0.0127387 
-0.0551847 0.009055580000000001 -0.0191623 
-0.0570284 0.009909690000000001 -0.0186012 
-0.0299335 0.0459469 0.0107406 
-0.0578913 0.064109 -0.0129816 
-0.0443424 0.0145 -0.0117748 
-0.004968 0.00137939 -0.0032313 
-0.0560875 0.00816705 -0.0168764 
-0.0598 0.0206473 -0.00429817 
-0.0112949 0.0512172 0.0119764 
-0.0387424 0.08375059999999999 -0.0167 
-0.0438518 0.0202129 -0.0100052 
-0.0572094 0.0843691 -0.0175892 
-0.0598 0.0446762 -0.0146008 
-0.0433317 0.0824 0.0187969 
-0.0382528 0.0145 0.00593502 
-0.0480396 0.0812551 -0.0167 
-0.0161419 0.00844924 -0.00348784 
-0.0598 0.059865 -0.0162373 
-9.9969e-05 0.0524899 0.00153008 
-0.00701805 0.00691254 0.00720368 
-0.0571115 0.0215661 -0.0133801 
-0.0434619 0.0370257 -0.009564390000000001 
-0.0111743 0.0564 -0.00200741 
-0.0017339 0.000595298 0.00211946 
-0.0393929 0.0461934 0.0143717 
-0.00530713 0.050151 -0.0030129 
-0.0373425 0.0391139 -0.00264769 
-0.0102888 0.000377226 -0.009859450000000001 
-0.0263007 0.0564 -0.00620861 
-0.0191569 0.00153351 -0.0105417 
-0.0586826 0.0730833 -0.0119342 
-0.055 0.0670321 0.00777762 
-0.00680152 0.00508915 0.00855475 
-0.0300039   0.01 -0.00914381 
-0.055 0.0688175 -0.0125914 
-0.0417808 0.048604 0.0152884 
-0.0598 0.0343274 -0.00928758 
-0.00964779 0.0525959 0.00495174 
-0.0133636 0.0464 0.0116226 
-0.000364752 0.00190441 0.00117951 
-0.0437297 0.0215939 0.00986715 
-0.0598 0.0436301 -0.00658032 
-0.0370489 0.034042 0.00231583 
-0.0598 0.0526791 -0.00475743 
-0.0425854 0.0202012 0.00857373 
-0.00335395 0.00591946 0.008319999999999999 
-0.0318507 0.0123507 0.00139765 
-0.0598 0.033057 0.00193937 
-0.0598 0.0673203 -0.00305709 
-0.00662676 0.0562719 -0.00155774 
-0.0384263 0.0138659 0.00986478 
-0.054888 0.0689583 -0.0155 
-0.055299 0.0574689 -0.0197102 
-0.0598 0.0671693 0.000504999 
-0.0372179 0.0754069 -0.0214847 
-0.0506952 0.0372022 -0.0177402 
-0.0198846 0.0563291 -0.008597860000000001 
-0.0186863 0.0452 0.00929319 
-0.0109008 0.0560685 0.0011635 
-0.039876 0.0002 0.0108033 
-0.0508568 0.067645 0.0214494 
-0.00441502 0.008999999999999999 -0.000585937 
-0.0459415 0.0830304 -0.0167 
-0.0051849 0.053309 0.00314158 
-0.0110153 0.0562948 0.00972717 
-0.0517479 0.0409994 0.0189301 
-0.0512871 0.0824 0.021706 
-0.056652 0.0105513 -0.0192461 
-0.0376733 0.0437888 0.0104519 
-0.050351 0.0619286 -0.0226032 
-0.0598 0.0421771 -0.013548 
-0.0121774 0.0002 0.00183951 
-0.0453643 0.0654 -0.00624487 
-0.0568258 0.008822 -0.009335359999999999 
-0.0598 0.07091219999999999 -0.0171133 
-0.0367647 0.000258546 -0.0107733 
-0.0392779 0.0172582 0.00483528 
-0.0558261 0.0657766 -0.0228915 
-0.0598 0.0331398 -0.0152751 
-0.0180975 0.0467893 0.00606412 
-0.0187679 0.00287751 0.0110723 
-0.059313 0.077067 0.0133978 
-0.0405166 0.0002 0.000853362 
-0.0574556 0.0462646 -0.0120216 
-0.0434304 0.0824 0.0199574 
-0.0444755 0.0002 0.00264129 
-0.008402079999999999 0.054939 0.00273082 
-0.0372985 0.0578319 0.0138382 
-0.059095 0.0774314 -0.00337438 
-0.0346645 0.0654 0.008701810000000001 
-0.0598 0.0370078 0.000244897 
-0.0598 0.0599716 -0.017837 
-0.0475583 0.0619828 0.0226181 
-0.0179235 0.0501791 -0.00746597 
-0.0592947 0.0128617 -0.0183726 
-0.0525385 0.00525796 0.0166565 
-0.0442698 0.0824 0.0222756 
-0.0400611 0.0002 -0.0103463 
-0.0495726 0.0471713 0.0182793 
-0.0598 0.0159873 0.00818846 
-0.0539397 0.0844 -0.0188842 
-0.0109065   0.01 0.00576108 
-0.00858626 0.00832485 0.00450477 
-0.0598 0.078651 0.0101663 
-0.0147338 0.0501865 0.011684 
-0.0479206 0.0358753 0.0146041 
-0.0598 0.06255049999999999 0.00755393 
-0.0531977 0.0654 -0.00627993 
-0.0494182 0.0654 -0.0158846 
-0.0364411 0.0643449 0.0155567 
-0.0598 0.0586899 0.00148936 
-0.0493189 0.06688280000000001 -0.023 
-0.055758 0.007860570000000001 0.000224887 
-0.0469237 0.00103065 0.0156528 
-0.0598 0.06271549999999999 -0.0113522 
-0.0263584 0.00775739 -0.0102935 
-0.039212 0.0354338 0.00476084 
-0.00502802 0.0065 -0.0039605 
-0.0327147 0.0654 -0.000161415 
-0.0540328 0.0361015 0.0197102 
-0.0218394 0.0464 0.0005054979999999999 
-0.03046 0.0654 0.00898988 
-0.0305912 0.0002 0.000804113 
-0.0557709 0.0741962 0.0138707 
-0.055 0.0824077 0.0150144 
-0.0342619 0.0452 0.0117054 
-0.00241004 0.0562537 0.00248654 
-0.0157909 0.0495309 -0.00384781 
-0.0281535 0.0458038 0.0102054 
-0.0568203 0.0796375 -0.02257 
-0.0598 0.055863 0.00624119 
-0.0598 0.0323771 0.00598641 
-0.0474863 0.0421282 0.0141131 
-0.000865374 0.00373418 0.00447042 
-0.0505637 0.0390372 -0.0175916 
-0.0598 0.0464146 -0.0114092 
-0.0329519 0.0115975 -0.008872069999999999 
-0.0423799 0.0295543 -0.00834144 
-0.0598 0.0401043 -0.0165251 
-0.0279973 0.0002 -0.00586191 
-0.0530722 0.084318 -0.0206853 
-0.0490362 0.00371713 -0.0171027 
-0.0203952 0.0564 -0.00502916 
-0.009927780000000001 0.00577475 0.0118156 
-0.0231199 0.0563632 0.00807392 
-0.055 0.0838202 -0.0139072 
-0.0490408 0.0265916 0.0158703 
-0.0513643 0.0367598 -0.0184965 
-0.0456601 0.0594788 -0.0212985 
-0.038039 0.0627453 0.0219663 
-0.0549651 0.0644237 -0.0104969 
-0.0046177 0.0493296 0.009452810000000001 
-0.0194505 0.0501652 -0.00596169 
-0.0152028 0.0065 -0.00531855 
-0.0160866 0.0550075 0.00239344 
-0.0598 0.0783406 -0.000760775 
-0.00344729 0.0464 -0.00578416 
-0.0409565 0.0002 0.000422356 
-0.0425188 0.0372475 -0.008498500000000001 
-0.0533552 0.0315562 0.0197102 
-0.0585687 0.0410304 0.0191309 
-0.00558571 0.0536589 0.0101212 
-0.0575159 0.009443409999999999 -0.00129444 
-0.0598 0.056735 0.0124181 
-0.0436825 0.0115232 -0.0160183 
-0.0449559 0.0002 0.0109396 
-0.055 0.0825264 0.00633562 
-0.0598 0.0424709 0.0113175 
-0.0336607 0.0644508 -0.00513072 
-0.0108126 0.0564 0.00270422 
-0.007885029999999999 0.0488827 0.00638412 
-0.024039 0.0517936 0.0105373 
-0.016519   0.01 -0.0102394 
-0.0155696 0.0561762 -0.00954897 
-0.0543837 0.0631886 0.0125582 
-0.0520946 0.0241781 -0.0192474 
-0.0322579 0.011628 -0.00778865 
-0.0598 0.0636468 0.008778060000000001 
-0.0176494 0.00890229 -0.0112088 
-0.055 0.0759237 0.00246249 
-0.0529664 0.0735949 -0.0183238 
-0.0598 0.0430577 0.00916847 
-0.0552424 0.0226493 0.0197102 
-0.0553699 0.0781104 0.0229669 
-0.0598 0.0161614 -0.0115219 
-0.0196987 0.0464 0.00117259 
-0.0391914 0.0141863 -0.0134929 
-0.0440807 0.0764077 -0.023 
-0.0590597 0.0743007 0.0139774 
-0.0298232 0.0452 -0.008964410000000001 
-0.0411667 0.0432157 -0.0150526 
-0.0362896 0.06306059999999999 -0.00371109 
-0.0393151 0.0828928 -0.0223524 
-0.0464507 0.0646394 -0.0102767 
-0.0303 0.0609194 0.00071541 
-0.023078 0.0002 0.000701151 
-0.055 0.0688989 0.00381191 
-0.014694 0.00361654 0.0116933 
-0.0592972 0.0398798 -0.0183702 
-0.0274442 0.0002 0.00269629 
-0.0519715 0.0637629 -0.00297176 
-0.0447727 0.0654 -0.0157112 
-0.0288181 0.00910387 -0.0103343 
-0.0331735 0.0654 -0.00805756 
-0.0346735 0.0425 -0.00608486 
-0.0300464 0.00105613 0.009816439999999999 
-0.00660419 0.00504401 -0.00154626 
-0.0392823 0.0765137 -0.0227591 
-0.0598 0.0221379 0.0120882 
-0.0534832 0.00581229 0.0114306 
-0.0409632 0.0654 -0.0159862 
-0.052333 0.00477672 0.00355414 
-0.0598 0.045752 0.0031722 
-0.0364816 0.0308507 0.00167468 
-0.000517776 0.00463694 -0.00348051 
-0.00381093 0.00623924 -0.008764869999999999 
-0.00761912 0.0468122 0.00345467 
-0.059476 0.0748161 0.00269624 
-0.0555276 0.00765312 -0.00519819 
-0.0375943 0.0251926 0.00293228 
-0.02351 0.0475827 0.0105929 
-0.056103 0.0510791 0.0197102 
-0.0430995 0.0002 -0.01083 
-0.0384683 0.0002 0.0100767 
-0.0354749 0.0555977 -0.0128677 
-0.0580594 0.07465040000000001 -0.00533453 
-0.00500806 0.0521885 0.00655802 
-0.0586865 0.0105371 -0.0171091 
-0.0478136 0.0184074 0.0144831 
-0.0525806 0.0844 -0.0164666 
-0.0598 0.0150313 0.00618397 
-0.0234715   0.01 -0.00779547 
-0.0598 0.0251849 -0.00356598 
-0.0597176 0.0701058 -0.0189021 
-0.0134621 0.0518951 0.000647097 
-0.055 0.0669635 0.013536 
-0.0524216 0.0265708 -0.019373 
-0.0470119 0.063397 0.00414537 
-0.0598 0.0650806 -0.0142978 
-0.0399248 0.029337 -0.00556644 
-0.0598 0.023426 0.0161942 
-0.048397 0.0119323 -0.0178281 
-0.0190466 0.0481229 -0.011062 
-0.0344573 0.0601729 -0.0124771 
-0.0598 0.0782919 0.00568477 
-0.0237392   0.01 0.009262090000000001 
-0.0521276 0.06973650000000001 -0.0184363 
-0.0303 0.0621815 0.009341749999999999 
-0.0598 0.0601471 0.0152 
-0.0541246 0.00638984 -0.011919 
-0.009392589999999999 0.0556253 0.0106922 
-0.0367165 0.0770459 0.0208853 
-0.0596857 0.0330336 -0.0175251 
-0.0347035 0.0621684 -0.0125716 
-0.0304293 0.00305696 0.0109242 
-0.0358 0.0623058 -0.0144243 
-0.0508359 0.00751267 -0.0186769 
-0.0397807 0.0425 -0.0101906 
-0.050572 0.0248108 0.0176009 
-0.0139755 0.0547545 -0.011496 
-0.0149367 0.0466611 -0.00230893 
-0.0303 0.0583995 0.008614989999999999 
-0.055 0.06653489999999999 0.014441 
-0.0569959 0.07671840000000001 0.00555372 
-0.0363551 0.06543590000000001 0.0202865 
-0.0133186 0.0535849 0.000905291 
-0.0321191 0.0654 0.00701409 
-0.00607067 0.0468063 -0.00621297 
-0.0499732 0.07684680000000001  0.023 
-0.0464284 0.06832240000000001 -0.023 
-0.0291279 0.0002 0.00554308 
-0.0598 0.0415464 0.00203887 
-0.0261191 0.0452 -0.00427379 
-0.0445637 0.0176139 -0.0108098 
-0.0349702 0.0002 -0.008615640000000001 
-0.0358 0.0709984 -0.0169535 
-0.0598 0.0494753 0.0014282 
-0.0508798 0.0681432 0.0201361 
-0.0374354 0.0324635 -0.00275271 
-0.009418269999999999 0.0464 0.00616333 
-0.041612 0.00594265 -0.0152236 
-0.0598 0.0605049 0.0170133 
-0.055 0.0833629 -0.00998628 
-0.0483158 0.0799825  0.023 
-0.0570225 0.008999139999999999 0.0104778 
-0.0517256 0.0177131 0.0189049 
-0.0598 0.0603891 0.0151322 
-0.026216 0.0115 -0.00255401 
-0.0270701   0.01 -0.0085205 
-0.0563883 0.0530615 -0.0197102 
-0.0598 0.0525086 -0.008638150000000001 
-0.0598 0.0527459 -0.00365363 
-0.00407527 0.0522873 -0.00900925 
-0.0462361 0.0523986 0.0169986 
-0.0358477 0.07045369999999999 0.0186756 
-0.0411198 0.0204678 -0.00691721 
-0.0350423 0.0160772 4.78156e-05 
-0.0462541 0.0658382 -0.0167 
-0.0059323 0.00209619 0.00249294 
-0.0353447 0.0002 0.008904570000000001 
-0.0258062 0.0507798 0.0103515 
-0.0591506 0.0663468 0.0112669 
-0.00844083 0.047806 0.0114554 
-0.0513973 0.0672088 0.0185 
-0.0593885 0.0703375 0.0199856 
-0.055 0.081425 -0.0072213 
-0.0400726 0.0425 -0.00927482 
-0.0598 0.0308778 0.000557398 
-0.0448522 0.0654 -0.00770352 
-0.0598 0.0247827 0.00158059 
-0.0171493 0.009521119999999999 0.0112614 
-0.0117246 0.0484 0.00242752 
-0.0376468 0.0535571 -0.0137015 
-0.0463812 0.0654 0.0151126 
-0.0598 0.0472107 0.00423156 
-0.0155113 0.00541452 -0.00723169 
-0.0185328 0.0484804 -0.00472627 
-0.04009 0.0002 -0.008312129999999999 
-0.0193253 0.0541667 0.00622911 
-0.0538058 0.07189089999999999 -0.0164887 
-0.055 0.0720287 -0.00308477 
-0.0557887 0.0415076 -0.0197102 
-0.0116761 0.0464 0.00762992 
-0.0440106 0.0002 -0.00270728 
-0.0174416 0.0002 0.00145936 
-0.0368198 0.0221699 0.00205689 
-0.0398782 0.0748571 -0.0167 
-0.0461788 0.00178481 -0.0163783 
-0.0220626   0.01 -0.00159442 
-0.0547749 0.00697537 -0.0122606 
-0.0381477 0.000806478 0.0126137 
-0.0598 0.0448303 -0.0146017 
-0.0312101 0.0117101 0.000212279 
-0.0500205 0.0664221 -0.0155 
-0.0163899 0.0015654 0.008237059999999999 
-0.04767 0.062566 0.0227819 
-0.0442115 0.0239825 0.0104118 
-0.0546966 0.0670552 -0.023 
-0.0187554 0.00480899 0.00696489 
-0.055 0.07263849999999999 -0.0090282 
-0.0503752 0.0197791 -0.0173785 
-0.0598 0.0490196 0.00525697 
-0.058336 0.0497695 -0.0192854 
-0.0220904 0.0452372 -0.000225884 
-0.0537525 0.06362859999999999 0.00390889 
-0.0385838 0.0145951 -0.00405071 
-0.0587062 0.026782 0.0190254 
-0.0556623 0.06539789999999999 0.00210218 
-0.052334 0.0674589 -0.023 
-0.0366192 0.06491710000000001 -0.0138068 
-0.0598 0.0666099 -0.0138481 
-0.0462908 0.0585062 0.0203983 
-0.0433418 0.00547688 -0.0158875 
-0.0598 0.0372759 -0.00449514 
-0.0593928 0.023893 0.0182188 
-0.0598 0.0776133 -0.0145861 
-0.0598 0.0167162 -0.00758227 
-0.0328664 0.0133663 -0.00214727 
-0.0518839 0.0349033 -0.0190838 
-0.0543211 0.00888505 0.0193833 
-0.0588908 0.0835492 0.00279699 
-0.0493805 0.0698689 -0.0167 
-0.0466796 0.0386495 -0.0132014 
-0.0498787 0.0433979 -0.0183968 
-0.038629 0.0425 -0.009774420000000001 
-0.0362283 0.0722911 -0.0200161 
-0.055 0.08210389999999999 0.0101887 
-0.0258246 0.0564 0.000237608 
-0.0219347 0.0002 -0.00264844 
-0.059168 0.0607471 -0.0204299 
-0.0598 0.0318597 0.000964334 
-0.0592347 0.0770869 0.0120226 
-0.0554543 0.0844 0.00308149 
-0.0596745 0.0445082 0.0175605 
-0.0124096 0.0002 -0.000220109 
-0.0426748 0.0763075 0.0182 
-0.0470171 0.0661626 0.0163 
-0.0430445 0.0654 0.008096300000000001 
-0.0598 0.0567232 -0.00513647 
-0.0551673 0.0659867 0.00269915 
-0.0536509 0.0647263 -0.00198798 
-0.0168859 0.00229879 -0.0111476 
-0.0277579 0.0563976 0.00723787 
-0.036605 0.06410730000000001 0.00342004 
-0.0363223 0.033868 -0.00149463 
-0.0388251 0.0181737 -0.00432345 
-0.0188072 0.0065 0.00652522 
-0.00846767 0.000341498 -0.00923965 
-0.0211869 0.0452 0.00844928 
-0.0303 0.0587615 0.00842907 
-0.0257997 0.0115 0.00131583 
-0.0512181 0.0245652 -0.0183312 
-0.036191 0.0145 -0.00380139 
-0.0598 0.0550556 -0.00259145 
-0.0598 0.0216281 -0.00228086 
-0.0207377 0.0002 -0.0078329 
-0.0409676 0.0649946 0.006486 
-0.0504671 0.0659921 -0.0155 
-0.0594512 0.0669206 -0.0110528 
-0.00445973 0.000304334 -0.00621905 
-0.0539105 0.0830381 0.0209874 
-0.0598 0.0466977 0.00132385 
-0.0205934 0.0002 -0.00302344 
-0.0157933 0.00033707 0.0076278 
-0.0426033 0.0727102 -0.0167 
-0.0121568 0.0002 0.00221022 
-0.0598 0.0192696 0.00950547 
-0.0429223 0.0245859 0.008954510000000001 
-0.0153169 0.0551617 0.00714137 
-0.0311541 0.0654 0.0102155 
-0.0468756 0.06439019999999999 -0.0105312 
-0.01134 0.0564 -0.008587900000000001 
-0.0526754 0.0750091 0.0163 
-0.0375368 0.0638007 0.00373315 
-0.0598 0.06459910000000001 0.0150152 
-0.0598 0.0724846 -0.00338449 
-0.0232537   0.01 0.00637465 
-0.0560264 0.00810224 -0.0113353 
-0.0480638 0.0556943 -0.0177002 
-0.0173262 0.0555469 0.00842437 
-0.0163908 0.00292436 0.008237980000000001 
-0.0583886 0.0636591 0.0133222 
-0.0482261 0.00107879 -0.0115431 
-0.039086 0.0145 -0.00573153 
-0.0598 0.0790766 -0.00432507 
-0.0591351 0.0109537 0.00936558 
-0.00587538 0.0530528 0.0103173 
-0.0153456 0.00176154 0.0071706 
-0.0597336 0.074143 0.0188068 
-0.0553973 0.00753583 -0.000264761 
-0.0598 0.0331656 -0.0106284 
-0.0598 0.0187279 -0.0148591 
-0.0219082 0.0464 -0.00053839 
-0.043409 0.0648079 -0.0101047 
-0.0392365 0.0002 0.00712077 
-0.0598 0.0437658 0.0134824 
-0.0279338 0.000480775 -0.008451419999999999 
-0.0372579 0.0783865 0.0215279 
-0.0598 0.0505875 -0.0148757 
-0.0151547 0.0534517 -0.00696343 
-0.0519575 0.0604998 -0.021983 
-0.055 0.0713081 0.00716388 
-0.0421285 0.032217 0.00805728 
-0.0372353 0.07427540000000001 0.0215038 
-0.0488842 0.00167141 0.00696352 
-0.0300436 0.05634 -0.00819784 
-0.0421013 0.0002 0.00777129 
-0.0567132 0.00872061 0.00825176 
-0.0553025 0.0415796 0.0197102 
-0.0597371 0.0193251 0.0173094 
-0.0236502 0.056392 -0.00774644 
-0.055 0.079945 -0.000396827 
-0.0142246   0.01 0.0114835 
-0.0598 0.0617589 -0.00442913 
-0.00754687 0.000442179 0.00913718 
-0.0511697 0.0576923 0.0193463 
-0.0174933 0.0521913 -0.00759216 
-0.0193675 0.0452155 0.00690256 
-0.0396573 0.0817464 -0.0228401 
-0.0598 0.0247903 -0.0127814 
-0.0598 0.0354198 0.0125209 
-0.0598 0.0146747 0.00220922 
-0.00119195 0.00637668 0.00520682 
-0.0402483 0.0581795 -0.019966 
-0.0390071 0.082625 -0.0167 
-0.0408323 0.0240051 -0.00659216 
-0.0410926 0.0291297 -0.0068864 
-0.055 0.07317360000000001 -0.010562 
-0.0235777   0.01 -0.00418794 
-0.038648 0.0409438 -0.00412333 
-0.00563674 0.0466515 -0.00569619 
-0.0506411 0.0844 -0.01722 
-0.0214127 0.0464 -0.00292198 
-0.0597401 0.0370636 -0.0172957 
-0.0598 0.0541935 0.0133388 
-0.0278081 0.0501903 -0.0101815 
-0.0477837 0.07247720000000001 0.0182 
-0.0403804 0.0266527 0.00608138 
-0.023701 0.0452 -0.00608026 
-0.0233987 0.00710018 0.0106046 
-0.0598 0.0386429 -0.0139004 
-0.0586078 0.02199 0.0128212 
-0.028481 0.00947919 -0.0102552 
-0.0358111 0.0145 -0.00647284 
-0.0399726 0.0791997 -0.0167 
-0.00181036 0.0464 -0.00452722 
-0.0598 0.048977 0.008094799999999999 
-0.0412445 0.0370722 0.00705812 
-0.0122212 0.0493046 0.00204153 
-0.0303 0.0614804 0.00245642 
-0.0359737 0.0654 0.0091237 
-0.0499954 0.0266406 0.0169492 
-0.0598 0.06553100000000001 -0.0146297 
-0.0598 0.0527215 -0.0126848 
-0.009081219999999999 0.000579004 -0.00317418 
-0.0395481 0.0143783 -0.0136784 
-0.0571079 0.009223439999999999 0.01751 
-0.0248483 0.0452 -0.00101319 
-0.036161 0.0654 -0.0159457 
-0.0450573 0.0775333 0.0182 
-0.0470746 0.0647185  0.023 
-0.055 0.06762700000000001 0.00647712 
-0.0523579 0.0487904 -0.0193485 
-0.0349164 0.0002 0.00778877 
-0.0358267 0.0002 -0.008450630000000001 
-0.0196981 0.0452 -0.00945052 
-0.00915154 0.0464 0.00631317 
-0.00528868 0.00107868 0.00700989 
-0.0504998 0.0637173 0.00518163 
-0.0436021 0.0654 0.000939589 
-0.055 0.0677657 0.00937382 
-0.00111874 0.0464 -0.00397599 
-0.0569743 0.07507850000000001 -0.00162836 
-0.00112537 0.0545545 -0.00448774 
-0.0503247 0.0276093 0.0173214 
-0.00124272 0.0495916 -0.00530666 
-0.0465866 0.0317674 -0.0130963 
-0.0117607 0.053467 0.011988 
-0.0442576 0.0304879 0.0104638 
-0.0467923 0.0449821 0.0172121 
-0.0280051 0.0535341 0.0101859 
-0.0467195 0.0252844 0.0132465 
-0.036096 0.0622828 0.0191711 
-0.0598 0.0413874 0.00728001 
-0.0423333 0.0585896 0.0204892 
-0.0246384 0.00194865 -0.010199 
-0.0346044 0.0634212 -0.00332066 
-0.00331387 0.0564 0.00209324 
-0.059453 0.0117593 -0.0175891 
-0.0364606 0.0002 0.000730014 
-0.041476 0.0631814 -0.0117655 
-0.0491879 0.0103478 0.0181317 
-0.0423255 0.0448624 -0.0154975 
-0.0150009 0.0466195 -0.0116097 
-0.00662052 0.00827051 -0.00649024 
-0.04137 0.0647573 0.0144437 
-0.0189192 0.0499 0.00311013 
-0.0182366 0.00921606 -0.0111471 
-0.00219249 0.0464 0.00513504 
-0.0527138 0.06384430000000001 0.0229802 
-0.0598 0.04846 -0.0153119 
-0.0419183 0.06365560000000001 0.0120813 
-0.0380992 0.0045414 0.0138751 
-0.0592549 0.083124 -0.00562277 
-0.0269428 0.0452 -0.008542930000000001 
-0.0513364 0.0702943 -0.0193446 
-0.00481808 0.0545841 0.009299719999999999 
-0.057653 0.0390709 -0.0195853 
-0.00216943 0.0553502 0.00550685 
-6.140490000000001e-05 0.0536273 -0.00100032 
-0.00448598 0.0531031 0.00536941 
-0.0598 0.0134187 0.0160168 
-0.055 0.0816066 -0.0134606 
-0.010087 0.00687223 0.0118403 
-0.0104036 0.0564 -0.00860904 
-0.0183509 0.00841683 -0.00571961 
-0.0389483 0.0735565 -0.0226398 
-0.0297136 0.0115 -0.00487392 
-0.0541667 0.00642773 0.00608853 
-0.029978 0.0002 -0.00499637 
-0.0429339 0.0839651 -0.0215517 
-0.0503015 0.0822363 0.0182 
-0.0399786 0.0168098 -0.00562731 
-0.0479558 0.000835453 0.00959001 
-0.0457874 0.0311275 -0.012193 
-0.0488158 0.0342126 -0.0156159 
-0.0117629 0.0002 -0.00354227 
-0.0565069 0.0641198 -0.00479265 
-0.0469309 0.0376624 0.0134854 
-0.00964769 0.0520428 0.00489537 
-0.0437229 0.0574209 -0.0189023 
-0.0361711 0.0169165 -0.00132371 
-0.0598 0.08050839999999999 0.009663669999999999 
-0.0377708 0.0440203 0.010947 
-0.0389284 0.0376976 -0.0044402 
-0.043229 0.0791748 0.0182 
-0.0429956 0.0425 0.0109124 
-0.0474183 0.00569085 0.0174524 
-0.0598 0.06898020000000001 -0.0147524 
-0.0598 0.0143607 0.000189295 
-0.0598 0.061478 0.0113704 
-0.0396304 0.0200452 -0.00523371 
-0.041679 0.0552334 0.0152493 
-0.0474396 0.0654 -0.00758169 
-0.0438025 0.00650617 0.0160644 
-0.0157874 0.0499 0.00643057 
-0.0521787 0.07837959999999999 -0.023 
-0.0199983 0.0464 -0.00485495 
-0.00959199 0.0506869 0.00440689 
-0.0189083 0.0002 -0.00773492 
-0.0509026 0.0525312 -0.0187899 
-0.0043564 0.00569552 0.00480566 
-0.04158 0.0654 -0.00720477 
-0.0488723 0.0425 0.0165441 
-0.055 0.0777996 0.00385578 
-0.0428096 0.0747488 -0.0167 
-0.0316026   0.01 0.0110089 
-0.0033946 0.00732351 -0.00836341 
-0.0406085 0.0369389 -0.00633924 
-0.0598 0.0553958 0.00542239 
-0.039 0.0746247 -0.0167 
-0.0598 0.0515338 0.00319425 
-0.0475869 0.0553325 -0.0175171 
-0.0397283 0.0547217 0.0145005 
-0.0589453 0.0363131 0.0188054 
-0.0429077 0.0718587 -0.0167 
-0.0279801 0.0452 0.00578622 
-0.0341098 0.0654 0.00968955 
-0.0591548 0.0832551 -0.00308552 
-0.0596363 0.0823716 -0.0131904 
-0.0598 0.0764316 -0.00978184 
-0.0598 0.0426801 0.0132929 
-0.0598 0.07170029999999999 0.00306965 
-0.055 0.07458190000000001 0.009855050000000001 
-0.0279515 0.0486611 -0.0101869 
-0.0544009 0.0654 -0.00667359 
-0.0598 0.07306790000000001 -0.00900777 
-0.0597627 0.0123724 0.011331 
-0.0476855 0.0685648 -0.023 
-0.0337967 0.06520860000000001 -0.00149548 
-0.00019283 0.0542907 -0.00101504 
-0.0202302 0.0002 0.00724953 
-0.0540284 0.0447302 -0.0197102 
-0.0338048 0.0541993 -0.0122266 
-0.0413399 0.0311677 -0.00716593 
-0.00914267 0.0499 0.00471096 
-0.0303 0.0586061 0.009035899999999999 
-0.0592351 0.0667171 0.0137551 
-0.0598 0.044117 0.00975872 
-0.0455386 0.084205 -0.0210601 
-0.0474101 0.0388233 0.0140271 
-0.0598 0.0592839 0.00392326 
-0.0436629 0.0654 -0.015856 
-0.0404363 0.0570179 -0.0180218 
-0.0134782 0.00818459 -0.0119037 
-0.0598 0.0488302 0.008525339999999999 
-0.0598 0.0577806 0.00837855 
-0.0598 0.0387164 0.015721 
-0.0559756 0.0569159 -0.0197102 
-0.0178307 0.00646863 -0.0111898 
-0.0422803 0.0193621 0.008228839999999999 
-0.0394699 0.0298864 -0.0050523 
-0.0400975 0.07130549999999999 -0.0229459 
-0.0104591 0.0464 0.0115315 
-0.0497086 0.0498916 -0.0183315 
-0.0385632 0.0130559 0.0113401 
-0.0598 0.0301141 0.0100087 
-0.00142849 0.0478526 -0.0026 
-0.0485732 0.0654 0.0156521 
-0.0598 0.0293631 -0.00125656 
-0.035708 0.0002 -0.00641818 
-0.0379789 0.06668350000000001 0.0221281 
-0.0415769 0.0835323 -0.0221093 
-0.0525259 0.0486132 0.019413 
-0.0485668 0.0571112 -0.0182895 
-0.0303 0.0619572 -0.008419070000000001 
-0.0336522 0.0534457 -0.0121681 
-0.00923768 0.0464 0.0109328 
-0.0342325 0.0618609 0.0123908 
-0.0568525 0.0337209 -0.0197091 
-0.0159265 0.00791655 0.0113899 
-0.0568914 0.0760831 -0.0101976 
-0.0365082 0.0450522 -0.0132644 
-0.0182841 0.0527151 -0.00245331 
-0.0540499 0.0757104 0.0163 
-0.0329644 0.054518 0.0119041 
-0.009214780000000001 0.008999999999999999 -0.000772503 
-0.0342604   0.01 -0.0122972 
-0.0598 0.0571036 0.009832560000000001 
-0.0509306 0.0643652 -0.0023567 
-0.0109013 0.0002 -0.00753783 
-0.00472963 0.0547159 -0.00915562 
-0.0551505 0.0587686 0.0206816 
-0.00188224 0.0529911 0.00644971 
-0.0392735 0.061851 -0.0223213 
-0.0300969 0.0452 -0.0020103 
-0.0578433 0.0255657 0.0195226 
-0.0598 0.079528 0.00260721 
-0.0573028 0.0765352 -0.0106592 
-0.0200013 0.0540358 -0.0108916 
-0.0434607 0.0176027 -0.00956304 
-0.0598 0.0448469 -0.00929732 
-0.0424573 0.0741723 -0.0167 
-0.0341219 0.0651417 -0.00156375 
-0.0258601 0.0452 0.00649885 
-0.0591067 0.08331719999999999 -0.0160855 
-0.0394202 0.0083949 0.0143822 
-0.0521395 0.00460247 0.00315752 
-0.0550156 0.010016 0.0195696 
-0.0116614 0.000277545 0.00965155 
-0.0571461 0.0772732 -0.00321289 
-0.0488068 0.06851500000000001 -0.0167 
-0.0137139 0.0563144 -0.00954257 
-0.0450551 0.0844 -0.0198693 
-0.0598 0.0180247 0.0158261 
-0.0468792 0.0721083  0.023 
-0.0514362 0.0729919 0.0182 
-0.0409855 0.06757929999999999 -0.023 
-0.0541056 0.0776853 -0.023 
-0.0536997 0.0139239 -0.0197102 
-0.00520353 0.0487866 0.00988296 
-0.048287 0.0773826 0.0182 
-0.053641 0.07185270000000001  0.023 
-0.0598 0.0425382 0.0151162 
-0.0446894 0.01691 -0.0109519 
-0.0481788 0.0235635 -0.0148959 
-0.0378863 0.0704 0.0165372 
-0.0593072 0.0696934 -0.0201619 
-0.00548347 0.0050807 0.0072088 
-0.0189306 0.0525871 0.0110742 
-0.0341471 0.00187884 -0.0120274 
-0.00469475 0.054959 0.00385484 
-0.0598 0.0208179 0.00435865 
-0.050388 0.07286629999999999  0.023 
-0.00578057 0.0554432 0.00741618 
-0.0538 0.0468292 0.0133225 
-0.0542642 0.0641124 0.0229929 
-0.0407619 0.0615223 -0.0224571 
-0.0592205 0.050292 0.0184791 
-0.0490972 0.0232848 0.015934 
-0.0594729 0.0827563 -0.00253839 
-0.0427847 0.015655 -0.00879899 
-0.0385357 0.0580425 -0.0188784 
-0.0597666 0.06796000000000001 0.0185582 
-0.0598 0.0779458 0.0130613 
-0.0373445 0.0328577 -0.00264995 
-0.0109641 0.0564 0.008200499999999999 
-0.0173621 0.0564 -0.007816160000000001 
-0.0522216 0.055371 -0.0192962 
-0.0374454 0.0643811 -0.0132596 
-0.0103227 0.0564 -0.00702199 
-0.0598 0.0661351 -0.0086119 
-0.0598 0.0774707 0.0161031 
-0.0404849 0.0426373 -0.0147909 
-0.0519678 0.0557521 -0.0191988 
-0.0402118 0.058098 -0.0198519 
-0.0407182 0.0425 -0.008316489999999999 
-0.0579738 0.0632944 -0.0039498 
-0.0124728 0.00337219 -0.0119891 
-0.0183886 0.0035421 0.0111311 
-0.0354473 0.0339351 0.000505634 
-0.0420545 0.0844 -0.0188099 
-0.0598 0.0672425 -0.000525165 
-0.0353273 0.0414232 0.000369976 
-0.0598 0.0394414 -0.00744916 
-0.0419334 0.0188066 -0.00783674 
-0.055 0.07904799999999999 -0.007955540000000001 
-0.0330053 0.0431947 -0.00253989 
-0.0339186 0.0002 -0.00585032 
-0.0598 0.0535778 0.011746 
-0.0356214 0.0367175 0.000702326 
-0.0496469 0.0774619 0.0182 
-0.021065 0.0484604 0.0108498 
-0.0598 0.0243517 -0.00619119 
-0.051439 0.0793063  0.023 
-0.0097775   0.01 0.00550781 
-0.0444317 0.0651568 -0.0140516 
-0.0362964 0.0709413 0.0201712 
-0.0413984 0.0192638 0.00723203 
-0.0371634 0.08389679999999999 -0.0183833 
-0.0598 0.0641345 0.00280166 
-0.050578 0.0248846 0.0176078 
-0.0583855 0.0654527 0.0214826 
-0.0473856 0.0824 0.0196244 
-0.0312699 0.0654 -0.0092084 
-0.0449032 0.00711267 -0.0164869 
-0.0350353 0.0115 0.0105965 
-0.0403526 0.0537739 -0.0147401 
-0.0310127 0.0452 0.00311467 
-0.054361 0.06956950000000001  0.023 
-0.00960076 0.00305429 0.0058334 
-0.0591688 0.0109966 -0.00854889 
-0.0171503 0.00527588 -0.00129555 
-0.0182346 0.0002 0.00232997 
-0.0496611 0.00237091 -0.00540378 
-0.055 0.076658 0.0159278 
-0.0177095 0.0038095 0.0112025 
-0.0228136 0.00150484 -0.010138 
-0.048985 0.0844 -0.018273 
-0.0309726 0.0115 -0.00421803 
-0.0323124 0.0438876 0.00183194 
-0.0106637 0.0005072399999999999 0.0102249 
-0.0151847 0.009262350000000001 0.000706068 
-0.059615 0.0207982 0.0133105 
-0.0562034 0.0844 0.0163183 
-0.0391027 0.0573179 -0.0180107 
-0.0395785 0.0266712 -0.00517502 
-0.00707297 0.00104919 0.00878555 
-0.0439808 0.009640549999999999 -0.0161328 
-0.0180338 0.0493495 -0.00376995 
-0.0054562 0.0491296 0.00482153 
-0.055 0.0774121 0.0108009 
-0.0117575 0.0002 0.00721073 
-0.0568817 0.008872390000000001 -0.00158776 
-0.0223871 0.0452 -0.00203695 
-0.0338662 0.0131494 0.0052729 
-0.0443721 0.0808417 -0.023 
-0.055 0.06939960000000001 0.009322199999999999 
-0.055 0.079414 -0.014464 
-0.0466622 0.0603497 -0.0218984 
-0.00861229 0.009701939999999999 -0.00528953 
-0.0507019 0.034221 0.0177478 
-0.0598 0.07516150000000001 -0.00901044 
-0.022063 0.0452 -0.009422089999999999 
-0.0155615 0.0564 -7.84394e-05 
-0.019612 0.0564 0.0058102 
-0.0308463 0.0115 -0.00339354 
-0.00761482 0.008999999999999999 0.00197464 
-0.0363465 0.0425 -0.00412719 
-0.0496 0.078793 -0.0156105 
-0.00159377 0.00427879 -0.0059725 
-0.0598 0.0807003 0.008939870000000001 
-0.0184843 0.00431785 0.00272868 
-0.0193434 0.00184749 0.0107059 
-0.0403079 0.0306383 0.00599944 
-0.0416579 0.0587001 -0.0206104 
-0.0412486 0.0841676 -0.0167 
-0.00202905   0.01 0.00448655 
-0.0598 0.07287059999999999 0.0126518 
-0.0358 0.0635097 -0.0169053 
-0.0178813 0.0499 0.00722425 
-0.0353284 0.0141013 0.00558379 
-0.00686938 0.0499 0.008480629999999999 
-0.0362659 0.0648817 -0.0137708 
-0.0598 0.0793423 -0.015163 
-0.055 0.0797336 -0.0149973 
-0.0153975 0.008880330000000001 -0.00533262 
-0.0598 0.0285847 -0.0120853 
-0.055 0.0838121 -0.00632244 
-0.0443429 0.0002 0.000854113 
-0.0340069 0.050654 -0.0123042 
-0.0553808 0.0524263 0.0197102 
-0.055 0.0733055 -0.0024711 
-0.0101822 0.0564 -0.00528216 
-0.0033367 0.0533707 0.008301559999999999 
-0.0413511 0.07130019999999999  0.023 
-0.0503045 0.05506 0.0185603 
-0.0455831 0.0642075 -0.0107177 
-0.055 0.0745794 -0.00812619 
-0.0573925 0.07621319999999999 0.00606959 
-0.0502258 0.0643417 -0.0105807 
-0.0454196 0.0159965 -0.0117773 
-0.0598 0.0162849 -0.0163173 
-0.0567636 0.00876597 0.0129941 
-0.052929 0.0620487 -0.0226419 
-0.0511897 0.0647812 -0.0101319 
-0.0500526 0.0307162 -0.0170139 
-0.0377197 0.0145 0.00761208 
-0.0112004 0.009511149999999999 -0.00341591 
-0.00184824 0.0464 -0.00612507 
-0.0563946 0.0228189 -0.0197102 
-0.0598 0.0794483 -0.0149442 
-0.0598 0.0402845 0.015064 
-0.0566244 0.0722502 -0.0226511 
-0.0293324 0.0557605 -0.00928708 
-0.0406609 0.0237949 0.00639849 
-0.0451642 0.0713367  0.023 
-0.0447571 0.07405879999999999 0.0182 
-0.0541444 0.0796067 -0.0155 
-0.0587231 0.0320211 0.0190124 
-0.019088 0.0002 -0.00207263 
-0.00264518 0.056326 -0.00233231 
-0.014939 0.0564 0.00199713 
-0.0449591 0.0690504 0.0163 
-0.0594465 0.0309861 0.0181172 
-0.048415 0.0156089 -0.0151629 
-0.0598 0.0467003 0.008335260000000001 
-0.0434252 0.0425 -0.0132169 
-0.0432467 0.0795438 -0.023 
-0.03522 0.0002 -0.00572598 
-0.0598 0.0526885 -0.0161221 
-0.055 0.0804277 -0.0132707 
-0.00791654 0.0002 0.00209657 
-0.0167675 0.0551127 0.0107614 
-0.0505337 0.0306726 -0.0175576 
-0.0598 0.053678 -0.0165668 
-0.0338646 0.00939385 -0.0122496 
-0.0564168 0.07556599999999999 0.00673044 
-0.0558018 0.007899969999999999 -0.0104518 
-0.00135873 0.0009849430000000001 0.00282075 
-0.012648 0.00742746 -0.011982 
-0.0169714 0.00572148 -0.0112801 
-0.0384815 0.077547 0.0224253 
-0.0581193 0.0507138 -0.0194038 
-0.0402844 0.0002 -0.008979590000000001 
-0.0568935 0.0575608 -0.0197082 
-0.0545584 0.01871 -0.0197102 
-0.0453684 0.0465208 0.0166655 
-0.008308640000000001 0.0564 0.00263807 
-0.0494884 0.0824 0.0226486 
-0.0598 0.0180367 0.0115048 
-0.037374 0.0824 0.0194282 
-0.0598 0.0449707 0.0156564 
-0.0551937 0.00735243 -0.0124114 
-0.0559656 0.008047489999999999 -0.0123708 
-0.0598 0.0754114 0.0164164 
-0.0445715 0.0002 -0.00132145 
-0.055 0.0735201 -0.0126741 
-0.0524946 0.0398125 -0.019401 
-0.0588896 0.0225016 -0.0188607 
-0.055 0.0682357 0.00181753 
-0.0458512 0.0635618 0.0121771 
-0.055 0.0709472 -0.0107894 
-0.0597797 0.0139599 0.0170391 
-0.0494258 0.063736 0.0119992 
-0.0375704 0.0565834 -0.0136721 
-0.0531579 0.0136984 -0.0196556 
-0.008315889999999999 0.00649212 -0.00733202 
-0.00942834 0.0492188 0.0117187 
-0.0514783 0.00400714 -0.0078368 
-0.042106 0.0002 -0.0084095 
-0.0103374 0.0564 -0.00710841 
-0.058429 0.0282699 0.0192261 
-0.0536873 0.06961000000000001 -0.0155 
-0.0393678 0.0649388 0.0146291 
-0.0585828 0.010404 0.014624 
-0.0426675 0.0644728 -0.00515314 
-0.0496 0.0803977 -0.0162218 
-0.0475811 0.000498023 -0.00921984 
-0.0597302 0.0568249 -0.0175695 
-0.0557263 0.0337884 -0.0197102 
-0.055 0.0767038 -0.0130177 
-0.0426795 0.0525876 0.0156333 
-0.0195884 0.0564 0.00113333 
-0.0168479 0.00211662 0.0110884 
-0.0367783 0.0420939 -0.00201002 
-0.0598 0.0681109 0.00605887 
-0.0459539 0.0112008 -0.0168903 
-0.0190816 0.0499 -0.00521858 
-0.0532105 0.0696333 -0.0191903 
-0.0598 0.034705 -0.0113649 
-0.0569595 0.0716466 -0.0225074 
-0.00871709 0.0560956 0.00698058 
-0.00221221   0.01 0.00378562 
-0.0461537 0.0425 -0.0132358 
-0.0342434 0.0140698 -0.00636551 
-0.0181341 0.0493471 0.0111579 
-0.0501601 0.0129711 0.0185049 
-0.0580483 0.0552033 0.0194378 
-0.0584689 0.0724158 -0.02139 
-0.0585855 0.08380990000000001 0.0130213 
-0.0598 0.013736 -0.008398930000000001 
-0.0561337 0.0211476 0.0197102 
-0.0514546 0.0425843 -0.0190018 
-0.0596397 0.0277594 -0.0176708 
-0.0406424 0.0760747 0.0229937 
-0.0598 0.0658096 0.009101669999999999 
-0.00684512 0.0002 0.00212518 
-0.0040207   0.01 0.00666415 
-0.0173054 0.00642214 0.00227584 
-0.0598 0.059877 0.0120116 
-0.0500795 0.00485217 -0.017628 
-0.0120679 0.0522108 -0.0119959 
-0.00991729 0.0563368 -0.009366299999999999 
-0.041718 0.0279359 0.00759332 
-0.0480587 0.0235403 -0.0147601 
-0.0591548 0.06751070000000001 -0.0204525 
-0.0536288 0.00594346 -0.00693106 
-0.0303 0.0580352 0.00771041 
-0.0576568 0.0632289 0.00468291 
-0.0479617 0.0112324 -0.017661 
-0.0392906 0.0745521 -0.0227618 
-0.0484434 0.0626766 -0.022808 
-0.0426799 0.0202442 0.008680500000000001 
-0.00381473 0.053039 -0.00877435 
-0.0498141 0.0681489 -0.0155 
-0.0155478 0.00426645 -0.0114621 
-0.0588679 0.0106655 -0.0145749 
-0.0500195 0.028589 -0.0169765 
-0.00195586 0.0465063 -0.00655124 
-0.0213512 0.00149414 -0.0102844 
-0.0598 0.0441911 0.0139228 
-0.0439015 0.0802475  0.023 
-0.0598 0.0494812 -0.00118772 
-0.00329267 0.0564 -0.00213189 
-0.045397 0.06322609999999999 -0.00351988 
-0.0311652 0.0479909 0.0112134 
-0.0598 0.0429797 0.00881438 
-0.0573451 0.0280771 0.0196599 
-0.0552195 0.0356913 0.0197102 
-0.0598 0.0562757 0.00392441 
-0.0379963 0.0216008 -0.00338673 
-0.0266156 0.00999076 -0.0102665 
-0.00934109 0.0484 -0.00166721 
-0.054486 0.00671524 -0.0131348 
-0.0424521 0.00638479 -0.015546 
-0.0461632 0.0333471 -0.0126177 
-0.0414234 0.007983270000000001 -0.0151511 
-0.0124821 0.0484 -0.0027261 
-0.0537242 0.0648049 0.00629228 
-0.0484809 0.0654 -0.00678887 
-0.0372188 0.0400027 -0.00250789 
-0.0181738 0.0531963 -0.00234075 
-0.0158656 0.008077229999999999 0.00377502 
-0.0435009 0.0385616 0.00960856 
-0.0449577 0.0370637 0.0112551 
-0.0391197 0.0173353 -0.00465648 
-0.0436423 0.07232379999999999 0.0182 
-0.00643303 0.0467307 -0.0106207 
-0.0413491 0.0205278 0.00717639 
-0.055 0.081631 -0.008078500000000001 
-0.0597591 0.0685192 -0.0186186 
-0.0050726 0.008999999999999999 -0.000334605 
-0.0422385 0.036898 -0.00818167 
-0.00732955 0.0478742 -0.00294814 
-0.0598 0.0542091 0.00591683 
-0.0452129 0.0002 -0.012865 
-0.0394867 0.0550756 0.0144077 
-0.0366924 0.0641386 0.0115881 
-0.0342086 0.0585679 0.0123816 
-0.0275872 0.0062921 0.0101786 
-0.038855 0.0229397 0.00435727 
-0.0581793 0.0100407 0.013353 
-0.0546812 0.07881639999999999 -0.0155 
-0.0463741 0.0645164 -0.00519772 
-0.0490114 0.0702686 -0.023 
-0.0598 0.0495023 0.0130741 
-0.031881   0.01 0.0110983 
-0.0598 0.0146685 -0.0105657 
-0.0133058 0.0464 0.00761382 
-0.0598 0.0573127 0.0023745 
-0.0598 0.0260907 -0.00550389 
-0.0525473 0.0536644 -0.0194212 
-0.0396435 0.0654 -0.00766784 
-0.0598 0.072085 0.011865 
-0.0303 0.0566365 -0.0082906 
-0.0598 0.0536451 0.0100661 
-0.00505704 0.0479302 0.00978425 
-0.0580771 0.0625863 0.0217726 
-0.044392 0.08053829999999999  0.023 
-0.0594376 0.0598095 0.0198627 
-0.0448333 0.0102567 0.0164601 
-0.0320176 0.044677 -0.00666089 
-0.0455722 0.0360906 -0.0119497 
-0.0598 0.0189384 0.00085549 
-0.0470772 0.000277056 -0.0144254 
-0.0475025 0.07753350000000001 -0.0167 
-0.0244982 0.0502184 -0.010489 
-0.044803 0.0361728 -0.0110803 
-0.0218363 0.0002 -0.00753601 
-0.0243619   0.01 0.0101626 
-0.00268891 0.0563739 0.0010155 
-0.025896 0.0564 0.00696606 
-0.0588301 0.0764358 0.0209545 
-0.0482539 0.00110383 -0.00322389 
-0.055 0.0700462 0.00584635 
-0.0471168 0.0544321 -0.0173367 
-0.0375858 0.07444820000000001 -0.0167 
-0.00328966 0.050627 0.00825128 
-0.0410493 0.0566445 0.0169437 
-0.0333589 0.0654 0.000681322 
-0.0598 0.017719 -0.010998 
-0.0464068 0.0517339 0.0170641 
-0.0355445 0.0111635 -0.0128922 
-0.039077 0.0638609 -0.00452837 
-0.0598 0.0809048 -0.0133563 
-0.0200194 0.0002 -0.00634115 
-0.0384845 0.060098 0.0210515 
-0.00250131 0.0475562 -0.0026 
-0.0436843 0.0824 0.0203343 
-0.0460806 0.0810255 -0.0167 
-0.0127111 0.0464 0.00504302 
-0.0393192 0.0449552 0.0143434 
-0.014987 0.0480349 0.000273798 
-0.0057889 0.0482739 0.00593204 
-0.0481678 0.0107587 0.0177401 
-0.0341335 0.00796613 0.0123528 
-0.0134319 0.0464 -0.009403389999999999 
-0.0331601 0.0654 -0.00830386 
-0.0585619 0.0468612 0.0191361 
-0.0371498 0.0281304 -0.0024299 
-0.0311787 0.06516619999999999 0.0105387 
-0.0598 0.0385677 0.00768578 
-0.0340979 0.0639822 0.0054522 
-0.00141693 0.0554007 0.00373145 
-0.0121678 0.0549646 0.0115512 
-0.0411705 0.0822639 -0.0167 
-0.0552334 0.0637214 -0.00301409 
-0.0419578 0.0253423 0.007864350000000001 
-0.0369598 0.0739003 0.0212005 
-0.0531127 0.0696193 -0.0188198 
-0.0473724 0.0657406  0.023 
-0.0459736 0.0654 0.00904686 
-0.00773339 0.0533887 0.008059490000000001 
-0.0544104 0.0841626 -0.0211625 
-0.0501169 0.0654 0.00722392 
-0.0476746 0.0129141 -0.0175508 
-0.0365761 0.0145 -0.00487861 
-0.0243994 0.000378058 0.008506379999999999 
-0.0312399 0.0641108 0.00341649 
-0.0598 0.0402326 0.00547576 
-0.0314243 0.0561865 -0.0110504 
-0.0170463 0.0562394 -0.00118938 
-0.0432186 0.0635467 0.0132075 
-0.0505571 0.0256882 0.0175841 
-0.0590663 0.0568741 -0.0186734 
-0.055 0.0771135 0.00643836 
-0.0535001 0.07084070000000001 -0.0169782 
-0.008513420000000001 0.009043300000000001 -0.0026433 
-0.0255875 0.0452 -0.0057887 
-0.0376488 0.0654 0.0155249 
-0.0484058 0.0257988 0.0151525 
-0.0527146 0.0654 0.0020969 
-0.0533408 0.0824 0.018422 
-0.0598 0.06739489999999999 0.007837490000000001 
-0.0303 0.0564964 -0.00797464 
-0.0436165 0.0788561 0.0182 
-0.0598 0.0376555 -0.0131708 
-0.0451434 0.072505 -0.023 
-0.0358015 0.08143499999999999 -0.0177439 
-0.035841 0.028093 -0.000950567 
-0.0379282 0.0470679 0.0138095 
-0.0598 0.0160333 -0.0140329 
-0.0363918 0.0563993 -0.0132197 
-0.0598 0.023146 0.00234095 
-0.0467033 0.0710443 0.0182 
-0.0565726 0.008594060000000001 -0.00775647 
-0.0384323 0.0568363 -0.014003 
-0.0598 0.0793355 8.69142e-05 
-0.0478593 0.07309110000000001 -0.0167 
-0.0303 0.0562532 0.00965541 
-0.0357586 0.0541618 0.0129766 
-0.0562936 0.0760897 0.0110043 
-0.055 0.0785821 0.011855 
-0.0464816 0.0136089 -0.0170928 
-0.055 0.06824230000000001 -0.00553138 
-0.0143689 0.0527279 0.00416402 
-0.0118341 0.0464 0.0103662 
-0.037155 0.0111894 0.0127493 
-0.022739   0.01 0.00480614 
-0.0140189 0.0002 0.00353848 
-0.0182685 0.0545829 0.0108985 
-0.0574919 0.08273170000000001 -0.021835 
-0.0393769 0.0206807 -0.0049472 
-0.0359407 0.0713956 0.0191687 
-0.0149535 0.0474236 0.000524921 
-0.023796 0.000542415 -0.008939600000000001 
-0.0519185 0.034779 0.0191229 
-0.0544579 0.0378496 -0.0197102 
-0.0272211 0.0002 -0.00318092 
-0.0489009 0.0704 0.0173054 
-0.054804 0.0213056 -0.0197102 
-0.0187623 0.0464 0.00304084 
-0.0572186 0.0521167 -0.0196804 
-0.0598 0.0397089 -0.00365381 
-0.0598 0.0333444 0.0107521 
-0.0598 0.07796980000000001 -0.00852288 
-0.0104059 0.0002 -0.00711264 
-0.00416193 0.00970685 -0.009085660000000001 
-0.0173304 0.0564 -0.000135279 
-0.0229346 0.000884631 0.00955456 
-0.0449977 0.0019376 -0.0162248 
-0.0158387 0.0531634 -0.00740938 
-0.0433493 0.0654 -0.000472107 
-0.0358876 0.06822010000000001 0.0170755 
-0.0598 0.0616004 -0.00646975 
-0.0481365 0.0012615 -0.0148987 
-0.0598 0.0584329 0.0151344 
-0.0392927 0.0425 0.009191650000000001 
-0.00844746 0.00055852 -0.00251752 
-0.0583283 0.0786878 -0.0215423 
-0.0598 0.0576504 -0.00727075 
-0.0343197 0.0440053 -0.008937840000000001 
-0.0387496 0.0419102 0.0042381 
-0.0144207 0.0534156 -0.00589433 
-0.0236109 0.0497877 0.0105823 
-0.0385331 0.0002 0.00754534 
-0.0365717 0.0285978 0.00177644 
-0.0598 0.0396808 -0.00519451 
-0.0168632 0.00582966 0.00225351 
-0.0517643 0.0110035 0.0191207 
-0.046683 0.0693807 0.0163 
-0.048948 0.0719332 -0.023 
-0.0227401 0.00938164 -0.0106738 
-0.0206633 0.0552694 -0.0102337 
-0.0156343 0.00833878 -0.00403942 
-0.0530986 0.0382198 -0.0196328 
-0.0575209 0.0739996 -0.00273004 
-0.0511197 0.0705972 -0.0201348 
-0.055 0.0723398 0.00337885 
-0.0590387 0.0220211 0.0187035 
-0.0173644 0.0522102 -0.00151419 
-0.0344258 0.0654 -0.009047660000000001 
-0.0444613 0.0720821  0.023 
-0.055 0.08068549999999999 -0.0111985 
-0.009157439999999999 0.0464 -0.0110404 
-0.0236853 0.0452 0.0103512 
-0.00939916 0.0482011 -0.0026 
-0.0402782 0.0691092 0.0229704 
-0.00229405 0.00300202 -0.00702825 
-0.0525324 0.0644923 -0.00517305 
-0.0598 0.0178634 0.0051503 
-0.0598 0.07789 -0.0144453 
-0.0379613 0.0627622 0.0219169 
-0.0390263 0.0522053 0.014231 
-0.01043 0.0564 -0.00257954 
-0.055 0.0701256 -0.00710314 
-0.0597294 0.0122328 -0.0168623 
-0.0462342 0.0824 0.0183303 
-0.0598 0.0579447 -0.00492047 
-0.0552453 0.0844 -0.0116789 
-0.0185624 0.0005289649999999999 0.009465879999999999 
-0.0597825 0.0726142 0.0184015 
-0.0455095 0.0683498 -0.023 
-0.0322394 0.0439606 6.07793e-05 
-0.0459214 0.0641486 0.0138221 
-0.0139152 0.0041273 0.0118422 
-0.0598 0.0729794 -0.0138963 
-0.0358 0.0624456 -0.0154723 
-0.0594334 0.0188483 -0.0181424 
-0.0378817 0.0407728 0.00325714 
-0.0527878 0.06431779999999999 0.0114051 
-0.0193932 0.0564 0.00648625 
-0.0477309 0.000632947 -0.00203669 
-0.0418901 0.0652339 0.00226957 
-0.0476097 0.000979534 -0.0150647 
-0.0027069 0.00600616 0.00759183 
-0.00631553 0.00318219 -0.00754634 
-0.055 0.0798227 -0.00426829 
-0.0548423 0.00703604 -0.00464889 
-0.05904 0.08170620000000001 0.0206461 
-0.0149502 0.0065 0.00418622 
-0.00677826 0.0002 -0.00112856 
-0.055 0.0815594 -0.00985549 
-0.055 0.0843028 0.0122941 
-0.0532039 0.039572 0.0196733 
-0.00835405 0.0550079 0.0109369 
-0.0513959 0.00710168 0.0186448 
-0.0598 0.0598734 -0.00483986 
-0.0563554 0.07517310000000001 0.0227516 
-0.0548076 0.0682068 0.0220495 
-0.0566304 0.0459997 0.0197102 
-0.00697662 0.00638009 -0.0108938 
-0.0476485 0.0549537 -0.0175408 
-0.0353764 0.0192597 0.000425466 
-0.0598 0.0600315 0.00604435 
-0.0410611 0.0425 -0.00964286 
-0.0380333 0.0425 -0.00726497 
-0.0229533   0.01 0.00947653 
-0.0501855 0.0420318 -0.0171641 
-0.00613839 0.00982835 0.0104595 
-0.055 0.0753684 0.016042 
-0.0382437 0.0387737 0.00366639 
-0.0133117 0.00845607 0.0119199 
-0.0595376 0.0614537 -0.0195924 
-0.0490437 0.0843782 -0.0203405 
-0.00551298   0.01 -0.00918297 
-0.0303 0.0572637 -0.00684 
-0.0440114 0.0523931 0.0161446 
-0.0594215 0.0190238 -0.0181653 
-0.0174477 0.0481651 -0.00646884 
-0.0413116 0.0642683 0.00574432 
-0.0559831 0.06538049999999999 -0.009519919999999999 
-0.041372 0.0405031 -0.00720229 
-0.0114849 0.0464 0.0114099 
-0.0598 0.0164791 -0.0035567 
-0.0421528 0.0808442 -0.0167 
-0.0180864 0.0480817 -0.006075 
-0.0522247 0.00467919 0.00320427 
-0.0598 0.0381186 0.00319702 
-0.0563046 0.0771481 -0.00431494 
-0.0572793 0.0662377 0.0111555 
-0.0432567 0.0239013 0.00933252 
-0.0226581 0.0475611 0.0106824 
-0.00605195 0.0009889790000000001 -0.00211018 
-0.0363613 0.0616848 0.019544 
-0.0303 0.0647022 0.00678791 
-0.055 0.07653649999999999 -0.008964150000000001 
-0.0495069 0.0654 -0.0164395 
-0.0598 0.0185055 0.0120414 
-0.0462412 0.000809542 0.0157252 
-0.032607 0.065257 0.00224598 
-0.0431925 0.0578935 -0.0196495 
-0.0557803 0.0765198 -0.0131565 
-0.0406674 0.0631491 0.00439853 
-0.0407767 0.0188175 0.00652941 
-0.055 0.0660015 -0.00597143 
-0.0071366 0.0464 -0.00682958 
-0.0443416 0.06418699999999999 0.00566138 
-0.0598 0.059571 0.00491167 
-0.0261522 0.00532475 0.0103152 
-0.0316442 0.0614102 -0.0113204 
-0.0598 0.0427801 0.0162787 
-0.0379482 0.0601575 0.0206911 
-0.0573282 0.0189512 0.0196632 
-0.0527719 0.0654 0.00915794 
-0.0499789 0.00387255 0.0169122 
-0.0598 0.06719849999999999 0.0134111 
-0.0570838 0.00905428 0.00607235 
-0.0522798 0.0709263 0.0163 
-0.0361071 0.0483286 0.0131104 
-0.0455504 0.0282589 0.0119251 
-0.0381135 0.0273542 0.00351917 
-0.0460206 0.0355629 0.0124566 
-0.0341882 0.0002 0.00460361 
-0.0598 0.0681245 -0.00358307 
-0.0242373 0.0557591 -0.00935997 
-0.059118 0.06626410000000001 -0.0134177 
-0.0312929 0.010719 0.00778503 
-0.0555993 0.0844 0.00131959 
-0.0545154 0.053725 0.0197102 
-0.0287741 0.00813177 -0.0103231 
-0.0377895 0.0301192 -0.00315292 
-0.0416959 0.0177908 0.00756838 
-0.0473887 0.0800758 -0.023 
-0.0577394 0.0677413 0.0126908 
-0.0515553 0.06510630000000001 -0.0015999 
-0.046588 0.0460501 -0.0171337 
-0.0132794 0.0464 0.00732508 
-0.0598 0.0138146 -0.0109095 
-0.0593927 0.0752481 -0.00965508 
-0.041984 0.0179828 0.00789402 
-0.0278243 0.0470249 -0.0101817 
-0.00727904 0.0015171 0.00225969 
-0.0292099 0.0539877 0.0103983 
-0.0437098 0.06472459999999999 0.0144103 
-0.0598 0.0383326 -0.0143469 
-0.00495028 0.0499182 -0.00341841 
-0.0598 0.06761010000000001 -0.00718639 
-0.0557175 0.0751501 -0.0229131 
-0.0594444 0.0660159 -0.010129 
-0.0361516 0.0605003 -0.0178462 
-0.0195558 0.00162311 0.00424523 
-0.0163925 0.009804780000000001 0.0113409 
-0.0277991 0.0531683 -0.0101813 
-0.035466 0.0326555 0.000526711 
-0.00128642 0.00167752 -0.00440251 
-0.0597239 0.0121751 -0.00295045 
-0.0583971 0.0368943 0.0192465 
-0.0598 0.0289186 -0.0106667 
-0.0598 0.0567543 0.00997552 
-0.0436955 0.0002 -0.0122565 
-0.037973 0.06502230000000001 0.0106857 
-0.00591448 0.0525208 -0.0103395 
-0.0122594 0.0464 0.008632529999999999 
-0.0502761 0.0287695 0.0172665 
-0.00268446 0.000263579 -0.0022972 
-0.057147 0.0266642 -0.0196884 
-0.0372503 0.0358482 -0.00254345 
-0.0236603 0.0108434 0.00130978 
-0.0303 0.0635746 -0.000433379 
-0.0531358 0.05799 0.0197823 
-0.0593471 0.0829811 0.009928650000000001 
-0.0383652 0.0002 -0.00742089 
-0.0393075 0.0828964 -0.0167 
-0.0598 0.0307049 0.0118872 
-0.0164879 0.054993 -0.00156234 
-0.033162 0.0135204 0.00347174 
-0.0319831 0.00783874 0.0115274 
-0.0547095 0.08232349999999999 0.0228532 
-0.0598 0.07958229999999999 0.00456294 
-0.0568863 0.06741519999999999 0.00484219 
-0.0465498 0.0687623 0.0163 
-0.0421892 0.0710877 -0.0167 
-0.0138719 0.0564 -0.00733537 
-0.00308025 0.0563355 -0.00355769 
-0.0598 0.0551 0.00956274 
-0.0598 0.0784774 -0.00121409 
-0.0303 0.0574492 0.00462618 
-0.00475678 0.0532671 -0.00372901 
-0.0598 0.0680574 -0.016383 
-0.00974977 0.00526064 0.00492271 
-0.0455514 0.030448 0.0119262 
-0.0246118   0.01 -0.0101626 
-0.0270826 0.0452 -0.00252517 
-0.0522783 0.0502126 0.019318 
-0.0428601 0.0264757 -0.00888418 
-0.0427598 0.00174553 0.0152597 
-0.0382757 0.0563577 -0.0139429 
-0.0548431 0.0840429 0.0163 
-0.0479475 0.0645252 0.00600672 
-0.0544928 0.06458419999999999 0.0111331 
-0.055 0.0769127 -0.00548146 
-0.055 0.0818671 -0.0109212 
-0.0497284 0.0268604 -0.0166474 
-0.0436933 0.0678195  0.023 
-0.047494 0.0644573 0.00306263 
-0.0569347 0.065761 -0.0139313 
-0.0544822 0.0179661 -0.0197102 
-0.0484008 0.0654 0.00929059 
-0.0109699 0.008999999999999999 7.1256e-05 
-0.0598 0.059783 -0.0118437 
-0.0598 0.0300001 -0.0144743 
-0.055 0.06960429999999999 -0.00425551 
-0.0183978 0.0514896 0.0111302 
-0.0212413 0.0452 -0.008935830000000001 
-0.0285284   0.01 -0.00901574 
-0.0546856 0.0205305 -0.0124904 
-0.0356372 0.0002 0.00207817 
-0.0342629 0.0425 -0.00117927 
-0.0358396 0.0699552 -0.0185917 
-0.0410932 0.0181068 0.00688712 
-0.0160626 0.0564 -0.00191301 
-0.0598 0.0366751 0.00302536 
-0.0598 0.0668501 -0.017497 
-0.0101736 0.000347063 0.00973984 
-0.0323587 0.0438413 -0.00236685 
-0.0556034 0.0464542 -0.011828 
-0.0551073 0.06670470000000001 0.0229872 
-0.0595735 0.077721 0.00452991 
-0.0327953 0.0468111 -0.0118391 
-0.056461 0.00980785 -0.0189222 
-0.0193842 0.0464 0.00643963 
-0.0376088 0.0751534 0.021849 
-0.0598 0.0749148 -0.00734112 
-0.0420438 0.0425 0.0136949 
-0.0127012 0.0564 0.00782851 
-0.023127   0.01 -0.00883166 
-0.0274831 0.0452 0.006651 
-0.0567578 0.0647142 0.0028003 
-0.0498722 0.0561444 0.0183943 
-0.0443828 0.0567187 0.017216 
-0.0464491 0.0145 0.0140376 
-0.0598 0.0731798 -0.017346 
-0.0415342 0.00834906 -0.0151937 
-0.0507725 0.0722238 0.0182 
-0.0535017 0.06444999999999999 -0.023 
-0.0525442 0.0476539 -0.01942 
-0.0598 0.07612579999999999 -0.0138662 
-0.0211723   0.01 -0.00610502 
-0.0321092 0.044685 0.00479764 
-0.0554183 0.0639284 -0.0229599 
-0.0420375 0.06907729999999999 -0.0167 
-0.055 0.0780899 0.00474593 
-0.0598 0.0263559 -0.0103357 
-0.0385958 0.0118375 0.0133409 
-0.0590877 0.0654613 -0.0205705 
-0.028182 0.00670735 -0.010208 
-0.0455639 0.0145462 0.0119404 
-0.0410409 0.0504762 -0.0150043 
-0.0285168 0.0115 -0.00537111 
-0.0506029 0.0653923 -0.00609212 
-0.0393022 0.0429729 0.0111915 
-0.00010804 0.00286049 -0.00138634 
-0.0500759 0.0768283 0.0182 
-0.0209213   0.01 -0.009321909999999999 
-0.0416878 0.0002 -0.0112678 
-0.000271598 0.00412473 -0.00253506 
-0.0598 0.0279965 -0.0103823 
-0.0228218   0.01 -0.00782104 
-0.0536858 0.030293 0.0197102 
-0.00283187 0.00435896 -0.0077378 
-0.00610416 0.0488004 -0.00623852 
-0.055 0.0805356 -0.000339413 
-0.0406276 0.077547 -0.0167 
-0.051911 0.0608676 0.0221716 
-0.0212843 0.00994548 -0.0108268 
-0.0557712 0.0644228 -0.0104978 
-0.0544679 0.0115481 -0.0197102 
-0.00484169 0.0529665 -0.0035783 
-0.0335071 0.0111066 -0.0109385 
-0.0528594 0.00706405 0.0185045 
-0.00440635 0.00551037 -0.00441418 
-0.0597738 0.06803720000000001 -0.0184968 
-0.0337904 0.0425 -0.00447306 
-0.0531399 0.0654 0.00117869 
-0.0279721 0.0564 -0.00356465 
-0.0383695 0.0002 0.003197 
-0.00856238 0.0493641 0.00547107 
-0.0108062 0.000224749 0.00928009 
-0.0530169 0.0638957 0.0229832 
-0.0153826 0.0514544 -0.00714699 
-0.0359553 0.0441143 0.00881114 
-0.0215046 0.049643 0.0108036 
-0.0453812 0.0663184 0.0163 
-0.042493 0.0809049 -0.0167 
-0.0113933 0.0002 -0.00628805 
-0.0555422 0.0449873 0.0197102 
-0.0598 0.0368888 -0.0137011 
-0.0587276 0.063171 0.00437616 
-0.0569148 0.00970124 -0.0184984 
-0.0565211 0.0444885 -0.0197102 
-0.0329206 0.0134206 -0.000600188 
-0.0139341 0.00982861 0.00330004 
-0.0011886 0.0507294 -0.0051999 
-0.0457716 0.008345190000000001 0.0168203 
-0.0507526 0.0158061 0.0178051 
-0.00103566 0.0508833 -0.00487227 
-0.0522825 0.080002  0.023 
-0.0598 0.0764794 -0.009256459999999999 
-0.0598 0.0478461 0.0126397 
-0.0337858 0.0467342 0.0122194 
-0.0376547 0.0649515 -0.009958 
-0.0483538 0.0436941 -0.0178115 
-0.055807 0.0279948 -0.0197102 
-0.0303 0.0575078 -0.00751963 
-0.0178316 0.00256669 0.007908220000000001 
-0.052343 0.0632694 -0.0229183 
-0.0139125 0.008010949999999999 0.0118424 
-0.0548262 0.07189719999999999 -0.0189902 
-0.045232 0.0002 -0.0077363 
-0.0380515 0.0552904 0.0138568 
-0.0598 0.0383746 0.00775646 
-0.0295242 0.0002 -0.00678008 
-0.0460776 0.0145 -0.0161037 
-0.033397 0.00369673 -0.0120701 
-0.0598 0.0721963 0.00459207 
-0.0598 0.0706189 0.0125552 
-0.0443622 0.0658884  0.023 
-0.0482927 0.0704 0.0166267 
-0.0513977 0.009261749999999999 -0.0189799 
-0.0418292 0.0336919 0.00771905 
-0.0597931 0.030036 -0.0168891 
-0.0594385 0.0537476 0.0181326 
-0.0556533 0.008813929999999999 0.018723 
-0.0415439 0.0156603 -0.00739656 
-0.0202848   0.01 0.00177018 
-0.0518085 0.0111761 0.0191376 
-0.0303 0.0573497 -0.00201552 
-0.0221969 0.0564 -0.00538795 
-0.0598 0.0235194 -0.0162793 
-0.0573279 0.06697400000000001 0.00370729 
-0.0358983 0.0748022 0.0189797 
-0.0474191 0.0332387 -0.0140372 
-0.0598 0.0588487 0.0140732 
-0.0489883 0.0274775 0.0158109 
-0.0443387 0.0674333 -0.0167 
-0.0125047 0.0474037 -0.0119845 
-0.0584865 0.0477178 0.0191895 
-0.0245416 0.0500667 0.0104844 
-0.0544987 0.0205383 -0.012465 
-0.0598 0.0172744 -0.009780280000000001 
-0.0438042 0.0631476 0.0127999 
-0.0533815 0.0109433 -0.0197102 
-0.0476416 0.06308370000000001 0.00453472 
-0.0247551 0.00658274 0.010462 
-0.0524616 0.0743306  0.023 
-0.0450494 0.0657681 0.0163 
-0.0329673 0.0134673 -0.00334972 
-0.0281513 0.000804069 -0.009002019999999999 
-0.0598 0.0475863 0.00662179 
-0.0527409 0.0496527 0.0194955 
-0.0567435 0.008747889999999999 -0.00169277 
-0.0473672 0.0508069 -0.0174328 
-0.0142974 0.056062 0.0101113 
-0.0598 0.0448835 -0.0126063 
-0.0463891 0.07031709999999999 -0.0167 
-0.0442356 0.0824 0.0193379 
-0.0596068 0.0392285 -0.0177659 
-0.05793 0.0649488 -0.0218985 
-0.0552232 0.00737907 -0.00703415 
-0.0563483 0.0463881 0.0135045 
-0.000155845 0.00580252 -0.00191486 
-0.0335967 0.0641892 -0.0107364 
-0.0578116 0.06565849999999999 0.00663605 
-0.0358301 0.06517530000000001 0.0185425 
-0.0496789 0.00238688 -0.00400269 
-0.0545335 0.06575159999999999  0.023 
-0.00691433 0.0527431 -0.00124063 
-0.0552465 0.0664472 -0.0132306 
-0.0598 0.0229399 -0.0087986 
-0.0137294 0.000720274 -0.0105352 
-0.0562088 0.00826643 -0.0155372 
-0.0346189 0.0002 -0.0044965 
-0.055 0.076539 -0.0134152 
-0.0185226 0.0495313 -0.00524226 
-0.0365692 0.0674048 -0.020656 
-0.0594856 0.060324 0.0197425 
-0.0408784 0.008115539999999999 -0.014942 
-0.0425322 0.02313 -0.0085136 
-0.0295415 0.0544897 0.0103681 
-0.0527749 0.06960330000000001 -0.0212898 
-0.0396713 0.0145 -0.0135843 
-0.0383053 0.0654 0.0162214 
-0.0476368 0.06375459999999999 -0.00441975 
-0.0597753 0.0746404 0.018484 
-0.0598 0.0662042 0.009515249999999999 
-0.0427314 0.0696901 0.0163 
-0.0598 0.0130846 0.00493406 
-0.0598 0.0625083 0.0050826 
-0.0561901 0.0498001 -0.0197102 
-0.055 0.07701239999999999 -0.0136078 
-0.0583488 0.0101933 0.0147625 
-0.0364491 0.0589888 0.0156489 
-0.0303 0.0569005 0.00338256 
-0.056492 0.0801269 0.0227047 
-0.0428636 0.036993 -0.008888190000000001 
-0.0243532 0.0115 0.00014209 
-0.0454153 0.0602566 -0.0218388 
-0.0064671 0.008319740000000001 0.0106417 
-0.0483455 0.0654 -0.00659074 
-0.0549753 0.0122021 -0.0197102 
-0.0442431 0.0207838 0.0104474 
-0.0446639 0.000978867 0.0153383 
-0.0566752 0.0844 0.018502 
-0.0367679 0.0452452 -0.0133641 
-0.0211162 0.0564 -0.000650292 
-0.0123579 0.00533938 0.0119922 
-0.040132 0.0131584 0.0131514 
-0.00715105 0.0481594 0.0109676 
-0.0365652 0.0138885 0.00748415 
-0.00905657 0.00928707 0.00288707 
-0.0349733 0.0145 -0.00363245 
-0.0186708 0.00262779 0.0110449 
-0.0598 0.0316292 -0.0130479 
-0.0385239 0.0425 0.008446810000000001 
-0.0598 0.0405912 -0.00117727 
-0.0563138 0.0775507 0.0124963 
-0.0583865 0.0476283 -0.0192532 
-0.0598 0.0719142 0.00231942 
-0.0365564 0.0587596 -0.0141314 
-0.0401176 0.0301154 -0.00578443 
-0.0598 0.0585118 0.00697791 
-0.0010181 0.0476503 -0.0026 
-0.0439629 0.0002 -0.00387523 
-0.0173655 0.0482532 0.00681203 
-0.0327297 0.0130703 0.00359553 
-0.0477909 0.0384954 -0.0144575 
-0.0598 0.0552827 -0.00616055 
-0.0595997 0.0305204 0.017783 
-0.0598 0.0689307 0.00261471 
-0.0376763 0.00731952 -0.0137128 
-0.055 0.0791297 -0.0150514 
-0.0567385 0.0758013 -0.0138903 
-0.0096192 0.0564 -0.00719801 
-0.0394704 0.0600245 0.0214727 
-0.0172694 0.0065 -0.00246922 
-0.00659505 0.00164102 -0.00761087 
-0.00111333 0.0517268 0.00504462 
-0.00176978 0.00146992 -0.00513407 
-0.0213678 0.0564 -0.00748931 
-0.0503692 0.00300849 0.008592880000000001 
-0.0548027 0.0711688 -0.022343 
-0.00116737 0.00874696 -0.00515223 
-0.0174715 0.0479321 0.00670381 
-0.036556 0.0002 -0.009085599999999999 
-0.0494977 0.08325390000000001 -0.0167 
-0.0470266 0.015316 0.0135936 
-0.0598 0.0407148 -0.00770133 
-0.0376827 0.0239964 -0.00303228 
-0.0379095 0.0667016 0.0220782 
-0.0343698 0.00100611 0.011418 
-0.056448 0.009281569999999999 -0.0184989 
-0.009062250000000001 0.0564 0.000415975 
-0.00914937 0.00573884 0.0066465 
-0.0461343 0.0002 -0.00371766 
-0.0503597 0.0241092 0.017361 
-0.00879681 0.00164722 0.0111009 
-0.0508483 0.0640442 -0.00268453 
-0.0597817 0.0817258 0.0163059 
-0.0245119   0.01 0.00869135 
-0.0456211 0.0632017 -0.0117448 
-0.0347106 0.00173733 -0.0121649 
-0.0528469 0.0477273 0.0195362 
-0.0508545 0.0714965 -0.0219657 
-0.043331 0.0145 -0.0129498 
-0.0595334 0.0671786 -0.0195992 
-0.0374225 0.0425 0.00545545 
-0.0359829 0.0767598 0.019339 
-0.0576943 0.0761913 -0.0103081 
-0.0162818 0.00254154 -0.00177285 
-0.00963001 0.00119822 -0.00573879 
-0.041177 0.0758074  0.023 
-0.0596955 0.0236335 0.0174941 
-0.0598 0.0415941 -0.0144759 
-0.0507332 0.0394872 0.0177832 
-0.0504501 0.0651625 -0.00154251 
-0.0556274 0.06544709999999999 -0.00954812 
-0.0393517 0.0683048 -0.022781 
-0.0598 0.0183757 -0.0116905 
-0.0468132 0.0308316 -0.0133524 
-0.0376708 0.07916570000000001 -0.0218952 
-0.021654   0.01 -0.00228951 
-0.0588916 0.0106887 0.0119654 
-0.0245271 0.0564 -0.00240398 
-0.0481837 0.0652225 0.0104813 
-0.0434619 0.0631409 0.00440695 
-0.0200469   0.01 -0.00539118 
-0.00801384 0.0515106 0.0025362 
-0.0598 0.0611767 0.00594232 
-0.0198426 0.0002 -0.00528381 
-0.000543755 0.0501727 -0.00357037 
-0.0127516 0.0002 -0.00466757 
-0.0431361 0.0002 0.0063402 
-0.0436309 0.0626594 0.0228005 
-0.0161475 0.0470034 0.00641731 
-0.0202171 0.0002 0.00695734 
-0.0441285 0.0567728 -0.0173885 
-0.0183844 0.0454159 -0.00851639 
-0.0510003 0.0235893 0.018085 
-0.0559953 0.06753869999999999 -0.00348395 
-0.0388105 0.0002 0.00716716 
-0.0471588 0.076407  0.023 
-0.0413447 0.0002 0.00209221 
-0.0239899   0.01 0.00767875 
-0.0427125 0.0478638 0.015646 
-0.0598 0.0323461 -0.00518013 
-0.00625702 0.00639819 -0.0105304 
-0.055 0.08114739999999999 0.0129432 
-0.0446206 0.0710305 -0.023 
-0.0355406 0.0145 -0.000694331 
-0.0322039 0.0592994 -0.0116121 
-0.0445179 0.0111978 -0.016339 
-0.0318589 0.0653865 0.0103137 
-0.0598 0.058412 -0.0129635 
-0.0519075 0.0824686 -0.0155 
-0.0597907 0.0816122 0.0116844 
-0.0598 0.0447913 0.00586753 
-0.0593079 0.0624087 0.0201614 
-0.0479836 0.0600791 -0.0217267 
-0.057192 0.063571 -0.0223869 
-0.055 0.0701444 -0.0011264 
-0.0409466 0.0145 -0.0146275 
-0.0598 0.0135138 0.00946519 
-0.0464274 0.048908 -0.017072 
-0.0477663 0.0121139 0.017586 
-0.0275672 0.00742361 -0.0101791 
-0.00600951 0.0513777 -0.00223838 
-0.0181368 0.0552942 0.00252678 
-0.037239 0.0809348 -0.0215078 
-0.0170581 0.0464 0.00917682 
-0.0598 0.0526744 -0.0120483 
-0.0392434 0.0634552 -0.0226819 
-0.0598 0.0688723 -0.0131398 
-0.0241114 0.00739325 0.0105297 
-0.0598 0.0201646 -0.0108062 
-0.0598 0.0223958 0.00622868 
-0.0587518 0.0703498 -0.0210555 
-0.0570556 0.06553249999999999 -0.00596465 
-0.0322817 0.0654 -0.00116052 
-0.0554836 0.0568878 -0.0197102 
-0.0597488 0.0656434 -0.00974852 
-0.0481673 0.06901939999999999 -0.0167 
-0.00541001 0.0509632 -0.00289945 
-0.0598 0.0397439 -0.004788 
-0.00686119 0.0564 -0.000253226 
-0.0598 0.0472827 -0.0149066 
-0.00799745 0.00304489 0.00242256 
-0.0507292 0.0425 -0.0181538 
-0.00983056 0.0002 0.00690303 
-0.0438587 0.0145 -0.015425 
-0.0598 0.07214420000000001 0.0054194 
-0.055 0.07058250000000001 -0.0048473 
-0.00285928 0.0546278 -0.00734419 
-0.0598 0.0313198 -0.00983112 
-0.0524603 0.0658398 0.0202796 
-0.00413604 0.0464 0.00725657 
-0.0598 0.0332772 -0.011959 
-0.00410197   0.01 0.008367400000000001 
-0.0375988 0.0582741 0.0180264 
-0.043177 0.0002 -0.00747889 
-0.0594893 0.0294189 -0.018035 
-0.0362066 0.0782972 -0.0199638 
-0.043578 0.0494537 -0.0159782 
-0.0578648 0.0226446 -0.0195139 
-0.0128119 0.00161063 0.0115018 
-0.0407153 0.0002 -0.007899379999999999 
-0.0490743 0.0341305 0.0159081 
-0.0598 0.0385616 0.0104766 
-0.00362849 0.050934 0.00859278 
-0.0576666 0.0267851 -0.0195803 
-0.0263994   0.01 -0.00469318 
-0.0466942 0.07952529999999999 -0.0167 
-0.0346511 0.0145 -0.000541773 
-0.0598 0.0185582 0.0110822 
-0.0116681 0.0464 -0.00456171 
-0.0301431 0.0564 0.00644074 
-0.0572314 0.0743595 0.00583744 
-0.0586855 0.06840110000000001 -0.0211419 
-0.0468775 0.00353885 -0.0170678 
-0.0286485   0.01 0.00674963 
-0.0247377 0.000530071 -0.00881678 
-0.0517981 0.0136214 0.0191336 
-0.055872 0.0215842 0.0120293 
-0.0480404 0.06441959999999999 0.0113012 
-0.0440452 0.0002 0.00469878 
-0.0505962 0.0799142 -0.023 
-0.0312597 0.0632877 0.00474295 
-0.0423712 0.057235 -0.0185452 
-0.0598 0.0591118 -0.00816309 
-0.0233077 0.000898613 -0.00953233 
-0.055 0.06821000000000001 0.0150281 
-0.0168534 0.00190185 0.008710330000000001 
-0.0343516 0.0425 0.00076341 
-0.0584679 0.07024030000000001 -0.0213911 
-0.0541533 0.07267029999999999 -0.0155 
-0.009418670000000001 0.009009410000000001 -0.0117135 
-0.00746609 0.008999999999999999 0.000574344 
-0.0381712 0.0138814 0.009518530000000001 
-0.0598 0.059937 -0.0111616 
-0.054095 0.0587159 0.020627 
-0.00511759 0.00454569 -0.00683292 
-0.058114 0.0101064 -0.0174432 
-0.0143777 0.0555104 -0.0041365 
-0.0409863 0.0425 -0.0109632 
-0.0512985 0.00384524 -0.010334 
-0.0375358 0.0532339 -0.0136589 
-0.0598 0.020033 0.00634757 
-0.0585777 0.07732070000000001 0.00493862 
-0.0476223 0.0009771910000000001 0.015046 
-0.0394415 0.06481489999999999 -0.0137025 
-0.0551534 0.0790618 0.0229847 
-0.0596741 0.0509322 0.0175617 
-0.0598 0.0442092 -0.00717751 
-0.0492723 0.0639448 -0.012814 
-0.0455132 0.0002 0.00764823 
-0.0391684 0.039159 0.00471156 
-0.0598 0.0354354 0.00155602 
-0.009767079999999999 0.0564 0.00357162 
-0.0328076 0.0002 0.00260813 
-0.0598 0.0179067 -0.0160311 
-0.0490983 0.0634747 0.0122661 
-0.0530428 0.0187354 -0.0196114 
-0.0489628 0.0200046 -0.015782 
-0.0571394 0.0598137 0.0215548 
-0.0303 0.0616056 -0.00186779 
-0.0598 0.07908129999999999 -0.0131337 
-0.0563181 0.0413243 0.0197102 
-0.047564 0.06763479999999999 -0.0167 
-0.0433376 0.0295187 -0.009423910000000001 
-0.0435706 0.060258 -0.0218389 
-0.0246491 0.00450051 0.0104731 
-0.0421214 0.07892109999999999 -0.023 
-0.0369761 0.0686572 0.0212211 
-0.0437079 0.00878572 0.0160281 
-0.00921453 0.0564 -0.0016205 
-0.0418366 0.08365 -0.0167 
-0.0598 0.06869749999999999 0.00783297 
-0.0572554 0.07756739999999999 0.00431324 
-0.0594887 0.0190248 0.0180362 
-0.0303 0.0624623 -0.00249212 
-0.0598 0.0194747 0.009010590000000001 
-0.0481727 0.00103076 -0.00501279 
-0.0383852 0.0610306 0.0215544 
-0.0122247 0.056074 -0.0103504 
-0.00616701 0.0501145 -0.00206471 
-0.0116369 0.00908406 0.00306223 
-0.0478348 0.0485681 -0.0176123 
-0.0447591 0.00348508 0.0164316 
-0.0498742 0.0641325 -0.00480571 
-0.0282715   0.01 0.008029669999999999 
-0.0548576 0.0206871 0.0197102 
-0.043298 0.00724493 -0.0158708 
-0.0598 0.0562163 0.00117049 
-0.0597975 0.0127768 0.00643534 
-0.00485007 0.0002 0.00254326 
-0.0170982 0.00380632 -0.00124235 
-0.0366569 0.0680738 -0.0167 
-0.0598 0.0525267 -0.00710702 
-0.0447642 0.0631927 0.00435404 
-0.0240984 0.0563912 0.00771807 
-0.0558284 0.0844 0.0162059 
-0.0527836 0.0844 -0.018791 
-0.0443229 0.0475514 0.0162642 
-0.0556709 0.0599469 -0.0216418 
-0.049885 0.0741016 0.0182 
-0.0598 0.07225189999999999 0.0115606 
-0.0555127 0.0205618 0.0129968 
-0.0598 0.0730567 0.000641556 
-0.0300756 0.0452 0.00115709 
-0.0168088   0.01 -0.00185493 
-0.0598 0.0651566 -0.009084099999999999 
-0.0598 0.0441295 -0.0126099 
-0.0434973 0.06313539999999999 -0.00378745 
-0.0473041 0.0218156 -0.0139073 
-0.0532037 0.06963179999999999 -0.0196483 
-0.0410027 0.06444759999999999 -0.00512745 
-0.0303 0.0616465 0.00175221 
-0.0552913 0.080081 -0.0229737 
-0.0582041 0.07828690000000001 -0.0216559 
-0.0598 0.0407644 -0.0135798 
-0.059004 0.0413165 -0.0187413 
-0.043019 0.000200193 -0.0125747 
-0.0170388 0.0508789 0.008717829999999999 
-0.037724 0.0654 -0.00680122 
-0.0152411 0.0464 -0.00634326 
-0.0348675 0.0134629 -0.00837621 
-0.0396677 0.06964090000000001 0.0228673 
-0.0389515 0.00633461 0.0142023 
-0.00829659 0.008999999999999999 0.000582064 
-0.048086 0.0050331 0.0176212 
-0.0598 0.0228181 0.0101933 
-0.009263240000000001 0.0002 0.000554798 
-0.0598 0.0547649 0.00927539 
-0.0142577 0.00365781 0.00514643 
-0.0598 0.0349036 0.000410952 
-0.0570867 0.0642803 -0.0106434 
-0.008806400000000001 0.0564 -0.00274623 
-0.00445354 0.0546583 -0.00506306 
-0.0598 0.0299181 0.0165491 
-0.0598 0.0461619 0.0149104 
-0.0489911 0.00176762 -0.00142634 
-0.0503905 0.0370416 -0.0173958 
-0.055 0.0780536 0.00716493 
-0.0275943 0.0452 0.0018099 
-0.0598 0.0600048 -0.0148934 
-0.0598 0.059429 -0.00259161 
-0.0474464 0.0290751 -0.0140681 
-0.0181919 0.0511903 0.00255533 
-0.0529003 0.07044540000000001 0.0163 
-0.0488405 0.0480785 -0.0179983 
-0.0381518 0.07474450000000001 -0.0167 
-0.00185651 0.00737118 -0.00639936 
-0.0219351 0.0560609 -0.009130630000000001 
-0.0395217 0.0679965 -0.0228331 
-0.0448444 0.0210391 -0.0111271 
-0.0404137 0.0425 -0.0113898 
-0.0424186 0.00980194 0.0155332 
-0.0598 0.0322727 0.00977779 
-0.044353 0.0389195 0.0105716 
-0.0592111 0.0110549 0.000839956 
-0.0598 0.0401682 -0.0135843 
-0.0316883 0.0561524 -0.0113728 
-0.0436742 0.000298094 0.0136142 
-0.0440656 0.0180742 -0.0102468 
-0.0293866 0.0115 0.000568817 
-0.029858 0.0529931 0.0107116 
-0.0598 0.0578035 0.0172778 
-0.055 0.0821264 0.00357932 
-0.0541442 0.0628621 -0.0228498 
-0.0465539 0.0315088 0.0130593 
-0.0129675 0.008999999999999999 0.00103463 
-0.0281202 0.00214625 -0.0100093 
-0.0483746 0.07651529999999999 0.0182 
-0.0514625 0.0137922 0.0190048 
-0.0451059 0.08216370000000001 0.0229011 
-0.0537417 0.0644878 -0.0133685 
-0.0331494 0.0480668 0.0119751 
-0.0558342 0.07533860000000001 -0.0142373 
-0.0523564 0.0654 0.008236129999999999 
-0.0151392 0.0464 -0.00929805 
-0.00539655 0.0535579 -0.0100101 
-0.0598 0.0467575 0.00384661 
-0.0586298 0.0662635 -0.00521822 
-0.0597688 0.0747081 -0.0185374 
-0.0541027 0.0669873 0.0163 
-0.00749708 0.0002 -0.000890245 
-0.00611538 0.055719 -0.00917216 
-0.055 0.0815003 -0.00801119 
-0.0359773 0.0145 0.00402425 
-0.0598 0.0715594 -0.00225634 
-0.0163533 0.00533729 0.0113451 
-0.0420947 0.0791572 -0.023 
-0.0517507 0.06311840000000001 0.0127701 
-0.0504831 0.0337126 0.0175004 
-0.0448884 0.0362845 0.0111768 
-0.0568129 0.0485377 0.01971 
-0.0432309 0.08214539999999999 -0.0167 
-0.0598 0.0556771 0.00717796 
-0.055 0.07408140000000001 0.00282888 
-0.009505619999999999   0.01 -0.00420034 
-0.0303 0.058413 0.00661173 
-0.0155121   0.01 0.00593729 
-0.0598 0.0560245 0.0107709 
-0.040029 0.0145 -0.00801267 
-0.0573252 0.07546650000000001 -0.009567910000000001 
-0.0573097 0.0765308 0.0139453 
-0.0125072   0.01 0.0100379 
-0.0528703 0.0292218 -0.0195452 
-0.0421262 0.0637257 0.00519028 
-0.0598 0.0443988 -0.0129373 
-0.017117 0.0555866 0.0103121 
-0.0353647 0.0654 0.008953569999999999 
-0.0280933 0.0564 0.00645005 
-0.0257794 0.0486466 -0.0103543 
-0.0442033 0.0820168 0.022935 
-0.0598 0.0271345 0.0165448 
-0.0226704 0.0002 -0.00699695 
-0.0598 0.0430658 0.00164275 
-0.0116405 0.00900341 -0.0119944 
-0.0540012 0.08349810000000001 -0.0155 
-0.019539 0.0506825 -0.00419261 
-0.0349582 0.0479572 -0.0126694 
-0.0340144 0.00812921 -0.0123071 
-0.00367212 0.0464 -0.00422547 
-0.0187002 0.0564 -0.00772761 
-0.055 0.0721313 0.00350207 
-0.0125617 0.0564 0.00788811 
-0.0496 0.07846930000000001 -0.0158116 
-0.0556194 0.0515882 -0.0197102 
-0.0144597 0.00305776 -0.00391205 
-0.0392252 0.0365725 0.00477577 
-0.0405067 0.0323644 0.0062242 
-0.0536008 0.0147751 0.0197102 
-0.0553336 0.00747842 -0.00594058 
-0.0598 0.0502432 0.0118059 
-0.0526922 0.0696069 -0.0208955 
-0.0545577 0.00677983 -0.0118485 
-0.00706886 0.0522211 0.00235222 
-0.009056750000000001 0.0484 0.00108575 
-0.0529178 0.0790481 -0.023 
-0.0312871   0.01 0.007905489999999999 
-0.0400808 0.0641467 0.0115798 
-0.00102163 0.0474465 -0.00483467 
-0.00340332 0.0464 0.00742825 
-0.0283765 0.0105188 0.00531527 
-0.0598 0.0807807 0.0158844 
-0.0518274 0.00432142 -0.0127474 
-0.052542 0.0631211 -0.00362719 
-0.0518996 0.00438641 -0.00467251 
-0.039747 0.0366896 0.00536555 
-0.0382443 0.008534129999999999 0.0139308 
-0.0178421 0.0065 0.00665923 
-0.0311619 0.0452 0.00387952 
-0.0578086 0.0584479 -0.0203431 
-0.0562314 0.00828683 -0.0128894 
-0.0458284 0.0460448 -0.0168421 
-0.0432562 0.0264468 -0.00933197 
-0.0420764 0.0654 0.0153737 
-0.009888539999999999 0.000200997 0.00877145 
-0.0403857 0.06338530000000001 -0.0115573 
-0.00720487 0.00695087 0.0109936 
-0.0580933 0.08410570000000001 0.0209565 
-0.0268074 0.0551581 0.009671920000000001 
-0.0421878 0.06365609999999999 0.00511917 
-0.0584835 0.0103146 0.00472068 
-0.036517 0.0145 -0.00543042 
-0.0127605 0.0464074 0.0119728 
-0.0460776 0.0685045  0.023 
-0.00716271 0.0515404 0.008685399999999999 
-0.0598 0.0729006 -0.0134393 
-0.0440673 0.0425 -0.0123585 
-0.0598 0.0379979 0.0120974 
-0.0411932 0.0181637 0.00700014 
-0.0371814 0.0652771 0.00222545 
-0.0598 0.0259866 -0.00290106 
-0.0264057 0.00255881 0.010216 
-0.0598 0.0618304 0.00444333 
-0.0191889 0.0027516 0.00344468 
-0.0399605 0.0636101 -0.00312775 
-0.0598 0.02977 0.0113281 
-0.0486775 0.00148525 -0.00181305 
-0.0375125 0.0291556 -0.00283992 
-0.0580215 0.0663798 -0.0218232 
-0.0425057 0.06514259999999999 -0.0140372 
-0.0428203 0.0627924 0.02283 
-0.0578708 0.0476062 0.0195119 
-0.0464243 0.0526182 0.0170708 
-0.0282626 0.056183 0.008322029999999999 
-0.0511619 0.0583504 -0.0202321 
-0.00642557 0.0033387 -0.00757425 
-0.053022 0.0053971 -0.0134911 
-0.0303 0.0596076 -0.00690274 
-0.0403561 0.0002 -0.0104428 
-0.0190897   0.01 0.00494108 
-0.0450679 0.058971 -0.0208681 
-0.0340871 0.0520919 -0.012335 
-0.0119891   0.01 0.00441183 
-0.0100615 0.00693773 0.0118362 
-0.0559423 0.0844 0.00870042 
-0.0065293 0.0470919 0.0034373 
-0.0422641 0.0746267  0.023 
-0.0444248 0.0641374 -0.0229887 
-0.0361186 0.0167959 0.00126431 
-0.0299273 0.000203922 0.00763465 
-0.00732156 0.00029296 -0.008532990000000001 
-0.0540005 0.0418262 -0.0197102 
-0.0501669 0.0631415 0.0228995 
-0.0527695 0.0400952 -0.0195065 
-0.0195641 0.0564 0.0074858 
-0.0586336 0.07307900000000001 -0.00367011 
-0.0364497 0.00727645 0.0132419 
-0.0401422 0.0515087 -0.0146594 
-0.0152728 0.0560159 -0.009941530000000001 
-0.0282287 0.0564 0.0022768 
-0.0248391 0.0563688 0.007850899999999999 
-0.0319433 0.0654 0.00930977 
-0.045874 0.007961950000000001 -0.0168596 
-0.0195407 0.0527632 -0.0110101 
-0.0205525   0.01 0.00631054 
-0.00394223   0.01 -0.00482053 
-0.0578288 0.06600350000000001 0.00628367 
-0.0598 0.0651573 0.0089056 
-0.025328 0.000913829 0.0093378 
-0.0538855 0.0654 -0.0147844 
-0.0463784 0.0648813 0.00637034 
-0.0472804 0.0528523 -0.0173995 
-0.0319161 0.00165905 -0.0110433 
-0.0523424 0.0501889 0.0193426 
-0.0210044 0.0524549 -0.0108562 
-0.0367549 0.0774556 -0.0209338 
-0.0310496 0.0452 0.00328281 
-0.00610049 0.008999999999999999 0.00127866 
-0.00102706 0.00689291 0.00485238 
-0.0090153 0.00137837 -0.0109715 
-0.0598 0.0729371 -0.0018465 
-0.0239193 0.0002 0.00573026 
-0.0225766 0.0564 -0.00493102 
-0.055 0.0783691 0.00138954 
-0.0565254 0.00855157 -0.008730069999999999 
-0.0598 0.0722159 0.00755517 
-0.0598 0.0714246 0.000770775 
-0.0585339 0.0838478 -0.0118769 
-0.0146102 0.0499 0.00452149 
-0.00544453 0.0477765 -0.0100409 
-0.0200287 0.00759033 -0.0109588 
-0.0171126 0.0471213 -0.0112653 
-0.0288225 0.0002 0.00367203 
-0.0481076 0.0398117 0.0148154 
-0.0597789 0.0264006 -0.0170455 
-0.00423894 0.0551574 0.00838709 
-0.0553479 0.0773301 -0.0229662 
-0.0598 0.0163526 -0.00206543 
-0.0354647   0.01 0.0125543 
-0.055 0.0765405 0.00889478 
-0.0361282 0.0419559 0.00127522 
-0.0598 0.0773124 0.0174093 
-0.00572448 0.056307 -0.00743066 
-0.0200924   0.01 0.00448788 
-0.0559664 0.0229663 0.0197102 
-0.0158849 0.000759404 0.00772138 
-0.008707070000000001 0.055576 0.0105531 
-0.0572779 0.009229090000000001 0.00717477 
-0.0141292   0.01 0.009149620000000001 
-0.0406643 0.0844 -0.0179211 
-0.0317879   0.01 0.008725159999999999 
-0.0539695 0.066855 -0.023 
-0.0598 0.0261472 0.00374026 
-0.0358566 0.00452406 0.0130143 
-0.035814 0.06921140000000001 0.0176365 
-0.0450665 0.06410879999999999 -0.00478148 
-0.0370918 0.0002 0.00337318 
-0.055 0.08187800000000001 -0.0152006 
-0.0365833 0.059325 -0.017536 
-0.00475591 0.0537865 0.009523749999999999 
-0.0173922 0.0464 -0.00177572 
-0.0598 0.0575707 -0.0110388 
-0.0379546 0.0358901 0.00333958 
-0.0598 0.0406503 0.012281 
-0.0540024 0.0126071 0.0197102 
-0.0597549 0.0523979 0.0172279 
-0.0598 0.0676254 -0.00435729 
-0.0576645 0.08427 -0.0148536 
-0.0296978 0.00273821 -0.0106096 
-0.000958326 0.008999999999999999 -0.00201106 
-0.0481484 0.0752876  0.023 
-0.0391116 0.0566942 0.0143506 
-0.0565682 0.066339 0.00594113 
-0.035448 0.0002 -0.00756883 
-0.0598 0.071285 0.00403828 
-0.0531463 0.07544149999999999 0.0163 
-0.0569411 0.0646955 0.0110194 
-0.009463610000000001 0.0500797 0.00591427 
-0.0398847 0.0565225 0.0157303 
-0.015098 0.0499938 -0.00691176 
-0.0512467 0.0657528 0.0163 
-0.00763443 0.00087986 -0.00758319 
-0.00535254 0.0502428 0.00694672 
-0.0389633 0.080678 0.0226461 
-0.00750624 0.00505326 -0.00155639 
-0.0353439 0.0509693 -0.0128174 
-0.0321956 0.00353277 0.0116089 
-0.01902 0.0452 -0.00747641 
-0.0230036 0.0552861 0.009974159999999999 
-0.0598 0.0436216 -0.009785769999999999 
-0.0529594 0.07330250000000001 -0.0155 
-0.0145892 0.00747574 0.011716 
-0.0366076 0.0145 0.0024245 
-0.055 0.07986559999999999 -0.00508249 
-0.0598 0.0198183 0.00412958 
-0.0196461 0.00671197 -0.010999 
-0.0363156 0.0489437 -0.0131904 
-0.0598 0.022623 0.00373508 
-0.0165125 0.0500256 0.00228653 
-0.0383749 0.06662650000000001 -0.0167 
-0.0598 0.0313941 -0.009571990000000001 
-0.0241654 0.009170579999999999 -0.010524 
-0.0358181 0.06417150000000001 0.017615 
-0.00607854 0.0547885 0.0100275 
-0.0408506 0.0647288 -0.0136145 
-0.00208827 0.0477923 0.00676408 
-0.0148941 0.046821 -0.00210187 
-8.61696e-05 0.00785429 -0.00137002 
-0.0492804 0.0207227 -0.0161411 
-0.0444843 0.017166 -0.0107201 
-0.0598 0.0660458 0.00964981 
-0.0148985 0.0476236 0.0007731529999999999 
-0.0392226 0.0572101 -0.0178492 
-0.0598 0.0235869 0.0093048 
-0.009659600000000001 0.0002 0.00424828 
-0.00968361 0.00263747 -0.0117073 
-0.0598 0.0380425 0.0060645 
-0.0358186 0.0620298 0.0174026 
-0.0252548 0.00492906 0.0104095 
-0.0508489 0.0034404 -0.000700385 
-0.0244898 0.000217149 0.00778006 
-0.0441682 0.075956 -0.023 
-0.0598 0.0205851 0.00377732 
-0.0598 0.07051209999999999 0.0116421 
-0.00445396 0.051889 -0.0050873 
-0.055 0.0715982 0.009623720000000001 
-0.0196191 0.0552291 -0.010375 
-0.0504617 0.0383196 0.0174763 
-0.0168742 0.0525167 0.008731650000000001 
-0.0360633 0.0662123 -0.0195887 
-0.0369376 0.0002 0.00565222 
-0.045317 0.0661041  0.023 
-0.0445197 0.0425 -0.0155865 
-0.0398457 0.000540201 -0.0128137 
-0.0421957 0.00986009 -0.0154476 
-0.0422281 0.00517242 -0.01546 
-0.0379564 0.0350533 -0.00334163 
-0.0113976 0.0002 0.000537576 
-0.0128894   0.01 -0.00492754 
-0.0185282 0.0468307 -0.0046891 
-0.00761948 0.0533084 0.0111714 
-0.0567446 0.0662306 0.00605186 
-0.00627978 0.0562897 -0.0079489 
-0.0411891 0.0002 -0.000916163 
-0.0358 0.0780781 -0.0179726 
-0.0230067 0.0564 -0.00352494 
-0.0172148 0.0482046 0.00337232 
-0.0298168 0.0482636 0.0106958 
-0.0598 0.0463962 -0.010788 
-0.0531474 0.0646289 0.0110874 
-0.0511974 0.0666754 0.0223062 
-0.0383269 0.0354153 0.00376038 
-0.0486432 0.0147331 0.0154208 
-0.0598 0.0256559 0.00466818 
-0.0598 0.0444574 -0.00191205 
-0.0594351 0.0210576 0.0181391 
-0.0480922 0.0654 0.00116751 
-0.0453178 0.0632392 0.00430656 
-0.0357073 0.0128953 0.008000820000000001 
-0.0558729 0.0739129 0.0118185 
-0.0369025 0.0002 -0.00157177 
-0.0188179 0.0006182269999999999 0.00960416 
-0.0252702 0.0452 0.00719837 
-0.0323621 0.00435908 0.0116729 
-0.044466 0.0654 0.009794189999999999 
-0.016995 0.0470932 -0.00270911 
-0.0492141 0.0392613 0.0160661 
-0.0523972 0.06690939999999999 0.0182669 
-0.0485838 0.0675021 -0.023 
-0.0365823 0.008020289999999999 0.0132928 
-0.0442784 0.0654 -0.000427613 
-0.0388707 0.0145 -0.0121062 
-0.0543177 0.0293021 0.0197102 
-0.0597405 0.0370794 0.0173011 
-0.0410834 0.0831942 -0.0224011 
-0.0499932 0.0507244 0.0184408 
-0.0401648 0.015444 0.00583776 
-0.0435757 0.06632739999999999 0.0163 
-0.0215214 0.0564 -0.00771805 
-0.00664961 0.00392029 0.0107401 
-0.0594874 0.0115083 -0.0119309 
-0.0308947 0.0556444 -0.0105368 
-0.0246513 0.000204318 0.00755582 
-0.0381365 0.0824 0.0184863 
-0.0598 0.0639079 0.00188084 
-0.0595858 0.0297594 -0.0178167 
-0.0165518 0.0492776 -0.00649887 
-0.0135019 0.0517571 0.0119041 
-0.0538064 0.0842242 -0.0210097 
-0.0337527 0.0622578 0.0122066 
-0.0598 0.0267014 -0.0135767 
-0.009640350000000001 0.00935266 0.00295266 
-0.0154091 0.0472127 0.00537779 
3 7388 1146 714 
3 7388 4585 1146 
3 8826 670 714 
3 4291 5101 7264 
3 5101 4291 2306 
3 4291 4585 7388 
3 4291 2329 2306 
3 2329 4291 7388 
3 5101 1868 7264 
3 9890 5101 2306 
3 7226 2886 8303 
3 6879 9173 2057 
3 5317 9464 2437 
3 5760 5317 2437 
3 6247 6117 2195 
3 9464 6117 1403 
3 6117 9464 5317 
3 8300 2243 714 
3 670 8300 714 
3 443 8300 670 
3 8300 443 2243 
3 443 7770 26 
3 4063 2329 7388 
3 2329 4974 2306 
3 2671 1868 1997 
3 1868 2671 7264 
3 3789 6580 419 
3 6879 5428 2195 
3 4022 7846 8996 
3 4022 3734 7846 
3 6879 9275 9173 
3 9275 6879 2195 
3 6117 9275 2195 
3 9275 6117 5317 
3 9173 7829 2057 
3 2744 4036 5101 
3 1868 4036 75 
3 4036 1868 5101 
3 7089 7399 1181 
3 706 1881 595 
3 7749 9667 4860 
3 7749 4291 7264 
3 9667 7749 7264 
3 2671 1554 7264 
3 9150 9299 1766 
3 4369 7393 4700 
3 1881 7393 8780 
3 3032 4846 6895 
3 473 6426 1282 
3 5293 2670 6894 
3 7881 8605 1721 
3 3349 9410 2437 
3 1654 5760 2437 
3 5760 1654 8394 
3 917 1654 2437 
3 9464 4296 2437 
3 6320 6066 6629 
3 8984 4323 5638 
3 4323 4296 9464 
3 4296 4323 2437 
3 4323 3349 2437 
3 9511 4519 6247 
3 6117 1558 1403 
3 1558 9464 1403 
3 1558 4323 9464 
3 7829 3431 9071 
3 3431 7829 9173 
3 9168 2754 9173 
3 2075 6265 9173 
3 2754 2075 9173 
3 7770 7121 934 
3 7121 7770 443 
3 7121 670 8826 
3 7121 443 670 
3 4974 4554 2306 
3 4063 8298 2329 
3 8298 4974 2329 
3 6426 1287 1282 
3 3058 1174 2555 
3 1727 7881 7218 
3 2094 7612 5515 
3 1368 6580 3789 
3 4999 3725 3789 
3 4519 8079 3596 
3 8079 4986 3596 
3 4986 6487 3596 
3 7690 9415 6895 
3 1938 7503 1725 
3 8422 7034 3120 
3 3711 4519 3596 
3 4519 3711 6247 
3 2436 4022 8996 
3 4022 2436 3734 
3 2436 1246 3734 
3 7466 2436 8996 
3 3734 8594 3199 
3 9275 3854 9794 
3 3854 9275 5317 
3 3854 5760 9794 
3 5760 3854 5317 
3 1842 8468 6359 
3 9299 8468 1766 
3 6359 8468 9299 
3 4036 525 75 
3 525 4036 2744 
3 8940 2744 5101 
3 654 8940 5101 
3 9947 7186 9890 
3 654 7186 6426 
3 7186 416 6426 
3 7399 8514 8780 
3 8514 7399 7285 
3 7470 7399 7089 
3 8972 7089 419 
3 638 7089 1181 
3 3964 638 1181 
3 5634 706 595 
3 1881 1634 595 
3 4159 5198 8780 
3 3635 1881 8780 
3 1327 9150 1766 
3 4569 4369 1181 
3 4569 7393 4369 
3 7393 4569 8780 
3 7399 4569 1181 
3 4569 7399 8780 
3 2321 7393 1881 
3 2321 1881 706 
3 1402 2321 1766 
3 2321 1402 7393 
3 2321 6728 3816 
3 3967 4369 4700 
3 4369 3967 1181 
3 3967 3032 7226 
3 3967 4846 3032 
3 4331 8468 1842 
3 525 6058 75 
3 6058 525 2744 
3 598 6359 9299 
3 598 1842 6359 
3 5603 731 2006 
3 5603 8044 9673 
3 4286 5760 8394 
3 3508 8372 934 
3 1146 1650 714 
3 9085 2844 9673 
3 1635 9085 3856 
3 6611 7881 1721 
3 6611 132 7881 
3 132 6611 2057 
3 2075 9610 6265 
3 6265 9610 9173 
3 77 7829 9071 
3 77 132 7829 
3 3431 77 9071 
3 7829 42 2057 
3 42 132 2057 
3 132 42 7829 
3 1716 8605 2057 
3 8605 1716 1721 
3 6611 1716 2057 
3 1716 6611 1721 
3 9646 917 2437 
3 3093 8984 5638 
3 3093 1635 3856 
3 4049 6320 6629 
3 6320 4068 8984 
3 4323 4068 7349 
3 4068 4323 8984 
3 4068 4049 7349 
3 4049 4068 6320 
3 4649 5703 8984 
3 5703 6320 8984 
3 5703 4649 3856 
3 6320 5703 3856 
3 1645 9085 9673 
3 9085 1645 3856 
3 1645 6320 3856 
3 6320 1645 6066 
3 2752 9511 6247 
3 4519 2752 2195 
3 9511 2752 4519 
3 9922 6117 6247 
3 9922 1558 6117 
3 5760 1967 9794 
3 4062 1967 5760 
3 1967 9168 9794 
3 5686 8449 5760 
3 8449 4062 5760 
3 4077 9275 9794 
3 9168 4077 9794 
3 9275 2579 9173 
3 2579 9168 9173 
3 2579 4077 9168 
3 2075 8089 5456 
3 8089 2075 2754 
3 439 5761 7770 
3 6471 439 7770 
3 1885 6471 7770 
3 7770 5972 26 
3 816 5972 7770 
3 5972 5535 26 
3 4554 7913 6691 
3 7913 4554 4974 
3 8298 9866 4974 
3 3852 8586 4063 
3 2243 3852 714 
3 3852 7388 714 
3 3852 4063 7388 
3 468 9986 6691 
3 468 2016 9986 
3 2016 6920 9986 
3 1287 6920 1282 
3 6920 1287 6426 
3 416 6920 6426 
3 202 9947 6691 
3 9947 7694 6691 
3 4554 7694 2306 
3 7694 4554 6691 
3 7694 9890 2306 
3 7694 9947 9890 
3 4276 3792 3929 
3 7466 4405 7511 
3 4405 4276 3929 
3 4405 7466 7745 
3 1727 4405 7745 
3 5885 4405 2555 
3 4405 3058 2555 
3 4405 1727 3058 
3 1174 3036 2555 
3 3036 1978 6791 
3 7612 8437 3058 
3 8437 7612 2094 
3 7763 5674 4585 
3 7466 7256 7745 
3 3506 8437 2094 
3 3506 4883 419 
3 3506 4663 4883 
3 4664 2643 3695 
3 5286 417 2555 
3 5286 1888 417 
3 6856 417 1945 
3 6856 5885 2555 
3 417 6856 2555 
3 7515 2555 8361 
3 2128 7515 8361 
3 9391 2128 4999 
3 9391 5286 2555 
3 9391 4999 3789 
3 7515 9391 2555 
3 9391 7515 2128 
3 2884 3725 8361 
3 3725 2884 1444 
3 2128 1494 4999 
3 1494 3725 4999 
3 1494 2128 8361 
3 3725 1494 8361 
3 4265 8692 4663 
3 4663 6372 4883 
3 8692 6372 4663 
3 9667 9101 4860 
3 6046 9101 9667 
3 9754 7429 419 
3 9754 3315 7429 
3 5674 5117 4585 
3 5694 756 2171 
3 756 5694 3022 
3 9754 3686 4585 
3 2611 2311 157 
3 2670 620 6894 
3 620 6472 6894 
3 6472 620 6130 
3 8703 8079 5428 
3 5428 1679 2195 
3 8079 1679 5428 
3 1679 4519 2195 
3 1679 8079 4519 
3 2336 5503 4413 
3 2336 3734 3199 
3 2336 6009 3734 
3 2886 9586 8303 
3 6009 8949 3734 
3 1336 7282 5638 
3 7282 392 5638 
3 7282 731 392 
3 6471 7737 439 
3 7737 6471 1885 
3 7503 2933 1725 
3 2017 1938 1725 
3 2017 5353 1938 
3 5353 2017 7721 
3 1336 1899 4724 
3 8758 425 5469 
3 935 9826 3596 
3 9826 3711 3596 
3 3711 9826 1558 
3 8787 6779 3613 
3 6779 7779 3613 
3 425 6779 8787 
3 3613 277 3596 
3 1246 6473 7511 
3 2436 6473 1246 
3 8594 2663 3792 
3 3792 2663 3929 
3 2663 8594 3734 
3 2663 3734 3929 
3 1312 369 9987 
3 369 6443 3032 
3 7441 6879 2057 
3 4971 7441 2057 
3 7441 4971 6879 
3 9212 4331 8291 
3 4331 9212 8468 
3 5995 7186 9947 
3 6920 5995 9986 
3 9890 3140 5101 
3 3140 7186 5101 
3 7186 3140 9890 
3 9619 654 5101 
3 7186 9619 5101 
3 9619 7186 654 
3 4780 7470 7089 
3 7470 4780 238 
3 8972 4780 7089 
3 4780 8795 238 
3 4780 8972 8795 
3 5905 3964 1181 
3 3964 5905 638 
3 5905 7226 8303 
3 3967 5905 1181 
3 5905 3967 7226 
3 4785 1634 7429 
3 1634 4785 595 
3 4785 908 595 
3 5191 4159 7429 
3 4889 5198 4159 
3 5191 4889 4159 
3 4889 5191 3635 
3 5198 4889 8780 
3 4889 3635 8780 
3 9707 9667 7264 
3 9707 6046 9667 
3 5782 1327 1766 
3 2321 5782 1766 
3 9150 3963 9299 
3 4256 2321 706 
3 2321 4256 6728 
3 4256 8981 6728 
3 1035 9389 1590 
3 4436 473 1282 
3 473 4436 6426 
3 6058 7430 75 
3 8940 1607 2744 
3 1607 6058 2744 
3 1607 654 6426 
3 1607 8940 654 
3 1842 1607 6426 
3 4140 7415 157 
3 731 6623 392 
3 6623 731 5603 
3 6623 5603 9673 
3 2844 6623 9673 
3 6623 2844 392 
3 8716 8349 3986 
3 8044 8716 9673 
3 731 3888 2006 
3 3888 5603 2006 
3 3888 8044 5603 
3 2245 1915 5947 
3 3980 3508 8511 
3 3508 3980 8372 
3 8511 1930 714 
3 3508 1930 8511 
3 528 1650 1146 
3 2260 2075 5456 
3 2260 9610 2075 
3 7881 2260 7218 
3 132 2260 7881 
3 9610 2260 132 
3 2479 3431 9173 
3 3024 9610 132 
3 77 3024 132 
3 3024 77 3431 
3 2479 3024 3431 
3 9610 3024 9173 
3 3024 2479 9173 
3 3630 4649 8984 
3 3093 3630 8984 
3 4649 3630 3856 
3 3630 3093 3856 
3 392 6525 5638 
3 6525 3093 5638 
3 1635 6525 9085 
3 3093 6525 1635 
3 8008 6247 2195 
3 2752 8008 2195 
3 8008 2752 6247 
3 3711 4191 6247 
3 4191 9922 6247 
3 4191 3711 1558 
3 9922 4191 1558 
3 4077 3240 9275 
3 3240 2579 9275 
3 2579 3240 4077 
3 5775 7913 4974 
3 9866 5775 4974 
3 143 8298 4063 
3 143 9866 8298 
3 8586 143 4063 
3 143 5775 9866 
3 3852 4508 8586 
3 443 4508 2243 
3 4508 3852 2243 
3 9986 1204 6691 
3 1204 202 6691 
3 202 1204 9986 
3 3892 5885 3792 
3 4276 3892 3792 
3 9205 4405 3929 
3 7985 1246 7511 
3 4405 7985 7511 
3 9452 4496 2057 
3 2714 4971 2057 
3 4496 2714 2057 
3 4971 2714 1191 
3 2555 7214 8361 
3 3036 7214 2555 
3 7214 2884 8361 
3 2884 7214 1444 
3 6168 3036 6791 
3 6168 1368 3789 
3 3036 6168 3789 
3 1642 2094 5515 
3 1642 8112 2094 
3 4265 1642 5515 
3 1642 4265 8112 
3 2459 9874 5953 
3 6868 6056 219 
3 9874 6868 219 
3 6868 9874 7612 
3 3506 5771 8437 
3 8437 5771 3058 
3 6580 5771 419 
3 5771 3506 419 
3 5771 8295 3058 
3 7258 3506 2094 
3 7669 1174 3058 
3 8295 7669 3058 
3 2769 2626 3789 
3 7612 9834 5515 
3 9834 6372 8692 
3 3804 9101 3315 
3 304 9101 6046 
3 9707 304 6046 
3 1554 304 7264 
3 304 9707 7264 
3 3315 113 7429 
3 9101 113 3315 
3 304 113 9101 
3 113 9543 3816 
3 3963 113 3758 
3 113 3963 9150 
3 1327 113 9150 
3 9543 113 1327 
3 4883 2133 419 
3 2133 9754 419 
3 2083 2133 4883 
3 9754 411 3315 
3 7749 411 4291 
3 4291 411 4585 
3 411 9754 4585 
3 9754 7056 112 
3 2133 7056 9754 
3 7323 756 3022 
3 7323 9336 756 
3 2382 9336 1146 
3 4585 2382 1146 
3 9336 2382 756 
3 5117 2382 4585 
3 756 2382 2171 
3 2382 5117 2171 
3 6056 5406 219 
3 6910 9874 219 
3 9874 6910 5953 
3 6868 4164 6056 
3 4164 5406 6056 
3 8670 5293 6894 
3 8670 7415 5293 
3 6305 620 2670 
3 7893 8703 5428 
3 8079 7893 4986 
3 8703 7893 8079 
3 8787 8967 8908 
3 8967 8787 3613 
3 8967 3613 3596 
3 6487 8967 3596 
3 3606 2336 4413 
3 2336 3606 6009 
3 3251 3606 2886 
3 3606 9586 2886 
3 9586 3606 4413 
3 9586 9320 8303 
3 5503 9320 4413 
3 9320 9586 4413 
3 3032 6642 7226 
3 6443 6642 3032 
3 6642 369 1697 
3 369 6642 6443 
3 4057 6642 1697 
3 369 4057 1697 
3 4057 369 8949 
3 4503 2886 7226 
3 4503 6669 2886 
3 6669 8369 2886 
3 8369 3251 2886 
3 8719 2311 275 
3 2311 8719 6782 
3 6782 8719 7690 
3 8719 9415 7690 
3 9415 8719 6895 
3 1901 1312 8523 
3 1901 8177 3500 
3 8177 1901 8523 
3 1901 3500 6895 
3 8719 1901 6895 
3 3500 3102 6895 
3 3102 8177 6895 
3 8177 3102 3500 
3 4142 8177 8523 
3 4142 3032 6895 
3 8177 4142 6895 
3 6562 8349 9193 
3 7282 8941 9193 
3 8941 1336 4724 
3 8941 7282 1336 
3 6104 8941 4724 
3 6940 8941 6104 
3 6911 7737 6322 
3 7737 6911 439 
3 6911 5761 439 
3 5761 6911 7770 
3 816 6911 6322 
3 6911 816 7770 
3 1060 1219 5245 
3 271 1885 5245 
3 271 7737 1885 
3 1219 271 5245 
3 4618 6920 7165 
3 4618 9389 6920 
3 6589 4618 7165 
3 9389 4618 6589 
3 9147 6552 4173 
3 6552 8206 4173 
3 8206 6552 6589 
3 8206 6589 7165 
3 2933 5700 1725 
3 5700 6920 1725 
3 6920 5700 7165 
3 19 679 7503 
3 271 4644 7737 
3 5353 7797 1938 
3 1076 926 6322 
3 926 816 6322 
3 926 5972 816 
3 3159 19 7503 
3 3159 1076 6322 
3 541 2910 3120 
3 2910 541 5965 
3 425 3914 5469 
3 3914 425 8787 
3 3914 8758 5469 
3 8758 3914 8787 
3 4672 8758 8787 
3 4672 8787 6472 
3 1301 8758 8422 
3 1301 8422 3120 
3 8758 1301 425 
3 9534 6461 995 
3 8967 6461 8908 
3 6461 8787 8908 
3 9826 4829 1558 
3 4323 4829 5638 
3 1558 4829 4323 
3 7316 4829 9826 
3 4829 7316 5638 
3 7316 1336 5638 
3 7316 1899 1336 
3 7779 6190 3613 
3 3301 2436 7466 
3 3301 6473 2436 
3 3301 7466 7511 
3 6473 3301 7511 
3 369 4344 9987 
3 4344 369 3032 
3 9753 202 9986 
3 5995 9753 9986 
3 202 4137 9947 
3 4137 5995 9947 
3 9753 4137 202 
3 4137 9753 5995 
3 7186 4143 416 
3 5995 4143 7186 
3 4143 6920 416 
3 4143 5995 6920 
3 4761 10 4159 
3 10 4761 8514 
3 4761 4159 8780 
3 8514 4761 8780 
3 10 5748 4159 
3 5748 8972 419 
3 5748 8514 7285 
3 5748 10 8514 
3 7429 5748 419 
3 4159 5748 7429 
3 7089 2816 419 
3 2816 41 419 
3 9450 5397 7089 
3 41 5397 9450 
3 5397 2816 7089 
3 2816 5397 41 
3 2830 41 9450 
3 2830 8056 3742 
3 41 2830 419 
3 4749 8056 8782 
3 8056 4749 3742 
3 4749 638 9309 
3 638 4749 8782 
3 2830 4749 419 
3 4749 2830 3742 
3 4749 7379 2769 
3 4749 3789 419 
3 4749 2769 3789 
3 8655 5905 8303 
3 2475 797 9309 
3 3334 8655 3555 
3 8655 3334 5905 
3 3334 2475 9309 
3 638 3334 9309 
3 5905 3334 638 
3 5634 5927 706 
3 5927 4256 706 
3 4256 5927 8981 
3 9327 4785 7429 
3 4785 9327 908 
3 113 9327 7429 
3 9327 113 3816 
3 6728 9327 3816 
3 8981 9327 6728 
3 1634 1695 7429 
3 1695 5191 7429 
3 5191 1695 1634 
3 3727 1634 1881 
3 3727 5191 1634 
3 3635 3727 1881 
3 5191 3727 3635 
3 5782 3723 1327 
3 9543 3723 3816 
3 3723 9543 1327 
3 2922 2321 3816 
3 5782 2922 3816 
3 2922 5782 2321 
3 519 3967 4700 
3 3967 519 4846 
3 6332 2310 2871 
3 1240 1035 1282 
3 1035 1240 9389 
3 6920 1240 1282 
3 9389 1240 6920 
3 7101 1513 1282 
3 1513 4436 1282 
3 861 1842 6426 
3 4436 861 6426 
3 861 4331 1842 
3 4331 861 8291 
3 861 9212 8291 
3 9212 861 8468 
3 8468 861 1766 
3 861 1402 1766 
3 4065 7430 6058 
3 4065 1607 1842 
3 1607 4065 6058 
3 829 2311 6782 
3 4140 6526 5293 
3 5293 6526 2670 
3 2615 4140 157 
3 7415 6632 5293 
3 6632 4140 5293 
3 4140 6632 7415 
3 9229 6277 1396 
3 6277 9229 9226 
3 7044 9229 1396 
3 8267 4880 9226 
3 4880 6277 9226 
3 3119 6277 6104 
3 8349 7967 9193 
3 3786 8716 3986 
3 3786 2245 5947 
3 8349 3786 3986 
3 6562 3786 8349 
3 3786 6562 9193 
3 1915 3786 9193 
3 3786 1915 2245 
3 1156 3888 731 
3 1156 7282 2619 
3 7282 1156 731 
3 7267 2839 7044 
3 2839 9229 7044 
3 9229 2839 9226 
3 2839 8267 9226 
3 2839 4880 8267 
3 6630 7267 5947 
3 9485 3786 5947 
3 3786 9485 8716 
3 7234 1645 9673 
3 2720 7234 9673 
3 1930 7566 714 
3 7566 1930 3508 
3 7566 8826 714 
3 7566 7121 8826 
3 7121 7566 934 
3 7566 3508 934 
3 705 2260 5456 
3 562 6525 392 
3 6525 562 9085 
3 2844 562 392 
3 562 2844 9085 
3 5775 3589 7913 
3 2017 445 7721 
3 143 4444 5775 
3 445 4444 7721 
3 4444 143 8586 
3 4444 5353 7721 
3 9912 3821 8425 
3 5553 9912 8425 
3 8800 7797 8586 
3 3821 551 8425 
3 4508 551 8586 
3 551 4508 8425 
3 468 5360 2016 
3 8992 5360 468 
3 3892 5683 5885 
3 5683 3892 4276 
3 961 9205 3929 
3 9205 961 4405 
3 3734 961 3929 
3 1246 961 3734 
3 9452 3950 4496 
3 8605 4184 2057 
3 4184 9452 2057 
3 1727 7585 7881 
3 9611 7585 1727 
3 7585 3950 7881 
3 3950 7585 4496 
3 8912 1727 5935 
3 8912 9611 1727 
3 7256 2545 7745 
3 3725 5533 3789 
3 5533 3725 1444 
3 2724 3036 3789 
3 2724 7214 3036 
3 5533 2724 3789 
3 7214 2724 1444 
3 2724 5533 1444 
3 6168 1615 1368 
3 1368 1615 6580 
3 1978 1615 6791 
3 1615 6168 6791 
3 1615 3990 6580 
3 3990 1615 1978 
3 5463 3990 1978 
3 5463 3036 1174 
3 5463 1978 3036 
3 3990 5463 6580 
3 1639 4265 4663 
3 4265 1639 8112 
3 3506 1639 4663 
3 7258 1639 3506 
3 8112 1639 2094 
3 1639 7258 2094 
3 1099 7669 8295 
3 1099 5771 6580 
3 5771 1099 8295 
3 5463 1099 6580 
3 7669 1099 1174 
3 1099 5463 1174 
3 2782 596 1945 
3 596 2782 1888 
3 417 2782 1945 
3 1888 2782 417 
3 5473 1888 4664 
3 5473 596 1888 
3 3663 9848 2643 
3 7062 2643 3555 
3 7062 3663 2643 
3 5286 3029 1888 
3 9448 3029 5286 
3 1888 3029 4664 
3 9391 726 5286 
3 726 9448 5286 
3 726 3029 9448 
3 3029 726 4664 
3 726 2643 4664 
3 726 2626 2643 
3 726 9391 3789 
3 2626 726 3789 
3 1487 7612 4883 
3 6372 1475 4883 
3 9834 1475 6372 
3 1475 9834 7612 
3 1487 1475 7612 
3 9834 6493 5515 
3 6493 9834 8692 
3 6493 4265 5515 
3 4265 6493 8692 
3 3423 3315 4860 
3 3804 3423 4860 
3 3423 3804 3315 
3 9101 4957 4860 
3 4957 3804 4860 
3 3804 4957 9101 
3 113 1273 3758 
3 1273 2671 1997 
3 1273 1554 2671 
3 1273 304 1554 
3 1273 113 304 
3 7279 411 7749 
3 411 7279 3315 
3 7279 7749 4860 
3 3315 7279 4860 
3 4631 9754 112 
3 3568 4631 112 
3 4631 3686 9754 
3 3686 4631 5953 
3 4631 3568 5953 
3 7682 2459 5953 
3 3568 7682 5953 
3 7682 9874 2459 
3 9874 7682 112 
3 7682 3568 112 
3 7612 7687 4883 
3 7687 2083 4883 
3 7056 7687 112 
3 7687 2133 2083 
3 7687 7056 2133 
3 9874 7687 7612 
3 7687 9874 112 
3 5694 70 3022 
3 5594 70 5694 
3 528 2458 1650 
3 4248 5594 5694 
3 4248 5694 2171 
3 6868 4248 7763 
3 5594 4248 6868 
3 7763 4248 5674 
3 5117 4248 2171 
3 4248 5117 5674 
3 5970 3686 5953 
3 6910 5970 5953 
3 3686 2805 4585 
3 2805 7763 4585 
3 6461 9384 995 
3 8670 62 7415 
3 6800 62 108 
3 7415 62 157 
3 62 2611 157 
3 8533 9389 6589 
3 6552 8533 6589 
3 9147 8533 6552 
3 620 2237 6130 
3 9751 2237 620 
3 7893 6261 4986 
3 3606 1795 6009 
3 1795 3606 3251 
3 8369 1795 3251 
3 4002 8369 6669 
3 1795 4002 6009 
3 4002 1795 8369 
3 4503 3362 6669 
3 3362 4002 6669 
3 3362 4057 8949 
3 3362 8949 6009 
3 4002 3362 6009 
3 6642 698 7226 
3 4057 698 6642 
3 8280 369 1312 
3 369 8280 8949 
3 8949 8280 3734 
3 3734 8280 7846 
3 8280 4175 7846 
3 698 2134 7226 
3 2134 698 4057 
3 1214 62 6800 
3 331 8719 275 
3 1312 2563 8523 
3 2563 4142 8523 
3 1915 4805 5947 
3 4805 1915 9193 
3 8941 4805 9193 
3 1890 1219 1060 
3 1890 7245 9185 
3 4644 1890 9185 
3 1890 271 1219 
3 1890 4644 271 
3 9147 9211 1359 
3 9751 9211 4173 
3 9211 9147 4173 
3 9211 9751 620 
3 4666 9147 1359 
3 9211 4666 1359 
3 4666 9211 620 
3 6622 8206 7165 
3 8206 6622 4173 
3 2567 679 7385 
3 2567 2933 7503 
3 679 2567 7503 
3 3934 679 19 
3 7034 6775 3120 
3 6775 541 3120 
3 2739 6775 7034 
3 6775 2739 2184 
3 541 6775 9088 
3 6775 2184 9088 
3 9088 3192 4042 
3 2184 3192 9088 
3 3192 2184 3886 
3 7737 1383 6322 
3 4644 1383 7737 
3 1383 5693 5736 
3 1383 4644 9185 
3 5693 1383 9185 
3 9078 6104 4724 
3 7265 697 26 
3 7265 6806 697 
3 1076 7265 26 
3 6806 7265 1076 
3 642 1076 26 
3 642 926 1076 
3 5535 642 26 
3 5972 642 5535 
3 926 642 5972 
3 3616 6806 1076 
3 3159 3616 1076 
3 3616 3159 7885 
3 697 3616 7885 
3 6806 3616 697 
3 8151 9088 4042 
3 7332 8151 4042 
3 8151 541 9088 
3 541 8151 5965 
3 4608 6779 425 
3 1301 4608 425 
3 4608 5651 6779 
3 2910 4608 3120 
3 4608 1301 3120 
3 4541 543 5666 
3 4541 6800 108 
3 543 4541 8787 
3 4541 8670 6894 
3 6472 4541 6894 
3 8787 4541 6472 
3 543 2396 5666 
3 2396 543 8787 
3 6461 2396 8787 
3 7358 7332 1899 
3 7316 7358 1899 
3 8151 7358 5965 
3 7358 8151 7332 
3 5866 7358 7316 
3 7453 9826 935 
3 7453 935 3596 
3 277 7453 3596 
3 7453 7316 9826 
3 7453 5866 7316 
3 6654 4344 3032 
3 6654 1054 9987 
3 4344 6654 9987 
3 8795 3499 238 
3 8972 3499 8795 
3 5748 3499 8972 
3 3499 7470 238 
3 7470 3499 7399 
3 1034 2830 9450 
3 2830 1034 8056 
3 8056 1034 8782 
3 1034 638 8782 
3 638 1034 7089 
3 1034 9450 7089 
3 797 7237 9309 
3 1449 2626 2769 
3 1449 3334 2191 
3 3334 1449 2475 
3 7379 7223 2769 
3 1449 7223 2475 
3 797 7223 7379 
3 2475 7223 797 
3 2626 1257 2643 
3 5927 1418 8981 
3 9327 1418 908 
3 1418 9327 8981 
3 1418 5927 5634 
3 1418 5634 595 
3 908 1418 595 
3 7935 5782 3816 
3 3723 7935 3816 
3 7935 3723 5782 
3 1710 519 4700 
3 519 1710 2310 
3 3626 5998 4840 
3 6332 8248 2310 
3 8248 6332 2762 
3 5998 8248 2762 
3 8248 5998 1769 
3 519 8248 4846 
3 8248 1769 4846 
3 1513 8111 4436 
3 8111 861 4436 
3 829 8667 2311 
3 8667 829 6782 
3 2311 8667 157 
3 8667 2615 157 
3 8667 6782 7690 
3 7245 9294 9185 
3 8301 1060 5245 
3 1885 8301 5245 
3 8301 1885 7770 
3 8301 7770 934 
3 8372 8301 934 
3 2466 137 7044 
3 418 2466 7044 
3 418 3119 2466 
3 418 7044 1396 
3 6277 418 1396 
3 3119 418 6277 
3 1746 3119 6104 
3 9078 1746 6104 
3 1746 9078 5693 
3 2116 7967 8716 
3 2116 8044 2619 
3 2116 8716 8044 
3 8716 3110 8349 
3 3110 7967 8349 
3 7967 3110 8716 
3 7282 4591 2619 
3 4591 2116 2619 
3 2116 4591 7967 
3 4591 7282 9193 
3 7967 4591 9193 
3 3888 8900 8044 
3 1156 8900 3888 
3 8044 8900 2619 
3 8900 1156 2619 
3 307 2839 7267 
3 4880 307 6277 
3 5295 7044 8265 
3 5295 7267 7044 
3 7267 5295 5947 
3 5295 9485 5947 
3 9485 1960 8716 
3 1960 9485 2720 
3 8178 468 6691 
3 7913 8178 6691 
3 3589 8178 7913 
3 5360 8178 2016 
3 7716 445 2017 
3 7716 2017 1725 
3 6920 7716 1725 
3 7716 6920 2016 
3 7903 4444 445 
3 7797 9501 8586 
3 9501 7797 5353 
3 787 5553 7503 
3 787 9912 5553 
3 787 8968 3821 
3 9912 787 3821 
3 701 8800 8586 
3 551 701 8586 
3 7797 701 1938 
3 8800 701 7797 
3 8968 139 3821 
3 139 551 3821 
3 551 139 8968 
3 4405 3350 4276 
3 3350 5683 4276 
3 3350 4405 5885 
3 5683 3350 5885 
3 7985 6938 1246 
3 6938 961 1246 
3 961 6938 7985 
3 9676 7985 4405 
3 961 9676 4405 
3 4184 8683 9452 
3 6885 7466 8996 
3 616 6885 8996 
3 6069 8511 714 
3 1650 6069 714 
3 6069 2720 8511 
3 2260 6958 7218 
3 8884 1727 7218 
3 1305 8884 7218 
3 1727 8884 3058 
3 8884 1305 3058 
3 2643 1255 3695 
3 9848 1255 2643 
3 7062 811 3663 
3 986 1487 4883 
3 1475 986 4883 
3 986 1475 1487 
3 5336 6910 219 
3 5336 5970 6910 
3 5406 5336 219 
3 5970 5336 3686 
3 5336 4164 3686 
3 4164 5336 5406 
3 4164 1275 3686 
3 1275 2805 3686 
3 1275 4164 6868 
3 1275 6868 7763 
3 2805 1275 7763 
3 5621 7752 6879 
3 9384 9222 995 
3 5621 4124 5448 
3 4124 4971 1191 
3 4971 4124 6879 
3 4124 5621 6879 
3 4124 609 7846 
3 4124 1191 609 
3 4175 4124 7846 
3 4124 4175 5448 
3 8174 62 8670 
3 9541 6305 2670 
3 3447 9541 2670 
3 5193 3447 2670 
3 2762 5193 2670 
3 6332 5193 2762 
3 7847 6332 2871 
3 7847 3447 6332 
3 2184 5723 3886 
3 2739 5723 2184 
3 7068 4503 4057 
3 3362 7068 4057 
3 7068 3362 4503 
3 4503 152 4057 
3 152 2134 4057 
3 152 4503 7226 
3 2134 152 7226 
3 1214 7758 1259 
3 2396 7758 5666 
3 7758 1214 6800 
3 4541 7758 6800 
3 7758 4541 5666 
3 7758 6461 9534 
3 7758 2396 6461 
3 7979 8280 1312 
3 1901 7979 1312 
3 8280 7979 4175 
3 7979 7758 9534 
3 7979 9534 995 
3 4175 7979 995 
3 3075 1214 1259 
3 3075 331 1214 
3 331 3075 8719 
3 3075 1901 8719 
3 3075 7979 1901 
3 331 1564 1214 
3 62 1564 2611 
3 2611 1564 2311 
3 2311 1564 275 
3 1564 331 275 
3 5644 4152 1312 
3 4152 5644 4142 
3 4152 2563 1312 
3 2563 4152 4142 
3 1149 5644 1312 
3 1149 1312 9987 
3 1054 1149 9987 
3 4142 882 3032 
3 5644 882 4142 
3 1149 882 5644 
3 882 1149 1054 
3 882 6654 3032 
3 6654 882 1054 
3 7122 8941 6940 
3 7122 4805 8941 
3 3387 1890 1060 
3 1890 3387 7245 
3 5700 6693 7165 
3 6693 6622 7165 
3 6693 5700 2933 
3 2567 6693 2933 
3 6693 2567 6622 
3 6622 3933 4173 
3 5723 3933 3886 
3 3933 9751 4173 
3 3933 5723 9751 
3 679 2180 7385 
3 3192 2864 4042 
3 2864 3192 7775 
3 2864 3934 5736 
3 1383 87 6322 
3 87 3159 6322 
3 3159 87 19 
3 87 3934 19 
3 3934 7791 5736 
3 7791 1383 5736 
3 7791 87 1383 
3 9078 4239 5693 
3 5693 4239 5736 
3 4239 2864 5736 
3 7332 9371 1899 
3 9371 4239 9078 
3 5356 2910 5965 
3 5356 4608 2910 
3 4608 5356 5651 
3 6522 6049 3651 
3 6522 8967 6487 
3 8967 6522 3651 
3 6934 6522 6487 
3 6049 1958 3651 
3 1958 8967 3651 
3 1958 6461 8967 
3 5651 8139 6779 
3 7453 8139 5866 
3 9797 5356 5965 
3 5356 9797 5651 
3 9797 8139 5651 
3 625 7453 277 
3 625 277 3613 
3 6190 625 3613 
3 625 6190 7779 
3 625 8139 7453 
3 6779 625 7779 
3 8139 625 6779 
3 885 3499 5748 
3 7399 885 7285 
3 885 5748 7285 
3 4749 5209 7379 
3 5209 797 7379 
3 5209 7237 797 
3 7082 1449 2769 
3 7223 7082 2769 
3 7082 7223 1449 
3 1429 3334 3555 
3 8180 1257 2626 
3 3334 8180 2191 
3 8180 1449 2191 
3 1449 8180 2626 
3 3709 519 2310 
3 8248 3709 2310 
3 3709 8248 519 
3 5998 2647 4840 
3 3528 2647 5998 
3 73 3528 5998 
3 73 2762 2670 
3 73 5998 2762 
3 6526 73 2670 
3 3528 73 6526 
3 9022 1035 1590 
3 9389 9022 1590 
3 8533 9022 9389 
3 8111 2695 6708 
3 2695 9022 6708 
3 9022 2695 1035 
3 2695 7101 1282 
3 1035 2695 1282 
3 8111 5929 861 
3 8667 100 2615 
3 100 3626 4840 
3 5998 100 1769 
3 3626 100 5998 
3 1769 100 4846 
3 4846 100 6895 
3 100 7690 6895 
3 100 8667 7690 
3 9294 7202 9185 
3 7202 5693 9185 
3 7202 1746 5693 
3 9914 9294 7245 
3 9294 4689 5355 
3 8301 4689 1060 
3 4689 8301 5355 
3 9914 4689 9294 
3 4689 9914 7245 
3 4689 3387 1060 
3 3387 4689 7245 
3 3459 8301 8372 
3 7044 3459 8265 
3 3459 3980 8265 
3 3980 3459 8372 
3 3119 9423 2466 
3 9423 137 2466 
3 2839 5338 4880 
3 5338 307 4880 
3 307 5338 2839 
3 6277 8562 6104 
3 307 8562 6277 
3 8562 6940 6104 
3 8562 7267 6940 
3 8562 307 7267 
3 3980 5095 8265 
3 5095 5295 8265 
3 5095 3980 8511 
3 8423 2720 9673 
3 8423 1960 2720 
3 8716 8423 9673 
3 1960 8423 8716 
3 7234 8210 1645 
3 5961 5686 5760 
3 4286 5961 5760 
3 5961 4286 8394 
3 6196 8992 468 
3 8178 6196 468 
3 6196 5360 8992 
3 6196 8178 5360 
3 7530 3589 2016 
3 8178 7530 2016 
3 7530 8178 3589 
3 3589 5925 2016 
3 5925 7716 2016 
3 7716 7490 445 
3 4444 4314 5353 
3 4314 9501 5353 
3 4314 4444 8586 
3 9501 4314 8586 
3 774 701 551 
3 701 774 1938 
3 787 774 8968 
3 1938 774 7503 
3 774 787 7503 
3 2416 6553 1165 
3 2416 5553 8425 
3 5553 2416 1165 
3 5915 2416 8425 
3 2416 5915 6553 
3 697 9370 26 
3 7313 9370 2502 
3 5553 7313 7503 
3 7313 5553 1165 
3 8214 7313 1165 
3 7313 8214 5394 
3 9370 7313 5394 
3 7313 3159 7503 
3 3159 7313 7885 
3 8753 961 7985 
3 9676 8753 7985 
3 8753 9676 961 
3 886 3950 9452 
3 8683 886 9452 
3 886 8683 3950 
3 3950 2446 7881 
3 8683 2446 3950 
3 2446 8683 4184 
3 2446 8605 7881 
3 2446 4184 8605 
3 7585 2986 4496 
3 2986 1355 4496 
3 1355 2986 7585 
3 2862 7585 9611 
3 2862 1355 7585 
3 4479 7256 7466 
3 4479 8459 7256 
3 8459 4479 616 
3 6885 4479 7466 
3 4479 6885 616 
3 6069 1464 2720 
3 6412 1305 7218 
3 6958 6412 7218 
3 6412 6362 1305 
3 6362 6412 3161 
3 6362 3525 8836 
3 3525 6362 3161 
3 6362 2750 1305 
3 1305 2750 3058 
3 2750 5594 6868 
3 2750 7612 3058 
3 2750 6868 7612 
3 811 5812 8303 
3 5812 8655 8303 
3 8655 5812 3555 
3 5812 7062 3555 
3 5812 811 7062 
3 9995 6362 8836 
3 7819 5621 5448 
3 7752 7819 5448 
3 7819 7752 5621 
3 1348 4175 995 
3 9222 1348 995 
3 4175 1348 5448 
3 6937 8174 8670 
3 6937 4541 108 
3 4541 6937 8670 
3 62 6937 108 
3 8174 6937 62 
3 1718 9541 3447 
3 2364 1718 2871 
3 1718 2364 9541 
3 3447 1006 6332 
3 1006 5193 6332 
3 5193 1006 3447 
3 9481 2237 9751 
3 5723 9481 9751 
3 7758 5724 1259 
3 5724 3075 1259 
3 7979 5724 7758 
3 3075 5724 7979 
3 1214 9304 62 
3 9304 1564 62 
3 1564 9304 1214 
3 7476 6630 5947 
3 4805 7476 5947 
3 7122 7476 4805 
3 6018 7122 6940 
3 6630 6018 7267 
3 7476 6018 6630 
3 6018 7476 7122 
3 5466 2567 7385 
3 2567 5466 6622 
3 5466 3933 6622 
3 2180 6912 7385 
3 6912 2180 7775 
3 6912 5466 7385 
3 6912 3192 3886 
3 3192 6912 7775 
3 3933 6912 3886 
3 5466 6912 3933 
3 2180 8631 7775 
3 8631 2864 7775 
3 2864 8631 3934 
3 3934 8631 679 
3 8631 2180 679 
3 87 7368 3934 
3 7368 7791 3934 
3 7791 7368 87 
3 4320 9078 4724 
3 4320 9371 9078 
3 1899 4320 4724 
3 9371 4320 1899 
3 4201 7332 4042 
3 4201 9371 7332 
3 9371 4201 4239 
3 2864 4201 4042 
3 4239 4201 2864 
3 1291 1958 6049 
3 6522 1291 6049 
3 1291 6522 6934 
3 1291 6934 6461 
3 1958 1291 6461 
3 7358 4190 5965 
3 4190 9797 5965 
3 5866 4190 7358 
3 8139 4190 5866 
3 9797 4190 8139 
3 3499 2219 7399 
3 2219 885 7399 
3 885 2219 3499 
3 5209 4964 7237 
3 4964 4749 9309 
3 7237 4964 9309 
3 8954 1429 3555 
3 2643 8954 3555 
3 1257 8954 2643 
3 6008 8180 3334 
3 1429 6008 3334 
3 6008 1429 1257 
3 408 3528 6526 
3 408 2647 3528 
3 408 6526 4140 
3 2647 408 4140 
3 9022 5250 6305 
3 5250 9022 8533 
3 5250 8533 9147 
3 4666 5250 9147 
3 6305 5250 620 
3 5250 4666 620 
3 5078 1513 7101 
3 2695 5078 7101 
3 8979 2695 8111 
3 9022 9203 6708 
3 9038 9203 9022 
3 9541 1251 6305 
3 2364 1251 9541 
3 5869 5929 7393 
3 1402 5869 7393 
3 861 5869 1402 
3 9256 1710 4700 
3 9256 5929 8111 
3 1710 9256 2310 
3 100 7242 2615 
3 2615 7242 4140 
3 7242 2647 4140 
3 2647 7242 4840 
3 7242 100 4840 
3 7202 9189 1746 
3 9189 9294 5355 
3 9189 7202 9294 
3 2720 2421 8511 
3 2421 5095 8511 
3 9485 2421 2720 
3 5295 2421 9485 
3 5095 2421 5295 
3 7944 7234 2720 
3 7944 8210 7234 
3 8210 7944 1016 
3 1645 3146 6066 
3 8210 3146 1645 
3 6066 3146 6629 
3 3146 9410 3349 
3 3146 4049 6629 
3 4049 3146 7349 
3 4323 3146 3349 
3 3146 4323 7349 
3 8779 5925 3589 
3 5925 8779 7716 
3 8779 7490 7716 
3 4087 7903 445 
3 7490 4087 445 
3 8779 4087 7490 
3 4444 4087 5775 
3 7903 4087 4444 
3 4087 3589 5775 
3 4087 8779 3589 
3 2131 551 8968 
3 774 2131 8968 
3 2131 774 551 
3 8214 1745 5394 
3 7313 9825 7885 
3 9825 7313 2502 
3 9825 697 7885 
3 9825 9370 697 
3 9370 9825 2502 
3 1464 6420 3368 
3 2458 6420 1650 
3 6420 6069 1650 
3 6420 1464 6069 
3 6412 2979 3161 
3 2979 6412 6958 
3 3525 7616 5606 
3 2750 1897 5594 
3 1897 2750 6362 
3 9995 1897 6362 
3 1897 9995 7468 
3 9153 7752 5448 
3 2568 9153 5448 
3 9153 2568 7752 
3 7753 1348 9222 
3 7753 9222 9384 
3 2568 7753 9384 
3 7753 2568 5448 
3 1348 7753 5448 
3 1718 832 2871 
3 832 1718 3447 
3 832 7847 2871 
3 7847 832 3447 
3 7267 9644 6940 
3 9644 6018 6940 
3 6018 9644 7267 
3 6881 405 2068 
3 6881 2068 4986 
3 6881 2568 9384 
3 2568 6881 7752 
3 405 6881 6934 
3 6881 9384 6461 
3 6934 6881 6461 
3 7191 6934 6487 
3 7191 405 6934 
3 405 7191 2068 
3 7191 6487 4986 
3 2068 7191 4986 
3 1007 5209 4749 
3 4964 1007 4749 
3 1007 4964 5209 
3 1429 9317 1257 
3 9317 8954 1257 
3 8954 9317 1429 
3 8180 518 1257 
3 518 6008 1257 
3 6008 518 8180 
3 7865 9022 6305 
3 4875 7865 6305 
3 6813 5078 2695 
3 8979 6813 2695 
3 5078 6813 1513 
3 1800 8111 6708 
3 9203 1800 6708 
3 1800 9203 8111 
3 5929 8440 861 
3 8440 5869 861 
3 5869 8440 5929 
3 5929 1651 7393 
3 9256 1651 5929 
3 7393 1651 4700 
3 1461 9203 9038 
3 9203 1461 8111 
3 1461 9256 8111 
3 4875 1461 9038 
3 1461 4875 6305 
3 2310 1461 2871 
3 9256 1461 2310 
3 7966 9189 137 
3 1746 7966 3119 
3 9189 7966 1746 
3 9423 7966 137 
3 3575 9189 5355 
3 9189 3575 137 
3 137 3575 7044 
3 3575 3459 7044 
3 8301 3575 5355 
3 3459 3575 8301 
3 2950 1464 3368 
3 1464 2950 2720 
3 2950 7944 2720 
3 6121 3146 8210 
3 9646 6121 917 
3 6121 8210 1016 
3 1654 6121 8394 
3 6121 1654 917 
3 6121 5961 8394 
3 5961 6121 1016 
3 5961 9684 5686 
3 2909 9684 5961 
3 705 5241 2260 
3 5728 1745 8214 
3 1745 5728 5915 
3 5728 8214 1165 
3 6553 5728 1165 
3 5915 5728 6553 
3 6423 9370 5394 
3 1745 6423 5394 
3 6423 1745 5915 
3 6423 4508 443 
3 6423 443 26 
3 9370 6423 26 
3 4508 6423 8425 
3 6423 5915 8425 
3 9775 2862 9611 
3 4532 5914 1016 
3 5914 5961 1016 
3 5914 2909 5961 
3 7447 7616 3525 
3 210 6572 3161 
3 7616 6475 5606 
3 226 1897 7414 
3 6881 5009 7752 
3 5009 5428 6879 
3 7752 5009 6879 
3 6261 5009 4986 
3 5009 7893 5428 
3 5009 6261 7893 
3 3843 9038 9022 
3 7865 3843 9022 
3 3843 4875 9038 
3 4875 3843 7865 
3 6813 5910 1513 
3 5910 6813 8979 
3 5910 8111 1513 
3 5910 8979 8111 
3 3615 9256 4700 
3 1651 3615 4700 
3 3615 1651 9256 
3 7341 2364 2871 
3 1461 7341 2871 
3 7341 1251 2364 
3 7341 1461 1251 
3 1251 470 6305 
3 470 1461 6305 
3 1461 470 1251 
3 1509 9423 3119 
3 7966 1509 3119 
3 1509 7966 9423 
3 2950 9981 7944 
3 7944 9981 1016 
3 9981 4532 1016 
3 3189 6913 5994 
3 4532 3189 5994 
3 3189 6958 2260 
3 5045 6121 9646 
3 6121 5045 3146 
3 5045 9646 2437 
3 5241 2304 2260 
3 2304 5914 6913 
3 2304 3189 2260 
3 3189 2304 6913 
3 8912 3691 9611 
3 3691 9775 9611 
3 1191 3691 609 
3 609 3691 7846 
3 1355 3691 4496 
3 2714 3691 1191 
3 3691 2714 4496 
3 7685 1727 7745 
3 1727 7685 5935 
3 2545 7232 7745 
3 7232 7699 7745 
3 8445 80 6420 
3 8997 1897 7468 
3 80 8997 7468 
3 8445 8997 80 
3 8997 8445 7414 
3 1897 8997 7414 
3 9995 7892 7468 
3 6913 7193 5994 
3 5914 7193 6913 
3 7193 4532 5994 
3 7193 5914 4532 
3 6572 1954 3161 
3 1954 6572 7616 
3 7447 1954 7616 
3 1954 3525 3161 
3 1954 7447 3525 
3 6572 421 7616 
3 421 6475 7616 
3 5606 8312 3368 
3 6475 8312 5606 
3 8312 210 3368 
3 8312 6475 210 
3 1897 2870 5594 
3 226 2870 1897 
3 1161 6881 4986 
3 5009 1161 4986 
3 1161 5009 6881 
3 8404 210 3161 
3 8404 9981 2950 
3 210 8404 3368 
3 8404 2950 3368 
3 9981 4912 4532 
3 4912 3189 4532 
3 9410 8713 2437 
3 8713 5045 2437 
3 3146 8713 9410 
3 446 5241 2909 
3 446 2304 5241 
3 5914 446 2909 
3 2304 446 5914 
3 9291 3691 1355 
3 3691 9291 9775 
3 2862 9291 1355 
3 9775 9291 2862 
3 7699 9510 7745 
3 9510 7685 7745 
3 7685 9510 7699 
3 7259 7699 7846 
3 3691 7259 7846 
3 8121 616 8996 
3 7846 8121 8996 
3 7699 8121 7846 
3 7232 8121 7699 
3 818 6420 2458 
3 818 8445 6420 
3 4300 80 7468 
3 7892 4300 7468 
3 80 3269 6420 
3 4300 3269 80 
3 3269 4300 7892 
3 4099 6572 210 
3 4099 421 6572 
3 6475 4099 210 
3 421 4099 6475 
3 9981 7398 2979 
3 8404 7398 9981 
3 2979 7398 3161 
3 7398 8404 3161 
3 3189 3127 6958 
3 4912 3127 3189 
3 3127 2979 6958 
3 3127 9981 2979 
3 3127 4912 9981 
3 5045 7959 3146 
3 7959 8713 3146 
3 8713 7959 5045 
3 1065 8912 5935 
3 7259 1065 5935 
3 1065 7259 8912 
3 7685 200 5935 
3 200 7259 5935 
3 7259 200 7685 
3 4205 3691 8912 
3 7259 4205 8912 
3 4205 7259 3691 
3 4366 7685 7699 
3 9178 7232 2545 
3 9178 8121 7232 
3 8459 2142 7256 
3 2142 8121 7256 
3 2142 8459 616 
3 8121 2142 616 
3 8381 5606 3368 
3 6420 8381 3368 
3 3269 8381 6420 
3 8381 9995 8836 
3 7319 7259 7685 
3 4366 7319 7685 
3 7259 7319 7699 
3 7319 4366 7699 
3 5162 2545 7256 
3 5162 9178 2545 
3 8121 5162 7256 
3 9178 5162 8121 
3 8381 524 9995 
3 524 3269 7892 
3 524 8381 3269 
3 8381 2959 5606 
3 3525 2959 8836 
3 2959 3525 5606 
3 3258 7892 9995 
3 524 3258 9995 
3 3258 524 7892 
3 4251 8381 8836 
3 2959 4251 8836 
3 4251 2959 8381 
3 1868 1273 1997 
3 3963 1273 9299 
3 1273 1868 75 
3 1273 598 9299 
3 4065 1273 7430 
3 598 1273 1842 
3 1273 4065 1842 
3 1273 3963 3758 
3 7430 1273 75 
3 811 4664 3695 
3 596 811 1945 
3 5885 811 3792 
3 811 6856 1945 
3 8594 811 3199 
3 811 2336 3199 
3 1255 811 3695 
3 811 8594 3792 
3 6856 811 5885 
3 2336 811 5503 
3 9320 811 8303 
3 811 5473 4664 
3 811 9320 5503 
3 5473 811 596 
3 811 9848 3663 
3 811 1255 9848 
3 9481 6472 6130 
3 4672 9481 8758 
3 9481 4672 6472 
3 2237 9481 6130 
3 8422 9481 7034 
3 8758 9481 8422 
3 9481 2739 7034 
3 9481 5723 2739 
3 9168 5241 2754 
3 5241 8449 5686 
3 5241 1967 4062 
3 8089 5241 5456 
3 5241 705 5456 
3 1967 5241 9168 
3 8449 5241 4062 
3 5241 8089 2754 
3 9684 5241 5686 
3 5241 9684 2909 
3 70 818 3022 
3 818 7323 3022 
3 818 528 1146 
3 9336 818 1146 
3 7323 818 9336 
3 818 70 5594 
3 818 2458 528 
3 2870 818 5594 
3 818 226 7414 
3 8445 818 7414 
3 818 2870 226 
Vertices and facets:
- p7388(v46): -0.037 0.082 0.021
  neighbors: f392 f221 f390 f197 f723 f1916 f1917
- p1146(v25): -0.056 0.084 0.019
  neighbors: f1793 f197 f221 f2608 f2841 f2842 f5322 f5323
- p714(v7): -0.036 0.082  0.02
  neighbors: f3373 f2600 f1793 f698 f197 f699 f374 f1916 f1915 f3371 f4115 f4116
- p4585(v51): -0.057 0.084  0.02
  neighbors: f2107 f2012 f390 f2118 f221 f2825 f2824 f2842 f2844 f3620 f3623
- p670(v81): -0.002 0.055 0.0051
  neighbors: f374 f699 f706 f1220 f1221
- p8826(v44): -0.0014 0.055 0.0037
  neighbors: f374 f1220 f3373 f3374
- p4291(v84): -0.039 0.082 0.022
  neighbors: f387 f388 f392 f390 f391 f1000 f2823 f2824
- p5101(v47): -0.04 0.081 0.023
  neighbors: f388 f394 f387 f939 f937 f408 f1541 f1540 f2382 f2381 f2384 f2385
- p7264(v18): -0.043 0.082 0.023
  neighbors: f734 f387 f394 f1001 f1000 f1011 f2463 f2797 f2798
- p2306(v23): -0.038 0.081 0.022
  neighbors: f1226 f391 f388 f408 f729 f1943 f1945
- p2329(v83): -0.038 0.081 0.022
  neighbors: f392 f723 f391 f729 f1228 f1229
- p1868(v85): -0.041 0.081 0.023
  neighbors: f734 f394 f733 f938 f939 f5269 f5271
- p9890(v88): -0.039 0.081 0.023
  neighbors: f408 f1946 f1546 f1945 f2381 f2383
- p2886(v98): -0.06 0.013 0.013
  neighbors: f459 f2909 f2939 f2177 f2908 f2938 f2945 f2946
- p7226(v54): -0.06 0.012 0.015
  neighbors: f2419 f459 f2417 f3679 f2918 f1657 f2938 f3691 f4217 f4218
- p8303(v26): -0.06 0.013 0.016
  neighbors: f2177 f3194 f459 f2417 f2912 f4604 f4605 f5290
- p6879(v108): -0.056 0.012 -0.02
  neighbors: f917 f915 f518 f838 f2370 f2368 f4174 f4182 f4181 f5040 f5041
- p9173(v78): -0.055 0.064 -0.023
  neighbors: f927 f915 f1879 f518 f1196 f1205 f1197 f1204 f1814 f1878 f2618 f2625 f2626
- p2057(v16): -0.056 0.063 -0.023
  neighbors: f518 f1822 f927 f1826 f1805 f1824 f1821 f2696 f2369 f2368 f2702 f2701 f3448 f3449
- p9464(v134): -0.039 0.063 -0.023
  neighbors: f682 f656 f681 f1154 f1172 f1186 f1187
- p5317(v74): -0.04 0.063 -0.023
  neighbors: f682 f662 f919 f656 f1522 f1524
- p2437(v6): -0.039 0.067 -0.023
  neighbors: f656 f662 f1154 f1177 f1139 f1150 f1148 f1173 f1828 f5082 f5163 f5164
- p5760(v135): -0.04 0.066 -0.023
  neighbors: f1869 f662 f1149 f1148 f1524 f1874 f1523 f1771 f1868 f1873 f4487 f4488
- p6117(v139): -0.0099 0.0029 -0.012
  neighbors: f918 f680 f681 f682 f919 f1185 f1864 f1865
- p6247(v77): -0.01 0.0024 -0.012
  neighbors: f1180 f680 f1861 f2638 f1494 f1864 f2636 f2639 f2640
- p2195(v21): -0.053 0.0087 -0.019
  neighbors: f1862 f680 f918 f838 f917 f2163 f2161 f2636 f2637
- p1403(v41): -0.0096 0.0039 -0.012
  neighbors: f681 f1185 f1186
- p8300(v143): -0.0022 0.055 0.0055
  neighbors: f698 f699 f706 f707
- p2243(v12): -0.0026 0.055 0.0064
  neighbors: f698 f707 f1915 f2665 f2666
- p443(v144): -0.0013 0.055 0.0049
  neighbors: f1221 f2665 f1217 f706 f707 f718 f4987 f4988
- p7770(v146): -0.0001 0.052 0.0015
  neighbors: f2999 f1217 f1887 f718 f1889 f1216 f1895 f2997 f1894 f1888 f3967 f3968
- p26(v82): -0.00039 0.052 0.003
  neighbors: f3795 f718 f1896 f3793 f1894 f3791 f3789 f4535 f4988 f4989
- p4063(v147): -0.0037 0.055 0.0083
  neighbors: f1917 f1913 f723 f1228 f2653 f2655
- p4974(v148): -0.0055 0.054  0.01
  neighbors: f1900 f729 f1226 f1229 f1905 f2646 f2647
- p2671(v149): -0.047 0.082 0.023
  neighbors: f733 f734 f1011 f3575 f3576
- p1997(v34): -0.049 0.081 0.023
  neighbors: f733 f3575 f5269
- p6580(v157): -0.059 0.083 0.012
  neighbors: f776 f1309 f3492 f3487 f3484 f2758 f3519 f3521
- p3789(v91): -0.06 0.082 0.018
  neighbors: f3476 f776 f3192 f1326 f3480 f2722 f1309 f2059 f3191 f2721 f2780 f3478 f3550 f3551
- p419(v9): -0.059 0.083 0.021
  neighbors: f2759 f2089 f2818 f3178 f776 f3167 f2020 f3168 f1577 f2817 f3165 f3162 f2758 f3188 f3191
- p5428(v170): -0.054 0.0086 -0.019
  neighbors: f838 f2161 f2160 f2896 f2162 f5040 f5044
- p4022(v181): -0.059 0.016 -0.018
  neighbors: f901 f903 f1507 f1508
- p7846(v58): -0.059 0.013 -0.018
  neighbors: f4185 f4183 f903 f3688 f901 f3687 f5183 f5096 f5182 f5189 f5190
- p8996(v30): -0.06 0.061 -0.02
  neighbors: f1507 f1511 f901 f4109 f4108 f5188 f5189
- p3734(v107): -0.06 0.013 -0.017
  neighbors: f3443 f2360 f903 f2175 f1509 f2183 f2174 f1515 f1508 f2359 f3442 f3686 f3687
- p9275(v184): -0.053 0.011 -0.02
  neighbors: f919 f915 f1875 f917 f918 f1522 f1521 f1878 f2643 f2644
- p7829(v186): -0.056 0.066 -0.023
  neighbors: f1817 f927 f1196 f1195 f1816 f1821 f1823
- p4036(v188): -0.041 0.076 0.023
  neighbors: f939 f937 f938 f1535 f1536
- p2744(v113): -0.04 0.071 0.023
  neighbors: f1536 f937 f1540 f1682 f2503 f2504
- p75(v4): -0.041 0.076 0.023
  neighbors: f938 f1535 f1681 f2501 f5271 f5279
- p7399(v191): -0.059  0.06 0.021
  neighbors: f1554 f949 f1553 f3874 f1641 f1558 f1640 f4360 f4706 f4707
- p7089(v61): -0.059 0.063 0.021
  neighbors: f1582 f1558 f3172 f949 f2396 f1577 f2394 f3167 f3170 f3879 f3880
- p1181(v5): -0.059 0.013 0.018
  neighbors: f1586 f1656 f1582 f949 f1637 f1640 f2414 f2418
- p1881(v198): -0.058 0.065 0.022
  neighbors: f1029 f1612 f1647 f989 f1619 f1646 f3226 f3228
- p706(v197): -0.056 0.067 0.023
  neighbors: f2472 f1607 f989 f1647 f3211 f3212
- p595(v116): -0.057 0.069 0.023
  neighbors: f989 f1607 f1612 f2438 f2436 f3903 f3904
- p7749(v200): -0.043 0.082 0.023
  neighbors: f2823 f1001 f999 f1000 f3579 f3581
- p9667(v199): -0.045 0.082 0.023
  neighbors: f1001 f999 f2086 f2085 f2463 f2464
- p4860(v117): -0.048 0.082 0.023
  neighbors: f999 f3568 f2085 f3565 f3564 f3567 f3581 f3582
- p1554(v202): -0.051 0.082 0.023
  neighbors: f2797 f1011 f3576 f3577
- p9150(v203): -0.055 0.067 0.023
  neighbors: f1013 f1630 f2470 f2814 f2815
- p9299(v64): -0.055 0.066 0.023
  neighbors: f1687 f1533 f1013 f1532 f2470 f5270 f5272
- p1766(v17): -0.056 0.064 0.023
  neighbors: f2467 f1630 f1648 f1013 f1532 f2465 f3274 f3275
- p7393(v205): -0.058 0.012 0.019
  neighbors: f1021 f1649 f1639 f1646 f1029 f1638 f4754 f4752 f4928 f4930
- p4369(v122): -0.059 0.011 0.018
  neighbors: f1638 f1637 f1021 f1653 f1656
- p4700(v67): -0.059 0.011 0.018
  neighbors: f3239 f1021 f1653 f3908 f4758 f4930 f5054 f5055
- p8780(v33): -0.058 0.063 0.022
  neighbors: f1641 f1029 f1619 f2448 f1553 f1613 f1639 f2447 f3155 f3156
- p4846(v206): -0.059 0.011 0.017
  neighbors: f3240 f3923 f1658 f1033 f3922 f4426 f4427
- p3032(v173): -0.06 0.012 0.015
  neighbors: f2919 f1658 f2918 f1033 f2364 f1657 f2978 f3866 f3139 f4259 f4263
- p6895(v28): -0.059 0.011 0.014
  neighbors: f1033 f2979 f2970 f1417 f2972 f2978 f2964 f2969 f2971 f4427 f4428
- p473(v208): -0.011 0.0031 0.012
  neighbors: f1041 f2490 f2492
- p6426(v60): -0.04 0.064 0.023
  neighbors: f1552 f1938 f1937 f1041 f1237 f2507 f2492 f1551 f2505 f3267 f3268
- p1282(v19): -0.0095 0.0023 0.012
  neighbors: f3258 f1041 f1932 f2490 f1237 f3261 f3256 f3260 f4407 f4408
- p5293(v210): -0.048 0.00054 0.0093
  neighbors: f1052 f3293 f2875 f2874 f3292 f3302 f3303
- p2670(v124): -0.048 0.00047 0.014
  neighbors: f4193 f2147 f1052 f4196 f2881 f4192 f3293 f4194 f4390 f4392
- p6894(v15): -0.047 0.00031 -0.0047
  neighbors: f2874 f2148 f2147 f1052 f3825 f3826
- p8605(v222): -0.057 0.072 -0.023
  neighbors: f1825 f1136 f1824 f3448 f4556 f4557
- p7881(v130): -0.057  0.08 -0.023
  neighbors: f1803 f1136 f3455 f2616 f1279 f1802 f2613 f3453 f4553 f4556
- p1721(v59): -0.056 0.074 -0.023
  neighbors: f1136 f1802 f1825 f1827
- p9410(v223): -0.039 0.068 -0.023
  neighbors: f1139 f4797 f5163 f5165
- p3349(v72): -0.039  0.07 -0.023
  neighbors: f1177 f1139 f4797 f4803
- p1654(v225): -0.04 0.067 -0.023
  neighbors: f1148 f1149 f1150 f4969 f4970
- p8394(v39): -0.04 0.071 -0.023
  neighbors: f1771 f4489 f1149 f4969 f4971
- p917(v132): -0.04 0.071 -0.023
  neighbors: f1828 f1150 f4967 f4970
- p4296(v226): -0.039 0.064 -0.023
  neighbors: f1154 f1172 f1173
- p6320(v228): -0.0075 0.052 -0.011
  neighbors: f1851 f1839 f1847 f1843 f1164 f1849 f1854 f1857
- p6066(v224): -0.0082 0.053 -0.011
  neighbors: f1857 f1164 f4794 f4796
- p6629(v38): -0.0077 0.051 -0.011
  neighbors: f1839 f1164 f4796 f4799
- p4323(v229): -0.008 0.0041 -0.011
  neighbors: f1169 f1187 f1177 f1172 f1173 f3120 f1845 f1844 f3119 f4803 f4804
- p8984(v137): -0.007 0.0064 -0.011
  neighbors: f1845 f1834 f1849 f1169 f1843 f1848 f2627 f2628
- p5638(v11): -0.0063 0.0026 -0.01
  neighbors: f2632 f1169 f1834 f2631 f2225 f3119 f2220 f3127 f3128
- p9511(v230): -0.047 0.0035 -0.017
  neighbors: f1180 f1861 f1863
- p4519(v138): -0.046 0.0017 -0.016
  neighbors: f1180 f1863 f1494 f1390 f1492 f1862 f2163 f2164
- p1558(v231): -0.0086 0.0025 -0.011
  neighbors: f2340 f1187 f1186 f2642 f1185 f1865 f2641 f3118 f3120
- p3431(v233): -0.056  0.07 -0.023
  neighbors: f1196 f1195 f2618 f1819 f2623 f2624
- p9071(v31): -0.056 0.075 -0.023
  neighbors: f1195 f1816 f1819
- p9168(v234): -0.054 0.064 -0.023
  neighbors: f1197 f1871 f1876 f1879 f1881 f5308 f5313
- p2754(v142): -0.055 0.065 -0.023
  neighbors: f1197 f1205 f1884 f5308 f5315
- p2075(v235): -0.055 0.068 -0.023
  neighbors: f1809 f1205 f1204 f1884 f1883 f2610 f2611
- p6265(v141): -0.055  0.07 -0.023
  neighbors: f1204 f1809 f1814
- p7121(v238): -0.001 0.055 0.0033
  neighbors: f1216 f1217 f1221 f1220 f3374 f3375
- p934(v43): -0.00042 0.055 0.00086
  neighbors: f3376 f1216 f1779 f3375 f3968 f3969
- p4554(v240): -0.0065 0.054 0.011
  neighbors: f1900 f1226 f1899 f1943 f1944
- p8298(v241): -0.0048 0.055 0.0093
  neighbors: f1228 f1229 f1905 f2653 f2654
- p1287(v243): -0.01 0.0045 0.012
  neighbors: f1237 f1932 f1937
- p1174(v248): -0.059 0.083 -0.017
  neighbors: f2765 f1266 f1973 f3490 f3522 f3523
- p3058(v155): -0.059 0.083 -0.018
  neighbors: f2766 f1987 f1960 f2765 f1959 f1266 f4141 f2760 f2756 f4140 f4598 f4600
- p2555(v90): -0.06 0.082 -0.017
  neighbors: f2051 f1266 f1973 f1959 f2060 f2050 f1958 f2042 f2049 f2058 f2712 f2713
- p1727(v250): -0.058 0.081 -0.021
  neighbors: f1960 f1279 f4140 f3459 f1957 f3454 f3453 f3458 f4138 f5101 f5103
- p7218(v71): -0.057 0.082 -0.022
  neighbors: f1279 f4139 f2613 f4121 f4138 f4576 f4577
- p7612(v251): -0.058 0.084 -0.017
  neighbors: f1988 f1282 f3598 f1987 f3559 f2788 f3558 f2748 f3552 f3593 f4600 f4601
- p2094(v249): -0.059 0.083 -0.015
  neighbors: f1282 f1988 f2727 f2019 f2726 f2762 f3516 f3517
- p5515(v24): -0.059 0.084 -0.012
  neighbors: f2728 f1282 f2726 f2788 f3560 f3562
- p1368(v256): -0.06 0.083  0.01
  neighbors: f1309 f2721 f3483 f3484
- p3725(v260): -0.06 0.082 0.005
  neighbors: f1326 f2066 f2072 f2065 f2070 f3476 f3477
- p4999(v160): -0.06 0.082 0.0049
  neighbors: f1326 f2059 f2054 f2069 f2070
- p8079(v272): -0.046 0.0018 -0.016
  neighbors: f1390 f1391 f2160 f2164 f2162 f2897 f2898
- p3596(v40): -0.046 0.001 -0.016
  neighbors: f1391 f2903 f2334 f1390 f1399 f1492 f2333 f2348 f2902 f3859 f3860
- p4986(v169): -0.049 0.0032 -0.017
  neighbors: f1399 f1391 f3661 f2897 f4901 f4891 f4900 f5043 f5149 f5150
- p6487(v273): -0.049 0.0029 -0.016
  neighbors: f4331 f4333 f1399 f2903 f4897 f4900
- p9415(v277): -0.059 0.011 0.012
  neighbors: f1417 f2962 f2964
- p7690(v166): -0.059 0.011 0.013
  neighbors: f2962 f1417 f2961 f3951 f4428 f4429
- p1938(v284): -0.0029 0.0032 0.0079
  neighbors: f1460 f2281 f4066 f2280 f3059 f4513 f4515
- p7503(v176): -0.0022 0.003 0.0068
  neighbors: f3749 f1460 f3071 f3033 f2255 f4516 f4515 f3748 f4060 f4540 f4545
- p1725(v104): -0.0043 0.0021 0.0089
  neighbors: f2255 f3029 f2280 f1460 f3027 f4044 f4046
- p8422(v286): -0.011 0.0002 -0.0075
  neighbors: f1471 f3094 f3095 f5302 f5303
- p7034(v177): -0.0043 0.0002 -0.004
  neighbors: f1471 f3764 f3766 f5302 f5304
- p3120(v105): -0.0085 0.0002 -0.0083
  neighbors: f3076 f3765 f1471 f3095 f3764 f3816 f3817
- p3711(v289): -0.0098 0.0019 -0.011
  neighbors: f1492 f2340 f1494 f2334 f2639 f2641
- p2436(v291): -0.06 0.061 -0.02
  neighbors: f1507 f1508 f1509 f1511 f2354 f3134 f3135
- p1246(v252): -0.06 0.062 -0.019
  neighbors: f2689 f2353 f1509 f2354 f3443 f4089 f4090
- p7466(v253): -0.06 0.077 -0.02
  neighbors: f1956 f2015 f1511 f1951 f3136 f3134 f4108 f4566 f4569
- p8594(v292): -0.06 0.016 -0.016
  neighbors: f1515 f2357 f2359 f5284 f5287
- p3199(v8): -0.06 0.013 -0.013
  neighbors: f1515 f2174 f5284 f5285
- p3854(v294): -0.043 0.063 -0.023
  neighbors: f1521 f1522 f1523 f1524
- p9794(v42): -0.044 0.064 -0.023
  neighbors: f1523 f1521 f1871 f1868 f1875 f1876
- p8468(v296): -0.054 0.064 0.023
  neighbors: f1679 f2374 f1530 f1533 f1532 f3273 f3274
- p1842(v209): -0.041 0.064 0.023
  neighbors: f1688 f1679 f3269 f1530 f3267 f2507 f3283 f5276 f5277
- p6359(v187): -0.054 0.064 0.023
  neighbors: f1533 f1530 f1687 f1688
- p525(v297): -0.041 0.076 0.023
  neighbors: f1536 f1535 f1681 f1682
- p8940(v298): -0.04 0.069 0.023
  neighbors: f1540 f1541 f2503 f2506
- p654(v189): -0.04 0.067 0.023
  neighbors: f2386 f1541 f1551 f2384 f2505 f2506
- p7186(v300): -0.039 0.069 0.023
  neighbors: f1546 f1551 f2386 f2383 f1552 f2375 f2382 f2385 f3149 f3150
- p9947(v245): -0.0076 0.053 0.011
  neighbors: f1946 f1942 f1940 f1546 f2375 f3145 f3146
- p416(v299): -0.039 0.063 0.023
  neighbors: f1552 f1938 f3149 f3151
- p8514(v301): -0.058 0.065 0.021
  neighbors: f1553 f1554 f3156 f3154 f3163 f3164
- p7285(v114): -0.058 0.068 0.021
  neighbors: f1554 f3163 f4360 f4361
- p7470(v302): -0.059 0.063 0.021
  neighbors: f2395 f1558 f2394 f3873 f3874
- p8972(v306): -0.059 0.082 0.021
  neighbors: f2398 f2396 f1577 f3162 f3870 f3871
- p638(v307): -0.059 0.059  0.02
  neighbors: f3210 f3209 f3187 f1582 f1586 f2415 f3186 f3878 f3879
- p3964(v308): -0.06 0.015 0.018
  neighbors: f1586 f2414 f2415
- p5634(v313): -0.056 0.068 0.023
  neighbors: f3211 f1607 f3902 f3903
- p1634(v314): -0.057 0.073 0.023
  neighbors: f1612 f2436 f2435 f3225 f3223 f3226 f3227
- p5198(v315): -0.058 0.066 0.022
  neighbors: f1613 f2444 f2447
- p4159(v193): -0.058  0.08 0.022
  neighbors: f2442 f1613 f3155 f3153 f2444 f2445 f3160 f3166
- p3635(v316): -0.058 0.069 0.022
  neighbors: f2448 f1619 f2446 f3228 f3229
- p1327(v319): -0.055 0.069 0.023
  neighbors: f2816 f1630 f2815 f2465 f3231 f3233
- p4569(v321): -0.059 0.013 0.019
  neighbors: f1637 f1638 f1639 f1640 f1641
- p2321(v323): -0.056 0.064 0.023
  neighbors: f1646 f1647 f1648 f1649 f2473 f1652 f2467 f2472 f3234 f3236
- p1402(v322): -0.057 0.014  0.02
  neighbors: f1648 f1649 f3275 f4754 f4755
- p6728(v312): -0.056 0.073 0.023
  neighbors: f2475 f1652 f2473 f3221 f3222
- p3816(v119): -0.055 0.079 0.023
  neighbors: f1652 f3221 f3232 f3220 f2806 f3235 f3234 f3905 f3906
- p3967(v324): -0.059 0.011 0.018
  neighbors: f1653 f2419 f1658 f1656 f1657 f2418 f3239 f3240
- p4331(v327): -0.052 0.064 0.023
  neighbors: f2374 f2373 f1679 f3269 f3270
- p6058(v328): -0.041 0.068 0.023
  neighbors: f2504 f1681 f1682 f2501 f3282 f3284
- p598(v329): -0.053 0.065 0.023
  neighbors: f1687 f1688 f5272 f5276
- p731(v338): -0.0051 0.0085 -0.0098
  neighbors: f2552 f1737 f2227 f2551 f2565 f3340 f3342
- p5603(v337): -0.0052 0.048 -0.0099
  neighbors: f1743 f1737 f2553 f2552 f2566 f2567
- p2006(v215): -0.0052 0.048 -0.0099
  neighbors: f1737 f2565 f2566
- p8044(v339): -0.0041 0.052 -0.009
  neighbors: f1743 f2559 f3987 f2567 f3986 f3996 f3998
- p9673(v20): -0.0054 0.054 -0.01
  neighbors: f1743 f2554 f2553 f1796 f2559 f1852 f3366 f3365 f4470 f4472
- p4286(v343): -0.04 0.069 -0.023
  neighbors: f1771 f4488 f4489
- p3508(v345): -0.001 0.056 -0.0005
  neighbors: f2602 f1779 f2595 f2599 f3372 f3376
- p8372(v341): -0.00019 0.054 -0.001
  neighbors: f2599 f3969 f1779 f4449 f4452
- p1650(v346): -0.039 0.084 -0.018
  neighbors: f3604 f2608 f1793 f4116 f4849 f4851
- p2844(v347): -0.0057 0.052 -0.01
  neighbors: f2555 f1796 f2554 f3384 f3385
- p9085(v220): -0.0059 0.053 -0.01
  neighbors: f1853 f2634 f1852 f1796 f1798 f3383 f3385
- p1635(v348): -0.0061  0.05 -0.01
  neighbors: f1798 f1838 f2634 f2635
- p3856(v70): -0.0066 0.052 -0.011
  neighbors: f1851 f1838 f1798 f1854 f1850 f1853 f2629 f2630
- p6611(v349): -0.056 0.077 -0.023
  neighbors: f1802 f1803 f1805 f1826 f1827
- p132(v221): -0.056 0.078 -0.023
  neighbors: f2617 f1805 f1823 f1803 f1817 f1822 f2616 f2621 f2622
- p9610(v350): -0.055  0.08 -0.023
  neighbors: f2617 f1814 f2611 f1809 f2621 f2625
- p77(v351): -0.056 0.076 -0.023
  neighbors: f1816 f1817 f1819 f2622 f2623
- p42(v352): -0.056 0.066 -0.023
  neighbors: f1821 f1822 f1823
- p1716(v353): -0.056 0.072 -0.023
  neighbors: f1824 f1825 f1826 f1827
- p9646(v354): -0.04 0.068 -0.023
  neighbors: f1828 f4967 f5080 f5082
- p3093(v355): -0.0062 0.0056 -0.01
  neighbors: f1838 f2630 f1834 f2628 f2632 f2635
- p4049(v356): -0.0077 0.048 -0.011
  neighbors: f1839 f1847 f1846 f4799 f4802
- p4068(v357): -0.0075 0.0069 -0.011
  neighbors: f1843 f1844 f1845 f1846 f1847
- p7349(v75): -0.0077 0.0096 -0.011
  neighbors: f1846 f1844 f4802 f4804
- p5703(v358): -0.0072 0.049 -0.011
  neighbors: f1848 f1849 f1850 f1851
- p4649(v227): -0.0067 0.048 -0.011
  neighbors: f1850 f1848 f2627 f2629
- p1645(v359): -0.0061 0.054 -0.01
  neighbors: f1852 f1853 f1854 f1857 f3365 f4477 f4794 f4795
- p2752(v360): -0.049 0.005 -0.018
  neighbors: f1863 f1861 f1862 f2637 f2638
- p9922(v361): -0.0097 0.0026 -0.012
  neighbors: f1864 f1865 f2640 f2642
- p1967(v362): -0.045 0.065 -0.023
  neighbors: f1868 f1869 f1871 f5310 f5313
- p4062(v232): -0.042 0.066 -0.023
  neighbors: f1869 f1874 f5310 f5314
- p8449(v363): -0.041 0.068 -0.023
  neighbors: f1873 f1874 f5309 f5314
- p5686(v218): -0.041 0.075 -0.023
  neighbors: f1873 f4487 f4974 f5309 f5316
- p4077(v364): -0.049 0.064 -0.023
  neighbors: f1875 f1876 f1881 f2643 f2645
- p2579(v365): -0.053 0.064 -0.023
  neighbors: f1878 f1879 f1881 f2644 f2645
- p8089(v366): -0.055 0.067 -0.023
  neighbors: f1883 f1884 f5311 f5315
- p5456(v79): -0.054 0.079 -0.023
  neighbors: f1883 f2610 f3378 f5311 f5312
- p5761(v367): -6.6e-05 0.007 0.0012
  neighbors: f1887 f2996 f2997
- p439(v236): -4.2e-05 0.0061 0.00099
  neighbors: f1888 f1887 f2233 f2995 f2996
- p6471(v368): -2.8e-05 0.049 0.0007
  neighbors: f1888 f1889 f2233 f2234
- p1885(v237): -7.1e-06 0.052 0.00033
  neighbors: f1889 f3006 f3005 f2234 f3966 f3967
- p5972(v370): -0.00035 0.052 0.0029
  neighbors: f1894 f1895 f1896 f3069 f3796 f3797
- p816(v239): -0.0002  0.05 0.0022
  neighbors: f2999 f1895 f2998 f3068 f3069
- p5535(v369): -0.00038  0.05 0.003
  neighbors: f1896 f3795 f3796
- p7913(v371): -0.0056 0.054  0.01
  neighbors: f1899 f1900 f2646 f3387 f4038 f4039
- p6691(v48): -0.0066 0.053 0.011
  neighbors: f1899 f1940 f1944 f2679 f1925 f1942 f2680 f4036 f4038
- p9866(v372): -0.0048 0.054 0.0095
  neighbors: f1905 f2647 f2654 f2656
- p3852(v373): -0.0035 0.055 0.0081
  neighbors: f1917 f1913 f1916 f1915 f2662 f2666
- p8586(v242): -0.0033 0.053 0.0083
  neighbors: f1913 f4056 f3416 f3399 f3419 f2655 f2662 f4065 f4064 f4509 f4510
- p468(v375): -0.0063 0.0064 0.011
  neighbors: f1925 f1926 f3431 f3430 f4036 f4491 f4492
- p9986(v151): -0.0066 0.0039 0.011
  neighbors: f1926 f1925 f2378 f1929 f2681 f2679 f3142 f3143
- p2016(v244): -0.0054 0.0036  0.01
  neighbors: f1929 f4042 f4047 f3430 f1926 f4496 f4495 f4498 f4499
- p6920(v376): -0.0073 0.0025 0.011
  neighbors: f1929 f3011 f3259 f1932 f1938 f1937 f3030 f3152 f2378 f3010 f3029 f3151 f3258 f4046 f4047
- p202(v377): -0.0068 0.051 0.011
  neighbors: f3142 f1940 f2681 f2680 f3145 f3147
- p7694(v378): -0.0073 0.054 0.011
  neighbors: f1942 f1943 f1944 f1945 f1946
- p4276(v379): -0.06 0.063 -0.018
  neighbors: f1955 f1949 f2683 f3437 f4085 f4086
- p3792(v106): -0.06 0.057 -0.018
  neighbors: f1949 f2358 f2357 f2682 f2683 f5282 f5287
- p3929(v57): -0.06 0.062 -0.018
  neighbors: f1949 f1955 f2360 f2687 f2358 f3439 f3442
- p4405(v380): -0.06 0.081 -0.018
  neighbors: f1951 f1960 f4087 f2687 f1955 f1956 f1957 f1958 f1959 f2690 f3440 f4085 f4092 f4093
- p7511(v156): -0.06 0.077 -0.019
  neighbors: f2690 f1951 f2353 f2689 f3136 f3137
- p7745(v154): -0.059  0.08 -0.021
  neighbors: f1957 f3464 f2015 f1956 f5108 f5101 f5107 f5175 f5176
- p5885(v246): -0.06  0.08 -0.018
  neighbors: f2049 f1958 f2682 f3435 f4087 f4088 f5282 f5288
- p3036(v382): -0.06 0.083 -0.014
  neighbors: f1982 f1973 f2722 f3479 f2713 f2718 f3478 f3490 f3491
- p1978(v383): -0.059 0.083 -0.0094
  neighbors: f3488 f1982 f3485 f3489 f3491
- p6791(v158): -0.06 0.083 -0.011
  neighbors: f1982 f2718 f3485 f3486
- p8437(v384): -0.059 0.083 -0.016
  neighbors: f2019 f1988 f1987 f2755 f2756
- p7763(v388): -0.057 0.084 -0.018
  neighbors: f2012 f3612 f3610 f3623 f4167 f4168
- p5674(v265): -0.057 0.084 -0.0074
  neighbors: f2012 f2107 f3612 f3614
- p7256(v389): -0.059 0.077 -0.02
  neighbors: f2015 f4567 f3464 f4566 f5237 f5236 f5251 f5253
- p3506(v390): -0.059 0.083 0.019
  neighbors: f2021 f2020 f2759 f2019 f2755 f2762 f3514 f3515
- p4883(v93): -0.058 0.084  0.02
  neighbors: f2021 f2819 f3552 f2020 f3594 f2077 f2817 f3555 f3593 f4150 f4151
- p4663(v161): -0.059 0.084 0.016
  neighbors: f2078 f2021 f2074 f2077 f3512 f3514
- p2643(v394): -0.06 0.081 0.018
  neighbors: f2037 f3533 f3538 f3549 f3537 f3548 f3897 f4144 f4143 f4715 f4716
- p4664(v257): -0.06 0.081 0.014
  neighbors: f2037 f3541 f3529 f3547 f3548 f5280 f5291
- p3695(v27): -0.06 0.081 0.017
  neighbors: f2037 f4143 f5280 f5286
- p5286(v395): -0.06 0.082 -0.012
  neighbors: f2042 f2046 f2058 f3540 f3539 f3544 f3545
- p417(v258): -0.06 0.081 -0.016
  neighbors: f2050 f2046 f2042 f2048 f3526 f3527
- p1888(v393): -0.06 0.081 0.0053
  neighbors: f3527 f3530 f2046 f3529 f3525 f3539 f3541
- p6856(v396): -0.06 0.081 -0.017
  neighbors: f2048 f2049 f2050 f5283 f5288
- p1945(v153): -0.06 0.081 -0.015
  neighbors: f2048 f3524 f3526 f5281 f5283
- p7515(v397): -0.06 0.082 -0.016
  neighbors: f2051 f2052 f2060 f2061
- p8361(v49): -0.06 0.082 -0.013
  neighbors: f2052 f2072 f2051 f2071 f2065 f2712 f2714
- p2128(v259): -0.06 0.082 -0.0052
  neighbors: f2052 f2061 f2054 f2069 f2071
- p9391(v398): -0.06 0.082 0.016
  neighbors: f2054 f2061 f2060 f2059 f2058 f3544 f3550
- p2884(v399): -0.06 0.082 -0.012
  neighbors: f2065 f2066 f2714 f2715
- p1444(v255): -0.06 0.082 -0.0092
  neighbors: f2715 f2066 f3477 f3481 f3482
- p1494(v400): -0.06 0.082 0.0012
  neighbors: f2069 f2070 f2071 f2072
- p4265(v401): -0.059 0.084 0.004
  neighbors: f3513 f2074 f2729 f2728 f3512 f3562 f3563
- p8692(v261): -0.059 0.084 0.013
  neighbors: f2074 f2790 f2078 f3561 f3563
- p6372(v402): -0.059 0.084 0.014
  neighbors: f2077 f2078 f2790 f3555 f3556
- p9101(v403): -0.055 0.082 0.023
  neighbors: f2794 f2793 f2805 f2085 f2086 f2803 f3567 f3569
- p6046(v318): -0.047 0.082 0.023
  neighbors: f2086 f2464 f2794 f2795
- p9754(v404): -0.058 0.084 0.021
  neighbors: f2089 f2090 f2825 f2118 f2837 f2835 f2822 f2818 f3583 f3585
- p7429(v62): -0.057 0.081 0.023
  neighbors: f3166 f3165 f2802 f2435 f2090 f2442 f2089 f3219 f3217 f3223 f3224
- p3315(v262): -0.056 0.083 0.022
  neighbors: f3566 f2793 f2803 f2090 f2822 f2802 f3564 f3580 f3582
- p5117(v406): -0.057 0.084 0.0043
  neighbors: f2846 f2107 f2844 f3613 f3614
- p5694(v407): -0.057 0.084 -0.016
  neighbors: f2109 f2110 f3602 f3601 f3608 f3609
- p756(v263): -0.057 0.084 0.017
  neighbors: f2840 f2839 f2110 f2109 f2843 f2845
- p2171(v95): -0.057 0.084 -0.013
  neighbors: f2846 f2845 f2109 f3609 f3613
- p3022(v163): -0.057 0.084 -0.013
  neighbors: f2839 f2110 f3601 f5320 f5321
- p3686(v408): -0.057 0.084 0.019
  neighbors: f4162 f3586 f3585 f2118 f3620 f3615 f4161 f4164 f4165
- p2611(v412): -0.057 0.0088 -0.013
  neighbors: f2144 f3642 f4245 f4247
- p2311(v410): -0.059  0.01 -0.0086
  neighbors: f2960 f2957 f3949 f2144 f3947 f3287 f4247 f4248
- p157(v165): -0.058  0.01 0.011
  neighbors: f2522 f2144 f3642 f3296 f3641 f3949 f3950
- p620(v413): -0.047 0.0002 0.014
  neighbors: f2147 f2148 f2149 f3656 f2881 f3655 f3732 f3738 f4734 f4735
- p6472(v270): -0.047 0.0002 -0.0095
  neighbors: f3093 f2149 f2148 f3826 f3827 f5298 f5300
- p6130(v213): -0.046 0.0002 0.014
  neighbors: f2149 f3655 f5298 f5301
- p8703(v414): -0.05 0.0049 -0.018
  neighbors: f2160 f2896 f2898
- p1679(v415): -0.047 0.0025 -0.017
  neighbors: f2161 f2162 f2163 f2164
- p2336(v417): -0.06 0.013 -0.013
  neighbors: f2172 f2175 f2174 f2905 f2906 f5285 f5289
- p5503(v274): -0.06 0.013 -0.0011
  neighbors: f2172 f2913 f5289 f5292
- p4413(v171): -0.06 0.013 -0.0064
  neighbors: f2172 f2910 f2905 f2913 f2914
- p6009(v275): -0.06 0.012 -0.012
  neighbors: f3663 f2906 f2175 f2183 f3671 f3677 f3678
- p9586(v418): -0.06 0.013 0.0064
  neighbors: f2910 f2177 f2909 f2912 f2914
- p8949(v420): -0.06 0.012 -0.017
  neighbors: f2183 f2929 f3677 f3676 f3685 f3686
- p7282(v427): -0.0043 0.003 -0.0091
  neighbors: f2220 f2986 f2984 f2227 f3342 f2225 f3341 f3991 f3994
- p1336(v278): -0.0043 0.0022 -0.0089
  neighbors: f2986 f2220 f2305 f2985 f3128 f3129
- p392(v129): -0.0057 0.0052 -0.01
  neighbors: f2555 f2551 f2227 f2631 f2225 f3382 f3384
- p7737(v428): -9.9e-06 0.0036 0.00046
  neighbors: f3006 f2995 f2234 f2994 f2233 f3045 f3776 f3777
- p2933(v433): -0.0043 0.0011 0.008
  neighbors: f3748 f2255 f3027 f4276 f4277
- p2017(v437): -0.0041 0.0031 0.009
  neighbors: f3391 f2280 f2281 f2283 f4043 f4044
- p5353(v436): -0.0037 0.0054 0.0087
  neighbors: f2283 f3059 f2281 f3400 f4057 f4507 f4508
- p7721(v86): -0.004 0.0096 0.009
  neighbors: f2283 f3391 f3397 f3400
- p1899(v442): -0.0044 0.0015 -0.0086
  neighbors: f2305 f3844 f3129 f3843 f4315 f4683 f4684
- p4724(v174): -0.0021 0.0021 -0.0064
  neighbors: f3783 f2987 f2985 f2305 f4681 f4683
- p8758(v444): -0.045 0.0002 -0.013
  neighbors: f3089 f3091 f2321 f3088 f3094 f3096 f5299 f5303
- p425(v443): -0.011 0.0002 -0.0091
  neighbors: f3087 f3086 f2321 f2343 f3096 f3813 f3814
- p5469(v271): -0.043 0.0002 -0.013
  neighbors: f2321 f3086 f3088
- p9826(v446): -0.009 0.0014 -0.011
  neighbors: f2333 f2334 f3118 f3124 f2340 f3857 f3863
- p935(v179): -0.012 0.001 -0.011
  neighbors: f2333 f3857 f3859
- p6779(v447): -0.0094 0.0003 -0.0094
  neighbors: f2341 f2342 f2343 f3815 f3813 f4340 f4356 f4357
- p8787(v288): -0.047 0.00028 -0.014
  neighbors: f3827 f3114 f3093 f3089 f3091 f2341 f2901 f3087 f2343 f2899 f3823 f3832 f3833
- p3613(v178): -0.046 0.0004 -0.015
  neighbors: f2342 f2902 f2348 f2341 f2901 f3130 f4352 f4353
- p7779(v290): -0.01 0.00038 -0.0099
  neighbors: f3130 f2342 f4354 f4356
- p277(v448): -0.012 0.00072 -0.011
  neighbors: f2348 f3860 f4351 f4352
- p6473(v449): -0.06 0.066 -0.019
  neighbors: f2353 f2354 f3135 f3137
- p2663(v450): -0.06 0.016 -0.017
  neighbors: f2357 f2358 f2359 f2360
- p369(v451): -0.06 0.012 -0.016
  neighbors: f2929 f2362 f3139 f2364 f2921 f2928 f2920 f3138 f3682 f3685
- p1312(v424): -0.059 0.011 -0.016
  neighbors: f4229 f3682 f4252 f2965 f4250 f4227 f2362 f3709 f4256 f4257
- p9987(v99): -0.059 0.012 -0.012
  neighbors: f3868 f2362 f3138 f3867 f4257 f4258
- p6443(v293): -0.06 0.012 -0.01
  neighbors: f2364 f2919 f2921
- p7441(v452): -0.057 0.015 -0.02
  neighbors: f2368 f2369 f2370
- p4971(v295): -0.058 0.013 -0.019
  neighbors: f2370 f2703 f2369 f2701 f4180 f4181
- p9212(v453): -0.053 0.064 0.023
  neighbors: f2374 f2373 f3272 f3273
- p8291(v111): -0.053 0.064 0.023
  neighbors: f2373 f3270 f3272
- p5995(v454): -0.0073 0.0069 0.011
  neighbors: f2375 f3148 f3143 f2378 f3146 f3150 f3152
- p3140(v455): -0.039 0.079 0.023
  neighbors: f2381 f2382 f2383
- p9619(v456): -0.04  0.07 0.023
  neighbors: f2384 f2385 f2386
- p4780(v458): -0.059 0.064 0.021
  neighbors: f2394 f2395 f2396 f2397 f2398
- p238(v190): -0.059 0.067 0.021
  neighbors: f2397 f2395 f3869 f3873
- p8795(v192): -0.059 0.076 0.021
  neighbors: f2397 f2398 f3869 f3870
- p5905(v462): -0.06 0.013 0.017
  neighbors: f3194 f2419 f2414 f2415 f2418 f2417 f3203 f3210
- p4785(v466): -0.057 0.076 0.023
  neighbors: f2435 f2436 f2438 f3217 f3218
- p908(v464): -0.057 0.074 0.023
  neighbors: f3218 f2438 f3900 f3904
- p5191(v467): -0.057 0.076 0.022
  neighbors: f2446 f3225 f3224 f2442 f2445 f3227 f3229
- p4889(v468): -0.058 0.072 0.022
  neighbors: f2444 f2445 f2446 f2447 f2448
- p9707(v471): -0.044 0.082 0.023
  neighbors: f2464 f2463 f2795 f2798
- p5782(v472): -0.055 0.072 0.023
  neighbors: f2465 f3231 f2467 f3236 f3235 f3905 f3907
- p3963(v473): -0.055 0.074 0.023
  neighbors: f2470 f2813 f2814 f5270 f5278
- p4256(v474): -0.056  0.07 0.023
  neighbors: f2472 f2473 f2475 f3212 f3213
- p8981(v465): -0.056 0.075 0.023
  neighbors: f3222 f2475 f3213 f3899 f3901
- p1035(v477): -0.011 0.002 0.012
  neighbors: f4398 f3257 f2489 f3256 f4406 f4408
- p9389(v430): -0.0088 0.0016 0.011
  neighbors: f2489 f3259 f3013 f3011 f3257 f3649 f4400 f4401
- p1590(v121): -0.012 0.0016 0.012
  neighbors: f2489 f4398 f4400
- p4436(v478): -0.053 0.0094 0.019
  neighbors: f2490 f3261 f2492 f3268 f3935 f3936
- p7430(v479): -0.041 0.068 0.023
  neighbors: f2501 f3282 f5275 f5279
- p1607(v480): -0.041 0.065 0.023
  neighbors: f2503 f2504 f2505 f2506 f2507 f3283 f3284
- p4140(v482): -0.053 0.0054 0.015
  neighbors: f3303 f2522 f3292 f3304 f3296 f4724 f4723 f4767 f4768
- p7415(v330): -0.048 0.0013 4.5e-05
  neighbors: f2875 f3304 f2522 f3302 f3638 f3641
- p6623(v487): -0.0055 0.0065 -0.01
  neighbors: f2551 f2552 f2553 f2554 f2555
- p8716(v488): -0.0038 0.053 -0.0088
  neighbors: f3990 f3332 f2558 f2559 f3987 f3362 f3985 f3988 f4014 f4472 f4473
- p8349(v426): -0.0034 0.0073 -0.0084
  neighbors: f2981 f2558 f3330 f3336 f3335 f3988 f3989
- p3986(v216): -0.0035 0.052 -0.0085
  neighbors: f2558 f3332 f3335
- p3888(v489): -0.0043 0.047 -0.0092
  neighbors: f2567 f2566 f2565 f3340 f3996 f3997
- p1915(v493): -0.0027 0.0098 -0.0076
  neighbors: f2594 f3339 f3338 f3716 f3717
- p2245(v492): -0.0026 0.047 -0.0075
  neighbors: f2594 f3334 f3339
- p5947(v340): -0.0025 0.053 -0.0073
  neighbors: f3334 f2594 f3361 f4010 f3353 f4009 f3716 f4653 f4654
- p3980(v494): -0.0015 0.055 -0.0042
  neighbors: f2595 f2599 f4452 f4451 f4464 f4467
- p8511(v219): -0.037 0.084 -0.018
  neighbors: f2602 f4117 f2600 f2595 f4115 f4467 f4780 f4781
- p1930(v495): -0.037 0.084 -0.018
  neighbors: f2600 f2602 f3371 f3372
- p528(v496): -0.039 0.084 -0.018
  neighbors: f2608 f3604 f5322 f5326
- p2260(v497): -0.055 0.082 -0.023
  neighbors: f5076 f2610 f2611 f2617 f2613 f3378 f2616 f4121 f4977 f5086 f5089
- p2479(v498): -0.056 0.069 -0.023
  neighbors: f2618 f2624 f2626
- p3024(v499): -0.056 0.077 -0.023
  neighbors: f2621 f2622 f2623 f2624 f2625 f2626
- p3630(v500): -0.0067 0.0079 -0.011
  neighbors: f2627 f2628 f2629 f2630
- p6525(v501): -0.0061 0.0053 -0.01
  neighbors: f2631 f2632 f2635 f2634 f3382 f3383
- p8008(v502): -0.051 0.0075 -0.019
  neighbors: f2636 f2637 f2638
- p4191(v503): -0.0098 0.0025 -0.012
  neighbors: f2639 f2640 f2641 f2642
- p3240(v504): -0.051 0.064 -0.023
  neighbors: f2643 f2644 f2645
- p5775(v505): -0.0048 0.054 0.0096
  neighbors: f2646 f2647 f3396 f3387 f2656 f4820 f4822
- p143(v506): -0.0043 0.054 0.0091
  neighbors: f2653 f2654 f2655 f2656 f3396 f3399
- p4508(v508): -0.002 0.054 0.0065
  neighbors: f2662 f2666 f3420 f2665 f3419 f4987 f4990
- p1204(v512): -0.0067 0.049 0.011
  neighbors: f2679 f2680 f2681
- p3892(v513): -0.06 0.067 -0.018
  neighbors: f2682 f2683 f3435 f3437
- p9205(v514): -0.06 0.068 -0.018
  neighbors: f2687 f3439 f3440
- p7985(v515): -0.06  0.07 -0.019
  neighbors: f2689 f2690 f4091 f4089 f4092 f4547 f4548
- p9452(v516): -0.057 0.064 -0.022
  neighbors: f3445 f2696 f3449 f4096 f4550 f4551
- p4496(v381): -0.057 0.062 -0.022
  neighbors: f4559 f2696 f3457 f2702 f3445 f4558 f5098 f5100
- p2714(v518): -0.057 0.061 -0.022
  neighbors: f2701 f2702 f2703 f5099 f5100
- p1191(v185): -0.059 0.013 -0.019
  neighbors: f4184 f2703 f4180 f5095 f5099
- p7214(v520): -0.06 0.083 -0.014
  neighbors: f2712 f2713 f2714 f2715 f3479 f3481
- p6168(v521): -0.06 0.083 0.0043
  neighbors: f2718 f2722 f2721 f3483 f3486
- p1642(v523): -0.059 0.084 -0.0097
  neighbors: f2726 f2727 f2728 f2729
- p8112(v385): -0.059 0.084 0.0028
  neighbors: f2729 f2727 f3513 f3516
- p9874(v525): -0.058 0.084 -0.015
  neighbors: f2738 f2748 f3591 f2861 f2747 f2860 f3590 f3598 f3599
- p2459(v524): -0.058 0.084 -0.0055
  neighbors: f2738 f3588 f3590
- p5953(v266): -0.058 0.084 0.015
  neighbors: f2738 f2861 f3587 f3589 f3586 f3588 f3615 f3616
- p6868(v527): -0.057 0.084 -0.018
  neighbors: f4167 f3611 f2746 f2747 f2748 f4166 f2864 f3610 f4599 f4601
- p6056(v164): -0.057 0.084 0.00089
  neighbors: f2855 f2746 f2864 f2865
- p219(v94): -0.058 0.084 -0.01
  neighbors: f2860 f2855 f2747 f2746 f4158 f4160
- p5771(v528): -0.059 0.083 0.013
  neighbors: f2755 f2756 f2760 f2758 f2759 f3519 f3520
- p8295(v392): -0.059 0.083 -0.0056
  neighbors: f2760 f2766 f3518 f3520
- p7258(v529): -0.059 0.083 0.0009
  neighbors: f2762 f3515 f3517
- p7669(v530): -0.059 0.083 -0.015
  neighbors: f2765 f2766 f3518 f3522
- p2626(v534): -0.06 0.082 0.019
  neighbors: f2780 f3897 f3886 f3551 f3549 f4375 f4379
- p2769(v196): -0.06 0.082 0.019
  neighbors: f3192 f3190 f3886 f2780 f3890 f4366 f4367
- p9834(v535): -0.059 0.084 -0.012
  neighbors: f2790 f3558 f2788 f3556 f3560 f3561
- p3804(v536): -0.055 0.083 0.023
  neighbors: f2793 f3566 f3565 f3568 f3569
- p304(v537): -0.053 0.082 0.023
  neighbors: f2794 f2795 f2798 f2797 f2805 f3577 f3578
- p113(v538): -0.055 0.081 0.023
  neighbors: f2802 f2803 f2816 f2805 f2806 f3220 f3219 f2815 f2814 f2813 f3574 f3578
- p9543(v470): -0.055 0.079 0.023
  neighbors: f2816 f2806 f3232 f3233
- p3758(v320): -0.055 0.076 0.023
  neighbors: f2813 f3574 f5278
- p2133(v539): -0.058 0.084 0.021
  neighbors: f2817 f2818 f2819 f2837 f3596 f3597
- p2083(v387): -0.058 0.084 0.018
  neighbors: f2819 f3594 f3596
- p411(v540): -0.057 0.084 0.021
  neighbors: f2825 f2822 f2823 f2824 f3579 f3580
- p7056(v542): -0.058 0.084 -0.013
  neighbors: f2837 f2835 f3595 f3597
- p112(v386): -0.058 0.084 -0.013
  neighbors: f3592 f3584 f2835 f3591 f3583 f3595 f3599
- p7323(v543): -0.057 0.084 -0.0057
  neighbors: f2839 f2840 f5321 f5324
- p9336(v405): -0.057 0.084 0.019
  neighbors: f2840 f2841 f2843 f5323 f5324
- p2382(v544): -0.057 0.084 0.019
  neighbors: f2841 f2842 f2843 f2844 f2845 f2846
- p5406(v546): -0.057 0.084 0.0031
  neighbors: f2855 f2865 f4160 f4163
- p6910(v547): -0.058 0.084 -0.0045
  neighbors: f2861 f2860 f3616 f4158 f4159
- p4164(v548): -0.057 0.084 0.014
  neighbors: f4163 f2865 f2864 f4162 f4164 f4166
- p8670(v550): -0.048 0.0005 -0.0092
  neighbors: f3825 f2874 f2875 f3638 f4189 f4630 f4632
- p6305(v551): -0.047 0.00056 0.015
  neighbors: f4911 f2881 f4916 f4734 f4192 f4730 f4749 f4937 f5061 f5062
- p7893(v553): -0.049 0.0037 -0.017
  neighbors: f2898 f2896 f2897 f3661 f5044 f5045
- p8967(v554): -0.048 0.00098 -0.015
  neighbors: f2899 f4332 f2901 f2902 f2903 f3112 f4331 f4336 f4337
- p8908(v97): -0.048 0.0013 -0.015
  neighbors: f2899 f3112 f3114
- p3606(v555): -0.06 0.013 -0.011
  neighbors: f2905 f2906 f2910 f2908 f2909 f3663 f3664
- p3251(v422): -0.06 0.013 0.0084
  neighbors: f2908 f2946 f3664 f3666
- p9320(v556): -0.06 0.013 0.0049
  neighbors: f2912 f2913 f2914 f5290 f5292
- p6642(v557): -0.06 0.012 -0.011
  neighbors: f2921 f2920 f2919 f2918 f2927 f3679 f3681
- p1697(v183): -0.06 0.012 -0.015
  neighbors: f2920 f2927 f2928
- p4057(v558): -0.06 0.012 -0.014
  neighbors: f2928 f3681 f2927 f2929 f3676 f3692 f4213 f4212 f4215 f4216
- p4503(v560): -0.06 0.012 0.014
  neighbors: f2938 f2939 f4214 f3673 f4212 f4215 f4217
- p6669(v421): -0.06 0.012 0.013
  neighbors: f3670 f2939 f2945 f3673 f3675
- p8369(v561): -0.06 0.012 0.011
  neighbors: f3666 f2946 f2945 f3670 f3672
- p8719(v564): -0.059 0.011 -0.015
  neighbors: f2964 f2957 f2970 f2962 f2960 f2961 f3705 f4241 f4242
- p275(v53): -0.058  0.01 -0.013
  neighbors: f2957 f3705 f4248 f4249
- p6782(v268): -0.059  0.01 -0.0063
  neighbors: f2961 f3287 f2960 f3948 f3951
- p1901(v565): -0.059 0.011 -0.015
  neighbors: f2965 f2966 f2967 f2970 f2969 f4229 f4242 f4243
- p8523(v276): -0.059 0.011 -0.0085
  neighbors: f2967 f2965 f2975 f3709 f3710
- p8177(v425): -0.059 0.011 0.0094
  neighbors: f2973 f2967 f2972 f2966 f2975 f2979
- p3500(v172): -0.059 0.011 -0.0083
  neighbors: f2969 f2966 f2971 f2973
- p3102(v566): -0.059 0.011 0.011
  neighbors: f2971 f2972 f2973
- p4142(v567): -0.059 0.011 0.012
  neighbors: f2979 f2975 f4253 f3710 f2978 f4251 f4259 f4260
- p6562(v568): -0.003 0.0058 -0.0079
  neighbors: f2981 f3336 f3337
- p9193(v279): -0.0028 0.0044 -0.0077
  neighbors: f3338 f3718 f3330 f2981 f2984 f3337 f3717 f3994 f3995
- p8941(v569): -0.0023 0.003 -0.007
  neighbors: f2984 f2985 f2986 f2987 f2988 f3718 f4269 f4270
- p6104(v336): -0.001 0.0028 -0.0047
  neighbors: f2988 f2987 f3783 f3320 f3982 f3980 f4459 f4461
- p6940(v486): -0.0017 0.0035 -0.0061
  neighbors: f4269 f4462 f4461 f2988 f4656 f4885 f4886
- p6911(v570): -7.6e-05 0.0046 0.0013
  neighbors: f2994 f2995 f2996 f2997 f2998 f2999
- p6322(v36): -0.00024 0.0037 0.0024
  neighbors: f2998 f3068 f3073 f3776 f3066 f2994 f4298 f4299
- p1219(v571): -1.1e-05 0.0043 -0.00046
  neighbors: f3007 f3001 f3724 f3727
- p1060(v126): -2.7e-05 0.052 -0.00076
  neighbors: f3963 f4272 f3001 f3724 f4441 f4445
- p5245(v2): -6.9e-06 0.052 -0.00032
  neighbors: f3007 f3001 f3005 f3963 f3966
- p271(v572): -7.7e-06 0.0042 -0.00036
  neighbors: f3005 f3006 f3007 f3045 f3727 f3728
- p4618(v573): -0.0082 0.0012 0.011
  neighbors: f3010 f3011 f3012 f3013
- p7165(v175): -0.0063 0.0012 0.0097
  neighbors: f3012 f3030 f3010 f3023 f3739 f4274 f4275
- p6589(v281): -0.0082 0.001  0.01
  neighbors: f3023 f3013 f3022 f3012 f3649 f3650
- p9147(v574): -0.01 0.00035 0.0097
  neighbors: f3014 f3736 f3731 f3651 f3729 f4732 f4733
- p6552(v431): -0.0094 0.00039 0.0097
  neighbors: f3022 f3021 f3014 f3650 f3651
- p4173(v56): -0.0079 0.00024 0.0085
  neighbors: f3730 f3731 f3014 f3744 f3021 f4279 f4284
- p8206(v575): -0.0075 0.00044 0.0091
  neighbors: f3021 f3022 f3023 f3739 f3744
- p5700(v576): -0.0054 0.0013 0.0092
  neighbors: f3027 f3030 f3029 f4274 f4276
- p679(v577): -0.0015 0.0011 0.0036
  neighbors: f3751 f3745 f3033 f3749 f4286 f4676 f4677
- p19(v439): -0.00067 0.0022 0.0033
  neighbors: f3071 f3751 f3033 f4300 f4301
- p4644(v579): -2.3e-05 0.0029 -0.00025
  neighbors: f3726 f3045 f3728 f3777 f3781
- p7797(v581): -0.0034 0.0059 0.0083
  neighbors: f3059 f4057 f3416 f4056 f4066 f4067
- p926(v583): -0.00031 0.0049 0.0027
  neighbors: f3069 f3068 f3066 f3794 f3797
- p1076(v438): -0.00046 0.0044 0.0033
  neighbors: f3066 f3792 f3794 f3073 f3791 f3793 f3798 f3799
- p3159(v584): -0.00061 0.003 0.0037
  neighbors: f4300 f3071 f3800 f3073 f3799 f4299 f4545 f4546
- p2910(v585): -0.0079 0.00021 -0.0082
  neighbors: f3076 f3077 f3816 f4319 f4320
- p541(v441): -0.0042 0.00021 -0.0048
  neighbors: f3768 f3765 f3077 f3076 f3810 f3811
- p5965(v287): -0.0068 0.00024 -0.008
  neighbors: f4319 f3077 f3845 f3811 f4345 f4701 f4702
- p3914(v587): -0.045 0.00025 -0.014
  neighbors: f3086 f3087 f3088 f3089
- p4672(v588): -0.046 0.0002 -0.012
  neighbors: f3091 f3093 f5299 f5300
- p1301(v589): -0.0095 0.0002 -0.0087
  neighbors: f3094 f3095 f3096 f3814 f3817
- p6461(v591): -0.054 0.0068 -0.017
  neighbors: f3105 f3627 f3833 f3114 f4226 f4225 f4700 f3112 f4337 f4699 f4895 f4896
- p9534(v423): -0.058  0.01 -0.017
  neighbors: f4225 f3105 f4231 f4235
- p995(v411): -0.058  0.01 -0.018
  neighbors: f3105 f4176 f3627 f4236 f4235 f4625 f4626
- p4829(v592): -0.0071 0.0023 -0.011
  neighbors: f3120 f3119 f3118 f3124 f3127
- p7316(v593): -0.0064 0.0011 -0.0096
  neighbors: f3844 f3128 f3129 f3124 f3127 f3853 f3863 f3864
- p6190(v594): -0.011 0.00043 -0.01
  neighbors: f3130 f4353 f4354
- p3301(v595): -0.06 0.074 -0.019
  neighbors: f3134 f3135 f3136 f3137
- p4344(v596): -0.06 0.012 -0.0084
  neighbors: f3138 f3139 f3866 f3868
- p9753(v597): -0.0072 0.007 0.011
  neighbors: f3142 f3143 f3147 f3148
- p4137(v598): -0.0071 0.048 0.011
  neighbors: f3145 f3146 f3147 f3148
- p4143(v599): -0.0086 0.0075 0.012
  neighbors: f3149 f3150 f3151 f3152
- p4761(v600): -0.058 0.069 0.022
  neighbors: f3153 f3154 f3155 f3156
- p10(v457): -0.058 0.078 0.021
  neighbors: f3154 f3153 f3160 f3164
- p5748(v601): -0.059 0.081 0.021
  neighbors: f3166 f3165 f3164 f3160 f3871 f3162 f3163 f4359 f4361
- p2816(v602): -0.059 0.069 0.021
  neighbors: f3167 f3168 f3172 f3173
- p41(v459): -0.059 0.069  0.02
  neighbors: f3173 f3168 f3171 f3174 f3178
- p5397(v603): -0.059 0.065  0.02
  neighbors: f3170 f3171 f3172 f3173
- p9450(v309): -0.059 0.062  0.02
  neighbors: f3171 f3174 f3170 f3875 f3880
- p2830(v604): -0.059 0.076  0.02
  neighbors: f3174 f3189 f3176 f3178 f3188 f3875 f3876
- p8056(v460): -0.059  0.07  0.02
  neighbors: f3176 f3185 f3184 f3876 f3877
- p3742(v310): -0.059 0.077  0.02
  neighbors: f3176 f3185 f3189
- p4749(v606): -0.059 0.083  0.02
  neighbors: f3192 f3184 f3185 f3186 f3187 f3188 f3189 f3190 f3191 f4362 f4711 f4902 f4903
- p8782(v195): -0.059  0.06  0.02
  neighbors: f3187 f3184 f3877 f3878
- p9309(v115): -0.059  0.06  0.02
  neighbors: f3186 f3209 f3208 f3198 f3881 f4711 f4712
- p7379(v461): -0.06 0.081  0.02
  neighbors: f3190 f3893 f3890 f4362 f4364
- p8655(v607): -0.06 0.014 0.017
  neighbors: f3203 f3194 f3202 f4605 f4606
- p2475(v608): -0.06 0.067 0.019
  neighbors: f3889 f3208 f3198 f3892 f3894
- p797(v605): -0.06 0.072 0.019
  neighbors: f3894 f3198 f3881 f3893 f4364 f4365
- p3334(v609): -0.06  0.06 0.019
  neighbors: f3202 f3203 f4377 f3210 f3889 f3888 f3208 f3209 f4372 f4717 f4719
- p3555(v311): -0.06  0.06 0.018
  neighbors: f3537 f3202 f4607 f4606 f4372 f4713 f4715
- p5927(v610): -0.056 0.072 0.023
  neighbors: f3211 f3212 f3213 f3899 f3902
- p9327(v611): -0.056  0.08 0.023
  neighbors: f3222 f3217 f3218 f3219 f3220 f3221 f3900 f3901
- p1695(v612): -0.057 0.076 0.022
  neighbors: f3223 f3224 f3225
- p3727(v613): -0.058 0.066 0.022
  neighbors: f3226 f3227 f3228 f3229
- p3723(v614): -0.055 0.074 0.023
  neighbors: f3233 f3231 f3232 f3906 f3907
- p2922(v615): -0.055 0.072 0.023
  neighbors: f3234 f3235 f3236
- p519(v616): -0.058  0.01 0.018
  neighbors: f3909 f3240 f3239 f3908 f3922 f4380 f4382
- p6332(v617): -0.053 0.0058 0.017
  neighbors: f4197 f3918 f3243 f3917 f4200 f4198 f4639 f4640
- p2310(v475): -0.057 0.0092 0.018
  neighbors: f3917 f3909 f4381 f3243 f4380 f4760 f4938 f4939
- p2871(v325): -0.053 0.0056 0.017
  neighbors: f3243 f4637 f4883 f4198 f4881 f4938 f5057 f5058
- p1240(v620): -0.009 0.0019 0.011
  neighbors: f3256 f3257 f3258 f3259
- p1513(v621): -0.053 0.0087 0.019
  neighbors: f3260 f3261 f3935 f4736 f4920 f5050 f5052
- p7101(v326): -0.045 0.0023 0.017
  neighbors: f3260 f4407 f4736 f4737
- p861(v622): -0.055  0.01  0.02
  neighbors: f3267 f3268 f3269 f3270 f4416 f3272 f3273 f3274 f3275 f3936 f4755 f4925 f4926
- p4065(v623): -0.041 0.065 0.023
  neighbors: f3282 f3283 f3284 f5275 f5277
- p829(v624): -0.059  0.01 -0.0064
  neighbors: f3287 f3947 f3948
- p6526(v625): -0.048 0.0011 0.013
  neighbors: f3293 f3292 f4393 f4392 f4721 f4723
- p2615(v626): -0.058  0.01 0.014
  neighbors: f3296 f3950 f4420 f4766 f4767
- p6632(v627): -0.051 0.0035  0.01
  neighbors: f3302 f3303 f3304
- p9229(v628): -0.001 0.051 -0.0049
  neighbors: f3305 f3306 f3307 f3346 f3347
- p6277(v484): -0.0011 0.008 -0.0051
  neighbors: f3306 f3978 f3310 f3305 f3977 f3320 f4003 f4459 f4460
- p1396(v68): -0.00094 0.051 -0.0047
  neighbors: f3307 f3305 f3976 f3977
- p9226(v335): -0.0012 0.051 -0.0052
  neighbors: f3310 f3309 f3306 f3347 f3348
- p7044(v217): -0.00073 0.053 -0.0041
  neighbors: f3346 f4007 f4450 f3307 f4006 f3972 f3976 f3345 f3974 f4949 f4950
- p4880(v629): -0.0012 0.0083 -0.0053
  neighbors: f3309 f3310 f3350 f4003 f4456 f4457
- p8267(v483): -0.0012  0.05 -0.0053
  neighbors: f3309 f3348 f3350
- p3119(v631): -0.00063 0.0043 -0.0038
  neighbors: f3320 f3980 f3975 f3978 f4453 f4943 f5064 f5065
- p7967(v632): -0.0038 0.0062 -0.0088
  neighbors: f3990 f3985 f3989 f3330 f3993 f3995
- p3786(v633): -0.0029 0.053 -0.0078
  neighbors: f3332 f3339 f3334 f3335 f3336 f3337 f3338 f3361 f3362
- p1156(v634): -0.0043 0.0078 -0.0092
  neighbors: f3340 f3341 f3342 f3997 f3999
- p2619(v69): -0.0041 0.0053 -0.009
  neighbors: f3986 f3992 f3341 f3991 f3998 f3999
- p2839(v635): -0.0014 0.052 -0.0057
  neighbors: f3345 f3346 f3347 f3348 f3350 f4001 f4456 f4458
- p7267(v490): -0.0017 0.053 -0.0062
  neighbors: f4001 f4463 f4009 f3345 f3353 f4007 f4462 f4658 f4885 f4887
- p6630(v636): -0.002 0.053 -0.0067
  neighbors: f4653 f3353 f4658 f4659
- p9485(v637): -0.0029 0.055 -0.0073
  neighbors: f4016 f4010 f3362 f3361 f4014 f4782 f4783
- p7234(v638): -0.038 0.082 -0.022
  neighbors: f3365 f3366 f4477 f4785 f4786
- p2720(v491): -0.038 0.083 -0.022
  neighbors: f4016 f4572 f3366 f4782 f4117 f4471 f4470 f4780 f4785 f4956 f4957
- p7566(v639): -0.0012 0.056 -0.00014
  neighbors: f3371 f3372 f3373 f3374 f3375 f3376
- p705(v640): -0.054 0.081 -0.023
  neighbors: f3378 f4977 f5312
- p562(v641): -0.0057 0.0066 -0.01
  neighbors: f3382 f3383 f3384 f3385
- p3589(v642): -0.0054 0.052  0.01
  neighbors: f4498 f3387 f4039 f4497 f4495 f4814 f4822 f4823
- p445(v643): -0.0046 0.0052 0.0094
  neighbors: f3391 f4043 f3397 f4051 f4505 f4817 f4818
- p4444(v644): -0.0041 0.051 0.009
  neighbors: f3396 f3397 f4051 f3399 f3400 f4509 f4507 f4820 f4821
- p9912(v647): -0.0021 0.048 0.0068
  neighbors: f3409 f3411 f4061 f4063
- p3821(v509): -0.0026  0.05 0.0075
  neighbors: f3409 f4063 f3418 f4062 f4070 f4071
- p8425(v374): -0.0019 0.053 0.0064
  neighbors: f3411 f4519 f3420 f3418 f3409 f4524 f4990 f4991
- p5553(v645): -0.0018 0.0037 0.0064
  neighbors: f4520 f4061 f4519 f3411 f4060 f4540 f4541
- p8800(v648): -0.0033 0.051 0.0083
  neighbors: f3416 f4064 f4067
- p551(v649): -0.0029 0.053 0.0078
  neighbors: f3418 f3419 f3420 f4072 f4065 f4071 f4512 f4824 f4826
- p5360(v651): -0.0056 0.0074  0.01
  neighbors: f3430 f3431 f4042 f4493 f4494
- p8992(v511): -0.0061 0.0098  0.01
  neighbors: f3431 f4491 f4493
- p5683(v652): -0.06 0.074 -0.018
  neighbors: f3437 f3435 f4086 f4088
- p961(v653): -0.06 0.062 -0.019
  neighbors: f3443 f3439 f3440 f4091 f3442 f4090 f4093 f4547 f4549
- p3950(v654): -0.057 0.075 -0.022
  neighbors: f3457 f3445 f3455 f4552 f4550 f4553 f4554
- p4184(v655): -0.057 0.073 -0.023
  neighbors: f3448 f3449 f4096 f4555 f4557
- p7585(v656): -0.058 0.078 -0.022
  neighbors: f3453 f3454 f3455 f3457 f4560 f4558 f4561 f4562
- p9611(v517): -0.058 0.078 -0.022
  neighbors: f3459 f3454 f4561 f4995 f5093 f5094
- p8912(v657): -0.058 0.079 -0.022
  neighbors: f3458 f3459 f5093 f5222 f5220 f5226 f5227
- p5935(v247): -0.058  0.08 -0.021
  neighbors: f3458 f5103 f5221 f5220 f5223 f5224
- p2545(v658): -0.059 0.073 -0.021
  neighbors: f3464 f5107 f5232 f5251 f5252
- p5533(v660): -0.06 0.082 0.0041
  neighbors: f3477 f3476 f3480 f3482
- p2724(v661): -0.06 0.083 -0.008
  neighbors: f3478 f3479 f3480 f3481 f3482
- p1615(v662): -0.059 0.083 0.0047
  neighbors: f3483 f3484 f3485 f3486 f3487 f3488
- p3990(v522): -0.059 0.083 -0.0098
  neighbors: f3488 f3487 f3489 f3492
- p5463(v663): -0.059 0.083 -0.016
  neighbors: f3489 f3490 f3491 f3492 f3521 f3523
- p1639(v667): -0.059 0.084 0.015
  neighbors: f3512 f3513 f3514 f3515 f3516 f3517
- p1099(v668): -0.059 0.083 -0.0024
  neighbors: f3518 f3519 f3520 f3521 f3522 f3523
- p2782(v669): -0.06 0.081 -0.011
  neighbors: f3524 f3525 f3526 f3527
- p596(v531): -0.06 0.081 -0.0021
  neighbors: f3525 f3524 f3530 f5281 f5293
- p5473(v670): -0.06 0.081 0.006
  neighbors: f3529 f3530 f5291 f5293
- p9848(v671): -0.06 0.077 0.017
  neighbors: f3533 f4144 f5294 f5295
- p3663(v532): -0.06 0.071 0.018
  neighbors: f3533 f3538 f4146 f5294
- p7062(v672): -0.06 0.064 0.018
  neighbors: f3538 f3537 f4146 f4607 f4608
- p3029(v673): -0.06 0.082 0.012
  neighbors: f3539 f3540 f3541 f3546 f3547
- p9448(v533): -0.06 0.082 0.012
  neighbors: f3540 f3545 f3546
- p726(v674): -0.06 0.082 0.017
  neighbors: f3544 f3545 f3546 f3547 f3548 f3549 f3550 f3551
- p1487(v675): -0.058 0.084 0.0082
  neighbors: f3552 f3559 f4150 f4152
- p1475(v676): -0.058 0.084 -0.0032
  neighbors: f3555 f3556 f3559 f3558 f4151 f4152
- p6493(v677): -0.059 0.084 -0.0082
  neighbors: f3560 f3561 f3562 f3563
- p3423(v678): -0.054 0.083 0.023
  neighbors: f3564 f3565 f3566
- p4957(v679): -0.054 0.082 0.023
  neighbors: f3567 f3568 f3569
- p1273(v680): -0.054 0.081 0.023
  neighbors: f3578 f3577 f3576 f3574 f3575 f5269 f5270 f5271 f5272 f5275 f5276 f5277 f5278 f5279
- p7279(v681): -0.055 0.083 0.022
  neighbors: f3579 f3580 f3581 f3582
- p4631(v682): -0.058 0.084  0.02
  neighbors: f3583 f3584 f3585 f3586 f3587
- p3568(v541): -0.058 0.084 0.014
  neighbors: f3587 f3584 f3589 f3592
- p7682(v683): -0.058 0.084 0.0053
  neighbors: f3588 f3589 f3590 f3591 f3592
- p7687(v684): -0.058 0.084 -0.016
  neighbors: f3593 f3594 f3595 f3596 f3597 f3598 f3599
- p70(v685): -0.056 0.084 -0.017
  neighbors: f3601 f3602 f5320 f5325
- p5594(v545): -0.056 0.084 -0.019
  neighbors: f3611 f4599 f3602 f3608 f4869 f5147 f5325 f5327
- p2458(v686): -0.042 0.084 -0.02
  neighbors: f3604 f4849 f5193 f5326
- p4248(v687): -0.057 0.084 -0.018
  neighbors: f3608 f3609 f3610 f3611 f3612 f3613 f3614
- p5970(v688): -0.057 0.084 0.017
  neighbors: f3615 f3616 f4159 f4161
- p2805(v689): -0.057 0.084 0.019
  neighbors: f3620 f3623 f4165 f4168
- p9384(v690): -0.056 0.0093 -0.018
  neighbors: f4878 f4176 f3627 f4877 f4892 f4895
- p62(v693): -0.052 0.0043 -0.015
  neighbors: f3642 f3638 f3639 f4189 f3641 f3698 f4634 f4245 f4633 f4649 f4650
- p6800(v269): -0.054 0.0063 -0.016
  neighbors: f3698 f3639 f3821 f4221 f4223
- p108(v167): -0.049 0.0014 -0.013
  neighbors: f3821 f3639 f4631 f4633
- p8533(v695): -0.011 0.00051  0.01
  neighbors: f4401 f3651 f3649 f3650 f4731 f4732
- p2237(v696): -0.014 0.0002 0.0087
  neighbors: f3656 f3655 f4643 f5301
- p9751(v552): -0.0099 0.0002 0.0088
  neighbors: f3732 f3656 f3730 f4285 f4284 f4643 f4644
- p6261(v698): -0.049 0.0039 -0.017
  neighbors: f3661 f5043 f5045
- p1795(v699): -0.06 0.013 -0.0086
  neighbors: f3663 f3664 f3666 f3671 f3672
- p4002(v700): -0.06 0.012 -0.0044
  neighbors: f3672 f3671 f3670 f3675 f3678
- p3362(v701): -0.06 0.012 -0.0093
  neighbors: f3673 f3678 f3675 f3676 f3677 f4213 f4214
- p698(v702): -0.06 0.012 -0.0027
  neighbors: f3679 f3681 f3691 f3692
- p8280(v703): -0.059 0.012 -0.018
  neighbors: f3682 f3688 f3687 f3685 f3686 f4227 f4230
- p4175(v559): -0.059 0.011 -0.018
  neighbors: f4236 f3688 f4186 f4185 f4230 f4625 f4627
- p2134(v704): -0.06 0.012 0.0029
  neighbors: f3692 f3691 f4216 f4218
- p1214(v705): -0.056 0.0083 -0.017
  neighbors: f4238 f3698 f4237 f4221 f4219 f4244 f4649 f4651
- p331(v706): -0.058 0.0099 -0.016
  neighbors: f4241 f4238 f3705 f4244 f4249
- p2563(v707): -0.059 0.011 -0.0089
  neighbors: f3709 f3710 f4252 f4253
- p4805(v709): -0.0023 0.0057 -0.0071
  neighbors: f3716 f3717 f3718 f4270 f4654 f4655
- p1890(v710): -2.1e-05 0.0042 -0.00068
  neighbors: f3728 f3724 f3725 f3726 f3727 f4272 f4273
- p7245(v429): -5.3e-05 0.0074 -0.0011
  neighbors: f3725 f4273 f3957 f4439 f4444 f4446
- p9185(v280): -0.00011 0.0029 -0.0014
  neighbors: f3726 f3782 f3725 f3957 f3781 f4430 f4433
- p9211(v711): -0.011 0.00022 0.0093
  neighbors: f3729 f3730 f3731 f3732 f3737 f3738
- p1359(v204): -0.012 0.00029 0.0097
  neighbors: f3729 f3736 f3737
- p4666(v712): -0.046 0.00022 0.014
  neighbors: f3738 f3737 f3736 f4733 f4735
- p6622(v713): -0.0053 0.00062 0.0081
  neighbors: f3739 f4278 f4275 f3744 f4279 f4664 f4665
- p2567(v714): -0.0032 0.00069 0.006
  neighbors: f3745 f4278 f3749 f3748 f4277 f4663 f4664
- p7385(v283): -0.0029 0.00057 0.005
  neighbors: f4663 f4286 f3745 f4666 f4668
- p3934(v715): -0.00069 0.0015 0.002
  neighbors: f4301 f3751 f4676 f4303 f4293 f4675 f4678 f4679
- p6775(v718): -0.0039 0.0002 -0.0041
  neighbors: f3764 f3765 f3766 f3767 f3768 f3769
- p2739(v717): -0.0039 0.0002 0.00074
  neighbors: f3767 f3766 f4211 f5304 f5305
- p2184(v578): -0.0028 0.00021 0.00047
  neighbors: f3769 f3773 f3771 f3767 f4207 f4211
- p9088(v432): -0.0027 0.00026 -0.0023
  neighbors: f3769 f3771 f3770 f3768 f3808 f3810
- p3192(v719): -0.0024 0.00027 0.00044
  neighbors: f3770 f3771 f4292 f3773 f4291 f4669 f4670
- p4042(v103): -0.0022 0.00038 -0.0023
  neighbors: f3809 f3808 f3770 f4291 f4685 f4688
- p3886(v434): -0.0028 0.00023 0.0022
  neighbors: f4283 f4207 f3773 f4669 f4671
- p1383(v720): -0.0002 0.0022 0.00046
  neighbors: f3782 f3776 f3777 f3781 f4298 f3780 f4304 f4306
- p5693(v580): -0.00039 0.002 -0.0017
  neighbors: f3983 f3782 f3780 f4311 f4310 f4433 f4434
- p5736(v435): -0.00049 0.0016 -0.00021
  neighbors: f3780 f4304 f4293 f4303 f4311 f4312
- p9078(v721): -0.0013 0.0017 -0.0044
  neighbors: f3783 f3983 f3982 f4310 f4316 f4681 f4682
- p7265(v722): -0.00045 0.047 0.0032
  neighbors: f3789 f3790 f3791 f3792
- p697(v510): -0.00092 0.049 0.0046
  neighbors: f3790 f3802 f4535 f3789 f3801 f4833 f4834
- p6806(v582): -0.0006 0.0088 0.0037
  neighbors: f3792 f3790 f3798 f3802
- p642(v723): -0.00038 0.047 0.003
  neighbors: f3793 f3794 f3795 f3796 f3797
- p3616(v724): -0.00066 0.0049 0.0039
  neighbors: f3798 f3799 f3800 f3801 f3802
- p7885(v285): -0.00087 0.0037 0.0045
  neighbors: f3801 f4546 f3800 f4831 f4833
- p8151(v726): -0.0045 0.0003 -0.0062
  neighbors: f3808 f3809 f3810 f3811 f3845 f3846
- p7332(v586): -0.0042 0.00043 -0.0065
  neighbors: f3843 f3809 f3846 f4315 f4685 f4686
- p4608(v727): -0.0087 0.00024 -0.0089
  neighbors: f3813 f3814 f3815 f3816 f3817 f4320 f4322
- p5651(v725): -0.0082 0.00028 -0.0089
  neighbors: f3815 f4340 f4322 f4346 f4349
- p4541(v728): -0.047 0.00034 -0.014
  neighbors: f3820 f3821 f3827 f3823 f4224 f3825 f3826 f4223 f4631 f4632
- p543(v590): -0.052 0.0048 -0.016
  neighbors: f3823 f3820 f3831 f3832
- p5666(v445): -0.053 0.0056 -0.016
  neighbors: f3831 f3820 f4220 f4224
- p2396(v729): -0.054 0.0061 -0.017
  neighbors: f3833 f3832 f3831 f4220 f4226
- p7358(v732): -0.0058 0.00055 -0.0084
  neighbors: f3843 f3844 f3845 f3846 f3853 f4701 f4703
- p5866(v733): -0.0066 0.0006 -0.009
  neighbors: f4342 f3864 f3853 f4703 f4704
- p7453(v734): -0.0094 0.00077 -0.01
  neighbors: f4342 f3857 f3863 f3859 f3860 f3864 f4351 f4355
- p6654(v735): -0.06 0.012 0.012
  neighbors: f3868 f3866 f3867 f4263 f4264
- p1054(v563): -0.059 0.011 -0.0025
  neighbors: f3867 f4258 f4262 f4264
- p3499(v736): -0.059 0.079 0.021
  neighbors: f3869 f3870 f3871 f3874 f3873 f4359 f4706 f4708
- p1034(v737): -0.059 0.061  0.02
  neighbors: f3875 f3876 f3877 f3878 f3879 f3880
- p7237(v738): -0.06 0.068  0.02
  neighbors: f3881 f4365 f4710 f4712
- p1449(v739): -0.06 0.068 0.019
  neighbors: f3889 f3886 f4368 f3888 f3892 f4366 f4378 f4379
- p2191(v463): -0.06 0.067 0.019
  neighbors: f3888 f4377 f4378
- p7223(v740): -0.06 0.077 0.019
  neighbors: f3890 f3894 f3892 f3893 f4367 f4368
- p1257(v741): -0.06  0.08 0.018
  neighbors: f4716 f4720 f3897 f4375 f4906 f4905 f4908 f4909
- p1418(v742): -0.056  0.07 0.023
  neighbors: f3899 f3900 f3901 f3902 f3903 f3904
- p7935(v743): -0.055 0.078 0.023
  neighbors: f3905 f3906 f3907
- p1710(v744): -0.057 0.0097 0.018
  neighbors: f3908 f3909 f4758 f4760
- p3626(v745): -0.057 0.0087 0.016
  neighbors: f3915 f4421 f4425
- p5998(v619): -0.055 0.0075 0.017
  neighbors: f4391 f4384 f3921 f3920 f3915 f4383 f4389 f4424 f4425
- p4840(v332): -0.057 0.0086 0.016
  neighbors: f4383 f3915 f4421 f4769 f4770
- p8248(v746): -0.057 0.0092 0.018
  neighbors: f3917 f3918 f3923 f3920 f3921 f3922 f4381 f4382
- p2762(v476): -0.055 0.0069 0.017
  neighbors: f4197 f3920 f3918 f4196 f4390 f4391
- p1769(v618): -0.058 0.0096 0.017
  neighbors: f3921 f3923 f4424 f4426
- p8111(v749): -0.054 0.0089 0.019
  neighbors: f3935 f3936 f4924 f4740 f4934 f4402 f4416 f4759 f4922 f4933 f5052 f5053
- p8667(v750): -0.059  0.01 0.015
  neighbors: f3951 f3947 f3948 f3949 f3950 f4420 f4429
- p9294(v751): -0.00016 0.0058 -0.0019
  neighbors: f3957 f4439 f4443 f4430 f4440 f4775 f4776
- p8301(v752): -6.1e-05 0.054 -0.001
  neighbors: f3969 f3963 f4442 f4441 f3966 f3967 f3968 f4449 f4951 f4952
- p137(v753): -0.00046 0.052 -0.0033
  neighbors: f4946 f4942 f3972 f4454 f4948 f4949
- p2466(v485): -0.00065 0.052 -0.0039
  neighbors: f3972 f3975 f3974 f4453 f4454
- p418(v754): -0.00067 0.0074 -0.0039
  neighbors: f3974 f3975 f3976 f3977 f3978
- p1746(v755): -0.00078 0.0029 -0.0042
  neighbors: f3983 f3980 f3982 f4434 f4772 f4943 f4944
- p2116(v756): -0.004 0.0061 -0.0089
  neighbors: f3987 f3985 f3986 f3992 f3993
- p3110(v757): -0.0037 0.0073 -0.0086
  neighbors: f3988 f3989 f3990
- p4591(v758): -0.0041 0.0051 -0.009
  neighbors: f3991 f3992 f3993 f3994 f3995
- p8900(v759): -0.0042 0.0097 -0.0091
  neighbors: f3996 f3997 f3998 f3999
- p307(v760): -0.0016 0.0049 -0.0059
  neighbors: f4458 f4001 f4457 f4003 f4460 f4463
- p5295(v761): -0.0017 0.055 -0.0057
  neighbors: f4006 f4007 f4010 f4009 f4465 f4783 f4784
- p8265(v127): -0.0011 0.055 -0.0045
  neighbors: f4451 f4006 f4450 f4464 f4465
- p1960(v762): -0.0045 0.055 -0.0089
  neighbors: f4016 f4014 f4471 f4473
- p8178(v765): -0.0059 0.053  0.01
  neighbors: f4036 f4042 f4038 f4039 f4494 f4492 f4496 f4497
- p7716(v766): -0.0051 0.0032 0.0098
  neighbors: f4043 f4044 f4499 f4046 f4047 f4505 f4815 f4816
- p7903(v767): -0.0046 0.049 0.0095
  neighbors: f4051 f4817 f4821
- p9501(v768): -0.0036 0.051 0.0086
  neighbors: f4057 f4056 f4508 f4510
- p787(v769): -0.0022 0.0039 0.0069
  neighbors: f4063 f4062 f4060 f4061 f4514 f4516
- p8968(v646): -0.0027 0.006 0.0076
  neighbors: f4072 f4062 f4070 f4514 f4824 f4825
- p701(v770): -0.003 0.053 0.0079
  neighbors: f4064 f4065 f4066 f4067 f4512 f4513
- p139(v771): -0.0026 0.049 0.0075
  neighbors: f4070 f4071 f4072
- p3350(v775): -0.06 0.076 -0.018
  neighbors: f4085 f4086 f4087 f4088
- p6938(v776): -0.06 0.065 -0.019
  neighbors: f4089 f4090 f4091
- p9676(v777): -0.06 0.075 -0.019
  neighbors: f4092 f4093 f4548 f4549
- p8683(v778): -0.057 0.072 -0.023
  neighbors: f4552 f4096 f4551 f4554 f4555
- p6885(v780): -0.059 0.067 -0.02
  neighbors: f4108 f4109 f4569 f4570
- p616(v659): -0.059 0.067 -0.02
  neighbors: f4109 f4568 f4570 f5188 f5238 f5239
- p6069(v782): -0.038 0.084 -0.019
  neighbors: f4115 f4116 f4117 f4572 f4851 f4852
- p6958(v783): -0.055 0.083 -0.023
  neighbors: f4121 f5076 f4856 f4577 f5212 f5214
- p8884(v786): -0.057 0.083 -0.022
  neighbors: f4138 f4139 f4140 f4141
- p1305(v666): -0.057 0.083 -0.022
  neighbors: f4578 f4141 f4576 f4139 f4597 f4598
- p1255(v787): -0.06  0.08 0.017
  neighbors: f4143 f4144 f5286 f5295
- p811(v788): -0.06 0.025 0.017
  neighbors: f4146 f4604 f4608 f5280 f5281 f5282 f5283 f5284 f5285 f5286 f5287 f5288 f5289 f5290 f5291 f5292 f5293 f5294 f5295
- p986(v789): -0.058 0.084 0.0097
  neighbors: f4150 f4151 f4152
- p5336(v791): -0.057 0.084 0.016
  neighbors: f4158 f4159 f4160 f4161 f4162 f4163
- p1275(v792): -0.057 0.084 0.017
  neighbors: f4164 f4165 f4166 f4167 f4168
- p7752(v793): -0.055 0.0091 -0.019
  neighbors: f4624 f4875 f4174 f4893 f4623 f4873 f5039 f5041
- p5621(v691): -0.057 0.011 -0.019
  neighbors: f4174 f4182 f4179 f4622 f4624
- p9222(v794): -0.057 0.0097 -0.018
  neighbors: f4626 f4176 f4876 f4877
- p4124(v795): -0.058 0.012 -0.019
  neighbors: f4179 f4180 f4181 f4182 f4183 f4184 f4185 f4186
- p5448(v549): -0.058 0.011 -0.019
  neighbors: f4186 f4623 f4179 f4622 f4874 f4627 f4873 f4879 f4880
- p609(v109): -0.059 0.013 -0.019
  neighbors: f4183 f4184 f5095 f5096
- p8174(v796): -0.048 0.0011 -0.012
  neighbors: f4189 f4630 f4634
- p9541(v797): -0.048 0.00098 0.015
  neighbors: f4193 f4638 f4192 f4636 f4749 f4751
- p3447(v694): -0.048 0.0011 0.015
  neighbors: f4636 f4193 f4200 f4194 f4641 f4639 f4882 f4884
- p5193(v798): -0.048 0.0011 0.015
  neighbors: f4194 f4197 f4196 f4640 f4641
- p7847(v799): -0.053 0.0053 0.017
  neighbors: f4198 f4200 f4883 f4884
- p5723(v801): -0.004 0.0002 0.003
  neighbors: f4285 f4207 f4211 f4283 f4644 f5305
- p7068(v802): -0.06 0.012 -0.0037
  neighbors: f4212 f4213 f4214
- p152(v803): -0.06 0.012 0.014
  neighbors: f4215 f4216 f4217 f4218
- p7758(v804): -0.056 0.0082 -0.017
  neighbors: f4219 f4220 f4221 f4226 f4223 f4224 f4225 f4231 f4645 f4647
- p1259(v562): -0.057 0.009 -0.017
  neighbors: f4219 f4237 f4645 f4646
- p7979(v805): -0.059 0.011 -0.017
  neighbors: f4227 f4236 f4229 f4230 f4231 f4235 f4243 f4647 f4648
- p3075(v806): -0.058  0.01 -0.017
  neighbors: f4237 f4238 f4243 f4242 f4241 f4646 f4648
- p1564(v807): -0.058 0.0099 -0.015
  neighbors: f4244 f4245 f4249 f4247 f4248 f4650 f4651
- p4152(v808): -0.059 0.011 -0.0081
  neighbors: f4250 f4251 f4252 f4253
- p5644(v708): -0.059 0.011 0.0034
  neighbors: f4251 f4256 f4250 f4260 f4261
- p1149(v809): -0.059 0.011 0.0014
  neighbors: f4258 f4257 f4256 f4261 f4262
- p882(v810): -0.059 0.011 0.011
  neighbors: f4259 f4260 f4261 f4262 f4263 f4264
- p7122(v811): -0.0023 0.0059 -0.0071
  neighbors: f4270 f4269 f4655 f4656 f4660
- p3387(v812): -4e-05 0.0088 -0.00093
  neighbors: f4273 f4272 f4445 f4446
- p6693(v813): -0.0048 0.00083 0.008
  neighbors: f4274 f4275 f4276 f4277 f4278
- p3933(v814): -0.0042 0.00024 0.0054
  neighbors: f4279 f4285 f4284 f4283 f4665 f4671 f4672
- p2180(v815): -0.0016 0.00086 0.003
  neighbors: f4286 f4667 f4666 f4673 f4677
- p2864(v816): -0.0012 0.00079 -0.00013
  neighbors: f4312 f4291 f4292 f4293 f4675 f4674 f4688 f4689
- p7775(v716): -0.0017 0.0006 0.0021
  neighbors: f4670 f4292 f4667 f4673 f4674
- p87(v817): -0.00053 0.002 0.0026
  neighbors: f4298 f4299 f4300 f4301 f4306 f4678 f4680
- p7791(v818): -0.00036 0.0019 0.0012
  neighbors: f4303 f4304 f4306 f4679 f4680
- p4239(v819): -0.0012 0.0015 -0.004
  neighbors: f4312 f4311 f4316 f4310 f4687 f4689
- p9371(v820): -0.0018 0.0015 -0.0051
  neighbors: f4684 f4682 f4315 f4316 f4686 f4687
- p5356(v821): -0.008 0.00025 -0.0086
  neighbors: f4319 f4320 f4322 f4345 f4346
- p6522(v823): -0.049 0.0026 -0.016
  neighbors: f4330 f4331 f4332 f4333 f4697 f4698
- p6049(v731): -0.049 0.0028 -0.016
  neighbors: f4335 f4330 f4696 f4697
- p3651(v416): -0.048 0.0017 -0.015
  neighbors: f4332 f4330 f4335 f4336
- p6934(v822): -0.053 0.0065 -0.018
  neighbors: f4699 f4896 f4698 f4333 f4894 f4897 f4898
- p1958(v824): -0.05 0.0028 -0.016
  neighbors: f4335 f4336 f4337 f4696 f4700
- p8139(v825): -0.0085 0.00034 -0.0092
  neighbors: f4340 f4357 f4342 f4349 f4355 f4704 f4705
- p9797(v826): -0.0073 0.00029 -0.0085
  neighbors: f4345 f4346 f4349 f4702 f4705
- p625(v827): -0.0099 0.00047 -0.01
  neighbors: f4351 f4352 f4353 f4354 f4355 f4356 f4357
- p885(v828): -0.059 0.075 0.021
  neighbors: f4361 f4359 f4360 f4707 f4708
- p5209(v829): -0.06  0.08  0.02
  neighbors: f4362 f4365 f4364 f4710 f4902 f4904
- p7082(v830): -0.06 0.076 0.019
  neighbors: f4366 f4367 f4368
- p1429(v832): -0.06 0.066 0.019
  neighbors: f4372 f4720 f4713 f4719 f4905 f4907
- p8180(v833): -0.06 0.074 0.019
  neighbors: f4375 f4379 f4377 f4378 f4717 f4908 f4910
- p3709(v834): -0.057 0.0094 0.018
  neighbors: f4380 f4381 f4382
- p2647(v835): -0.054 0.0066 0.015
  neighbors: f4383 f4384 f4724 f4722 f4768 f4769
- p3528(v747): -0.049 0.002 0.014
  neighbors: f4393 f4384 f4389 f4721 f4722
- p73(v836): -0.049 0.002 0.014
  neighbors: f4389 f4390 f4391 f4392 f4393
- p9022(v837): -0.046 0.00081 0.016
  neighbors: f4401 f4406 f4403 f4748 f4398 f4400 f4731 f4730 f4747 f4911 f5046 f5047
- p2695(v838): -0.046 0.0019 0.016
  neighbors: f4402 f4403 f4408 f4737 f4406 f4407 f4740 f4918 f4919
- p6708(v748): -0.052 0.0063 0.018
  neighbors: f4403 f4402 f4747 f4922 f4923
- p5929(v840): -0.055 0.0091 0.019
  neighbors: f4759 f4416 f4752 f4927 f4925 f4928 f4929
- p100(v841): -0.059  0.01 0.016
  neighbors: f4420 f4421 f4429 f4428 f4424 f4425 f4426 f4427 f4766 f4770
- p7202(v842): -0.00022 0.0031 -0.0022
  neighbors: f4430 f4434 f4433 f4772 f4776
- p9914(v843): -8.6e-05 0.0079 -0.0014
  neighbors: f4439 f4443 f4444
- p4689(v844): -5.2e-05 0.051 -0.0011
  neighbors: f4440 f4441 f4442 f4443 f4444 f4445 f4446
- p5355(v630): -0.00026 0.053 -0.0025
  neighbors: f4442 f4775 f4440 f4947 f4951
- p3459(v845): -0.00047 0.054 -0.003
  neighbors: f4452 f4451 f4449 f4450 f4950 f4952
- p9423(v846): -0.00054  0.05 -0.0036
  neighbors: f4453 f4454 f4946 f5064 f5066
- p5338(v847): -0.0015 0.0097 -0.0058
  neighbors: f4456 f4457 f4458
- p8562(v848): -0.0016 0.0043 -0.006
  neighbors: f4459 f4460 f4461 f4462 f4463
- p5095(v849): -0.0018 0.055 -0.0052
  neighbors: f4464 f4465 f4467 f4781 f4784
- p8423(v850): -0.0047 0.055 -0.0092
  neighbors: f4470 f4471 f4472 f4473
- p8210(v851): -0.04 0.082 -0.023
  neighbors: f4795 f4786 f4789 f4477 f4966 f4968
- p5961(v852): -0.041 0.081 -0.023
  neighbors: f4489 f4488 f4975 f4487 f4972 f4971 f4974 f5024 f5025
- p6196(v853): -0.0059 0.048  0.01
  neighbors: f4491 f4492 f4493 f4494
- p7530(v854): -0.0057 0.051  0.01
  neighbors: f4495 f4496 f4497
- p5925(v855): -0.0051 0.0054 0.0098
  neighbors: f4498 f4499 f4814 f4815
- p7490(v856): -0.0049 0.0087 0.0096
  neighbors: f4816 f4505 f4818 f4819
- p4314(v857): -0.0038 0.051 0.0088
  neighbors: f4507 f4508 f4509 f4510
- p774(v858): -0.0028 0.0037 0.0077
  neighbors: f4516 f4512 f4513 f4514 f4515 f4825 f4826
- p2416(v859): -0.0017 0.051 0.0062
  neighbors: f4520 f4518 f4519 f4524 f4525
- p6553(v772): -0.0015 0.051 0.0058
  neighbors: f4518 f4525 f4982 f4983
- p1165(v507): -0.0016 0.0088 0.0059
  neighbors: f4520 f4542 f4518 f4541 f4981 f4982
- p5915(v860): -0.0014 0.052 0.0057
  neighbors: f4983 f4980 f4525 f4524 f4986 f4991
- p9370(v861): -0.0011 0.052 0.005
  neighbors: f4835 f4544 f4834 f4539 f4535 f4984 f4989
- p7313(v862): -0.0011 0.0035 0.0051
  neighbors: f4546 f4539 f4540 f4541 f4542 f4543 f4544 f4545 f4831 f4832
- p2502(v774): -0.0011 0.0089 0.0049
  neighbors: f4539 f4832 f4835
- p8214(v773): -0.0012 0.0064 0.0052
  neighbors: f4827 f4543 f4542 f4979 f4981
- p5394(v650): -0.0012 0.049 0.0052
  neighbors: f4544 f4543 f4827 f4984 f4985
- p8753(v863): -0.06 0.069 -0.019
  neighbors: f4547 f4548 f4549
- p886(v864): -0.057 0.068 -0.022
  neighbors: f4550 f4551 f4552
- p2446(v865): -0.057 0.076 -0.023
  neighbors: f4553 f4554 f4555 f4556 f4557
- p2986(v866): -0.057 0.064 -0.022
  neighbors: f4558 f4559 f4560
- p1355(v779): -0.058 0.064 -0.022
  neighbors: f5098 f4560 f4559 f4562 f5171 f5173
- p2862(v867): -0.058 0.069 -0.022
  neighbors: f4561 f4562 f4995 f5173 f5174
- p4479(v868): -0.059 0.073 -0.02
  neighbors: f4566 f4567 f4568 f4569 f4570
- p8459(v781): -0.059  0.07 -0.02
  neighbors: f4568 f4567 f5236 f5238
- p1464(v869): -0.039 0.084 -0.021
  neighbors: f4852 f4572 f4847 f4955 f4956
- p6412(v870): -0.056 0.083 -0.022
  neighbors: f4576 f4577 f4578 f4580 f4855 f4856
- p6362(v785): -0.055 0.084 -0.021
  neighbors: f4580 f4590 f4589 f4613 f4578 f4597 f4870 f4871
- p3161(v665): -0.054 0.084 -0.022
  neighbors: f4590 f4580 f5136 f4855 f5029 f5133 f5153 f5210 f5211
- p3525(v872): -0.053 0.084 -0.021
  neighbors: f5137 f4590 f4589 f4864 f5028 f5136 f5261 f5262
- p8836(v526): -0.054 0.084 -0.021
  neighbors: f4589 f5246 f4613 f5261 f5266 f5267
- p2750(v874): -0.057 0.084 -0.02
  neighbors: f4597 f4598 f4599 f4600 f4601 f4869 f4870
- p5812(v875): -0.06 0.022 0.017
  neighbors: f4604 f4605 f4606 f4607 f4608
- p9995(v877): -0.054 0.084 -0.021
  neighbors: f4613 f4872 f5125 f4871 f5246 f5256 f5263 f5264
- p7819(v879): -0.057 0.011 -0.019
  neighbors: f4622 f4623 f4624
- p1348(v880): -0.059 0.011 -0.019
  neighbors: f4625 f4626 f4627 f4876 f4880
- p6937(v881): -0.048 0.0011 -0.012
  neighbors: f4630 f4631 f4632 f4633 f4634
- p1718(v882): -0.05 0.0027 0.016
  neighbors: f4638 f4636 f4637 f4881 f4882
- p2364(v839): -0.052 0.0051 0.017
  neighbors: f4751 f4637 f4638 f5057 f5059
- p1006(v883): -0.051 0.0034 0.016
  neighbors: f4639 f4640 f4641
- p9481(v884): -0.0098 0.0002 0.0069
  neighbors: f4643 f4644 f5298 f5299 f5300 f5301 f5302 f5303 f5304 f5305
- p5724(v885): -0.058  0.01 -0.017
  neighbors: f4645 f4646 f4647 f4648
- p9304(v886): -0.056 0.0083 -0.016
  neighbors: f4649 f4650 f4651
- p7476(v887): -0.0024 0.053 -0.0072
  neighbors: f4655 f4653 f4654 f4659 f4660
- p6018(v888): -0.0021 0.0089 -0.0067
  neighbors: f4656 f4660 f4658 f4659 f4886 f4887
- p5466(v889): -0.0038 0.00033 0.0054
  neighbors: f4665 f4664 f4663 f4668 f4672
- p6912(v890): -0.0026 0.0004 0.0035
  neighbors: f4666 f4667 f4668 f4669 f4670 f4671 f4672
- p8631(v891): -0.0014 0.00098 0.0028
  neighbors: f4673 f4674 f4675 f4676 f4677
- p7368(v892): -0.00055 0.0017 0.0019
  neighbors: f4678 f4679 f4680
- p4320(v893): -0.0021 0.0018 -0.0061
  neighbors: f4681 f4682 f4683 f4684
- p4201(v894): -0.0021 0.00084 -0.0043
  neighbors: f4685 f4686 f4687 f4688 f4689
- p1291(v896): -0.052 0.0053 -0.017
  neighbors: f4696 f4697 f4698 f4699 f4700
- p4190(v897): -0.0065 0.00051 -0.0087
  neighbors: f4701 f4702 f4703 f4704 f4705
- p2219(v898): -0.059 0.076 0.021
  neighbors: f4706 f4707 f4708
- p4964(v899): -0.059 0.067  0.02
  neighbors: f4712 f4710 f4711 f4903 f4904
- p8954(v900): -0.06 0.073 0.018
  neighbors: f4713 f4716 f4715 f4906 f4907
- p6008(v901): -0.06 0.073 0.019
  neighbors: f4717 f4720 f4719 f4909 f4910
- p408(v902): -0.049 0.0021 0.014
  neighbors: f4721 f4722 f4723 f4724
- p5250(v904): -0.046 0.00057 0.015
  neighbors: f4730 f4731 f4732 f4733 f4734 f4735
- p5078(v905): -0.047 0.0033 0.017
  neighbors: f4736 f4737 f4918 f4920
- p8979(v906): -0.051 0.0071 0.019
  neighbors: f4919 f4740 f5051 f5053
- p9203(v907): -0.053 0.0071 0.019
  neighbors: f4748 f4747 f4924 f4923 f4932 f4933
- p9038(v903): -0.05 0.0039 0.017
  neighbors: f4935 f4932 f4748 f5046 f5048
- p1251(v908): -0.047 0.00092 0.015
  neighbors: f4749 f4751 f5060 f5059 f5061 f5063
- p5869(v909): -0.057 0.011 0.019
  neighbors: f4752 f4755 f4754 f4926 f4927
- p9256(v910): -0.056 0.0088 0.019
  neighbors: f4939 f4929 f4758 f4759 f4760 f4934 f5054 f5056
- p7242(v911): -0.056 0.0077 0.016
  neighbors: f4766 f4767 f4768 f4769 f4770
- p9189(v912): -0.00027 0.0041 -0.0025
  neighbors: f4776 f4772 f4775 f4944 f4942 f4947 f4948
- p2421(v914): -0.0023 0.055 -0.0059
  neighbors: f4780 f4781 f4782 f4783 f4784
- p7944(v915): -0.039 0.083 -0.022
  neighbors: f4785 f4786 f4957 f4789 f5068 f5070
- p1016(v764): -0.04 0.082 -0.023
  neighbors: f5024 f4972 f4968 f4789 f5022 f5070 f5071
- p3146(v916): -0.039 0.081 -0.023
  neighbors: f4794 f4795 f4796 f4797 f4804 f4799 f4966 f4803 f4802 f5081 f5165 f5217 f5218
- p8779(v918): -0.0051 0.048 0.0098
  neighbors: f4816 f4815 f4814 f4819 f4823
- p4087(v919): -0.0048 0.052 0.0096
  neighbors: f4817 f4818 f4819 f4820 f4821 f4822 f4823
- p2131(v920): -0.0027 0.0065 0.0076
  neighbors: f4824 f4825 f4826
- p1745(v921): -0.0012 0.051 0.0053
  neighbors: f4827 f4980 f4979 f4985 f4986
- p9825(v922): -0.001 0.0069 0.0049
  neighbors: f4831 f4832 f4833 f4834 f4835
- p6420(v924): -0.039 0.084 -0.02
  neighbors: f4847 f4852 f4849 f4851 f5194 f5117 f5193 f5201 f5241 f5242
- p3368(v664): -0.04 0.084 -0.021
  neighbors: f5142 f4955 f5157 f4847 f5144 f5156 f5240 f5241
- p2979(v925): -0.055 0.083 -0.022
  neighbors: f4855 f4856 f5210 f5208 f5214 f5215
- p7616(v927): -0.047 0.084 -0.022
  neighbors: f5135 f4864 f5028 f5134 f5032 f5139 f5141
- p5606(v784): -0.043 0.084 -0.022
  neighbors: f4864 f5143 f5240 f5142 f5032 f5260 f5262
- p1897(v928): -0.054 0.084 -0.02
  neighbors: f5038 f4872 f4869 f4870 f4871 f5124 f5120 f5147 f5148
- p7468(v790): -0.054 0.084 -0.02
  neighbors: f4872 f5121 f5120 f5125 f5195 f5196
- p9153(v929): -0.056 0.0098 -0.019
  neighbors: f4873 f4874 f4875
- p2568(v878): -0.056 0.0095 -0.019
  neighbors: f4875 f4879 f4874 f4878 f4892 f4893
- p7753(v930): -0.057 0.0099 -0.019
  neighbors: f4876 f4877 f4878 f4879 f4880
- p832(v931): -0.05 0.0031 0.016
  neighbors: f4881 f4882 f4883 f4884
- p9644(v932): -0.0019 0.0074 -0.0064
  neighbors: f4885 f4886 f4887
- p6881(v933): -0.055 0.0082 -0.019
  neighbors: f4896 f4889 f4895 f4891 f4892 f4893 f4894 f5039 f5149 f5151
- p405(v895): -0.053 0.0069 -0.018
  neighbors: f4894 f4889 f4898 f4899
- p2068(v730): -0.053 0.0064 -0.018
  neighbors: f4891 f4889 f4899 f4901
- p7191(v934): -0.051 0.0047 -0.017
  neighbors: f4897 f4898 f4899 f4900 f4901
- p1007(v935): -0.059 0.077  0.02
  neighbors: f4902 f4903 f4904
- p9317(v936): -0.06 0.075 0.018
  neighbors: f4905 f4906 f4907
- p518(v937): -0.06 0.075 0.019
  neighbors: f4908 f4909 f4910
- p7865(v938): -0.047 0.001 0.016
  neighbors: f4911 f4916 f5047 f5049
- p4875(v939): -0.049 0.0028 0.016
  neighbors: f4937 f4916 f4935 f5048 f5049
- p6813(v940): -0.05 0.0055 0.018
  neighbors: f4918 f4919 f4920 f5050 f5051
- p1800(v941): -0.053 0.0077 0.019
  neighbors: f4922 f4923 f4924
- p8440(v942): -0.055  0.01  0.02
  neighbors: f4925 f4926 f4927
- p1651(v943): -0.056 0.0093 0.019
  neighbors: f4928 f4929 f4930 f5055 f5056
- p1461(v944): -0.055 0.0076 0.018
  neighbors: f4932 f4933 f4934 f4935 f5060 f4937 f4938 f4939 f5058 f5062 f5063
- p7966(v945): -0.00052 0.0046 -0.0035
  neighbors: f4942 f4943 f4944 f4946 f5065 f5066
- p3575(v946): -0.0003 0.053 -0.0027
  neighbors: f4947 f4948 f4949 f4950 f4951 f4952
- p2950(v947): -0.04 0.084 -0.022
  neighbors: f5068 f4957 f4955 f4956 f5155 f5157
- p6121(v949): -0.04 0.081 -0.023
  neighbors: f4972 f4966 f4967 f4968 f4969 f4970 f4971 f5080 f5081
- p9684(v950): -0.042 0.079 -0.023
  neighbors: f4974 f4975 f5316 f5317
- p2909(v917): -0.044 0.081 -0.023
  neighbors: f5025 f4975 f5167 f5169 f5317
- p5241(v951): -0.051 0.081 -0.023
  neighbors: f4977 f5086 f5167 f5168 f5308 f5309 f5310 f5311 f5312 f5313 f5314 f5315 f5316 f5317
- p5728(v952): -0.0014 0.051 0.0057
  neighbors: f4979 f4980 f4981 f4982 f4983
- p6423(v953): -0.0012 0.053 0.0052
  neighbors: f4984 f4985 f4986 f4987 f4988 f4989 f4990 f4991
- p9775(v955): -0.058 0.066 -0.022
  neighbors: f4995 f5094 f5172 f5174
- p5914(v958): -0.045 0.082 -0.023
  neighbors: f5088 f5025 f5024 f5022 f5132 f5130 f5169 f5170
- p4532(v948): -0.046 0.083 -0.023
  neighbors: f5132 f5022 f5071 f5075 f5131 f5158 f5159
- p7447(v959): -0.047 0.084 -0.022
  neighbors: f5028 f5135 f5137
- p6572(v960): -0.047 0.084 -0.022
  neighbors: f5029 f5134 f5133 f5139 f5204 f5205
- p210(v873): -0.042 0.084 -0.022
  neighbors: f5156 f5145 f5144 f5029 f5153 f5204 f5206
- p6475(v961): -0.043 0.084 -0.022
  neighbors: f5032 f5141 f5145 f5143 f5206 f5207
- p226(v962): -0.053 0.084 -0.02
  neighbors: f5038 f5148 f5328 f5330
- p7414(v876): -0.048 0.084 -0.02
  neighbors: f5038 f5123 f5124 f5328 f5329
- p5009(v963): -0.054 0.0086 -0.019
  neighbors: f5039 f5040 f5041 f5045 f5043 f5044 f5150 f5151
- p3843(v964): -0.047 0.0015 0.016
  neighbors: f5046 f5047 f5048 f5049
- p5910(v965): -0.052 0.0077 0.019
  neighbors: f5050 f5051 f5052 f5053
- p3615(v966): -0.056 0.0089 0.019
  neighbors: f5054 f5055 f5056
- p7341(v967): -0.054 0.0074 0.018
  neighbors: f5057 f5058 f5059 f5060
- p470(v968): -0.051 0.0044 0.017
  neighbors: f5061 f5062 f5063
- p1509(v969): -0.00053 0.006 -0.0035
  neighbors: f5064 f5065 f5066
- p9981(v970): -0.041 0.083 -0.022
  neighbors: f5155 f5068 f5209 f5070 f5071 f5158 f5208 f5215 f5216
- p3189(v971): -0.053 0.083 -0.023
  neighbors: f5074 f5075 f5076 f5090 f5089 f5159 f5212 f5213
- p6913(v926): -0.051 0.082 -0.023
  neighbors: f5074 f5090 f5088 f5129 f5130
- p5994(v871): -0.049 0.082 -0.023
  neighbors: f5075 f5074 f5129 f5131
- p5045(v972): -0.039 0.076 -0.023
  neighbors: f5080 f5081 f5082 f5164 f5217 f5219
- p2304(v973): -0.052 0.082 -0.023
  neighbors: f5090 f5086 f5089 f5088 f5168 f5170
- p3691(v974): -0.058  0.06 -0.022
  neighbors: f5172 f5100 f5093 f5094 f5095 f5096 f5171 f5098 f5099 f5183 f5226 f5228
- p7685(v975): -0.059 0.074 -0.021
  neighbors: f5101 f5177 f5103 f5176 f5225 f5223 f5229 f5247 f5248
- p7232(v976): -0.059 0.063 -0.021
  neighbors: f5107 f5108 f5191 f5232 f5233
- p7699(v956): -0.059 0.063 -0.021
  neighbors: f5177 f5175 f5182 f5108 f5191 f5190 f5229 f5249 f5250
- p8445(v977): -0.045 0.084 -0.02
  neighbors: f5123 f5117 f5122 f5194 f5329
- p80(v957): -0.048 0.084 -0.02
  neighbors: f5195 f5122 f5117 f5121 f5201 f5202
- p8997(v978): -0.049 0.084 -0.02
  neighbors: f5120 f5121 f5122 f5123 f5124
- p7892(v979): -0.053 0.084 -0.021
  neighbors: f5125 f5196 f5203 f5257 f5263 f5265
- p7193(v980): -0.046 0.082 -0.023
  neighbors: f5129 f5130 f5131 f5132
- p1954(v981): -0.054 0.084 -0.022
  neighbors: f5133 f5134 f5135 f5136 f5137
- p421(v982): -0.044 0.084 -0.022
  neighbors: f5141 f5139 f5205 f5207
- p8312(v983): -0.043 0.084 -0.022
  neighbors: f5142 f5143 f5144 f5145
- p2870(v984): -0.055 0.084 -0.019
  neighbors: f5147 f5148 f5327 f5330
- p1161(v985): -0.054 0.0078 -0.019
  neighbors: f5149 f5150 f5151
- p8404(v986): -0.042 0.084 -0.022
  neighbors: f5157 f5153 f5156 f5155 f5209 f5211
- p4912(v987): -0.053 0.083 -0.023
  neighbors: f5158 f5159 f5213 f5216
- p8713(v988): -0.039 0.075 -0.023
  neighbors: f5163 f5164 f5165 f5218 f5219
- p446(v989): -0.047 0.082 -0.023
  neighbors: f5167 f5168 f5169 f5170
- p9291(v990): -0.058 0.065 -0.022
  neighbors: f5171 f5172 f5173 f5174
- p9510(v991): -0.059 0.068 -0.021
  neighbors: f5175 f5176 f5177
- p7259(v992): -0.058 0.061 -0.021
  neighbors: f5183 f5222 f5225 f5228 f5182 f5221 f5224 f5227 f5247 f5249
- p8121(v993): -0.059 0.061 -0.02
  neighbors: f5191 f5190 f5239 f5233 f5188 f5189 f5237 f5253 f5254
- p818(v994): -0.043 0.084 -0.02
  neighbors: f5193 f5194 f5320 f5321 f5322 f5323 f5324 f5325 f5326 f5327 f5328 f5329 f5330
- p4300(v995): -0.052 0.084 -0.02
  neighbors: f5195 f5196 f5202 f5203
- p3269(v996): -0.048 0.084 -0.021
  neighbors: f5203 f5202 f5201 f5242 f5257 f5258
- p4099(v997): -0.043 0.084 -0.022
  neighbors: f5204 f5205 f5206 f5207
- p7398(v998): -0.05 0.083 -0.022
  neighbors: f5208 f5209 f5210 f5211
- p3127(v999): -0.055 0.083 -0.023
  neighbors: f5212 f5213 f5214 f5215 f5216
- p7959(v1000): -0.039 0.077 -0.023
  neighbors: f5217 f5218 f5219
- p1065(v1001): -0.058 0.075 -0.022
  neighbors: f5220 f5221 f5222
- p200(v1002): -0.058 0.067 -0.021
  neighbors: f5223 f5224 f5225
- p4205(v1003): -0.058 0.071 -0.022
  neighbors: f5226 f5227 f5228
- p4366(v1004): -0.058 0.066 -0.021
  neighbors: f5229 f5248 f5250
- p9178(v1005): -0.059 0.065 -0.021
  neighbors: f5232 f5233 f5252 f5254
- p2142(v1006): -0.059 0.065 -0.02
  neighbors: f5236 f5237 f5238 f5239
- p8381(v1007): -0.046 0.084 -0.021
  neighbors: f5240 f5241 f5242 f5246 f5258 f5256 f5260 f5266 f5268
- p7319(v1008): -0.058 0.061 -0.021
  neighbors: f5247 f5248 f5249 f5250
- p5162(v1009): -0.059 0.069 -0.021
  neighbors: f5251 f5252 f5253 f5254
- p524(v1010): -0.05 0.084 -0.021
  neighbors: f5258 f5256 f5257 f5264 f5265
- p2959(v1011): -0.047 0.084 -0.021
  neighbors: f5262 f5260 f5261 f5267 f5268
- p3258(v1012): -0.052 0.084 -0.021
  neighbors: f5263 f5264 f5265
- p4251(v1013): -0.048 0.084 -0.021
  neighbors: f5266 f5267 f5268
- f197
    - flags: top simplicial
    - normal:   0.09571   0.9915  0.08861
    - offset: -0.07996237
    - center: -0.0431699 0.08306666666666666 0.0196044 
    - vertices: p7388(v46) p1146(v25) p714(v7)
    - neighboring facets: f1793 f1916 f221
- f221
    - flags: bottom simplicial
    - normal:   0.09547   0.9913  0.09078
    - offset: -0.08000194
    - center: -0.05016353333333334 0.08372446666666666 0.0197858 
    - vertices: p4585(v51) p7388(v46) p1146(v25)
    - neighboring facets: f197 f2842 f390
- f374
    - flags: bottom simplicial
    - normal:    0.6648   0.6926   0.2799
    - offset: -0.03847306
    - vertices: p670(v81) p8826(v44) p714(v7)
    - neighboring facets: f3373 f699 f1220
- f387
    - flags: top simplicial
    - normal:    0.1862   0.4535   0.8716
    - offset: -0.04920345
    - center: -0.04032236666666666 0.08170666666666666 0.02255653333333334 
    - vertices: p4291(v84) p5101(v47) p7264(v18)
    - neighboring facets: f394 f1000 f388
- f388
    - flags: bottom simplicial
    - normal:     0.267   0.4155   0.8695
    - offset: -0.04289296
    - vertices: p4291(v84) p5101(v47) p2306(v23)
    - neighboring facets: f408 f391 f387
- f390
    - flags: top simplicial
    - normal:   0.09432   0.9881   0.1213
    - offset: -0.08041345
    - vertices: p4291(v84) p4585(v51) p7388(v46)
    - neighboring facets: f221 f392 f2824
- f391
    - flags: top simplicial
    - normal:     0.466   0.4765   0.7455
    - offset: -0.03748661
    - vertices: p4291(v84) p2329(v83) p2306(v23)
    - neighboring facets: f729 f388 f392
- f392
    - flags: bottom simplicial
    - normal:    0.5275   0.5115   0.6783
    - offset: -0.03651283
    - vertices: p4291(v84) p2329(v83) p7388(v46)
    - neighboring facets: f723 f390 f391
- f394
    - flags: bottom simplicial tested
    - normal:    0.1112    0.215   0.9703
    - offset: -0.03513938
    - center: -0.04120523333333333 0.08127343333333333 0.02293180000000001 
    - vertices: p1868(v85) p5101(v47) p7264(v18)
    - neighboring facets: f387 f734 f939
- f408
    - flags: top simplicial
    - normal:    0.3557   0.1555   0.9216
    - offset: -0.0195548
    - vertices: p9890(v88) p5101(v47) p2306(v23)
    - neighboring facets: f388 f1945 f2381
- f459
    - flags: bottom simplicial tested
    - normal:   -0.9954 -0.09304  0.02344
    - offset: -0.05865111
    - center: -0.05975843333333334 0.01271453333333333 0.01498696666666667 
    - vertices: p2886(v98) p7226(v54) p8303(v26)
    - neighboring facets: f2417 f2177 f2938
- f518
    - flags: top simplicial
    - normal:   -0.1738 -0.05945   -0.983
    - offset: -0.02840045
    - vertices: p6879(v108) p9173(v78) p2057(v16)
    - neighboring facets: f927 f2368 f915
- f656
    - flags: bottom simplicial
    - normal:    0.2202 -0.02664  -0.9751
    - offset: -0.01178666
    - vertices: p9464(v134) p5317(v74) p2437(v6)
    - neighboring facets: f662 f1154 f682
- f662
    - flags: top simplicial
    - normal:    0.1841  -0.0201  -0.9827
    - offset: -0.01381971
    - vertices: p5760(v135) p5317(v74) p2437(v6)
    - neighboring facets: f656 f1148 f1524
- f680
    - flags: bottom simplicial
    - normal:    0.1468  -0.1685  -0.9747
    - offset: -0.009549519
    - vertices: p6117(v139) p6247(v77) p2195(v21)
    - neighboring facets: f2636 f918 f1864
- f681
    - flags: bottom simplicial
    - normal:    0.2575 -0.04888   -0.965
    - offset: -0.008681199
    - vertices: p6117(v139) p9464(v134) p1403(v41)
    - neighboring facets: f1186 f1185 f682
- f682
    - flags: top simplicial
    - normal:    0.2237 -0.06657  -0.9724
    - offset: -0.009052516
    - vertices: p6117(v139) p9464(v134) p5317(v74)
    - neighboring facets: f656 f919 f681
- f698
    - flags: top simplicial
    - normal:     0.665   0.6231   0.4117
    - offset: -0.03531302
    - vertices: p8300(v143) p2243(v12) p714(v7)
    - neighboring facets: f1915 f699 f707
- f699
    - flags: bottom simplicial
    - normal:    0.6669   0.6501   0.3641
    - offset: -0.03654314
    - vertices: p8300(v143) p670(v81) p714(v7)
    - neighboring facets: f374 f698 f706
- f706
    - flags: top simplicial
    - normal:    0.7557    0.533   0.3807
    - offset: -0.02995638
    - vertices: p443(v144) p8300(v143) p670(v81)
    - neighboring facets: f699 f1221 f707
- f707
    - flags: bottom simplicial
    - normal:    0.7566   0.4826   0.4412
    - offset: -0.02749831
    - vertices: p443(v144) p8300(v143) p2243(v12)
    - neighboring facets: f698 f2665 f706
- f718
    - flags: bottom simplicial
    - normal:    0.9549   0.1756   0.2395
    - offset: -0.009490598
    - vertices: p7770(v146) p443(v144) p26(v82)
    - neighboring facets: f4988 f1894 f1217
- f723
    - flags: top simplicial
    - normal:    0.6086   0.4413   0.6594
    - offset: -0.02732216
    - vertices: p4063(v147) p2329(v83) p7388(v46)
    - neighboring facets: f392 f1917 f1228
- f729
    - flags: bottom simplicial
    - normal:    0.5192   0.2567   0.8152
    - offset: -0.01915827
    - vertices: p4974(v148) p2329(v83) p2306(v23)
    - neighboring facets: f391 f1226 f1229
- f733
    - flags: top simplicial tested
    - normal:  0.0007714  0.02614   0.9997
    - offset: -0.02507976
    - center: -0.04579856666666666 0.0813391 0.0229971 
    - vertices: p2671(v149) p1868(v85) p1997(v34)
    - neighboring facets: f5269 f3575 f734
    - ridges:
- f734
    - flags: bottom simplicial tested
    - normal:  0.003273  0.05455   0.9985
    - offset: -0.02725396
    - center: -0.0437495 0.08152533333333332 0.02298426666666667 
    - vertices: p2671(v149) p1868(v85) p7264(v18)
    - neighboring facets: f394 f1011 f733
- f776
    - flags: bottom simplicial
    - normal:   -0.8687   0.4953 0.006757
    - offset: -0.09273917
    - center: -0.0593648 0.08288849999999999 0.0170132 
    - vertices: p6580(v157) p3789(v91) p419(v9)
    - neighboring facets: f3191 f2758 f1309
- f838
    - flags: bottom simplicial
    - normal:  -0.09149  -0.2049  -0.9745
    - offset: -0.02193078
    - vertices: p5428(v170) p6879(v108) p2195(v21)
    - neighboring facets: f917 f2161 f5040
- f901
    - flags: top simplicial
    - normal:   -0.9296 -0.01389  -0.3682
    - offset: -0.06170888
    - vertices: p4022(v181) p7846(v58) p8996(v30)
    - neighboring facets: f5189 f1507 f903
- f903
    - flags: top simplicial
    - normal:   -0.9349 -0.01518  -0.3547
    - offset: -0.06175353
    - vertices: p4022(v181) p3734(v107) p7846(v58)
    - neighboring facets: f3687 f901 f1508
- f915
    - flags: bottom simplicial
    - normal:  -0.02881  -0.0623  -0.9976
    - offset: -0.02051972
    - center: -0.05497093333333333 0.02881516666666667 -0.02078026666666667 
    - vertices: p9275(v184) p6879(v108) p9173(v78)
    - neighboring facets: f518 f1878 f917
- f917
    - flags: top simplicial
    - normal:   -0.0532  -0.1688  -0.9842
    - offset: -0.02039144
    - vertices: p9275(v184) p6879(v108) p2195(v21)
    - neighboring facets: f838 f918 f915
- f918
    - flags: bottom simplicial
    - normal:    0.1481  -0.1602  -0.9759
    - offset: -0.009574523
    - vertices: p9275(v184) p6117(v139) p2195(v21)
    - neighboring facets: f680 f917 f919
- f919
    - flags: top simplicial
    - normal:    0.1604 -0.09987   -0.982
    - offset: -0.009697475
    - vertices: p9275(v184) p6117(v139) p5317(v74)
    - neighboring facets: f682 f1522 f918
- f927
    - flags: bottom simplicial
    - normal:   -0.2067 -0.009397  -0.9784
    - offset: -0.0333166
    - vertices: p7829(v186) p9173(v78) p2057(v16)
    - neighboring facets: f518 f1821 f1196
- f937
    - flags: bottom simplicial tested
    - normal:    0.1337  0.00321    0.991
    - offset: -0.01760369
    - center: -0.04016506666666667 0.07599693333333334 0.02293623333333334 
    - vertices: p4036(v188) p2744(v113) p5101(v47)
    - neighboring facets: f1540 f939 f1536
- f938
    - flags: bottom simplicial tested
    - normal:   0.04757 0.006833   0.9988
    - offset: -0.02155493
    - center: -0.04094753333333333 0.077907 0.02299716666666667 
    - vertices: p4036(v188) p1868(v85) p75(v4)
    - neighboring facets: f5271 f1535 f939
    - ridges:
- f939
    - flags: top simplicial tested
    - normal:     0.087  0.01393   0.9961
    - offset: -0.02043273
    - center: -0.0405225 0.07937126666666666 0.0229418 
    - vertices: p4036(v188) p1868(v85) p5101(v47)
    - neighboring facets: f394 f937 f938
- f949
    - flags: bottom simplicial
    - normal:   -0.8567 -0.01917   0.5154
    - offset: -0.06002496
    - vertices: p7399(v191) p7089(v61) p1181(v5)
    - neighboring facets: f1582 f1640 f1558
- f989
    - flags: bottom simplicial
    - normal:   -0.3988 -0.01875   0.9168
    - offset: -0.04205824
    - vertices: p1881(v198) p706(v197) p595(v116)
    - neighboring facets: f1607 f1612 f1647
- f999
    - flags: top simplicial
    - normal:   0.02481   0.5642   0.8253
    - offset: -0.06413381
    - center: -0.04550986666666666 0.08231756666666666 0.02280806666666666 
    - vertices: p7749(v200) p9667(v199) p4860(v117)
    - neighboring facets: f2085 f3581 f1001
- f1000
    - flags: top simplicial
    - normal:    0.1348   0.6207   0.7723
    - offset: -0.06280973
    - vertices: p7749(v200) p4291(v84) p7264(v18)
    - neighboring facets: f387 f1001 f2823
- f1001
    - flags: bottom simplicial
    - normal:   0.03804   0.5063   0.8615
    - offset: -0.05961395
    - center: -0.04374333333333333 0.08214613333333333 0.02285126666666667 
    - vertices: p7749(v200) p9667(v199) p7264(v18)
    - neighboring facets: f2463 f1000 f999
- f1011
    - flags: bottom simplicial tested
    - normal:  0.0008211   0.0948   0.9955
    - offset: -0.03058489
    - center: -0.04679856666666667 0.08172566666666667 0.02297913333333333 
    - vertices: p1554(v202) p2671(v149) p7264(v18)
    - neighboring facets: f734 f2797 f3576
- f1013
    - flags: top simplicial tested
    - normal:   -0.0378 -0.009336   0.9992
    - offset: -0.02442995
    - center: -0.0550473 0.06552346666666665 0.02297843333333333 
    - vertices: p9150(v203) p9299(v64) p1766(v17)
    - neighboring facets: f1532 f1630 f2470
- f1021
    - flags: bottom simplicial
    - normal:   -0.5547  -0.4289    0.713
    - offset: -0.04082807
    - vertices: p7393(v205) p4369(v122) p4700(v67)
    - neighboring facets: f1653 f4930 f1638
- f1029
    - flags: bottom simplicial
    - normal:   -0.4529 -0.04447   0.8904
    - offset: -0.04290859
    - vertices: p7393(v205) p1881(v198) p8780(v33)
    - neighboring facets: f1619 f1639 f1646
- f1033
    - flags: bottom simplicial
    - normal:   -0.8134   -0.581  0.03025
    - offset: -0.04213779
    - vertices: p4846(v206) p3032(v173) p6895(v28)
    - neighboring facets: f2978 f4427 f1658
- f1041
    - flags: top simplicial
    - normal:    0.1916 -0.08499   0.9778
    - offset: -0.009299187
    - vertices: p473(v208) p6426(v60) p1282(v19)
    - neighboring facets: f1237 f2490 f2492
- f1052
    - flags: top simplicial
    - normal:    -0.613  -0.7901 0.001746
    - offset: -0.02878612
    - center: -0.04750996666666666 0.0004413929999999985 0.006116666666666666 
    - vertices: p5293(v210) p2670(v124) p6894(v15)
    - neighboring facets: f2147 f2874 f3293
- f1136
    - flags: bottom simplicial
    - normal:   -0.3405 0.001293  -0.9402
    - offset: -0.04067159
    - vertices: p8605(v222) p7881(v130) p1721(v59)
    - neighboring facets: f1802 f1825 f4556
- f1139
    - flags: bottom simplicial
    - normal:    0.3361 -0.003418  -0.9418
    - offset: -0.007997581
    - vertices: p9410(v223) p3349(v72) p2437(v6)
    - neighboring facets: f1177 f5163 f4797
- f1148
    - flags: top simplicial
    - normal:    0.1809 -0.01728  -0.9833
    - offset: -0.01414796
    - vertices: p1654(v225) p5760(v135) p2437(v6)
    - neighboring facets: f662 f1150 f1149
- f1149
    - flags: bottom simplicial
    - normal:    0.1122  -0.0004  -0.9937
    - offset: -0.01827203
    - vertices: p1654(v225) p5760(v135) p8394(v39)
    - neighboring facets: f1771 f4969 f1148
- f1150
    - flags: bottom simplicial
    - normal:     0.203 -0.001175  -0.9792
    - offset: -0.0142534
    - vertices: p1654(v225) p917(v132) p2437(v6)
    - neighboring facets: f1828 f1148 f4970
- f1154
    - flags: bottom simplicial
    - normal:    0.3006 -0.01933  -0.9535
    - offset: -0.008603172
    - vertices: p4296(v226) p9464(v134) p2437(v6)
    - neighboring facets: f656 f1173 f1172
- f1164
    - flags: top simplicial
    - normal:    0.3531 0.006632  -0.9356
    - offset: -0.008102695
    - vertices: p6320(v228) p6066(v224) p6629(v38)
    - neighboring facets: f4796 f1839 f1857
- f1169
    - flags: bottom simplicial
    - normal:    0.4194 -0.02179  -0.9075
    - offset: -0.006821548
    - vertices: p4323(v229) p8984(v137) p5638(v11)
    - neighboring facets: f1834 f3119 f1845
- f1172
    - flags: top simplicial
    - normal:    0.3032 -0.02296  -0.9527
    - offset: -0.008253036
    - vertices: p4323(v229) p4296(v226) p9464(v134)
    - neighboring facets: f1154 f1187 f1173
- f1173
    - flags: bottom simplicial
    - normal:    0.3186 -0.01408  -0.9478
    - offset: -0.008111409
    - vertices: p4323(v229) p4296(v226) p2437(v6)
    - neighboring facets: f1154 f1177 f1172
- f1177
    - flags: top simplicial
    - normal:    0.3371 -0.003596  -0.9415
    - offset: -0.007935949
    - vertices: p4323(v229) p3349(v72) p2437(v6)
    - neighboring facets: f1139 f1173 f4803
- f1180
    - flags: top simplicial
    - normal:    0.1281  -0.2953  -0.9468
    - offset: -0.009110604
    - vertices: p9511(v230) p4519(v138) p6247(v77)
    - neighboring facets: f1494 f1861 f1863
- f1185
    - flags: bottom simplicial
    - normal:    0.2613 -0.04994   -0.964
    - offset: -0.008628534
    - vertices: p1558(v231) p6117(v139) p1403(v41)
    - neighboring facets: f681 f1186 f1865
- f1186
    - flags: top simplicial
    - normal:    0.2725 -0.04073  -0.9613
    - offset: -0.008523804
    - vertices: p1558(v231) p9464(v134) p1403(v41)
    - neighboring facets: f681 f1185 f1187
- f1187
    - flags: top simplicial
    - normal:     0.274 -0.03992  -0.9609
    - offset: -0.008508886
    - vertices: p1558(v231) p4323(v229) p9464(v134)
    - neighboring facets: f1172 f1186 f3120
- f1195
    - flags: bottom simplicial
    - normal:   -0.1745 -0.0002479  -0.9847
    - offset: -0.03226307
    - center: -0.05570363333333334 0.07042266666666668 -0.02291436666666667 
    - vertices: p3431(v233) p7829(v186) p9071(v31)
    - neighboring facets: f1816 f1819 f1196
- f1196
    - flags: top simplicial
    - normal:   -0.1681 -0.0006171  -0.9858
    - offset: -0.0319115
    - center: -0.0556039 0.06668210000000001 -0.02292996666666667 
    - vertices: p3431(v233) p7829(v186) p9173(v78)
    - neighboring facets: f927 f2618 f1195
- f1197
    - flags: top simplicial tested
    - normal:  -0.01605 -0.01789  -0.9997
    - offset: -0.02269866
    - center: -0.05448326666666667 0.06458346666666666 -0.02298663333333334 
    - vertices: p9168(v234) p2754(v142) p9173(v78)
    - neighboring facets: f1205 f1879 f5308
    - ridges:
- f1204
    - flags: top simplicial tested
    - normal:  -0.06911 -0.0005301  -0.9976
    - offset: -0.02670099
    - center: -0.05521506666666667 0.06716736666666667 -0.0229757 
    - vertices: p2075(v235) p6265(v141) p9173(v78)
    - neighboring facets: f1814 f1205 f1809
- f1205
    - flags: bottom simplicial tested
    - normal:  -0.03698   -0.005  -0.9993
    - offset: -0.02467343
    - center: -0.05495206666666667 0.06563676666666667 -0.0229857 
    - vertices: p2075(v235) p2754(v142) p9173(v78)
    - neighboring facets: f1197 f1204 f1884
- f1216
    - flags: bottom simplicial
    - normal:    0.9564   0.1915   0.2204
    - offset: -0.01029547
    - vertices: p7121(v238) p7770(v146) p934(v43)
    - neighboring facets: f3968 f3375 f1217
- f1217
    - flags: top simplicial
    - normal:    0.9548   0.1797   0.2369
    - offset: -0.009698666
    - vertices: p7121(v238) p7770(v146) p443(v144)
    - neighboring facets: f718 f1221 f1216
- f1220
    - flags: top simplicial
    - normal:    0.7611   0.5624   0.3232
    - offset: -0.03128463
    - vertices: p7121(v238) p670(v81) p8826(v44)
    - neighboring facets: f374 f3374 f1221
- f1221
    - flags: top simplicial
    - normal:    0.7653   0.5546   0.3268
    - offset: -0.03086107
    - vertices: p7121(v238) p443(v144) p670(v81)
    - neighboring facets: f706 f1220 f1217
- f1226
    - flags: bottom simplicial
    - normal:    0.4911   0.2095   0.8455
    - offset: -0.01707013
    - vertices: p4554(v240) p4974(v148) p2306(v23)
    - neighboring facets: f729 f1943 f1900
- f1228
    - flags: bottom simplicial
    - normal:    0.6003   0.4195    0.681
    - offset: -0.02633648
    - vertices: p8298(v241) p4063(v147) p2329(v83)
    - neighboring facets: f723 f1229 f2653
- f1229
    - flags: top simplicial
    - normal:    0.5426   0.2975   0.7855
    - offset: -0.02093162
    - vertices: p8298(v241) p4974(v148) p2329(v83)
    - neighboring facets: f729 f1228 f1905
- f1237
    - flags: bottom simplicial
    - normal:    0.2589 -0.04933   0.9646
    - offset: -0.008588289
    - vertices: p1287(v243) p6426(v60) p1282(v19)
    - neighboring facets: f1041 f1932 f1937
- f1266
    - flags: bottom simplicial
    - normal:   -0.9372   0.3445 -0.05454
    - offset: -0.08511101
    - vertices: p1174(v248) p3058(v155) p2555(v90)
    - neighboring facets: f1959 f1973 f2765
- f1279
    - flags: top simplicial
    - normal:   -0.5377  0.05519  -0.8414
    - offset: -0.0539346
    - center: -0.05739166666666666 0.08104516666666667 -0.02211253333333333 
    - vertices: p1727(v250) p7881(v130) p7218(v71)
    - neighboring facets: f2613 f4138 f3453
- f1282
    - flags: bottom simplicial tested
    - normal:   -0.6491   0.7606 -0.008526
    - offset: -0.1018896
    - center: -0.05870180000000001 0.08369263333333335 -0.0146856 
    - vertices: p7612(v251) p2094(v249) p5515(v24)
    - neighboring facets: f2726 f2788 f1988
- f1309
    - flags: top simplicial
    - normal:   -0.8864   0.4628 0.002888
    - offset: -0.09105086
    - vertices: p1368(v256) p6580(v157) p3789(v91)
    - neighboring facets: f776 f2721 f3484
- f1326
    - flags: bottom simplicial
    - normal:   -0.9728   0.2316 0.001255
    - offset: -0.07711116
    - vertices: p3725(v260) p4999(v160) p3789(v91)
    - neighboring facets: f2059 f3476 f2070
- f1390
    - flags: bottom simplicial
    - normal:  -0.06833  -0.5787  -0.8127
    - offset: -0.01543314
    - vertices: p8079(v272) p4519(v138) p3596(v40)
    - neighboring facets: f1492 f1391 f2164
- f1391
    - flags: top simplicial
    - normal:   -0.1984  -0.5977  -0.7768
    - offset: -0.02081787
    - vertices: p8079(v272) p4986(v169) p3596(v40)
    - neighboring facets: f1399 f1390 f2897
- f1399
    - flags: bottom simplicial
    - normal:   -0.2872   -0.667  -0.6874
    - offset: -0.02341239
    - vertices: p6487(v273) p4986(v169) p3596(v40)
    - neighboring facets: f1391 f2903 f4900
- f1417
    - flags: bottom simplicial
    - normal:   -0.7029  -0.7113 0.0005353
    - offset: -0.03379538
    - vertices: p9415(v277) p7690(v166) p6895(v28)
    - neighboring facets: f4428 f2964 f2962
- f1460
    - flags: top simplicial
    - normal:    0.7285  -0.3284   0.6012
    - offset: -0.00154429
    - vertices: p1938(v284) p7503(v176) p1725(v104)
    - neighboring facets: f2255 f2280 f4515
- f1471
    - flags: top simplicial tested
    - normal:  0.000481       -1 -0.0008888
    - offset: 0.0001985435
    - center: -0.007907846666666666 0.0002006216666666667 -0.006617323333333332 
    - vertices: p8422(v286) p7034(v177) p3120(v105)
    - neighboring facets: f3764 f3095 f5302
    - ridges:
- f1492
    - flags: top simplicial
    - normal:    0.1113  -0.5905  -0.7993
    - offset: -0.006963667
    - vertices: p3711(v289) p4519(v138) p3596(v40)
    - neighboring facets: f1390 f2334 f1494
- f1494
    - flags: bottom simplicial
    - normal:    0.1256  -0.3844  -0.9146
    - offset: -0.00854353
    - vertices: p3711(v289) p4519(v138) p6247(v77)
    - neighboring facets: f1180 f2639 f1492
- f1507
    - flags: top simplicial
    - normal:   -0.9323 -0.01367  -0.3613
    - offset: -0.06174863
    - vertices: p2436(v291) p4022(v181) p8996(v30)
    - neighboring facets: f901 f1511 f1508
- f1508
    - flags: bottom simplicial
    - normal:   -0.9375 -0.01325  -0.3477
    - offset: -0.06181641
    - vertices: p2436(v291) p4022(v181) p3734(v107)
    - neighboring facets: f903 f1509 f1507
- f1509
    - flags: top simplicial
    - normal:   -0.9693 -0.008162  -0.2458
    - offset: -0.06203268
    - vertices: p2436(v291) p1246(v252) p3734(v107)
    - neighboring facets: f3443 f1508 f2354
- f1511
    - flags: bottom simplicial
    - normal:   -0.9481 3.292e-05  -0.3181
    - offset: -0.06267943
    - vertices: p2436(v291) p7466(v253) p8996(v30)
    - neighboring facets: f4108 f1507 f3134
- f1515
    - flags: bottom simplicial tested
    - normal:   -0.9999 -0.009509 -0.009498
    - offset: -0.05979472
    - center: -0.0597858 0.01400406666666667 -0.01552863333333333 
    - vertices: p8594(v292) p3734(v107) p3199(v8)
    - neighboring facets: f2174 f5284 f2359
    - ridges:
- f1521
    - flags: bottom simplicial
    - normal:  0.008755 -0.06298   -0.998
    - offset: -0.01851371
    - vertices: p3854(v294) p9275(v184) p9794(v42)
    - neighboring facets: f1875 f1523 f1522
- f1522
    - flags: top simplicial
    - normal:   0.02085  -0.0654  -0.9976
    - offset: -0.01783522
    - vertices: p3854(v294) p9275(v184) p5317(v74)
    - neighboring facets: f919 f1524 f1521
- f1523
    - flags: top simplicial
    - normal:   0.01695 -0.04598  -0.9988
    - offset: -0.01925894
    - center: -0.04256606666666666 0.06434103333333334 -0.02296653333333333 
    - vertices: p3854(v294) p5760(v135) p9794(v42)
    - neighboring facets: f1868 f1521 f1524
- f1524
    - flags: bottom simplicial
    - normal:   0.02082 -0.05014  -0.9985
    - offset: -0.01882351
    - vertices: p3854(v294) p5760(v135) p5317(v74)
    - neighboring facets: f662 f1522 f1523
- f1530
    - flags: bottom simplicial
    - normal:  1.787e-05 -0.02433   0.9997
    - offset: -0.02142503
    - center: -0.049751 0.06430606666666666 0.02299753333333334 
    - vertices: p8468(v296) p1842(v209) p6359(v187)
    - neighboring facets: f1688 f1533 f1679
- f1532
    - flags: bottom simplicial
    - normal:  -0.03621 -0.01028   0.9993
    - offset: -0.02428254
    - vertices: p8468(v296) p9299(v64) p1766(v17)
    - neighboring facets: f1013 f3274 f1533
- f1533
    - flags: bottom simplicial
    - normal:  -0.008753 -0.005769   0.9999
    - offset: -0.02309675
    - center: -0.0541565 0.06475206666666666 0.02299753333333333 
    - vertices: p8468(v296) p6359(v187) p9299(v64)
    - neighboring facets: f1687 f1532 f1530
- f1535
    - flags: bottom simplicial
    - normal:   0.03877 2.78e-05   0.9992
    - offset: -0.02140323
    - center: -0.04064923333333333 0.07613876666666668 0.02299423333333334 
    - vertices: p525(v297) p4036(v188) p75(v4)
    - neighboring facets: f938 f1681 f1536
- f1536
    - flags: top simplicial
    - normal:   0.05429 0.0003617   0.9985
    - offset: -0.02078212
    - center: -0.04051433333333333 0.0743137 0.02298866666666667 
    - vertices: p525(v297) p4036(v188) p2744(v113)
    - neighboring facets: f937 f1682 f1535
- f1540
    - flags: top simplicial
    - normal:    0.1455 0.002142   0.9894
    - offset: -0.01701225
    - center: -0.04006486666666667 0.07364393333333334 0.0229292 
    - vertices: p8940(v298) p2744(v113) p5101(v47)
    - neighboring facets: f937 f1541 f2503
- f1541
    - flags: bottom simplicial
    - normal:    0.1472 0.002035   0.9891
    - offset: -0.01693378
    - vertices: p8940(v298) p654(v189) p5101(v47)
    - neighboring facets: f2384 f1540 f2506
- f1546
    - flags: bottom simplicial
    - normal:    0.3437 -0.0001451   0.9391
    - offset: -0.007864674
    - vertices: p7186(v300) p9947(v245) p9890(v88)
    - neighboring facets: f1946 f2383 f2375
- f1551
    - flags: bottom simplicial
    - normal:    0.2801  -0.0123   0.9599
    - offset: -0.01000309
    - vertices: p7186(v300) p654(v189) p6426(v60)
    - neighboring facets: f2505 f1552 f2386
- f1552
    - flags: top simplicial
    - normal:    0.3037 -0.01658   0.9526
    - offset: -0.008614985
    - vertices: p7186(v300) p416(v299) p6426(v60)
    - neighboring facets: f1938 f1551 f3149
- f1553
    - flags: bottom simplicial
    - normal:   -0.7082 -0.004777    0.706
    - offset: -0.05620395
    - vertices: p8514(v301) p7399(v191) p8780(v33)
    - neighboring facets: f1641 f3156 f1554
- f1554
    - flags: top simplicial
    - normal:   -0.7421 -0.0005938   0.6703
    - offset: -0.05768916
    - vertices: p8514(v301) p7399(v191) p7285(v114)
    - neighboring facets: f4360 f3163 f1553
- f1558
    - flags: top simplicial
    - normal:    -0.825 -0.003847   0.5652
    - offset: -0.06013338
    - vertices: p7470(v302) p7399(v191) p7089(v61)
    - neighboring facets: f949 f2394 f3874
- f1577
    - flags: top simplicial
    - normal:   -0.8497 7.589e-05   0.5272
    - offset: -0.06105911
    - vertices: p8972(v306) p7089(v61) p419(v9)
    - neighboring facets: f3167 f3162 f2396
- f1582
    - flags: top simplicial
    - normal:   -0.8602 -0.01886   0.5096
    - offset: -0.06012955
    - vertices: p638(v307) p7089(v61) p1181(v5)
    - neighboring facets: f949 f1586 f3879
- f1586
    - flags: top simplicial
    - normal:   -0.9274 -0.01427   0.3739
    - offset: -0.06170636
    - vertices: p3964(v308) p638(v307) p1181(v5)
    - neighboring facets: f1582 f2414 f2415
- f1607
    - flags: top simplicial
    - normal:   -0.3511 -0.00596   0.9363
    - offset: -0.04068091
    - vertices: p5634(v313) p706(v197) p595(v116)
    - neighboring facets: f989 f3903 f3211
- f1612
    - flags: bottom simplicial
    - normal:   -0.4422 -0.005235   0.8969
    - offset: -0.04499715
    - vertices: p1634(v314) p1881(v198) p595(v116)
    - neighboring facets: f989 f2436 f3226
- f1613
    - flags: bottom simplicial
    - normal:    -0.669 -1.71e-05   0.7433
    - offset: -0.05503569
    - vertices: p5198(v315) p4159(v193) p8780(v33)
    - neighboring facets: f3155 f2447 f2444
- f1619
    - flags: top simplicial
    - normal:   -0.5976 -0.00217   0.8018
    - offset: -0.05202958
    - vertices: p3635(v316) p1881(v198) p8780(v33)
    - neighboring facets: f1029 f2448 f3228
- f1630
    - flags: top simplicial
    - normal:  -0.08635 -0.00191   0.9963
    - offset: -0.02753256
    - center: -0.05528443333333333 0.06668036666666667 0.0229718 
    - vertices: p1327(v319) p9150(v203) p1766(v17)
    - neighboring facets: f1013 f2465 f2815
- f1637
    - flags: top simplicial
    - normal:   -0.8098  -0.2688   0.5215
    - offset: -0.05417592
    - vertices: p4569(v321) p4369(v122) p1181(v5)
    - neighboring facets: f1656 f1640 f1638
- f1638
    - flags: top simplicial
    - normal:   -0.6258  -0.2988   0.7205
    - offset: -0.04664056
    - vertices: p4569(v321) p7393(v205) p4369(v122)
    - neighboring facets: f1021 f1637 f1639
- f1639
    - flags: bottom simplicial
    - normal:   -0.5258 -0.04258   0.8495
    - offset: -0.04637082
    - vertices: p4569(v321) p7393(v205) p8780(v33)
    - neighboring facets: f1029 f1641 f1638
- f1640
    - flags: bottom simplicial
    - normal:   -0.8128 -0.02395    0.582
    - offset: -0.05856859
    - vertices: p4569(v321) p7399(v191) p1181(v5)
    - neighboring facets: f949 f1637 f1641
- f1641
    - flags: top simplicial
    - normal:   -0.6451 -0.03482   0.7633
    - offset: -0.05190603
    - vertices: p4569(v321) p7399(v191) p8780(v33)
    - neighboring facets: f1553 f1639 f1640
- f1646
    - flags: top simplicial
    - normal:   -0.3853 -0.04675   0.9216
    - offset: -0.03955773
    - vertices: p2321(v323) p7393(v205) p1881(v198)
    - neighboring facets: f1029 f1647 f1649
- f1647
    - flags: top simplicial
    - normal:   -0.3808 -0.03616    0.924
    - offset: -0.04004191
    - vertices: p2321(v323) p1881(v198) p706(v197)
    - neighboring facets: f989 f2472 f1646
- f1648
    - flags: bottom simplicial
    - normal:   -0.2198 -0.05666   0.9739
    - offset: -0.03091298
    - vertices: p2321(v323) p1402(v322) p1766(v17)
    - neighboring facets: f3275 f2467 f1649
- f1649
    - flags: top simplicial
    - normal:   -0.2753 -0.05438   0.9598
    - offset: -0.03382482
    - vertices: p2321(v323) p1402(v322) p7393(v205)
    - neighboring facets: f4754 f1646 f1648
- f1652
    - flags: top simplicial
    - normal:   -0.1845 0.0006977   0.9828
    - offset: -0.03284215
    - vertices: p2321(v323) p6728(v312) p3816(v119)
    - neighboring facets: f3221 f3234 f2473
- f1653
    - flags: top simplicial
    - normal:   -0.6901  -0.5868   0.4237
    - offset: -0.0417019
    - vertices: p3967(v324) p4369(v122) p4700(v67)
    - neighboring facets: f1021 f3239 f1656
- f1656
    - flags: bottom simplicial
    - normal:   -0.8748  -0.3062   0.3755
    - offset: -0.05490356
    - vertices: p3967(v324) p4369(v122) p1181(v5)
    - neighboring facets: f1637 f2418 f1653
- f1657
    - flags: top simplicial
    - normal:   -0.8982  -0.4348  0.06479
    - offset: -0.0493885
    - vertices: p3967(v324) p3032(v173) p7226(v54)
    - neighboring facets: f2918 f2419 f1658
- f1658
    - flags: top simplicial
    - normal:   -0.8155  -0.5779  0.03186
    - offset: -0.04232285
    - vertices: p3967(v324) p4846(v206) p3032(v173)
    - neighboring facets: f1033 f1657 f3240
- f1679
    - flags: top simplicial
    - normal:  0.0003482 -0.03852   0.9993
    - offset: -0.02048705
    - vertices: p4331(v327) p8468(v296) p1842(v209)
    - neighboring facets: f1530 f3269 f2374
- f1681
    - flags: bottom simplicial tested
    - normal:   0.03858 -3.751e-05   0.9993
    - offset: -0.0214061
    - center: -0.04069153333333334 0.07327883333333333 0.02299576666666666 
    - vertices: p6058(v328) p525(v297) p75(v4)
    - neighboring facets: f1535 f2501 f1682
- f1682
    - flags: top simplicial tested
    - normal:   0.04196 -9.32e-05   0.9991
    - offset: -0.02126147
    - center: -0.04055663333333333 0.07145376666666667 0.0229902 
    - vertices: p6058(v328) p525(v297) p2744(v113)
    - neighboring facets: f1536 f2504 f1681
- f1687
    - flags: top simplicial tested
    - normal:  -0.0001383 -0.0003084        1
    - offset: -0.02298727
    - center: -0.05364966666666667 0.06503086666666666 0.0229999 
    - vertices: p598(v329) p6359(v187) p9299(v64)
    - neighboring facets: f1533 f5272 f1688
    - ridges:
- f1688
    - flags: top simplicial tested
    - normal:  -2.342e-05 -0.0004999        1
    - offset: -0.02296876
    - center: -0.04924416666666667 0.06458486666666667 0.0229999 
    - vertices: p598(v329) p1842(v209) p6359(v187)
    - neighboring facets: f1530 f1687 f5276
    - ridges:
- f1737
    - flags: bottom simplicial
    - normal:    0.5817 7.625e-05  -0.8134
    - offset: -0.005014015
    - vertices: p731(v338) p5603(v337) p2006(v215)
    - neighboring facets: f2566 f2565 f2552
- f1743
    - flags: bottom simplicial
    - normal:    0.6053 0.002415   -0.796
    - offset: -0.004830996
    - vertices: p8044(v339) p5603(v337) p9673(v20)
    - neighboring facets: f2553 f2559 f2567
- f1771
    - flags: top simplicial
    - normal:    0.1037 0.0001533  -0.9946
    - offset: -0.01867418
    - center: -0.04034826666666667 0.06860419999999999 -0.02297246666666666 
    - vertices: p4286(v343) p5760(v135) p8394(v39)
    - neighboring facets: f1149 f4489 f4488
- f1779
    - flags: top simplicial
    - normal:    0.8397   0.5397 -0.06027
    - offset: -0.02919777
    - vertices: p3508(v345) p8372(v341) p934(v43)
    - neighboring facets: f3969 f3376 f2599
- f1793
    - flags: bottom simplicial tested
    - normal:   0.09784   0.9941   0.0459
    - offset: -0.07927221
    - center: -0.0436926 0.08373266666666666 0.006647033333333332 
    - vertices: p1650(v346) p1146(v25) p714(v7)
    - neighboring facets: f197 f4116 f2608
- f1796
    - flags: bottom simplicial
    - normal:    0.5222  0.01005  -0.8528
    - offset: -0.006256305
    - vertices: p2844(v347) p9085(v220) p9673(v20)
    - neighboring facets: f1852 f2554 f3385
- f1798
    - flags: top simplicial
    - normal:    0.4782 0.002089  -0.8782
    - offset: -0.006361576
    - vertices: p1635(v348) p9085(v220) p3856(v70)
    - neighboring facets: f1853 f1838 f2634
- f1802
    - flags: top simplicial
    - normal:    -0.334 0.001932  -0.9426
    - offset: -0.04040587
    - vertices: p6611(v349) p7881(v130) p1721(v59)
    - neighboring facets: f1136 f1827 f1803
- f1803
    - flags: top simplicial
    - normal:   -0.3299 0.003168   -0.944
    - offset: -0.04030119
    - center: -0.05635486666666666 0.07839359999999999 -0.0227368 
    - vertices: p6611(v349) p132(v221) p7881(v130)
    - neighboring facets: f2616 f1802 f1805
- f1805
    - flags: bottom simplicial
    - normal:   -0.2923 0.0002086  -0.9563
    - offset: -0.03824469
    - vertices: p6611(v349) p132(v221) p2057(v16)
    - neighboring facets: f1822 f1826 f1803
- f1809
    - flags: bottom simplicial tested
    - normal:  -0.06712 -0.0001824  -0.9977
    - offset: -0.02661868
    - center: -0.05517273333333333 0.07255156666666668 -0.0229803 
    - vertices: p9610(v350) p2075(v235) p6265(v141)
    - neighboring facets: f1204 f1814 f2611
- f1814
    - flags: bottom simplicial tested
    - normal:  -0.09456 -0.000107  -0.9955
    - offset: -0.0280905
    - center: -0.0553428 0.0713244 -0.02296786666666666 
    - vertices: p9610(v350) p6265(v141) p9173(v78)
    - neighboring facets: f1204 f2625 f1809
- f1816
    - flags: top simplicial
    - normal:   -0.1913 -4.537e-05  -0.9815
    - offset: -0.03314557
    - vertices: p77(v351) p7829(v186) p9071(v31)
    - neighboring facets: f1195 f1819 f1817
- f1817
    - flags: top simplicial
    - normal:    -0.214 0.0002149  -0.9768
    - offset: -0.03432153
    - vertices: p77(v351) p132(v221) p7829(v186)
    - neighboring facets: f1823 f1816 f2622
- f1819
    - flags: bottom simplicial
    - normal:   -0.1705 -0.0001198  -0.9854
    - offset: -0.03206685
    - vertices: p77(v351) p3431(v233) p9071(v31)
    - neighboring facets: f1195 f1816 f2623
- f1821
    - flags: bottom simplicial
    - normal:   -0.2232 -0.005935  -0.9748
    - offset: -0.03438422
    - vertices: p42(v352) p7829(v186) p2057(v16)
    - neighboring facets: f927 f1822 f1823
- f1822
    - flags: top simplicial
    - normal:    -0.274 -0.0001007  -0.9617
    - offset: -0.03731683
    - vertices: p42(v352) p132(v221) p2057(v16)
    - neighboring facets: f1805 f1821 f1823
- f1823
    - flags: bottom simplicial
    - normal:   -0.2217 5.356e-05  -0.9751
    - offset: -0.03470026
    - vertices: p42(v352) p132(v221) p7829(v186)
    - neighboring facets: f1817 f1821 f1822
- f1824
    - flags: top simplicial
    - normal:   -0.3375 0.0002344  -0.9413
    - offset: -0.04045153
    - vertices: p1716(v353) p8605(v222) p2057(v16)
    - neighboring facets: f3448 f1826 f1825
- f1825
    - flags: bottom simplicial
    - normal:   -0.3368 0.0005919  -0.9416
    - offset: -0.04043966
    - vertices: p1716(v353) p8605(v222) p1721(v59)
    - neighboring facets: f1136 f1827 f1824
- f1826
    - flags: bottom simplicial
    - normal:   -0.3059 0.0003651  -0.9521
    - offset: -0.03892265
    - vertices: p1716(v353) p6611(v349) p2057(v16)
    - neighboring facets: f1805 f1824 f1827
- f1827
    - flags: top simplicial
    - normal:    -0.309 0.000472  -0.9511
    - offset: -0.0390819
    - vertices: p1716(v353) p6611(v349) p1721(v59)
    - neighboring facets: f1802 f1825 f1826
- f1828
    - flags: top simplicial
    - normal:    0.2069 -0.000906  -0.9784
    - offset: -0.0141021
    - center: -0.03959873333333334 0.0685139 -0.02284986666666667 
    - vertices: p9646(v354) p917(v132) p2437(v6)
    - neighboring facets: f1150 f5082 f4967
- f1834
    - flags: top simplicial
    - normal:    0.4391 -0.01695  -0.8983
    - offset: -0.006614104
    - vertices: p3093(v355) p8984(v137) p5638(v11)
    - neighboring facets: f1169 f2632 f2628
- f1838
    - flags: top simplicial
    - normal:     0.474 2.595e-05  -0.8805
    - offset: -0.006307548
    - vertices: p3093(v355) p1635(v348) p3856(v70)
    - neighboring facets: f1798 f2630 f2635
- f1839
    - flags: top simplicial
    - normal:    0.3694 0.0002441  -0.9293
    - offset: -0.007577239
    - vertices: p4049(v356) p6320(v228) p6629(v38)
    - neighboring facets: f1164 f4799 f1847
- f1843
    - flags: bottom simplicial
    - normal:    0.4017 5.58e-06  -0.9158
    - offset: -0.007174281
    - vertices: p4068(v357) p6320(v228) p8984(v137)
    - neighboring facets: f1849 f1845 f1847
- f1844
    - flags: bottom simplicial
    - normal:    0.3594 -0.001144  -0.9332
    - offset: -0.007675219
    - vertices: p4068(v357) p4323(v229) p7349(v75)
    - neighboring facets: f4804 f1846 f1845
- f1845
    - flags: top simplicial
    - normal:     0.394 -0.008485  -0.9191
    - offset: -0.007209265
    - vertices: p4068(v357) p4323(v229) p8984(v137)
    - neighboring facets: f1169 f1843 f1844
- f1846
    - flags: top simplicial
    - normal:    0.3712 -1.85e-05  -0.9285
    - offset: -0.00754269
    - vertices: p4068(v357) p4049(v356) p7349(v75)
    - neighboring facets: f4802 f1844 f1847
- f1847
    - flags: bottom simplicial
    - normal:    0.3734 -5.613e-06  -0.9277
    - offset: -0.007516801
    - vertices: p4068(v357) p4049(v356) p6320(v228)
    - neighboring facets: f1839 f1843 f1846
- f1848
    - flags: bottom simplicial
    - normal:    0.4141 0.0001035  -0.9102
    - offset: -0.007027373
    - vertices: p5703(v358) p4649(v227) p8984(v137)
    - neighboring facets: f2627 f1849 f1850
- f1849
    - flags: top simplicial
    - normal:    0.4042 3.943e-05  -0.9147
    - offset: -0.007144052
    - vertices: p5703(v358) p6320(v228) p8984(v137)
    - neighboring facets: f1843 f1848 f1851
- f1850
    - flags: top simplicial
    - normal:    0.4152 0.0006706  -0.9097
    - offset: -0.007041926
    - vertices: p5703(v358) p4649(v227) p3856(v70)
    - neighboring facets: f2629 f1851 f1848
- f1851
    - flags: bottom simplicial
    - normal:    0.4138 0.001064  -0.9104
    - offset: -0.007078871
    - vertices: p5703(v358) p6320(v228) p3856(v70)
    - neighboring facets: f1854 f1850 f1849
- f1852
    - flags: top simplicial
    - normal:    0.5175  0.01329  -0.8556
    - offset: -0.006483158
    - center: -0.005792806666666666 0.05321833333333333 -0.01025506666666667 
    - vertices: p1645(v359) p9085(v220) p9673(v20)
    - neighboring facets: f1796 f3365 f1853
- f1853
    - flags: bottom simplicial
    - normal:    0.4755 0.005456  -0.8797
    - offset: -0.006570148
    - vertices: p1645(v359) p9085(v220) p3856(v70)
    - neighboring facets: f1798 f1854 f1852
- f1854
    - flags: top simplicial
    - normal:    0.4207  0.02639  -0.9068
    - offset: -0.00830616
    - vertices: p1645(v359) p6320(v228) p3856(v70)
    - neighboring facets: f1851 f1853 f1857
- f1857
    - flags: bottom simplicial
    - normal:    0.3914  0.05961  -0.9183
    - offset: -0.01038325
    - center: -0.00724352 0.05278326666666666 -0.01096836666666667 
    - vertices: p1645(v359) p6320(v228) p6066(v224)
    - neighboring facets: f1164 f4794 f1854
- f1861
    - flags: top simplicial
    - normal:    0.1307  -0.2586  -0.9571
    - offset: -0.009292706
    - vertices: p2752(v360) p9511(v230) p6247(v77)
    - neighboring facets: f1180 f2638 f1863
- f1862
    - flags: bottom simplicial
    - normal:   0.04291  -0.3524  -0.9349
    - offset: -0.01272085
    - vertices: p2752(v360) p4519(v138) p2195(v21)
    - neighboring facets: f2163 f2637 f1863
- f1863
    - flags: bottom simplicial
    - normal:   0.07986  -0.3217  -0.9435
    - offset: -0.01122095
    - vertices: p2752(v360) p9511(v230) p4519(v138)
    - neighboring facets: f1180 f1862 f1861
- f1864
    - flags: top simplicial
    - normal:    0.1563  -0.1768  -0.9718
    - offset: -0.009396898
    - vertices: p9922(v361) p6117(v139) p6247(v77)
    - neighboring facets: f680 f2640 f1865
- f1865
    - flags: top simplicial
    - normal:    0.2539 -0.07682  -0.9642
    - offset: -0.008626524
    - vertices: p9922(v361) p1558(v231) p6117(v139)
    - neighboring facets: f1185 f1864 f2642
- f1868
    - flags: bottom simplicial tested
    - normal:  0.006477 -0.01615  -0.9998
    - offset: -0.02166179
    - center: -0.04319516666666667 0.0647978 -0.0229914 
    - vertices: p1967(v362) p5760(v135) p9794(v42)
    - neighboring facets: f1523 f1871 f1869
- f1869
    - flags: bottom simplicial tested
    - normal:  0.005361 -0.01022  -0.9999
    - offset: -0.0220971
    - center: -0.04232133333333333 0.06550016666666666 -0.02299516666666667 
    - vertices: p1967(v362) p4062(v232) p5760(v135)
    - neighboring facets: f1874 f1868 f5310
    - ridges:
- f1871
    - flags: top simplicial tested
    - normal:  0.0005973  -0.0188  -0.9998
    - offset: -0.02175238
    - center: -0.04753949999999999 0.06443910000000001 -0.02299623333333333 
    - vertices: p1967(v362) p9168(v234) p9794(v42)
    - neighboring facets: f1876 f1868 f5313
    - ridges:
- f1873
    - flags: bottom simplicial tested
    - normal:   0.02611 -0.0004879  -0.9997
    - offset: -0.02188908
    - center: -0.04077006666666667 0.069205 -0.02299516666666666 
    - vertices: p8449(v363) p5686(v218) p5760(v135)
    - neighboring facets: f4487 f1874 f5309
    - ridges:
- f1874
    - flags: top simplicial tested
    - normal:   0.00817 -0.005005       -1
    - offset: -0.02232584
    - center: -0.04108583333333333 0.06644996666666667 -0.02299516666666666 
    - vertices: p8449(v363) p4062(v232) p5760(v135)
    - neighboring facets: f1869 f1873 f5314
    - ridges:
- f1875
    - flags: top simplicial
    - normal:  0.001515 -0.06177  -0.9981
    - offset: -0.01891568
    - vertices: p4077(v364) p9275(v184) p9794(v42)
    - neighboring facets: f1521 f1876 f2643
- f1876
    - flags: bottom simplicial
    - normal:  0.0001651 -0.03134  -0.9995
    - offset: -0.02096031
    - vertices: p4077(v364) p9168(v234) p9794(v42)
    - neighboring facets: f1871 f1875 f1881
- f1878
    - flags: bottom simplicial
    - normal:  -0.01288 -0.06171   -0.998
    - offset: -0.0196833
    - vertices: p2579(v365) p9275(v184) p9173(v78)
    - neighboring facets: f915 f1879 f2644
- f1879
    - flags: top simplicial
    - normal:  -0.01186 -0.03326  -0.9994
    - offset: -0.02147617
    - vertices: p2579(v365) p9168(v234) p9173(v78)
    - neighboring facets: f1197 f1878 f1881
- f1881
    - flags: top simplicial
    - normal:  9.648e-05 -0.03197  -0.9995
    - offset: -0.02092294
    - vertices: p2579(v365) p4077(v364) p9168(v234)
    - neighboring facets: f1876 f1879 f2645
- f1883
    - flags: bottom simplicial tested
    - normal:   -0.0122 0.0003958  -0.9999
    - offset: -0.02369211
    - center: -0.0546341 0.07134003333333333 -0.02299906666666667 
    - vertices: p8089(v366) p2075(v235) p5456(v79)
    - neighboring facets: f2610 f5311 f1884
    - ridges:
- f1884
    - flags: top simplicial tested
    - normal:  -0.01788 -0.001772  -0.9998
    - offset: -0.02385569
    - center: -0.0547115 0.06667903333333332 -0.02299906666666667 
    - vertices: p8089(v366) p2075(v235) p2754(v142)
    - neighboring facets: f1205 f5315 f1883
    - ridges:
- f1887
    - flags: bottom simplicial
    - normal:    0.9948 6.355e-05   0.1023
    - offset: -6.040744e-05
    - vertices: p5761(v367) p439(v236) p7770(v146)
    - neighboring facets: f1888 f2997 f2996
- f1888
    - flags: top simplicial
    - normal:    0.9963 0.0002593   0.0855
    - offset: -4.483086e-05
    - vertices: p6471(v368) p439(v236) p7770(v146)
    - neighboring facets: f1887 f1889 f2233
- f1889
    - flags: bottom simplicial
    - normal:    0.9971 0.002788  0.07627
    - offset: -0.0001633751
    - vertices: p6471(v368) p1885(v237) p7770(v146)
    - neighboring facets: f3967 f1888 f2234
- f1894
    - flags: bottom simplicial
    - normal:    0.9802  0.02317   0.1967
    - offset: -0.001419361
    - vertices: p5972(v370) p7770(v146) p26(v82)
    - neighboring facets: f718 f1896 f1895
- f1895
    - flags: bottom simplicial
    - normal:     0.982 0.008691   0.1888
    - offset: -0.0006468085
    - vertices: p5972(v370) p816(v239) p7770(v146)
    - neighboring facets: f2999 f1894 f3069
- f1896
    - flags: top simplicial
    - normal:    0.9719 8.591e-06   0.2352
    - offset: -0.0003348931
    - vertices: p5972(v370) p5535(v369) p26(v82)
    - neighboring facets: f3795 f1894 f3796
- f1899
    - flags: bottom simplicial
    - normal:    0.4768   0.1044   0.8728
    - offset: -0.01177269
    - vertices: p7913(v371) p4554(v240) p6691(v48)
    - neighboring facets: f1944 f4038 f1900
- f1900
    - flags: top simplicial
    - normal:    0.4877   0.1431   0.8612
    - offset: -0.01367203
    - vertices: p7913(v371) p4554(v240) p4974(v148)
    - neighboring facets: f1226 f2646 f1899
- f1905
    - flags: bottom simplicial
    - normal:    0.5714   0.2629   0.7774
    - offset: -0.01882739
    - vertices: p9866(v372) p8298(v241) p4974(v148)
    - neighboring facets: f1229 f2647 f2654
- f1913
    - flags: top simplicial
    - normal:    0.7073   0.2187   0.6722
    - offset: -0.01489399
    - vertices: p3852(v373) p8586(v242) p4063(v147)
    - neighboring facets: f2655 f1917 f2662
- f1915
    - flags: bottom simplicial
    - normal:    0.6484   0.5442   0.5323
    - offset: -0.03177105
    - vertices: p3852(v373) p2243(v12) p714(v7)
    - neighboring facets: f698 f1916 f2666
- f1916
    - flags: top simplicial
    - normal:    0.6337   0.5043   0.5866
    - offset: -0.03007724
    - vertices: p3852(v373) p7388(v46) p714(v7)
    - neighboring facets: f197 f1915 f1917
- f1917
    - flags: top simplicial
    - normal:     0.623   0.4759   0.6208
    - offset: -0.02883533
    - vertices: p3852(v373) p4063(v147) p7388(v46)
    - neighboring facets: f723 f1916 f1913
- f1925
    - flags: top simplicial
    - normal:     0.469 -1.879e-05   0.8832
    - offset: -0.006366999
    - vertices: p468(v375) p9986(v151) p6691(v48)
    - neighboring facets: f2679 f4036 f1926
- f1926
    - flags: top simplicial
    - normal:    0.4965 -0.004482    0.868
    - offset: -0.006003133
    - vertices: p468(v375) p2016(v244) p9986(v151)
    - neighboring facets: f1929 f1925 f3430
- f1929
    - flags: bottom simplicial
    - normal:    0.4783 -0.09327   0.8732
    - offset: -0.005832172
    - vertices: p6920(v376) p2016(v244) p9986(v151)
    - neighboring facets: f1926 f2378 f4047
- f1932
    - flags: bottom simplicial
    - normal:    0.2725   -0.045   0.9611
    - offset: -0.008427867
    - vertices: p6920(v376) p1287(v243) p1282(v19)
    - neighboring facets: f1237 f3258 f1937
- f1937
    - flags: top simplicial
    - normal:    0.2757 -0.04012   0.9604
    - offset: -0.008409253
    - vertices: p6920(v376) p1287(v243) p6426(v60)
    - neighboring facets: f1237 f1938 f1932
- f1938
    - flags: bottom simplicial
    - normal:    0.2918 -0.03069    0.956
    - offset: -0.008266297
    - vertices: p6920(v376) p416(v299) p6426(v60)
    - neighboring facets: f1552 f1937 f3151
- f1940
    - flags: top simplicial
    - normal:    0.4093 0.004002   0.9124
    - offset: -0.007287029
    - vertices: p202(v377) p9947(v245) p6691(v48)
    - neighboring facets: f1942 f2680 f3145
- f1942
    - flags: bottom simplicial
    - normal:    0.4081  0.04978   0.9116
    - offset: -0.009727699
    - vertices: p7694(v378) p9947(v245) p6691(v48)
    - neighboring facets: f1940 f1944 f1946
- f1943
    - flags: bottom simplicial
    - normal:    0.4416   0.1336   0.8872
    - offset: -0.01373264
    - vertices: p7694(v378) p4554(v240) p2306(v23)
    - neighboring facets: f1226 f1945 f1944
- f1944
    - flags: top simplicial
    - normal:    0.4471   0.1103   0.8877
    - offset: -0.01244251
    - vertices: p7694(v378) p4554(v240) p6691(v48)
    - neighboring facets: f1899 f1942 f1943
- f1945
    - flags: top simplicial
    - normal:     0.402  0.07843   0.9123
    - offset: -0.01132369
    - vertices: p7694(v378) p9890(v88) p2306(v23)
    - neighboring facets: f408 f1943 f1946
- f1946
    - flags: top simplicial
    - normal:    0.3906  0.06227   0.9184
    - offset: -0.0106038
    - vertices: p7694(v378) p9947(v245) p9890(v88)
    - neighboring facets: f1546 f1945 f1942
- f1949
    - flags: top simplicial tested
    - normal:    -0.999 -0.0009488 -0.04434
    - offset: -0.06048093
    - center: -0.05979293333333333 0.0606806 -0.01814003333333333 
    - vertices: p4276(v379) p3792(v106) p3929(v57)
    - neighboring facets: f2358 f1955 f2683
- f1951
    - flags: bottom simplicial
    - normal:   -0.9634  0.01805  -0.2676
    - offset: -0.06398745
    - vertices: p4405(v380) p7466(v253) p7511(v156)
    - neighboring facets: f3136 f2690 f1956
- f1955
    - flags: top simplicial
    - normal:   -0.9989 3.481e-06 -0.04766
    - offset: -0.0605918
    - center: -0.05978646666666666 0.06859079999999999 -0.01831666666666667 
    - vertices: p4405(v380) p4276(v379) p3929(v57)
    - neighboring facets: f1949 f2687 f4085
- f1956
    - flags: top simplicial
    - normal:   -0.9225  0.05699  -0.3818
    - offset: -0.06680528
    - vertices: p4405(v380) p7466(v253) p7745(v154)
    - neighboring facets: f2015 f1957 f1951
- f1957
    - flags: bottom simplicial
    - normal:   -0.9026    0.125  -0.4119
    - offset: -0.07168237
    - vertices: p4405(v380) p1727(v250) p7745(v154)
    - neighboring facets: f5101 f1956 f1960
- f1958
    - flags: bottom simplicial
    - normal:   -0.9997   0.0191 -0.01324
    - offset: -0.06155624
    - center: -0.05978836666666668 0.08104043333333334 -0.01785826666666666 
    - vertices: p4405(v380) p5885(v246) p2555(v90)
    - neighboring facets: f2049 f1959 f4087
- f1959
    - flags: top simplicial
    - normal:   -0.9393   0.3022  -0.1624
    - offset: -0.08364053
    - vertices: p4405(v380) p3058(v155) p2555(v90)
    - neighboring facets: f1266 f1958 f1960
- f1960
    - flags: top simplicial
    - normal:   -0.8544   0.3448  -0.3888
    - offset: -0.08618612
    - vertices: p4405(v380) p1727(v250) p3058(v155)
    - neighboring facets: f4140 f1959 f1957
- f1973
    - flags: bottom simplicial
    - normal:   -0.9423   0.3339   -0.025
    - offset: -0.08403959
    - vertices: p3036(v382) p1174(v248) p2555(v90)
    - neighboring facets: f1266 f2713 f3490
- f1982
    - flags: bottom simplicial
    - normal:    -0.885   0.4655 -0.0007132
    - offset: -0.09116851
    - vertices: p1978(v383) p3036(v382) p6791(v158)
    - neighboring facets: f2718 f3485 f3491
- f1987
    - flags: bottom simplicial
    - normal:    -0.662   0.7494 -0.01591
    - offset: -0.1018175
    - center: -0.05888626666666667 0.08349386666666665 -0.01693596666666667 
    - vertices: p8437(v384) p7612(v251) p3058(v155)
    - neighboring facets: f4600 f2756 f1988
- f1988
    - flags: top simplicial
    - normal:   -0.6616   0.7497 -0.01523
    - offset: -0.1018137
    - vertices: p8437(v384) p7612(v251) p2094(v249)
    - neighboring facets: f1282 f2019 f1987
- f2012
    - flags: top simplicial tested
    - normal:   -0.1309   0.9914 -9.449e-07
    - offset: -0.09113096
    - center: -0.05716583333333333 0.08437486666666667 -0.001653213333333333 
    - vertices: p7763(v388) p5674(v265) p4585(v51)
    - neighboring facets: f2107 f3623 f3612
- f2015
    - flags: bottom simplicial
    - normal:   -0.9141  0.04344  -0.4032
    - offset: -0.06568034
    - vertices: p7256(v389) p7466(v253) p7745(v154)
    - neighboring facets: f1956 f3464 f4566
- f2019
    - flags: top simplicial
    - normal:   -0.7422   0.6701 -3.022e-05
    - offset: -0.09970596
    - vertices: p3506(v390) p8437(v384) p2094(v249)
    - neighboring facets: f1988 f2762 f2755
- f2020
    - flags: top simplicial
    - normal:   -0.6609   0.7502  0.02038
    - offset: -0.1019568
    - vertices: p3506(v390) p4883(v93) p419(v9)
    - neighboring facets: f2817 f2759 f2021
- f2021
    - flags: top simplicial
    - normal:    -0.647   0.7625 0.008471
    - offset: -0.1019357
    - vertices: p3506(v390) p4663(v161) p4883(v93)
    - neighboring facets: f2077 f2020 f3514
- f2037
    - flags: bottom simplicial tested
    - normal:        -1 0.004126 0.001133
    - offset: -0.06015083
    - center: -0.0597991 0.0808836 0.01637376666666667 
    - vertices: p2643(v394) p4664(v257) p3695(v27)
    - neighboring facets: f5280 f4143 f3548
    - ridges:
- f2042
    - flags: top simplicial
    - normal:   -0.9986  0.05358 -0.0004255
    - offset: -0.06408283
    - center: -0.05978990000000001 0.08161066666666666 -0.0148538 
    - vertices: p5286(v395) p417(v258) p2555(v90)
    - neighboring facets: f2050 f2058 f2046
- f2046
    - flags: top simplicial
    - normal:    -0.999  0.04362 -1.422e-06
    - offset: -0.06329377
    - center: -0.05979426666666666 0.08153173333333334 -0.007363083333333333 
    - vertices: p5286(v395) p1888(v393) p417(v258)
    - neighboring facets: f3527 f2042 f3539
- f2048
    - flags: top simplicial tested
    - normal:        -1 0.009642 -0.002492
    - offset: -0.06061824
    - center: -0.0597988 0.08120873333333332 -0.01582186666666667 
    - vertices: p6856(v396) p417(v258) p1945(v153)
    - neighboring facets: f3526 f5283 f2050
    - ridges:
- f2049
    - flags: top simplicial tested
    - normal:   -0.9999  0.01537 -0.006442
    - offset: -0.06114287
    - center: -0.05979483333333333 0.08095619999999999 -0.01736323333333334 
    - vertices: p6856(v396) p5885(v246) p2555(v90)
    - neighboring facets: f1958 f2050 f5288
    - ridges:
- f2050
    - flags: bottom simplicial tested
    - normal:   -0.9999  0.01555 -0.005815
    - offset: -0.06114671
    - center: -0.05979363333333333 0.08132233333333333 -0.01662956666666666 
    - vertices: p6856(v396) p417(v258) p2555(v90)
    - neighboring facets: f2042 f2049 f2048
- f2051
    - flags: top simplicial
    - normal:   -0.9718   0.2357 -0.003987
    - offset: -0.07742385
    - vertices: p7515(v397) p2555(v90) p8361(v49)
    - neighboring facets: f2712 f2052 f2060
- f2052
    - flags: bottom simplicial
    - normal:   -0.9741    0.226 -0.001649
    - offset: -0.07672898
    - vertices: p7515(v397) p2128(v259) p8361(v49)
    - neighboring facets: f2071 f2051 f2061
- f2054
    - flags: top simplicial
    - normal:    -0.985   0.1726 0.0003172
    - offset: -0.07299428
    - vertices: p9391(v398) p2128(v259) p4999(v160)
    - neighboring facets: f2069 f2059 f2061
- f2058
    - flags: top simplicial
    - normal:   -0.9934   0.1146 -3.049e-05
    - offset: -0.06875051
    - vertices: p9391(v398) p5286(v395) p2555(v90)
    - neighboring facets: f2042 f2060 f3544
- f2059
    - flags: top simplicial
    - normal:   -0.9747   0.2236 0.001538
    - offset: -0.07656746
    - vertices: p9391(v398) p4999(v160) p3789(v91)
    - neighboring facets: f1326 f3550 f2054
- f2060
    - flags: bottom simplicial
    - normal:   -0.9913   0.1314 -4.738e-05
    - offset: -0.07000409
    - vertices: p9391(v398) p7515(v397) p2555(v90)
    - neighboring facets: f2051 f2058 f2061
- f2061
    - flags: top simplicial
    - normal:   -0.9911   0.1329 -4.681e-05
    - offset: -0.07010841
    - vertices: p9391(v398) p7515(v397) p2128(v259)
    - neighboring facets: f2052 f2054 f2060
- f2065
    - flags: top simplicial
    - normal:   -0.9559   0.2938 -6.091e-05
    - offset: -0.08120388
    - vertices: p2884(v399) p3725(v260) p8361(v49)
    - neighboring facets: f2072 f2714 f2066
- f2066
    - flags: bottom simplicial
    - normal:   -0.9549   0.2971 -2.209e-05
    - offset: -0.08141489
    - vertices: p2884(v399) p3725(v260) p1444(v255)
    - neighboring facets: f3477 f2715 f2065
- f2069
    - flags: bottom simplicial
    - normal:   -0.9779   0.2092 4.653e-05
    - offset: -0.07557104
    - vertices: p1494(v400) p2128(v259) p4999(v160)
    - neighboring facets: f2054 f2070 f2071
- f2070
    - flags: top simplicial
    - normal:   -0.9728   0.2318 0.0007039
    - offset: -0.07712006
    - vertices: p1494(v400) p3725(v260) p4999(v160)
    - neighboring facets: f1326 f2069 f2072
- f2071
    - flags: top simplicial
    - normal:   -0.9708   0.2398 -0.0008129
    - offset: -0.07766105
    - vertices: p1494(v400) p2128(v259) p8361(v49)
    - neighboring facets: f2052 f2072 f2069
- f2072
    - flags: bottom simplicial
    - normal:   -0.9652   0.2615 -0.0003611
    - offset: -0.07910539
    - vertices: p1494(v400) p3725(v260) p8361(v49)
    - neighboring facets: f2065 f2071 f2070
- f2074
    - flags: top simplicial
    - normal:   -0.6475   0.7621 0.0006253
    - offset: -0.1018114
    - vertices: p4265(v401) p8692(v261) p4663(v161)
    - neighboring facets: f2078 f3512 f3563
- f2077
    - flags: bottom simplicial
    - normal:   -0.6301   0.7765 0.004845
    - offset: -0.1020577
    - vertices: p6372(v402) p4663(v161) p4883(v93)
    - neighboring facets: f2021 f3555 f2078
- f2078
    - flags: bottom simplicial
    - normal:   -0.6363   0.7714 0.002976
    - offset: -0.1019706
    - vertices: p6372(v402) p8692(v261) p4663(v161)
    - neighboring facets: f2074 f2077 f2790
- f2085
    - flags: bottom simplicial
    - normal:  0.0001485   0.2953   0.9554
    - offset: -0.04613662
    - vertices: p9101(v403) p9667(v199) p4860(v117)
    - neighboring facets: f999 f3567 f2086
- f2086
    - flags: bottom simplicial
    - normal:  -0.0004023   0.2649   0.9643
    - offset: -0.04386387
    - vertices: p9101(v403) p6046(v318) p9667(v199)
    - neighboring facets: f2464 f2085 f2794
- f2089
    - flags: top simplicial
    - normal:   -0.5401   0.2334   0.8086
    - offset: -0.06795281
    - vertices: p9754(v404) p7429(v62) p419(v9)
    - neighboring facets: f3165 f2818 f2090
- f2090
    - flags: top simplicial
    - normal:   -0.4551   0.2892   0.8422
    - offset: -0.06841054
    - center: -0.05697923333333333 0.08285656666666667 0.02198746666666667 
    - vertices: p9754(v404) p3315(v262) p7429(v62)
    - neighboring facets: f2802 f2089 f2822
- f2107
    - flags: bottom simplicial
    - normal:   -0.1019   0.9948 6.975e-05
    - offset: -0.08976158
    - center: -0.05710366666666667 0.08438193333333333 0.005643736666666667 
    - vertices: p5117(v406) p5674(v265) p4585(v51)
    - neighboring facets: f2012 f2844 f3614
- f2109
    - flags: top simplicial tested
    - normal:  -0.04322   0.9991 -8.629e-07
    - offset: -0.08677586
    - center: -0.0569036 0.08439546666666668 -0.0039601 
    - vertices: p5694(v407) p756(v263) p2171(v95)
    - neighboring facets: f2845 f3609 f2110
- f2110
    - flags: bottom simplicial tested
    - normal:  -0.01377   0.9999 -4.581e-05
    - offset: -0.08517306
    - center: -0.05678163333333334 0.08439879999999998 -0.004229966666666667 
    - vertices: p5694(v407) p756(v263) p3022(v163)
    - neighboring facets: f2839 f3601 f2109
- f2118
    - flags: bottom simplicial
    - normal:   -0.2495   0.9678  0.03463
    - offset: -0.09661246
    - vertices: p3686(v408) p9754(v404) p4585(v51)
    - neighboring facets: f2825 f3620 f3585
- f2144
    - flags: top simplicial
    - normal:   -0.6691  -0.7431 -9.093e-07
    - offset: -0.03146795
    - vertices: p2611(v412) p2311(v410) p157(v165)
    - neighboring facets: f3949 f3642 f4247
- f2147
    - flags: bottom simplicial tested
    - normal:    -0.339  -0.9408 0.005263
    - offset:   -0.01574
    - center: -0.04722476666666667 0.0003288483333333355 0.007698856666666666 
    - vertices: p620(v413) p2670(v124) p6894(v15)
    - neighboring facets: f1052 f2148 f2881
- f2148
    - flags: top simplicial tested
    - normal:   -0.2771  -0.9608 0.003136
    - offset: -0.01281029
    - center: -0.04706063333333333 0.0002380343333333344 -9.033000000000016e-05 
    - vertices: p620(v413) p6472(v270) p6894(v15)
    - neighboring facets: f3826 f2147 f2149
- f2149
    - flags: bottom simplicial tested
    - normal:  -0.0002591       -1 7.517e-06
    - offset: 0.000187886
    - center: -0.04672156666666667 0.000200036 0.006080513333333333 
    - vertices: p620(v413) p6472(v270) p6130(v213)
    - neighboring facets: f5298 f3655 f2148
    - ridges:
- f2160
    - flags: top simplicial
    - normal:  -0.09773  -0.4796   -0.872
    - offset: -0.01793977
    - vertices: p8703(v414) p8079(v272) p5428(v170)
    - neighboring facets: f2162 f2896 f2898
- f2161
    - flags: bottom simplicial
    - normal:  -0.06274   -0.446  -0.8928
    - offset: -0.01672648
    - vertices: p1679(v415) p5428(v170) p2195(v21)
    - neighboring facets: f838 f2163 f2162
- f2162
    - flags: bottom simplicial
    - normal:  -0.07673  -0.4597  -0.8847
    - offset: -0.01721336
    - vertices: p1679(v415) p8079(v272) p5428(v170)
    - neighboring facets: f2160 f2161 f2164
- f2163
    - flags: top simplicial
    - normal:  -0.01511  -0.4056  -0.9139
    - offset: -0.0149459
    - vertices: p1679(v415) p4519(v138) p2195(v21)
    - neighboring facets: f1862 f2161 f2164
- f2164
    - flags: top simplicial
    - normal:  -0.03041  -0.4229  -0.9057
    - offset: -0.01548296
    - vertices: p1679(v415) p8079(v272) p4519(v138)
    - neighboring facets: f1390 f2163 f2162
- f2172
    - flags: top simplicial tested
    - normal:        -1 -0.0007472 1.306e-06
    - offset: -0.05979029
    - center: -0.05979996666666666 0.01292216666666667 -0.006694909999999999 
    - vertices: p2336(v417) p5503(v274) p4413(v171)
    - neighboring facets: f2913 f2905 f5289
    - ridges:
- f2174
    - flags: top simplicial tested
    - normal:   -0.9996  -0.0285 -0.007289
    - offset: -0.0594965
    - center: -0.0597858 0.0128946 -0.01428166666666667 
    - vertices: p2336(v417) p3734(v107) p3199(v8)
    - neighboring facets: f1515 f5285 f2175
    - ridges:
- f2175
    - flags: top simplicial tested
    - normal:   -0.9984 -0.05557 -0.005346
    - offset: -0.05905405
    - center: -0.0597784 0.01269313333333333 -0.01387313333333333 
    - vertices: p2336(v417) p6009(v275) p3734(v107)
    - neighboring facets: f2183 f2174 f2906
- f2177
    - flags: bottom simplicial tested
    - normal:        -1 -0.008027 0.0002769
    - offset: -0.05969479
    - center: -0.05979753333333334 0.01297176666666667 0.01196764666666667 
    - vertices: p9586(v418) p2886(v98) p8303(v26)
    - neighboring facets: f459 f2912 f2909
- f2183
    - flags: bottom simplicial
    - normal:   -0.9972 -0.07435 -0.005835
    - offset: -0.05875197
    - vertices: p8949(v420) p6009(v275) p3734(v107)
    - neighboring facets: f2175 f3686 f3677
- f2220
    - flags: bottom simplicial
    - normal:    0.5667  -0.2096  -0.7968
    - offset: -0.004243824
    - vertices: p7282(v427) p1336(v278) p5638(v11)
    - neighboring facets: f3128 f2225 f2986
- f2225
    - flags: top simplicial
    - normal:    0.5581 -0.03839  -0.8289
    - offset: -0.005085953
    - vertices: p7282(v427) p392(v129) p5638(v11)
    - neighboring facets: f2631 f2220 f2227
- f2227
    - flags: top simplicial
    - normal:    0.5891 -0.007948   -0.808
    - offset: -0.004854177
    - vertices: p7282(v427) p731(v338) p392(v129)
    - neighboring facets: f2551 f2225 f3342
- f2233
    - flags: bottom simplicial
    - normal:    0.9982 7.768e-05  0.05925
    - offset: -1.754359e-05
    - vertices: p7737(v428) p6471(v368) p439(v236)
    - neighboring facets: f1888 f2995 f2234
- f2234
    - flags: top simplicial
    - normal:    0.9984 9.26e-05  0.05639
    - offset: -1.628782e-05
    - vertices: p7737(v428) p6471(v368) p1885(v237)
    - neighboring facets: f1889 f3006 f2233
- f2255
    - flags: bottom simplicial
    - normal:    0.7113  -0.4693   0.5232
    - offset: -0.0006194336
    - vertices: p2933(v433) p7503(v176) p1725(v104)
    - neighboring facets: f1460 f3027 f3748
- f2280
    - flags: top simplicial
    - normal:    0.7005  -0.2089   0.6824
    - offset: -0.002643572
    - vertices: p2017(v437) p1938(v284) p1725(v104)
    - neighboring facets: f1460 f4044 f2281
- f2281
    - flags: top simplicial
    - normal:    0.7078 -0.01187   0.7063
    - offset: -0.003434558
    - vertices: p2017(v437) p5353(v436) p1938(v284)
    - neighboring facets: f3059 f2280 f2283
- f2283
    - flags: bottom simplicial
    - normal:    0.6684 -0.0008786   0.7438
    - offset: -0.003965915
    - vertices: p2017(v437) p5353(v436) p7721(v86)
    - neighboring facets: f3400 f3391 f2281
- f2305
    - flags: bottom simplicial
    - normal:    0.6811  -0.4213  -0.5989
    - offset: -0.001513439
    - vertices: p1899(v442) p1336(v278) p4724(v174)
    - neighboring facets: f2985 f4683 f3129
- f2321
    - flags: top simplicial tested
    - normal:  0.003787  -0.9995  -0.0327
    - offset: -4.960681e-05
    - center: -0.0332492 0.0002019410000000001 -0.01153893333333333 
    - vertices: p8758(v444) p425(v443) p5469(v271)
    - neighboring facets: f3086 f3088 f3096
- f2333
    - flags: bottom simplicial
    - normal:    0.1052  -0.6573  -0.7463
    - offset: -0.006333111
    - vertices: p9826(v446) p935(v179) p3596(v40)
    - neighboring facets: f3859 f2334 f3857
- f2334
    - flags: top simplicial
    - normal:    0.1104  -0.6031    -0.79
    - offset: -0.006839964
    - vertices: p9826(v446) p3711(v289) p3596(v40)
    - neighboring facets: f1492 f2333 f2340
- f2340
    - flags: bottom simplicial
    - normal:    0.2701  -0.4323  -0.8603
    - offset: -0.006407482
    - vertices: p9826(v446) p3711(v289) p1558(v231)
    - neighboring facets: f2641 f3118 f2334
- f2341
    - flags: bottom simplicial
    - normal:   0.02562  -0.9819  -0.1878
    - offset: -0.001230872
    - vertices: p6779(v447) p8787(v288) p3613(v178)
    - neighboring facets: f2901 f2342 f2343
- f2342
    - flags: top simplicial
    - normal:   0.03169  -0.9732  -0.2279
    - offset: -0.001554296
    - vertices: p6779(v447) p7779(v290) p3613(v178)
    - neighboring facets: f3130 f2341 f4356
- f2343
    - flags: bottom simplicial
    - normal:   0.02127  -0.9877  -0.1552
    - offset: -0.0009629379
    - center: -0.02261814333333333 0.0002604633333333331 -0.01096594666666667 
    - vertices: p6779(v447) p425(v443) p8787(v288)
    - neighboring facets: f3087 f2341 f3813
- f2348
    - flags: bottom simplicial
    - normal:   0.07453   -0.839   -0.539
    - offset: -0.004279979
    - vertices: p277(v448) p3613(v178) p3596(v40)
    - neighboring facets: f2902 f3860 f4352
- f2353
    - flags: bottom simplicial
    - normal:   -0.9741 0.0002101  -0.2263
    - offset: -0.06246245
    - vertices: p6473(v449) p1246(v252) p7511(v156)
    - neighboring facets: f2689 f3137 f2354
- f2354
    - flags: bottom simplicial
    - normal:   -0.9679 -0.00158  -0.2514
    - offset: -0.06246101
    - vertices: p6473(v449) p2436(v291) p1246(v252)
    - neighboring facets: f1509 f2353 f3135
- f2357
    - flags: bottom simplicial tested
    - normal:        -1 -0.0003124 -0.008055
    - offset: -0.0599244
    - center: -0.05979873333333334 0.03002766666666666 -0.01700763333333333 
    - vertices: p2663(v450) p8594(v292) p3792(v106)
    - neighboring facets: f5287 f2358 f2359
    - ridges:
- f2358
    - flags: bottom simplicial tested
    - normal:   -0.9988 -0.001423 -0.04882
    - offset: -0.06052146
    - center: -0.05979303333333334 0.04522866666666667 -0.01769916666666667 
    - vertices: p2663(v450) p3792(v106) p3929(v57)
    - neighboring facets: f1949 f2360 f2357
- f2359
    - flags: top simplicial tested
    - normal:   -0.9999 -0.009018 -0.01167
    - offset: -0.0598371
    - center: -0.05978453333333334 0.01513316666666667 -0.01675243333333333 
    - vertices: p2663(v450) p8594(v292) p3734(v107)
    - neighboring facets: f1515 f2360 f2357
- f2360
    - flags: top simplicial tested
    - normal:   -0.9966 -0.00261 -0.08259
    - offset: -0.06093597
    - center: -0.05977883333333333 0.03033416666666667 -0.01744396666666667 
    - vertices: p2663(v450) p3734(v107) p3929(v57)
    - neighboring facets: f3442 f2358 f2359
- f2362
    - flags: bottom simplicial
    - normal:   -0.8767   -0.481 -0.003264
    - offset: -0.04665844
    - vertices: p369(v451) p1312(v424) p9987(v99)
    - neighboring facets: f4257 f3138 f3682
- f2364
    - flags: top simplicial
    - normal:   -0.9219  -0.3875 7.358e-05
    - offset: -0.0503846
    - vertices: p369(v451) p6443(v293) p3032(v173)
    - neighboring facets: f2919 f3139 f2921
- f2368
    - flags: top simplicial
    - normal:   -0.2067  -0.0592  -0.9766
    - offset: -0.0301216
    - vertices: p7441(v452) p6879(v108) p2057(v16)
    - neighboring facets: f518 f2369 f2370
- f2369
    - flags: bottom simplicial
    - normal:   -0.2235 -0.05876  -0.9729
    - offset: -0.03101505
    - vertices: p7441(v452) p4971(v295) p2057(v16)
    - neighboring facets: f2701 f2368 f2370
- f2370
    - flags: top simplicial
    - normal:     -0.22 -0.06231  -0.9735
    - offset: -0.0307754
    - vertices: p7441(v452) p4971(v295) p6879(v108)
    - neighboring facets: f4181 f2368 f2369
- f2373
    - flags: top simplicial
    - normal:  0.0001959 -0.05712   0.9984
    - offset: -0.01928587
    - vertices: p9212(v453) p4331(v327) p8291(v111)
    - neighboring facets: f3270 f3272 f2374
- f2374
    - flags: bottom simplicial
    - normal:  -9.455e-05 -0.04526    0.999
    - offset: -0.02007269
    - vertices: p9212(v453) p4331(v327) p8468(v296)
    - neighboring facets: f1679 f3273 f2373
- f2375
    - flags: top simplicial
    - normal:    0.3436 -0.0003537   0.9391
    - offset: -0.007854591
    - vertices: p5995(v454) p7186(v300) p9947(v245)
    - neighboring facets: f1546 f3146 f3150
- f2378
    - flags: bottom simplicial
    - normal:    0.3465 -0.01806   0.9379
    - offset: -0.007698143
    - vertices: p5995(v454) p6920(v376) p9986(v151)
    - neighboring facets: f1929 f3143 f3152
- f2381
    - flags: bottom simplicial
    - normal:    0.3188 0.002569   0.9478
    - offset: -0.009250306
    - vertices: p3140(v455) p9890(v88) p5101(v47)
    - neighboring facets: f408 f2382 f2383
- f2382
    - flags: top simplicial
    - normal:    0.2933 5.767e-06    0.956
    - offset: -0.01023625
    - vertices: p3140(v455) p7186(v300) p5101(v47)
    - neighboring facets: f2385 f2381 f2383
- f2383
    - flags: bottom simplicial
    - normal:    0.3296 0.0002534   0.9441
    - offset: -0.008557114
    - vertices: p3140(v455) p7186(v300) p9890(v88)
    - neighboring facets: f1546 f2381 f2382
- f2384
    - flags: top simplicial
    - normal:    0.2065 0.0002501   0.9785
    - offset: -0.0142014
    - vertices: p9619(v456) p654(v189) p5101(v47)
    - neighboring facets: f1541 f2385 f2386
- f2385
    - flags: bottom simplicial
    - normal:    0.2674 -0.0005812   0.9636
    - offset: -0.01138607
    - vertices: p9619(v456) p7186(v300) p5101(v47)
    - neighboring facets: f2382 f2384 f2386
- f2386
    - flags: top simplicial
    - normal:    0.2578 -0.004442   0.9662
    - offset: -0.01155726
    - vertices: p9619(v456) p7186(v300) p654(v189)
    - neighboring facets: f1551 f2384 f2385
- f2394
    - flags: top simplicial
    - normal:   -0.8254 -0.002134   0.5646
    - offset: -0.06025276
    - vertices: p4780(v458) p7470(v302) p7089(v61)
    - neighboring facets: f1558 f2396 f2395
- f2395
    - flags: bottom simplicial
    - normal:   -0.8204 -0.0003282   0.5718
    - offset: -0.06022384
    - vertices: p4780(v458) p7470(v302) p238(v190)
    - neighboring facets: f3873 f2397 f2394
- f2396
    - flags: bottom simplicial
    - normal:   -0.8385 4.029e-05   0.5449
    - offset: -0.06075867
    - vertices: p4780(v458) p8972(v306) p7089(v61)
    - neighboring facets: f1577 f2394 f2398
- f2397
    - flags: top simplicial
    - normal:    -0.823 0.0001125   0.5681
    - offset: -0.06032803
    - vertices: p4780(v458) p8795(v192) p238(v190)
    - neighboring facets: f3869 f2395 f2398
- f2398
    - flags: top simplicial
    - normal:   -0.8251 0.000194   0.5649
    - offset: -0.06039588
    - vertices: p4780(v458) p8972(v306) p8795(v192)
    - neighboring facets: f3870 f2397 f2396
- f2414
    - flags: top simplicial
    - normal:   -0.9428 -0.01948   0.3329
    - offset: -0.06180846
    - vertices: p5905(v462) p3964(v308) p1181(v5)
    - neighboring facets: f1586 f2418 f2415
- f2415
    - flags: bottom simplicial
    - normal:   -0.9463  -0.0122   0.3231
    - offset: -0.06194787
    - vertices: p5905(v462) p3964(v308) p638(v307)
    - neighboring facets: f1586 f3210 f2414
- f2417
    - flags: top simplicial
    - normal:   -0.9946 -0.09736  0.03527
    - offset: -0.05873713
    - vertices: p5905(v462) p7226(v54) p8303(v26)
    - neighboring facets: f459 f3194 f2419
- f2418
    - flags: bottom simplicial
    - normal:   -0.9536  -0.2421   0.1788
    - offset: -0.05682063
    - vertices: p5905(v462) p3967(v324) p1181(v5)
    - neighboring facets: f1656 f2414 f2419
- f2419
    - flags: top simplicial
    - normal:   -0.9564  -0.2465   0.1568
    - offset: -0.05654754
    - vertices: p5905(v462) p3967(v324) p7226(v54)
    - neighboring facets: f1657 f2417 f2418
- f2435
    - flags: top simplicial
    - normal:   -0.4105 7.229e-06   0.9119
    - offset: -0.04390702
    - vertices: p4785(v466) p1634(v314) p7429(v62)
    - neighboring facets: f3223 f3217 f2436
- f2436
    - flags: bottom simplicial
    - normal:   -0.3916 -0.0006594   0.9202
    - offset: -0.04296861
    - vertices: p4785(v466) p1634(v314) p595(v116)
    - neighboring facets: f1612 f2438 f2435
- f2438
    - flags: top simplicial
    - normal:   -0.3729 -0.0001533   0.9279
    - offset: -0.04212121
    - vertices: p4785(v466) p908(v464) p595(v116)
    - neighboring facets: f3904 f2436 f3218
- f2442
    - flags: top simplicial
    - normal:   -0.5688 0.009442   0.8224
    - offset: -0.05167073
    - vertices: p5191(v467) p4159(v193) p7429(v62)
    - neighboring facets: f3166 f3224 f2445
- f2444
    - flags: top simplicial
    - normal:    -0.667 2.652e-05   0.7451
    - offset: -0.0549596
    - vertices: p4889(v468) p5198(v315) p4159(v193)
    - neighboring facets: f1613 f2445 f2447
- f2445
    - flags: bottom simplicial
    - normal:   -0.5869 0.003947   0.8096
    - offset: -0.05201097
    - vertices: p4889(v468) p5191(v467) p4159(v193)
    - neighboring facets: f2442 f2444 f2446
- f2446
    - flags: top simplicial
    - normal:   -0.5855 0.003532   0.8106
    - offset: -0.05192127
    - vertices: p4889(v468) p5191(v467) p3635(v316)
    - neighboring facets: f3229 f2448 f2445
- f2447
    - flags: bottom simplicial
    - normal:   -0.6642 -3.501e-05   0.7476
    - offset: -0.05484777
    - vertices: p4889(v468) p5198(v315) p8780(v33)
    - neighboring facets: f1613 f2448 f2444
- f2448
    - flags: top simplicial
    - normal:     -0.62 -0.0006635   0.7846
    - offset: -0.05304785
    - vertices: p4889(v468) p3635(v316) p8780(v33)
    - neighboring facets: f1619 f2447 f2446
- f2463
    - flags: top simplicial
    - normal:  0.008604   0.2747   0.9615
    - offset: -0.04420473
    - vertices: p9707(v471) p9667(v199) p7264(v18)
    - neighboring facets: f1001 f2798 f2464
- f2464
    - flags: top simplicial
    - normal:  0.0001723   0.2259   0.9742
    - offset: -0.04085939
    - vertices: p9707(v471) p6046(v318) p9667(v199)
    - neighboring facets: f2086 f2463 f2795
- f2465
    - flags: top simplicial
    - normal:   -0.1151 -0.0004503   0.9934
    - offset: -0.02915455
    - vertices: p5782(v472) p1327(v319) p1766(v17)
    - neighboring facets: f1630 f2467 f3231
- f2467
    - flags: bottom simplicial
    - normal:   -0.1417 -0.0001277   0.9899
    - offset: -0.03057341
    - vertices: p5782(v472) p2321(v323) p1766(v17)
    - neighboring facets: f1648 f2465 f3236
- f2470
    - flags: bottom simplicial tested
    - normal:  -0.02277 -0.0002829   0.9997
    - offset: -0.02421725
    - center: -0.05476073333333333 0.0689647 0.02299573333333333 
    - vertices: p3963(v473) p9150(v203) p9299(v64)
    - neighboring facets: f1013 f5270 f2814
    - ridges:
- f2472
    - flags: top simplicial
    - normal:   -0.2311 -0.002025   0.9729
    - offset: -0.03503657
    - vertices: p4256(v474) p2321(v323) p706(v197)
    - neighboring facets: f1647 f3212 f2473
- f2473
    - flags: bottom simplicial
    - normal:   -0.1959 0.0002603   0.9806
    - offset: -0.03339877
    - vertices: p4256(v474) p2321(v323) p6728(v312)
    - neighboring facets: f1652 f2475 f2472
- f2475
    - flags: top simplicial
    - normal:   -0.2591 0.0009555   0.9658
    - offset: -0.03665051
    - vertices: p4256(v474) p8981(v465) p6728(v312)
    - neighboring facets: f3222 f2473 f3213
- f2489
    - flags: top simplicial
    - normal:    0.1138   -0.584   0.8038
    - offset: -0.006959278
    - vertices: p1035(v477) p9389(v430) p1590(v121)
    - neighboring facets: f4400 f4398 f3257
- f2490
    - flags: top simplicial
    - normal:     0.151  -0.1628    0.975
    - offset: -0.009478464
    - vertices: p4436(v478) p473(v208) p1282(v19)
    - neighboring facets: f1041 f3261 f2492
- f2492
    - flags: bottom simplicial
    - normal:    0.1616 -0.09993   0.9818
    - offset: -0.009634645
    - vertices: p4436(v478) p473(v208) p6426(v60)
    - neighboring facets: f1041 f3268 f2490
- f2501
    - flags: bottom simplicial tested
    - normal:   0.01094 -0.0003259   0.9999
    - offset: -0.02252727
    - center: -0.04084833333333333 0.07077683333333333 0.0229987 
    - vertices: p7430(v479) p6058(v328) p75(v4)
    - neighboring facets: f1681 f5279 f3282
    - ridges:
- f2503
    - flags: bottom simplicial
    - normal:   0.08688 -0.001522   0.9962
    - offset: -0.01927917
    - vertices: p1607(v480) p8940(v298) p2744(v113)
    - neighboring facets: f1540 f2504 f2506
- f2504
    - flags: top simplicial
    - normal:   0.04199 -9.628e-05   0.9991
    - offset: -0.02125988
    - center: -0.04055563333333333 0.06801303333333333 0.02298983333333333 
    - vertices: p1607(v480) p6058(v328) p2744(v113)
    - neighboring facets: f1682 f2503 f3284
- f2505
    - flags: top simplicial
    - normal:    0.1121 -0.005526   0.9937
    - offset: -0.01793663
    - vertices: p1607(v480) p654(v189) p6426(v60)
    - neighboring facets: f1551 f2507 f2506
- f2506
    - flags: top simplicial
    - normal:    0.1082 -0.003234   0.9941
    - offset: -0.0182527
    - vertices: p1607(v480) p8940(v298) p654(v189)
    - neighboring facets: f1541 f2505 f2503
- f2507
    - flags: bottom simplicial
    - normal:   0.05221 -0.02758   0.9983
    - offset: -0.01902631
    - center: -0.04064126666666667 0.064637 0.02297083333333333 
    - vertices: p1607(v480) p1842(v209) p6426(v60)
    - neighboring facets: f3267 f2505 f3283
- f2522
    - flags: top simplicial
    - normal:   -0.6691  -0.7431 5.662e-07
    - offset: -0.0314678
    - vertices: p4140(v482) p7415(v330) p157(v165)
    - neighboring facets: f3641 f3296 f3304
- f2551
    - flags: bottom simplicial
    - normal:    0.5723 -0.004034    -0.82
    - offset: -0.005092834
    - vertices: p6623(v487) p731(v338) p392(v129)
    - neighboring facets: f2227 f2555 f2552
- f2552
    - flags: top simplicial
    - normal:    0.5582 7.684e-06  -0.8297
    - offset: -0.005295052
    - vertices: p6623(v487) p731(v338) p5603(v337)
    - neighboring facets: f1737 f2553 f2551
- f2553
    - flags: top simplicial
    - normal:    0.5545 4.752e-05  -0.8322
    - offset: -0.005340031
    - vertices: p6623(v487) p5603(v337) p9673(v20)
    - neighboring facets: f1743 f2554 f2552
- f2554
    - flags: bottom simplicial
    - normal:    0.5531 5.395e-05  -0.8331
    - offset: -0.005357659
    - vertices: p6623(v487) p2844(v347) p9673(v20)
    - neighboring facets: f1796 f2553 f2555
- f2555
    - flags: top simplicial
    - normal:    0.5433 7.86e-06  -0.8395
    - offset: -0.005476583
    - vertices: p6623(v487) p2844(v347) p392(v129)
    - neighboring facets: f3384 f2551 f2554
- f2558
    - flags: top simplicial
    - normal:    0.6989 -6.29e-06  -0.7152
    - offset: -0.003609199
    - vertices: p8716(v488) p8349(v426) p3986(v216)
    - neighboring facets: f3335 f3332 f3988
- f2559
    - flags: bottom simplicial
    - normal:    0.6213  0.02933   -0.783
    - offset: -0.006055927
    - center: -0.004428849999999999 0.0529614 -0.009264566666666666 
    - vertices: p8716(v488) p8044(v339) p9673(v20)
    - neighboring facets: f1743 f4472 f3987
- f2565
    - flags: bottom simplicial
    - normal:    0.6043 0.0001345  -0.7967
    - offset: -0.004733874
    - vertices: p3888(v489) p731(v338) p2006(v215)
    - neighboring facets: f1737 f2566 f3340
- f2566
    - flags: top simplicial
    - normal:    0.6055 0.001432  -0.7959
    - offset: -0.004781067
    - vertices: p3888(v489) p5603(v337) p2006(v215)
    - neighboring facets: f1737 f2565 f2567
- f2567
    - flags: top simplicial
    - normal:    0.6061 0.002032  -0.7954
    - offset: -0.004801583
    - vertices: p3888(v489) p8044(v339) p5603(v337)
    - neighboring facets: f1743 f2566 f3996
- f2594
    - flags: bottom simplicial
    - normal:    0.7766 9.727e-05    -0.63
    - offset: -0.002680997
    - vertices: p1915(v493) p2245(v492) p5947(v340)
    - neighboring facets: f3334 f3716 f3339
- f2595
    - flags: top simplicial
    - normal:    0.6539   0.7417  -0.1496
    - offset: -0.04067426
    - vertices: p3980(v494) p3508(v345) p8511(v219)
    - neighboring facets: f2602 f4467 f2599
- f2599
    - flags: bottom simplicial
    - normal:    0.8136     0.56  -0.1566
    - offset: -0.03040476
    - vertices: p3980(v494) p3508(v345) p8372(v341)
    - neighboring facets: f1779 f4452 f2595
- f2600
    - flags: bottom simplicial
    - normal:    0.5246   0.8511  0.02022
    - offset: -0.05153852
    - vertices: p1930(v495) p8511(v219) p714(v7)
    - neighboring facets: f4115 f3371 f2602
- f2602
    - flags: bottom simplicial
    - normal:    0.6263   0.7788  -0.0352
    - offset: -0.04271138
    - vertices: p1930(v495) p3508(v345) p8511(v219)
    - neighboring facets: f2595 f2600 f3372
- f2608
    - flags: top simplicial tested
    - normal:   0.01745   0.9998  0.00814
    - offset: -0.08355736
    - center: -0.0446919 0.08439933333333335 -0.005727966666666666 
    - vertices: p528(v496) p1650(v346) p1146(v25)
    - neighboring facets: f1793 f5322 f3604
    - ridges:
- f2610
    - flags: top simplicial tested
    - normal:  -0.02361 0.0009889  -0.9997
    - offset: -0.02435403
    - center: -0.05479513333333334 0.07617040000000001 -0.0229914 
    - vertices: p2260(v497) p2075(v235) p5456(v79)
    - neighboring facets: f1883 f3378 f2611
- f2611
    - flags: top simplicial tested
    - normal:  -0.03867 0.0006947  -0.9993
    - offset: -0.02515024
    - center: -0.05512636666666667 0.07641240000000001 -0.02298263333333333 
    - vertices: p2260(v497) p9610(v350) p2075(v235)
    - neighboring facets: f1809 f2610 f2617
- f2613
    - flags: bottom simplicial tested
    - normal:   -0.3223  0.07583  -0.9436
    - offset: -0.04564968
    - center: -0.0563198 0.0812078 -0.02261476666666667 
    - vertices: p2260(v497) p7881(v130) p7218(v71)
    - neighboring facets: f1279 f4121 f2616
- f2616
    - flags: bottom simplicial tested
    - normal:   -0.2799  0.03599  -0.9594
    - offset: -0.04042159
    - center: -0.05602606666666666 0.0798561 -0.0227935 
    - vertices: p2260(v497) p132(v221) p7881(v130)
    - neighboring facets: f1803 f2613 f2617
- f2617
    - flags: bottom simplicial tested
    - normal:    -0.203  0.01326  -0.9791
    - offset: -0.03478031
    - center: -0.0555164 0.08000393333333333 -0.02292806666666667 
    - vertices: p2260(v497) p9610(v350) p132(v221)
    - neighboring facets: f2621 f2616 f2611
- f2618
    - flags: top simplicial
    - normal:   -0.1441 -4.493e-05  -0.9896
    - offset: -0.03070108
    - vertices: p2479(v498) p3431(v233) p9173(v78)
    - neighboring facets: f1196 f2626 f2624
- f2621
    - flags: top simplicial
    - normal:    -0.185 0.004587  -0.9827
    - offset: -0.03317218
    - vertices: p3024(v499) p9610(v350) p132(v221)
    - neighboring facets: f2617 f2622 f2625
- f2622
    - flags: bottom simplicial
    - normal:   -0.1852 0.004518  -0.9827
    - offset: -0.03317877
    - vertices: p3024(v499) p77(v351) p132(v221)
    - neighboring facets: f1817 f2621 f2623
- f2623
    - flags: top simplicial
    - normal:   -0.1626 9.724e-05  -0.9867
    - offset: -0.03167564
    - vertices: p3024(v499) p77(v351) p3431(v233)
    - neighboring facets: f1819 f2624 f2622
- f2624
    - flags: bottom simplicial
    - normal:   -0.1394 0.0001018  -0.9902
    - offset: -0.03046967
    - vertices: p3024(v499) p2479(v498) p3431(v233)
    - neighboring facets: f2618 f2623 f2626
- f2625
    - flags: bottom simplicial
    - normal:   -0.1311 0.0001837  -0.9914
    - offset: -0.03003835
    - vertices: p3024(v499) p9610(v350) p9173(v78)
    - neighboring facets: f1814 f2626 f2621
- f2626
    - flags: top simplicial
    - normal:   -0.1368 0.0001144  -0.9906
    - offset: -0.03033451
    - vertices: p3024(v499) p2479(v498) p9173(v78)
    - neighboring facets: f2618 f2625 f2624
- f2627
    - flags: top simplicial
    - normal:    0.4238 1.149e-05  -0.9058
    - offset: -0.006910805
    - vertices: p3630(v500) p4649(v227) p8984(v137)
    - neighboring facets: f1848 f2628 f2629
- f2628
    - flags: bottom simplicial
    - normal:    0.4476 -0.005869  -0.8942
    - offset: -0.006581431
    - vertices: p3630(v500) p3093(v355) p8984(v137)
    - neighboring facets: f1834 f2627 f2630
- f2629
    - flags: bottom simplicial
    - normal:     0.458 -8.853e-07   -0.889
    - offset: -0.006502445
    - vertices: p3630(v500) p4649(v227) p3856(v70)
    - neighboring facets: f1850 f2630 f2627
- f2630
    - flags: top simplicial
    - normal:    0.4698 -2.205e-05  -0.8828
    - offset: -0.006356432
    - vertices: p3630(v500) p3093(v355) p3856(v70)
    - neighboring facets: f1838 f2629 f2628
- f2631
    - flags: bottom simplicial
    - normal:    0.5036  -0.0217  -0.8637
    - offset: -0.005835876
    - vertices: p6525(v501) p392(v129) p5638(v11)
    - neighboring facets: f2225 f2632 f3382
- f2632
    - flags: top simplicial
    - normal:    0.4449 -0.01706  -0.8954
    - offset: -0.006548059
    - vertices: p6525(v501) p3093(v355) p5638(v11)
    - neighboring facets: f1834 f2631 f2635
- f2634
    - flags: bottom simplicial
    - normal:    0.4942 3.785e-06  -0.8694
    - offset: -0.006066379
    - vertices: p6525(v501) p1635(v348) p9085(v220)
    - neighboring facets: f1798 f3383 f2635
- f2635
    - flags: bottom simplicial
    - normal:     0.488 -3.651e-06  -0.8728
    - offset: -0.006139543
    - vertices: p6525(v501) p3093(v355) p1635(v348)
    - neighboring facets: f1838 f2634 f2632
- f2636
    - flags: top simplicial
    - normal:     0.131   -0.256  -0.9578
    - offset: -0.009303608
    - vertices: p8008(v502) p6247(v77) p2195(v21)
    - neighboring facets: f680 f2637 f2638
- f2637
    - flags: bottom simplicial
    - normal:    0.1305  -0.2569  -0.9576
    - offset: -0.009318236
    - vertices: p8008(v502) p2752(v360) p2195(v21)
    - neighboring facets: f1862 f2636 f2638
- f2638
    - flags: top simplicial
    - normal:    0.1309  -0.2566  -0.9576
    - offset: -0.009301317
    - vertices: p8008(v502) p2752(v360) p6247(v77)
    - neighboring facets: f1861 f2636 f2637
- f2639
    - flags: bottom simplicial
    - normal:    0.1826  -0.3293  -0.9264
    - offset: -0.008225844
    - vertices: p4191(v503) p3711(v289) p6247(v77)
    - neighboring facets: f1494 f2640 f2641
- f2640
    - flags: top simplicial
    - normal:    0.1593  -0.1856  -0.9696
    - offset: -0.009319563
    - vertices: p4191(v503) p9922(v361) p6247(v77)
    - neighboring facets: f1864 f2639 f2642
- f2641
    - flags: top simplicial
    - normal:    0.2217   -0.325  -0.9194
    - offset: -0.007768209
    - vertices: p4191(v503) p3711(v289) p1558(v231)
    - neighboring facets: f2340 f2642 f2639
- f2642
    - flags: bottom simplicial
    - normal:    0.2253  -0.2637  -0.9379
    - offset: -0.008103423
    - vertices: p4191(v503) p9922(v361) p1558(v231)
    - neighboring facets: f1865 f2641 f2640
- f2643
    - flags: bottom simplicial
    - normal:  0.001075 -0.06173  -0.9981
    - offset: -0.01893963
    - vertices: p3240(v504) p4077(v364) p9275(v184)
    - neighboring facets: f1875 f2644 f2645
- f2644
    - flags: top simplicial
    - normal:  8.716e-05  -0.0617  -0.9981
    - offset: -0.01899283
    - vertices: p3240(v504) p2579(v365) p9275(v184)
    - neighboring facets: f1878 f2643 f2645
- f2645
    - flags: bottom simplicial
    - normal:  0.0003851 -0.04742  -0.9989
    - offset: -0.01990649
    - vertices: p3240(v504) p2579(v365) p4077(v364)
    - neighboring facets: f1881 f2643 f2644
- f2646
    - flags: top simplicial
    - normal:    0.5688  0.07996   0.8186
    - offset: -0.009398372
    - vertices: p5775(v505) p7913(v371) p4974(v148)
    - neighboring facets: f1900 f2647 f3387
- f2647
    - flags: bottom simplicial
    - normal:    0.5759   0.1075   0.8104
    - offset: -0.01075946
    - vertices: p5775(v505) p9866(v372) p4974(v148)
    - neighboring facets: f1905 f2646 f2656
- f2653
    - flags: top simplicial
    - normal:    0.6395    0.283   0.7148
    - offset: -0.01901161
    - vertices: p143(v506) p8298(v241) p4063(v147)
    - neighboring facets: f1228 f2655 f2654
- f2654
    - flags: top simplicial
    - normal:    0.6133   0.2575   0.7467
    - offset: -0.01804552
    - vertices: p143(v506) p9866(v372) p8298(v241)
    - neighboring facets: f1905 f2653 f2656
- f2655
    - flags: bottom simplicial
    - normal:    0.6997   0.2163   0.6809
    - offset: -0.01486253
    - vertices: p143(v506) p8586(v242) p4063(v147)
    - neighboring facets: f1913 f2653 f3399
- f2656
    - flags: top simplicial
    - normal:    0.6287  0.09704   0.7716
    - offset: -0.009577476
    - vertices: p143(v506) p5775(v505) p9866(v372)
    - neighboring facets: f2647 f2654 f3396
- f2662
    - flags: bottom simplicial
    - normal:    0.7456   0.2157   0.6305
    - offset: -0.01425881
    - vertices: p4508(v508) p3852(v373) p8586(v242)
    - neighboring facets: f1913 f3419 f2666
- f2665
    - flags: bottom simplicial
    - normal:    0.7672    0.437   0.4695
    - offset: -0.02513196
    - vertices: p4508(v508) p443(v144) p2243(v12)
    - neighboring facets: f707 f2666 f4987
- f2666
    - flags: top simplicial
    - normal:    0.7307    0.424    0.535
    - offset: -0.02493158
    - vertices: p4508(v508) p3852(v373) p2243(v12)
    - neighboring facets: f1915 f2665 f2662
- f2679
    - flags: bottom simplicial
    - normal:    0.4574 -8.057e-07   0.8893
    - offset: -0.006509823
    - vertices: p1204(v512) p9986(v151) p6691(v48)
    - neighboring facets: f1925 f2680 f2681
- f2680
    - flags: top simplicial
    - normal:     0.438 0.0004639    0.899
    - offset: -0.006765763
    - vertices: p1204(v512) p202(v377) p6691(v48)
    - neighboring facets: f1940 f2679 f2681
- f2681
    - flags: bottom simplicial
    - normal:    0.4309 -1.358e-05   0.9024
    - offset: -0.006826754
    - vertices: p1204(v512) p202(v377) p9986(v151)
    - neighboring facets: f3142 f2679 f2680
- f2682
    - flags: top simplicial tested
    - normal:        -1 -6.27e-06 -0.008266
    - offset: -0.05994564
    - center: -0.0597997 0.06826756666666667 -0.0179534 
    - vertices: p3892(v513) p5885(v246) p3792(v106)
    - neighboring facets: f5282 f2683 f3435
    - ridges:
- f2683
    - flags: bottom simplicial tested
    - normal:   -0.9997 -0.0002024 -0.02477
    - offset: -0.06021369
    - center: -0.05979833333333333 0.0624195 -0.01801776666666667 
    - vertices: p3892(v513) p4276(v379) p3792(v106)
    - neighboring facets: f1949 f2682 f3437
- f2687
    - flags: top simplicial
    - normal:   -0.9957 -0.0001068 -0.09263
    - offset: -0.06122296
    - vertices: p9205(v514) p4405(v380) p3929(v57)
    - neighboring facets: f1955 f3439 f3440
- f2689
    - flags: top simplicial
    - normal:   -0.9772 0.0002383  -0.2122
    - offset: -0.06238552
    - vertices: p7985(v515) p1246(v252) p7511(v156)
    - neighboring facets: f2353 f2690 f4089
- f2690
    - flags: bottom simplicial
    - normal:   -0.9866 0.001242  -0.1634
    - offset: -0.06209098
    - vertices: p7985(v515) p4405(v380) p7511(v156)
    - neighboring facets: f1951 f2689 f4092
- f2696
    - flags: top simplicial
    - normal:   -0.3983  -0.0137  -0.9171
    - offset: -0.04244119
    - vertices: p9452(v516) p4496(v381) p2057(v16)
    - neighboring facets: f2702 f3449 f3445
- f2701
    - flags: top simplicial
    - normal:   -0.3408 -0.05161  -0.9387
    - offset: -0.03729259
    - vertices: p2714(v518) p4971(v295) p2057(v16)
    - neighboring facets: f2369 f2702 f2703
- f2702
    - flags: bottom simplicial
    - normal:   -0.3814 -0.03017  -0.9239
    - offset: -0.04059769
    - vertices: p2714(v518) p4496(v381) p2057(v16)
    - neighboring facets: f2696 f2701 f5100
- f2703
    - flags: bottom simplicial
    - normal:   -0.5171 -0.04259  -0.8549
    - offset: -0.04608153
    - vertices: p2714(v518) p4971(v295) p1191(v185)
    - neighboring facets: f4180 f5099 f2701
- f2712
    - flags: bottom simplicial
    - normal:   -0.9515   0.3072 -0.01681
    - offset: -0.08226925
    - vertices: p7214(v520) p2555(v90) p8361(v49)
    - neighboring facets: f2051 f2714 f2713
- f2713
    - flags: bottom simplicial
    - normal:   -0.9461   0.3232 -0.02135
    - offset: -0.08333082
    - vertices: p7214(v520) p3036(v382) p2555(v90)
    - neighboring facets: f1973 f2712 f3479
- f2714
    - flags: top simplicial
    - normal:    -0.934   0.3573 -0.0009545
    - offset: -0.08514376
    - vertices: p7214(v520) p2884(v399) p8361(v49)
    - neighboring facets: f2065 f2712 f2715
- f2715
    - flags: bottom simplicial
    - normal:   -0.9319   0.3627 -0.0005123
    - offset: -0.08545669
    - vertices: p7214(v520) p2884(v399) p1444(v255)
    - neighboring facets: f2066 f3481 f2714
- f2718
    - flags: top simplicial
    - normal:   -0.9107   0.4131 -2.662e-05
    - offset: -0.08835396
    - vertices: p6168(v521) p3036(v382) p6791(v158)
    - neighboring facets: f1982 f3486 f2722
- f2721
    - flags: top simplicial
    - normal:   -0.9192   0.3937 0.0001978
    - offset: -0.08725791
    - vertices: p6168(v521) p1368(v256) p3789(v91)
    - neighboring facets: f1309 f2722 f3483
- f2722
    - flags: bottom simplicial
    - normal:   -0.9229   0.3851 2.047e-05
    - offset: -0.0867618
    - vertices: p6168(v521) p3036(v382) p3789(v91)
    - neighboring facets: f3478 f2721 f2718
- f2726
    - flags: top simplicial
    - normal:   -0.6936   0.7204 -0.0005568
    - offset: -0.1010348
    - vertices: p1642(v523) p2094(v249) p5515(v24)
    - neighboring facets: f1282 f2728 f2727
- f2727
    - flags: top simplicial
    - normal:   -0.6971    0.717 -0.0002946
    - offset: -0.1009547
    - vertices: p1642(v523) p8112(v385) p2094(v249)
    - neighboring facets: f3516 f2726 f2729
- f2728
    - flags: bottom simplicial
    - normal:   -0.6785   0.7346 -3.94e-05
    - offset: -0.1013329
    - vertices: p1642(v523) p4265(v401) p5515(v24)
    - neighboring facets: f3562 f2726 f2729
- f2729
    - flags: top simplicial
    - normal:   -0.6787   0.7344 -3.86e-05
    - offset: -0.1013281
    - vertices: p1642(v523) p4265(v401) p8112(v385)
    - neighboring facets: f3513 f2727 f2728
- f2738
    - flags: bottom simplicial
    - normal:   -0.2998    0.954 -1.259e-06
    - offset: -0.09768029
    - vertices: p9874(v525) p2459(v524) p5953(v266)
    - neighboring facets: f3588 f2861 f3590
- f2746
    - flags: top simplicial
    - normal:   -0.2031   0.9791 -0.0002238
    - offset: -0.09423902
    - vertices: p6868(v527) p6056(v164) p219(v94)
    - neighboring facets: f2855 f2747 f2864
- f2747
    - flags: bottom simplicial
    - normal:   -0.2323   0.9726 -0.001374
    - offset: -0.09538187
    - vertices: p6868(v527) p9874(v525) p219(v94)
    - neighboring facets: f2860 f2746 f2748
- f2748
    - flags: top simplicial
    - normal:   -0.3597   0.9329 -0.01883
    - offset: -0.0996356
    - vertices: p6868(v527) p9874(v525) p7612(v251)
    - neighboring facets: f3598 f4601 f2747
- f2755
    - flags: bottom simplicial
    - normal:    -0.779    0.627 9.252e-05
    - offset: -0.09828448
    - vertices: p5771(v528) p3506(v390) p8437(v384)
    - neighboring facets: f2019 f2756 f2759
- f2756
    - flags: bottom simplicial
    - normal:   -0.7931   0.6091 -3.593e-05
    - offset: -0.09762663
    - vertices: p5771(v528) p8437(v384) p3058(v155)
    - neighboring facets: f1987 f2760 f2755
- f2758
    - flags: bottom simplicial
    - normal:   -0.8319    0.555 0.003555
    - offset: -0.09546486
    - vertices: p5771(v528) p6580(v157) p419(v9)
    - neighboring facets: f776 f2759 f3519
- f2759
    - flags: top simplicial
    - normal:    -0.828   0.5606 0.003459
    - offset: -0.09570967
    - vertices: p5771(v528) p3506(v390) p419(v9)
    - neighboring facets: f2020 f2758 f2755
- f2760
    - flags: top simplicial
    - normal:   -0.7965   0.6046 -3.948e-05
    - offset: -0.09745614
    - vertices: p5771(v528) p8295(v392) p3058(v155)
    - neighboring facets: f2766 f2756 f3520
- f2762
    - flags: top simplicial
    - normal:   -0.7391   0.6736 -1.785e-05
    - offset: -0.09981027
    - vertices: p7258(v529) p3506(v390) p2094(v249)
    - neighboring facets: f2019 f3517 f3515
- f2765
    - flags: top simplicial
    - normal:   -0.8272    0.562 -0.001386
    - offset: -0.09574445
    - vertices: p7669(v530) p1174(v248) p3058(v155)
    - neighboring facets: f1266 f2766 f3522
- f2766
    - flags: bottom simplicial
    - normal:   -0.8151   0.5794 -0.0002962
    - offset: -0.09645831
    - vertices: p7669(v530) p8295(v392) p3058(v155)
    - neighboring facets: f2760 f2765 f3518
- f2780
    - flags: bottom simplicial
    - normal:   -0.9837   0.1668  0.06723
    - offset: -0.0736161
    - vertices: p2626(v534) p2769(v196) p3789(v91)
    - neighboring facets: f3192 f3551 f3886
- f2788
    - flags: bottom simplicial
    - normal:   -0.6125   0.7904 -0.003613
    - offset: -0.1021734
    - vertices: p9834(v535) p7612(v251) p5515(v24)
    - neighboring facets: f1282 f3560 f3558
- f2790
    - flags: top simplicial
    - normal:   -0.5935   0.8048 -4.927e-06
    - offset: -0.1022234
    - vertices: p9834(v535) p6372(v402) p8692(v261)
    - neighboring facets: f2078 f3561 f3556
- f2793
    - flags: top simplicial
    - normal:  -0.05187   0.3714    0.927
    - offset: -0.05459682
    - center: -0.05508466666666667 0.08268463333333333 0.02268753333333334 
    - vertices: p3804(v536) p9101(v403) p3315(v262)
    - neighboring facets: f2803 f3566 f3569
- f2794
    - flags: top simplicial
    - normal:  -0.0009144   0.2456   0.9694
    - offset: -0.04242224
    - center: -0.05177146666666668 0.08213919999999998 0.02290266666666666 
    - vertices: p304(v537) p9101(v403) p6046(v318)
    - neighboring facets: f2086 f2795 f2805
- f2795
    - flags: bottom simplicial
    - normal:  -0.0001305   0.2188   0.9758
    - offset: -0.04033338
    - vertices: p304(v537) p9707(v471) p6046(v318)
    - neighboring facets: f2464 f2794 f2798
- f2797
    - flags: bottom simplicial
    - normal:  -0.0002339   0.1426   0.9898
    - offset: -0.03441419
    - center: -0.0489116 0.08184473333333334 0.02296433333333334 
    - vertices: p304(v537) p1554(v202) p7264(v18)
    - neighboring facets: f1011 f2798 f3577
- f2798
    - flags: top simplicial
    - normal:  9.607e-05   0.1844   0.9829
    - offset: -0.03765805
    - vertices: p304(v537) p9707(v471) p7264(v18)
    - neighboring facets: f2463 f2797 f2795
- f2802
    - flags: bottom simplicial tested
    - normal:   -0.2268   0.1595   0.9608
    - offset: -0.04753306
    - center: -0.0559484 0.08192099999999999 0.02266643333333333 
    - vertices: p113(v538) p3315(v262) p7429(v62)
    - neighboring facets: f2090 f3219 f2803
- f2803
    - flags: bottom simplicial tested
    - normal:   -0.1821    0.184   0.9659
    - offset: -0.04718334
    - center: -0.05521093333333334 0.08223713333333334 0.0227751 
    - vertices: p113(v538) p9101(v403) p3315(v262)
    - neighboring facets: f2793 f2802 f2805
- f2805
    - flags: bottom simplicial tested
    - normal:  -0.03279   0.1447   0.9889
    - offset: -0.03630262
    - center: -0.05440173333333333 0.08186023333333332 0.02293116666666666 
    - vertices: p113(v538) p304(v537) p9101(v403)
    - neighboring facets: f2794 f2803 f3578
- f2806
    - flags: top simplicial tested
    - normal:  -0.08101 0.001649   0.9967
    - offset: -0.02750734
    - center: -0.05517810000000001 0.07994353333333333 0.02298123333333333 
    - vertices: p113(v538) p9543(v470) p3816(v119)
    - neighboring facets: f3232 f3220 f2816
- f2813
    - flags: bottom simplicial tested
    - normal:  -0.02151 -0.0001649   0.9998
    - offset: -0.02415763
    - center: -0.05476543333333334 0.07727696666666667 0.0229978 
    - vertices: p113(v538) p3963(v473) p3758(v320)
    - neighboring facets: f5278 f3574 f2814
    - ridges:
- f2814
    - flags: top simplicial tested
    - normal:  -0.02323 -0.0002552   0.9997
    - offset: -0.02424415
    - center: -0.0549165 0.07414716666666667 0.02299353333333334 
    - vertices: p113(v538) p3963(v473) p9150(v203)
    - neighboring facets: f2470 f2815 f2813
- f2815
    - flags: bottom simplicial tested
    - normal:  -0.05231 -4.254e-05   0.9986
    - offset: -0.02583537
    - center: -0.05511766666666667 0.07240866666666666 0.0229869 
    - vertices: p113(v538) p1327(v319) p9150(v203)
    - neighboring facets: f1630 f2814 f2816
- f2816
    - flags: bottom simplicial tested
    - normal:  -0.05798 7.243e-05   0.9983
    - offset: -0.02614944
    - center: -0.05513303333333334 0.07652769999999999 0.02298606666666667 
    - vertices: p113(v538) p9543(v470) p1327(v319)
    - neighboring facets: f3233 f2815 f2806
- f2817
    - flags: bottom simplicial
    - normal:   -0.6504   0.7573  0.05824
    - offset: -0.1027085
    - vertices: p2133(v539) p4883(v93) p419(v9)
    - neighboring facets: f2020 f2818 f2819
- f2818
    - flags: top simplicial
    - normal:    -0.658   0.7441   0.1158
    - offset: -0.1032325
    - vertices: p2133(v539) p9754(v404) p419(v9)
    - neighboring facets: f2089 f2817 f2837
- f2819
    - flags: bottom simplicial
    - normal:   -0.4653   0.8852 2.035e-05
    - offset: -0.1014776
    - vertices: p2133(v539) p2083(v387) p4883(v93)
    - neighboring facets: f3594 f2817 f3596
- f2822
    - flags: bottom simplicial
    - normal:   -0.2213   0.6353   0.7399
    - offset: -0.08179079
    - vertices: p411(v540) p9754(v404) p3315(v262)
    - neighboring facets: f2090 f3580 f2825
- f2823
    - flags: bottom simplicial
    - normal:   0.07242    0.907   0.4148
    - offset: -0.08100092
    - vertices: p411(v540) p7749(v200) p4291(v84)
    - neighboring facets: f1000 f2824 f3579
- f2824
    - flags: bottom simplicial
    - normal:   0.08427   0.9743   0.2088
    - offset: -0.0815802
    - vertices: p411(v540) p4291(v84) p4585(v51)
    - neighboring facets: f390 f2825 f2823
- f2825
    - flags: top simplicial
    - normal:  -0.04698   0.9683   0.2453
    - offset: -0.08930994
    - vertices: p411(v540) p9754(v404) p4585(v51)
    - neighboring facets: f2118 f2824 f2822
- f2835
    - flags: bottom simplicial
    - normal:    -0.412   0.9112 -5.077e-05
    - offset: -0.1005687
    - vertices: p7056(v542) p9754(v404) p112(v386)
    - neighboring facets: f3583 f3595 f2837
- f2837
    - flags: bottom simplicial
    - normal:   -0.4618    0.887 7.338e-07
    - offset: -0.1014273
    - vertices: p7056(v542) p2133(v539) p9754(v404)
    - neighboring facets: f2818 f2835 f3597
- f2839
    - flags: top simplicial tested
    - normal:  -0.008691        1 -2.037e-05
    - offset: -0.08488956
    - center: -0.05672043333333334 0.08439976666666667 -0.0007710600000000005 
    - vertices: p7323(v543) p756(v263) p3022(v163)
    - neighboring facets: f2110 f5321 f2840
    - ridges:
- f2840
    - flags: top simplicial tested
    - normal:  -0.00501        1 1.407e-06
    - offset: -0.08468288
    - center: -0.0567242 0.08439976666666667 0.00987474 
    - vertices: p7323(v543) p9336(v405) p756(v263)
    - neighboring facets: f2843 f2839 f5324
    - ridges:
- f2841
    - flags: top simplicial tested
    - normal:  -0.002645        1 0.009363
    - offset: -0.08471915
    - center: -0.0565925 0.08439720000000001 0.0188244 
    - vertices: p2382(v544) p9336(v405) p1146(v25)
    - neighboring facets: f5323 f2842 f2843
    - ridges:
- f2842
    - flags: bottom simplicial tested
    - normal:  0.009579   0.9996  0.02605
    - offset: -0.08431613
    - center: -0.0567598 0.08438833333333333 0.01934886666666667 
    - vertices: p2382(v544) p4585(v51) p1146(v25)
    - neighboring facets: f221 f2841 f2844
- f2843
    - flags: bottom simplicial tested
    - normal:  -0.02264   0.9997 0.001486
    - offset: -0.08568909
    - center: -0.05682790000000001 0.08439696666666667 0.01821586666666667 
    - vertices: p2382(v544) p9336(v405) p756(v263)
    - neighboring facets: f2840 f2845 f2841
- f2844
    - flags: bottom simplicial tested
    - normal:  -0.09799   0.9952 0.0001084
    - offset: -0.0895721
    - center: -0.05706436666666667 0.08438509999999999 0.01456211666666667 
    - vertices: p2382(v544) p5117(v406) p4585(v51)
    - neighboring facets: f2107 f2842 f2846
- f2845
    - flags: bottom simplicial tested
    - normal:  -0.04329   0.9991 -2.998e-07
    - offset: -0.08677998
    - center: -0.0569461 0.08439363333333334 0.007839933333333333 
    - vertices: p2382(v544) p756(v263) p2171(v95)
    - neighboring facets: f2109 f2846 f2843
- f2846
    - flags: top simplicial tested
    - normal:  -0.04362    0.999 7.476e-08
    - offset: -0.08679733
    - center: -0.05701526666666667 0.08439063333333334 0.003661716666666667 
    - vertices: p2382(v544) p5117(v406) p2171(v95)
    - neighboring facets: f3613 f2845 f2844
- f2855
    - flags: bottom simplicial
    - normal:   -0.2159   0.9764 -7.518e-06
    - offset: -0.09474141
    - vertices: p5406(v546) p6056(v164) p219(v94)
    - neighboring facets: f2746 f4160 f2865
- f2860
    - flags: top simplicial
    - normal:   -0.2757   0.9612 -9.606e-05
    - offset: -0.09690326
    - vertices: p6910(v547) p9874(v525) p219(v94)
    - neighboring facets: f2747 f4158 f2861
- f2861
    - flags: bottom simplicial
    - normal:   -0.2827   0.9592 -1.472e-05
    - offset: -0.09713538
    - vertices: p6910(v547) p9874(v525) p5953(v266)
    - neighboring facets: f2738 f3616 f2860
- f2864
    - flags: bottom simplicial
    - normal:   -0.1715   0.9852 -4.746e-05
    - offset: -0.09293447
    - vertices: p4164(v548) p6868(v527) p6056(v164)
    - neighboring facets: f2746 f2865 f4166
- f2865
    - flags: top simplicial
    - normal:   -0.2152   0.9766 1.434e-06
    - offset: -0.09471279
    - vertices: p4164(v548) p5406(v546) p6056(v164)
    - neighboring facets: f2855 f2864 f4163
- f2874
    - flags: top simplicial
    - normal:   -0.6691  -0.7432 5.477e-07
    - offset: -0.03146677
    - vertices: p8670(v550) p5293(v210) p6894(v15)
    - neighboring facets: f1052 f3825 f2875
- f2875
    - flags: top simplicial
    - normal:   -0.6691  -0.7432 4.924e-07
    - offset: -0.03146739
    - vertices: p8670(v550) p7415(v330) p5293(v210)
    - neighboring facets: f3302 f2874 f3638
- f2881
    - flags: top simplicial
    - normal:   -0.3786  -0.8836   0.2757
    - offset: -0.02138971
    - vertices: p6305(v551) p620(v413) p2670(v124)
    - neighboring facets: f2147 f4192 f4734
- f2896
    - flags: top simplicial
    - normal:   -0.1553  -0.5289  -0.8344
    - offset: -0.01991963
    - vertices: p7893(v553) p8703(v414) p5428(v170)
    - neighboring facets: f2160 f5044 f2898
- f2897
    - flags: bottom simplicial
    - normal:   -0.1567  -0.5414   -0.826
    - offset: -0.01980023
    - vertices: p7893(v553) p8079(v272) p4986(v169)
    - neighboring facets: f1391 f3661 f2898
- f2898
    - flags: bottom simplicial
    - normal:   -0.1331  -0.5144  -0.8472
    - offset: -0.01910327
    - vertices: p7893(v553) p8703(v414) p8079(v272)
    - neighboring facets: f2160 f2897 f2896
- f2899
    - flags: bottom simplicial
    - normal:   -0.5271  -0.7548  -0.3904
    - offset: -0.03023507
    - vertices: p8967(v554) p8787(v288) p8908(v97)
    - neighboring facets: f3114 f3112 f2901
- f2901
    - flags: top simplicial
    - normal:   -0.2904  -0.7551  -0.5878
    - offset: -0.0219411
    - vertices: p8967(v554) p8787(v288) p3613(v178)
    - neighboring facets: f2341 f2902 f2899
- f2902
    - flags: top simplicial
    - normal:   -0.2772  -0.7315  -0.6229
    - offset: -0.02186697
    - vertices: p8967(v554) p3613(v178) p3596(v40)
    - neighboring facets: f2348 f2903 f2901
- f2903
    - flags: bottom simplicial
    - normal:   -0.2982  -0.6822  -0.6676
    - offset: -0.02358605
    - vertices: p8967(v554) p6487(v273) p3596(v40)
    - neighboring facets: f1399 f2902 f4331
- f2905
    - flags: top simplicial
    - normal:        -1 -0.0008043 1.607e-07
    - offset: -0.05978956
    - vertices: p3606(v555) p2336(v417) p4413(v171)
    - neighboring facets: f2172 f2910 f2906
- f2906
    - flags: bottom simplicial
    - normal:   -0.9986  -0.0536 -0.003994
    - offset: -0.05906933
    - vertices: p3606(v555) p2336(v417) p6009(v275)
    - neighboring facets: f2175 f3663 f2905
- f2908
    - flags: bottom simplicial
    - normal:   -0.9991 -0.04183 3.327e-06
    - offset: -0.05921068
    - vertices: p3606(v555) p3251(v422) p2886(v98)
    - neighboring facets: f2946 f2909 f3664
- f2909
    - flags: top simplicial
    - normal:   -0.9991 -0.04143  5.2e-06
    - offset: -0.05921686
    - vertices: p3606(v555) p9586(v418) p2886(v98)
    - neighboring facets: f2177 f2908 f2910
- f2910
    - flags: bottom simplicial
    - normal:   -0.9992 -0.04053 8.096e-06
    - offset: -0.05923061
    - center: -0.0597991 0.01281423333333333 -0.003644573333333333 
    - vertices: p3606(v555) p9586(v418) p4413(v171)
    - neighboring facets: f2914 f2905 f2909
- f2912
    - flags: bottom simplicial tested
    - normal:        -1 -0.007081 0.0002135
    - offset: -0.0597069
    - center: -0.05979916666666667 0.01309336666666667 0.009128733333333333 
    - vertices: p9320(v556) p9586(v418) p8303(v26)
    - neighboring facets: f2177 f5290 f2914
    - ridges:
- f2913
    - flags: bottom simplicial tested
    - normal:        -1 -0.002129 3.825e-05
    - offset: -0.0597722
    - center: -0.05979996666666667 0.01296486666666667 -0.0008580900000000002 
    - vertices: p9320(v556) p5503(v274) p4413(v171)
    - neighboring facets: f2172 f2914 f5292
    - ridges:
- f2914
    - flags: top simplicial tested
    - normal:        -1 -0.00737 0.0001541
    - offset: -0.0597027
    - center: -0.05979913333333334 0.01289826666666667 0.001645846666666667 
    - vertices: p9320(v556) p9586(v418) p4413(v171)
    - neighboring facets: f2910 f2913 f2912
- f2918
    - flags: bottom simplicial
    - normal:   -0.9362  -0.3516 0.0003895
    - offset: -0.05165489
    - vertices: p6642(v557) p3032(v173) p7226(v54)
    - neighboring facets: f1657 f3679 f2919
- f2919
    - flags: bottom simplicial
    - normal:   -0.9305  -0.3663 0.0002153
    - offset: -0.05114579
    - vertices: p6642(v557) p6443(v293) p3032(v173)
    - neighboring facets: f2364 f2918 f2921
- f2920
    - flags: top simplicial
    - normal:   -0.9298  -0.3679 -8.639e-06
    - offset: -0.05109003
    - vertices: p6642(v557) p369(v451) p1697(v183)
    - neighboring facets: f2928 f2927 f2921
- f2921
    - flags: bottom simplicial
    - normal:   -0.9298   -0.368 -8.102e-06
    - offset: -0.05108947
    - vertices: p6642(v557) p369(v451) p6443(v293)
    - neighboring facets: f2364 f2919 f2920
- f2927
    - flags: top simplicial
    - normal:   -0.9533  -0.3021 -0.001274
    - offset: -0.05327979
    - vertices: p4057(v558) p6642(v557) p1697(v183)
    - neighboring facets: f2920 f2928 f3681
- f2928
    - flags: bottom simplicial
    - normal:   -0.9563  -0.2923 -0.006202
    - offset: -0.05365049
    - vertices: p4057(v558) p369(v451) p1697(v183)
    - neighboring facets: f2920 f2927 f2929
- f2929
    - flags: top simplicial
    - normal:   -0.9568  -0.2905 -0.006638
    - offset: -0.05370959
    - vertices: p4057(v558) p369(v451) p8949(v420)
    - neighboring facets: f3685 f3676 f2928
- f2938
    - flags: top simplicial
    - normal:   -0.9928  -0.1191  0.01418
    - offset: -0.05803944
    - vertices: p4503(v560) p2886(v98) p7226(v54)
    - neighboring facets: f459 f4217 f2939
- f2939
    - flags: top simplicial
    - normal:   -0.9926  -0.1208 0.008966
    - offset: -0.05793893
    - vertices: p4503(v560) p6669(v421) p2886(v98)
    - neighboring facets: f2945 f2938 f3673
- f2945
    - flags: bottom simplicial
    - normal:   -0.9939  -0.1103 0.002893
    - offset: -0.05806498
    - vertices: p8369(v561) p6669(v421) p2886(v98)
    - neighboring facets: f2939 f2946 f3670
- f2946
    - flags: top simplicial
    - normal:    -0.995  -0.1001 0.001194
    - offset: -0.0582379
    - vertices: p8369(v561) p3251(v422) p2886(v98)
    - neighboring facets: f2908 f2945 f3666
- f2957
    - flags: top simplicial
    - normal:   -0.6718  -0.7407 -0.0003211
    - offset: -0.03165237
    - vertices: p8719(v564) p2311(v410) p275(v53)
    - neighboring facets: f4248 f3705 f2960
- f2960
    - flags: bottom simplicial
    - normal:   -0.6725  -0.7401 -0.0002487
    - offset: -0.03169899
    - vertices: p8719(v564) p2311(v410) p6782(v268)
    - neighboring facets: f3287 f2961 f2957
- f2961
    - flags: bottom simplicial
    - normal:   -0.6759   -0.737 -6.389e-05
    - offset: -0.03193164
    - vertices: p8719(v564) p6782(v268) p7690(v166)
    - neighboring facets: f3951 f2962 f2960
- f2962
    - flags: top simplicial
    - normal:      -0.7  -0.7141 -8.182e-07
    - offset: -0.0335906
    - vertices: p8719(v564) p9415(v277) p7690(v166)
    - neighboring facets: f1417 f2961 f2964
- f2964
    - flags: bottom simplicial
    - normal:   -0.7079  -0.7063 -1.471e-05
    - offset: -0.03413893
    - vertices: p8719(v564) p9415(v277) p6895(v28)
    - neighboring facets: f1417 f2970 f2962
- f2965
    - flags: top simplicial
    - normal:   -0.7837  -0.6211 -0.0009079
    - offset: -0.03954901
    - vertices: p1901(v565) p1312(v424) p8523(v276)
    - neighboring facets: f3709 f2967 f4229
- f2966
    - flags: top simplicial
    - normal:   -0.7571  -0.6533 -2.812e-06
    - offset: -0.03761805
    - vertices: p1901(v565) p8177(v425) p3500(v172)
    - neighboring facets: f2973 f2969 f2967
- f2967
    - flags: bottom simplicial
    - normal:   -0.7672  -0.6414 -9.272e-05
    - offset: -0.03834245
    - vertices: p1901(v565) p8177(v425) p8523(v276)
    - neighboring facets: f2975 f2965 f2966
- f2969
    - flags: top simplicial
    - normal:    -0.752  -0.6591 -1.764e-05
    - offset: -0.03725278
    - vertices: p1901(v565) p3500(v172) p6895(v28)
    - neighboring facets: f2971 f2970 f2966
- f2970
    - flags: bottom simplicial
    - normal:   -0.7199   -0.694 -0.0001275
    - offset: -0.0349803
    - vertices: p1901(v565) p8719(v564) p6895(v28)
    - neighboring facets: f2964 f2969 f4242
- f2971
    - flags: bottom simplicial
    - normal:   -0.7568  -0.6536 1.654e-07
    - offset: -0.03759548
    - vertices: p3102(v566) p3500(v172) p6895(v28)
    - neighboring facets: f2969 f2972 f2973
- f2972
    - flags: top simplicial
    - normal:   -0.7572  -0.6532 1.985e-05
    - offset: -0.03762088
    - vertices: p3102(v566) p8177(v425) p6895(v28)
    - neighboring facets: f2979 f2971 f2973
- f2973
    - flags: bottom simplicial
    - normal:    -0.757  -0.6534 -5.975e-07
    - offset: -0.03760596
    - vertices: p3102(v566) p8177(v425) p3500(v172)
    - neighboring facets: f2966 f2971 f2972
- f2975
    - flags: top simplicial
    - normal:   -0.7994  -0.6007 6.526e-05
    - offset: -0.04069519
    - vertices: p4142(v567) p8177(v425) p8523(v276)
    - neighboring facets: f2967 f3710 f2979
- f2978
    - flags: top simplicial
    - normal:   -0.8237  -0.5669  0.01179
    - offset: -0.04264047
    - vertices: p4142(v567) p3032(v173) p6895(v28)
    - neighboring facets: f1033 f2979 f4259
- f2979
    - flags: bottom simplicial
    - normal:   -0.7821  -0.6231 0.001773
    - offset: -0.03944055
    - vertices: p4142(v567) p8177(v425) p6895(v28)
    - neighboring facets: f2972 f2978 f2975
- f2981
    - flags: top simplicial
    - normal:    0.7294 -0.005884   -0.684
    - offset: -0.0032014
    - vertices: p6562(v568) p8349(v426) p9193(v279)
    - neighboring facets: f3330 f3337 f3336
- f2984
    - flags: bottom simplicial
    - normal:    0.7314  -0.0651  -0.6789
    - offset: -0.002897961
    - vertices: p8941(v569) p7282(v427) p9193(v279)
    - neighboring facets: f3994 f3718 f2986
- f2985
    - flags: top simplicial
    - normal:    0.7231  -0.2813  -0.6309
    - offset: -0.001930576
    - vertices: p8941(v569) p1336(v278) p4724(v174)
    - neighboring facets: f2305 f2987 f2986
- f2986
    - flags: top simplicial
    - normal:    0.7208  -0.1823  -0.6687
    - offset: -0.002499101
    - vertices: p8941(v569) p7282(v427) p1336(v278)
    - neighboring facets: f2220 f2985 f2984
- f2987
    - flags: bottom simplicial
    - normal:    0.8575  -0.1536   -0.491
    - offset: -0.00102255
    - vertices: p8941(v569) p6104(v336) p4724(v174)
    - neighboring facets: f3783 f2985 f2988
- f2988
    - flags: bottom simplicial
    - normal:    0.8578  -0.1518   -0.491
    - offset: -0.001027195
    - vertices: p8941(v569) p6940(v486) p6104(v336)
    - neighboring facets: f4461 f2987 f4269
- f2994
    - flags: top simplicial
    - normal:    0.9919 -0.04006   0.1209
    - offset: 9.975605e-05
    - vertices: p6911(v570) p7737(v428) p6322(v36)
    - neighboring facets: f3776 f2998 f2995
- f2995
    - flags: bottom simplicial
    - normal:    0.9967 -0.004821  0.08151
    - offset: -9.973563e-06
    - vertices: p6911(v570) p7737(v428) p439(v236)
    - neighboring facets: f2233 f2996 f2994
- f2996
    - flags: top simplicial
    - normal:    0.9947 -6.519e-05   0.1028
    - offset: -6.01174e-05
    - vertices: p6911(v570) p5761(v367) p439(v236)
    - neighboring facets: f1887 f2995 f2997
- f2997
    - flags: bottom simplicial
    - normal:    0.9944 4.26e-05   0.1054
    - offset: -6.404664e-05
    - vertices: p6911(v570) p5761(v367) p7770(v146)
    - neighboring facets: f1887 f2999 f2996
- f2998
    - flags: bottom simplicial
    - normal:     0.988 -0.0001837   0.1542
    - offset: -0.0001279942
    - vertices: p6911(v570) p816(v239) p6322(v36)
    - neighboring facets: f3068 f2994 f2999
- f2999
    - flags: top simplicial
    - normal:    0.9881 -0.0001708   0.1535
    - offset: -0.0001271531
    - vertices: p6911(v570) p816(v239) p7770(v146)
    - neighboring facets: f1895 f2997 f2998
- f3001
    - flags: bottom simplicial
    - normal:     0.999 5.076e-05  -0.0451
    - offset: -1.015408e-05
    - vertices: p1219(v571) p1060(v126) p5245(v2)
    - neighboring facets: f3963 f3007 f3724
- f3005
    - flags: top simplicial
    - normal:         1 -1.834e-05 0.0003257
    - offset: 7.937112e-06
    - vertices: p271(v572) p1885(v237) p5245(v2)
    - neighboring facets: f3966 f3007 f3006
- f3006
    - flags: top simplicial
    - normal:         1 -5.046e-05 0.002566
    - offset: 8.875244e-06
    - vertices: p271(v572) p7737(v428) p1885(v237)
    - neighboring facets: f2234 f3005 f3045
- f3007
    - flags: bottom simplicial
    - normal:    0.9995 7.354e-06 -0.03033
    - offset: -3.182339e-06
    - vertices: p271(v572) p1219(v571) p5245(v2)
    - neighboring facets: f3001 f3005 f3727
- f3010
    - flags: top simplicial
    - normal:    0.3661  -0.4847   0.7943
    - offset: -0.004803317
    - vertices: p4618(v573) p6920(v376) p7165(v175)
    - neighboring facets: f3030 f3012 f3011
- f3011
    - flags: top simplicial
    - normal:    0.3624  -0.4833   0.7969
    - offset: -0.00486206
    - vertices: p4618(v573) p9389(v430) p6920(v376)
    - neighboring facets: f3259 f3010 f3013
- f3012
    - flags: bottom simplicial
    - normal:    0.3049  -0.7001   0.6457
    - offset: -0.00348305
    - vertices: p4618(v573) p6589(v281) p7165(v175)
    - neighboring facets: f3023 f3010 f3013
- f3013
    - flags: bottom simplicial
    - normal:    0.1375  -0.6891   0.7115
    - offset: -0.005553577
    - vertices: p4618(v573) p9389(v430) p6589(v281)
    - neighboring facets: f3649 f3012 f3011
- f3014
    - flags: top simplicial
    - normal:   0.06707  -0.9745    0.214
    - offset: -0.001064185
    - vertices: p9147(v574) p6552(v431) p4173(v56)
    - neighboring facets: f3021 f3731 f3651
- f3021
    - flags: bottom simplicial
    - normal:    0.1056  -0.9591   0.2626
    - offset: -0.001178673
    - vertices: p8206(v575) p6552(v431) p4173(v56)
    - neighboring facets: f3014 f3744 f3022
- f3022
    - flags: top simplicial
    - normal:     0.172  -0.8545   0.4902
    - offset: -0.002802527
    - vertices: p8206(v575) p6552(v431) p6589(v281)
    - neighboring facets: f3650 f3023 f3021
- f3023
    - flags: top simplicial
    - normal:    0.2731  -0.8074    0.523
    - offset: -0.002360941
    - vertices: p8206(v575) p6589(v281) p7165(v175)
    - neighboring facets: f3012 f3739 f3022
- f3027
    - flags: bottom simplicial
    - normal:    0.5577  -0.5463   0.6249
    - offset: -0.002014617
    - vertices: p5700(v576) p2933(v433) p1725(v104)
    - neighboring facets: f2255 f3029 f4276
- f3029
    - flags: top simplicial
    - normal:    0.4828  -0.3802   0.7889
    - offset: -0.004150983
    - vertices: p5700(v576) p6920(v376) p1725(v104)
    - neighboring facets: f4046 f3027 f3030
- f3030
    - flags: bottom simplicial
    - normal:    0.4715  -0.3964   0.7878
    - offset: -0.00418065
    - vertices: p5700(v576) p6920(v376) p7165(v175)
    - neighboring facets: f3010 f4274 f3029
- f3033
    - flags: bottom simplicial
    - normal:    0.7713  -0.4605   0.4393
    - offset: 5.755296e-05
    - vertices: p679(v577) p19(v439) p7503(v176)
    - neighboring facets: f3071 f3749 f3751
- f3045
    - flags: bottom simplicial
    - normal:    0.9999 -0.01315 -0.005985
    - offset: 6.031186e-05
    - vertices: p4644(v579) p271(v572) p7737(v428)
    - neighboring facets: f3006 f3777 f3728
- f3059
    - flags: bottom simplicial
    - normal:    0.7094  -0.0107   0.7048
    - offset: -0.003420989
    - vertices: p7797(v581) p5353(v436) p1938(v284)
    - neighboring facets: f2281 f4066 f4057
- f3066
    - flags: bottom simplicial
    - normal:    0.9702 -0.008744    0.242
    - offset: -0.0003096059
    - vertices: p926(v583) p1076(v438) p6322(v36)
    - neighboring facets: f3073 f3068 f3794
- f3068
    - flags: top simplicial
    - normal:    0.9782 7.383e-05   0.2075
    - offset: -0.00025824
    - vertices: p926(v583) p816(v239) p6322(v36)
    - neighboring facets: f2998 f3066 f3069
- f3069
    - flags: top simplicial
    - normal:    0.9777 0.000104     0.21
    - offset: -0.0002653049
    - vertices: p926(v583) p5972(v370) p816(v239)
    - neighboring facets: f1895 f3068 f3797
- f3071
    - flags: top simplicial
    - normal:    0.8567  -0.2834   0.4311
    - offset: -0.0002391954
    - vertices: p3159(v584) p19(v439) p7503(v176)
    - neighboring facets: f3033 f4545 f4300
- f3073
    - flags: top simplicial
    - normal:    0.9675 -0.02297   0.2519
    - offset: -0.0002812948
    - vertices: p3159(v584) p1076(v438) p6322(v36)
    - neighboring facets: f3066 f4299 f3799
- f3076
    - flags: bottom simplicial
    - normal:   0.01254  -0.9998 -0.01395
    - offset: 0.0001920382
    - center: -0.006887636666666666 0.000204965 -0.00711417 
    - vertices: p2910(v585) p541(v441) p3120(v105)
    - neighboring facets: f3765 f3816 f3077
- f3077
    - flags: top simplicial
    - normal:   0.04237   -0.998 -0.04666
    - offset: 0.0001605038
    - vertices: p2910(v585) p541(v441) p5965(v287)
    - neighboring facets: f3811 f4319 f3076
- f3086
    - flags: bottom simplicial
    - normal:  0.005873  -0.9987   -0.051
    - offset: -0.0001918693
    - vertices: p3914(v587) p425(v443) p5469(v271)
    - neighboring facets: f2321 f3088 f3087
- f3087
    - flags: top simplicial
    - normal:   0.01076  -0.9963 -0.08528
    - offset: -0.0004474636
    - vertices: p3914(v587) p425(v443) p8787(v288)
    - neighboring facets: f2343 f3089 f3086
- f3088
    - flags: top simplicial
    - normal:  0.005287  -0.9987 -0.05015
    - offset: -0.0002063534
    - vertices: p3914(v587) p8758(v444) p5469(v271)
    - neighboring facets: f2321 f3086 f3089
- f3089
    - flags: bottom simplicial
    - normal:  0.001833  -0.9987 -0.05151
    - offset: -0.0003800176
    - center: -0.04570713333333334 0.0002425673333333333 -0.01370793333333333 
    - vertices: p3914(v587) p8758(v444) p8787(v288)
    - neighboring facets: f3091 f3087 f3088
- f3091
    - flags: top simplicial tested
    - normal:  -0.02153  -0.9995 -0.02364
    - offset: -0.001077527
    - center: -0.04621366666666667 0.0002256853333333336 -0.01303963333333333 
    - vertices: p4672(v588) p8758(v444) p8787(v288)
    - neighboring facets: f3089 f3093 f5299
    - ridges:
- f3093
    - flags: top simplicial tested
    - normal:  -0.05127  -0.9986 -0.01529
    - offset: -0.00235767
    - center: -0.04682123333333333 0.0002256853333333335 -0.01192878666666667 
    - vertices: p4672(v588) p8787(v288) p6472(v270)
    - neighboring facets: f3827 f5300 f3091
    - ridges:
- f3094
    - flags: top simplicial tested
    - normal:  0.0002177       -1 -0.001402
    - offset: 0.0001918051
    - center: -0.02188217333333333 0.0002006386666666667 -0.009698266666666667 
    - vertices: p1301(v589) p8758(v444) p8422(v286)
    - neighboring facets: f5303 f3095 f3096
    - ridges:
- f3095
    - flags: top simplicial tested
    - normal:  0.0003733       -1 -0.001217
    - offset: 0.0001948925
    - center: -0.00964023 0.0002012603333333333 -0.008186463333333333 
    - vertices: p1301(v589) p8422(v286) p3120(v105)
    - neighboring facets: f1471 f3817 f3094
- f3096
    - flags: bottom simplicial tested
    - normal:  0.001561  -0.9999 -0.01289
    - offset: 0.000104771
    - center: -0.02203820666666667 0.0002019153333333334 -0.01020665666666667 
    - vertices: p1301(v589) p8758(v444) p425(v443)
    - neighboring facets: f2321 f3814 f3094
- f3105
    - flags: bottom simplicial
    - normal:   -0.6001  -0.7163   -0.356
    - offset: -0.03384633
    - vertices: p6461(v591) p9534(v423) p995(v411)
    - neighboring facets: f4235 f3627 f4225
- f3112
    - flags: bottom simplicial
    - normal:   -0.5271  -0.7536  -0.3927
    - offset: -0.03027406
    - vertices: p6461(v591) p8967(v554) p8908(v97)
    - neighboring facets: f2899 f3114 f4337
- f3114
    - flags: top simplicial
    - normal:   -0.5548  -0.7599  -0.3388
    - offset: -0.03079568
    - vertices: p6461(v591) p8787(v288) p8908(v97)
    - neighboring facets: f2899 f3112 f3833
- f3118
    - flags: bottom simplicial
    - normal:    0.2929  -0.4367  -0.8506
    - offset: -0.006089062
    - vertices: p4829(v592) p9826(v446) p1558(v231)
    - neighboring facets: f2340 f3120 f3124
- f3119
    - flags: bottom simplicial
    - normal:    0.3886 -0.06398  -0.9192
    - offset: -0.0070245
    - vertices: p4829(v592) p4323(v229) p5638(v11)
    - neighboring facets: f1169 f3127 f3120
- f3120
    - flags: bottom simplicial
    - normal:    0.3646 -0.07795  -0.9279
    - offset: -0.007256681
    - vertices: p4829(v592) p1558(v231) p4323(v229)
    - neighboring facets: f1187 f3119 f3118
- f3124
    - flags: top simplicial
    - normal:    0.3426   -0.549  -0.7624
    - offset: -0.004518607
    - vertices: p7316(v593) p4829(v592) p9826(v446)
    - neighboring facets: f3118 f3863 f3127
- f3127
    - flags: bottom simplicial
    - normal:    0.4642  -0.4685  -0.7517
    - offset: -0.003726852
    - vertices: p7316(v593) p4829(v592) p5638(v11)
    - neighboring facets: f3119 f3128 f3124
- f3128
    - flags: top simplicial
    - normal:    0.4735  -0.4665  -0.7471
    - offset: -0.003625826
    - vertices: p7316(v593) p1336(v278) p5638(v11)
    - neighboring facets: f2220 f3127 f3129
- f3129
    - flags: top simplicial
    - normal:     0.475  -0.4711  -0.7433
    - offset: -0.003575287
    - vertices: p7316(v593) p1899(v442) p1336(v278)
    - neighboring facets: f2305 f3128 f3844
- f3130
    - flags: bottom simplicial
    - normal:   0.05098  -0.9301  -0.3638
    - offset: -0.002711988
    - vertices: p6190(v594) p7779(v290) p3613(v178)
    - neighboring facets: f2342 f4353 f4354
- f3134
    - flags: top simplicial
    - normal:    -0.955 0.0002709  -0.2967
    - offset: -0.06268837
    - vertices: p3301(v595) p2436(v291) p7466(v253)
    - neighboring facets: f1511 f3136 f3135
- f3135
    - flags: top simplicial
    - normal:   -0.9569 0.0002545  -0.2904
    - offset: -0.06267976
    - vertices: p3301(v595) p6473(v449) p2436(v291)
    - neighboring facets: f2354 f3134 f3137
- f3136
    - flags: top simplicial
    - normal:   -0.9636 0.002283  -0.2672
    - offset: -0.06277954
    - vertices: p3301(v595) p7466(v253) p7511(v156)
    - neighboring facets: f1951 f3137 f3134
- f3137
    - flags: bottom simplicial
    - normal:    -0.966 0.0009841  -0.2585
    - offset: -0.06265516
    - vertices: p3301(v595) p6473(v449) p7511(v156)
    - neighboring facets: f2353 f3136 f3135
- f3138
    - flags: bottom simplicial
    - normal:   -0.9055  -0.4244 -0.000399
    - offset: -0.04898326
    - vertices: p4344(v596) p369(v451) p9987(v99)
    - neighboring facets: f2362 f3868 f3139
- f3139
    - flags: top simplicial
    - normal:   -0.9155  -0.4024 4.757e-06
    - offset: -0.04982952
    - vertices: p4344(v596) p369(v451) p3032(v173)
    - neighboring facets: f2364 f3866 f3138
- f3142
    - flags: top simplicial
    - normal:     0.415 -6.824e-05   0.9098
    - offset: -0.007011717
    - vertices: p9753(v597) p202(v377) p9986(v151)
    - neighboring facets: f2681 f3143 f3147
- f3143
    - flags: bottom simplicial
    - normal:    0.4045 -0.002378   0.9145
    - offset: -0.007122682
    - vertices: p9753(v597) p5995(v454) p9986(v151)
    - neighboring facets: f2378 f3142 f3148
- f3145
    - flags: bottom simplicial
    - normal:    0.4025 0.0004514   0.9154
    - offset: -0.007183206
    - vertices: p4137(v598) p202(v377) p9947(v245)
    - neighboring facets: f1940 f3146 f3147
- f3146
    - flags: top simplicial
    - normal:    0.3994 6.624e-05   0.9168
    - offset: -0.007202151
    - vertices: p4137(v598) p5995(v454) p9947(v245)
    - neighboring facets: f2375 f3145 f3148
- f3147
    - flags: bottom simplicial
    - normal:    0.4058 3.618e-05   0.9139
    - offset: -0.007123694
    - vertices: p4137(v598) p9753(v597) p202(v377)
    - neighboring facets: f3142 f3145 f3148
- f3148
    - flags: top simplicial
    - normal:    0.4029 4.453e-05   0.9152
    - offset: -0.007159175
    - vertices: p4137(v598) p9753(v597) p5995(v454)
    - neighboring facets: f3143 f3146 f3147
- f3149
    - flags: bottom simplicial
    - normal:    0.3155 -0.01633   0.9488
    - offset: -0.008082394
    - vertices: p4143(v599) p7186(v300) p416(v299)
    - neighboring facets: f1552 f3151 f3150
- f3150
    - flags: bottom simplicial
    - normal:     0.339 -0.003012   0.9408
    - offset: -0.007887672
    - vertices: p4143(v599) p5995(v454) p7186(v300)
    - neighboring facets: f2375 f3149 f3152
- f3151
    - flags: top simplicial
    - normal:    0.2954 -0.02861    0.955
    - offset: -0.008233877
    - vertices: p4143(v599) p6920(v376) p416(v299)
    - neighboring facets: f1938 f3149 f3152
- f3152
    - flags: top simplicial
    - normal:    0.3319  -0.0181   0.9431
    - offset: -0.007862369
    - vertices: p4143(v599) p5995(v454) p6920(v376)
    - neighboring facets: f2378 f3151 f3150
- f3153
    - flags: top simplicial
    - normal:   -0.7027 0.0002366   0.7115
    - offset: -0.05633118
    - vertices: p4761(v600) p10(v457) p4159(v193)
    - neighboring facets: f3160 f3155 f3154
- f3154
    - flags: bottom simplicial
    - normal:   -0.7195 -9.926e-06   0.6945
    - offset: -0.05692704
    - vertices: p4761(v600) p10(v457) p8514(v301)
    - neighboring facets: f3164 f3156 f3153
- f3155
    - flags: top simplicial
    - normal:   -0.6777 -0.0001549   0.7354
    - offset: -0.0553583
    - vertices: p4761(v600) p4159(v193) p8780(v33)
    - neighboring facets: f1613 f3156 f3153
- f3156
    - flags: bottom simplicial
    - normal:     -0.69   -0.001   0.7238
    - offset: -0.05576822
    - vertices: p4761(v600) p8514(v301) p8780(v33)
    - neighboring facets: f1553 f3155 f3154
- f3160
    - flags: bottom simplicial
    - normal:   -0.7117 0.001578   0.7025
    - offset: -0.05676645
    - vertices: p5748(v601) p10(v457) p4159(v193)
    - neighboring facets: f3153 f3166 f3164
- f3162
    - flags: top simplicial
    - normal:    -0.793  0.01021   0.6092
    - offset: -0.06022794
    - vertices: p5748(v601) p8972(v306) p419(v9)
    - neighboring facets: f1577 f3165 f3871
- f3163
    - flags: top simplicial
    - normal:   -0.7377 -0.0001845   0.6751
    - offset: -0.05756242
    - vertices: p5748(v601) p8514(v301) p7285(v114)
    - neighboring facets: f1554 f4361 f3164
- f3164
    - flags: top simplicial
    - normal:   -0.7278 -1.291e-05   0.6858
    - offset: -0.05722347
    - vertices: p5748(v601) p10(v457) p8514(v301)
    - neighboring facets: f3154 f3163 f3160
- f3165
    - flags: bottom simplicial
    - normal:   -0.6163   0.1134   0.7793
    - offset: -0.06186633
    - vertices: p5748(v601) p7429(v62) p419(v9)
    - neighboring facets: f2089 f3162 f3166
- f3166
    - flags: bottom simplicial
    - normal:   -0.6136  0.09643   0.7837
    - offset: -0.06043007
    - vertices: p5748(v601) p4159(v193) p7429(v62)
    - neighboring facets: f2442 f3165 f3160
- f3167
    - flags: bottom simplicial
    - normal:   -0.8576 -1.652e-05   0.5143
    - offset: -0.06125296
    - vertices: p2816(v602) p7089(v61) p419(v9)
    - neighboring facets: f1577 f3168 f3172
- f3168
    - flags: top simplicial
    - normal:   -0.8736 -9.595e-05   0.4867
    - offset: -0.06162395
    - vertices: p2816(v602) p41(v459) p419(v9)
    - neighboring facets: f3178 f3167 f3173
- f3170
    - flags: bottom simplicial
    - normal:   -0.8778 -0.001862    0.479
    - offset: -0.06160189
    - vertices: p5397(v603) p9450(v309) p7089(v61)
    - neighboring facets: f3880 f3172 f3171
- f3171
    - flags: bottom simplicial
    - normal:   -0.8881 -0.0002663   0.4597
    - offset: -0.06192147
    - vertices: p5397(v603) p41(v459) p9450(v309)
    - neighboring facets: f3174 f3170 f3173
- f3172
    - flags: top simplicial
    - normal:   -0.8733 -0.0004444   0.4872
    - offset: -0.06159247
    - vertices: p5397(v603) p2816(v602) p7089(v61)
    - neighboring facets: f3167 f3170 f3173
- f3173
    - flags: bottom simplicial
    - normal:   -0.8736 -0.0004029   0.4866
    - offset: -0.06160309
    - vertices: p5397(v603) p2816(v602) p41(v459)
    - neighboring facets: f3168 f3171 f3172
- f3174
    - flags: top simplicial
    - normal:   -0.8934 6.899e-05   0.4493
    - offset: -0.06204699
    - vertices: p2830(v604) p41(v459) p9450(v309)
    - neighboring facets: f3171 f3875 f3178
- f3176
    - flags: top simplicial
    - normal:   -0.9133 1.431e-05   0.4074
    - offset: -0.06237977
    - vertices: p2830(v604) p8056(v460) p3742(v310)
    - neighboring facets: f3185 f3189 f3876
- f3178
    - flags: bottom simplicial
    - normal:   -0.8895 0.0003824   0.4569
    - offset: -0.06199521
    - vertices: p2830(v604) p41(v459) p419(v9)
    - neighboring facets: f3168 f3188 f3174
- f3184
    - flags: top simplicial
    - normal:   -0.9275 -3.893e-05   0.3739
    - offset: -0.06255098
    - vertices: p4749(v606) p8056(v460) p8782(v195)
    - neighboring facets: f3877 f3187 f3185
- f3185
    - flags: bottom simplicial
    - normal:   -0.9181 0.0002073   0.3962
    - offset: -0.06246106
    - vertices: p4749(v606) p8056(v460) p3742(v310)
    - neighboring facets: f3176 f3189 f3184
- f3186
    - flags: top simplicial
    - normal:   -0.9289 -3.561e-05   0.3704
    - offset: -0.06256515
    - vertices: p4749(v606) p638(v307) p9309(v115)
    - neighboring facets: f3209 f4711 f3187
- f3187
    - flags: bottom simplicial
    - normal:   -0.9286 -3.805e-05   0.3711
    - offset: -0.06256209
    - vertices: p4749(v606) p638(v307) p8782(v195)
    - neighboring facets: f3878 f3184 f3186
- f3188
    - flags: bottom simplicial
    - normal:   -0.8998 0.001876   0.4362
    - offset: -0.06230532
    - vertices: p4749(v606) p2830(v604) p419(v9)
    - neighboring facets: f3178 f3191 f3189
- f3189
    - flags: top simplicial
    - normal:   -0.9088 0.001044   0.4172
    - offset: -0.06239188
    - vertices: p4749(v606) p2830(v604) p3742(v310)
    - neighboring facets: f3176 f3185 f3188
- f3190
    - flags: top simplicial
    - normal:   -0.9632  0.01296   0.2684
    - offset: -0.06365446
    - vertices: p4749(v606) p7379(v461) p2769(v196)
    - neighboring facets: f3890 f3192 f4362
- f3191
    - flags: top simplicial
    - normal:    -0.887   0.4612  0.02251
    - offset: -0.0913061
    - vertices: p4749(v606) p3789(v91) p419(v9)
    - neighboring facets: f776 f3188 f3192
- f3192
    - flags: top simplicial
    - normal:   -0.9817   0.1746  0.07595
    - offset: -0.07429929
    - vertices: p4749(v606) p2769(v196) p3789(v91)
    - neighboring facets: f2780 f3191 f3190
- f3194
    - flags: top simplicial
    - normal:   -0.9988 -0.03158  0.03655
    - offset: -0.0598919
    - center: -0.05977826666666666 0.01359223333333333 0.01676063333333333 
    - vertices: p8655(v607) p5905(v462) p8303(v26)
    - neighboring facets: f2417 f4605 f3203
- f3198
    - flags: top simplicial
    - normal:     -0.96 -0.0008393     0.28
    - offset: -0.06258334
    - vertices: p2475(v608) p797(v605) p9309(v115)
    - neighboring facets: f3881 f3208 f3894
- f3202
    - flags: top simplicial
    - normal:   -0.9954 -0.002836  0.09561
    - offset: -0.06109512
    - center: -0.05977456666666667 0.0444917 0.01799816666666667 
    - vertices: p3334(v609) p8655(v607) p3555(v311)
    - neighboring facets: f4606 f4372 f3203
- f3203
    - flags: bottom simplicial
    - normal:   -0.9928 -0.003683   0.1196
    - offset: -0.06133669
    - vertices: p3334(v609) p8655(v607) p5905(v462)
    - neighboring facets: f3194 f3210 f3202
- f3208
    - flags: top simplicial
    - normal:     -0.97 -0.004648   0.2429
    - offset: -0.06221832
    - vertices: p3334(v609) p2475(v608) p9309(v115)
    - neighboring facets: f3198 f3209 f3889
- f3209
    - flags: bottom simplicial
    - normal:   -0.9699 -0.005874   0.2434
    - offset: -0.06214643
    - vertices: p3334(v609) p638(v307) p9309(v115)
    - neighboring facets: f3186 f3208 f3210
- f3210
    - flags: bottom simplicial
    - normal:   -0.9702 -0.007459   0.2421
    - offset: -0.06204626
    - vertices: p3334(v609) p5905(v462) p638(v307)
    - neighboring facets: f2415 f3209 f3203
- f3211
    - flags: bottom simplicial
    - normal:   -0.2782 0.0001133   0.9605
    - offset: -0.03754281
    - vertices: p5927(v610) p5634(v313) p706(v197)
    - neighboring facets: f1607 f3212 f3902
- f3212
    - flags: top simplicial
    - normal:   -0.2639 0.0004897   0.9645
    - offset: -0.03685662
    - vertices: p5927(v610) p4256(v474) p706(v197)
    - neighboring facets: f2472 f3211 f3213
- f3213
    - flags: bottom simplicial
    - normal:   -0.2627 0.0006748   0.9649
    - offset: -0.03681028
    - vertices: p5927(v610) p4256(v474) p8981(v465)
    - neighboring facets: f2475 f3899 f3212
- f3217
    - flags: top simplicial
    - normal:   -0.3797 0.0007988   0.9251
    - offset: -0.04251617
    - vertices: p9327(v611) p4785(v466) p7429(v62)
    - neighboring facets: f2435 f3219 f3218
- f3218
    - flags: bottom simplicial
    - normal:   -0.3716 2.103e-05   0.9284
    - offset: -0.04207109
    - vertices: p9327(v611) p4785(v466) p908(v464)
    - neighboring facets: f2438 f3900 f3217
- f3219
    - flags: bottom simplicial
    - normal:   -0.2333  0.05769   0.9707
    - offset: -0.03984048
    - vertices: p9327(v611) p113(v538) p7429(v62)
    - neighboring facets: f2802 f3217 f3220
- f3220
    - flags: top simplicial
    - normal:    -0.212  0.02911   0.9768
    - offset: -0.03648804
    - vertices: p9327(v611) p113(v538) p3816(v119)
    - neighboring facets: f2806 f3221 f3219
- f3221
    - flags: bottom simplicial
    - normal:    -0.226 0.004368   0.9741
    - offset: -0.03523369
    - vertices: p9327(v611) p6728(v312) p3816(v119)
    - neighboring facets: f1652 f3220 f3222
- f3222
    - flags: bottom simplicial
    - normal:   -0.2528  0.00219   0.9675
    - offset: -0.03642163
    - vertices: p9327(v611) p8981(v465) p6728(v312)
    - neighboring facets: f2475 f3221 f3901
- f3223
    - flags: bottom simplicial
    - normal:   -0.4489 -3.254e-07   0.8936
    - offset: -0.04567986
    - vertices: p1695(v612) p1634(v314) p7429(v62)
    - neighboring facets: f2435 f3224 f3225
- f3224
    - flags: top simplicial
    - normal:   -0.4737 0.0008535   0.8807
    - offset: -0.0468739
    - vertices: p1695(v612) p5191(v467) p7429(v62)
    - neighboring facets: f2442 f3223 f3225
- f3225
    - flags: bottom simplicial
    - normal:   -0.4727 -0.001428   0.8812
    - offset: -0.04665362
    - vertices: p1695(v612) p5191(v467) p1634(v314)
    - neighboring facets: f3227 f3223 f3224
- f3226
    - flags: top simplicial
    - normal:   -0.4577 -0.003547   0.8891
    - offset: -0.04582493
    - vertices: p3727(v613) p1634(v314) p1881(v198)
    - neighboring facets: f1612 f3228 f3227
- f3227
    - flags: top simplicial
    - normal:   -0.4738 -0.001608   0.8806
    - offset: -0.04668991
    - vertices: p3727(v613) p5191(v467) p1634(v314)
    - neighboring facets: f3225 f3226 f3229
- f3228
    - flags: bottom simplicial
    - normal:    -0.566 0.0007014   0.8244
    - offset: -0.0508991
    - vertices: p3727(v613) p3635(v316) p1881(v198)
    - neighboring facets: f1619 f3226 f3229
- f3229
    - flags: bottom simplicial
    - normal:   -0.5634 0.001032   0.8262
    - offset: -0.0508104
    - vertices: p3727(v613) p5191(v467) p3635(v316)
    - neighboring facets: f2446 f3228 f3227
- f3231
    - flags: bottom simplicial
    - normal:   -0.1111 -0.0002356   0.9938
    - offset: -0.02896183
    - vertices: p3723(v614) p5782(v472) p1327(v319)
    - neighboring facets: f2465 f3233 f3907
- f3232
    - flags: bottom simplicial
    - normal:  -0.08331 0.0003634   0.9965
    - offset: -0.02752811
    - vertices: p3723(v614) p9543(v470) p3816(v119)
    - neighboring facets: f2806 f3906 f3233
- f3233
    - flags: top simplicial
    - normal:  -0.08069 0.0002844   0.9967
    - offset: -0.02738278
    - vertices: p3723(v614) p9543(v470) p1327(v319)
    - neighboring facets: f2816 f3231 f3232
- f3234
    - flags: top simplicial
    - normal:   -0.1557 0.0002215   0.9878
    - offset: -0.03132733
    - vertices: p2922(v615) p2321(v323) p3816(v119)
    - neighboring facets: f1652 f3235 f3236
- f3235
    - flags: bottom simplicial
    - normal:   -0.1459 0.0001321   0.9893
    - offset: -0.03080791
    - vertices: p2922(v615) p5782(v472) p3816(v119)
    - neighboring facets: f3905 f3234 f3236
- f3236
    - flags: top simplicial
    - normal:   -0.1431 -8.7e-05   0.9897
    - offset: -0.03065073
    - vertices: p2922(v615) p5782(v472) p2321(v323)
    - neighboring facets: f2467 f3234 f3235
- f3239
    - flags: top simplicial
    - normal:   -0.6644  -0.6309   0.4006
    - offset: -0.03928764
    - vertices: p519(v616) p3967(v324) p4700(v67)
    - neighboring facets: f1653 f3908 f3240
- f3240
    - flags: bottom simplicial
    - normal:   -0.6744  -0.6516   0.3474
    - offset: -0.03870941
    - vertices: p519(v616) p3967(v324) p4846(v206)
    - neighboring facets: f1658 f3922 f3239
- f3243
    - flags: top simplicial
    - normal:   -0.5778  -0.7398   0.3449
    - offset: -0.03222696
    - vertices: p6332(v617) p2310(v475) p2871(v325)
    - neighboring facets: f4938 f4198 f3917
- f3256
    - flags: top simplicial
    - normal:    0.1309  -0.4682   0.8739
    - offset: -0.007811753
    - vertices: p1240(v620) p1035(v477) p1282(v19)
    - neighboring facets: f4408 f3258 f3257
- f3257
    - flags: bottom simplicial
    - normal:    0.1162  -0.5752   0.8097
    - offset: -0.007018954
    - vertices: p1240(v620) p1035(v477) p9389(v430)
    - neighboring facets: f2489 f3259 f3256
- f3258
    - flags: bottom simplicial
    - normal:    0.2897  -0.2933   0.9111
    - offset: -0.007127259
    - vertices: p1240(v620) p6920(v376) p1282(v19)
    - neighboring facets: f1932 f3256 f3259
- f3259
    - flags: bottom simplicial
    - normal:    0.3218  -0.4066    0.855
    - offset: -0.005990483
    - vertices: p1240(v620) p9389(v430) p6920(v376)
    - neighboring facets: f3011 f3258 f3257
- f3260
    - flags: bottom simplicial
    - normal:    0.1316  -0.2617   0.9561
    - offset: -0.009220866
    - vertices: p1513(v621) p7101(v326) p1282(v19)
    - neighboring facets: f4407 f3261 f4736
- f3261
    - flags: top simplicial
    - normal:    0.1353  -0.2424   0.9607
    - offset: -0.009282242
    - vertices: p1513(v621) p4436(v478) p1282(v19)
    - neighboring facets: f2490 f3260 f3935
- f3267
    - flags: top simplicial
    - normal:   0.03869 -0.07159   0.9967
    - offset: -0.0167137
    - vertices: p861(v622) p1842(v209) p6426(v60)
    - neighboring facets: f2507 f3268 f3269
- f3268
    - flags: bottom simplicial
    - normal:   0.04157 -0.07236   0.9965
    - offset: -0.01654495
    - vertices: p861(v622) p4436(v478) p6426(v60)
    - neighboring facets: f2492 f3267 f3936
- f3269
    - flags: top simplicial
    - normal:   0.00148 -0.06248    0.998
    - offset: -0.01886915
    - vertices: p861(v622) p4331(v327) p1842(v209)
    - neighboring facets: f1679 f3267 f3270
- f3270
    - flags: bottom simplicial
    - normal:  0.0005886 -0.06243    0.998
    - offset: -0.01891859
    - vertices: p861(v622) p4331(v327) p8291(v111)
    - neighboring facets: f2373 f3272 f3269
- f3272
    - flags: top simplicial
    - normal:  -0.0007001 -0.06238   0.9981
    - offset: -0.01898971
    - vertices: p861(v622) p9212(v453) p8291(v111)
    - neighboring facets: f2373 f3270 f3273
- f3273
    - flags: bottom simplicial
    - normal:  -0.003063  -0.0623   0.9981
    - offset: -0.01911986
    - vertices: p861(v622) p9212(v453) p8468(v296)
    - neighboring facets: f2374 f3274 f3272
- f3274
    - flags: bottom simplicial
    - normal:  -0.03621 -0.06196   0.9974
    - offset: -0.02092615
    - vertices: p861(v622) p8468(v296) p1766(v17)
    - neighboring facets: f1532 f3275 f3273
- f3275
    - flags: top simplicial
    - normal:  -0.06663 -0.06228   0.9958
    - offset: -0.02255732
    - vertices: p861(v622) p1402(v322) p1766(v17)
    - neighboring facets: f1648 f3274 f4755
- f3282
    - flags: top simplicial tested
    - normal:   0.01029 -0.0006362   0.9999
    - offset: -0.02253285
    - center: -0.0410064 0.06680950000000001 0.0229987 
    - vertices: p4065(v623) p7430(v479) p6058(v328)
    - neighboring facets: f2501 f3284 f5275
    - ridges:
- f3283
    - flags: top simplicial tested
    - normal:   0.02455 -0.008015   0.9997
    - offset: -0.02146179
    - center: -0.04105236666666667 0.0648125 0.0229967 
    - vertices: p4065(v623) p1607(v480) p1842(v209)
    - neighboring facets: f2507 f5277 f3284
    - ridges:
- f3284
    - flags: bottom simplicial tested
    - normal:   0.01637 -0.001769   0.9999
    - offset: -0.02220712
    - center: -0.0408486 0.06587076666666668 0.0229954 
    - vertices: p4065(v623) p1607(v480) p6058(v328)
    - neighboring facets: f2504 f3282 f3283
- f3287
    - flags: top simplicial
    - normal:   -0.6696  -0.7427 -2.528e-05
    - offset: -0.03150175
    - vertices: p829(v624) p2311(v410) p6782(v268)
    - neighboring facets: f2960 f3948 f3947
- f3292
    - flags: bottom simplicial
    - normal:   -0.6691  -0.7431 1.964e-06
    - offset: -0.03146771
    - vertices: p6526(v625) p4140(v482) p5293(v210)
    - neighboring facets: f3303 f3293 f4723
- f3293
    - flags: bottom simplicial
    - normal:   -0.6584  -0.7526 0.003244
    - offset: -0.03098278
    - vertices: p6526(v625) p5293(v210) p2670(v124)
    - neighboring facets: f1052 f4392 f3292
- f3296
    - flags: top simplicial
    - normal:   -0.6691  -0.7431 3.852e-06
    - offset: -0.03146792
    - vertices: p2615(v626) p4140(v482) p157(v165)
    - neighboring facets: f2522 f3950 f4767
- f3302
    - flags: bottom simplicial
    - normal:   -0.6691  -0.7431 1.571e-06
    - offset: -0.03146772
    - vertices: p6632(v627) p7415(v330) p5293(v210)
    - neighboring facets: f2875 f3303 f3304
- f3303
    - flags: top simplicial
    - normal:   -0.6691  -0.7431 1.576e-06
    - offset: -0.03146772
    - vertices: p6632(v627) p4140(v482) p5293(v210)
    - neighboring facets: f3292 f3302 f3304
- f3304
    - flags: bottom simplicial
    - normal:   -0.6691  -0.7431 1.567e-06
    - offset: -0.03146772
    - vertices: p6632(v627) p4140(v482) p7415(v330)
    - neighboring facets: f2522 f3302 f3303
- f3305
    - flags: top simplicial
    - normal:    0.9189 -0.0001151  -0.3945
    - offset: -0.0009648149
    - vertices: p9229(v628) p6277(v484) p1396(v68)
    - neighboring facets: f3977 f3307 f3306
- f3306
    - flags: bottom simplicial
    - normal:    0.9061 4.717e-05   -0.423
    - offset: -0.001124972
    - vertices: p9229(v628) p6277(v484) p9226(v335)
    - neighboring facets: f3310 f3347 f3305
- f3307
    - flags: bottom simplicial
    - normal:    0.9108  0.01395  -0.4127
    - offset: -0.001777544
    - vertices: p9229(v628) p7044(v217) p1396(v68)
    - neighboring facets: f3976 f3305 f3346
- f3309
    - flags: bottom simplicial
    - normal:    0.8922 -5.351e-05  -0.4517
    - offset: -0.001285641
    - vertices: p4880(v629) p8267(v483) p9226(v335)
    - neighboring facets: f3348 f3310 f3350
- f3310
    - flags: top simplicial
    - normal:    0.8924 -5.451e-05  -0.4513
    - offset: -0.001283279
    - vertices: p4880(v629) p6277(v484) p9226(v335)
    - neighboring facets: f3306 f3309 f4003
- f3320
    - flags: top simplicial
    - normal:    0.9232 -0.005208  -0.3842
    - offset: -0.0008669201
    - vertices: p3119(v631) p6277(v484) p6104(v336)
    - neighboring facets: f4459 f3980 f3978
- f3330
    - flags: bottom simplicial
    - normal:    0.7116 -0.01316  -0.7024
    - offset: -0.003362792
    - vertices: p7967(v632) p8349(v426) p9193(v279)
    - neighboring facets: f2981 f3995 f3989
- f3332
    - flags: top simplicial
    - normal:    0.7237  0.02483  -0.6896
    - offset: -0.004607464
    - vertices: p3786(v633) p8716(v488) p3986(v216)
    - neighboring facets: f2558 f3335 f3362
- f3334
    - flags: top simplicial
    - normal:    0.7734 0.000261  -0.6339
    - offset: -0.002725803
    - vertices: p3786(v633) p2245(v492) p5947(v340)
    - neighboring facets: f2594 f3361 f3339
- f3335
    - flags: bottom simplicial
    - normal:    0.7336 0.0001658  -0.6796
    - offset: -0.003195142
    - vertices: p3786(v633) p8349(v426) p3986(v216)
    - neighboring facets: f2558 f3332 f3336
- f3336
    - flags: bottom simplicial
    - normal:    0.7392 3.43e-05  -0.6735
    - offset: -0.003123222
    - vertices: p3786(v633) p6562(v568) p8349(v426)
    - neighboring facets: f2981 f3335 f3337
- f3337
    - flags: top simplicial
    - normal:    0.7565 -9.506e-06   -0.654
    - offset: -0.00291837
    - vertices: p3786(v633) p6562(v568) p9193(v279)
    - neighboring facets: f2981 f3338 f3336
- f3338
    - flags: bottom simplicial
    - normal:    0.7651 2.538e-05  -0.6439
    - offset: -0.002815713
    - vertices: p3786(v633) p1915(v493) p9193(v279)
    - neighboring facets: f3717 f3337 f3339
- f3339
    - flags: top simplicial
    - normal:    0.7723 0.0001175  -0.6353
    - offset: -0.002732248
    - vertices: p3786(v633) p1915(v493) p2245(v492)
    - neighboring facets: f2594 f3334 f3338
- f3340
    - flags: top simplicial
    - normal:     0.605 0.0001116  -0.7963
    - offset: -0.004725476
    - vertices: p1156(v634) p3888(v489) p731(v338)
    - neighboring facets: f2565 f3342 f3997
- f3341
    - flags: top simplicial
    - normal:      0.61 -0.004265  -0.7924
    - offset: -0.004633594
    - vertices: p1156(v634) p7282(v427) p2619(v69)
    - neighboring facets: f3991 f3999 f3342
- f3342
    - flags: bottom simplicial
    - normal:    0.6024 -0.004509  -0.7982
    - offset: -0.004718035
    - vertices: p1156(v634) p7282(v427) p731(v338)
    - neighboring facets: f2227 f3340 f3341
- f3345
    - flags: bottom simplicial
    - normal:    0.8974  0.04108  -0.4392
    - offset: -0.003341296
    - vertices: p2839(v635) p7267(v490) p7044(v217)
    - neighboring facets: f4007 f3346 f4001
- f3346
    - flags: top simplicial
    - normal:    0.9063  0.01753  -0.4222
    - offset: -0.002010502
    - vertices: p2839(v635) p9229(v628) p7044(v217)
    - neighboring facets: f3307 f3345 f3347
- f3347
    - flags: bottom simplicial
    - normal:    0.9039  0.01223  -0.4277
    - offset: -0.001770176
    - vertices: p2839(v635) p9229(v628) p9226(v335)
    - neighboring facets: f3306 f3348 f3346
- f3348
    - flags: top simplicial
    - normal:    0.8921 -3.586e-05  -0.4518
    - offset: -0.001287405
    - vertices: p2839(v635) p8267(v483) p9226(v335)
    - neighboring facets: f3309 f3347 f3350
- f3350
    - flags: top simplicial
    - normal:     0.892 -5.368e-05  -0.4519
    - offset: -0.001287054
    - vertices: p2839(v635) p4880(v629) p8267(v483)
    - neighboring facets: f3309 f3348 f4456
- f3353
    - flags: top simplicial
    - normal:    0.8317  0.06616  -0.5513
    - offset: -0.005474569
    - vertices: p6630(v636) p7267(v490) p5947(v340)
    - neighboring facets: f4009 f4653 f4658
- f3361
    - flags: top simplicial
    - normal:    0.7335    0.165  -0.6594
    - offset: -0.01175805
    - vertices: p9485(v637) p3786(v633) p5947(v340)
    - neighboring facets: f3334 f4010 f3362
- f3362
    - flags: bottom simplicial
    - normal:     0.723   0.1684    -0.67
    - offset: -0.01205094
    - vertices: p9485(v637) p3786(v633) p8716(v488)
    - neighboring facets: f3332 f4014 f3361
- f3365
    - flags: top simplicial
    - normal:    0.5077    0.233  -0.8294
    - offset: -0.01804214
    - center: -0.01635851333333333 0.0629329 -0.01408686666666667 
    - vertices: p7234(v638) p1645(v359) p9673(v20)
    - neighboring facets: f1852 f3366 f4477
- f3366
    - flags: bottom simplicial
    - normal:    0.5269    0.264  -0.8079
    - offset: -0.01938205
    - center: -0.02699668333333334 0.07266196666666667 -0.0178541 
    - vertices: p7234(v638) p2720(v491) p9673(v20)
    - neighboring facets: f4470 f3365 f4785
- f3371
    - flags: bottom simplicial
    - normal:    0.6111   0.7914  0.01656
    - offset: -0.04341543
    - vertices: p7566(v639) p1930(v495) p714(v7)
    - neighboring facets: f2600 f3373 f3372
- f3372
    - flags: top simplicial
    - normal:    0.6206    0.784 -0.01482
    - offset: -0.04299486
    - vertices: p7566(v639) p1930(v495) p3508(v345)
    - neighboring facets: f2602 f3376 f3371
- f3373
    - flags: top simplicial
    - normal:    0.6406   0.7596   0.1122
    - offset: -0.04159287
    - vertices: p7566(v639) p8826(v44) p714(v7)
    - neighboring facets: f374 f3371 f3374
- f3374
    - flags: top simplicial
    - normal:    0.6669   0.7368   0.1116
    - offset: -0.0402901
    - vertices: p7566(v639) p7121(v238) p8826(v44)
    - neighboring facets: f1220 f3373 f3375
- f3375
    - flags: bottom simplicial
    - normal:    0.7087    0.698   0.1026
    - offset: -0.0380781
    - vertices: p7566(v639) p7121(v238) p934(v43)
    - neighboring facets: f1216 f3376 f3374
- f3376
    - flags: top simplicial
    - normal:    0.7293   0.6805  0.07084
    - offset: -0.03708444
    - vertices: p7566(v639) p3508(v345) p934(v43)
    - neighboring facets: f1779 f3375 f3372
- f3378
    - flags: top simplicial tested
    - normal:  -0.01552 0.004249  -0.9999
    - offset: -0.02417668
    - center: -0.05444776666666667 0.08061086666666667 -0.02299233333333333 
    - vertices: p705(v640) p2260(v497) p5456(v79)
    - neighboring facets: f2610 f5312 f4977
    - ridges:
- f3382
    - flags: top simplicial
    - normal:    0.5074 -0.0004305  -0.8617
    - offset: -0.005903545
    - vertices: p562(v641) p6525(v501) p392(v129)
    - neighboring facets: f2631 f3384 f3383
- f3383
    - flags: bottom simplicial
    - normal:    0.5064 -5.137e-05  -0.8623
    - offset: -0.005917661
    - vertices: p562(v641) p6525(v501) p9085(v220)
    - neighboring facets: f2634 f3385 f3382
- f3384
    - flags: bottom simplicial
    - normal:    0.5303 -2.042e-06  -0.8478
    - offset: -0.005634796
    - vertices: p562(v641) p2844(v347) p392(v129)
    - neighboring facets: f2555 f3382 f3385
- f3385
    - flags: top simplicial
    - normal:    0.5133 -5.011e-06  -0.8582
    - offset: -0.005836757
    - vertices: p562(v641) p2844(v347) p9085(v220)
    - neighboring facets: f1796 f3383 f3384
- f3387
    - flags: bottom simplicial
    - normal:     0.565  0.01618    0.825
    - offset: -0.006062262
    - vertices: p3589(v642) p5775(v505) p7913(v371)
    - neighboring facets: f2646 f4039 f4822
- f3391
    - flags: bottom simplicial
    - normal:    0.6448 -0.0006397   0.7644
    - offset: -0.004248367
    - vertices: p445(v643) p2017(v437) p7721(v86)
    - neighboring facets: f2283 f3397 f4043
- f3396
    - flags: bottom simplicial
    - normal:    0.6526   0.0113   0.7577
    - offset: -0.00473872
    - vertices: p4444(v644) p143(v506) p5775(v505)
    - neighboring facets: f2656 f4820 f3399
- f3397
    - flags: bottom simplicial
    - normal:    0.6425 -0.0001298   0.7663
    - offset: -0.004279698
    - vertices: p4444(v644) p445(v643) p7721(v86)
    - neighboring facets: f3391 f3400 f4051
- f3399
    - flags: top simplicial
    - normal:    0.6673  0.01245   0.7447
    - offset: -0.004620254
    - vertices: p4444(v644) p143(v506) p8586(v242)
    - neighboring facets: f2655 f4509 f3396
- f3400
    - flags: top simplicial
    - normal:    0.6745 -5.539e-05   0.7383
    - offset: -0.003899356
    - vertices: p4444(v644) p5353(v436) p7721(v86)
    - neighboring facets: f2283 f3397 f4507
- f3409
    - flags: top simplicial
    - normal:    0.8084 0.003558   0.5886
    - offset: -0.002463563
    - vertices: p9912(v647) p3821(v509) p8425(v374)
    - neighboring facets: f3418 f3411 f4063
- f3411
    - flags: bottom simplicial
    - normal:    0.8366 -2.645e-05   0.5478
    - offset: -0.001957345
    - vertices: p9912(v647) p5553(v645) p8425(v374)
    - neighboring facets: f4519 f3409 f4061
- f3416
    - flags: top simplicial
    - normal:    0.7302 2.626e-08   0.6832
    - offset: -0.003234908
    - vertices: p8800(v648) p7797(v581) p8586(v242)
    - neighboring facets: f4056 f4064 f4067
- f3418
    - flags: bottom simplicial
    - normal:    0.8041 0.006602   0.5944
    - offset: -0.002669961
    - vertices: p551(v649) p3821(v509) p8425(v374)
    - neighboring facets: f3409 f3420 f4071
- f3419
    - flags: bottom simplicial
    - normal:    0.7761    0.125    0.618
    - offset: -0.009214697
    - vertices: p551(v649) p4508(v508) p8586(v242)
    - neighboring facets: f2662 f4065 f3420
- f3420
    - flags: top simplicial
    - normal:    0.8031  0.07073   0.5916
    - offset: -0.006051857
    - vertices: p551(v649) p4508(v508) p8425(v374)
    - neighboring facets: f4990 f3418 f3419
- f3430
    - flags: bottom simplicial
    - normal:     0.505 -0.0007588   0.8631
    - offset: -0.00592107
    - vertices: p5360(v651) p468(v375) p2016(v244)
    - neighboring facets: f1926 f4042 f3431
- f3431
    - flags: bottom simplicial
    - normal:    0.5047 -0.0003794   0.8633
    - offset: -0.005928236
    - vertices: p5360(v651) p8992(v511) p468(v375)
    - neighboring facets: f4491 f3430 f4493
- f3435
    - flags: bottom simplicial
    - normal:   -0.9994 0.0001886 -0.03445
    - offset: -0.06039718
    - vertices: p5683(v652) p3892(v513) p5885(v246)
    - neighboring facets: f2682 f4088 f3437
- f3437
    - flags: top simplicial
    - normal:   -0.9992 0.0001116 -0.03895
    - offset: -0.06046335
    - vertices: p5683(v652) p3892(v513) p4276(v379)
    - neighboring facets: f2683 f4086 f3435
- f3439
    - flags: top simplicial
    - normal:   -0.9945 -0.0003227  -0.1052
    - offset: -0.06136586
    - vertices: p961(v653) p9205(v514) p3929(v57)
    - neighboring facets: f2687 f3442 f3440
- f3440
    - flags: bottom simplicial
    - normal:   -0.9932 8.506e-07  -0.1164
    - offset: -0.06152096
    - vertices: p961(v653) p9205(v514) p4405(v380)
    - neighboring facets: f2687 f4093 f3439
- f3442
    - flags: bottom simplicial
    - normal:   -0.9943 -0.00321  -0.1063
    - offset: -0.06120059
    - vertices: p961(v653) p3734(v107) p3929(v57)
    - neighboring facets: f2360 f3439 f3443
- f3443
    - flags: bottom simplicial
    - normal:    -0.987 -0.004885  -0.1605
    - offset: -0.06167204
    - vertices: p961(v653) p1246(v252) p3734(v107)
    - neighboring facets: f1509 f3442 f4090
- f3445
    - flags: bottom simplicial
    - normal:   -0.4899 0.0003226  -0.8718
    - offset: -0.04755679
    - vertices: p3950(v654) p9452(v516) p4496(v381)
    - neighboring facets: f2696 f3457 f4550
- f3448
    - flags: bottom simplicial
    - normal:   -0.3847 -0.001648   -0.923
    - offset: -0.0425729
    - vertices: p4184(v655) p8605(v222) p2057(v16)
    - neighboring facets: f1824 f3449 f4557
- f3449
    - flags: top simplicial
    - normal:   -0.3957 -0.002376  -0.9184
    - offset: -0.04303729
    - vertices: p4184(v655) p9452(v516) p2057(v16)
    - neighboring facets: f2696 f3448 f4096
- f3453
    - flags: bottom simplicial
    - normal:   -0.5426  0.04757  -0.8386
    - offset: -0.05354874
    - vertices: p7585(v656) p1727(v250) p7881(v130)
    - neighboring facets: f1279 f3455 f3454
- f3454
    - flags: bottom simplicial
    - normal:   -0.6242 0.009255  -0.7812
    - offset: -0.05397268
    - vertices: p7585(v656) p9611(v517) p1727(v250)
    - neighboring facets: f3459 f3453 f4561
- f3455
    - flags: top simplicial
    - normal:   -0.4887  0.00428  -0.8724
    - offset: -0.04780077
    - vertices: p7585(v656) p3950(v654) p7881(v130)
    - neighboring facets: f4553 f3453 f3457
- f3457
    - flags: bottom simplicial
    - normal:   -0.5047 0.0007252  -0.8633
    - offset: -0.04824258
    - vertices: p7585(v656) p3950(v654) p4496(v381)
    - neighboring facets: f3445 f4558 f3455
- f3458
    - flags: top simplicial
    - normal:   -0.7284 0.0002229  -0.6852
    - offset: -0.05726354
    - vertices: p8912(v657) p1727(v250) p5935(v247)
    - neighboring facets: f5103 f5220 f3459
- f3459
    - flags: top simplicial
    - normal:   -0.6684 0.003701  -0.7438
    - offset: -0.05530015
    - vertices: p8912(v657) p9611(v517) p1727(v250)
    - neighboring facets: f3454 f3458 f5093
- f3464
    - flags: bottom simplicial
    - normal:   -0.8354 0.000832  -0.5496
    - offset: -0.06072964
    - vertices: p2545(v658) p7256(v389) p7745(v154)
    - neighboring facets: f2015 f5107 f5251
- f3476
    - flags: bottom simplicial
    - normal:   -0.9543   0.2989 6.691e-05
    - offset: -0.08153397
    - vertices: p5533(v660) p3725(v260) p3789(v91)
    - neighboring facets: f1326 f3480 f3477
- f3477
    - flags: top simplicial
    - normal:   -0.9543   0.2987 2.021e-06
    - offset: -0.08151803
    - vertices: p5533(v660) p3725(v260) p1444(v255)
    - neighboring facets: f2066 f3482 f3476
- f3478
    - flags: top simplicial
    - normal:   -0.9238    0.383 4.223e-06
    - offset: -0.08664181
    - vertices: p2724(v661) p3036(v382) p3789(v91)
    - neighboring facets: f2722 f3480 f3479
- f3479
    - flags: top simplicial
    - normal:   -0.9238   0.3829 1.476e-06
    - offset: -0.08663532
    - vertices: p2724(v661) p7214(v520) p3036(v382)
    - neighboring facets: f2713 f3478 f3481
- f3480
    - flags: bottom simplicial
    - normal:   -0.9272   0.3745 -2.917e-05
    - offset: -0.08614662
    - vertices: p2724(v661) p5533(v660) p3789(v91)
    - neighboring facets: f3476 f3478 f3482
- f3481
    - flags: bottom simplicial
    - normal:   -0.9274    0.374 -7.774e-05
    - offset: -0.08612029
    - vertices: p2724(v661) p7214(v520) p1444(v255)
    - neighboring facets: f2715 f3482 f3479
- f3482
    - flags: top simplicial
    - normal:   -0.9276   0.3736 -3.744e-05
    - offset: -0.08609794
    - vertices: p2724(v661) p5533(v660) p1444(v255)
    - neighboring facets: f3477 f3481 f3480
- f3483
    - flags: bottom simplicial
    - normal:   -0.8883   0.4593 1.009e-05
    - offset: -0.09084043
    - vertices: p1615(v662) p6168(v521) p1368(v256)
    - neighboring facets: f2721 f3484 f3486
- f3484
    - flags: bottom simplicial
    - normal:   -0.8795   0.4758 0.0006496
    - offset: -0.09169115
    - vertices: p1615(v662) p1368(v256) p6580(v157)
    - neighboring facets: f1309 f3487 f3483
- f3485
    - flags: bottom simplicial
    - normal:   -0.8876   0.4606 -2.063e-05
    - offset: -0.09090847
    - vertices: p1615(v662) p1978(v383) p6791(v158)
    - neighboring facets: f1982 f3486 f3488
- f3486
    - flags: top simplicial
    - normal:   -0.8883   0.4593 -2.222e-06
    - offset: -0.09084131
    - vertices: p1615(v662) p6168(v521) p6791(v158)
    - neighboring facets: f2718 f3485 f3483
- f3487
    - flags: top simplicial
    - normal:   -0.8624   0.5063 4.723e-05
    - offset: -0.0931913
    - vertices: p1615(v662) p3990(v522) p6580(v157)
    - neighboring facets: f3492 f3484 f3488
- f3488
    - flags: bottom simplicial
    - normal:   -0.8631    0.505 3.834e-05
    - offset: -0.0931285
    - vertices: p1615(v662) p3990(v522) p1978(v383)
    - neighboring facets: f3489 f3485 f3487
- f3489
    - flags: top simplicial
    - normal:   -0.8641   0.5033 -0.0003209
    - offset: -0.0930506
    - vertices: p5463(v663) p3990(v522) p1978(v383)
    - neighboring facets: f3488 f3491 f3492
- f3490
    - flags: top simplicial
    - normal:   -0.8876   0.4606 -0.003303
    - offset: -0.09095258
    - vertices: p5463(v663) p3036(v382) p1174(v248)
    - neighboring facets: f1973 f3523 f3491
- f3491
    - flags: top simplicial
    - normal:   -0.8825   0.4704 -0.001005
    - offset: -0.09142151
    - vertices: p5463(v663) p1978(v383) p3036(v382)
    - neighboring facets: f1982 f3490 f3489
- f3492
    - flags: bottom simplicial
    - normal:   -0.8453   0.5342 -2.434e-05
    - offset: -0.09449963
    - vertices: p5463(v663) p3990(v522) p6580(v157)
    - neighboring facets: f3487 f3521 f3489
- f3512
    - flags: top simplicial
    - normal:   -0.6773   0.7357 2.72e-05
    - offset: -0.1013548
    - vertices: p1639(v667) p4265(v401) p4663(v161)
    - neighboring facets: f2074 f3514 f3513
- f3513
    - flags: bottom simplicial
    - normal:   -0.6789   0.7342 -9.826e-06
    - offset: -0.1013252
    - vertices: p1639(v667) p4265(v401) p8112(v385)
    - neighboring facets: f2729 f3516 f3512
- f3514
    - flags: bottom simplicial
    - normal:   -0.7218   0.6921 0.0008161
    - offset: -0.1003451
    - vertices: p1639(v667) p3506(v390) p4663(v161)
    - neighboring facets: f2021 f3512 f3515
- f3515
    - flags: bottom simplicial
    - normal:   -0.7309   0.6825 6.581e-05
    - offset: -0.1000679
    - vertices: p1639(v667) p7258(v529) p3506(v390)
    - neighboring facets: f2762 f3514 f3517
- f3516
    - flags: bottom simplicial
    - normal:   -0.7122    0.702 -0.0001095
    - offset: -0.1005921
    - vertices: p1639(v667) p8112(v385) p2094(v249)
    - neighboring facets: f2727 f3517 f3513
- f3517
    - flags: top simplicial
    - normal:   -0.7137   0.7005 -0.0001003
    - offset: -0.1005536
    - vertices: p1639(v667) p7258(v529) p2094(v249)
    - neighboring facets: f2762 f3516 f3515
- f3518
    - flags: top simplicial
    - normal:   -0.8321   0.5546 -9.7e-05
    - offset: -0.0954082
    - vertices: p1099(v668) p7669(v530) p8295(v392)
    - neighboring facets: f2766 f3520 f3522
- f3519
    - flags: top simplicial
    - normal:    -0.829   0.5592 0.0002546
    - offset: -0.09560642
    - vertices: p1099(v668) p5771(v528) p6580(v157)
    - neighboring facets: f2758 f3521 f3520
- f3520
    - flags: bottom simplicial
    - normal:   -0.8209   0.5711 0.0001422
    - offset: -0.09611145
    - vertices: p1099(v668) p5771(v528) p8295(v392)
    - neighboring facets: f2760 f3518 f3519
- f3521
    - flags: bottom simplicial
    - normal:   -0.8447   0.5352 -2.425e-05
    - offset: -0.0945421
    - vertices: p1099(v668) p5463(v663) p6580(v157)
    - neighboring facets: f3492 f3519 f3523
- f3522
    - flags: bottom simplicial
    - normal:   -0.8426   0.5386 -6.294e-05
    - offset: -0.09469571
    - vertices: p1099(v668) p7669(v530) p1174(v248)
    - neighboring facets: f2765 f3523 f3518
- f3523
    - flags: top simplicial
    - normal:   -0.8434   0.5374 -5.145e-05
    - offset: -0.09464126
    - vertices: p1099(v668) p5463(v663) p1174(v248)
    - neighboring facets: f3490 f3522 f3521
- f3524
    - flags: top simplicial tested
    - normal:   -0.9999  0.01015 1.246e-05
    - offset: -0.06062217
    - center: -0.05979976666666666 0.0813681 -0.009333193333333333 
    - vertices: p2782(v669) p596(v531) p1945(v153)
    - neighboring facets: f5281 f3526 f3525
    - ridges:
- f3525
    - flags: bottom simplicial tested
    - normal:   -0.9999  0.01608 6.494e-05
    - offset: -0.06109981
    - center: -0.05979896666666667 0.08140276666666667 -0.002650176666666667 
    - vertices: p2782(v669) p596(v531) p1888(v393)
    - neighboring facets: f3530 f3527 f3524
- f3526
    - flags: bottom simplicial tested
    - normal:   -0.9997  0.02564 -0.0002611
    - offset: -0.06187008
    - center: -0.05979856666666666 0.0814169 -0.0138816 
    - vertices: p2782(v669) p417(v258) p1945(v153)
    - neighboring facets: f2048 f3524 f3527
- f3527
    - flags: bottom simplicial tested
    - normal:    -0.999   0.0436 -1.449e-06
    - offset: -0.06329209
    - center: -0.05979776666666668 0.08145156666666666 -0.007198583333333334 
    - vertices: p2782(v669) p1888(v393) p417(v258)
    - neighboring facets: f2046 f3526 f3525
- f3529
    - flags: top simplicial tested
    - normal:   -0.9999  0.01475 0.0001026
    - offset: -0.0609929
    - center: -0.0597992 0.08132456666666667 0.008533666666666667 
    - vertices: p5473(v670) p1888(v393) p4664(v257)
    - neighboring facets: f3541 f5291 f3530
    - ridges:
- f3530
    - flags: top simplicial tested
    - normal:   -0.9999  0.01468 8.771e-05
    - offset: -0.06098741
    - center: -0.0597992 0.08135993333333333 0.003067806666666667 
    - vertices: p5473(v670) p596(v531) p1888(v393)
    - neighboring facets: f3525 f3529 f5293
    - ridges:
- f3533
    - flags: bottom simplicial tested
    - normal:        -1 0.0002378 0.002744
    - offset: -0.05986593
    - center: -0.0597991 0.07630550000000001 0.01782453333333333 
    - vertices: p9848(v671) p3663(v532) p2643(v394)
    - neighboring facets: f3538 f4144 f5294
    - ridges:
- f3537
    - flags: top simplicial tested
    - normal:   -0.9993 -2.2e-05  0.03703
    - offset: -0.06042427
    - center: -0.05979496666666666 0.06822473333333334 0.01814216666666667 
    - vertices: p7062(v672) p2643(v394) p3555(v311)
    - neighboring facets: f4715 f4607 f3538
- f3538
    - flags: top simplicial tested
    - normal:   -0.9997 1.487e-05  0.02337
    - offset: -0.06020478
    - center: -0.05979863333333333 0.07191973333333335 0.01803533333333333 
    - vertices: p7062(v672) p3663(v532) p2643(v394)
    - neighboring facets: f3533 f3537 f4146
- f3539
    - flags: bottom simplicial
    - normal:    -0.999  0.04363 -1.328e-06
    - offset: -0.0632944
    - vertices: p3029(v673) p5286(v395) p1888(v393)
    - neighboring facets: f2046 f3541 f3540
- f3540
    - flags: bottom simplicial
    - normal:    -0.999  0.04479 4.274e-06
    - offset: -0.06338633
    - vertices: p3029(v673) p9448(v533) p5286(v395)
    - neighboring facets: f3545 f3539 f3546
- f3541
    - flags: bottom simplicial
    - normal:   -0.9997  0.02255 0.0002971
    - offset: -0.06162084
    - vertices: p3029(v673) p1888(v393) p4664(v257)
    - neighboring facets: f3529 f3547 f3539
- f3544
    - flags: bottom simplicial
    - normal:   -0.9947   0.1024 -1.03e-07
    - offset: -0.06783612
    - vertices: p726(v674) p9391(v398) p5286(v395)
    - neighboring facets: f2058 f3545 f3550
- f3545
    - flags: top simplicial
    - normal:   -0.9985  0.05528 2.439e-05
    - offset: -0.06421143
    - vertices: p726(v674) p9448(v533) p5286(v395)
    - neighboring facets: f3540 f3544 f3546
- f3546
    - flags: top simplicial
    - normal:    -0.999  0.04459 0.0001514
    - offset: -0.06337214
    - vertices: p726(v674) p3029(v673) p9448(v533)
    - neighboring facets: f3540 f3545 f3547
- f3547
    - flags: bottom simplicial
    - normal:   -0.9997   0.0254 0.0006274
    - offset: -0.06185327
    - vertices: p726(v674) p3029(v673) p4664(v257)
    - neighboring facets: f3541 f3548 f3546
- f3548
    - flags: top simplicial
    - normal:   -0.9999  0.01617 0.002349
    - offset: -0.06113942
    - vertices: p726(v674) p2643(v394) p4664(v257)
    - neighboring facets: f2037 f3547 f3549
- f3549
    - flags: top simplicial
    - normal:   -0.9968  0.07166   0.0349
    - offset: -0.06603207
    - vertices: p726(v674) p2626(v534) p2643(v394)
    - neighboring facets: f3897 f3548 f3551
- f3550
    - flags: top simplicial
    - normal:   -0.9809   0.1943  0.01341
    - offset: -0.07473297
    - vertices: p726(v674) p9391(v398) p3789(v91)
    - neighboring facets: f2059 f3551 f3544
- f3551
    - flags: bottom simplicial
    - normal:   -0.9886   0.1453  0.03998
    - offset: -0.07163674
    - vertices: p726(v674) p2626(v534) p3789(v91)
    - neighboring facets: f2780 f3550 f3549
- f3552
    - flags: top simplicial
    - normal:   -0.5353   0.8447 -2.741e-06
    - offset: -0.1021577
    - vertices: p1487(v675) p7612(v251) p4883(v93)
    - neighboring facets: f3593 f4150 f3559
- f3555
    - flags: bottom simplicial
    - normal:   -0.5465   0.8375 6.754e-05
    - offset: -0.1022073
    - vertices: p1475(v676) p6372(v402) p4883(v93)
    - neighboring facets: f2077 f4151 f3556
- f3556
    - flags: bottom simplicial
    - normal:   -0.5473    0.837 5.899e-05
    - offset:   -0.10221
    - vertices: p1475(v676) p9834(v535) p6372(v402)
    - neighboring facets: f2790 f3555 f3558
- f3558
    - flags: top simplicial
    - normal:   -0.5422   0.8403 -3.312e-05
    - offset: -0.1021904
    - vertices: p1475(v676) p9834(v535) p7612(v251)
    - neighboring facets: f2788 f3559 f3556
- f3559
    - flags: bottom simplicial
    - normal:   -0.5374   0.8433 -1.14e-06
    - offset: -0.1021682
    - vertices: p1475(v676) p1487(v675) p7612(v251)
    - neighboring facets: f3552 f3558 f4152
- f3560
    - flags: bottom simplicial
    - normal:   -0.6161   0.7877 -0.0004873
    - offset: -0.1021127
    - vertices: p6493(v677) p9834(v535) p5515(v24)
    - neighboring facets: f2788 f3562 f3561
- f3561
    - flags: top simplicial
    - normal:   -0.6108   0.7918 -6.059e-05
    - offset: -0.1021426
    - vertices: p6493(v677) p9834(v535) p8692(v261)
    - neighboring facets: f2790 f3563 f3560
- f3562
    - flags: top simplicial
    - normal:   -0.6537   0.7568 2.944e-05
    - offset: -0.1017291
    - vertices: p6493(v677) p4265(v401) p5515(v24)
    - neighboring facets: f2728 f3560 f3563
- f3563
    - flags: bottom simplicial
    - normal:   -0.6349   0.7726 0.0001825
    - offset:  -0.101949
    - vertices: p6493(v677) p4265(v401) p8692(v261)
    - neighboring facets: f2074 f3561 f3562
- f3564
    - flags: top simplicial
    - normal:    0.0117   0.5538   0.8325
    - offset: -0.0640779
    - vertices: p3423(v678) p3315(v262) p4860(v117)
    - neighboring facets: f3582 f3565 f3566
- f3565
    - flags: bottom simplicial
    - normal:  0.003267   0.4454   0.8953
    - offset: -0.05698484
    - vertices: p3423(v678) p3804(v536) p4860(v117)
    - neighboring facets: f3568 f3564 f3566
- f3566
    - flags: top simplicial
    - normal:  -0.01083   0.4667   0.8844
    - offset: -0.05925884
    - vertices: p3423(v678) p3804(v536) p3315(v262)
    - neighboring facets: f2793 f3564 f3565
- f3567
    - flags: bottom simplicial
    - normal:  2.075e-05   0.3073   0.9516
    - offset: -0.04704471
    - vertices: p4957(v679) p9101(v403) p4860(v117)
    - neighboring facets: f2085 f3568 f3569
- f3568
    - flags: top simplicial
    - normal:  -0.0001922   0.3676     0.93
    - offset: -0.05153092
    - vertices: p4957(v679) p3804(v536) p4860(v117)
    - neighboring facets: f3565 f3567 f3569
- f3569
    - flags: bottom simplicial
    - normal:  -0.003733   0.3604   0.9328
    - offset: -0.05118813
    - vertices: p4957(v679) p3804(v536) p9101(v403)
    - neighboring facets: f2793 f3567 f3568
- f3574
    - flags: bottom simplicial tested
    - normal:  -0.006968 0.0008039        1
    - offset: -0.02344142
    - center: -0.05456646666666667 0.07959033333333333 0.0229978 
    - vertices: p1273(v680) p113(v538) p3758(v320)
    - neighboring facets: f2813 f5278 f3578
    - ridges:
- f3575
    - flags: top simplicial tested
    - normal:  0.000336  0.02861   0.9996
    - offset: -0.02530032
    - center: -0.04999149999999999 0.08143163333333334 0.0229971 
    - vertices: p1273(v680) p2671(v149) p1997(v34)
    - neighboring facets: f733 f5269 f3576
    - ridges:
- f3576
    - flags: top simplicial tested
    - normal:  -0.0004249  0.05206   0.9986
    - offset: -0.02722857
    - center: -0.0506044 0.08156006666666667 0.02299196666666667 
    - vertices: p1273(v680) p1554(v202) p2671(v149)
    - neighboring facets: f1011 f3575 f3577
- f3577
    - flags: top simplicial tested
    - normal:  -0.00452  0.09537   0.9954
    - offset: -0.03090006
    - center: -0.05271743333333334 0.08167913333333333 0.02297716666666667 
    - vertices: p1273(v680) p304(v537) p1554(v202)
    - neighboring facets: f2797 f3576 f3578
- f3578
    - flags: top simplicial tested
    - normal:  -0.01559   0.1057   0.9943
    - offset: -0.03231566
    - center: -0.05418006666666667 0.08154503333333334 0.02298009999999999 
    - vertices: p1273(v680) p113(v538) p304(v537)
    - neighboring facets: f2805 f3577 f3574
- f3579
    - flags: top simplicial
    - normal:   0.04792   0.8262   0.5613
    - offset: -0.07873314
    - vertices: p7279(v681) p411(v540) p7749(v200)
    - neighboring facets: f2823 f3581 f3580
- f3580
    - flags: bottom simplicial
    - normal:  -0.08823   0.7094   0.6993
    - offset: -0.07959529
    - vertices: p7279(v681) p411(v540) p3315(v262)
    - neighboring facets: f2822 f3582 f3579
- f3581
    - flags: top simplicial
    - normal:    0.0231   0.6297   0.7765
    - offset: -0.06850026
    - vertices: p7279(v681) p7749(v200) p4860(v117)
    - neighboring facets: f999 f3582 f3579
- f3582
    - flags: bottom simplicial
    - normal:   0.01717   0.5998      0.8
    - offset: -0.06685899
    - vertices: p7279(v681) p3315(v262) p4860(v117)
    - neighboring facets: f3564 f3581 f3580
- f3583
    - flags: top simplicial
    - normal:   -0.4074   0.9133 -3.141e-05
    - offset: -0.1004754
    - vertices: p4631(v682) p9754(v404) p112(v386)
    - neighboring facets: f2835 f3584 f3585
- f3584
    - flags: bottom simplicial
    - normal:    -0.359   0.9333 2.867e-05
    - offset: -0.09935929
    - vertices: p4631(v682) p3568(v541) p112(v386)
    - neighboring facets: f3592 f3583 f3587
- f3585
    - flags: top simplicial
    - normal:   -0.2912   0.9565  0.01634
    - offset: -0.09770778
    - vertices: p4631(v682) p3686(v408) p9754(v404)
    - neighboring facets: f2118 f3583 f3586
- f3586
    - flags: bottom simplicial
    - normal:   -0.3114   0.9503 0.002266
    - offset: -0.09807044
    - vertices: p4631(v682) p3686(v408) p5953(v266)
    - neighboring facets: f3615 f3587 f3585
- f3587
    - flags: top simplicial
    - normal:   -0.3149   0.9491 0.002016
    - offset: -0.09817079
    - vertices: p4631(v682) p3568(v541) p5953(v266)
    - neighboring facets: f3589 f3586 f3584
- f3588
    - flags: top simplicial
    - normal:    -0.301   0.9536 1.826e-06
    - offset: -0.09771791
    - vertices: p7682(v683) p2459(v524) p5953(v266)
    - neighboring facets: f2738 f3589 f3590
- f3589
    - flags: bottom simplicial
    - normal:    -0.301   0.9536 2.479e-06
    - offset: -0.09771962
    - vertices: p7682(v683) p3568(v541) p5953(v266)
    - neighboring facets: f3587 f3588 f3592
- f3590
    - flags: top simplicial
    - normal:   -0.3037   0.9528 -1.319e-05
    - offset: -0.09780318
    - vertices: p7682(v683) p9874(v525) p2459(v524)
    - neighboring facets: f2738 f3588 f3591
- f3591
    - flags: bottom simplicial
    - normal:   -0.3419   0.9397 -0.0001797
    - offset: -0.09891013
    - vertices: p7682(v683) p9874(v525) p112(v386)
    - neighboring facets: f3599 f3592 f3590
- f3592
    - flags: top simplicial
    - normal:   -0.3514   0.9362 -4.33e-05
    - offset: -0.09916431
    - vertices: p7682(v683) p3568(v541) p112(v386)
    - neighboring facets: f3584 f3591 f3589
- f3593
    - flags: bottom simplicial
    - normal:   -0.5215   0.8532 -2.976e-05
    - offset: -0.1020744
    - vertices: p7687(v684) p7612(v251) p4883(v93)
    - neighboring facets: f3552 f3594 f3598
- f3594
    - flags: top simplicial
    - normal:   -0.4653   0.8851 1.655e-05
    - offset: -0.1014782
    - vertices: p7687(v684) p2083(v387) p4883(v93)
    - neighboring facets: f2819 f3593 f3596
- f3595
    - flags: bottom simplicial
    - normal:   -0.4117   0.9113 -0.003729
    - offset: -0.1006109
    - vertices: p7687(v684) p7056(v542) p112(v386)
    - neighboring facets: f2835 f3599 f3597
- f3596
    - flags: top simplicial
    - normal:    -0.464   0.8858 1.058e-05
    - offset: -0.1014591
    - vertices: p7687(v684) p2133(v539) p2083(v387)
    - neighboring facets: f2819 f3594 f3597
- f3597
    - flags: top simplicial
    - normal:   -0.4618    0.887 6.395e-07
    - offset: -0.1014286
    - vertices: p7687(v684) p7056(v542) p2133(v539)
    - neighboring facets: f2837 f3596 f3595
- f3598
    - flags: bottom simplicial
    - normal:   -0.3751   0.9269 -0.01274
    - offset: -0.09992877
    - vertices: p7687(v684) p9874(v525) p7612(v251)
    - neighboring facets: f2748 f3593 f3599
- f3599
    - flags: top simplicial
    - normal:   -0.3813   0.9244 -0.007882
    - offset: -0.1000061
    - vertices: p7687(v684) p9874(v525) p112(v386)
    - neighboring facets: f3591 f3595 f3598
- f3601
    - flags: bottom simplicial tested
    - normal:  -0.004745        1 -0.0007317
    - offset: -0.08467771
    - center: -0.05654303333333333 0.08439903333333333 -0.01554023333333333 
    - vertices: p70(v685) p5694(v407) p3022(v163)
    - neighboring facets: f2110 f5320 f3602
    - ridges:
- f3602
    - flags: bottom simplicial tested
    - normal:  -0.004818        1 -0.0007875
    - offset: -0.08468273
    - center: -0.05622956666666667 0.08439903333333332 -0.01752686666666667 
    - vertices: p70(v685) p5594(v545) p5694(v407)
    - neighboring facets: f3608 f3601 f5325
    - ridges:
- f3604
    - flags: bottom simplicial tested
    - normal:  0.001616        1 -0.002003
    - offset: -0.08437163
    - center: -0.0398726 0.08439933333333334 -0.0184739 
    - vertices: p2458(v686) p528(v496) p1650(v346)
    - neighboring facets: f2608 f4849 f5326
    - ridges:
- f3608
    - flags: top simplicial
    - normal:  -0.01223   0.9999 -0.003351
    - offset: -0.08513996
    - vertices: p4248(v687) p5594(v545) p5694(v407)
    - neighboring facets: f3602 f3609 f3611
- f3609
    - flags: top simplicial
    - normal:  -0.04328   0.9991 -3.811e-06
    - offset: -0.08677921
    - vertices: p4248(v687) p5694(v407) p2171(v95)
    - neighboring facets: f2109 f3613 f3608
- f3610
    - flags: bottom simplicial
    - normal:   -0.1223   0.9925 -0.001239
    - offset: -0.09075648
    - vertices: p4248(v687) p6868(v527) p7763(v388)
    - neighboring facets: f4167 f3612 f3611
- f3611
    - flags: bottom simplicial
    - normal:  -0.06447   0.9969 -0.04501
    - offset: -0.08860411
    - vertices: p4248(v687) p5594(v545) p6868(v527)
    - neighboring facets: f4599 f3610 f3608
- f3612
    - flags: bottom simplicial
    - normal:   -0.1213   0.9926 -9.518e-05
    - offset: -0.09068851
    - vertices: p4248(v687) p7763(v388) p5674(v265)
    - neighboring facets: f2012 f3614 f3610
- f3613
    - flags: bottom simplicial
    - normal:  -0.04497    0.999 6.259e-07
    - offset: -0.08686923
    - vertices: p4248(v687) p5117(v406) p2171(v95)
    - neighboring facets: f2846 f3609 f3614
- f3614
    - flags: top simplicial
    - normal:   -0.0994    0.995 5.092e-05
    - offset: -0.0896409
    - vertices: p4248(v687) p5117(v406) p5674(v265)
    - neighboring facets: f2107 f3612 f3613
- f3615
    - flags: top simplicial
    - normal:   -0.2586    0.966 0.0002982
    - offset: -0.09632075
    - vertices: p5970(v688) p3686(v408) p5953(v266)
    - neighboring facets: f3586 f3616 f4161
- f3616
    - flags: bottom simplicial
    - normal:   -0.2559   0.9667 0.0001214
    - offset: -0.09622216
    - vertices: p5970(v688) p6910(v547) p5953(v266)
    - neighboring facets: f2861 f3615 f4159
- f3620
    - flags: bottom simplicial
    - normal:   -0.1823   0.9832 0.003062
    - offset: -0.09344238
    - vertices: p2805(v689) p3686(v408) p4585(v51)
    - neighboring facets: f2118 f3623 f4165
- f3623
    - flags: top simplicial
    - normal:    -0.131   0.9914 -8.62e-07
    - offset: -0.09113533
    - vertices: p2805(v689) p7763(v388) p4585(v51)
    - neighboring facets: f2012 f3620 f4168
- f3627
    - flags: bottom simplicial
    - normal:   -0.5845  -0.7076  -0.3972
    - offset: -0.03377127
    - vertices: p9384(v690) p6461(v591) p995(v411)
    - neighboring facets: f3105 f4176 f4895
- f3638
    - flags: bottom simplicial
    - normal:   -0.6691  -0.7431 -7.695e-07
    - offset: -0.03146776
    - vertices: p62(v693) p8670(v550) p7415(v330)
    - neighboring facets: f2875 f3641 f4189
- f3639
    - flags: bottom simplicial
    - normal:    -0.669  -0.7433 -0.0005261
    - offset: -0.03146796
    - vertices: p62(v693) p6800(v269) p108(v167)
    - neighboring facets: f3821 f4633 f3698
- f3641
    - flags: bottom simplicial
    - normal:   -0.6691  -0.7431 -1.775e-07
    - offset: -0.03146783
    - vertices: p62(v693) p7415(v330) p157(v165)
    - neighboring facets: f2522 f3642 f3638
- f3642
    - flags: top simplicial
    - normal:   -0.6691  -0.7431 -8.731e-07
    - offset: -0.03146793
    - vertices: p62(v693) p2611(v412) p157(v165)
    - neighboring facets: f2144 f3641 f4245
- f3649
    - flags: top simplicial
    - normal:    0.1033  -0.7069   0.6997
    - offset: -0.005693805
    - vertices: p8533(v695) p9389(v430) p6589(v281)
    - neighboring facets: f3013 f3650 f4401
- f3650
    - flags: bottom simplicial
    - normal:    0.1419  -0.8373   0.5281
    - offset: -0.003461155
    - vertices: p8533(v695) p6552(v431) p6589(v281)
    - neighboring facets: f3022 f3649 f3651
- f3651
    - flags: bottom simplicial
    - normal:   0.07049  -0.9238   0.3763
    - offset: -0.002627208
    - vertices: p8533(v695) p9147(v574) p6552(v431)
    - neighboring facets: f3014 f3650 f4732
- f3655
    - flags: bottom simplicial tested
    - normal:  9.983e-05       -1 0.0006381
    - offset: 0.0001958407
    - center: -0.03564153333333334 0.000200036 0.01215001666666667 
    - vertices: p2237(v696) p620(v413) p6130(v213)
    - neighboring facets: f2149 f5301 f3656
    - ridges:
- f3656
    - flags: bottom simplicial tested
    - normal:  0.0002213       -1  0.00139
    - offset: 0.0001909954
    - center: -0.02348454666666666 0.0002003683333333334 0.01048373333333333 
    - vertices: p2237(v696) p9751(v552) p620(v413)
    - neighboring facets: f3732 f3655 f4643
- f3661
    - flags: bottom simplicial
    - normal:   -0.1891  -0.5571  -0.8086
    - offset: -0.02103174
    - vertices: p6261(v698) p7893(v553) p4986(v169)
    - neighboring facets: f2897 f5043 f5045
- f3663
    - flags: bottom simplicial
    - normal:    -0.998 -0.06288 -0.0007034
    - offset: -0.05888233
    - vertices: p1795(v699) p3606(v555) p6009(v275)
    - neighboring facets: f2906 f3671 f3664
- f3664
    - flags: top simplicial
    - normal:   -0.9983 -0.05893 -0.000188
    - offset: -0.05894181
    - vertices: p1795(v699) p3606(v555) p3251(v422)
    - neighboring facets: f2908 f3666 f3663
- f3666
    - flags: bottom simplicial
    - normal:   -0.9936  -0.1131 9.541e-05
    - offset: -0.05798031
    - vertices: p1795(v699) p8369(v561) p3251(v422)
    - neighboring facets: f2946 f3664 f3672
- f3670
    - flags: top simplicial
    - normal:   -0.9864  -0.1647 6.923e-05
    - offset: -0.05691058
    - vertices: p4002(v700) p8369(v561) p6669(v421)
    - neighboring facets: f2945 f3675 f3672
- f3671
    - flags: bottom simplicial
    - normal:   -0.9921  -0.1254 -1.158e-05
    - offset: -0.05774031
    - vertices: p4002(v700) p1795(v699) p6009(v275)
    - neighboring facets: f3663 f3678 f3672
- f3672
    - flags: top simplicial
    - normal:   -0.9921  -0.1251 2.71e-07
    - offset: -0.05774553
    - vertices: p4002(v700) p1795(v699) p8369(v561)
    - neighboring facets: f3666 f3670 f3671
- f3673
    - flags: bottom simplicial
    - normal:   -0.9783  -0.2074 2.806e-06
    - offset: -0.0558999
    - vertices: p3362(v701) p4503(v560) p6669(v421)
    - neighboring facets: f2939 f3675 f4214
- f3675
    - flags: top simplicial
    - normal:   -0.9851  -0.1722 4.927e-05
    - offset: -0.05673947
    - vertices: p3362(v701) p4002(v700) p6669(v421)
    - neighboring facets: f3670 f3673 f3678
- f3676
    - flags: top simplicial
    - normal:   -0.9834  -0.1813 -0.001248
    - offset: -0.05654352
    - vertices: p3362(v701) p4057(v558) p8949(v420)
    - neighboring facets: f2929 f3677 f4213
- f3677
    - flags: top simplicial
    - normal:   -0.9882   -0.153 -0.00163
    - offset: -0.05718143
    - vertices: p3362(v701) p8949(v420) p6009(v275)
    - neighboring facets: f2183 f3678 f3676
- f3678
    - flags: bottom simplicial
    - normal:   -0.9916  -0.1293 -9.142e-05
    - offset: -0.05766095
    - vertices: p3362(v701) p4002(v700) p6009(v275)
    - neighboring facets: f3671 f3677 f3675
- f3679
    - flags: bottom simplicial
    - normal:   -0.9546   -0.298 -3.75e-06
    - offset: -0.05339001
    - vertices: p698(v702) p6642(v557) p7226(v54)
    - neighboring facets: f2918 f3691 f3681
- f3681
    - flags: bottom simplicial
    - normal:   -0.9567  -0.2912 -0.0001711
    - offset: -0.05359855
    - vertices: p698(v702) p4057(v558) p6642(v557)
    - neighboring facets: f2927 f3679 f3692
- f3682
    - flags: top simplicial
    - normal:   -0.8546  -0.5103 -0.09594
    - offset: -0.04649819
    - vertices: p8280(v703) p369(v451) p1312(v424)
    - neighboring facets: f2362 f4227 f3685
- f3685
    - flags: bottom simplicial
    - normal:    -0.916  -0.3899 -0.09435
    - offset: -0.05153437
    - vertices: p8280(v703) p369(v451) p8949(v420)
    - neighboring facets: f2929 f3686 f3682
- f3686
    - flags: bottom simplicial
    - normal:   -0.9507  -0.2208  -0.2177
    - offset: -0.05775623
    - vertices: p8280(v703) p8949(v420) p3734(v107)
    - neighboring facets: f2183 f3687 f3685
- f3687
    - flags: bottom simplicial
    - normal:   -0.9194  -0.1315  -0.3708
    - offset: -0.05963471
    - vertices: p8280(v703) p3734(v107) p7846(v58)
    - neighboring facets: f903 f3688 f3686
- f3688
    - flags: top simplicial
    - normal:   -0.7873  -0.2781  -0.5504
    - offset: -0.05321441
    - vertices: p8280(v703) p4175(v559) p7846(v58)
    - neighboring facets: f4185 f3687 f4230
- f3691
    - flags: bottom simplicial
    - normal:   -0.9572  -0.2895 2.595e-06
    - offset: -0.05364872
    - vertices: p2134(v704) p698(v702) p7226(v54)
    - neighboring facets: f3679 f4218 f3692
- f3692
    - flags: top simplicial
    - normal:   -0.9595  -0.2816 -8.769e-05
    - offset: -0.05388591
    - vertices: p2134(v704) p698(v702) p4057(v558)
    - neighboring facets: f3681 f4216 f3691
- f3698
    - flags: top simplicial
    - normal:   -0.6691  -0.7432 -7.521e-05
    - offset: -0.03146833
    - vertices: p1214(v705) p62(v693) p6800(v269)
    - neighboring facets: f3639 f4221 f4649
- f3705
    - flags: top simplicial
    - normal:   -0.6717  -0.7409 -0.0004764
    - offset: -0.03164495
    - vertices: p331(v706) p8719(v564) p275(v53)
    - neighboring facets: f2957 f4249 f4241
- f3709
    - flags: bottom simplicial
    - normal:   -0.8089  -0.5879 -1.199e-06
    - offset: -0.04139971
    - vertices: p2563(v707) p1312(v424) p8523(v276)
    - neighboring facets: f2965 f3710 f4252
- f3710
    - flags: top simplicial
    - normal:    -0.809  -0.5879 2.207e-06
    - offset: -0.04140006
    - vertices: p2563(v707) p4142(v567) p8523(v276)
    - neighboring facets: f2975 f3709 f4253
- f3716
    - flags: bottom simplicial
    - normal:    0.7937 -9.914e-05  -0.6084
    - offset: -0.002469211
    - vertices: p4805(v709) p1915(v493) p5947(v340)
    - neighboring facets: f2594 f4654 f3717
- f3717
    - flags: top simplicial
    - normal:    0.7879 -0.001502  -0.6158
    - offset: -0.002527353
    - vertices: p4805(v709) p1915(v493) p9193(v279)
    - neighboring facets: f3338 f3718 f3716
- f3718
    - flags: bottom simplicial
    - normal:    0.7918 -0.005527  -0.6107
    - offset: -0.002459397
    - vertices: p4805(v709) p8941(v569) p9193(v279)
    - neighboring facets: f2984 f3717 f4270
- f3724
    - flags: top simplicial
    - normal:    0.9988 2.736e-05  -0.0488
    - offset: -1.175105e-05
    - vertices: p1890(v710) p1219(v571) p1060(v126)
    - neighboring facets: f3001 f4272 f3727
- f3725
    - flags: top simplicial
    - normal:    0.9938 -0.005322  -0.1108
    - offset: -3.101979e-05
    - vertices: p1890(v710) p7245(v429) p9185(v280)
    - neighboring facets: f3957 f3726 f4273
- f3726
    - flags: bottom simplicial
    - normal:     0.997 -0.02511 -0.07266
    - offset: 7.881035e-05
    - vertices: p1890(v710) p4644(v579) p9185(v280)
    - neighboring facets: f3781 f3725 f3728
- f3727
    - flags: top simplicial
    - normal:    0.9989 -0.009755  -0.0456
    - offset: 3.194474e-05
    - vertices: p1890(v710) p271(v572) p1219(v571)
    - neighboring facets: f3007 f3724 f3728
- f3728
    - flags: top simplicial
    - normal:    0.9987 -0.01691 -0.04752
    - offset: 6.10424e-05
    - vertices: p1890(v710) p4644(v579) p271(v572)
    - neighboring facets: f3045 f3727 f3726
- f3729
    - flags: bottom simplicial
    - normal:   0.03351  -0.9763   0.2136
    - offset: -0.00140112
    - vertices: p9211(v711) p9147(v574) p1359(v204)
    - neighboring facets: f3736 f3737 f3731
- f3730
    - flags: bottom simplicial
    - normal:   0.03127  -0.9942   0.1028
    - offset: -0.0003930306
    - center: -0.009525463333333333 0.0002216486666666667 0.008860696666666666 
    - vertices: p9211(v711) p9751(v552) p4173(v56)
    - neighboring facets: f4284 f3731 f3732
- f3731
    - flags: top simplicial
    - normal:   0.05302  -0.9807    0.188
    - offset: -0.0009509774
    - vertices: p9211(v711) p9147(v574) p4173(v56)
    - neighboring facets: f3014 f3730 f3729
- f3732
    - flags: top simplicial
    - normal:  0.008918   -0.998  0.06269
    - offset: -0.0002611277
    - vertices: p9211(v711) p9751(v552) p620(v413)
    - neighboring facets: f3656 f3738 f3730
- f3736
    - flags: top simplicial
    - normal:   0.03251  -0.9708   0.2376
    - offset: -0.001646205
    - vertices: p4666(v712) p9147(v574) p1359(v204)
    - neighboring facets: f3729 f3737 f4733
- f3737
    - flags: bottom simplicial
    - normal:   0.02809  -0.9787   0.2032
    - offset: -0.001362334
    - vertices: p4666(v712) p9211(v711) p1359(v204)
    - neighboring facets: f3729 f3736 f3738
- f3738
    - flags: top simplicial
    - normal:     0.013  -0.9955  0.09381
    - offset: -0.0005063019
    - vertices: p4666(v712) p9211(v711) p620(v413)
    - neighboring facets: f3732 f4735 f3737
- f3739
    - flags: top simplicial
    - normal:    0.2914  -0.8171   0.4975
    - offset: -0.001985139
    - vertices: p6622(v713) p8206(v575) p7165(v175)
    - neighboring facets: f3023 f4275 f3744
- f3744
    - flags: bottom simplicial
    - normal:    0.1771  -0.9586    0.223
    - offset: -0.0002768309
    - vertices: p6622(v713) p8206(v575) p4173(v56)
    - neighboring facets: f3021 f4279 f3739
- f3745
    - flags: top simplicial
    - normal:    0.5959  -0.7394   0.3133
    - offset: 0.0005528734
    - vertices: p2567(v714) p679(v577) p7385(v283)
    - neighboring facets: f4286 f4663 f3749
- f3748
    - flags: top simplicial
    - normal:    0.7185  -0.5005    0.483
    - offset: -0.00023402
    - vertices: p2567(v714) p2933(v433) p7503(v176)
    - neighboring facets: f2255 f3749 f4277
- f3749
    - flags: bottom simplicial
    - normal:     0.737  -0.4991   0.4557
    - offset: -1.169931e-05
    - vertices: p2567(v714) p679(v577) p7503(v176)
    - neighboring facets: f3033 f3748 f3745
- f3751
    - flags: top simplicial
    - normal:     0.802  -0.5443   0.2461
    - offset: 0.0008949999
    - vertices: p3934(v715) p679(v577) p19(v439)
    - neighboring facets: f3033 f4301 f4676
- f3764
    - flags: bottom simplicial tested
    - normal:  0.005319       -1 -0.005512
    - offset: 0.0002010909
    - center: -0.005574446666666667 0.0002015266666666667 -0.005457456666666666 
    - vertices: p6775(v718) p7034(v177) p3120(v105)
    - neighboring facets: f1471 f3765 f3766
- f3765
    - flags: top simplicial tested
    - normal:  0.007501  -0.9999 -0.007854
    - offset: 0.0002000899
    - center: -0.005538986666666666 0.000203582 -0.00573278 
    - vertices: p6775(v718) p541(v441) p3120(v105)
    - neighboring facets: f3076 f3764 f3768
- f3766
    - flags: bottom simplicial tested
    - normal:  0.006153       -1 -0.0006005
    - offset: 0.0002242765
    - center: -0.004036773333333334 0.000200905 -0.002434222333333333 
    - vertices: p6775(v718) p2739(v717) p7034(v177)
    - neighboring facets: f5304 f3764 f3767
    - ridges:
- f3767
    - flags: top simplicial tested
    - normal:  0.009718       -1 -0.0006206
    - offset: 0.0002380985
    - center: -0.003513043333333334 0.0002045566666666667 -0.0009488320000000001 
    - vertices: p6775(v718) p2739(v717) p2184(v578)
    - neighboring facets: f4211 f3769 f3766
- f3768
    - flags: bottom simplicial tested
    - normal:    0.1512   -0.986 -0.07039
    - offset: 0.0005041066
    - center: -0.003604783333333333 0.0002241533333333333 -0.003721983333333333 
    - vertices: p6775(v718) p541(v441) p9088(v432)
    - neighboring facets: f3810 f3769 f3765
- f3769
    - flags: top simplicial tested
    - normal:   0.07423  -0.9971 -0.01682
    - offset: 0.0004234345
    - center: -0.003116513333333333 0.0002257496666666667 -0.001961269666666667 
    - vertices: p6775(v718) p2184(v578) p9088(v432)
    - neighboring facets: f3771 f3768 f3767
- f3770
    - flags: bottom simplicial
    - normal:    0.2609   -0.965 -0.02641
    - offset: 0.0008940549
    - vertices: p3192(v719) p9088(v432) p4042(v103)
    - neighboring facets: f3808 f4291 f3771
- f3771
    - flags: bottom simplicial
    - normal:    0.1467  -0.9891 -0.01459
    - offset: 0.0006209725
    - vertices: p3192(v719) p2184(v578) p9088(v432)
    - neighboring facets: f3769 f3770 f3773
- f3773
    - flags: top simplicial
    - normal:    0.1497  -0.9886  0.01891
    - offset: 0.0006133793
    - center: -0.002668866666666667 0.000235867 0.001020863333333333 
    - vertices: p3192(v719) p2184(v578) p3886(v434)
    - neighboring facets: f4207 f4669 f3771
- f3776
    - flags: bottom simplicial
    - normal:    0.9844  -0.1253   0.1233
    - offset: 0.0004076243
    - vertices: p1383(v720) p7737(v428) p6322(v36)
    - neighboring facets: f2994 f4298 f3777
- f3777
    - flags: bottom simplicial
    - normal:    0.9865  -0.1256   0.1049
    - offset: 0.0004172153
    - vertices: p1383(v720) p4644(v579) p7737(v428)
    - neighboring facets: f3045 f3776 f3781
- f3780
    - flags: top simplicial
    - normal:    0.9129  -0.4056 -0.04573
    - offset: 0.001077749
    - vertices: p1383(v720) p5693(v580) p5736(v435)
    - neighboring facets: f4311 f4304 f3782
- f3781
    - flags: top simplicial
    - normal:    0.9623  -0.2666 -0.05457
    - offset: 0.0007909779
    - vertices: p1383(v720) p4644(v579) p9185(v280)
    - neighboring facets: f3726 f3782 f3777
- f3782
    - flags: bottom simplicial
    - normal:    0.9576  -0.2818 -0.06054
    - offset: 0.0008257017
    - vertices: p1383(v720) p5693(v580) p9185(v280)
    - neighboring facets: f4433 f3781 f3780
- f3783
    - flags: top simplicial
    - normal:    0.8457  -0.3318  -0.4179
    - offset: -0.0001951458
    - vertices: p9078(v721) p6104(v336) p4724(v174)
    - neighboring facets: f2987 f4681 f3982
- f3789
    - flags: top simplicial
    - normal:    0.9453 0.001972   0.3262
    - offset: -0.0007241481
    - vertices: p7265(v722) p697(v510) p26(v82)
    - neighboring facets: f4535 f3791 f3790
- f3790
    - flags: top simplicial
    - normal:    0.9446 0.000587   0.3282
    - offset: -0.0006662259
    - vertices: p7265(v722) p6806(v582) p697(v510)
    - neighboring facets: f3802 f3789 f3792
- f3791
    - flags: bottom simplicial
    - normal:    0.9612  6.5e-06   0.2758
    - offset: -0.0004623089
    - vertices: p7265(v722) p1076(v438) p26(v82)
    - neighboring facets: f3793 f3789 f3792
- f3792
    - flags: bottom simplicial
    - normal:    0.9571 2.05e-05   0.2899
    - offset: -0.0005103695
    - vertices: p7265(v722) p6806(v582) p1076(v438)
    - neighboring facets: f3798 f3791 f3790
- f3793
    - flags: top simplicial
    - normal:    0.9679 -0.0001162   0.2515
    - offset: -0.0003795449
    - vertices: p642(v723) p1076(v438) p26(v82)
    - neighboring facets: f3791 f3795 f3794
- f3794
    - flags: top simplicial
    - normal:    0.9683 -0.0001267   0.2499
    - offset: -0.0003740252
    - vertices: p642(v723) p926(v583) p1076(v438)
    - neighboring facets: f3066 f3793 f3797
- f3795
    - flags: bottom simplicial
    - normal:    0.9719 4.212e-06   0.2354
    - offset: -0.0003352667
    - vertices: p642(v723) p5535(v369) p26(v82)
    - neighboring facets: f1896 f3793 f3796
- f3796
    - flags: bottom simplicial
    - normal:     0.972 2.317e-06   0.2351
    - offset: -0.0003342609
    - vertices: p642(v723) p5972(v370) p5535(v369)
    - neighboring facets: f1896 f3795 f3797
- f3797
    - flags: bottom simplicial
    - normal:     0.972 -3.994e-06   0.2349
    - offset: -0.0003333162
    - vertices: p642(v723) p926(v583) p5972(v370)
    - neighboring facets: f3069 f3796 f3794
- f3798
    - flags: top simplicial
    - normal:    0.9545 -0.0009746   0.2983
    - offset: -0.000534839
    - vertices: p3616(v724) p6806(v582) p1076(v438)
    - neighboring facets: f3792 f3799 f3802
- f3799
    - flags: bottom simplicial
    - normal:    0.9537 -0.003994   0.3007
    - offset: -0.0005299065
    - vertices: p3616(v724) p3159(v584) p1076(v438)
    - neighboring facets: f3073 f3798 f3800
- f3800
    - flags: top simplicial
    - normal:     0.942 -0.007135   0.3355
    - offset: -0.0006578403
    - vertices: p3616(v724) p3159(v584) p7885(v285)
    - neighboring facets: f4546 f3801 f3799
- f3801
    - flags: bottom simplicial
    - normal:     0.937 0.0002044   0.3492
    - offset: -0.0007511556
    - vertices: p3616(v724) p697(v510) p7885(v285)
    - neighboring facets: f4833 f3800 f3802
- f3802
    - flags: bottom simplicial
    - normal:    0.9442 0.0005574   0.3295
    - offset: -0.0006708092
    - vertices: p3616(v724) p6806(v582) p697(v510)
    - neighboring facets: f3790 f3801 f3798
- f3808
    - flags: top simplicial
    - normal:    0.2596  -0.9573  -0.1275
    - offset: 0.0006563934
    - vertices: p8151(v726) p9088(v432) p4042(v103)
    - neighboring facets: f3770 f3809 f3810
- f3809
    - flags: bottom simplicial
    - normal:     0.307  -0.9391  -0.1547
    - offset: 0.0006929035
    - vertices: p8151(v726) p7332(v586) p4042(v103)
    - neighboring facets: f4685 f3808 f3846
- f3810
    - flags: top simplicial
    - normal:    0.2002  -0.9746  -0.1007
    - offset: 0.0005628415
    - vertices: p8151(v726) p541(v441) p9088(v432)
    - neighboring facets: f3768 f3808 f3811
- f3811
    - flags: bottom simplicial
    - normal:   0.08766  -0.9926 -0.08356
    - offset: 0.0001734156
    - vertices: p8151(v726) p541(v441) p5965(v287)
    - neighboring facets: f3077 f3845 f3810
- f3813
    - flags: top simplicial
    - normal:   0.02319  -0.9892  -0.1447
    - offset: -0.0008464154
    - vertices: p4608(v727) p6779(v447) p425(v443)
    - neighboring facets: f2343 f3814 f3815
- f3814
    - flags: bottom simplicial
    - normal:   0.02058   -0.994   -0.107
    - offset: -0.0005334693
    - vertices: p4608(v727) p1301(v589) p425(v443)
    - neighboring facets: f3096 f3813 f3817
- f3815
    - flags: top simplicial
    - normal:   0.06828  -0.9774  -0.2001
    - offset: -0.0009463388
    - vertices: p4608(v727) p5651(v725) p6779(v447)
    - neighboring facets: f4340 f3813 f4322
- f3816
    - flags: bottom simplicial
    - normal:   0.02784  -0.9965 -0.07903
    - offset: -0.0002208978
    - vertices: p4608(v727) p2910(v585) p3120(v105)
    - neighboring facets: f3076 f3817 f4320
- f3817
    - flags: top simplicial
    - normal:   0.02726  -0.9965 -0.07877
    - offset: -0.0002236119
    - vertices: p4608(v727) p1301(v589) p3120(v105)
    - neighboring facets: f3095 f3816 f3814
- f3820
    - flags: top simplicial
    - normal:   -0.6095  -0.7652  -0.2072
    - offset: -0.03149163
    - vertices: p4541(v728) p543(v590) p5666(v445)
    - neighboring facets: f3831 f4224 f3823
- f3821
    - flags: top simplicial
    - normal:   -0.6587  -0.7514  -0.0385
    - offset: -0.03146138
    - vertices: p4541(v728) p6800(v269) p108(v167)
    - neighboring facets: f3639 f4631 f4223
- f3823
    - flags: bottom simplicial
    - normal:   -0.5934  -0.7662  -0.2464
    - offset: -0.03127899
    - vertices: p4541(v728) p543(v590) p8787(v288)
    - neighboring facets: f3832 f3827 f3820
- f3825
    - flags: top simplicial
    - normal:   -0.6058  -0.7956 -0.005046
    - offset: -0.02847401
    - vertices: p4541(v728) p8670(v550) p6894(v15)
    - neighboring facets: f2874 f3826 f4632
- f3826
    - flags: bottom simplicial
    - normal:   -0.3709  -0.9287 -0.004311
    - offset: -0.01730064
    - vertices: p4541(v728) p6472(v270) p6894(v15)
    - neighboring facets: f2148 f3825 f3827
- f3827
    - flags: bottom simplicial
    - normal:   -0.2576  -0.9662 -0.01303
    - offset: -0.01204559
    - vertices: p4541(v728) p8787(v288) p6472(v270)
    - neighboring facets: f3093 f3826 f3823
- f3831
    - flags: bottom simplicial
    - normal:   -0.6001  -0.7644  -0.2356
    - offset: -0.03146211
    - vertices: p2396(v729) p543(v590) p5666(v445)
    - neighboring facets: f3820 f4220 f3832
- f3832
    - flags: top simplicial
    - normal:   -0.5822  -0.7647  -0.2762
    - offset: -0.03118186
    - vertices: p2396(v729) p543(v590) p8787(v288)
    - neighboring facets: f3823 f3833 f3831
- f3833
    - flags: bottom simplicial
    - normal:   -0.5623  -0.7611  -0.3234
    - offset: -0.0309249
    - vertices: p2396(v729) p6461(v591) p8787(v288)
    - neighboring facets: f3114 f3832 f4226
- f3843
    - flags: top simplicial
    - normal:    0.4508  -0.7792  -0.4354
    - offset: -0.0005880766
    - vertices: p7358(v732) p7332(v586) p1899(v442)
    - neighboring facets: f4315 f3844 f3846
- f3844
    - flags: bottom simplicial
    - normal:    0.4204   -0.749  -0.5122
    - offset: -0.001422309
    - vertices: p7358(v732) p7316(v593) p1899(v442)
    - neighboring facets: f3129 f3843 f3853
- f3845
    - flags: bottom simplicial
    - normal:    0.2021  -0.9499  -0.2385
    - offset: -0.0002931188
    - vertices: p7358(v732) p8151(v726) p5965(v287)
    - neighboring facets: f3811 f4701 f3846
- f3846
    - flags: top simplicial
    - normal:    0.2136  -0.9456  -0.2453
    - offset: -0.0002851715
    - vertices: p7358(v732) p8151(v726) p7332(v586)
    - neighboring facets: f3809 f3843 f3845
- f3853
    - flags: top simplicial
    - normal:     0.355  -0.7906   -0.499
    - offset: -0.001668652
    - vertices: p5866(v733) p7358(v732) p7316(v593)
    - neighboring facets: f3844 f3864 f4703
- f3857
    - flags: top simplicial
    - normal:    0.1094  -0.6972  -0.7085
    - offset: -0.005825402
    - vertices: p7453(v734) p9826(v446) p935(v179)
    - neighboring facets: f2333 f3859 f3863
- f3859
    - flags: top simplicial
    - normal:   0.09405  -0.7399  -0.6661
    - offset: -0.00549483
    - vertices: p7453(v734) p935(v179) p3596(v40)
    - neighboring facets: f2333 f3860 f3857
- f3860
    - flags: bottom simplicial
    - normal:   0.07841  -0.8221  -0.5639
    - offset: -0.004512481
    - vertices: p7453(v734) p277(v448) p3596(v40)
    - neighboring facets: f2348 f3859 f4351
- f3863
    - flags: top simplicial
    - normal:    0.2551  -0.7252  -0.6395
    - offset: -0.003716255
    - vertices: p7453(v734) p7316(v593) p9826(v446)
    - neighboring facets: f3124 f3857 f3864
- f3864
    - flags: top simplicial
    - normal:     0.236  -0.8017  -0.5491
    - offset: -0.002894462
    - vertices: p7453(v734) p5866(v733) p7316(v593)
    - neighboring facets: f3853 f3863 f4342
- f3866
    - flags: top simplicial
    - normal:   -0.8989  -0.4382 9.702e-07
    - offset: -0.04843071
    - vertices: p6654(v735) p4344(v596) p3032(v173)
    - neighboring facets: f3139 f4263 f3868
- f3867
    - flags: top simplicial
    - normal:   -0.8958  -0.4444 -4.261e-06
    - offset: -0.0481749
    - vertices: p6654(v735) p1054(v563) p9987(v99)
    - neighboring facets: f4258 f3868 f4264
- f3868
    - flags: bottom simplicial
    - normal:   -0.8958  -0.4444 -4.272e-06
    - offset: -0.04817511
    - vertices: p6654(v735) p4344(v596) p9987(v99)
    - neighboring facets: f3138 f3867 f3866
- f3869
    - flags: bottom simplicial
    - normal:    -0.806 7.321e-05   0.5919
    - offset: -0.05982565
    - vertices: p3499(v736) p8795(v192) p238(v190)
    - neighboring facets: f2397 f3873 f3870
- f3870
    - flags: bottom simplicial
    - normal:   -0.8166 0.001255   0.5772
    - offset: -0.06023115
    - vertices: p3499(v736) p8972(v306) p8795(v192)
    - neighboring facets: f2398 f3869 f3871
- f3871
    - flags: bottom simplicial
    - normal:   -0.7937 0.008992   0.6082
    - offset: -0.0601527
    - vertices: p3499(v736) p5748(v601) p8972(v306)
    - neighboring facets: f3162 f3870 f4359
- f3873
    - flags: top simplicial
    - normal:   -0.8019 -2.924e-05   0.5975
    - offset: -0.05969254
    - vertices: p3499(v736) p7470(v302) p238(v190)
    - neighboring facets: f2395 f3869 f3874
- f3874
    - flags: bottom simplicial
    - normal:   -0.7974 -9.459e-05   0.6034
    - offset: -0.05955116
    - vertices: p3499(v736) p7470(v302) p7399(v191)
    - neighboring facets: f1558 f4706 f3873
- f3875
    - flags: top simplicial
    - normal:   -0.9066 -6.636e-05    0.422
    - offset: -0.06227194
    - vertices: p1034(v737) p2830(v604) p9450(v309)
    - neighboring facets: f3174 f3880 f3876
- f3876
    - flags: bottom simplicial
    - normal:   -0.9131 7.285e-06   0.4077
    - offset: -0.06237741
    - vertices: p1034(v737) p2830(v604) p8056(v460)
    - neighboring facets: f3176 f3877 f3875
- f3877
    - flags: bottom simplicial
    - normal:   -0.9234 -0.0001752   0.3839
    - offset: -0.06249795
    - vertices: p1034(v737) p8056(v460) p8782(v195)
    - neighboring facets: f3184 f3878 f3876
- f3878
    - flags: top simplicial
    - normal:   -0.9168 -0.002209   0.3993
    - offset: -0.06229258
    - vertices: p1034(v737) p638(v307) p8782(v195)
    - neighboring facets: f3187 f3877 f3879
- f3879
    - flags: bottom simplicial
    - normal:   -0.8737 -0.01219   0.4862
    - offset: -0.06086485
    - vertices: p1034(v737) p638(v307) p7089(v61)
    - neighboring facets: f1582 f3880 f3878
- f3880
    - flags: top simplicial
    - normal:   -0.8768 -0.008707   0.4808
    - offset: -0.06115004
    - vertices: p1034(v737) p9450(v309) p7089(v61)
    - neighboring facets: f3170 f3879 f3875
- f3881
    - flags: bottom simplicial
    - normal:   -0.9582 -0.000687   0.2861
    - offset: -0.06260604
    - vertices: p7237(v738) p797(v605) p9309(v115)
    - neighboring facets: f3198 f4712 f4365
- f3886
    - flags: top simplicial
    - normal:   -0.9822 -0.0001062   0.1879
    - offset: -0.06219721
    - vertices: p1449(v739) p2626(v534) p2769(v196)
    - neighboring facets: f2780 f4366 f4379
- f3888
    - flags: top simplicial
    - normal:   -0.9834 -0.0006299   0.1814
    - offset: -0.0621107
    - vertices: p1449(v739) p3334(v609) p2191(v463)
    - neighboring facets: f4377 f4378 f3889
- f3889
    - flags: bottom simplicial
    - normal:   -0.9778 -0.002125   0.2093
    - offset: -0.06220931
    - vertices: p1449(v739) p3334(v609) p2475(v608)
    - neighboring facets: f3208 f3892 f3888
- f3890
    - flags: bottom simplicial
    - normal:   -0.9677 0.002339   0.2523
    - offset: -0.06274759
    - vertices: p7223(v740) p7379(v461) p2769(v196)
    - neighboring facets: f3190 f4367 f3893
- f3892
    - flags: bottom simplicial
    - normal:   -0.9714 -9.718e-05   0.2374
    - offset: -0.06249811
    - vertices: p7223(v740) p1449(v739) p2475(v608)
    - neighboring facets: f3889 f3894 f4368
- f3893
    - flags: bottom simplicial
    - normal:   -0.9613 -7.449e-05   0.2756
    - offset: -0.06262896
    - vertices: p7223(v740) p797(v605) p7379(v461)
    - neighboring facets: f4364 f3890 f3894
- f3894
    - flags: bottom simplicial
    - normal:   -0.9625 -0.0003254   0.2714
    - offset: -0.06260016
    - vertices: p7223(v740) p2475(v608) p797(v605)
    - neighboring facets: f3198 f3893 f3892
- f3897
    - flags: bottom simplicial
    - normal:   -0.9962 0.009949  0.08646
    - offset: -0.06193855
    - vertices: p1257(v741) p2626(v534) p2643(v394)
    - neighboring facets: f3549 f4716 f4375
- f3899
    - flags: bottom simplicial
    - normal:   -0.3124 -7.302e-05   0.9499
    - offset: -0.0392151
    - vertices: p1418(v742) p5927(v610) p8981(v465)
    - neighboring facets: f3213 f3901 f3902
- f3900
    - flags: bottom simplicial
    - normal:   -0.3488 -0.000314   0.9372
    - offset: -0.04095887
    - vertices: p1418(v742) p9327(v611) p908(v464)
    - neighboring facets: f3218 f3904 f3901
- f3901
    - flags: top simplicial
    - normal:   -0.3254 -2.028e-05   0.9456
    - offset: -0.03984938
    - vertices: p1418(v742) p9327(v611) p8981(v465)
    - neighboring facets: f3222 f3899 f3900
- f3902
    - flags: top simplicial
    - normal:   -0.3069 -0.0002156   0.9517
    - offset: -0.03893415
    - vertices: p1418(v742) p5927(v610) p5634(v313)
    - neighboring facets: f3211 f3903 f3899
- f3903
    - flags: top simplicial
    - normal:   -0.3453 -0.002936   0.9385
    - offset: -0.04060894
    - vertices: p1418(v742) p5634(v313) p595(v116)
    - neighboring facets: f1607 f3904 f3902
- f3904
    - flags: bottom simplicial
    - normal:   -0.3521 -0.0004772    0.936
    - offset: -0.04110476
    - vertices: p1418(v742) p908(v464) p595(v116)
    - neighboring facets: f2438 f3903 f3900
- f3905
    - flags: top simplicial
    - normal:   -0.1206 4.439e-05   0.9927
    - offset: -0.02948056
    - vertices: p7935(v743) p5782(v472) p3816(v119)
    - neighboring facets: f3235 f3906 f3907
- f3906
    - flags: bottom simplicial
    - normal:  -0.09527 0.0002371   0.9955
    - offset: -0.02815596
    - vertices: p7935(v743) p3723(v614) p3816(v119)
    - neighboring facets: f3232 f3905 f3907
- f3907
    - flags: top simplicial
    - normal:    -0.115 1.073e-05   0.9934
    - offset: -0.02918343
    - vertices: p7935(v743) p3723(v614) p5782(v472)
    - neighboring facets: f3231 f3905 f3906
- f3908
    - flags: top simplicial
    - normal:    -0.609  -0.6561   0.4458
    - offset: -0.03658982
    - vertices: p1710(v744) p519(v616) p4700(v67)
    - neighboring facets: f3239 f4758 f3909
- f3909
    - flags: bottom simplicial
    - normal:   -0.6108  -0.6702   0.4216
    - offset: -0.03611984
    - vertices: p1710(v744) p519(v616) p2310(v475)
    - neighboring facets: f4380 f4760 f3908
- f3915
    - flags: top simplicial
    - normal:    -0.669  -0.7432 0.004052
    - offset: -0.03152511
    - vertices: p3626(v745) p5998(v619) p4840(v332)
    - neighboring facets: f4383 f4421 f4425
- f3917
    - flags: bottom simplicial
    - normal:   -0.5916  -0.7423   0.3146
    - offset: -0.03244949
    - vertices: p8248(v746) p6332(v617) p2310(v475)
    - neighboring facets: f3243 f4381 f3918
- f3918
    - flags: top simplicial
    - normal:   -0.6088  -0.7478   0.2647
    - offset: -0.03250673
    - vertices: p8248(v746) p6332(v617) p2762(v476)
    - neighboring facets: f4197 f3920 f3917
- f3920
    - flags: bottom simplicial
    - normal:    -0.642  -0.7464   0.1752
    - offset: -0.03284883
    - vertices: p8248(v746) p5998(v619) p2762(v476)
    - neighboring facets: f4391 f3918 f3921
- f3921
    - flags: top simplicial
    - normal:   -0.6452  -0.7454   0.1675
    - offset: -0.03290324
    - vertices: p8248(v746) p5998(v619) p1769(v618)
    - neighboring facets: f4424 f3923 f3920
- f3922
    - flags: bottom simplicial
    - normal:   -0.6477  -0.7129   0.2686
    - offset: -0.03511845
    - vertices: p8248(v746) p519(v616) p4846(v206)
    - neighboring facets: f3240 f3923 f4382
- f3923
    - flags: top simplicial
    - normal:   -0.6556  -0.7299   0.1936
    - offset: -0.03409653
    - vertices: p8248(v746) p1769(v618) p4846(v206)
    - neighboring facets: f4426 f3922 f3921
- f3935
    - flags: bottom simplicial
    - normal:   0.02742  -0.2915   0.9562
    - offset: -0.01445489
    - vertices: p8111(v749) p1513(v621) p4436(v478)
    - neighboring facets: f3261 f3936 f5052
- f3936
    - flags: top simplicial
    - normal:  -0.00595  -0.2071   0.9783
    - offset: -0.01744563
    - vertices: p8111(v749) p861(v622) p4436(v478)
    - neighboring facets: f3268 f3935 f4416
- f3947
    - flags: bottom simplicial
    - normal:   -0.6692  -0.7431 3.133e-07
    - offset: -0.03147209
    - vertices: p8667(v750) p829(v624) p2311(v410)
    - neighboring facets: f3287 f3949 f3948
- f3948
    - flags: top simplicial
    - normal:   -0.6696  -0.7428 8.207e-07
    - offset: -0.03149716
    - vertices: p8667(v750) p829(v624) p6782(v268)
    - neighboring facets: f3287 f3951 f3947
- f3949
    - flags: bottom simplicial
    - normal:   -0.6692  -0.7431 4.027e-07
    - offset: -0.03147066
    - vertices: p8667(v750) p2311(v410) p157(v165)
    - neighboring facets: f2144 f3950 f3947
- f3950
    - flags: top simplicial
    - normal:   -0.6692  -0.7431 1.481e-06
    - offset: -0.03147034
    - vertices: p8667(v750) p2615(v626) p157(v165)
    - neighboring facets: f3296 f3949 f4420
- f3951
    - flags: top simplicial
    - normal:   -0.6722  -0.7404 1.063e-05
    - offset: -0.03167472
    - vertices: p8667(v750) p6782(v268) p7690(v166)
    - neighboring facets: f2961 f4429 f3948
- f3957
    - flags: bottom simplicial
    - normal:    0.9931 -0.004924  -0.1172
    - offset: -4.115152e-05
    - vertices: p9294(v751) p7245(v429) p9185(v280)
    - neighboring facets: f3725 f4430 f4439
- f3963
    - flags: top simplicial
    - normal:    0.9987  0.01216 -0.04982
    - offset: -0.0006403863
    - vertices: p8301(v752) p1060(v126) p5245(v2)
    - neighboring facets: f3001 f3966 f4441
- f3966
    - flags: bottom simplicial
    - normal:    0.9995  0.02883 -0.008598
    - offset: -0.001493044
    - vertices: p8301(v752) p1885(v237) p5245(v2)
    - neighboring facets: f3005 f3963 f3967
- f3967
    - flags: top simplicial
    - normal:    0.9951  0.08341  0.05266
    - offset: -0.004359077
    - vertices: p8301(v752) p1885(v237) p7770(v146)
    - neighboring facets: f1889 f3968 f3966
- f3968
    - flags: top simplicial
    - normal:    0.9839   0.1571   0.0856
    - offset: -0.008277979
    - vertices: p8301(v752) p7770(v146) p934(v43)
    - neighboring facets: f1216 f3969 f3967
- f3969
    - flags: bottom simplicial
    - normal:    0.9789   0.1953  0.05954
    - offset: -0.01035148
    - vertices: p8301(v752) p8372(v341) p934(v43)
    - neighboring facets: f1779 f3968 f4449
- f3972
    - flags: bottom simplicial
    - normal:    0.9549  0.00852  -0.2968
    - offset: -0.0009780594
    - vertices: p137(v753) p2466(v485) p7044(v217)
    - neighboring facets: f3974 f4949 f4454
- f3974
    - flags: top simplicial
    - normal:    0.9432 2.068e-05  -0.3322
    - offset: -0.000679806
    - vertices: p418(v754) p2466(v485) p7044(v217)
    - neighboring facets: f3972 f3976 f3975
- f3975
    - flags: top simplicial
    - normal:    0.9485 -2.572e-06  -0.3168
    - offset: -0.0006155431
    - vertices: p418(v754) p3119(v631) p2466(v485)
    - neighboring facets: f4453 f3974 f3978
- f3976
    - flags: top simplicial
    - normal:    0.9304 -0.0001374  -0.3665
    - offset: -0.0008224048
    - vertices: p418(v754) p7044(v217) p1396(v68)
    - neighboring facets: f3307 f3977 f3974
- f3977
    - flags: bottom simplicial
    - normal:    0.9265 -0.0003239  -0.3764
    - offset: -0.0008624894
    - vertices: p418(v754) p6277(v484) p1396(v68)
    - neighboring facets: f3305 f3976 f3978
- f3978
    - flags: bottom simplicial
    - normal:    0.9261 -0.002478  -0.3773
    - offset: -0.0008505859
    - vertices: p418(v754) p3119(v631) p6277(v484)
    - neighboring facets: f3320 f3977 f3975
- f3980
    - flags: top simplicial
    - normal:    0.9243 -0.006913  -0.3817
    - offset: -0.0008494405
    - vertices: p1746(v755) p3119(v631) p6104(v336)
    - neighboring facets: f3320 f3982 f4943
- f3982
    - flags: bottom simplicial
    - normal:    0.8935   -0.317  -0.3181
    - offset: 0.0002805562
    - vertices: p1746(v755) p9078(v721) p6104(v336)
    - neighboring facets: f3783 f3980 f3983
- f3983
    - flags: top simplicial
    - normal:    0.9057  -0.3342  -0.2607
    - offset: 0.0005780752
    - vertices: p1746(v755) p9078(v721) p5693(v580)
    - neighboring facets: f4310 f4434 f3982
- f3985
    - flags: top simplicial
    - normal:     0.687 -9.14e-05  -0.7266
    - offset: -0.003749794
    - vertices: p2116(v756) p7967(v632) p8716(v488)
    - neighboring facets: f3990 f3987 f3993
- f3986
    - flags: top simplicial
    - normal:    0.6689 1.286e-08  -0.7433
    - offset: -0.003970566
    - vertices: p2116(v756) p8044(v339) p2619(v69)
    - neighboring facets: f3998 f3992 f3987
- f3987
    - flags: top simplicial
    - normal:    0.6696  3.2e-06  -0.7427
    - offset: -0.003962595
    - vertices: p2116(v756) p8716(v488) p8044(v339)
    - neighboring facets: f2559 f3986 f3985
- f3988
    - flags: bottom simplicial
    - normal:    0.6951 -7.356e-05  -0.7189
    - offset: -0.003651949
    - vertices: p3110(v757) p8716(v488) p8349(v426)
    - neighboring facets: f2558 f3989 f3990
- f3989
    - flags: top simplicial
    - normal:    0.6951 -0.0007468  -0.7189
    - offset: -0.003647028
    - vertices: p3110(v757) p7967(v632) p8349(v426)
    - neighboring facets: f3330 f3988 f3990
- f3990
    - flags: bottom simplicial
    - normal:    0.6928 -8.983e-05  -0.7212
    - offset: -0.003680266
    - vertices: p3110(v757) p7967(v632) p8716(v488)
    - neighboring facets: f3985 f3988 f3989
- f3991
    - flags: bottom simplicial
    - normal:    0.6453 -0.007624  -0.7639
    - offset: -0.004213457
    - vertices: p4591(v758) p7282(v427) p2619(v69)
    - neighboring facets: f3341 f3992 f3994
- f3992
    - flags: top simplicial
    - normal:    0.6689 -2.05e-06  -0.7433
    - offset: -0.003970484
    - vertices: p4591(v758) p2116(v756) p2619(v69)
    - neighboring facets: f3986 f3991 f3993
- f3993
    - flags: bottom simplicial
    - normal:    0.6887 -0.003763  -0.7251
    - offset: -0.003707227
    - vertices: p4591(v758) p2116(v756) p7967(v632)
    - neighboring facets: f3985 f3995 f3992
- f3994
    - flags: top simplicial
    - normal:    0.7103 -0.01766  -0.7037
    - offset: -0.003356318
    - vertices: p4591(v758) p7282(v427) p9193(v279)
    - neighboring facets: f2984 f3995 f3991
- f3995
    - flags: bottom simplicial
    - normal:    0.7116 -0.01316  -0.7024
    - offset: -0.003362823
    - vertices: p4591(v758) p7967(v632) p9193(v279)
    - neighboring facets: f3330 f3994 f3993
- f3996
    - flags: bottom simplicial
    - normal:    0.6359 9.071e-05  -0.7718
    - offset: -0.004366251
    - vertices: p8900(v759) p3888(v489) p8044(v339)
    - neighboring facets: f2567 f3998 f3997
- f3997
    - flags: bottom simplicial
    - normal:     0.632 6.662e-05   -0.775
    - offset: -0.004411343
    - vertices: p8900(v759) p1156(v634) p3888(v489)
    - neighboring facets: f3340 f3996 f3999
- f3998
    - flags: bottom simplicial
    - normal:    0.6568 1.661e-05  -0.7541
    - offset: -0.004118376
    - vertices: p8900(v759) p8044(v339) p2619(v69)
    - neighboring facets: f3986 f3999 f3996
- f3999
    - flags: top simplicial
    - normal:    0.6352 -0.0004182  -0.7723
    - offset: -0.004369567
    - vertices: p8900(v759) p1156(v634) p2619(v69)
    - neighboring facets: f3341 f3998 f3997
- f4001
    - flags: top simplicial
    - normal:    0.8685 0.0001274  -0.4956
    - offset: -0.00157758
    - vertices: p307(v760) p2839(v635) p7267(v490)
    - neighboring facets: f3345 f4463 f4458
- f4003
    - flags: bottom simplicial
    - normal:    0.8914 -0.001428  -0.4532
    - offset: -0.001283053
    - vertices: p307(v760) p4880(v629) p6277(v484)
    - neighboring facets: f3310 f4460 f4457
- f4006
    - flags: top simplicial
    - normal:    0.8857   0.1439  -0.4414
    - offset: -0.008837165
    - vertices: p5295(v761) p7044(v217) p8265(v127)
    - neighboring facets: f4450 f4465 f4007
- f4007
    - flags: top simplicial
    - normal:     0.883   0.1307  -0.4509
    - offset: -0.008172579
    - vertices: p5295(v761) p7267(v490) p7044(v217)
    - neighboring facets: f3345 f4006 f4009
- f4009
    - flags: bottom simplicial
    - normal:    0.8333   0.1528  -0.5314
    - offset: -0.009923535
    - vertices: p5295(v761) p7267(v490) p5947(v340)
    - neighboring facets: f3353 f4010 f4007
- f4010
    - flags: top simplicial
    - normal:    0.8129   0.1855  -0.5521
    - offset: -0.01186491
    - vertices: p5295(v761) p9485(v637) p5947(v340)
    - neighboring facets: f3361 f4009 f4783
- f4014
    - flags: bottom simplicial
    - normal:    0.6927   0.2057  -0.6913
    - offset: -0.01433235
    - vertices: p1960(v762) p9485(v637) p8716(v488)
    - neighboring facets: f3362 f4473 f4016
- f4016
    - flags: top simplicial
    - normal:    0.6315   0.4754  -0.6126
    - offset: -0.02866257
    - vertices: p1960(v762) p9485(v637) p2720(v491)
    - neighboring facets: f4782 f4471 f4014
- f4036
    - flags: top simplicial
    - normal:    0.4812 6.519e-05   0.8766
    - offset: -0.006221029
    - vertices: p8178(v765) p468(v375) p6691(v48)
    - neighboring facets: f1925 f4038 f4492
- f4038
    - flags: bottom simplicial
    - normal:    0.4939  0.04493   0.8684
    - offset: -0.0084412
    - vertices: p8178(v765) p7913(v371) p6691(v48)
    - neighboring facets: f1899 f4036 f4039
- f4039
    - flags: bottom simplicial
    - normal:    0.5438   0.0116   0.8391
    - offset: -0.00607789
    - vertices: p8178(v765) p3589(v642) p7913(v371)
    - neighboring facets: f3387 f4038 f4497
- f4042
    - flags: bottom simplicial
    - normal:    0.5183 -0.0001116   0.8552
    - offset: -0.005771688
    - vertices: p8178(v765) p5360(v651) p2016(v244)
    - neighboring facets: f3430 f4496 f4494
- f4043
    - flags: top simplicial
    - normal:    0.6233 -0.009573    0.782
    - offset: -0.00446664
    - vertices: p7716(v766) p445(v643) p2017(v437)
    - neighboring facets: f3391 f4044 f4505
- f4044
    - flags: top simplicial
    - normal:    0.5988  -0.1982    0.776
    - offset: -0.003932785
    - vertices: p7716(v766) p2017(v437) p1725(v104)
    - neighboring facets: f2280 f4046 f4043
- f4046
    - flags: bottom simplicial
    - normal:    0.5059  -0.2997   0.8088
    - offset: -0.004403167
    - vertices: p7716(v766) p6920(v376) p1725(v104)
    - neighboring facets: f3029 f4044 f4047
- f4047
    - flags: top simplicial
    - normal:    0.4801  -0.0975   0.8718
    - offset: -0.005792842
    - vertices: p7716(v766) p6920(v376) p2016(v244)
    - neighboring facets: f1929 f4499 f4046
- f4051
    - flags: top simplicial
    - normal:     0.632 7.189e-05    0.775
    - offset: -0.004410815
    - vertices: p7903(v767) p4444(v644) p445(v643)
    - neighboring facets: f3397 f4817 f4821
- f4056
    - flags: bottom simplicial
    - normal:    0.7063 1.831e-05   0.7079
    - offset: -0.003520598
    - vertices: p9501(v768) p7797(v581) p8586(v242)
    - neighboring facets: f3416 f4510 f4057
- f4057
    - flags: top simplicial
    - normal:    0.7018 -3.709e-05   0.7124
    - offset: -0.003573359
    - vertices: p9501(v768) p7797(v581) p5353(v436)
    - neighboring facets: f3059 f4508 f4056
- f4060
    - flags: top simplicial
    - normal:    0.8316  -0.0143   0.5551
    - offset: -0.001959368
    - vertices: p787(v769) p5553(v645) p7503(v176)
    - neighboring facets: f4540 f4516 f4061
- f4061
    - flags: top simplicial
    - normal:    0.8332 -9.248e-05   0.5529
    - offset: -0.001995447
    - vertices: p787(v769) p9912(v647) p5553(v645)
    - neighboring facets: f3411 f4060 f4063
- f4062
    - flags: top simplicial
    - normal:    0.7991 -6.532e-05   0.6011
    - offset: -0.002400221
    - vertices: p787(v769) p8968(v646) p3821(v509)
    - neighboring facets: f4070 f4063 f4514
- f4063
    - flags: bottom simplicial
    - normal:    0.8033 5.121e-05   0.5956
    - offset: -0.002353671
    - vertices: p787(v769) p9912(v647) p3821(v509)
    - neighboring facets: f3409 f4062 f4061
- f4064
    - flags: top simplicial
    - normal:     0.739 0.0003248   0.6737
    - offset: -0.003144023
    - vertices: p701(v770) p8800(v648) p8586(v242)
    - neighboring facets: f3416 f4065 f4067
- f4065
    - flags: bottom simplicial
    - normal:    0.7473 0.009433   0.6645
    - offset: -0.003526155
    - vertices: p701(v770) p551(v649) p8586(v242)
    - neighboring facets: f3419 f4064 f4512
- f4066
    - flags: bottom simplicial
    - normal:    0.7419 -6.301e-05   0.6705
    - offset: -0.003089459
    - vertices: p701(v770) p7797(v581) p1938(v284)
    - neighboring facets: f3059 f4513 f4067
- f4067
    - flags: bottom simplicial
    - normal:    0.7401 -3.054e-05   0.6725
    - offset: -0.00311287
    - vertices: p701(v770) p8800(v648) p7797(v581)
    - neighboring facets: f3416 f4066 f4064
- f4070
    - flags: bottom simplicial
    - normal:    0.7848 6.909e-06   0.6197
    - offset: -0.002580277
    - vertices: p139(v771) p8968(v646) p3821(v509)
    - neighboring facets: f4062 f4071 f4072
- f4071
    - flags: top simplicial
    - normal:    0.7704 0.0001183   0.6376
    - offset: -0.002757302
    - vertices: p139(v771) p551(v649) p3821(v509)
    - neighboring facets: f3418 f4070 f4072
- f4072
    - flags: bottom simplicial
    - normal:    0.7701 7.813e-05   0.6379
    - offset: -0.00275869
    - vertices: p139(v771) p551(v649) p8968(v646)
    - neighboring facets: f4824 f4070 f4071
- f4085
    - flags: bottom simplicial
    - normal:   -0.9991 9.623e-05 -0.04239
    - offset: -0.06051625
    - vertices: p3350(v775) p4405(v380) p4276(v379)
    - neighboring facets: f1955 f4086 f4087
- f4086
    - flags: top simplicial
    - normal:   -0.9991 0.0001062 -0.04126
    - offset: -0.06049927
    - vertices: p3350(v775) p5683(v652) p4276(v379)
    - neighboring facets: f3437 f4085 f4088
- f4087
    - flags: top simplicial
    - normal:   -0.9993 0.0003129 -0.03743
    - offset: -0.06045424
    - vertices: p3350(v775) p4405(v380) p5885(v246)
    - neighboring facets: f1958 f4088 f4085
- f4088
    - flags: bottom simplicial
    - normal:   -0.9993 0.0002798 -0.03702
    - offset: -0.0604451
    - vertices: p3350(v775) p5683(v652) p5885(v246)
    - neighboring facets: f3435 f4087 f4086
- f4089
    - flags: bottom simplicial
    - normal:   -0.9787 0.0001458  -0.2054
    - offset: -0.06233693
    - vertices: p6938(v776) p7985(v515) p1246(v252)
    - neighboring facets: f2689 f4090 f4091
- f4090
    - flags: top simplicial
    - normal:   -0.9863 -0.0007971  -0.1652
    - offset: -0.06196766
    - vertices: p6938(v776) p961(v653) p1246(v252)
    - neighboring facets: f3443 f4089 f4091
- f4091
    - flags: bottom simplicial
    - normal:   -0.9873 -0.0001913  -0.1591
    - offset: -0.06195062
    - vertices: p6938(v776) p961(v653) p7985(v515)
    - neighboring facets: f4547 f4089 f4090
- f4092
    - flags: top simplicial
    - normal:   -0.9896 0.0003997   -0.144
    - offset: -0.06184483
    - vertices: p9676(v777) p7985(v515) p4405(v380)
    - neighboring facets: f2690 f4093 f4548
- f4093
    - flags: bottom simplicial
    - normal:   -0.9919 0.0001266  -0.1267
    - offset: -0.06164548
    - vertices: p9676(v777) p961(v653) p4405(v380)
    - neighboring facets: f3440 f4092 f4549
- f4096
    - flags: bottom simplicial
    - normal:   -0.4009 -0.002128  -0.9161
    - offset: -0.04330194
    - vertices: p8683(v778) p4184(v655) p9452(v516)
    - neighboring facets: f3449 f4551 f4555
- f4108
    - flags: top simplicial
    - normal:   -0.9407 -7.551e-05  -0.3391
    - offset: -0.06264916
    - vertices: p6885(v780) p7466(v253) p8996(v30)
    - neighboring facets: f1511 f4109 f4569
- f4109
    - flags: bottom simplicial
    - normal:   -0.9227 -0.001849  -0.3854
    - offset: -0.06237519
    - vertices: p6885(v780) p616(v659) p8996(v30)
    - neighboring facets: f5188 f4108 f4570
- f4115
    - flags: top simplicial
    - normal:    0.3263   0.9448  0.02897
    - offset: -0.06660519
    - vertices: p6069(v782) p8511(v219) p714(v7)
    - neighboring facets: f2600 f4116 f4117
- f4116
    - flags: bottom simplicial
    - normal:    0.2723   0.9617  0.03229
    - offset:  -0.070017
    - center: -0.0376578 0.08367010000000001 -0.005971666666666667 
    - vertices: p6069(v782) p1650(v346) p714(v7)
    - neighboring facets: f1793 f4115 f4851
- f4117
    - flags: top simplicial
    - normal:    0.6252   0.6793  -0.3844
    - offset: -0.04082296
    - vertices: p6069(v782) p2720(v491) p8511(v219)
    - neighboring facets: f4780 f4115 f4572
- f4121
    - flags: bottom simplicial
    - normal:   -0.2137   0.2851  -0.9344
    - offset: -0.0565136
    - vertices: p6958(v783) p2260(v497) p7218(v71)
    - neighboring facets: f2613 f4577 f5076
- f4138
    - flags: top simplicial
    - normal:   -0.5991   0.1521  -0.7861
    - offset: -0.06418893
    - vertices: p8884(v786) p1727(v250) p7218(v71)
    - neighboring facets: f1279 f4139 f4140
- f4139
    - flags: bottom simplicial
    - normal:   -0.3915   0.5043  -0.7696
    - offset: -0.08103924
    - vertices: p8884(v786) p1305(v666) p7218(v71)
    - neighboring facets: f4576 f4138 f4141
- f4140
    - flags: bottom simplicial
    - normal:   -0.8405   0.3669  -0.3987
    - offset: -0.08737875
    - vertices: p8884(v786) p1727(v250) p3058(v155)
    - neighboring facets: f1960 f4141 f4138
- f4141
    - flags: top simplicial
    - normal:   -0.7982   0.4578  -0.3915
    - offset: -0.09231158
    - vertices: p8884(v786) p1305(v666) p3058(v155)
    - neighboring facets: f4598 f4140 f4139
- f4143
    - flags: bottom simplicial tested
    - normal:        -1 0.0008347 0.001802
    - offset: -0.05989726
    - center: -0.05979909999999999 0.08045013333333334 0.0172727 
    - vertices: p1255(v787) p2643(v394) p3695(v27)
    - neighboring facets: f2037 f5286 f4144
    - ridges:
- f4144
    - flags: bottom simplicial tested
    - normal:        -1 0.0003364 0.002229
    - offset: -0.05986467
    - center: -0.05979909999999999 0.07936386666666667 0.01750343333333333 
    - vertices: p1255(v787) p9848(v671) p2643(v394)
    - neighboring facets: f3533 f4143 f5295
    - ridges:
- f4146
    - flags: bottom simplicial tested
    - normal:        -1 -0.0001605  0.00532
    - offset: -0.05988344
    - center: -0.05979953333333334 0.05346380000000001 0.01754376666666667 
    - vertices: p811(v788) p7062(v672) p3663(v532)
    - neighboring facets: f3538 f5294 f4608
    - ridges:
- f4150
    - flags: top simplicial
    - normal:   -0.5371   0.8435 5.487e-06
    - offset: -0.1021669
    - vertices: p986(v789) p1487(v675) p4883(v93)
    - neighboring facets: f3552 f4151 f4152
- f4151
    - flags: bottom simplicial
    - normal:   -0.5393   0.8421 1.623e-05
    - offset: -0.1021772
    - vertices: p986(v789) p1475(v676) p4883(v93)
    - neighboring facets: f3555 f4150 f4152
- f4152
    - flags: top simplicial
    - normal:   -0.5383   0.8428 7.597e-06
    - offset: -0.1021726
    - vertices: p986(v789) p1475(v676) p1487(v675)
    - neighboring facets: f3559 f4150 f4151
- f4158
    - flags: top simplicial
    - normal:   -0.2189   0.9758 5.642e-06
    - offset: -0.09485538
    - vertices: p5336(v791) p6910(v547) p219(v94)
    - neighboring facets: f2860 f4160 f4159
- f4159
    - flags: top simplicial
    - normal:   -0.2212   0.9752 1.368e-05
    - offset: -0.09494495
    - vertices: p5336(v791) p5970(v688) p6910(v547)
    - neighboring facets: f3616 f4158 f4161
- f4160
    - flags: bottom simplicial
    - normal:   -0.2166   0.9763 3.93e-07
    - offset: -0.09476648
    - vertices: p5336(v791) p5406(v546) p219(v94)
    - neighboring facets: f2855 f4158 f4163
- f4161
    - flags: bottom simplicial
    - normal:   -0.2193   0.9757 2.557e-05
    - offset: -0.09487213
    - vertices: p5336(v791) p5970(v688) p3686(v408)
    - neighboring facets: f3615 f4162 f4159
- f4162
    - flags: top simplicial
    - normal:   -0.2159   0.9764 1.348e-05
    - offset: -0.09473947
    - vertices: p5336(v791) p4164(v548) p3686(v408)
    - neighboring facets: f4164 f4161 f4163
- f4163
    - flags: bottom simplicial
    - normal:    -0.216   0.9764 4.704e-06
    - offset: -0.09474545
    - vertices: p5336(v791) p4164(v548) p5406(v546)
    - neighboring facets: f2865 f4160 f4162
- f4164
    - flags: bottom simplicial
    - normal:   -0.1901   0.9818 0.0006118
    - offset: -0.09372159
    - vertices: p1275(v792) p4164(v548) p3686(v408)
    - neighboring facets: f4162 f4165 f4166
- f4165
    - flags: top simplicial
    - normal:   -0.1875   0.9823 0.0008898
    - offset: -0.09361976
    - vertices: p1275(v792) p2805(v689) p3686(v408)
    - neighboring facets: f3620 f4164 f4168
- f4166
    - flags: top simplicial
    - normal:   -0.1599   0.9871 -1.417e-05
    - offset: -0.0924343
    - vertices: p1275(v792) p4164(v548) p6868(v527)
    - neighboring facets: f2864 f4167 f4164
- f4167
    - flags: top simplicial
    - normal:   -0.1332   0.9911 -4.648e-06
    - offset: -0.09123679
    - vertices: p1275(v792) p6868(v527) p7763(v388)
    - neighboring facets: f3610 f4168 f4166
- f4168
    - flags: bottom simplicial
    - normal:   -0.1312   0.9914 -1.114e-06
    - offset: -0.09114586
    - vertices: p1275(v792) p2805(v689) p7763(v388)
    - neighboring facets: f3623 f4167 f4165
- f4174
    - flags: bottom simplicial
    - normal:   -0.2112  -0.2676  -0.9401
    - offset: -0.02724497
    - vertices: p7752(v793) p5621(v691) p6879(v108)
    - neighboring facets: f4182 f5041 f4624
- f4176
    - flags: bottom simplicial
    - normal:   -0.5692  -0.6325  -0.5254
    - offset: -0.03597743
    - vertices: p9222(v794) p9384(v690) p995(v411)
    - neighboring facets: f3627 f4626 f4877
- f4179
    - flags: bottom simplicial
    - normal:   -0.3738  -0.2806   -0.884
    - offset: -0.03531835
    - vertices: p4124(v795) p5621(v691) p5448(v549)
    - neighboring facets: f4622 f4186 f4182
- f4180
    - flags: top simplicial
    - normal:   -0.5122 -0.04774  -0.8576
    - offset: -0.04577763
    - vertices: p4124(v795) p4971(v295) p1191(v185)
    - neighboring facets: f2703 f4184 f4181
- f4181
    - flags: bottom simplicial
    - normal:   -0.2478 -0.09904  -0.9637
    - offset: -0.03171368
    - vertices: p4124(v795) p4971(v295) p6879(v108)
    - neighboring facets: f2370 f4182 f4180
- f4182
    - flags: top simplicial
    - normal:   -0.2573   -0.133  -0.9571
    - offset: -0.03172365
    - vertices: p4124(v795) p5621(v691) p6879(v108)
    - neighboring facets: f4174 f4181 f4179
- f4183
    - flags: top simplicial
    - normal:   -0.7118 -0.07982  -0.6978
    - offset: -0.05400137
    - vertices: p4124(v795) p609(v109) p7846(v58)
    - neighboring facets: f5096 f4185 f4184
- f4184
    - flags: top simplicial
    - normal:   -0.7106 -0.07918  -0.6991
    - offset: -0.05396218
    - vertices: p4124(v795) p1191(v185) p609(v109)
    - neighboring facets: f5095 f4183 f4180
- f4185
    - flags: bottom simplicial
    - normal:    -0.747  -0.2627  -0.6107
    - offset: -0.05213754
    - vertices: p4124(v795) p4175(v559) p7846(v58)
    - neighboring facets: f3688 f4183 f4186
- f4186
    - flags: top simplicial
    - normal:   -0.6342  -0.3431  -0.6928
    - offset: -0.04611798
    - vertices: p4124(v795) p4175(v559) p5448(v549)
    - neighboring facets: f4627 f4179 f4185
- f4189
    - flags: top simplicial
    - normal:   -0.6691  -0.7431 -4.712e-06
    - offset: -0.03146766
    - vertices: p8174(v796) p62(v693) p8670(v550)
    - neighboring facets: f3638 f4630 f4634
- f4192
    - flags: top simplicial
    - normal:   -0.4474  -0.8373   0.3142
    - offset: -0.02521641
    - vertices: p9541(v797) p6305(v551) p2670(v124)
    - neighboring facets: f2881 f4193 f4749
- f4193
    - flags: bottom simplicial
    - normal:   -0.4808   -0.822   0.3052
    - offset: -0.02668477
    - vertices: p9541(v797) p3447(v694) p2670(v124)
    - neighboring facets: f4194 f4192 f4636
- f4194
    - flags: top simplicial
    - normal:   -0.5535  -0.7928   0.2551
    - offset: -0.02946227
    - vertices: p5193(v798) p3447(v694) p2670(v124)
    - neighboring facets: f4193 f4196 f4641
- f4196
    - flags: bottom simplicial
    - normal:    -0.624  -0.7636    0.166
    - offset: -0.03159373
    - vertices: p5193(v798) p2762(v476) p2670(v124)
    - neighboring facets: f4390 f4194 f4197
- f4197
    - flags: bottom simplicial
    - normal:   -0.6204  -0.7638    0.178
    - offset: -0.03159646
    - vertices: p5193(v798) p6332(v617) p2762(v476)
    - neighboring facets: f3918 f4196 f4640
- f4198
    - flags: top simplicial
    - normal:   -0.5659  -0.7606   0.3182
    - offset: -0.03103381
    - vertices: p7847(v799) p6332(v617) p2871(v325)
    - neighboring facets: f3243 f4883 f4200
- f4200
    - flags: top simplicial
    - normal:   -0.5663  -0.7618   0.3146
    - offset: -0.0309898
    - vertices: p7847(v799) p3447(v694) p6332(v617)
    - neighboring facets: f4639 f4198 f4884
- f4207
    - flags: bottom simplicial tested
    - normal:   0.03557  -0.9993  0.01381
    - offset: 0.0003025992
    - center: -0.00321689 0.000214134 0.001867997 
    - vertices: p5723(v801) p2184(v578) p3886(v434)
    - neighboring facets: f3773 f4283 f4211
- f4211
    - flags: bottom simplicial tested
    - normal:   0.01005  -0.9999 0.0007703
    - offset: 0.0002383716
    - center: -0.003561216666666667 0.0002036516666666666 0.001397118 
    - vertices: p5723(v801) p2739(v717) p2184(v578)
    - neighboring facets: f3767 f4207 f5305
    - ridges:
- f4212
    - flags: top simplicial
    - normal:    -0.978  -0.2084 7.44e-07
    - offset: -0.05587487
    - vertices: p7068(v802) p4503(v560) p4057(v558)
    - neighboring facets: f4215 f4213 f4214
- f4213
    - flags: bottom simplicial
    - normal:   -0.9781   -0.208 -3.828e-06
    - offset: -0.05588557
    - vertices: p7068(v802) p3362(v701) p4057(v558)
    - neighboring facets: f3676 f4212 f4214
- f4214
    - flags: top simplicial
    - normal:   -0.9782  -0.2078 9.457e-07
    - offset: -0.05589123
    - vertices: p7068(v802) p3362(v701) p4503(v560)
    - neighboring facets: f3673 f4212 f4213
- f4215
    - flags: bottom simplicial
    - normal:   -0.9779   -0.209 2.977e-06
    - offset: -0.05586038
    - vertices: p152(v803) p4503(v560) p4057(v558)
    - neighboring facets: f4212 f4216 f4217
- f4216
    - flags: top simplicial
    - normal:   -0.9742  -0.2256 2.775e-05
    - offset: -0.05543902
    - vertices: p152(v803) p2134(v704) p4057(v558)
    - neighboring facets: f3692 f4215 f4218
- f4217
    - flags: top simplicial
    - normal:   -0.9771  -0.2128 0.003398
    - offset: -0.05581106
    - vertices: p152(v803) p4503(v560) p7226(v54)
    - neighboring facets: f2938 f4218 f4215
- f4218
    - flags: bottom simplicial
    - normal:   -0.9675   -0.253 0.0002271
    - offset: -0.05470357
    - vertices: p152(v803) p2134(v704) p7226(v54)
    - neighboring facets: f3691 f4217 f4216
- f4219
    - flags: bottom simplicial
    - normal:   -0.6682  -0.7436 -0.02282
    - offset: -0.03179025
    - vertices: p7758(v804) p1214(v705) p1259(v562)
    - neighboring facets: f4237 f4645 f4221
- f4220
    - flags: bottom simplicial
    - normal:   -0.6246   -0.757   -0.192
    - offset: -0.03208885
    - vertices: p7758(v804) p2396(v729) p5666(v445)
    - neighboring facets: f3831 f4224 f4226
- f4221
    - flags: top simplicial
    - normal:   -0.6654  -0.7462  -0.0204
    - offset: -0.03156791
    - vertices: p7758(v804) p1214(v705) p6800(v269)
    - neighboring facets: f3698 f4223 f4219
- f4223
    - flags: bottom simplicial
    - normal:   -0.6566  -0.7526 -0.04951
    - offset: -0.03151884
    - vertices: p7758(v804) p4541(v728) p6800(v269)
    - neighboring facets: f3821 f4221 f4224
- f4224
    - flags: top simplicial
    - normal:   -0.6375  -0.7598  -0.1277
    - offset: -0.03170353
    - vertices: p7758(v804) p4541(v728) p5666(v445)
    - neighboring facets: f3820 f4220 f4223
- f4225
    - flags: top simplicial
    - normal:   -0.6119   -0.729  -0.3068
    - offset: -0.03354188
    - vertices: p7758(v804) p6461(v591) p9534(v423)
    - neighboring facets: f3105 f4231 f4226
- f4226
    - flags: top simplicial
    - normal:   -0.6125  -0.7471  -0.2583
    - offset: -0.0326105
    - vertices: p7758(v804) p2396(v729) p6461(v591)
    - neighboring facets: f3833 f4225 f4220
- f4227
    - flags: top simplicial
    - normal:   -0.8195  -0.5607   -0.119
    - offset: -0.04421926
    - vertices: p7979(v805) p8280(v703) p1312(v424)
    - neighboring facets: f3682 f4229 f4230
- f4229
    - flags: bottom simplicial
    - normal:   -0.7374  -0.6751 -0.02292
    - offset: -0.03655141
    - vertices: p7979(v805) p1901(v565) p1312(v424)
    - neighboring facets: f2965 f4227 f4243
- f4230
    - flags: bottom simplicial
    - normal:   -0.7429  -0.5901  -0.3161
    - offset: -0.04278936
    - vertices: p7979(v805) p8280(v703) p4175(v559)
    - neighboring facets: f3688 f4236 f4227
- f4231
    - flags: top simplicial
    - normal:   -0.6549  -0.7353  -0.1743
    - offset: -0.03367002
    - vertices: p7979(v805) p7758(v804) p9534(v423)
    - neighboring facets: f4225 f4235 f4647
- f4235
    - flags: top simplicial
    - normal:   -0.6842  -0.6441  -0.3421
    - offset: -0.0392201
    - vertices: p7979(v805) p9534(v423) p995(v411)
    - neighboring facets: f3105 f4236 f4231
- f4236
    - flags: bottom simplicial
    - normal:    -0.687  -0.6395   -0.345
    - offset: -0.03948175
    - vertices: p7979(v805) p4175(v559) p995(v411)
    - neighboring facets: f4625 f4235 f4230
- f4237
    - flags: top simplicial
    - normal:   -0.6695  -0.7426 -0.01628
    - offset: -0.03176161
    - vertices: p3075(v806) p1214(v705) p1259(v562)
    - neighboring facets: f4219 f4646 f4238
- f4238
    - flags: top simplicial
    - normal:   -0.6704   -0.742 -0.005185
    - offset: -0.03163309
    - vertices: p3075(v806) p331(v706) p1214(v705)
    - neighboring facets: f4244 f4237 f4241
- f4241
    - flags: bottom simplicial
    - normal:   -0.6733  -0.7393 -0.002672
    - offset: -0.03179123
    - vertices: p3075(v806) p331(v706) p8719(v564)
    - neighboring facets: f3705 f4242 f4238
- f4242
    - flags: top simplicial
    - normal:   -0.7117  -0.7023 -0.01516
    - offset: -0.03462741
    - vertices: p3075(v806) p1901(v565) p8719(v564)
    - neighboring facets: f2970 f4241 f4243
- f4243
    - flags: top simplicial
    - normal:   -0.7126  -0.7014 -0.01563
    - offset: -0.03469523
    - vertices: p3075(v806) p7979(v805) p1901(v565)
    - neighboring facets: f4229 f4242 f4648
- f4244
    - flags: bottom simplicial
    - normal:   -0.6692  -0.7431 -6.301e-05
    - offset: -0.03147024
    - vertices: p1564(v807) p331(v706) p1214(v705)
    - neighboring facets: f4238 f4651 f4249
- f4245
    - flags: bottom simplicial
    - normal:   -0.6691  -0.7431 -1.474e-06
    - offset: -0.03146794
    - vertices: p1564(v807) p62(v693) p2611(v412)
    - neighboring facets: f3642 f4247 f4650
- f4247
    - flags: bottom simplicial
    - normal:   -0.6691  -0.7431 -9.966e-07
    - offset: -0.03146796
    - vertices: p1564(v807) p2611(v412) p2311(v410)
    - neighboring facets: f2144 f4248 f4245
- f4248
    - flags: bottom simplicial
    - normal:   -0.6695  -0.7428 -5.569e-05
    - offset: -0.03149358
    - vertices: p1564(v807) p2311(v410) p275(v53)
    - neighboring facets: f2957 f4249 f4247
- f4249
    - flags: top simplicial
    - normal:   -0.6697  -0.7426 -0.0001026
    - offset: -0.03150628
    - vertices: p1564(v807) p331(v706) p275(v53)
    - neighboring facets: f3705 f4248 f4244
- f4250
    - flags: bottom simplicial
    - normal:   -0.8521  -0.5233 -0.0001952
    - offset: -0.04468028
    - vertices: p4152(v808) p5644(v708) p1312(v424)
    - neighboring facets: f4256 f4252 f4251
- f4251
    - flags: top simplicial
    - normal:   -0.8371  -0.5471 0.0002536
    - offset: -0.04351801
    - vertices: p4152(v808) p5644(v708) p4142(v567)
    - neighboring facets: f4260 f4253 f4250
- f4252
    - flags: top simplicial
    - normal:   -0.8094  -0.5873 2.805e-06
    - offset: -0.0414323
    - vertices: p4152(v808) p2563(v707) p1312(v424)
    - neighboring facets: f3709 f4250 f4253
- f4253
    - flags: bottom simplicial
    - normal:   -0.8094  -0.5873 3.724e-06
    - offset: -0.04143177
    - vertices: p4152(v808) p2563(v707) p4142(v567)
    - neighboring facets: f3710 f4251 f4252
- f4256
    - flags: top simplicial
    - normal:   -0.8524  -0.5229 -0.0002008
    - offset: -0.04470215
    - vertices: p1149(v809) p5644(v708) p1312(v424)
    - neighboring facets: f4250 f4257 f4261
- f4257
    - flags: top simplicial
    - normal:    -0.865  -0.5018 -0.0006022
    - offset: -0.04568778
    - vertices: p1149(v809) p1312(v424) p9987(v99)
    - neighboring facets: f2362 f4258 f4256
- f4258
    - flags: bottom simplicial
    - normal:   -0.8757  -0.4828 -0.000341
    - offset: -0.0465422
    - vertices: p1149(v809) p1054(v563) p9987(v99)
    - neighboring facets: f3867 f4257 f4262
- f4259
    - flags: bottom simplicial
    - normal:   -0.8518  -0.5238 0.002517
    - offset: -0.04467654
    - vertices: p882(v810) p4142(v567) p3032(v173)
    - neighboring facets: f2978 f4263 f4260
- f4260
    - flags: bottom simplicial
    - normal:   -0.8514  -0.5245 0.001181
    - offset: -0.04462992
    - vertices: p882(v810) p5644(v708) p4142(v567)
    - neighboring facets: f4251 f4259 f4261
- f4261
    - flags: bottom simplicial
    - normal:   -0.8627  -0.5057 0.0006193
    - offset: -0.04550972
    - vertices: p882(v810) p1149(v809) p5644(v708)
    - neighboring facets: f4256 f4260 f4262
- f4262
    - flags: top simplicial
    - normal:   -0.8844  -0.4667 6.431e-05
    - offset: -0.04724234
    - vertices: p882(v810) p1149(v809) p1054(v563)
    - neighboring facets: f4258 f4264 f4261
- f4263
    - flags: top simplicial
    - normal:   -0.8955   -0.445 3.471e-05
    - offset: -0.04815036
    - vertices: p882(v810) p6654(v735) p3032(v173)
    - neighboring facets: f3866 f4259 f4264
- f4264
    - flags: bottom simplicial
    - normal:   -0.8956  -0.4448 -5.443e-07
    - offset: -0.04815865
    - vertices: p882(v810) p6654(v735) p1054(v563)
    - neighboring facets: f3867 f4262 f4263
- f4269
    - flags: top simplicial
    - normal:    0.8316 -0.004305  -0.5554
    - offset: -0.00198251
    - vertices: p7122(v811) p8941(v569) p6940(v486)
    - neighboring facets: f2988 f4656 f4270
- f4270
    - flags: top simplicial
    - normal:    0.8206 -0.00448  -0.5714
    - offset: -0.002120016
    - vertices: p7122(v811) p4805(v709) p8941(v569)
    - neighboring facets: f3718 f4269 f4655
- f4272
    - flags: top simplicial
    - normal:    0.9975 -1.232e-05 -0.07136
    - offset: -2.68441e-05
    - vertices: p3387(v812) p1890(v710) p1060(v126)
    - neighboring facets: f3724 f4445 f4273
- f4273
    - flags: bottom simplicial
    - normal:    0.9973 -0.0001591 -0.07397
    - offset: -2.79928e-05
    - vertices: p3387(v812) p1890(v710) p7245(v429)
    - neighboring facets: f3725 f4446 f4272
- f4274
    - flags: bottom simplicial
    - normal:    0.3637  -0.7682   0.5269
    - offset: -0.001873139
    - vertices: p6693(v813) p5700(v576) p7165(v175)
    - neighboring facets: f3030 f4275 f4276
- f4275
    - flags: top simplicial
    - normal:    0.3592  -0.7725   0.5237
    - offset: -0.001865239
    - vertices: p6693(v813) p6622(v713) p7165(v175)
    - neighboring facets: f3739 f4274 f4278
- f4276
    - flags: top simplicial
    - normal:    0.4304  -0.7197   0.5448
    - offset: -0.001739584
    - vertices: p6693(v813) p5700(v576) p2933(v433)
    - neighboring facets: f3027 f4277 f4274
- f4277
    - flags: bottom simplicial
    - normal:    0.4545  -0.7989    0.394
    - offset: -0.0003461309
    - vertices: p6693(v813) p2567(v714) p2933(v433)
    - neighboring facets: f3748 f4276 f4278
- f4278
    - flags: top simplicial
    - normal:    0.3712  -0.8656    0.336
    - offset: -0.0002205998
    - vertices: p6693(v813) p2567(v714) p6622(v713)
    - neighboring facets: f4664 f4275 f4277
- f4279
    - flags: bottom simplicial
    - normal:    0.1748  -0.9632   0.2043
    - offset: -0.0001343598
    - vertices: p3933(v814) p6622(v713) p4173(v56)
    - neighboring facets: f3744 f4284 f4665
- f4283
    - flags: bottom simplicial
    - normal:   0.03944   -0.999  0.01946
    - offset: 0.0003013821
    - vertices: p3933(v814) p5723(v801) p3886(v434)
    - neighboring facets: f4207 f4671 f4285
- f4284
    - flags: top simplicial
    - normal:   0.02205  -0.9994  0.02523
    - offset: 0.000197688
    - vertices: p3933(v814) p9751(v552) p4173(v56)
    - neighboring facets: f3730 f4279 f4285
- f4285
    - flags: top simplicial
    - normal:   0.01788  -0.9997  0.01821
    - offset: 0.000218009
    - center: -0.006040176666666667 0.0002140506666666666 0.00570953 
    - vertices: p3933(v814) p5723(v801) p9751(v552)
    - neighboring facets: f4644 f4284 f4283
- f4286
    - flags: bottom simplicial
    - normal:    0.5402  -0.8085   0.2334
    - offset: 0.0008342357
    - vertices: p2180(v815) p679(v577) p7385(v283)
    - neighboring facets: f3745 f4666 f4677
- f4291
    - flags: bottom simplicial
    - normal:    0.4017  -0.9156 -0.01571
    - offset: 0.001214481
    - vertices: p2864(v816) p3192(v719) p4042(v103)
    - neighboring facets: f3770 f4688 f4292
- f4292
    - flags: top simplicial
    - normal:    0.4138  -0.9102  0.01437
    - offset: 0.001228956
    - vertices: p2864(v816) p3192(v719) p7775(v716)
    - neighboring facets: f4670 f4674 f4291
- f4293
    - flags: top simplicial
    - normal:    0.7323  -0.6786  0.05604
    - offset: 0.001442193
    - vertices: p2864(v816) p3934(v715) p5736(v435)
    - neighboring facets: f4303 f4312 f4675
- f4298
    - flags: bottom simplicial
    - normal:    0.9783  -0.1499    0.143
    - offset: 0.000450722
    - vertices: p87(v817) p1383(v720) p6322(v36)
    - neighboring facets: f3776 f4299 f4306
- f4299
    - flags: top simplicial
    - normal:     0.971  -0.1424   0.1919
    - offset: 0.0003044766
    - vertices: p87(v817) p3159(v584) p6322(v36)
    - neighboring facets: f3073 f4298 f4300
- f4300
    - flags: bottom simplicial
    - normal:    0.9594  -0.1769   0.2196
    - offset: 0.0002972503
    - vertices: p87(v817) p3159(v584) p19(v439)
    - neighboring facets: f3071 f4301 f4299
- f4301
    - flags: top simplicial
    - normal:    0.8088  -0.5361   0.2419
    - offset: 0.0008954385
    - vertices: p87(v817) p3934(v715) p19(v439)
    - neighboring facets: f3751 f4300 f4678
- f4303
    - flags: bottom simplicial
    - normal:    0.8079  -0.5858  0.06435
    - offset: 0.00133436
    - vertices: p7791(v818) p3934(v715) p5736(v435)
    - neighboring facets: f4293 f4304 f4679
- f4304
    - flags: top simplicial
    - normal:    0.8772   -0.479  0.03321
    - offset: 0.00119304
    - vertices: p7791(v818) p1383(v720) p5736(v435)
    - neighboring facets: f3780 f4303 f4306
- f4306
    - flags: top simplicial
    - normal:    0.9589  -0.2497   0.1347
    - offset: 0.0006664306
    - vertices: p7791(v818) p87(v817) p1383(v720)
    - neighboring facets: f4298 f4304 f4680
- f4310
    - flags: bottom simplicial
    - normal:    0.8861  -0.3916   -0.248
    - offset: 0.0007050699
    - vertices: p4239(v819) p9078(v721) p5693(v580)
    - neighboring facets: f3983 f4311 f4316
- f4311
    - flags: bottom simplicial
    - normal:    0.7238  -0.6768  -0.1344
    - offset: 0.001394418
    - vertices: p4239(v819) p5693(v580) p5736(v435)
    - neighboring facets: f3780 f4312 f4310
- f4312
    - flags: top simplicial
    - normal:    0.7168  -0.6845  -0.1329
    - offset: 0.001403468
    - vertices: p4239(v819) p2864(v816) p5736(v435)
    - neighboring facets: f4293 f4311 f4689
- f4315
    - flags: bottom simplicial
    - normal:    0.5408  -0.7304  -0.4172
    - offset: -0.0001113825
    - vertices: p9371(v820) p7332(v586) p1899(v442)
    - neighboring facets: f3843 f4684 f4686
- f4316
    - flags: top simplicial
    - normal:    0.7287  -0.6116  -0.3079
    - offset: 0.0006078737
    - vertices: p9371(v820) p4239(v819) p9078(v721)
    - neighboring facets: f4310 f4682 f4687
- f4319
    - flags: top simplicial
    - normal:   0.05369  -0.9933  -0.1023
    - offset: -0.0002070992
    - vertices: p5356(v821) p2910(v585) p5965(v287)
    - neighboring facets: f3077 f4345 f4320
- f4320
    - flags: top simplicial
    - normal:   0.04747  -0.9937  -0.1019
    - offset: -0.0002532418
    - vertices: p5356(v821) p4608(v727) p2910(v585)
    - neighboring facets: f3816 f4319 f4322
- f4322
    - flags: bottom simplicial
    - normal:   0.06844  -0.9826  -0.1725
    - offset: -0.0006991611
    - vertices: p5356(v821) p4608(v727) p5651(v725)
    - neighboring facets: f3815 f4346 f4320
- f4330
    - flags: top simplicial
    - normal:   -0.4551  -0.7272  -0.5139
    - offset: -0.0287003
    - vertices: p6522(v823) p6049(v731) p3651(v416)
    - neighboring facets: f4335 f4332 f4697
- f4331
    - flags: top simplicial
    - normal:   -0.3755   -0.707  -0.5992
    - offset: -0.02621409
    - vertices: p6522(v823) p8967(v554) p6487(v273)
    - neighboring facets: f2903 f4333 f4332
- f4332
    - flags: bottom simplicial
    - normal:   -0.4258   -0.722  -0.5454
    - offset: -0.02778123
    - vertices: p6522(v823) p8967(v554) p3651(v416)
    - neighboring facets: f4336 f4330 f4331
- f4333
    - flags: bottom simplicial
    - normal:   -0.4136  -0.7048  -0.5763
    - offset: -0.02772195
    - vertices: p6522(v823) p6934(v822) p6487(v273)
    - neighboring facets: f4897 f4331 f4698
- f4335
    - flags: bottom simplicial
    - normal:   -0.4575  -0.7278   -0.511
    - offset: -0.02876974
    - vertices: p1958(v824) p6049(v731) p3651(v416)
    - neighboring facets: f4330 f4336 f4696
- f4336
    - flags: top simplicial
    - normal:   -0.4981  -0.7433  -0.4465
    - offset: -0.0297127
    - vertices: p1958(v824) p8967(v554) p3651(v416)
    - neighboring facets: f4332 f4335 f4337
- f4337
    - flags: top simplicial
    - normal:   -0.5046  -0.7452  -0.4359
    - offset: -0.02986252
    - vertices: p1958(v824) p6461(v591) p8967(v554)
    - neighboring facets: f3112 f4336 f4700
- f4340
    - flags: bottom simplicial
    - normal:   0.08523  -0.9674  -0.2383
    - offset: -0.001150174
    - vertices: p8139(v825) p5651(v725) p6779(v447)
    - neighboring facets: f3815 f4357 f4349
- f4342
    - flags: bottom simplicial
    - normal:     0.183  -0.8712  -0.4555
    - offset: -0.002360863
    - vertices: p8139(v825) p7453(v734) p5866(v733)
    - neighboring facets: f3864 f4704 f4355
- f4345
    - flags: top simplicial
    - normal:   0.09221  -0.9814  -0.1685
    - offset: -0.0004747957
    - vertices: p9797(v826) p5356(v821) p5965(v287)
    - neighboring facets: f4319 f4702 f4346
- f4346
    - flags: bottom simplicial
    - normal:   0.09697  -0.9755  -0.1976
    - offset: -0.0006902715
    - vertices: p9797(v826) p5356(v821) p5651(v725)
    - neighboring facets: f4322 f4349 f4345
- f4349
    - flags: top simplicial
    - normal:    0.1238  -0.9559  -0.2665
    - offset: -0.001087204
    - vertices: p9797(v826) p8139(v825) p5651(v725)
    - neighboring facets: f4340 f4346 f4705
- f4351
    - flags: top simplicial
    - normal:   0.07467  -0.8488  -0.5235
    - offset: -0.00410513
    - vertices: p625(v827) p7453(v734) p277(v448)
    - neighboring facets: f3860 f4352 f4355
- f4352
    - flags: top simplicial
    - normal:   0.07201  -0.8525  -0.5177
    - offset: -0.004072012
    - vertices: p625(v827) p277(v448) p3613(v178)
    - neighboring facets: f2348 f4353 f4351
- f4353
    - flags: bottom simplicial
    - normal:   0.06484  -0.8832  -0.4645
    - offset: -0.003595161
    - vertices: p625(v827) p6190(v594) p3613(v178)
    - neighboring facets: f3130 f4352 f4354
- f4354
    - flags: top simplicial
    - normal:    0.0632  -0.9184  -0.3907
    - offset: -0.002855239
    - vertices: p625(v827) p6190(v594) p7779(v290)
    - neighboring facets: f3130 f4356 f4353
- f4355
    - flags: top simplicial
    - normal:    0.1625  -0.8815  -0.4433
    - offset: -0.002419004
    - vertices: p625(v827) p8139(v825) p7453(v734)
    - neighboring facets: f4342 f4351 f4357
- f4356
    - flags: bottom simplicial
    - normal:   0.08925  -0.9381  -0.3347
    - offset: -0.002027391
    - vertices: p625(v827) p6779(v447) p7779(v290)
    - neighboring facets: f2342 f4354 f4357
- f4357
    - flags: bottom simplicial
    - normal:    0.1028  -0.9334  -0.3438
    - offset: -0.001987341
    - vertices: p625(v827) p8139(v825) p6779(v447)
    - neighboring facets: f4340 f4356 f4355
- f4359
    - flags: top simplicial
    - normal:   -0.7657 0.0005661   0.6432
    - offset: -0.05858067
    - vertices: p885(v828) p3499(v736) p5748(v601)
    - neighboring facets: f3871 f4361 f4708
- f4360
    - flags: bottom simplicial
    - normal:   -0.7462 -0.0003257   0.6657
    - offset: -0.05784803
    - vertices: p885(v828) p7399(v191) p7285(v114)
    - neighboring facets: f1554 f4361 f4707
- f4361
    - flags: top simplicial
    - normal:   -0.7434 -0.0002178   0.6688
    - offset: -0.05775904
    - vertices: p885(v828) p5748(v601) p7285(v114)
    - neighboring facets: f3163 f4360 f4359
- f4362
    - flags: bottom simplicial
    - normal:   -0.9423 0.001571   0.3349
    - offset: -0.06278771
    - vertices: p5209(v829) p4749(v606) p7379(v461)
    - neighboring facets: f3190 f4364 f4902
- f4364
    - flags: top simplicial
    - normal:    -0.957 -0.0002155     0.29
    - offset: -0.06264612
    - vertices: p5209(v829) p797(v605) p7379(v461)
    - neighboring facets: f3893 f4362 f4365
- f4365
    - flags: top simplicial
    - normal:   -0.9556 -0.0002761   0.2948
    - offset: -0.0626478
    - vertices: p5209(v829) p7237(v738) p797(v605)
    - neighboring facets: f3881 f4364 f4710
- f4366
    - flags: top simplicial
    - normal:   -0.9768 0.0001487   0.2142
    - offset: -0.06239342
    - vertices: p7082(v830) p1449(v739) p2769(v196)
    - neighboring facets: f3886 f4367 f4368
- f4367
    - flags: bottom simplicial
    - normal:   -0.9747 0.0004597   0.2233
    - offset: -0.06246944
    - vertices: p7082(v830) p7223(v740) p2769(v196)
    - neighboring facets: f3890 f4366 f4368
- f4368
    - flags: top simplicial
    - normal:   -0.9739 7.049e-05   0.2271
    - offset:   -0.06246
    - vertices: p7082(v830) p7223(v740) p1449(v739)
    - neighboring facets: f3892 f4366 f4367
- f4372
    - flags: top simplicial
    - normal:   -0.9955 -0.0004818  0.09447
    - offset: -0.06122144
    - vertices: p1429(v832) p3334(v609) p3555(v311)
    - neighboring facets: f3202 f4713 f4719
- f4375
    - flags: top simplicial
    - normal:    -0.991 0.0002569    0.134
    - offset: -0.06173396
    - vertices: p8180(v833) p1257(v741) p2626(v534)
    - neighboring facets: f3897 f4379 f4908
- f4377
    - flags: bottom simplicial
    - normal:   -0.9889 -7.229e-05   0.1485
    - offset: -0.06185846
    - vertices: p8180(v833) p3334(v609) p2191(v463)
    - neighboring facets: f3888 f4378 f4717
- f4378
    - flags: top simplicial
    - normal:   -0.9836 -0.0002241   0.1802
    - offset: -0.06212823
    - vertices: p8180(v833) p1449(v739) p2191(v463)
    - neighboring facets: f3888 f4377 f4379
- f4379
    - flags: bottom simplicial
    - normal:   -0.9836 -0.0002118   0.1805
    - offset: -0.06213143
    - vertices: p8180(v833) p1449(v739) p2626(v534)
    - neighboring facets: f3886 f4375 f4378
- f4380
    - flags: top simplicial
    - normal:   -0.6187  -0.6863   0.3825
    - offset: -0.0357191
    - vertices: p3709(v834) p519(v616) p2310(v475)
    - neighboring facets: f3909 f4381 f4382
- f4381
    - flags: bottom simplicial
    - normal:   -0.6097  -0.7225   0.3261
    - offset: -0.03386387
    - vertices: p3709(v834) p8248(v746) p2310(v475)
    - neighboring facets: f3917 f4380 f4382
- f4382
    - flags: top simplicial
    - normal:   -0.6336  -0.7067   0.3147
    - offset: -0.03517872
    - vertices: p3709(v834) p8248(v746) p519(v616)
    - neighboring facets: f3922 f4380 f4381
- f4383
    - flags: bottom simplicial
    - normal:   -0.6687  -0.7435 0.003214
    - offset: -0.0314946
    - vertices: p2647(v835) p5998(v619) p4840(v332)
    - neighboring facets: f3915 f4769 f4384
- f4384
    - flags: bottom simplicial
    - normal:   -0.6686  -0.7436 0.003495
    - offset: -0.03148874
    - vertices: p2647(v835) p3528(v747) p5998(v619)
    - neighboring facets: f4389 f4383 f4722
- f4389
    - flags: top simplicial
    - normal:   -0.6678  -0.7443 0.006711
    - offset: -0.03149568
    - vertices: p73(v836) p3528(v747) p5998(v619)
    - neighboring facets: f4384 f4391 f4393
- f4390
    - flags: top simplicial
    - normal:   -0.6554   -0.753    0.059
    - offset: -0.03161036
    - vertices: p73(v836) p2762(v476) p2670(v124)
    - neighboring facets: f4196 f4392 f4391
- f4391
    - flags: top simplicial
    - normal:   -0.6559  -0.7527  0.05707
    - offset: -0.03161017
    - vertices: p73(v836) p5998(v619) p2762(v476)
    - neighboring facets: f3920 f4390 f4389
- f4392
    - flags: bottom simplicial
    - normal:    -0.663  -0.7486 0.008905
    - offset: -0.03127917
    - vertices: p73(v836) p6526(v625) p2670(v124)
    - neighboring facets: f3293 f4390 f4393
- f4393
    - flags: bottom simplicial
    - normal:   -0.6653  -0.7465 0.005871
    - offset: -0.03135576
    - vertices: p73(v836) p3528(v747) p6526(v625)
    - neighboring facets: f4721 f4392 f4389
- f4398
    - flags: top simplicial
    - normal:    0.1123  -0.5823   0.8052
    - offset: -0.006996322
    - vertices: p9022(v837) p1035(v477) p1590(v121)
    - neighboring facets: f2489 f4400 f4406
- f4400
    - flags: bottom simplicial
    - normal:     0.109  -0.6303   0.7686
    - offset: -0.006534963
    - vertices: p9022(v837) p9389(v430) p1590(v121)
    - neighboring facets: f2489 f4398 f4401
- f4401
    - flags: bottom simplicial
    - normal:    0.1023  -0.7061   0.7007
    - offset: -0.005715485
    - vertices: p9022(v837) p8533(v695) p9389(v430)
    - neighboring facets: f3649 f4400 f4731
- f4402
    - flags: bottom simplicial
    - normal:  -0.05406  -0.4446   0.8941
    - offset: -0.01631712
    - vertices: p2695(v838) p8111(v749) p6708(v748)
    - neighboring facets: f4922 f4403 f4740
- f4403
    - flags: top simplicial
    - normal:   -0.1081  -0.5019   0.8581
    - offset: -0.01808862
    - vertices: p2695(v838) p9022(v837) p6708(v748)
    - neighboring facets: f4747 f4402 f4406
- f4406
    - flags: bottom simplicial
    - normal:    0.1129  -0.5709   0.8132
    - offset: -0.007106671
    - vertices: p2695(v838) p9022(v837) p1035(v477)
    - neighboring facets: f4398 f4408 f4403
- f4407
    - flags: top simplicial
    - normal:    0.1289  -0.3251   0.9369
    - offset: -0.008881367
    - vertices: p2695(v838) p7101(v326) p1282(v19)
    - neighboring facets: f3260 f4408 f4737
- f4408
    - flags: bottom simplicial
    - normal:     0.125  -0.4122   0.9025
    - offset: -0.008324544
    - vertices: p2695(v838) p1035(v477) p1282(v19)
    - neighboring facets: f3256 f4407 f4406
- f4416
    - flags: bottom simplicial
    - normal:  -0.03703  -0.2189    0.975
    - offset: -0.01896577
    - vertices: p5929(v840) p8111(v749) p861(v622)
    - neighboring facets: f3936 f4925 f4759
- f4420
    - flags: bottom simplicial
    - normal:   -0.6692  -0.7431 1.573e-05
    - offset: -0.03146995
    - vertices: p100(v841) p8667(v750) p2615(v626)
    - neighboring facets: f3950 f4766 f4429
- f4421
    - flags: top simplicial
    - normal:   -0.6691  -0.7431 0.002025
    - offset: -0.03150009
    - vertices: p100(v841) p3626(v745) p4840(v332)
    - neighboring facets: f3915 f4770 f4425
- f4424
    - flags: bottom simplicial
    - normal:   -0.6717  -0.7403  0.02894
    - offset: -0.03210988
    - vertices: p100(v841) p5998(v619) p1769(v618)
    - neighboring facets: f3921 f4426 f4425
- f4425
    - flags: bottom simplicial
    - normal:   -0.6691  -0.7431 0.004499
    - offset: -0.03154017
    - vertices: p100(v841) p3626(v745) p5998(v619)
    - neighboring facets: f3915 f4424 f4421
- f4426
    - flags: bottom simplicial
    - normal:    -0.684   -0.728  0.04655
    - offset: -0.03323634
    - vertices: p100(v841) p1769(v618) p4846(v206)
    - neighboring facets: f3923 f4427 f4424
- f4427
    - flags: bottom simplicial
    - normal:   -0.7313  -0.6817  0.02327
    - offset: -0.03610922
    - vertices: p100(v841) p4846(v206) p6895(v28)
    - neighboring facets: f1033 f4428 f4426
- f4428
    - flags: top simplicial
    - normal:   -0.6908  -0.7231 0.003509
    - offset: -0.03299618
    - vertices: p100(v841) p7690(v166) p6895(v28)
    - neighboring facets: f1417 f4427 f4429
- f4429
    - flags: top simplicial
    - normal:   -0.6752  -0.7377 0.0006801
    - offset: -0.03188785
    - vertices: p100(v841) p8667(v750) p7690(v166)
    - neighboring facets: f3951 f4428 f4420
- f4430
    - flags: bottom simplicial
    - normal:    0.9903 -0.008838  -0.1388
    - offset: -6.010909e-05
    - vertices: p7202(v842) p9294(v751) p9185(v280)
    - neighboring facets: f3957 f4433 f4776
- f4433
    - flags: top simplicial
    - normal:    0.9518  -0.2408  -0.1897
    - offset: 0.0005287206
    - vertices: p7202(v842) p5693(v580) p9185(v280)
    - neighboring facets: f3782 f4430 f4434
- f4434
    - flags: top simplicial
    - normal:    0.9342  -0.2638    -0.24
    - offset: 0.0004840814
    - vertices: p7202(v842) p1746(v755) p5693(v580)
    - neighboring facets: f3983 f4433 f4772
- f4439
    - flags: top simplicial
    - normal:    0.9919 -1.004e-05  -0.1268
    - offset: -8.818236e-05
    - vertices: p9914(v843) p9294(v751) p7245(v429)
    - neighboring facets: f3957 f4444 f4443
- f4440
    - flags: bottom simplicial
    - normal:    0.9889 0.0004068  -0.1486
    - offset: -0.0001328173
    - vertices: p4689(v844) p9294(v751) p5355(v630)
    - neighboring facets: f4775 f4442 f4443
- f4441
    - flags: bottom simplicial
    - normal:    0.9962 0.007299 -0.08682
    - offset: -0.0004170856
    - vertices: p4689(v844) p8301(v752) p1060(v126)
    - neighboring facets: f3963 f4445 f4442
- f4442
    - flags: top simplicial
    - normal:    0.9902 0.009324  -0.1396
    - offset: -0.0005788448
    - vertices: p4689(v844) p8301(v752) p5355(v630)
    - neighboring facets: f4951 f4440 f4441
- f4443
    - flags: bottom simplicial
    - normal:    0.9919 7.757e-06  -0.1269
    - offset: -8.841315e-05
    - vertices: p4689(v844) p9914(v843) p9294(v751)
    - neighboring facets: f4439 f4440 f4444
- f4444
    - flags: top simplicial
    - normal:    0.9919 7.138e-06  -0.1268
    - offset: -8.827504e-05
    - vertices: p4689(v844) p9914(v843) p7245(v429)
    - neighboring facets: f4439 f4446 f4443
- f4445
    - flags: top simplicial
    - normal:    0.9973 -4.533e-06 -0.07329
    - offset: -2.871938e-05
    - vertices: p4689(v844) p3387(v812) p1060(v126)
    - neighboring facets: f4272 f4441 f4446
- f4446
    - flags: bottom simplicial
    - normal:    0.9972 -1.178e-05 -0.07512
    - offset: -3.036504e-05
    - vertices: p4689(v844) p3387(v812) p7245(v429)
    - neighboring facets: f4273 f4444 f4445
- f4449
    - flags: top simplicial
    - normal:    0.9693   0.1885  -0.1578
    - offset: -0.01020854
    - vertices: p3459(v845) p8301(v752) p8372(v341)
    - neighboring facets: f3969 f4452 f4952
- f4450
    - flags: bottom simplicial
    - normal:    0.9207   0.1814  -0.3456
    - offset: -0.01041343
    - vertices: p3459(v845) p7044(v217) p8265(v127)
    - neighboring facets: f4006 f4451 f4950
- f4451
    - flags: top simplicial
    - normal:    0.8415   0.5034  -0.1961
    - offset: -0.02739433
    - vertices: p3459(v845) p3980(v494) p8265(v127)
    - neighboring facets: f4464 f4450 f4452
- f4452
    - flags: bottom simplicial
    - normal:    0.8385   0.5134  -0.1824
    - offset: -0.02789719
    - vertices: p3459(v845) p3980(v494) p8372(v341)
    - neighboring facets: f2599 f4449 f4451
- f4453
    - flags: bottom simplicial
    - normal:    0.9489 -1.295e-06  -0.3157
    - offset: -0.000611244
    - vertices: p9423(v846) p3119(v631) p2466(v485)
    - neighboring facets: f3975 f4454 f5064
- f4454
    - flags: top simplicial
    - normal:    0.9548 0.003234  -0.2972
    - offset: -0.0007042593
    - vertices: p9423(v846) p137(v753) p2466(v485)
    - neighboring facets: f3972 f4453 f4946
- f4456
    - flags: bottom simplicial
    - normal:    0.8892 -0.0001159  -0.4575
    - offset: -0.001319665
    - vertices: p5338(v847) p2839(v635) p4880(v629)
    - neighboring facets: f3350 f4457 f4458
- f4457
    - flags: top simplicial
    - normal:     0.889 -0.000301  -0.4579
    - offset: -0.001320391
    - vertices: p5338(v847) p307(v760) p4880(v629)
    - neighboring facets: f4003 f4456 f4458
- f4458
    - flags: bottom simplicial
    - normal:    0.8843 -7.206e-05  -0.4668
    - offset: -0.001381592
    - vertices: p5338(v847) p307(v760) p2839(v635)
    - neighboring facets: f4001 f4456 f4457
- f4459
    - flags: bottom simplicial
    - normal:    0.9023 -0.009091   -0.431
    - offset: -0.001097159
    - vertices: p8562(v848) p6277(v484) p6104(v336)
    - neighboring facets: f3320 f4461 f4460
- f4460
    - flags: bottom simplicial
    - normal:     0.901 -0.008262  -0.4337
    - offset: -0.001119046
    - vertices: p8562(v848) p307(v760) p6277(v484)
    - neighboring facets: f4003 f4459 f4463
- f4461
    - flags: top simplicial
    - normal:       0.9 -0.01401  -0.4357
    - offset: -0.001108027
    - vertices: p8562(v848) p6940(v486) p6104(v336)
    - neighboring facets: f2988 f4459 f4462
- f4462
    - flags: top simplicial
    - normal:    0.8591 -2.147e-07  -0.5119
    - offset: -0.001688111
    - vertices: p8562(v848) p7267(v490) p6940(v486)
    - neighboring facets: f4885 f4461 f4463
- f4463
    - flags: top simplicial
    - normal:    0.8591 2.694e-07  -0.5118
    - offset: -0.001687582
    - vertices: p8562(v848) p307(v760) p7267(v490)
    - neighboring facets: f4001 f4462 f4460
- f4464
    - flags: bottom simplicial
    - normal:    0.7895    0.522  -0.3228
    - offset: -0.02903754
    - vertices: p5095(v849) p3980(v494) p8265(v127)
    - neighboring facets: f4451 f4465 f4467
- f4465
    - flags: top simplicial
    - normal:    0.8014    0.453  -0.3907
    - offset: -0.02556282
    - vertices: p5095(v849) p5295(v761) p8265(v127)
    - neighboring facets: f4006 f4464 f4784
- f4467
    - flags: top simplicial
    - normal:    0.6668   0.6704  -0.3256
    - offset: -0.03744996
    - vertices: p5095(v849) p3980(v494) p8511(v219)
    - neighboring facets: f2595 f4781 f4464
- f4470
    - flags: top simplicial
    - normal:    0.5363    0.279  -0.7966
    - offset: -0.02002191
    - vertices: p8423(v850) p2720(v491) p9673(v20)
    - neighboring facets: f3366 f4472 f4471
- f4471
    - flags: top simplicial
    - normal:    0.5983   0.3978  -0.6956
    - offset: -0.0253038
    - vertices: p8423(v850) p1960(v762) p2720(v491)
    - neighboring facets: f4016 f4470 f4473
- f4472
    - flags: bottom simplicial
    - normal:    0.6416   0.1806  -0.7455
    - offset: -0.01367027
    - vertices: p8423(v850) p8716(v488) p9673(v20)
    - neighboring facets: f2559 f4470 f4473
- f4473
    - flags: bottom simplicial
    - normal:    0.6452   0.1834  -0.7417
    - offset: -0.01377239
    - vertices: p8423(v850) p1960(v762) p8716(v488)
    - neighboring facets: f4014 f4472 f4471
- f4477
    - flags: bottom simplicial
    - normal:    0.4413    0.135  -0.8871
    - offset: -0.01379268
    - vertices: p8210(v851) p7234(v638) p1645(v359)
    - neighboring facets: f3365 f4795 f4786
- f4487
    - flags: top simplicial tested
    - normal:   0.03604 -5.932e-05  -0.9994
    - offset: -0.02150825
    - center: -0.04063536666666667 0.07377579999999999 -0.022992 
    - vertices: p5961(v852) p5686(v218) p5760(v135)
    - neighboring facets: f1873 f4488 f4974
- f4488
    - flags: bottom simplicial tested
    - normal:   0.04023 -2.934e-05  -0.9992
    - offset: -0.0213371
    - center: -0.04050956666666666 0.07193293333333332 -0.02298733333333333 
    - vertices: p5961(v852) p4286(v343) p5760(v135)
    - neighboring facets: f1771 f4487 f4489
- f4489
    - flags: top simplicial tested
    - normal:    0.1017 0.0004857  -0.9948
    - offset: -0.01878307
    - center: -0.04038583333333334 0.07385939999999999 -0.02297413333333333 
    - vertices: p5961(v852) p4286(v343) p8394(v39)
    - neighboring facets: f1771 f4971 f4488
- f4491
    - flags: top simplicial
    - normal:    0.5028 -0.0002361   0.8644
    - offset: -0.005952135
    - vertices: p6196(v853) p8992(v511) p468(v375)
    - neighboring facets: f3431 f4492 f4493
- f4492
    - flags: bottom simplicial
    - normal:     0.482 5.462e-05   0.8762
    - offset: -0.006211043
    - vertices: p6196(v853) p8178(v765) p468(v375)
    - neighboring facets: f4036 f4491 f4494
- f4493
    - flags: top simplicial
    - normal:    0.5051 -0.0002548   0.8631
    - offset: -0.005924699
    - vertices: p6196(v853) p5360(v651) p8992(v511)
    - neighboring facets: f3431 f4491 f4494
- f4494
    - flags: top simplicial
    - normal:    0.5176 -0.0001189   0.8556
    - offset: -0.005780802
    - vertices: p6196(v853) p8178(v765) p5360(v651)
    - neighboring facets: f4042 f4493 f4492
- f4495
    - flags: top simplicial
    - normal:    0.5401 4.124e-05   0.8416
    - offset: -0.005518103
    - vertices: p7530(v854) p3589(v642) p2016(v244)
    - neighboring facets: f4498 f4496 f4497
- f4496
    - flags: bottom simplicial
    - normal:    0.5189 -0.0001054   0.8549
    - offset: -0.00576585
    - vertices: p7530(v854) p8178(v765) p2016(v244)
    - neighboring facets: f4042 f4495 f4497
- f4497
    - flags: top simplicial
    - normal:    0.5334 0.001644   0.8458
    - offset: -0.005679948
    - vertices: p7530(v854) p8178(v765) p3589(v642)
    - neighboring facets: f4039 f4495 f4496
- f4498
    - flags: bottom simplicial
    - normal:    0.5663 -3.116e-06   0.8242
    - offset: -0.005200404
    - vertices: p5925(v855) p3589(v642) p2016(v244)
    - neighboring facets: f4495 f4499 f4814
- f4499
    - flags: top simplicial
    - normal:    0.5681 -0.0004429    0.823
    - offset: -0.005177019
    - vertices: p5925(v855) p7716(v766) p2016(v244)
    - neighboring facets: f4047 f4498 f4815
- f4505
    - flags: bottom simplicial
    - normal:    0.5992 -0.001066   0.8006
    - offset: -0.004798077
    - vertices: p7490(v856) p7716(v766) p445(v643)
    - neighboring facets: f4043 f4818 f4816
- f4507
    - flags: bottom simplicial
    - normal:    0.6765 -2.593e-05   0.7364
    - offset: -0.003876116
    - vertices: p4314(v857) p4444(v644) p5353(v436)
    - neighboring facets: f3400 f4508 f4509
- f4508
    - flags: top simplicial
    - normal:    0.6873 2.337e-05   0.7263
    - offset: -0.003748532
    - vertices: p4314(v857) p9501(v768) p5353(v436)
    - neighboring facets: f4057 f4507 f4510
- f4509
    - flags: top simplicial
    - normal:    0.6776 0.007216   0.7354
    - offset: -0.004229491
    - vertices: p4314(v857) p4444(v644) p8586(v242)
    - neighboring facets: f3399 f4510 f4507
- f4510
    - flags: bottom simplicial
    - normal:    0.6818 0.005779   0.7315
    - offset: -0.004106069
    - vertices: p4314(v857) p9501(v768) p8586(v242)
    - neighboring facets: f4056 f4509 f4508
- f4512
    - flags: top simplicial
    - normal:    0.7589 -1.077e-08   0.6513
    - offset: -0.002890246
    - vertices: p774(v858) p701(v770) p551(v649)
    - neighboring facets: f4065 f4826 f4513
- f4513
    - flags: bottom simplicial
    - normal:    0.7554 -3.465e-05   0.6552
    - offset: -0.002930062
    - vertices: p774(v858) p701(v770) p1938(v284)
    - neighboring facets: f4066 f4515 f4512
- f4514
    - flags: bottom simplicial
    - normal:    0.7958 -0.002448   0.6056
    - offset: -0.002429029
    - vertices: p774(v858) p787(v769) p8968(v646)
    - neighboring facets: f4062 f4825 f4516
- f4515
    - flags: bottom simplicial
    - normal:    0.7917  -0.0284   0.6103
    - offset: -0.002380479
    - vertices: p774(v858) p1938(v284) p7503(v176)
    - neighboring facets: f1460 f4516 f4513
- f4516
    - flags: top simplicial
    - normal:     0.797 -0.01524   0.6038
    - offset: -0.002364719
    - vertices: p774(v858) p787(v769) p7503(v176)
    - neighboring facets: f4060 f4515 f4514
- f4518
    - flags: top simplicial
    - normal:    0.8631 5.569e-05   0.5051
    - offset: -0.001642158
    - vertices: p2416(v859) p6553(v772) p1165(v507)
    - neighboring facets: f4982 f4520 f4525
- f4519
    - flags: top simplicial
    - normal:    0.8536 4.049e-05   0.5209
    - offset: -0.001754891
    - vertices: p2416(v859) p5553(v645) p8425(v374)
    - neighboring facets: f3411 f4524 f4520
- f4520
    - flags: bottom simplicial
    - normal:    0.8586 -6.084e-06   0.5126
    - offset: -0.001692697
    - vertices: p2416(v859) p5553(v645) p1165(v507)
    - neighboring facets: f4541 f4518 f4519
- f4524
    - flags: top simplicial
    - normal:    0.8651 0.003912   0.5016
    - offset: -0.001814302
    - vertices: p5915(v860) p2416(v859) p8425(v374)
    - neighboring facets: f4519 f4991 f4525
- f4525
    - flags: bottom simplicial
    - normal:    0.8655 0.003525   0.5009
    - offset: -0.001789389
    - vertices: p5915(v860) p2416(v859) p6553(v772)
    - neighboring facets: f4518 f4983 f4524
- f4535
    - flags: bottom simplicial
    - normal:    0.9403  0.01051   0.3402
    - offset: -0.00121302
    - vertices: p9370(v861) p697(v510) p26(v82)
    - neighboring facets: f3789 f4989 f4834
- f4539
    - flags: top simplicial
    - normal:    0.9077 -2.479e-05   0.4196
    - offset: -0.00110498
    - vertices: p7313(v862) p9370(v861) p2502(v774)
    - neighboring facets: f4835 f4832 f4544
- f4540
    - flags: bottom simplicial
    - normal:    0.8704 -0.08004   0.4858
    - offset: -0.001201104
    - vertices: p7313(v862) p5553(v645) p7503(v176)
    - neighboring facets: f4060 f4545 f4541
- f4541
    - flags: top simplicial
    - normal:    0.8782 -0.004115   0.4783
    - offset: -0.001423671
    - vertices: p7313(v862) p5553(v645) p1165(v507)
    - neighboring facets: f4520 f4542 f4540
- f4542
    - flags: bottom simplicial
    - normal:     0.886 -0.00125   0.4636
    - offset: -0.001350077
    - vertices: p7313(v862) p8214(v773) p1165(v507)
    - neighboring facets: f4981 f4541 f4543
- f4543
    - flags: top simplicial
    - normal:    0.8999 -1.446e-08   0.4362
    - offset: -0.001198547
    - vertices: p7313(v862) p8214(v773) p5394(v650)
    - neighboring facets: f4827 f4544 f4542
- f4544
    - flags: bottom simplicial
    - normal:    0.8999 1.532e-08   0.4362
    - offset: -0.00119843
    - vertices: p7313(v862) p9370(v861) p5394(v650)
    - neighboring facets: f4984 f4543 f4539
- f4545
    - flags: top simplicial
    - normal:    0.8667  -0.2428   0.4357
    - offset: -0.000372153
    - vertices: p7313(v862) p3159(v584) p7503(v176)
    - neighboring facets: f3071 f4540 f4546
- f4546
    - flags: bottom simplicial
    - normal:    0.9212 -0.06219   0.3841
    - offset: -0.0006876209
    - vertices: p7313(v862) p3159(v584) p7885(v285)
    - neighboring facets: f3800 f4831 f4545
- f4547
    - flags: top simplicial
    - normal:   -0.9897 0.000273  -0.1433
    - offset: -0.06182954
    - vertices: p8753(v863) p961(v653) p7985(v515)
    - neighboring facets: f4091 f4548 f4549
- f4548
    - flags: bottom simplicial
    - normal:   -0.9897 0.0003257  -0.1431
    - offset: -0.06183027
    - vertices: p8753(v863) p9676(v777) p7985(v515)
    - neighboring facets: f4092 f4547 f4549
- f4549
    - flags: top simplicial
    - normal:   -0.9911 0.0001948  -0.1332
    - offset: -0.06172035
    - vertices: p8753(v863) p9676(v777) p961(v653)
    - neighboring facets: f4093 f4547 f4548
- f4550
    - flags: top simplicial
    - normal:     -0.47 0.0001246  -0.8827
    - offset: -0.04664769
    - vertices: p886(v864) p3950(v654) p9452(v516)
    - neighboring facets: f3445 f4551 f4552
- f4551
    - flags: bottom simplicial
    - normal:   -0.4559 -0.0001567  -0.8901
    - offset: -0.04598683
    - vertices: p886(v864) p8683(v778) p9452(v516)
    - neighboring facets: f4096 f4550 f4552
- f4552
    - flags: top simplicial
    - normal:   -0.4603 7.895e-05  -0.8877
    - offset: -0.04620741
    - vertices: p886(v864) p8683(v778) p3950(v654)
    - neighboring facets: f4554 f4550 f4551
- f4553
    - flags: bottom simplicial
    - normal:   -0.4621 0.002066  -0.8869
    - offset: -0.04643468
    - vertices: p2446(v865) p3950(v654) p7881(v130)
    - neighboring facets: f3455 f4556 f4554
- f4554
    - flags: bottom simplicial
    - normal:   -0.4557 0.000304  -0.8902
    - offset: -0.04601094
    - vertices: p2446(v865) p8683(v778) p3950(v654)
    - neighboring facets: f4552 f4553 f4555
- f4555
    - flags: top simplicial
    - normal:   -0.4115 -0.0004781  -0.9114
    - offset: -0.04391993
    - vertices: p2446(v865) p8683(v778) p4184(v655)
    - neighboring facets: f4096 f4557 f4554
- f4556
    - flags: top simplicial
    - normal:   -0.3825 1.08e-06   -0.924
    - offset: -0.04258609
    - vertices: p2446(v865) p8605(v222) p7881(v130)
    - neighboring facets: f1136 f4553 f4557
- f4557
    - flags: top simplicial
    - normal:   -0.3827 -1.652e-05  -0.9239
    - offset: -0.04259562
    - vertices: p2446(v865) p4184(v655) p8605(v222)
    - neighboring facets: f3448 f4556 f4555
- f4558
    - flags: bottom simplicial
    - normal:   -0.5145 0.0005473  -0.8575
    - offset: -0.04866055
    - vertices: p2986(v866) p7585(v656) p4496(v381)
    - neighboring facets: f3457 f4559 f4560
- f4559
    - flags: top simplicial
    - normal:    -0.562 -0.001033  -0.8271
    - offset: -0.05061516
    - vertices: p2986(v866) p1355(v779) p4496(v381)
    - neighboring facets: f5098 f4558 f4560
- f4560
    - flags: bottom simplicial
    - normal:   -0.5627 -0.0002442  -0.8266
    - offset: -0.05069484
    - vertices: p2986(v866) p1355(v779) p7585(v656)
    - neighboring facets: f4562 f4558 f4559
- f4561
    - flags: top simplicial
    - normal:   -0.6238 0.002081  -0.7816
    - offset: -0.05339691
    - vertices: p2862(v867) p7585(v656) p9611(v517)
    - neighboring facets: f3454 f4995 f4562
- f4562
    - flags: top simplicial
    - normal:   -0.5971 0.0003781  -0.8021
    - offset: -0.05218228
    - vertices: p2862(v867) p1355(v779) p7585(v656)
    - neighboring facets: f4560 f4561 f5173
- f4566
    - flags: top simplicial
    - normal:     -0.91 0.005103  -0.4147
    - offset: -0.06270222
    - vertices: p4479(v868) p7256(v389) p7466(v253)
    - neighboring facets: f2015 f4569 f4567
- f4567
    - flags: top simplicial
    - normal:   -0.8941 0.0008765  -0.4478
    - offset: -0.06211771
    - vertices: p4479(v868) p8459(v781) p7256(v389)
    - neighboring facets: f5236 f4566 f4568
- f4568
    - flags: bottom simplicial
    - normal:   -0.9128 -0.0002991  -0.4084
    - offset: -0.06234935
    - vertices: p4479(v868) p8459(v781) p616(v659)
    - neighboring facets: f5238 f4570 f4567
- f4569
    - flags: bottom simplicial
    - normal:    -0.926 0.0004546  -0.3776
    - offset: -0.06256748
    - vertices: p4479(v868) p6885(v780) p7466(v253)
    - neighboring facets: f4108 f4566 f4570
- f4570
    - flags: top simplicial
    - normal:   -0.9221 -5.741e-05  -0.3869
    - offset: -0.0624881
    - vertices: p4479(v868) p6885(v780) p616(v659)
    - neighboring facets: f4109 f4568 f4569
- f4572
    - flags: bottom simplicial
    - normal:    0.6028   0.6943  -0.3932
    - offset: -0.04310598
    - center: -0.03828386666666666 0.0836725 -0.02057516666666667 
    - vertices: p1464(v869) p6069(v782) p2720(v491)
    - neighboring facets: f4117 f4956 f4852
- f4576
    - flags: top simplicial
    - normal:   -0.3408   0.5363  -0.7722
    - offset: -0.0808405
    - vertices: p6412(v870) p1305(v666) p7218(v71)
    - neighboring facets: f4139 f4577 f4578
- f4577
    - flags: bottom simplicial
    - normal:   -0.2255   0.3606  -0.9051
    - offset: -0.06275057
    - vertices: p6412(v870) p6958(v783) p7218(v71)
    - neighboring facets: f4121 f4576 f4856
- f4578
    - flags: top simplicial
    - normal:   -0.2625   0.7856  -0.5603
    - offset: -0.0924894
    - vertices: p6412(v870) p6362(v785) p1305(v666)
    - neighboring facets: f4597 f4576 f4580
- f4580
    - flags: bottom simplicial
    - normal:   -0.1126    0.775  -0.6218
    - offset: -0.0846153
    - vertices: p6412(v870) p6362(v785) p3161(v665)
    - neighboring facets: f4590 f4855 f4578
- f4589
    - flags: bottom simplicial
    - normal:  -0.01134   0.8775  -0.4794
    - offset: -0.08461805
    - vertices: p3525(v872) p6362(v785) p8836(v526)
    - neighboring facets: f4613 f5261 f4590
- f4590
    - flags: top simplicial
    - normal:  -0.01795   0.8519  -0.5233
    - offset: -0.0837616
    - vertices: p3525(v872) p6362(v785) p3161(v665)
    - neighboring facets: f4580 f5136 f4589
- f4597
    - flags: bottom simplicial
    - normal:   -0.3102   0.8362  -0.4522
    - offset: -0.0970924
    - center: -0.05657936666666667 0.08384249999999999 -0.02085440000000001 
    - vertices: p2750(v874) p6362(v785) p1305(v666)
    - neighboring facets: f4578 f4598 f4870
- f4598
    - flags: bottom simplicial
    - normal:   -0.6414   0.6967  -0.3212
    - offset: -0.1016574
    - vertices: p2750(v874) p1305(v666) p3058(v155)
    - neighboring facets: f4141 f4600 f4597
- f4599
    - flags: top simplicial
    - normal:  -0.07886    0.995 -0.06122
    - offset: -0.08956016
    - center: -0.0566873 0.08434510000000001 -0.01904603333333333 
    - vertices: p2750(v874) p5594(v545) p6868(v527)
    - neighboring facets: f3611 f4601 f4869
- f4600
    - flags: top simplicial
    - normal:    -0.559   0.8127  -0.1643
    - offset: -0.1036377
    - vertices: p2750(v874) p7612(v251) p3058(v155)
    - neighboring facets: f1987 f4598 f4601
- f4601
    - flags: top simplicial
    - normal:   -0.4233   0.9012 -0.09268
    - offset: -0.1019384
    - vertices: p2750(v874) p6868(v527) p7612(v251)
    - neighboring facets: f2748 f4600 f4599
- f4604
    - flags: bottom simplicial tested
    - normal:   -0.9998 -0.000897  0.01818
    - offset: -0.06006925
    - center: -0.0597973 0.0203652 0.01650803333333333 
    - vertices: p5812(v875) p811(v788) p8303(v26)
    - neighboring facets: f5290 f4605 f4608
    - ridges:
- f4605
    - flags: top simplicial tested
    - normal:   -0.9998 -0.001124  0.02045
    - offset: -0.06009989
    - center: -0.05979053333333334 0.0165246 0.0166504 
    - vertices: p5812(v875) p8655(v607) p8303(v26)
    - neighboring facets: f3194 f4604 f4606
- f4606
    - flags: bottom simplicial tested
    - normal:   -0.9996 -0.0009852  0.02838
    - offset: -0.06022548
    - center: -0.05978686666666667 0.03194156666666667 0.01741083333333333 
    - vertices: p5812(v875) p8655(v607) p3555(v311)
    - neighboring facets: f3202 f4607 f4605
- f4607
    - flags: top simplicial tested
    - normal:   -0.9997  -0.0008  0.02344
    - offset: -0.06015367
    - center: -0.05979316666666667 0.0486733 0.01774503333333333 
    - vertices: p5812(v875) p7062(v672) p3555(v311)
    - neighboring facets: f3537 f4606 f4608
- f4608
    - flags: top simplicial tested
    - normal:   -0.9998 -0.0007143   0.0203
    - offset: -0.06010668
    - center: -0.05979683333333334 0.03727733333333334 0.017183 
    - vertices: p5812(v875) p811(v788) p7062(v672)
    - neighboring facets: f4146 f4607 f4604
- f4613
    - flags: top simplicial
    - normal:  -0.02295   0.9554  -0.2944
    - offset: -0.08788831
    - center: -0.0545052 0.08417176666666666 -0.02112536666666667 
    - vertices: p9995(v877) p6362(v785) p8836(v526)
    - neighboring facets: f4589 f5246 f4871
- f4622
    - flags: top simplicial
    - normal:   -0.3826    -0.41   -0.828
    - offset: -0.03328384
    - vertices: p7819(v879) p5621(v691) p5448(v549)
    - neighboring facets: f4179 f4623 f4624
- f4623
    - flags: bottom simplicial
    - normal:   -0.3922  -0.4303   -0.813
    - offset: -0.03332615
    - vertices: p7819(v879) p7752(v793) p5448(v549)
    - neighboring facets: f4873 f4622 f4624
- f4624
    - flags: top simplicial
    - normal:   -0.3289  -0.3713  -0.8683
    - offset: -0.03142779
    - vertices: p7819(v879) p7752(v793) p5621(v691)
    - neighboring facets: f4174 f4622 f4623
- f4625
    - flags: top simplicial
    - normal:   -0.5912  -0.6257  -0.5089
    - offset: -0.03703006
    - vertices: p1348(v880) p4175(v559) p995(v411)
    - neighboring facets: f4236 f4626 f4627
- f4626
    - flags: bottom simplicial
    - normal:   -0.5686  -0.6247  -0.5353
    - offset: -0.03620054
    - vertices: p1348(v880) p9222(v794) p995(v411)
    - neighboring facets: f4176 f4625 f4876
- f4627
    - flags: bottom simplicial
    - normal:   -0.6276  -0.3578  -0.6915
    - offset: -0.04554044
    - vertices: p1348(v880) p4175(v559) p5448(v549)
    - neighboring facets: f4186 f4880 f4625
- f4630
    - flags: top simplicial
    - normal:   -0.6691  -0.7432 -1.933e-05
    - offset: -0.03146639
    - vertices: p6937(v881) p8174(v796) p8670(v550)
    - neighboring facets: f4189 f4632 f4634
- f4631
    - flags: top simplicial
    - normal:   -0.6506  -0.7594 -0.009368
    - offset: -0.0306678
    - vertices: p6937(v881) p4541(v728) p108(v167)
    - neighboring facets: f3821 f4633 f4632
- f4632
    - flags: bottom simplicial
    - normal:   -0.6494  -0.7604 -0.00847
    - offset: -0.03059704
    - vertices: p6937(v881) p4541(v728) p8670(v550)
    - neighboring facets: f3825 f4630 f4631
- f4633
    - flags: bottom simplicial
    - normal:   -0.6691  -0.7432 -3.442e-05
    - offset: -0.03146733
    - vertices: p6937(v881) p62(v693) p108(v167)
    - neighboring facets: f3639 f4631 f4634
- f4634
    - flags: bottom simplicial
    - normal:   -0.6691  -0.7432 -1.922e-05
    - offset: -0.03146747
    - vertices: p6937(v881) p8174(v796) p62(v693)
    - neighboring facets: f4189 f4633 f4630
- f4636
    - flags: top simplicial
    - normal:   -0.5297  -0.7555   0.3855
    - offset: -0.03028717
    - vertices: p1718(v882) p9541(v797) p3447(v694)
    - neighboring facets: f4193 f4882 f4638
- f4637
    - flags: bottom simplicial
    - normal:   -0.4977  -0.7409   0.4509
    - offset: -0.0297692
    - vertices: p1718(v882) p2364(v839) p2871(v325)
    - neighboring facets: f5057 f4881 f4638
- f4638
    - flags: top simplicial
    - normal:   -0.4897  -0.7393   0.4622
    - offset: -0.02955504
    - vertices: p1718(v882) p2364(v839) p9541(v797)
    - neighboring facets: f4751 f4636 f4637
- f4639
    - flags: bottom simplicial
    - normal:   -0.5765  -0.7639     0.29
    - offset: -0.03111108
    - vertices: p1006(v883) p3447(v694) p6332(v617)
    - neighboring facets: f4200 f4640 f4641
- f4640
    - flags: top simplicial
    - normal:   -0.5892  -0.7651   0.2597
    - offset: -0.03127706
    - vertices: p1006(v883) p5193(v798) p6332(v617)
    - neighboring facets: f4197 f4639 f4641
- f4641
    - flags: bottom simplicial
    - normal:   -0.5794  -0.7646   0.2821
    - offset: -0.0311341
    - vertices: p1006(v883) p5193(v798) p3447(v694)
    - neighboring facets: f4194 f4639 f4640
- f4643
    - flags: top simplicial tested
    - normal:  0.000242       -1 0.0005411
    - offset: 0.0001986434
    - center: -0.01117153333333333 0.0002003323333333333 0.008116843333333333 
    - vertices: p9481(v884) p2237(v696) p9751(v552)
    - neighboring facets: f3656 f4644 f5301
    - ridges:
- f4644
    - flags: bottom simplicial tested
    - normal:  0.0003697       -1 0.0005451
    - offset: 0.0001998714
    - center: -0.007921573333333333 0.0002003323333333334 0.006218033333333334 
    - vertices: p9481(v884) p5723(v801) p9751(v552)
    - neighboring facets: f4285 f4643 f5305
    - ridges:
- f4645
    - flags: bottom simplicial
    - normal:   -0.6685  -0.7424 -0.04422
    - offset: -0.03217583
    - vertices: p5724(v885) p7758(v804) p1259(v562)
    - neighboring facets: f4219 f4646 f4647
- f4646
    - flags: top simplicial
    - normal:   -0.6685  -0.7424 -0.04313
    - offset: -0.03216034
    - vertices: p5724(v885) p3075(v806) p1259(v562)
    - neighboring facets: f4237 f4645 f4648
- f4647
    - flags: bottom simplicial
    - normal:   -0.6664  -0.7398 -0.09236
    - offset: -0.03289332
    - vertices: p5724(v885) p7979(v805) p7758(v804)
    - neighboring facets: f4231 f4645 f4648
- f4648
    - flags: bottom simplicial
    - normal:   -0.6673  -0.7393  -0.0905
    - offset: -0.03292004
    - vertices: p5724(v885) p3075(v806) p7979(v805)
    - neighboring facets: f4243 f4647 f4646
- f4649
    - flags: bottom simplicial
    - normal:   -0.6691  -0.7431 -3.55e-05
    - offset: -0.03146826
    - vertices: p9304(v886) p1214(v705) p62(v693)
    - neighboring facets: f3698 f4650 f4651
- f4650
    - flags: top simplicial
    - normal:   -0.6691  -0.7431 -3.305e-06
    - offset: -0.03146797
    - vertices: p9304(v886) p1564(v807) p62(v693)
    - neighboring facets: f4245 f4649 f4651
- f4651
    - flags: bottom simplicial
    - normal:   -0.6691  -0.7431 -3.504e-05
    - offset: -0.03146885
    - vertices: p9304(v886) p1564(v807) p1214(v705)
    - neighboring facets: f4244 f4649 f4650
- f4653
    - flags: top simplicial
    - normal:    0.8172  0.01708  -0.5761
    - offset: -0.00308683
    - vertices: p7476(v887) p6630(v636) p5947(v340)
    - neighboring facets: f3353 f4654 f4659
- f4654
    - flags: bottom simplicial
    - normal:    0.7958 -7.704e-05  -0.6056
    - offset: -0.002444514
    - vertices: p7476(v887) p4805(v709) p5947(v340)
    - neighboring facets: f3716 f4653 f4655
- f4655
    - flags: bottom simplicial
    - normal:     0.806 -3.477e-05  -0.5919
    - offset: -0.002324325
    - vertices: p7476(v887) p7122(v811) p4805(v709)
    - neighboring facets: f4270 f4654 f4660
- f4656
    - flags: top simplicial
    - normal:     0.832 -0.003942  -0.5548
    - offset: -0.001979472
    - vertices: p6018(v888) p7122(v811) p6940(v486)
    - neighboring facets: f4269 f4886 f4660
- f4658
    - flags: bottom simplicial
    - normal:    0.8448 -1.115e-05  -0.5351
    - offset: -0.001856125
    - vertices: p6018(v888) p6630(v636) p7267(v490)
    - neighboring facets: f3353 f4887 f4659
- f4659
    - flags: bottom simplicial
    - normal:    0.8161 2.585e-05  -0.5779
    - offset: -0.002202862
    - vertices: p6018(v888) p7476(v887) p6630(v636)
    - neighboring facets: f4653 f4658 f4660
- f4660
    - flags: top simplicial
    - normal:    0.8158 1.819e-05  -0.5784
    - offset: -0.002206759
    - vertices: p6018(v888) p7476(v887) p7122(v811)
    - neighboring facets: f4655 f4656 f4659
- f4663
    - flags: top simplicial
    - normal:    0.3474  -0.9058   0.2426
    - offset: 0.0002907302
    - vertices: p5466(v889) p2567(v714) p7385(v283)
    - neighboring facets: f3745 f4668 f4664
- f4664
    - flags: bottom simplicial
    - normal:    0.3124  -0.9088   0.2767
    - offset: -2.448332e-05
    - vertices: p5466(v889) p2567(v714) p6622(v713)
    - neighboring facets: f4278 f4665 f4663
- f4665
    - flags: top simplicial
    - normal:    0.1837  -0.9608   0.2076
    - offset: -0.0001156072
    - vertices: p5466(v889) p3933(v814) p6622(v713)
    - neighboring facets: f4279 f4664 f4672
- f4666
    - flags: bottom simplicial
    - normal:    0.4831  -0.8548   0.1893
    - offset: 0.0009185114
    - vertices: p6912(v890) p2180(v815) p7385(v283)
    - neighboring facets: f4286 f4668 f4667
- f4667
    - flags: top simplicial
    - normal:     0.475  -0.8646   0.1639
    - offset: 0.0009909314
    - vertices: p6912(v890) p2180(v815) p7775(v716)
    - neighboring facets: f4673 f4670 f4666
- f4668
    - flags: top simplicial
    - normal:      0.32  -0.9327   0.1664
    - offset: 0.0006099434
    - vertices: p6912(v890) p5466(v889) p7385(v283)
    - neighboring facets: f4663 f4666 f4672
- f4669
    - flags: top simplicial
    - normal:    0.3008  -0.9519  0.05837
    - offset: 0.0009492693
    - vertices: p6912(v890) p3192(v719) p3886(v434)
    - neighboring facets: f3773 f4671 f4670
- f4670
    - flags: bottom simplicial
    - normal:    0.3188   -0.946  0.05913
    - offset: 0.0009905852
    - vertices: p6912(v890) p3192(v719) p7775(v716)
    - neighboring facets: f4292 f4667 f4669
- f4671
    - flags: bottom simplicial
    - normal:    0.1912  -0.9781  0.08272
    - offset: 0.0005915758
    - vertices: p6912(v890) p3933(v814) p3886(v434)
    - neighboring facets: f4283 f4669 f4672
- f4672
    - flags: bottom simplicial
    - normal:    0.1998  -0.9757  0.09036
    - offset: 0.0005856823
    - vertices: p6912(v890) p5466(v889) p3933(v814)
    - neighboring facets: f4665 f4671 f4668
- f4673
    - flags: bottom simplicial
    - normal:    0.6018  -0.7901    0.117
    - offset: 0.001265656
    - vertices: p8631(v891) p2180(v815) p7775(v716)
    - neighboring facets: f4667 f4674 f4677
- f4674
    - flags: top simplicial
    - normal:    0.6433  -0.7615  0.07897
    - offset: 0.001401369
    - vertices: p8631(v891) p2864(v816) p7775(v716)
    - neighboring facets: f4292 f4673 f4675
- f4675
    - flags: bottom simplicial
    - normal:    0.6942  -0.7155   0.0782
    - offset: 0.001427394
    - vertices: p8631(v891) p2864(v816) p3934(v715)
    - neighboring facets: f4293 f4676 f4674
- f4676
    - flags: bottom simplicial
    - normal:    0.7585  -0.6196    0.202
    - offset: 0.001071016
    - vertices: p8631(v891) p3934(v715) p679(v577)
    - neighboring facets: f3751 f4677 f4675
- f4677
    - flags: top simplicial
    - normal:    0.6483  -0.7356   0.1966
    - offset: 0.001050825
    - vertices: p8631(v891) p2180(v815) p679(v577)
    - neighboring facets: f4286 f4676 f4673
- f4678
    - flags: bottom simplicial
    - normal:    0.8476  -0.4945   0.1923
    - offset: 0.0009597474
    - vertices: p7368(v892) p87(v817) p3934(v715)
    - neighboring facets: f4301 f4679 f4680
- f4679
    - flags: top simplicial
    - normal:    0.8205  -0.5665  0.07721
    - offset: 0.001286995
    - vertices: p7368(v892) p7791(v818) p3934(v715)
    - neighboring facets: f4303 f4678 f4680
- f4680
    - flags: bottom simplicial
    - normal:    0.9096    -0.39   0.1432
    - offset: 0.000905518
    - vertices: p7368(v892) p7791(v818) p87(v817)
    - neighboring facets: f4306 f4678 f4679
- f4681
    - flags: top simplicial
    - normal:    0.8452   -0.333   -0.418
    - offset: -0.0001941166
    - vertices: p4320(v893) p9078(v721) p4724(v174)
    - neighboring facets: f3783 f4683 f4682
- f4682
    - flags: top simplicial
    - normal:    0.8024  -0.4373  -0.4061
    - offset: -2.182706e-05
    - vertices: p4320(v893) p9371(v820) p9078(v721)
    - neighboring facets: f4316 f4681 f4684
- f4683
    - flags: bottom simplicial
    - normal:     0.666  -0.4913  -0.5613
    - offset: -0.001153553
    - vertices: p4320(v893) p1899(v442) p4724(v174)
    - neighboring facets: f2305 f4681 f4684
- f4684
    - flags: bottom simplicial
    - normal:    0.5516  -0.7175  -0.4254
    - offset: -0.0001530234
    - vertices: p4320(v893) p9371(v820) p1899(v442)
    - neighboring facets: f4315 f4683 f4682
- f4685
    - flags: top simplicial
    - normal:    0.3516  -0.9195  -0.1756
    - offset: 0.0007372102
    - vertices: p4201(v894) p7332(v586) p4042(v103)
    - neighboring facets: f3809 f4688 f4686
- f4686
    - flags: top simplicial
    - normal:    0.5351  -0.7476  -0.3935
    - offset: 2.565719e-05
    - vertices: p4201(v894) p9371(v820) p7332(v586)
    - neighboring facets: f4315 f4685 f4687
- f4687
    - flags: bottom simplicial
    - normal:    0.6803  -0.6765  -0.2819
    - offset: 0.0007511563
    - vertices: p4201(v894) p9371(v820) p4239(v819)
    - neighboring facets: f4316 f4689 f4686
- f4688
    - flags: bottom simplicial
    - normal:     0.594  -0.7942   -0.128
    - offset: 0.001340073
    - vertices: p4201(v894) p2864(v816) p4042(v103)
    - neighboring facets: f4291 f4685 f4689
- f4689
    - flags: bottom simplicial
    - normal:    0.6668  -0.7316  -0.1418
    - offset: 0.001378182
    - vertices: p4201(v894) p4239(v819) p2864(v816)
    - neighboring facets: f4312 f4688 f4687
- f4696
    - flags: top simplicial
    - normal:   -0.4585   -0.727  -0.5111
    - offset: -0.02882363
    - vertices: p1291(v896) p1958(v824) p6049(v731)
    - neighboring facets: f4335 f4697 f4700
- f4697
    - flags: bottom simplicial
    - normal:   -0.4504  -0.7234  -0.5233
    - offset: -0.0286336
    - vertices: p1291(v896) p6522(v823) p6049(v731)
    - neighboring facets: f4330 f4696 f4698
- f4698
    - flags: top simplicial
    - normal:   -0.4207  -0.7082   -0.567
    - offset: -0.02791382
    - vertices: p1291(v896) p6522(v823) p6934(v822)
    - neighboring facets: f4333 f4699 f4697
- f4699
    - flags: top simplicial
    - normal:   -0.4731  -0.7233   -0.503
    - offset: -0.0294668
    - vertices: p1291(v896) p6934(v822) p6461(v591)
    - neighboring facets: f4896 f4700 f4698
- f4700
    - flags: bottom simplicial
    - normal:   -0.4858   -0.736  -0.4715
    - offset: -0.02952043
    - vertices: p1291(v896) p1958(v824) p6461(v591)
    - neighboring facets: f4337 f4699 f4696
- f4701
    - flags: bottom simplicial
    - normal:    0.1986  -0.9486  -0.2464
    - offset: -0.0003797388
    - vertices: p4190(v897) p7358(v732) p5965(v287)
    - neighboring facets: f3845 f4702 f4703
- f4702
    - flags: top simplicial
    - normal:     0.187  -0.9494  -0.2522
    - offset: -0.000504965
    - vertices: p4190(v897) p9797(v826) p5965(v287)
    - neighboring facets: f4345 f4701 f4705
- f4703
    - flags: bottom simplicial
    - normal:    0.2784  -0.8689  -0.4093
    - offset: -0.001321239
    - vertices: p4190(v897) p5866(v733) p7358(v732)
    - neighboring facets: f3853 f4701 f4704
- f4704
    - flags: bottom simplicial
    - normal:    0.1772  -0.9081  -0.3795
    - offset: -0.001696198
    - vertices: p4190(v897) p8139(v825) p5866(v733)
    - neighboring facets: f4342 f4703 f4705
- f4705
    - flags: bottom simplicial
    - normal:    0.1664  -0.9279  -0.3336
    - offset: -0.00135639
    - vertices: p4190(v897) p9797(v826) p8139(v825)
    - neighboring facets: f4349 f4704 f4702
- f4706
    - flags: bottom simplicial
    - normal:   -0.7821 -5.22e-06   0.6232
    - offset: -0.05907386
    - vertices: p2219(v898) p3499(v736) p7399(v191)
    - neighboring facets: f3874 f4707 f4708
- f4707
    - flags: top simplicial
    - normal:   -0.7702 1.71e-05   0.6378
    - offset: -0.05868865
    - vertices: p2219(v898) p885(v828) p7399(v191)
    - neighboring facets: f4360 f4706 f4708
- f4708
    - flags: bottom simplicial
    - normal:   -0.7686 0.0003476   0.6398
    - offset: -0.05865891
    - vertices: p2219(v898) p885(v828) p3499(v736)
    - neighboring facets: f4359 f4706 f4707
- f4710
    - flags: bottom simplicial
    - normal:   -0.9423 0.0001031   0.3347
    - offset: -0.06267056
    - vertices: p4964(v899) p5209(v829) p7237(v738)
    - neighboring facets: f4365 f4712 f4904
- f4711
    - flags: top simplicial
    - normal:   -0.9306 -8.102e-06   0.3662
    - offset: -0.06258285
    - vertices: p4964(v899) p4749(v606) p9309(v115)
    - neighboring facets: f3186 f4712 f4903
- f4712
    - flags: bottom simplicial
    - normal:   -0.9441 -0.0001811   0.3296
    - offset: -0.06265782
    - vertices: p4964(v899) p7237(v738) p9309(v115)
    - neighboring facets: f3881 f4711 f4710
- f4713
    - flags: top simplicial
    - normal:   -0.9964 -0.0001812  0.08532
    - offset: -0.06112133
    - vertices: p8954(v900) p1429(v832) p3555(v311)
    - neighboring facets: f4372 f4715 f4907
- f4715
    - flags: bottom simplicial
    - normal:   -0.9988 0.0001046  0.04969
    - offset: -0.06063064
    - vertices: p8954(v900) p2643(v394) p3555(v311)
    - neighboring facets: f3537 f4713 f4716
- f4716
    - flags: bottom simplicial
    - normal:   -0.9985 0.0003206  0.05533
    - offset: -0.06073235
    - vertices: p8954(v900) p1257(v741) p2643(v394)
    - neighboring facets: f3897 f4715 f4906
- f4717
    - flags: top simplicial
    - normal:   -0.9909 7.73e-05   0.1345
    - offset: -0.06172556
    - vertices: p6008(v901) p8180(v833) p3334(v609)
    - neighboring facets: f4377 f4719 f4910
- f4719
    - flags: bottom simplicial
    - normal:   -0.9936 -6.992e-05   0.1134
    - offset: -0.06148054
    - vertices: p6008(v901) p1429(v832) p3334(v609)
    - neighboring facets: f4372 f4717 f4720
- f4720
    - flags: top simplicial
    - normal:   -0.9939 -5.022e-05   0.1104
    - offset: -0.06144762
    - vertices: p6008(v901) p1429(v832) p1257(v741)
    - neighboring facets: f4905 f4909 f4719
- f4721
    - flags: top simplicial
    - normal:   -0.6691  -0.7432 7.204e-05
    - offset: -0.03146751
    - vertices: p408(v902) p3528(v747) p6526(v625)
    - neighboring facets: f4393 f4723 f4722
- f4722
    - flags: top simplicial
    - normal:   -0.6691  -0.7432 7.921e-05
    - offset: -0.03146802
    - vertices: p408(v902) p2647(v835) p3528(v747)
    - neighboring facets: f4384 f4721 f4724
- f4723
    - flags: top simplicial
    - normal:   -0.6691  -0.7432 3.518e-05
    - offset: -0.03146782
    - vertices: p408(v902) p6526(v625) p4140(v482)
    - neighboring facets: f3292 f4724 f4721
- f4724
    - flags: bottom simplicial
    - normal:   -0.6691  -0.7432 4.127e-05
    - offset: -0.03146787
    - vertices: p408(v902) p2647(v835) p4140(v482)
    - neighboring facets: f4768 f4723 f4722
- f4730
    - flags: bottom simplicial
    - normal:   -0.1858  -0.7521   0.6323
    - offset: -0.01792648
    - vertices: p5250(v904) p9022(v837) p6305(v551)
    - neighboring facets: f4911 f4734 f4731
- f4731
    - flags: top simplicial
    - normal:   0.07876  -0.8281    0.555
    - offset: -0.00441451
    - vertices: p5250(v904) p9022(v837) p8533(v695)
    - neighboring facets: f4401 f4732 f4730
- f4732
    - flags: top simplicial
    - normal:   0.05024  -0.9321   0.3586
    - offset: -0.00265784
    - vertices: p5250(v904) p8533(v695) p9147(v574)
    - neighboring facets: f3651 f4733 f4731
- f4733
    - flags: bottom simplicial
    - normal:   0.03714  -0.9606   0.2756
    - offset: -0.001972674
    - vertices: p5250(v904) p4666(v712) p9147(v574)
    - neighboring facets: f3736 f4732 f4735
- f4734
    - flags: bottom simplicial
    - normal:  -0.05135  -0.9621   0.2678
    - offset: -0.005959527
    - vertices: p5250(v904) p6305(v551) p620(v413)
    - neighboring facets: f2881 f4735 f4730
- f4735
    - flags: top simplicial
    - normal:  -0.04052  -0.9633   0.2653
    - offset: -0.005418241
    - vertices: p5250(v904) p4666(v712) p620(v413)
    - neighboring facets: f3738 f4734 f4733
- f4736
    - flags: top simplicial
    - normal:    0.1315  -0.2619   0.9561
    - offset: -0.009225464
    - vertices: p5078(v905) p1513(v621) p7101(v326)
    - neighboring facets: f3260 f4737 f4920
- f4737
    - flags: bottom simplicial
    - normal:   0.09715  -0.3029    0.948
    - offset:  -0.010561
    - vertices: p5078(v905) p2695(v838) p7101(v326)
    - neighboring facets: f4407 f4736 f4918
- f4740
    - flags: top simplicial
    - normal:  -0.01918  -0.4092   0.9122
    - offset: -0.0150879
    - vertices: p8979(v906) p2695(v838) p8111(v749)
    - neighboring facets: f4402 f5053 f4919
- f4747
    - flags: bottom simplicial
    - normal:   -0.1698  -0.5446   0.8213
    - offset: -0.02032508
    - vertices: p9203(v907) p9022(v837) p6708(v748)
    - neighboring facets: f4403 f4923 f4748
- f4748
    - flags: bottom simplicial
    - normal:   -0.2622  -0.6098   0.7479
    - offset: -0.02339262
    - vertices: p9203(v907) p9038(v903) p9022(v837)
    - neighboring facets: f5046 f4747 f4932
- f4749
    - flags: bottom simplicial
    - normal:   -0.4533  -0.7426    0.493
    - offset: -0.02828129
    - vertices: p1251(v908) p9541(v797) p6305(v551)
    - neighboring facets: f4192 f5061 f4751
- f4751
    - flags: bottom simplicial
    - normal:   -0.4607  -0.7295   0.5055
    - offset: -0.02883335
    - vertices: p1251(v908) p2364(v839) p9541(v797)
    - neighboring facets: f4638 f4749 f5059
- f4752
    - flags: top simplicial
    - normal:   -0.3256  -0.3599   0.8743
    - offset: -0.03147023
    - vertices: p5869(v909) p5929(v840) p7393(v205)
    - neighboring facets: f4928 f4754 f4927
- f4754
    - flags: bottom simplicial
    - normal:   -0.2104 -0.09525    0.973
    - offset: -0.02983315
    - vertices: p5869(v909) p1402(v322) p7393(v205)
    - neighboring facets: f1649 f4752 f4755
- f4755
    - flags: bottom simplicial
    - normal:   -0.1355  -0.1007   0.9856
    - offset: -0.0257469
    - vertices: p5869(v909) p861(v622) p1402(v322)
    - neighboring facets: f3275 f4754 f4926
- f4758
    - flags: top simplicial
    - normal:   -0.5507  -0.6225   0.5561
    - offset: -0.03557157
    - vertices: p9256(v910) p1710(v744) p4700(v67)
    - neighboring facets: f3908 f5054 f4760
- f4759
    - flags: top simplicial
    - normal:    -0.359  -0.5133   0.7795
    - offset: -0.03004874
    - vertices: p9256(v910) p5929(v840) p8111(v749)
    - neighboring facets: f4416 f4934 f4929
- f4760
    - flags: bottom simplicial
    - normal:   -0.5521  -0.6521   0.5195
    - offset: -0.03470531
    - vertices: p9256(v910) p1710(v744) p2310(v475)
    - neighboring facets: f3909 f4939 f4758
- f4766
    - flags: bottom simplicial
    - normal:   -0.6691  -0.7431 2.166e-05
    - offset: -0.03146838
    - vertices: p7242(v911) p100(v841) p2615(v626)
    - neighboring facets: f4420 f4767 f4770
- f4767
    - flags: bottom simplicial
    - normal:   -0.6691  -0.7431 1.202e-05
    - offset: -0.03146805
    - vertices: p7242(v911) p2615(v626) p4140(v482)
    - neighboring facets: f3296 f4768 f4766
- f4768
    - flags: top simplicial
    - normal:   -0.6691  -0.7431 2.204e-05
    - offset: -0.03146804
    - vertices: p7242(v911) p2647(v835) p4140(v482)
    - neighboring facets: f4724 f4767 f4769
- f4769
    - flags: bottom simplicial
    - normal:   -0.6691  -0.7432 0.0005107
    - offset: -0.03147245
    - vertices: p7242(v911) p2647(v835) p4840(v332)
    - neighboring facets: f4383 f4770 f4768
- f4770
    - flags: top simplicial
    - normal:   -0.6691  -0.7431 0.0001211
    - offset: -0.03146968
    - vertices: p7242(v911) p100(v841) p4840(v332)
    - neighboring facets: f4421 f4769 f4766
- f4772
    - flags: bottom simplicial
    - normal:    0.9621 -0.03782    -0.27
    - offset: -0.0002670512
    - vertices: p9189(v912) p7202(v842) p1746(v755)
    - neighboring facets: f4434 f4944 f4776
- f4775
    - flags: top simplicial
    - normal:     0.983 -1.494e-05  -0.1834
    - offset: -0.0001979573
    - vertices: p9189(v912) p9294(v751) p5355(v630)
    - neighboring facets: f4440 f4947 f4776
- f4776
    - flags: top simplicial
    - normal:    0.9856 -0.005518   -0.169
    - offset: -0.0001380346
    - vertices: p9189(v912) p7202(v842) p9294(v751)
    - neighboring facets: f4430 f4775 f4772
- f4780
    - flags: bottom simplicial
    - normal:    0.6646   0.6425  -0.3815
    - offset: -0.0362165
    - vertices: p2421(v914) p2720(v491) p8511(v219)
    - neighboring facets: f4117 f4781 f4782
- f4781
    - flags: top simplicial
    - normal:    0.6657   0.6522  -0.3626
    - offset: -0.0366384
    - vertices: p2421(v914) p5095(v849) p8511(v219)
    - neighboring facets: f4467 f4780 f4784
- f4782
    - flags: bottom simplicial
    - normal:    0.6574   0.5673   -0.496
    - offset: -0.03275268
    - vertices: p2421(v914) p9485(v637) p2720(v491)
    - neighboring facets: f4016 f4780 f4783
- f4783
    - flags: bottom simplicial
    - normal:    0.7309   0.4762  -0.4888
    - offset: -0.02751398
    - vertices: p2421(v914) p5295(v761) p9485(v637)
    - neighboring facets: f4010 f4782 f4784
- f4784
    - flags: bottom simplicial
    - normal:    0.7453   0.4996  -0.4416
    - offset: -0.02849765
    - vertices: p2421(v914) p5095(v849) p5295(v761)
    - neighboring facets: f4465 f4783 f4781
- f4785
    - flags: top simplicial
    - normal:    0.4364   0.2398  -0.8672
    - offset: -0.02210836
    - vertices: p7944(v915) p7234(v638) p2720(v491)
    - neighboring facets: f3366 f4957 f4786
- f4786
    - flags: top simplicial
    - normal:    0.4359    0.239  -0.8677
    - offset: -0.02206794
    - vertices: p7944(v915) p8210(v851) p7234(v638)
    - neighboring facets: f4477 f4785 f4789
- f4789
    - flags: bottom simplicial
    - normal:    0.1745   0.3409  -0.9238
    - offset: -0.04204901
    - vertices: p7944(v915) p8210(v851) p1016(v764)
    - neighboring facets: f4968 f5070 f4786
- f4794
    - flags: bottom simplicial
    - normal:    0.3911  0.06042  -0.9184
    - offset: -0.01042946
    - vertices: p3146(v916) p1645(v359) p6066(v224)
    - neighboring facets: f1857 f4796 f4795
- f4795
    - flags: bottom simplicial
    - normal:    0.4157  0.09679  -0.9043
    - offset: -0.01208293
    - vertices: p3146(v916) p8210(v851) p1645(v359)
    - neighboring facets: f4477 f4794 f4966
- f4796
    - flags: bottom simplicial
    - normal:    0.3472 0.003989  -0.9378
    - offset: -0.008036998
    - vertices: p3146(v916) p6066(v224) p6629(v38)
    - neighboring facets: f1164 f4799 f4794
- f4797
    - flags: top simplicial
    - normal:    0.3241 -0.0004764   -0.946
    - offset: -0.008765596
    - vertices: p3146(v916) p9410(v223) p3349(v72)
    - neighboring facets: f1139 f4803 f5165
- f4799
    - flags: top simplicial
    - normal:    0.3439 3.921e-05   -0.939
    - offset: -0.007872116
    - vertices: p3146(v916) p4049(v356) p6629(v38)
    - neighboring facets: f1839 f4796 f4802
- f4802
    - flags: bottom simplicial
    - normal:    0.3439 -7.791e-06   -0.939
    - offset: -0.007870338
    - vertices: p3146(v916) p4049(v356) p7349(v75)
    - neighboring facets: f1846 f4804 f4799
- f4803
    - flags: bottom simplicial
    - normal:    0.3432 -0.0003216  -0.9392
    - offset: -0.007875583
    - vertices: p3146(v916) p4323(v229) p3349(v72)
    - neighboring facets: f1177 f4797 f4804
- f4804
    - flags: top simplicial
    - normal:    0.3435 -0.0002131  -0.9392
    - offset: -0.007873182
    - vertices: p3146(v916) p4323(v229) p7349(v75)
    - neighboring facets: f1844 f4802 f4803
- f4814
    - flags: top simplicial
    - normal:    0.5672 3.455e-06   0.8236
    - offset: -0.005190373
    - vertices: p8779(v918) p5925(v855) p3589(v642)
    - neighboring facets: f4498 f4823 f4815
- f4815
    - flags: bottom simplicial
    - normal:     0.579 -2.561e-05   0.8153
    - offset: -0.005048407
    - vertices: p8779(v918) p5925(v855) p7716(v766)
    - neighboring facets: f4499 f4816 f4814
- f4816
    - flags: top simplicial
    - normal:    0.5811 -2.647e-05   0.8139
    - offset: -0.005023268
    - vertices: p8779(v918) p7490(v856) p7716(v766)
    - neighboring facets: f4505 f4815 f4819
- f4817
    - flags: top simplicial
    - normal:     0.626 7.019e-05   0.7798
    - offset: -0.00448395
    - vertices: p4087(v919) p7903(v767) p445(v643)
    - neighboring facets: f4051 f4818 f4821
- f4818
    - flags: bottom simplicial
    - normal:    0.6081 -3.019e-05   0.7938
    - offset: -0.004698456
    - vertices: p4087(v919) p7490(v856) p445(v643)
    - neighboring facets: f4505 f4817 f4819
- f4819
    - flags: bottom simplicial
    - normal:     0.589 3.376e-05   0.8081
    - offset: -0.004929453
    - vertices: p4087(v919) p8779(v918) p7490(v856)
    - neighboring facets: f4816 f4818 f4823
- f4820
    - flags: bottom simplicial
    - normal:    0.6345 0.004231   0.7729
    - offset: -0.004593078
    - vertices: p4087(v919) p4444(v644) p5775(v505)
    - neighboring facets: f3396 f4822 f4821
- f4821
    - flags: bottom simplicial
    - normal:    0.6312 0.0006262   0.7756
    - offset: -0.004448186
    - vertices: p4087(v919) p7903(v767) p4444(v644)
    - neighboring facets: f4051 f4820 f4817
- f4822
    - flags: top simplicial
    - normal:     0.581 0.004397   0.8139
    - offset: -0.005248234
    - vertices: p4087(v919) p3589(v642) p5775(v505)
    - neighboring facets: f3387 f4820 f4823
- f4823
    - flags: top simplicial
    - normal:    0.5787 0.001245   0.8155
    - offset: -0.005112099
    - vertices: p4087(v919) p8779(v918) p3589(v642)
    - neighboring facets: f4814 f4822 f4819
- f4824
    - flags: top simplicial
    - normal:    0.7629 2.503e-05   0.6465
    - offset: -0.002842856
    - vertices: p2131(v920) p551(v649) p8968(v646)
    - neighboring facets: f4072 f4825 f4826
- f4825
    - flags: bottom simplicial
    - normal:    0.7619 -0.0001043   0.6477
    - offset: -0.002854401
    - vertices: p2131(v920) p774(v858) p8968(v646)
    - neighboring facets: f4514 f4824 f4826
- f4826
    - flags: top simplicial
    - normal:    0.7589 2.46e-07   0.6512
    - offset: -0.00288946
    - vertices: p2131(v920) p774(v858) p551(v649)
    - neighboring facets: f4512 f4824 f4825
- f4827
    - flags: bottom simplicial
    - normal:    0.8998 4.84e-08   0.4362
    - offset: -0.001198801
    - vertices: p1745(v921) p8214(v773) p5394(v650)
    - neighboring facets: f4543 f4985 f4979
- f4831
    - flags: bottom simplicial
    - normal:    0.9166 -0.001437   0.3999
    - offset: -0.0009890729
    - vertices: p9825(v922) p7313(v862) p7885(v285)
    - neighboring facets: f4546 f4833 f4832
- f4832
    - flags: top simplicial
    - normal:    0.9114 -0.0003801   0.4116
    - offset: -0.001058526
    - vertices: p9825(v922) p7313(v862) p2502(v774)
    - neighboring facets: f4539 f4835 f4831
- f4833
    - flags: top simplicial
    - normal:    0.9211 6.781e-05   0.3893
    - offset: -0.0009436921
    - vertices: p9825(v922) p697(v510) p7885(v285)
    - neighboring facets: f3801 f4831 f4834
- f4834
    - flags: top simplicial
    - normal:    0.9199 8.808e-05   0.3923
    - offset: -0.000959226
    - vertices: p9825(v922) p9370(v861) p697(v510)
    - neighboring facets: f4535 f4833 f4835
- f4835
    - flags: bottom simplicial
    - normal:    0.9174 5.916e-05   0.3979
    - offset: -0.0009889551
    - vertices: p9825(v922) p9370(v861) p2502(v774)
    - neighboring facets: f4539 f4832 f4834
- f4847
    - flags: bottom simplicial tested
    - normal:    0.1166   0.9481  -0.2959
    - offset: -0.08130681
    - center: -0.039418 0.08413766666666668 -0.0207244 
    - vertices: p6420(v924) p1464(v869) p3368(v664)
    - neighboring facets: f4955 f5241 f4852
- f4849
    - flags: bottom simplicial tested
    - normal:   0.01297   0.9996  -0.0267
    - offset: -0.08434515
    - center: -0.03989713333333333 0.08438563333333333 -0.0192614 
    - vertices: p6420(v924) p2458(v686) p1650(v346)
    - neighboring facets: f3604 f4851 f5193
- f4851
    - flags: top simplicial tested
    - normal:    0.1553   0.9855 -0.06774
    - offset: -0.0783938
    - center: -0.03868163333333333 0.08432306666666667 -0.01913416666666667 
    - vertices: p6420(v924) p6069(v782) p1650(v346)
    - neighboring facets: f4116 f4849 f4852
- f4852
    - flags: top simplicial tested
    - normal:    0.2486   0.9406  -0.2311
    - offset: -0.07419797
    - center: -0.03871246666666667 0.0842043 -0.01998816666666666 
    - vertices: p6420(v924) p1464(v869) p6069(v782)
    - neighboring facets: f4572 f4851 f4847
- f4855
    - flags: bottom simplicial
    - normal:  -0.07703   0.7228  -0.6867
    - offset: -0.0797314
    - vertices: p2979(v925) p6412(v870) p3161(v665)
    - neighboring facets: f4580 f5210 f4856
- f4856
    - flags: top simplicial
    - normal:  -0.08377   0.5929  -0.8009
    - offset: -0.07184599
    - vertices: p2979(v925) p6412(v870) p6958(v783)
    - neighboring facets: f4577 f5214 f4855
- f4864
    - flags: bottom simplicial
    - normal:  -7.13e-05    0.844  -0.5363
    - offset: -0.08242896
    - vertices: p7616(v927) p3525(v872) p5606(v784)
    - neighboring facets: f5262 f5032 f5028
- f4869
    - flags: bottom simplicial tested
    - normal:  -0.06538    0.991  -0.1168
    - offset: -0.08954863
    - center: -0.05574346666666666 0.08435480000000001 -0.0197677 
    - vertices: p1897(v928) p2750(v874) p5594(v545)
    - neighboring facets: f4599 f5147 f4870
- f4870
    - flags: top simplicial tested
    - normal:  -0.07761   0.9791  -0.1878
    - offset: -0.09064715
    - center: -0.0556019 0.0842643 -0.02037056666666667 
    - vertices: p1897(v928) p2750(v874) p6362(v785)
    - neighboring facets: f4597 f4871 f4869
- f4871
    - flags: bottom simplicial tested
    - normal:  -0.03321   0.9739  -0.2247
    - offset: -0.08853058
    - center: -0.05451073333333334 0.08424809999999999 -0.020802 
    - vertices: p1897(v928) p9995(v877) p6362(v785)
    - neighboring facets: f4613 f4870 f4872
- f4872
    - flags: top simplicial tested
    - normal:  -0.03106   0.9743  -0.2231
    - offset: -0.08841815
    - center: -0.05403070000000001 0.08433243333333333 -0.0205059 
    - vertices: p1897(v928) p9995(v877) p7468(v790)
    - neighboring facets: f5125 f5120 f4871
- f4873
    - flags: top simplicial
    - normal:   -0.4239  -0.4725  -0.7727
    - offset: -0.03391889
    - vertices: p9153(v929) p7752(v793) p5448(v549)
    - neighboring facets: f4623 f4874 f4875
- f4874
    - flags: bottom simplicial
    - normal:   -0.4588  -0.5068  -0.7299
    - offset: -0.03474194
    - vertices: p9153(v929) p2568(v878) p5448(v549)
    - neighboring facets: f4879 f4873 f4875
- f4875
    - flags: top simplicial
    - normal:   -0.4329  -0.4937  -0.7542
    - offset: -0.03387068
    - vertices: p9153(v929) p2568(v878) p7752(v793)
    - neighboring facets: f4893 f4873 f4874
- f4876
    - flags: top simplicial
    - normal:   -0.5366    -0.59  -0.6033
    - offset:  -0.035979
    - vertices: p7753(v930) p1348(v880) p9222(v794)
    - neighboring facets: f4626 f4877 f4880
- f4877
    - flags: top simplicial
    - normal:   -0.5307  -0.5895   -0.609
    - offset: -0.03574835
    - vertices: p7753(v930) p9222(v794) p9384(v690)
    - neighboring facets: f4176 f4878 f4876
- f4878
    - flags: bottom simplicial
    - normal:   -0.4988  -0.5676   -0.655
    - offset: -0.0350047
    - vertices: p7753(v930) p2568(v878) p9384(v690)
    - neighboring facets: f4892 f4877 f4879
- f4879
    - flags: top simplicial
    - normal:   -0.4925  -0.5368  -0.6851
    - offset: -0.03550838
    - vertices: p7753(v930) p2568(v878) p5448(v549)
    - neighboring facets: f4874 f4880 f4878
- f4880
    - flags: bottom simplicial
    - normal:    -0.499  -0.5398  -0.6779
    - offset: -0.03571861
    - vertices: p7753(v930) p1348(v880) p5448(v549)
    - neighboring facets: f4627 f4879 f4876
- f4881
    - flags: bottom simplicial
    - normal:   -0.5317  -0.7543   0.3851
    - offset: -0.03038373
    - vertices: p832(v931) p1718(v882) p2871(v325)
    - neighboring facets: f4637 f4883 f4882
- f4882
    - flags: top simplicial
    - normal:   -0.5344   -0.756    0.378
    - offset: -0.03040027
    - vertices: p832(v931) p1718(v882) p3447(v694)
    - neighboring facets: f4636 f4884 f4881
- f4883
    - flags: top simplicial
    - normal:   -0.5417  -0.7572    0.365
    - offset: -0.03055662
    - vertices: p832(v931) p7847(v799) p2871(v325)
    - neighboring facets: f4198 f4881 f4884
- f4884
    - flags: bottom simplicial
    - normal:   -0.5421  -0.7573   0.3641
    - offset: -0.03056393
    - vertices: p832(v931) p7847(v799) p3447(v694)
    - neighboring facets: f4200 f4882 f4883
- f4885
    - flags: bottom simplicial
    - normal:    0.8489 -5.651e-05  -0.5286
    - offset: -0.00180611
    - vertices: p9644(v932) p7267(v490) p6940(v486)
    - neighboring facets: f4462 f4886 f4887
- f4886
    - flags: top simplicial
    - normal:    0.8424 -0.001256  -0.5388
    - offset: -0.00187492
    - vertices: p9644(v932) p6018(v888) p6940(v486)
    - neighboring facets: f4656 f4885 f4887
- f4887
    - flags: bottom simplicial
    - normal:    0.8451 -1.91e-05  -0.5346
    - offset: -0.001852196
    - vertices: p9644(v932) p6018(v888) p7267(v490)
    - neighboring facets: f4658 f4885 f4886
- f4889
    - flags: top simplicial
    - normal:   -0.3105  -0.6428  -0.7003
    - offset: -0.02487306
    - vertices: p6881(v933) p405(v895) p2068(v730)
    - neighboring facets: f4899 f4891 f4894
- f4891
    - flags: top simplicial
    - normal:   -0.2755  -0.6213  -0.7335
    - offset: -0.02376347
    - vertices: p6881(v933) p2068(v730) p4986(v169)
    - neighboring facets: f4901 f5149 f4889
- f4892
    - flags: top simplicial
    - normal:   -0.4706  -0.5922  -0.6541
    - offset: -0.03317017
    - vertices: p6881(v933) p2568(v878) p9384(v690)
    - neighboring facets: f4878 f4895 f4893
- f4893
    - flags: bottom simplicial
    - normal:    -0.445  -0.5613  -0.6978
    - offset: -0.03284485
    - vertices: p6881(v933) p2568(v878) p7752(v793)
    - neighboring facets: f4875 f5039 f4892
- f4894
    - flags: bottom simplicial
    - normal:   -0.3867  -0.6783  -0.6247
    - offset: -0.02732573
    - vertices: p6881(v933) p405(v895) p6934(v822)
    - neighboring facets: f4898 f4896 f4889
- f4895
    - flags: top simplicial
    - normal:   -0.5044  -0.6904  -0.5186
    - offset: -0.03165537
    - vertices: p6881(v933) p9384(v690) p6461(v591)
    - neighboring facets: f3627 f4896 f4892
- f4896
    - flags: bottom simplicial
    - normal:   -0.4781  -0.6977  -0.5336
    - offset: -0.03044126
    - vertices: p6881(v933) p6934(v822) p6461(v591)
    - neighboring facets: f4699 f4895 f4894
- f4897
    - flags: top simplicial
    - normal:   -0.3765  -0.6844  -0.6244
    - offset: -0.02673374
    - vertices: p7191(v934) p6934(v822) p6487(v273)
    - neighboring facets: f4333 f4900 f4898
- f4898
    - flags: top simplicial
    - normal:   -0.3711  -0.6804  -0.6319
    - offset: -0.02660912
    - vertices: p7191(v934) p405(v895) p6934(v822)
    - neighboring facets: f4894 f4897 f4899
- f4899
    - flags: bottom simplicial
    - normal:   -0.3196  -0.6509  -0.6886
    - offset: -0.02508987
    - vertices: p7191(v934) p405(v895) p2068(v730)
    - neighboring facets: f4889 f4901 f4898
- f4900
    - flags: top simplicial
    - normal:   -0.3039  -0.6506  -0.6959
    - offset: -0.02441998
    - vertices: p7191(v934) p6487(v273) p4986(v169)
    - neighboring facets: f1399 f4901 f4897
- f4901
    - flags: bottom simplicial
    - normal:   -0.2923  -0.6359  -0.7142
    - offset: -0.02421192
    - vertices: p7191(v934) p2068(v730) p4986(v169)
    - neighboring facets: f4891 f4900 f4899
- f4902
    - flags: top simplicial
    - normal:   -0.9388 0.0002548   0.3444
    - offset: -0.06266382
    - vertices: p1007(v935) p5209(v829) p4749(v606)
    - neighboring facets: f4362 f4903 f4904
- f4903
    - flags: bottom simplicial
    - normal:   -0.9372 0.0001887   0.3487
    - offset: -0.06264945
    - vertices: p1007(v935) p4964(v899) p4749(v606)
    - neighboring facets: f4711 f4902 f4904
- f4904
    - flags: top simplicial
    - normal:   -0.9389 0.0002292   0.3441
    - offset: -0.06266241
    - vertices: p1007(v935) p4964(v899) p5209(v829)
    - neighboring facets: f4710 f4902 f4903
- f4905
    - flags: bottom simplicial
    - normal:   -0.9958 -9.444e-05  0.09183
    - offset: -0.06121312
    - vertices: p9317(v936) p1429(v832) p1257(v741)
    - neighboring facets: f4720 f4906 f4907
- f4906
    - flags: top simplicial
    - normal:    -0.996 -9.349e-05  0.08922
    - offset: -0.06117909
    - vertices: p9317(v936) p8954(v900) p1257(v741)
    - neighboring facets: f4716 f4905 f4907
- f4907
    - flags: bottom simplicial
    - normal:    -0.996 -0.0001039  0.08947
    - offset: -0.06118163
    - vertices: p9317(v936) p8954(v900) p1429(v832)
    - neighboring facets: f4713 f4905 f4906
- f4908
    - flags: bottom simplicial
    - normal:    -0.991 0.000255    0.134
    - offset: -0.06173348
    - vertices: p518(v937) p8180(v833) p1257(v741)
    - neighboring facets: f4375 f4909 f4910
- f4909
    - flags: top simplicial
    - normal:    -0.991 0.0002531   0.1339
    - offset: -0.06173264
    - vertices: p518(v937) p6008(v901) p1257(v741)
    - neighboring facets: f4720 f4908 f4910
- f4910
    - flags: bottom simplicial
    - normal:    -0.991 0.0002516   0.1339
    - offset: -0.06173305
    - vertices: p518(v937) p6008(v901) p8180(v833)
    - neighboring facets: f4717 f4908 f4909
- f4911
    - flags: top simplicial
    - normal:   -0.2895  -0.6698   0.6837
    - offset: -0.02359803
    - vertices: p7865(v938) p9022(v837) p6305(v551)
    - neighboring facets: f4730 f4916 f5047
- f4916
    - flags: top simplicial
    - normal:   -0.3662  -0.6787   0.6366
    - offset: -0.02645045
    - vertices: p4875(v939) p7865(v938) p6305(v551)
    - neighboring facets: f4911 f4937 f5049
- f4918
    - flags: top simplicial
    - normal:   0.08451  -0.3118   0.9464
    - offset: -0.01109472
    - vertices: p6813(v940) p5078(v905) p2695(v838)
    - neighboring facets: f4737 f4919 f4920
- f4919
    - flags: bottom simplicial
    - normal:   0.04758  -0.3467   0.9368
    - offset: -0.01255894
    - vertices: p6813(v940) p8979(v906) p2695(v838)
    - neighboring facets: f4740 f4918 f5051
- f4920
    - flags: bottom simplicial
    - normal:    0.1029  -0.2912   0.9511
    - offset: -0.01038455
    - vertices: p6813(v940) p5078(v905) p1513(v621)
    - neighboring facets: f4736 f5050 f4918
- f4922
    - flags: top simplicial
    - normal:   -0.1282  -0.5058   0.8531
    - offset: -0.01900483
    - vertices: p1800(v941) p8111(v749) p6708(v748)
    - neighboring facets: f4402 f4923 f4924
- f4923
    - flags: bottom simplicial
    - normal:   -0.1637  -0.5366   0.8278
    - offset: -0.0201793
    - vertices: p1800(v941) p9203(v907) p6708(v748)
    - neighboring facets: f4747 f4922 f4924
- f4924
    - flags: top simplicial
    - normal:   -0.1815  -0.5418   0.8207
    - offset: -0.02095504
    - vertices: p1800(v941) p9203(v907) p8111(v749)
    - neighboring facets: f4933 f4922 f4923
- f4925
    - flags: bottom simplicial
    - normal:   -0.1948  -0.2463   0.9494
    - offset: -0.02682876
    - vertices: p8440(v942) p5929(v840) p861(v622)
    - neighboring facets: f4416 f4926 f4927
- f4926
    - flags: top simplicial
    - normal:   -0.1886  -0.1892   0.9637
    - offset: -0.02734021
    - vertices: p8440(v942) p5869(v909) p861(v622)
    - neighboring facets: f4755 f4925 f4927
- f4927
    - flags: bottom simplicial
    - normal:   -0.2384  -0.2653   0.9342
    - offset: -0.02874078
    - vertices: p8440(v942) p5869(v909) p5929(v840)
    - neighboring facets: f4752 f4925 f4926
- f4928
    - flags: bottom simplicial
    - normal:   -0.3694  -0.4174   0.8303
    - offset: -0.03247999
    - vertices: p1651(v943) p5929(v840) p7393(v205)
    - neighboring facets: f4752 f4930 f4929
- f4929
    - flags: bottom simplicial
    - normal:   -0.3622  -0.5077   0.7817
    - offset: -0.03031623
    - vertices: p1651(v943) p9256(v910) p5929(v840)
    - neighboring facets: f4759 f4928 f5056
- f4930
    - flags: bottom simplicial
    - normal:   -0.4805  -0.4955   0.7236
    - offset: -0.0359435
    - vertices: p1651(v943) p7393(v205) p4700(v67)
    - neighboring facets: f1021 f5055 f4928
- f4932
    - flags: top simplicial
    - normal:   -0.3161  -0.6363   0.7037
    - offset: -0.02523301
    - vertices: p1461(v944) p9203(v907) p9038(v903)
    - neighboring facets: f4748 f4935 f4933
- f4933
    - flags: bottom simplicial
    - normal:   -0.3117  -0.6041   0.7334
    - offset: -0.02577992
    - vertices: p1461(v944) p9203(v907) p8111(v749)
    - neighboring facets: f4924 f4934 f4932
- f4934
    - flags: top simplicial
    - normal:   -0.3303  -0.5973   0.7308
    - offset: -0.02680394
    - vertices: p1461(v944) p9256(v910) p8111(v749)
    - neighboring facets: f4759 f4933 f4939
- f4935
    - flags: bottom simplicial
    - normal:   -0.3591  -0.6712   0.6485
    - offset: -0.02631628
    - vertices: p1461(v944) p4875(v939) p9038(v903)
    - neighboring facets: f5048 f4932 f4937
- f4937
    - flags: top simplicial
    - normal:   -0.3865  -0.6893   0.6128
    - offset: -0.02702442
    - vertices: p1461(v944) p4875(v939) p6305(v551)
    - neighboring facets: f4916 f5062 f4935
- f4938
    - flags: bottom simplicial
    - normal:   -0.5741  -0.7384   0.3538
    - offset: -0.03218859
    - vertices: p1461(v944) p2310(v475) p2871(v325)
    - neighboring facets: f3243 f5058 f4939
- f4939
    - flags: bottom simplicial
    - normal:    -0.545   -0.675   0.4974
    - offset: -0.03369143
    - vertices: p1461(v944) p9256(v910) p2310(v475)
    - neighboring facets: f4760 f4938 f4934
- f4942
    - flags: top simplicial
    - normal:    0.9677 -0.0001052   -0.252
    - offset: -0.0003756554
    - vertices: p7966(v945) p9189(v912) p137(v753)
    - neighboring facets: f4948 f4946 f4944
- f4943
    - flags: bottom simplicial
    - normal:    0.9616 -0.03632  -0.2722
    - offset: -0.0002810914
    - vertices: p7966(v945) p1746(v755) p3119(v631)
    - neighboring facets: f3980 f5065 f4944
- f4944
    - flags: bottom simplicial
    - normal:     0.962 -0.03702  -0.2705
    - offset: -0.0002718695
    - vertices: p7966(v945) p9189(v912) p1746(v755)
    - neighboring facets: f4772 f4943 f4942
- f4946
    - flags: bottom simplicial
    - normal:    0.9609 1.55e-06   -0.277
    - offset: -0.0004666174
    - vertices: p7966(v945) p9423(v846) p137(v753)
    - neighboring facets: f4454 f4942 f5066
- f4947
    - flags: top simplicial
    - normal:    0.9771 2.99e-05  -0.2128
    - offset: -0.0002742175
    - vertices: p3575(v946) p9189(v912) p5355(v630)
    - neighboring facets: f4775 f4951 f4948
- f4948
    - flags: bottom simplicial
    - normal:    0.9682 -7.579e-05  -0.2503
    - offset: -0.0003712343
    - vertices: p3575(v946) p9189(v912) p137(v753)
    - neighboring facets: f4942 f4949 f4947
- f4949
    - flags: bottom simplicial
    - normal:    0.9584   0.0177  -0.2847
    - offset: -0.001414717
    - vertices: p3575(v946) p137(v753) p7044(v217)
    - neighboring facets: f3972 f4950 f4948
- f4950
    - flags: top simplicial
    - normal:    0.9535  0.08768  -0.2883
    - offset: -0.005159654
    - vertices: p3575(v946) p3459(v845) p7044(v217)
    - neighboring facets: f4450 f4949 f4952
- f4951
    - flags: bottom simplicial
    - normal:    0.9892  0.01759  -0.1455
    - offset: -0.00102814
    - vertices: p3575(v946) p8301(v752) p5355(v630)
    - neighboring facets: f4442 f4947 f4952
- f4952
    - flags: bottom simplicial
    - normal:    0.9739   0.1555  -0.1653
    - offset: -0.00844428
    - vertices: p3575(v946) p3459(v845) p8301(v752)
    - neighboring facets: f4449 f4951 f4950
- f4955
    - flags: top simplicial
    - normal:    0.2197   0.8316  -0.5101
    - offset: -0.0719677
    - vertices: p2950(v947) p1464(v869) p3368(v664)
    - neighboring facets: f4847 f5157 f4956
- f4956
    - flags: bottom simplicial
    - normal:    0.3818   0.6946  -0.6097
    - offset: -0.05622916
    - vertices: p2950(v947) p1464(v869) p2720(v491)
    - neighboring facets: f4572 f4957 f4955
- f4957
    - flags: top simplicial
    - normal:    0.3715    0.669  -0.6437
    - offset: -0.05523844
    - vertices: p2950(v947) p7944(v915) p2720(v491)
    - neighboring facets: f4785 f4956 f5068
- f4966
    - flags: top simplicial
    - normal:    0.2873   0.0232  -0.9576
    - offset: -0.01237411
    - vertices: p6121(v949) p3146(v916) p8210(v851)
    - neighboring facets: f4795 f4968 f5081
- f4967
    - flags: bottom simplicial
    - normal:    0.2166 3.988e-06  -0.9763
    - offset: -0.0137304
    - vertices: p6121(v949) p9646(v354) p917(v132)
    - neighboring facets: f1828 f4970 f5080
- f4968
    - flags: top simplicial
    - normal:    0.2203  0.03463  -0.9748
    - offset: -0.01636061
    - vertices: p6121(v949) p8210(v851) p1016(v764)
    - neighboring facets: f4789 f4972 f4966
- f4969
    - flags: bottom simplicial
    - normal:    0.1591 0.0005976  -0.9873
    - offset: -0.01631795
    - vertices: p6121(v949) p1654(v225) p8394(v39)
    - neighboring facets: f1149 f4971 f4970
- f4970
    - flags: top simplicial
    - normal:    0.1852 8.308e-05  -0.9827
    - offset: -0.0151336
    - vertices: p6121(v949) p1654(v225) p917(v132)
    - neighboring facets: f1150 f4967 f4969
- f4971
    - flags: top simplicial
    - normal:    0.1273 0.001738  -0.9919
    - offset: -0.01777914
    - vertices: p6121(v949) p5961(v852) p8394(v39)
    - neighboring facets: f4489 f4969 f4972
- f4972
    - flags: bottom simplicial
    - normal:    0.1275 0.002769  -0.9918
    - offset: -0.01785317
    - vertices: p6121(v949) p5961(v852) p1016(v764)
    - neighboring facets: f5024 f4968 f4971
- f4974
    - flags: bottom simplicial tested
    - normal:  0.004562 0.001216       -1
    - offset: -0.02290394
    - center: -0.04117736666666667 0.0783195 -0.02299683333333333 
    - vertices: p9684(v950) p5961(v852) p5686(v218)
    - neighboring facets: f4487 f5316 f4975
    - ridges:
- f4975
    - flags: bottom simplicial tested
    - normal:  0.002848 0.002432       -1
    - offset: -0.02307244
    - center: -0.04222366666666667 0.08061053333333333 -0.02299683333333333 
    - vertices: p9684(v950) p2909(v917) p5961(v852)
    - neighboring facets: f5025 f4974 f5317
    - ridges:
- f4977
    - flags: bottom simplicial tested
    - normal:  -0.003055  0.03086  -0.9995
    - offset: -0.02565066
    - center: -0.05322473333333333 0.08124313333333333 -0.02299233333333333 
    - vertices: p5241(v951) p705(v640) p2260(v497)
    - neighboring facets: f3378 f5086 f5312
    - ridges:
- f4979
    - flags: top simplicial
    - normal:    0.8908 -3.905e-05   0.4545
    - offset: -0.001304425
    - vertices: p5728(v952) p1745(v921) p8214(v773)
    - neighboring facets: f4827 f4981 f4980
- f4980
    - flags: bottom simplicial
    - normal:    0.8907 1.556e-05   0.4545
    - offset: -0.001307422
    - vertices: p5728(v952) p1745(v921) p5915(v860)
    - neighboring facets: f4986 f4983 f4979
- f4981
    - flags: top simplicial
    - normal:    0.8876 -0.0001169   0.4606
    - offset: -0.001339327
    - vertices: p5728(v952) p8214(v773) p1165(v507)
    - neighboring facets: f4542 f4982 f4979
- f4982
    - flags: bottom simplicial
    - normal:    0.8804 -1.076e-05   0.4743
    - offset: -0.001432639
    - vertices: p5728(v952) p6553(v772) p1165(v507)
    - neighboring facets: f4518 f4981 f4983
- f4983
    - flags: bottom simplicial
    - normal:    0.8804 -2.707e-06   0.4743
    - offset: -0.001433087
    - vertices: p5728(v952) p5915(v860) p6553(v772)
    - neighboring facets: f4525 f4982 f4980
- f4984
    - flags: top simplicial
    - normal:    0.8999 8.031e-07   0.4362
    - offset: -0.001198544
    - vertices: p6423(v953) p9370(v861) p5394(v650)
    - neighboring facets: f4544 f4985 f4989
- f4985
    - flags: bottom simplicial
    - normal:    0.8998 4.495e-07   0.4362
    - offset: -0.001198797
    - vertices: p6423(v953) p1745(v921) p5394(v650)
    - neighboring facets: f4827 f4984 f4986
- f4986
    - flags: top simplicial
    - normal:    0.8922  0.00103   0.4517
    - offset: -0.001342665
    - vertices: p6423(v953) p1745(v921) p5915(v860)
    - neighboring facets: f4980 f4991 f4985
- f4987
    - flags: top simplicial
    - normal:    0.8883   0.1638    0.429
    - offset: -0.009857103
    - vertices: p6423(v953) p4508(v508) p443(v144)
    - neighboring facets: f2665 f4988 f4990
- f4988
    - flags: top simplicial
    - normal:    0.9484   0.1421   0.2835
    - offset: -0.007883203
    - vertices: p6423(v953) p443(v144) p26(v82)
    - neighboring facets: f718 f4989 f4987
- f4989
    - flags: bottom simplicial
    - normal:    0.9402  0.01212   0.3404
    - offset: -0.001297206
    - vertices: p6423(v953) p9370(v861) p26(v82)
    - neighboring facets: f4535 f4988 f4984
- f4990
    - flags: bottom simplicial
    - normal:    0.8715  0.08356   0.4833
    - offset: -0.005904864
    - vertices: p6423(v953) p4508(v508) p8425(v374)
    - neighboring facets: f3420 f4991 f4987
- f4991
    - flags: top simplicial
    - normal:    0.8743  0.03114   0.4844
    - offset: -0.003129232
    - vertices: p6423(v953) p5915(v860) p8425(v374)
    - neighboring facets: f4524 f4990 f4986
- f4995
    - flags: top simplicial
    - normal:   -0.6537 0.0006082  -0.7568
    - offset: -0.05448346
    - vertices: p9775(v955) p2862(v867) p9611(v517)
    - neighboring facets: f4561 f5094 f5174
- f5022
    - flags: bottom simplicial
    - normal:    0.0198   0.2981  -0.9543
    - offset: -0.04543416
    - vertices: p5914(v958) p4532(v948) p1016(v764)
    - neighboring facets: f5071 f5024 f5132
- f5024
    - flags: top simplicial
    - normal:   0.01449    0.169  -0.9855
    - offset: -0.03580389
    - vertices: p5914(v958) p5961(v852) p1016(v764)
    - neighboring facets: f4972 f5022 f5025
- f5025
    - flags: top simplicial
    - normal:  0.005535   0.1038  -0.9946
    - offset: -0.03107808
    - center: -0.04331866666666667 0.0815399 -0.02297983333333333 
    - vertices: p5914(v958) p2909(v917) p5961(v852)
    - neighboring facets: f4975 f5024 f5169
- f5028
    - flags: top simplicial
    - normal:  -0.0001465    0.843  -0.5379
    - offset: -0.08238413
    - vertices: p7447(v959) p7616(v927) p3525(v872)
    - neighboring facets: f4864 f5137 f5135
- f5029
    - flags: bottom simplicial
    - normal:  2.04e-06   0.7931  -0.6091
    - offset: -0.07973537
    - vertices: p6572(v960) p210(v873) p3161(v665)
    - neighboring facets: f5153 f5133 f5204
- f5032
    - flags: bottom simplicial
    - normal:  1.83e-05   0.8433  -0.5375
    - offset:  -0.082388
    - vertices: p6475(v961) p7616(v927) p5606(v784)
    - neighboring facets: f4864 f5143 f5141
- f5038
    - flags: top simplicial tested
    - normal:  -0.0007139   0.9999 -0.01361
    - offset: -0.08469738
    - center: -0.05186443333333334 0.08439719999999999 -0.01991533333333333 
    - vertices: p226(v962) p1897(v928) p7414(v876)
    - neighboring facets: f5124 f5328 f5148
    - ridges:
- f5039
    - flags: bottom simplicial
    - normal:   -0.3513  -0.5303  -0.7715
    - offset: -0.02937087
    - vertices: p5009(v963) p6881(v933) p7752(v793)
    - neighboring facets: f4893 f5041 f5151
- f5040
    - flags: top simplicial
    - normal:    -0.118  -0.2199  -0.9684
    - offset: -0.02312428
    - vertices: p5009(v963) p5428(v170) p6879(v108)
    - neighboring facets: f838 f5041 f5044
- f5041
    - flags: bottom simplicial
    - normal:   -0.2078  -0.2666  -0.9411
    - offset: -0.02708874
    - vertices: p5009(v963) p7752(v793) p6879(v108)
    - neighboring facets: f4174 f5040 f5039
- f5043
    - flags: bottom simplicial
    - normal:    -0.201  -0.5643  -0.8007
    - offset: -0.0214555
    - vertices: p5009(v963) p6261(v698) p4986(v169)
    - neighboring facets: f3661 f5150 f5045
- f5044
    - flags: top simplicial
    - normal:   -0.1698  -0.5403  -0.8242
    - offset: -0.02041613
    - vertices: p5009(v963) p7893(v553) p5428(v170)
    - neighboring facets: f2896 f5040 f5045
- f5045
    - flags: top simplicial
    - normal:   -0.1832  -0.5508  -0.8143
    - offset: -0.02086438
    - vertices: p5009(v963) p6261(v698) p7893(v553)
    - neighboring facets: f3661 f5044 f5043
- f5046
    - flags: top simplicial
    - normal:   -0.2762  -0.6212   0.7334
    - offset: -0.02379955
    - vertices: p3843(v964) p9038(v903) p9022(v837)
    - neighboring facets: f4748 f5047 f5048
- f5047
    - flags: bottom simplicial
    - normal:   -0.2802  -0.6269    0.727
    - offset: -0.02388143
    - vertices: p3843(v964) p7865(v938) p9022(v837)
    - neighboring facets: f4911 f5046 f5049
- f5048
    - flags: top simplicial
    - normal:    -0.352  -0.6686   0.6551
    - offset: -0.02607985
    - vertices: p3843(v964) p4875(v939) p9038(v903)
    - neighboring facets: f4935 f5046 f5049
- f5049
    - flags: bottom simplicial
    - normal:   -0.3533  -0.6696   0.6533
    - offset: -0.02611289
    - vertices: p3843(v964) p4875(v939) p7865(v938)
    - neighboring facets: f4916 f5047 f5048
- f5050
    - flags: bottom simplicial
    - normal:   0.09106  -0.3021   0.9489
    - offset: -0.01086967
    - vertices: p5910(v965) p6813(v940) p1513(v621)
    - neighboring facets: f4920 f5052 f5051
- f5051
    - flags: top simplicial
    - normal:   0.04944  -0.3447   0.9374
    - offset: -0.01248857
    - vertices: p5910(v965) p6813(v940) p8979(v906)
    - neighboring facets: f4919 f5053 f5050
- f5052
    - flags: top simplicial
    - normal:   0.01943  -0.3466   0.9378
    - offset: -0.01404315
    - vertices: p5910(v965) p8111(v749) p1513(v621)
    - neighboring facets: f3935 f5050 f5053
- f5053
    - flags: top simplicial
    - normal:   -0.0119  -0.3992   0.9168
    - offset: -0.01487046
    - vertices: p5910(v965) p8979(v906) p8111(v749)
    - neighboring facets: f4740 f5052 f5051
- f5054
    - flags: top simplicial
    - normal:   -0.5162  -0.5632   0.6453
    - offset: -0.03584354
    - vertices: p3615(v966) p9256(v910) p4700(v67)
    - neighboring facets: f4758 f5055 f5056
- f5055
    - flags: bottom simplicial
    - normal:    -0.493  -0.5243   0.6942
    - offset: -0.03581742
    - vertices: p3615(v966) p1651(v943) p4700(v67)
    - neighboring facets: f4930 f5054 f5056
- f5056
    - flags: top simplicial
    - normal:   -0.4522  -0.5225   0.7228
    - offset: -0.03409715
    - vertices: p3615(v966) p1651(v943) p9256(v910)
    - neighboring facets: f4929 f5054 f5055
- f5057
    - flags: top simplicial
    - normal:   -0.4977  -0.7405   0.4516
    - offset: -0.02977898
    - vertices: p7341(v967) p2364(v839) p2871(v325)
    - neighboring facets: f4637 f5058 f5059
- f5058
    - flags: bottom simplicial
    - normal:   -0.5183  -0.7408   0.4272
    - offset: -0.0304607
    - vertices: p7341(v967) p1461(v944) p2871(v325)
    - neighboring facets: f4938 f5057 f5060
- f5059
    - flags: top simplicial
    - normal:   -0.4412  -0.7194   0.5365
    - offset: -0.02840086
    - vertices: p7341(v967) p1251(v908) p2364(v839)
    - neighboring facets: f4751 f5057 f5060
- f5060
    - flags: top simplicial
    - normal:   -0.4227  -0.7098   0.5635
    - offset: -0.02794824
    - vertices: p7341(v967) p1461(v944) p1251(v908)
    - neighboring facets: f5063 f5059 f5058
- f5061
    - flags: bottom simplicial
    - normal:   -0.4143  -0.7054   0.5752
    - offset: -0.0277364
    - vertices: p470(v968) p1251(v908) p6305(v551)
    - neighboring facets: f4749 f5062 f5063
- f5062
    - flags: top simplicial
    - normal:   -0.4093  -0.7026    0.582
    - offset: -0.02761333
    - vertices: p470(v968) p1461(v944) p6305(v551)
    - neighboring facets: f4937 f5061 f5063
- f5063
    - flags: bottom simplicial
    - normal:   -0.4145  -0.7055   0.5748
    - offset: -0.02774321
    - vertices: p470(v968) p1461(v944) p1251(v908)
    - neighboring facets: f5060 f5061 f5062
- f5064
    - flags: top simplicial
    - normal:    0.9511 -4.343e-05  -0.3089
    - offset: -0.0005834292
    - vertices: p1509(v969) p9423(v846) p3119(v631)
    - neighboring facets: f4453 f5065 f5066
- f5065
    - flags: bottom simplicial
    - normal:    0.9522 -0.0007299  -0.3054
    - offset: -0.0005666041
    - vertices: p1509(v969) p7966(v945) p3119(v631)
    - neighboring facets: f4943 f5064 f5066
- f5066
    - flags: top simplicial
    - normal:      0.96 -5.146e-06  -0.2801
    - offset: -0.0004779514
    - vertices: p1509(v969) p7966(v945) p9423(v846)
    - neighboring facets: f4946 f5064 f5065
- f5068
    - flags: bottom simplicial
    - normal:    0.1246   0.6037  -0.7874
    - offset: -0.06274687
    - vertices: p9981(v970) p2950(v947) p7944(v915)
    - neighboring facets: f4957 f5070 f5155
- f5070
    - flags: bottom simplicial
    - normal:   0.09078   0.3841  -0.9188
    - offset: -0.04880999
    - vertices: p9981(v970) p7944(v915) p1016(v764)
    - neighboring facets: f4789 f5071 f5068
- f5071
    - flags: top simplicial
    - normal:   0.02677   0.3424  -0.9392
    - offset: -0.04842798
    - vertices: p9981(v970) p4532(v948) p1016(v764)
    - neighboring facets: f5022 f5070 f5158
- f5074
    - flags: top simplicial
    - normal:  -0.001043   0.3369  -0.9415
    - offset: -0.04929637
    - center: -0.05108013333333333 0.08236066666666668 -0.02283243333333333 
    - vertices: p3189(v971) p6913(v926) p5994(v871)
    - neighboring facets: f5129 f5075 f5090
- f5075
    - flags: bottom simplicial
    - normal:  -0.0005152   0.3418  -0.9398
    - offset: -0.04963357
    - vertices: p3189(v971) p4532(v948) p5994(v871)
    - neighboring facets: f5131 f5074 f5159
- f5076
    - flags: top simplicial
    - normal:  -0.03122   0.2729  -0.9615
    - offset: -0.04607148
    - center: -0.054484 0.08235033333333334 -0.02277136666666667 
    - vertices: p3189(v971) p6958(v783) p2260(v497)
    - neighboring facets: f4121 f5089 f5212
- f5080
    - flags: top simplicial
    - normal:    0.2496 0.0006206  -0.9684
    - offset: -0.01228844
    - vertices: p5045(v972) p6121(v949) p9646(v354)
    - neighboring facets: f4967 f5082 f5081
- f5081
    - flags: bottom simplicial
    - normal:    0.2737 0.002434  -0.9618
    - offset: -0.01132591
    - vertices: p5045(v972) p6121(v949) p3146(v916)
    - neighboring facets: f4966 f5217 f5080
- f5082
    - flags: top simplicial
    - normal:     0.267 0.0003508  -0.9637
    - offset: -0.01147502
    - vertices: p5045(v972) p9646(v354) p2437(v6)
    - neighboring facets: f1828 f5164 f5080
- f5086
    - flags: bottom simplicial tested
    - normal:  -0.002281  0.04277  -0.9991
    - offset: -0.02656973
    - center: -0.05273673333333333 0.08152476666666668 -0.0229835 
    - vertices: p2304(v973) p5241(v951) p2260(v497)
    - neighboring facets: f4977 f5089 f5168
- f5088
    - flags: top simplicial tested
    - normal:  -0.001263   0.1945  -0.9809
    - offset: -0.0385099
    - center: -0.04959313333333334 0.08197123333333334 -0.02293843333333333 
    - vertices: p2304(v973) p5914(v958) p6913(v926)
    - neighboring facets: f5130 f5090 f5170
- f5089
    - flags: top simplicial tested
    - normal:   -0.0198    0.254   -0.967
    - offset: -0.04402224
    - center: -0.05360563333333333 0.08198936666666667 -0.02289286666666667 
    - vertices: p2304(v973) p3189(v971) p2260(v497)
    - neighboring facets: f5076 f5086 f5090
- f5090
    - flags: bottom simplicial tested
    - normal:  -0.01969   0.2541   -0.967
    - offset: -0.04402396
    - center: -0.05221163333333333 0.08220466666666666 -0.0228648 
    - vertices: p2304(v973) p3189(v971) p6913(v926)
    - neighboring facets: f5074 f5088 f5089
- f5093
    - flags: bottom simplicial
    - normal:   -0.6749 3.373e-05  -0.7379
    - offset: -0.05526306
    - vertices: p3691(v974) p8912(v657) p9611(v517)
    - neighboring facets: f3459 f5094 f5226
- f5094
    - flags: top simplicial
    - normal:   -0.6743 3.468e-05  -0.7384
    - offset: -0.05524214
    - vertices: p3691(v974) p9775(v955) p9611(v517)
    - neighboring facets: f4995 f5093 f5172
- f5095
    - flags: bottom simplicial
    - normal:   -0.6703 -0.03452  -0.7413
    - offset: -0.05299184
    - vertices: p3691(v974) p1191(v185) p609(v109)
    - neighboring facets: f4184 f5096 f5099
- f5096
    - flags: bottom simplicial
    - normal:   -0.7424  -0.0293  -0.6694
    - offset: -0.05593907
    - vertices: p3691(v974) p609(v109) p7846(v58)
    - neighboring facets: f4183 f5183 f5095
- f5098
    - flags: bottom simplicial
    - normal:   -0.5886 -0.009372  -0.8084
    - offset: -0.05120338
    - vertices: p3691(v974) p1355(v779) p4496(v381)
    - neighboring facets: f4559 f5100 f5171
- f5099
    - flags: bottom simplicial
    - normal:   -0.5427 -0.04087  -0.8389
    - offset: -0.0472999
    - vertices: p3691(v974) p2714(v518) p1191(v185)
    - neighboring facets: f2703 f5095 f5100
- f5100
    - flags: top simplicial
    - normal:   -0.5445 -0.03845  -0.8379
    - offset: -0.04752625
    - vertices: p3691(v974) p2714(v518) p4496(v381)
    - neighboring facets: f2702 f5098 f5099
- f5101
    - flags: top simplicial
    - normal:    -0.767 0.001697  -0.6417
    - offset: -0.05870282
    - vertices: p7685(v975) p1727(v250) p7745(v154)
    - neighboring facets: f1957 f5176 f5103
- f5103
    - flags: bottom simplicial
    - normal:   -0.7375 1.734e-05  -0.6753
    - offset: -0.05756871
    - vertices: p7685(v975) p1727(v250) p5935(v247)
    - neighboring facets: f3458 f5223 f5101
- f5107
    - flags: bottom simplicial
    - normal:   -0.8324 0.0004284  -0.5542
    - offset: -0.06061461
    - vertices: p7232(v976) p2545(v658) p7745(v154)
    - neighboring facets: f3464 f5108 f5232
- f5108
    - flags: top simplicial
    - normal:   -0.8127 -8.051e-05  -0.5827
    - offset: -0.06001371
    - vertices: p7232(v976) p7699(v956) p7745(v154)
    - neighboring facets: f5175 f5107 f5191
- f5117
    - flags: top simplicial tested
    - normal:  0.005808   0.9964 -0.08436
    - offset: -0.08551221
    - center: -0.04405220000000001 0.08437726666666666 -0.02006876666666667 
    - vertices: p8445(v977) p80(v957) p6420(v924)
    - neighboring facets: f5201 f5194 f5122
- f5120
    - flags: top simplicial tested
    - normal:  0.0002669   0.9968 -0.08048
    - offset: -0.08572845
    - center: -0.05244313333333334 0.08438376666666667 -0.02028283333333333 
    - vertices: p8997(v978) p1897(v928) p7468(v790)
    - neighboring facets: f4872 f5121 f5124
- f5121
    - flags: bottom simplicial tested
    - normal:  4.186e-06   0.9914  -0.1306
    - offset: -0.08631165
    - center: -0.0502454 0.08437753333333334 -0.02034560000000001 
    - vertices: p8997(v978) p80(v957) p7468(v790)
    - neighboring facets: f5195 f5120 f5122
- f5122
    - flags: bottom simplicial tested
    - normal:  0.002215   0.9979 -0.06491
    - offset: -0.08541178
    - center: -0.04731086666666667 0.08438369999999999 -0.02019683333333333 
    - vertices: p8997(v978) p8445(v977) p80(v957)
    - neighboring facets: f5117 f5121 f5123
- f5123
    - flags: top simplicial tested
    - normal:  0.001033   0.9985 -0.05494
    - offset: -0.08531751
    - center: -0.04730856666666667 0.08439273333333333 -0.02004373333333333 
    - vertices: p8997(v978) p8445(v977) p7414(v876)
    - neighboring facets: f5329 f5124 f5122
    - ridges:
- f5124
    - flags: bottom simplicial tested
    - normal:  0.0009784   0.9985 -0.05478
    - offset: -0.08531771
    - center: -0.05043253333333333 0.08438993333333333 -0.02015143333333333 
    - vertices: p8997(v978) p1897(v928) p7414(v876)
    - neighboring facets: f5038 f5123 f5120
- f5125
    - flags: bottom simplicial
    - normal:  -0.02605   0.9745  -0.2228
    - offset: -0.08816071
    - vertices: p7892(v979) p9995(v877) p7468(v790)
    - neighboring facets: f4872 f5196 f5263
- f5129
    - flags: bottom simplicial
    - normal:  0.0009849   0.2663  -0.9639
    - offset: -0.04390365
    - vertices: p7193(v980) p6913(v926) p5994(v871)
    - neighboring facets: f5074 f5131 f5130
- f5130
    - flags: bottom simplicial
    - normal:  -0.0003702   0.2139  -0.9768
    - offset: -0.03996506
    - vertices: p7193(v980) p5914(v958) p6913(v926)
    - neighboring facets: f5088 f5129 f5132
- f5131
    - flags: top simplicial
    - normal:  0.003475   0.3047  -0.9524
    - offset: -0.04668074
    - vertices: p7193(v980) p4532(v948) p5994(v871)
    - neighboring facets: f5075 f5129 f5132
- f5132
    - flags: top simplicial
    - normal:   0.01346   0.2954  -0.9553
    - offset: -0.04551568
    - vertices: p7193(v980) p5914(v958) p4532(v948)
    - neighboring facets: f5022 f5131 f5130
- f5133
    - flags: bottom simplicial
    - normal:  -4.94e-06   0.7934  -0.6087
    - offset: -0.0797533
    - vertices: p1954(v981) p6572(v960) p3161(v665)
    - neighboring facets: f5029 f5136 f5134
- f5134
    - flags: top simplicial
    - normal:  -1.756e-05   0.7964  -0.6047
    - offset: -0.07992193
    - vertices: p1954(v981) p6572(v960) p7616(v927)
    - neighboring facets: f5139 f5135 f5133
- f5135
    - flags: bottom simplicial
    - normal:  -0.0008561   0.8237   -0.567
    - offset: -0.08143038
    - vertices: p1954(v981) p7447(v959) p7616(v927)
    - neighboring facets: f5028 f5134 f5137
- f5136
    - flags: top simplicial
    - normal:  -0.01548   0.8482  -0.5295
    - offset: -0.08344737
    - vertices: p1954(v981) p3525(v872) p3161(v665)
    - neighboring facets: f4590 f5133 f5137
- f5137
    - flags: top simplicial
    - normal:  -0.001118   0.8308  -0.5566
    - offset: -0.08180915
    - vertices: p1954(v981) p7447(v959) p3525(v872)
    - neighboring facets: f5028 f5136 f5135
- f5139
    - flags: bottom simplicial
    - normal:  7.807e-05   0.7962   -0.605
    - offset: -0.07990439
    - vertices: p421(v982) p6572(v960) p7616(v927)
    - neighboring facets: f5134 f5141 f5205
- f5141
    - flags: top simplicial
    - normal:  0.0003884   0.7988  -0.6016
    - offset: -0.08003531
    - vertices: p421(v982) p6475(v961) p7616(v927)
    - neighboring facets: f5032 f5139 f5207
- f5142
    - flags: bottom simplicial
    - normal:  0.008818   0.8928  -0.4505
    - offset: -0.08428986
    - vertices: p8312(v983) p5606(v784) p3368(v664)
    - neighboring facets: f5240 f5144 f5143
- f5143
    - flags: bottom simplicial
    - normal:  0.0001015   0.8432  -0.5376
    - offset: -0.0823819
    - vertices: p8312(v983) p6475(v961) p5606(v784)
    - neighboring facets: f5032 f5142 f5145
- f5144
    - flags: top simplicial
    - normal:   0.01585   0.8268  -0.5623
    - offset: -0.0808574
    - vertices: p8312(v983) p210(v873) p3368(v664)
    - neighboring facets: f5156 f5142 f5145
- f5145
    - flags: top simplicial
    - normal:   0.01244   0.8245  -0.5657
    - offset: -0.08088823
    - vertices: p8312(v983) p6475(v961) p210(v873)
    - neighboring facets: f5206 f5144 f5143
- f5147
    - flags: bottom simplicial tested
    - normal:  -0.001437   0.9999 -0.01288
    - offset: -0.08472274
    - center: -0.0551734 0.08439720000000001 -0.01967416666666667 
    - vertices: p2870(v984) p1897(v928) p5594(v545)
    - neighboring facets: f4869 f5327 f5148
    - ridges:
- f5148
    - flags: bottom simplicial tested
    - normal:  -0.001226   0.9999 -0.01261
    - offset: -0.08470625
    - center: -0.0543787 0.08439720000000002 -0.01975313333333333 
    - vertices: p2870(v984) p226(v962) p1897(v928)
    - neighboring facets: f5038 f5147 f5330
    - ridges:
- f5149
    - flags: top simplicial
    - normal:   -0.2715  -0.6182  -0.7377
    - offset: -0.02364795
    - vertices: p1161(v985) p6881(v933) p4986(v169)
    - neighboring facets: f4891 f5150 f5151
- f5150
    - flags: bottom simplicial
    - normal:   -0.2145  -0.5741  -0.7902
    - offset: -0.02190085
    - vertices: p1161(v985) p5009(v963) p4986(v169)
    - neighboring facets: f5043 f5149 f5151
- f5151
    - flags: top simplicial
    - normal:   -0.2457  -0.5843  -0.7735
    - offset: -0.02319323
    - vertices: p1161(v985) p5009(v963) p6881(v933)
    - neighboring facets: f5039 f5149 f5150
- f5153
    - flags: top simplicial
    - normal:  -0.0003585   0.7382  -0.6746
    - offset: -0.07659446
    - vertices: p8404(v986) p210(v873) p3161(v665)
    - neighboring facets: f5029 f5211 f5156
- f5155
    - flags: top simplicial
    - normal:    0.0568   0.6985  -0.7133
    - offset: -0.07175985
    - vertices: p8404(v986) p9981(v970) p2950(v947)
    - neighboring facets: f5068 f5157 f5209
- f5156
    - flags: bottom simplicial
    - normal:   0.02873   0.7982  -0.6017
    - offset: -0.07878477
    - vertices: p8404(v986) p210(v873) p3368(v664)
    - neighboring facets: f5144 f5157 f5153
- f5157
    - flags: top simplicial
    - normal:   0.03386   0.7928  -0.6086
    - offset: -0.07826965
    - vertices: p8404(v986) p2950(v947) p3368(v664)
    - neighboring facets: f4955 f5156 f5155
- f5158
    - flags: bottom simplicial
    - normal:   0.00229   0.4841   -0.875
    - offset: -0.05978383
    - vertices: p4912(v987) p9981(v970) p4532(v948)
    - neighboring facets: f5071 f5159 f5216
- f5159
    - flags: top simplicial
    - normal:  0.0009095   0.4529  -0.8916
    - offset: -0.05764599
    - vertices: p4912(v987) p3189(v971) p4532(v948)
    - neighboring facets: f5075 f5158 f5213
- f5163
    - flags: bottom simplicial
    - normal:    0.3008 -1.052e-05  -0.9537
    - offset: -0.009889893
    - vertices: p8713(v988) p9410(v223) p2437(v6)
    - neighboring facets: f1139 f5164 f5165
- f5164
    - flags: top simplicial
    - normal:    0.3002 4.657e-06  -0.9539
    - offset: -0.009915744
    - vertices: p8713(v988) p5045(v972) p2437(v6)
    - neighboring facets: f5082 f5163 f5219
- f5165
    - flags: bottom simplicial
    - normal:    0.3086 -9.525e-05  -0.9512
    - offset: -0.009516958
    - vertices: p8713(v988) p3146(v916) p9410(v223)
    - neighboring facets: f4797 f5163 f5218
- f5167
    - flags: top simplicial tested
    - normal:  -0.0004808  0.02437  -0.9997
    - offset: -0.02499731
    - center: -0.0473367 0.08137966666666667 -0.02299846666666666 
    - vertices: p446(v989) p5241(v951) p2909(v917)
    - neighboring facets: f5317 f5169 f5168
    - ridges:
- f5168
    - flags: top simplicial tested
    - normal:  -0.001992  0.04375   -0.999
    - offset: -0.02663333
    - center: -0.05013906666666667 0.08151083333333332 -0.02298963333333334 
    - vertices: p446(v989) p2304(v973) p5241(v951)
    - neighboring facets: f5086 f5167 f5170
- f5169
    - flags: bottom simplicial tested
    - normal:  0.002074  0.09534  -0.9954
    - offset: -0.03056311
    - center: -0.0455871 0.08161083333333333 -0.02298146666666667 
    - vertices: p446(v989) p5914(v958) p2909(v917)
    - neighboring facets: f5025 f5167 f5170
- f5170
    - flags: bottom simplicial tested
    - normal:  0.001066  0.09988   -0.995
    - offset: -0.0309707
    - center: -0.04838946666666667 0.081742 -0.02297263333333333 
    - vertices: p446(v989) p2304(v973) p5914(v958)
    - neighboring facets: f5088 f5169 f5168
- f5171
    - flags: top simplicial
    - normal:   -0.6173 -0.004043  -0.7867
    - offset: -0.05272634
    - vertices: p9291(v990) p3691(v974) p1355(v779)
    - neighboring facets: f5098 f5173 f5172
- f5172
    - flags: bottom simplicial
    - normal:   -0.6472 -0.001272  -0.7623
    - offset: -0.05410422
    - vertices: p9291(v990) p3691(v974) p9775(v955)
    - neighboring facets: f5094 f5174 f5171
- f5173
    - flags: bottom simplicial
    - normal:   -0.5989 0.0002831  -0.8008
    - offset: -0.05225136
    - vertices: p9291(v990) p2862(v867) p1355(v779)
    - neighboring facets: f4562 f5171 f5174
- f5174
    - flags: bottom simplicial
    - normal:   -0.6359 -4.557e-05  -0.7718
    - offset:  -0.053734
    - vertices: p9291(v990) p9775(v955) p2862(v867)
    - neighboring facets: f4995 f5173 f5172
- f5175
    - flags: bottom simplicial
    - normal:   -0.7855 0.000259  -0.6189
    - offset: -0.05919911
    - vertices: p9510(v991) p7699(v956) p7745(v154)
    - neighboring facets: f5108 f5176 f5177
- f5176
    - flags: top simplicial
    - normal:   -0.7799 0.0004386  -0.6259
    - offset: -0.05903065
    - vertices: p9510(v991) p7685(v975) p7745(v154)
    - neighboring facets: f5101 f5175 f5177
- f5177
    - flags: bottom simplicial
    - normal:   -0.7652 -0.0002605  -0.6437
    - offset: -0.05850082
    - vertices: p9510(v991) p7685(v975) p7699(v956)
    - neighboring facets: f5229 f5175 f5176
- f5182
    - flags: top simplicial
    - normal:   -0.7894 -0.02456  -0.6134
    - offset: -0.05776078
    - vertices: p7259(v992) p7699(v956) p7846(v58)
    - neighboring facets: f5190 f5183 f5249
- f5183
    - flags: bottom simplicial
    - normal:   -0.7684 -0.02661  -0.6394
    - offset: -0.05696743
    - vertices: p7259(v992) p3691(v974) p7846(v58)
    - neighboring facets: f5096 f5182 f5228
- f5188
    - flags: top simplicial
    - normal:   -0.9159 -0.003268  -0.4014
    - offset: -0.06219363
    - vertices: p8121(v993) p616(v659) p8996(v30)
    - neighboring facets: f4109 f5189 f5239
- f5189
    - flags: bottom simplicial
    - normal:   -0.9192 -0.01447  -0.3935
    - offset: -0.0615481
    - vertices: p8121(v993) p7846(v58) p8996(v30)
    - neighboring facets: f901 f5188 f5190
- f5190
    - flags: bottom simplicial
    - normal:   -0.8021 -0.02351  -0.5967
    - offset: -0.05822221
    - vertices: p8121(v993) p7699(v956) p7846(v58)
    - neighboring facets: f5182 f5189 f5191
- f5191
    - flags: bottom simplicial
    - normal:   -0.8238 -0.00773  -0.5669
    - offset: -0.05985221
    - vertices: p8121(v993) p7232(v976) p7699(v956)
    - neighboring facets: f5108 f5190 f5233
- f5193
    - flags: top simplicial tested
    - normal:  0.006237   0.9976  -0.0687
    - offset: -0.08528408
    - center: -0.0413385 0.0843863 -0.01974643333333333 
    - vertices: p818(v994) p6420(v924) p2458(v686)
    - neighboring facets: f4849 f5326 f5194
    - ridges:
- f5194
    - flags: top simplicial tested
    - normal:  0.005995   0.9974 -0.07239
    - offset: -0.08534526
    - center: -0.04247310000000001 0.0843863 -0.01984423333333333 
    - vertices: p818(v994) p8445(v977) p6420(v924)
    - neighboring facets: f5117 f5193 f5329
    - ridges:
- f5195
    - flags: top simplicial
    - normal:  -3.061e-05    0.991  -0.1338
    - offset: -0.0863422
    - vertices: p4300(v995) p80(v957) p7468(v790)
    - neighboring facets: f5121 f5196 f5202
- f5196
    - flags: bottom simplicial
    - normal:  -0.0009711   0.9852  -0.1713
    - offset: -0.08666651
    - vertices: p4300(v995) p7892(v979) p7468(v790)
    - neighboring facets: f5125 f5195 f5203
- f5201
    - flags: bottom simplicial
    - normal:   0.01107   0.9815   -0.191
    - offset: -0.08617773
    - vertices: p3269(v996) p80(v957) p6420(v924)
    - neighboring facets: f5117 f5242 f5202
- f5202
    - flags: bottom simplicial
    - normal:  -0.0002732   0.9853  -0.1709
    - offset: -0.08662777
    - vertices: p3269(v996) p4300(v995) p80(v957)
    - neighboring facets: f5195 f5201 f5203
- f5203
    - flags: top simplicial
    - normal:  -0.0003871    0.985  -0.1724
    - offset: -0.0866424
    - vertices: p3269(v996) p4300(v995) p7892(v979)
    - neighboring facets: f5196 f5257 f5202
- f5204
    - flags: top simplicial
    - normal:  2.269e-06   0.7931  -0.6091
    - offset: -0.0797356
    - vertices: p4099(v997) p6572(v960) p210(v873)
    - neighboring facets: f5029 f5206 f5205
- f5205
    - flags: top simplicial
    - normal:  1.364e-05   0.7933  -0.6088
    - offset: -0.0797498
    - vertices: p4099(v997) p421(v982) p6572(v960)
    - neighboring facets: f5139 f5204 f5207
- f5206
    - flags: bottom simplicial
    - normal:  0.0006916   0.7989  -0.6014
    - offset: -0.08002818
    - vertices: p4099(v997) p6475(v961) p210(v873)
    - neighboring facets: f5145 f5204 f5207
- f5207
    - flags: bottom simplicial
    - normal:  0.0004333   0.7987  -0.6018
    - offset: -0.08002399
    - vertices: p4099(v997) p421(v982) p6475(v961)
    - neighboring facets: f5141 f5206 f5205
- f5208
    - flags: bottom simplicial
    - normal:  8.514e-05   0.6463  -0.7631
    - offset: -0.07085712
    - vertices: p7398(v998) p9981(v970) p2979(v925)
    - neighboring facets: f5215 f5210 f5209
- f5209
    - flags: bottom simplicial
    - normal:  0.0005029   0.6538  -0.7567
    - offset: -0.07132123
    - vertices: p7398(v998) p8404(v986) p9981(v970)
    - neighboring facets: f5155 f5208 f5211
- f5210
    - flags: bottom simplicial
    - normal:  -0.004523   0.6976  -0.7165
    - offset: -0.0743372
    - vertices: p7398(v998) p2979(v925) p3161(v665)
    - neighboring facets: f4855 f5211 f5208
- f5211
    - flags: top simplicial
    - normal:  -0.0006396   0.7302  -0.6832
    - offset: -0.0761288
    - vertices: p7398(v998) p8404(v986) p3161(v665)
    - neighboring facets: f5153 f5210 f5209
- f5212
    - flags: bottom simplicial
    - normal:  -0.009044   0.4279  -0.9038
    - offset: -0.05638322
    - vertices: p3127(v999) p3189(v971) p6958(v783)
    - neighboring facets: f5076 f5214 f5213
- f5213
    - flags: bottom simplicial
    - normal:  -0.003633    0.451  -0.8925
    - offset: -0.05775006
    - vertices: p3127(v999) p4912(v987) p3189(v971)
    - neighboring facets: f5159 f5212 f5216
- f5214
    - flags: top simplicial
    - normal:   -0.0746   0.5866  -0.8064
    - offset: -0.07094352
    - vertices: p3127(v999) p2979(v925) p6958(v783)
    - neighboring facets: f4856 f5212 f5215
- f5215
    - flags: top simplicial
    - normal:  -0.0001051   0.5627  -0.8267
    - offset: -0.06533562
    - vertices: p3127(v999) p9981(v970) p2979(v925)
    - neighboring facets: f5208 f5214 f5216
- f5216
    - flags: top simplicial
    - normal:  0.001419   0.5058  -0.8627
    - offset: -0.06134452
    - vertices: p3127(v999) p4912(v987) p9981(v970)
    - neighboring facets: f5158 f5215 f5213
- f5217
    - flags: bottom simplicial
    - normal:    0.2999 0.0003407   -0.954
    - offset: -0.009958648
    - vertices: p7959(v1000) p5045(v972) p3146(v916)
    - neighboring facets: f5081 f5218 f5219
- f5218
    - flags: top simplicial
    - normal:    0.3057 1.682e-05  -0.9521
    - offset: -0.009659989
    - vertices: p7959(v1000) p8713(v988) p3146(v916)
    - neighboring facets: f5165 f5217 f5219
- f5219
    - flags: bottom simplicial
    - normal:    0.3007 4.046e-05  -0.9537
    - offset: -0.009897367
    - vertices: p7959(v1000) p8713(v988) p5045(v972)
    - neighboring facets: f5164 f5217 f5218
- f5220
    - flags: top simplicial
    - normal:   -0.7298 5.919e-05  -0.6837
    - offset: -0.05729937
    - vertices: p1065(v1001) p8912(v657) p5935(v247)
    - neighboring facets: f3458 f5221 f5222
- f5221
    - flags: bottom simplicial
    - normal:   -0.7364 -5.34e-06  -0.6765
    - offset: -0.05752789
    - vertices: p1065(v1001) p7259(v992) p5935(v247)
    - neighboring facets: f5224 f5220 f5222
- f5222
    - flags: top simplicial
    - normal:   -0.7219 -9.976e-05   -0.692
    - offset: -0.05700507
    - vertices: p1065(v1001) p7259(v992) p8912(v657)
    - neighboring facets: f5227 f5220 f5221
- f5223
    - flags: bottom simplicial
    - normal:   -0.7373 -1.311e-06  -0.6756
    - offset: -0.05755842
    - vertices: p200(v1002) p7685(v975) p5935(v247)
    - neighboring facets: f5103 f5224 f5225
- f5224
    - flags: top simplicial
    - normal:    -0.737 -3.725e-06  -0.6759
    - offset: -0.0575493
    - vertices: p200(v1002) p7259(v992) p5935(v247)
    - neighboring facets: f5221 f5223 f5225
- f5225
    - flags: bottom simplicial
    - normal:   -0.7374 -8.796e-06  -0.6754
    - offset: -0.05756309
    - vertices: p200(v1002) p7259(v992) p7685(v975)
    - neighboring facets: f5247 f5223 f5224
- f5226
    - flags: top simplicial
    - normal:   -0.6814 -5.864e-05  -0.7319
    - offset: -0.05550808
    - vertices: p4205(v1003) p3691(v974) p8912(v657)
    - neighboring facets: f5093 f5227 f5228
- f5227
    - flags: bottom simplicial
    - normal:   -0.6993 -0.0003019  -0.7149
    - offset: -0.05616292
    - vertices: p4205(v1003) p7259(v992) p8912(v657)
    - neighboring facets: f5222 f5226 f5228
- f5228
    - flags: top simplicial
    - normal:   -0.6988 -0.0003154  -0.7153
    - offset: -0.05614393
    - vertices: p4205(v1003) p7259(v992) p3691(v974)
    - neighboring facets: f5183 f5226 f5227
- f5229
    - flags: top simplicial
    - normal:   -0.7559 -0.0005881  -0.6547
    - offset: -0.05816241
    - vertices: p4366(v1004) p7685(v975) p7699(v956)
    - neighboring facets: f5177 f5250 f5248
- f5232
    - flags: top simplicial
    - normal:   -0.8406 8.698e-05  -0.5417
    - offset: -0.06081705
    - vertices: p9178(v1005) p7232(v976) p2545(v658)
    - neighboring facets: f5107 f5252 f5233
- f5233
    - flags: top simplicial
    - normal:   -0.8474 -0.001404   -0.531
    - offset: -0.0608997
    - vertices: p9178(v1005) p8121(v993) p7232(v976)
    - neighboring facets: f5191 f5232 f5254
- f5236
    - flags: bottom simplicial
    - normal:   -0.8879 0.0002175    -0.46
    - offset: -0.06194959
    - vertices: p2142(v1006) p8459(v781) p7256(v389)
    - neighboring facets: f4567 f5237 f5238
- f5237
    - flags: top simplicial
    - normal:   -0.8828 3.366e-05  -0.4698
    - offset: -0.06183155
    - vertices: p2142(v1006) p8121(v993) p7256(v389)
    - neighboring facets: f5253 f5236 f5239
- f5238
    - flags: top simplicial
    - normal:   -0.9066 -0.001203   -0.422
    - offset: -0.06219213
    - vertices: p2142(v1006) p8459(v781) p616(v659)
    - neighboring facets: f4568 f5239 f5236
- f5239
    - flags: bottom simplicial
    - normal:   -0.9087 -0.001954  -0.4175
    - offset: -0.06217556
    - vertices: p2142(v1006) p8121(v993) p616(v659)
    - neighboring facets: f5188 f5238 f5237
- f5240
    - flags: top simplicial
    - normal:  0.006743   0.9135  -0.4067
    - offset: -0.08518229
    - vertices: p8381(v1007) p5606(v784) p3368(v664)
    - neighboring facets: f5142 f5241 f5260
- f5241
    - flags: bottom simplicial
    - normal:   0.01907   0.9697  -0.2435
    - offset: -0.0859146
    - vertices: p8381(v1007) p6420(v924) p3368(v664)
    - neighboring facets: f4847 f5240 f5242
- f5242
    - flags: bottom simplicial
    - normal:    0.0122   0.9785  -0.2057
    - offset: -0.08617454
    - vertices: p8381(v1007) p3269(v996) p6420(v924)
    - neighboring facets: f5201 f5241 f5258
- f5246
    - flags: top simplicial
    - normal:  -0.0001225   0.9276  -0.3735
    - offset: -0.08598283
    - vertices: p8381(v1007) p9995(v877) p8836(v526)
    - neighboring facets: f4613 f5266 f5256
- f5247
    - flags: top simplicial
    - normal:    -0.738 -2.853e-05  -0.6748
    - offset: -0.05758274
    - vertices: p7319(v1008) p7259(v992) p7685(v975)
    - neighboring facets: f5225 f5248 f5249
- f5248
    - flags: bottom simplicial
    - normal:   -0.7397 -8.254e-05  -0.6729
    - offset: -0.0576384
    - vertices: p7319(v1008) p4366(v1004) p7685(v975)
    - neighboring facets: f5229 f5247 f5250
- f5249
    - flags: bottom simplicial
    - normal:    -0.764 -0.00654  -0.6452
    - offset: -0.05806541
    - vertices: p7319(v1008) p7259(v992) p7699(v956)
    - neighboring facets: f5182 f5250 f5247
- f5250
    - flags: top simplicial
    - normal:   -0.7557 -0.0006317   -0.655
    - offset: -0.05815122
    - vertices: p7319(v1008) p4366(v1004) p7699(v956)
    - neighboring facets: f5229 f5249 f5248
- f5251
    - flags: top simplicial
    - normal:   -0.8504 0.0001416  -0.5261
    - offset: -0.06108137
    - vertices: p5162(v1009) p2545(v658) p7256(v389)
    - neighboring facets: f3464 f5253 f5252
- f5252
    - flags: top simplicial
    - normal:   -0.8493 0.0001149   -0.528
    - offset: -0.06104923
    - vertices: p5162(v1009) p9178(v1005) p2545(v658)
    - neighboring facets: f5232 f5251 f5254
- f5253
    - flags: bottom simplicial
    - normal:   -0.8679 -0.0001005  -0.4968
    - offset: -0.06149343
    - vertices: p5162(v1009) p8121(v993) p7256(v389)
    - neighboring facets: f5237 f5251 f5254
- f5254
    - flags: bottom simplicial
    - normal:   -0.8662 -0.0001511  -0.4998
    - offset: -0.06145011
    - vertices: p5162(v1009) p9178(v1005) p8121(v993)
    - neighboring facets: f5233 f5253 f5252
- f5256
    - flags: bottom simplicial
    - normal:  -8.594e-05   0.9297  -0.3683
    - offset: -0.08604662
    - vertices: p524(v1010) p8381(v1007) p9995(v877)
    - neighboring facets: f5246 f5264 f5258
- f5257
    - flags: top simplicial
    - normal:  0.0005037   0.9617  -0.2742
    - offset: -0.08673163
    - vertices: p524(v1010) p3269(v996) p7892(v979)
    - neighboring facets: f5203 f5265 f5258
- f5258
    - flags: top simplicial
    - normal:  0.0009266   0.9611  -0.2763
    - offset: -0.08670381
    - vertices: p524(v1010) p8381(v1007) p3269(v996)
    - neighboring facets: f5242 f5257 f5256
- f5260
    - flags: bottom simplicial
    - normal:  0.005339    0.911  -0.4124
    - offset: -0.08515115
    - vertices: p2959(v1011) p8381(v1007) p5606(v784)
    - neighboring facets: f5240 f5262 f5268
- f5261
    - flags: bottom simplicial
    - normal:  -0.000828   0.8977  -0.4407
    - offset: -0.08492078
    - vertices: p2959(v1011) p3525(v872) p8836(v526)
    - neighboring facets: f4589 f5267 f5262
- f5262
    - flags: top simplicial
    - normal:  0.0003322   0.8857  -0.4642
    - offset: -0.08436173
    - vertices: p2959(v1011) p3525(v872) p5606(v784)
    - neighboring facets: f4864 f5260 f5261
- f5263
    - flags: top simplicial
    - normal:  -0.0003754   0.9609   -0.277
    - offset: -0.08676843
    - vertices: p3258(v1012) p7892(v979) p9995(v877)
    - neighboring facets: f5125 f5264 f5265
- f5264
    - flags: bottom simplicial
    - normal:  -3.737e-06   0.9523  -0.3051
    - offset: -0.0866184
    - vertices: p3258(v1012) p524(v1010) p9995(v877)
    - neighboring facets: f5256 f5263 f5265
- f5265
    - flags: top simplicial
    - normal:  0.000291   0.9612  -0.2758
    - offset: -0.08673724
    - vertices: p3258(v1012) p524(v1010) p7892(v979)
    - neighboring facets: f5257 f5263 f5264
- f5266
    - flags: top simplicial
    - normal:  -5.716e-06   0.9241  -0.3821
    - offset: -0.08586236
    - vertices: p4251(v1013) p8381(v1007) p8836(v526)
    - neighboring facets: f5246 f5267 f5268
- f5267
    - flags: bottom simplicial
    - normal:  2.817e-06   0.9237  -0.3831
    - offset: -0.08584923
    - vertices: p4251(v1013) p2959(v1011) p8836(v526)
    - neighboring facets: f5261 f5266 f5268
- f5268
    - flags: top simplicial
    - normal:  1.745e-05   0.9238   -0.383
    - offset: -0.08584954
    - vertices: p4251(v1013) p2959(v1011) p8381(v1007)
    - neighboring facets: f5260 f5266 f5267
- f5269
    - flags: bottom simplicial tricoplanar keepcentrum
    - owner of normal & centrum is facet f5269
    - normal:         0        0        1
    - offset:     -0.023
    - center: -0.04912534444444444 0.07408218888888889  0.023 
    - vertices: p1273(v680) p1868(v85) p1997(v34)
    - neighboring facets: f733 f3575 f5271
- f5270
    - flags: bottom simplicial tricoplanar
    - owner of normal & centrum is facet f5269
    - normal:         0        0        1
    - offset:     -0.023
    - center: -0.04912534444444444 0.07408218888888889  0.023 
    - vertices: p1273(v680) p3963(v473) p9299(v64)
    - neighboring facets: f2470 f5272 f5278
- f5271
    - flags: top simplicial tricoplanar
    - owner of normal & centrum is facet f5269
    - normal:         0        0        1
    - offset:     -0.023
    - center: -0.04912534444444444 0.07408218888888889  0.023 
    - vertices: p1273(v680) p1868(v85) p75(v4)
    - neighboring facets: f938 f5279 f5269
- f5272
    - flags: top simplicial tricoplanar
    - owner of normal & centrum is facet f5269
    - normal:         0        0        1
    - offset:     -0.023
    - center: -0.04912534444444444 0.07408218888888889  0.023 
    - vertices: p1273(v680) p598(v329) p9299(v64)
    - neighboring facets: f1687 f5270 f5276
- f5275
    - flags: bottom simplicial tricoplanar
    - owner of normal & centrum is facet f5269
    - normal:         0        0        1
    - offset:     -0.023
    - center: -0.04912534444444444 0.07408218888888889  0.023 
    - vertices: p1273(v680) p4065(v623) p7430(v479)
    - neighboring facets: f3282 f5279 f5277
- f5276
    - flags: bottom simplicial tricoplanar
    - owner of normal & centrum is facet f5269
    - normal:         0        0        1
    - offset:     -0.023
    - center: -0.04912534444444444 0.07408218888888889  0.023 
    - vertices: p1273(v680) p598(v329) p1842(v209)
    - neighboring facets: f1688 f5277 f5272
- f5277
    - flags: top simplicial tricoplanar
    - owner of normal & centrum is facet f5269
    - normal:         0        0        1
    - offset:     -0.023
    - center: -0.04912534444444444 0.07408218888888889  0.023 
    - vertices: p1273(v680) p4065(v623) p1842(v209)
    - neighboring facets: f3283 f5276 f5275
- f5278
    - flags: top simplicial tricoplanar
    - owner of normal & centrum is facet f5269
    - normal:         0        0        1
    - offset:     -0.023
    - center: -0.04912534444444444 0.07408218888888889  0.023 
    - vertices: p1273(v680) p3963(v473) p3758(v320)
    - neighboring facets: f2813 f3574 f5270
- f5279
    - flags: bottom simplicial tricoplanar
    - owner of normal & centrum is facet f5269
    - normal:         0        0        1
    - offset:     -0.023
    - center: -0.04912534444444444 0.07408218888888889  0.023 
    - vertices: p1273(v680) p7430(v479) p75(v4)
    - neighboring facets: f2501 f5271 f5275
- f5280
    - flags: top simplicial tricoplanar keepcentrum
    - owner of normal & centrum is facet f5280
    - normal:        -1        0       -0
    - offset:    -0.0598
    - center: -0.0598 0.04851425555555557 -0.00378773 
    - vertices: p811(v788) p4664(v257) p3695(v27)
    - neighboring facets: f2037 f5286 f5291
- f5281
    - flags: bottom simplicial tricoplanar
    - owner of normal & centrum is facet f5280
    - normal:        -1        0       -0
    - offset:    -0.0598
    - center: -0.0598 0.04851425555555557 -0.00378773 
    - vertices: p811(v788) p596(v531) p1945(v153)
    - neighboring facets: f3524 f5283 f5293
- f5282
    - flags: bottom simplicial tricoplanar
    - owner of normal & centrum is facet f5280
    - normal:        -1        0       -0
    - offset:    -0.0598
    - center: -0.0598 0.04851425555555557 -0.00378773 
    - vertices: p811(v788) p5885(v246) p3792(v106)
    - neighboring facets: f2682 f5287 f5288
- f5283
    - flags: top simplicial tricoplanar
    - owner of normal & centrum is facet f5280
    - normal:        -1        0       -0
    - offset:    -0.0598
    - center: -0.0598 0.04851425555555557 -0.00378773 
    - vertices: p811(v788) p6856(v396) p1945(v153)
    - neighboring facets: f2048 f5281 f5288
- f5284
    - flags: bottom simplicial tricoplanar
    - owner of normal & centrum is facet f5280
    - normal:        -1        0       -0
    - offset:    -0.0598
    - center: -0.0598 0.04851425555555557 -0.00378773 
    - vertices: p811(v788) p8594(v292) p3199(v8)
    - neighboring facets: f1515 f5285 f5287
- f5285
    - flags: top simplicial tricoplanar
    - owner of normal & centrum is facet f5280
    - normal:        -1        0       -0
    - offset:    -0.0598
    - center: -0.0598 0.04851425555555557 -0.00378773 
    - vertices: p811(v788) p2336(v417) p3199(v8)
    - neighboring facets: f2174 f5284 f5289
- f5286
    - flags: bottom simplicial tricoplanar
    - owner of normal & centrum is facet f5280
    - normal:        -1        0       -0
    - offset:    -0.0598
    - center: -0.0598 0.04851425555555557 -0.00378773 
    - vertices: p811(v788) p1255(v787) p3695(v27)
    - neighboring facets: f4143 f5280 f5295
- f5287
    - flags: top simplicial tricoplanar
    - owner of normal & centrum is facet f5280
    - normal:        -1        0       -0
    - offset:    -0.0598
    - center: -0.0598 0.04851425555555557 -0.00378773 
    - vertices: p811(v788) p8594(v292) p3792(v106)
    - neighboring facets: f2357 f5282 f5284
- f5288
    - flags: bottom simplicial tricoplanar
    - owner of normal & centrum is facet f5280
    - normal:        -1        0       -0
    - offset:    -0.0598
    - center: -0.0598 0.04851425555555557 -0.00378773 
    - vertices: p811(v788) p6856(v396) p5885(v246)
    - neighboring facets: f2049 f5282 f5283
- f5289
    - flags: bottom simplicial tricoplanar
    - owner of normal & centrum is facet f5280
    - normal:        -1        0       -0
    - offset:    -0.0598
    - center: -0.0598 0.04851425555555557 -0.00378773 
    - vertices: p811(v788) p2336(v417) p5503(v274)
    - neighboring facets: f2172 f5292 f5285
- f5290
    - flags: bottom simplicial tricoplanar
    - owner of normal & centrum is facet f5280
    - normal:        -1        0       -0
    - offset:    -0.0598
    - center: -0.0598 0.04851425555555557 -0.00378773 
    - vertices: p811(v788) p9320(v556) p8303(v26)
    - neighboring facets: f2912 f4604 f5292
- f5291
    - flags: top simplicial tricoplanar
    - owner of normal & centrum is facet f5280
    - normal:        -1        0       -0
    - offset:    -0.0598
    - center: -0.0598 0.04851425555555557 -0.00378773 
    - vertices: p811(v788) p5473(v670) p4664(v257)
    - neighboring facets: f3529 f5280 f5293
- f5292
    - flags: top simplicial tricoplanar
    - owner of normal & centrum is facet f5280
    - normal:        -1        0       -0
    - offset:    -0.0598
    - center: -0.0598 0.04851425555555557 -0.00378773 
    - vertices: p811(v788) p9320(v556) p5503(v274)
    - neighboring facets: f2913 f5289 f5290
- f5293
    - flags: bottom simplicial tricoplanar
    - owner of normal & centrum is facet f5280
    - normal:        -1        0       -0
    - offset:    -0.0598
    - center: -0.0598 0.04851425555555557 -0.00378773 
    - vertices: p811(v788) p5473(v670) p596(v531)
    - neighboring facets: f3530 f5281 f5291
- f5294
    - flags: top simplicial tricoplanar
    - owner of normal & centrum is facet f5280
    - normal:        -1        0       -0
    - offset:    -0.0598
    - center: -0.0598 0.04851425555555557 -0.00378773 
    - vertices: p811(v788) p9848(v671) p3663(v532)
    - neighboring facets: f3533 f4146 f5295
- f5295
    - flags: top simplicial tricoplanar
    - owner of normal & centrum is facet f5280
    - normal:        -1        0       -0
    - offset:    -0.0598
    - center: -0.0598 0.04851425555555557 -0.00378773 
    - vertices: p811(v788) p1255(v787) p9848(v671)
    - neighboring facets: f4144 f5294 f5286
- f5298
    - flags: top simplicial tricoplanar keepcentrum
    - owner of normal & centrum is facet f5298
    - normal:         0       -1        0
    - offset:     0.0002
    - center: -0.02474611 0.0002 -0.002224290777777778 
    - vertices: p9481(v884) p6472(v270) p6130(v213)
    - neighboring facets: f2149 f5301 f5300
- f5299
    - flags: bottom simplicial tricoplanar
    - owner of normal & centrum is facet f5298
    - normal:         0       -1        0
    - offset:     0.0002
    - center: -0.02474611 0.0002 -0.002224290777777778 
    - vertices: p9481(v884) p4672(v588) p8758(v444)
    - neighboring facets: f3091 f5303 f5300
- f5300
    - flags: top simplicial tricoplanar
    - owner of normal & centrum is facet f5298
    - normal:         0       -1        0
    - offset:     0.0002
    - center: -0.02474611 0.0002 -0.002224290777777778 
    - vertices: p9481(v884) p4672(v588) p6472(v270)
    - neighboring facets: f3093 f5298 f5299
- f5301
    - flags: bottom simplicial tricoplanar
    - owner of normal & centrum is facet f5298
    - normal:         0       -1        0
    - offset:     0.0002
    - center: -0.02474611 0.0002 -0.002224290777777778 
    - vertices: p9481(v884) p2237(v696) p6130(v213)
    - neighboring facets: f3655 f5298 f4643
- f5302
    - flags: bottom simplicial tricoplanar
    - owner of normal & centrum is facet f5298
    - normal:         0       -1        0
    - offset:     0.0002
    - center: -0.02474611 0.0002 -0.002224290777777778 
    - vertices: p9481(v884) p8422(v286) p7034(v177)
    - neighboring facets: f1471 f5304 f5303
- f5303
    - flags: bottom simplicial tricoplanar
    - owner of normal & centrum is facet f5298
    - normal:         0       -1        0
    - offset:     0.0002
    - center: -0.02474611 0.0002 -0.002224290777777778 
    - vertices: p9481(v884) p8758(v444) p8422(v286)
    - neighboring facets: f3094 f5302 f5299
- f5304
    - flags: top simplicial tricoplanar
    - owner of normal & centrum is facet f5298
    - normal:         0       -1        0
    - offset:     0.0002
    - center: -0.02474611 0.0002 -0.002224290777777778 
    - vertices: p9481(v884) p2739(v717) p7034(v177)
    - neighboring facets: f3766 f5302 f5305
- f5305
    - flags: top simplicial tricoplanar
    - owner of normal & centrum is facet f5298
    - normal:         0       -1        0
    - offset:     0.0002
    - center: -0.02474611 0.0002 -0.002224290777777778 
    - vertices: p9481(v884) p5723(v801) p2739(v717)
    - neighboring facets: f4211 f5304 f4644
- f5308
    - flags: bottom simplicial tricoplanar keepcentrum
    - owner of normal & centrum is facet f5308
    - normal:         0        0       -1
    - offset:     -0.023
    - center: -0.04864056666666667 0.06990238888888889 -0.023 
    - vertices: p5241(v951) p9168(v234) p2754(v142)
    - neighboring facets: f1197 f5315 f5313
- f5309
    - flags: top simplicial tricoplanar
    - owner of normal & centrum is facet f5308
    - normal:         0        0       -1
    - offset:     -0.023
    - center: -0.04864056666666667 0.06990238888888889 -0.023 
    - vertices: p5241(v951) p8449(v363) p5686(v218)
    - neighboring facets: f1873 f5316 f5314
- f5310
    - flags: top simplicial tricoplanar
    - owner of normal & centrum is facet f5308
    - normal:         0        0       -1
    - offset:     -0.023
    - center: -0.04864056666666667 0.06990238888888889 -0.023 
    - vertices: p5241(v951) p1967(v362) p4062(v232)
    - neighboring facets: f1869 f5314 f5313
- f5311
    - flags: bottom simplicial tricoplanar
    - owner of normal & centrum is facet f5308
    - normal:         0        0       -1
    - offset:     -0.023
    - center: -0.04864056666666667 0.06990238888888889 -0.023 
    - vertices: p5241(v951) p8089(v366) p5456(v79)
    - neighboring facets: f1883 f5312 f5315
- f5312
    - flags: top simplicial tricoplanar
    - owner of normal & centrum is facet f5308
    - normal:         0        0       -1
    - offset:     -0.023
    - center: -0.04864056666666667 0.06990238888888889 -0.023 
    - vertices: p5241(v951) p705(v640) p5456(v79)
    - neighboring facets: f3378 f5311 f4977
- f5313
    - flags: bottom simplicial tricoplanar
    - owner of normal & centrum is facet f5308
    - normal:         0        0       -1
    - offset:     -0.023
    - center: -0.04864056666666667 0.06990238888888889 -0.023 
    - vertices: p5241(v951) p1967(v362) p9168(v234)
    - neighboring facets: f1871 f5308 f5310
- f5314
    - flags: bottom simplicial tricoplanar
    - owner of normal & centrum is facet f5308
    - normal:         0        0       -1
    - offset:     -0.023
    - center: -0.04864056666666667 0.06990238888888889 -0.023 
    - vertices: p5241(v951) p8449(v363) p4062(v232)
    - neighboring facets: f1874 f5310 f5309
- f5315
    - flags: top simplicial tricoplanar
    - owner of normal & centrum is facet f5308
    - normal:         0        0       -1
    - offset:     -0.023
    - center: -0.04864056666666667 0.06990238888888889 -0.023 
    - vertices: p5241(v951) p8089(v366) p2754(v142)
    - neighboring facets: f1884 f5308 f5311
- f5316
    - flags: bottom simplicial tricoplanar
    - owner of normal & centrum is facet f5308
    - normal:         0        0       -1
    - offset:     -0.023
    - center: -0.04864056666666667 0.06990238888888889 -0.023 
    - vertices: p5241(v951) p9684(v950) p5686(v218)
    - neighboring facets: f4974 f5309 f5317
- f5317
    - flags: top simplicial tricoplanar
    - owner of normal & centrum is facet f5308
    - normal:         0        0       -1
    - offset:     -0.023
    - center: -0.04864056666666667 0.06990238888888889 -0.023 
    - vertices: p5241(v951) p9684(v950) p2909(v917)
    - neighboring facets: f4975 f5167 f5316
- f5320
    - flags: bottom simplicial tricoplanar keepcentrum
    - owner of normal & centrum is facet f5320
    - normal:         0        1        0
    - offset:    -0.0844
    - center: -0.05184730000000001 0.0844 -0.008396275555555556 
    - vertices: p818(v994) p70(v685) p3022(v163)
    - neighboring facets: f3601 f5321 f5325
- f5321
    - flags: top simplicial tricoplanar
    - owner of normal & centrum is facet f5320
    - normal:         0        1        0
    - offset:    -0.0844
    - center: -0.05184730000000001 0.0844 -0.008396275555555556 
    - vertices: p818(v994) p7323(v543) p3022(v163)
    - neighboring facets: f2839 f5320 f5324
- f5322
    - flags: top simplicial tricoplanar
    - owner of normal & centrum is facet f5320
    - normal:         0        1        0
    - offset:    -0.0844
    - center: -0.05184730000000001 0.0844 -0.008396275555555556 
    - vertices: p818(v994) p528(v496) p1146(v25)
    - neighboring facets: f2608 f5323 f5326
- f5323
    - flags: bottom simplicial tricoplanar
    - owner of normal & centrum is facet f5320
    - normal:         0        1        0
    - offset:    -0.0844
    - center: -0.05184730000000001 0.0844 -0.008396275555555556 
    - vertices: p818(v994) p9336(v405) p1146(v25)
    - neighboring facets: f2841 f5322 f5324
- f5324
    - flags: bottom simplicial tricoplanar
    - owner of normal & centrum is facet f5320
    - normal:         0        1        0
    - offset:    -0.0844
    - center: -0.05184730000000001 0.0844 -0.008396275555555556 
    - vertices: p818(v994) p7323(v543) p9336(v405)
    - neighboring facets: f2840 f5323 f5321
- f5325
    - flags: top simplicial tricoplanar
    - owner of normal & centrum is facet f5320
    - normal:         0        1        0
    - offset:    -0.0844
    - center: -0.05184730000000001 0.0844 -0.008396275555555556 
    - vertices: p818(v994) p70(v685) p5594(v545)
    - neighboring facets: f3602 f5327 f5320
- f5326
    - flags: top simplicial tricoplanar
    - owner of normal & centrum is facet f5320
    - normal:         0        1        0
    - offset:    -0.0844
    - center: -0.05184730000000001 0.0844 -0.008396275555555556 
    - vertices: p818(v994) p2458(v686) p528(v496)
    - neighboring facets: f3604 f5322 f5193
- f5327
    - flags: bottom simplicial tricoplanar
    - owner of normal & centrum is facet f5320
    - normal:         0        1        0
    - offset:    -0.0844
    - center: -0.05184730000000001 0.0844 -0.008396275555555556 
    - vertices: p818(v994) p2870(v984) p5594(v545)
    - neighboring facets: f5147 f5325 f5330
- f5328
    - flags: top simplicial tricoplanar
    - owner of normal & centrum is facet f5320
    - normal:         0        1        0
    - offset:    -0.0844
    - center: -0.05184730000000001 0.0844 -0.008396275555555556 
    - vertices: p818(v994) p226(v962) p7414(v876)
    - neighboring facets: f5038 f5329 f5330
- f5329
    - flags: bottom simplicial tricoplanar
    - owner of normal & centrum is facet f5320
    - normal:         0        1        0
    - offset:    -0.0844
    - center: -0.05184730000000001 0.0844 -0.008396275555555556 
    - vertices: p818(v994) p8445(v977) p7414(v876)
    - neighboring facets: f5123 f5328 f5194
- f5330
    - flags: top simplicial tricoplanar
    - owner of normal & centrum is facet f5320
    - normal:         0        1        0
    - offset:    -0.0844
    - center: -0.05184730000000001 0.0844 -0.008396275555555556 
    - vertices: p818(v994) p2870(v984) p226(v962)
    - neighboring facets: f5148 f5328 f5327
