3
10000 920 1380
-0.00521011 -0.0124 -0.0034761 
-0.0191015 0.009200979999999999 0.0156625 
0.00394285 0.0109545 -0.0153221 
-0.019983 -0.00957031 -0.0148696 
0.0227 -0.00146644 -0.00269746 
0.00792295 0.0124 0.00688594 
-0.0227 0.0038747 0.00426336 
-0.0164423 0.0124 0.0120553 
0.00455918 -0.00733275 -0.0151927 
-0.0227 -0.00682773 -0.0113938 
-0.0123964 -0.0092 -0.0175429 
0.0227 -0.00108093 -0.0131356 
0.0114019 0.0124 -0.00595967 
-0.0167647 0.00141898 -0.0177 
0.00118107 -0.0088874 -0.0159 
0.018026 0.0122651 -0.0144 
-0.0227 -0.00511945 0.00722196 
0.010094 -0.00594426 -0.0156 
0.008109679999999999 -0.0108803 -0.0144 
0.00710402 0.00124743 0.0162 
0.00375036 0.0061245 0.0147167 
0.0119749 -0.00789625 -0.0144 
-0.0227 -0.00888923 -0.00027913 
-0.009294139999999999 -0.000585143  0.017 
-0.00404595  0.007 0.0164788 
-0.0210852 0.0123612 -0.00808349 
0.012286 0.00377965 -0.0177 
-0.00565797 -0.0124 0.0106797 
-0.0215809 0.000571507  0.017 
-0.0227 0.00209356 -0.0109473 
0.016383 0.0124 -0.0064212 
0.0220564 0.00104951 -0.0156 
0.0180246 0.0124 0.00462854 
0.0188619 -0.0124 -0.00488647 
-0.0227 0.00603077 -0.0122163 
0.0166275 0.00910394 0.0186692 
0.0223261 -0.00977387 -0.008499319999999999 
0.0201281 0.0119719 -0.0101647 
-0.0227 -0.00750399 -0.008985470000000001 
-0.0008256 0.009350000000000001 -0.0144 
-0.0120479 -0.0124 -0.00718935 
-0.00270017 0.0110532 -0.0159 
-0.00168002 -0.00180945 -0.0174406 
-0.000199128 -0.007 0.0165066 
-0.0168289 -0.00291186  0.017 
0.0143539 0.00375571 -0.0156 
0.0103199 0.0124 -0.0130986 
0.011909 -0.00684171 0.0144 
0.014248 -0.00550574 0.0144 
0.0153487 0.00107115 0.0187 
0.0214253 0.0106747 0.008952440000000001 
-0.00495248 -0.0124 0.00629033 
0.00572646 0.0124 0.00375038 
-0.0227 0.00638859 0.011463 
0.0156755 0.0124 0.00772941 
-0.0220888 0.00493309 0.016681 
-0.0117509 -0.00312945  0.017 
0.0124459 -0.0103154 0.0144 
0.00745803 -0.0124 -0.009859069999999999 
-0.0098966 -0.0124 -0.0049712 
0.0109975 0.00416247 -0.0177 
0.009650560000000001 0.00924261 0.0187 
-0.0176629 -0.000110229 -0.0159 
-0.0219 0.0102072 0.0152557 
0.0163304 0.00627158 -0.0156 
-0.00886311 -0.00713475 -0.0177 
-0.0174 -0.000387569 -0.0172359 
0.0224771 -0.000525008 0.0186434 
-0.008259219999999999 -0.0124 -0.008698350000000001 
0.0147549 -0.00471018 0.0144 
0.0227 0.00688254 0.00701297 
-0.00449819 -0.0124 -0.0117771 
0.0207975 -0.000690014 0.0187 
0.00341513 0.0124 -0.00383078 
0.0125408 0.0124 0.008882940000000001 
0.0227 0.00850303 0.0130265 
0.0125371 -0.0124 0.010874 
-0.00125717 -0.0018448 -0.0189472 
-0.0158912 -0.00392717 -0.0177 
0.018287 -0.00511685 -0.0144 
-0.0207541 0.0123976 -0.0113787 
0.0121114 -0.0124 -0.000357433 
-0.0109407 0.00674969  0.017 
-0.0108993 -0.0124 -0.0103372 
0.0100469 0.00124483 0.0187 
-0.0182262 0.00297459  0.017 
-0.00158624 -0.0124 0.0117012 
0.0076193 0.00110121 0.0162 
-0.0202286 -0.0124 -0.0127302 
-0.0137212 0.0122387 0.015002 
-0.0155209 0.00869615 0.0159 
0.0227 -0.00279668 -0.0111384 
-0.0157766 0.0104473 0.0147586 
0.0197899 -0.0123101 0.0134935 
0.00709847 0.00106558 0.0144 
0.0167239 0.0124 0.00808712 
0.0224553 0.00162119 0.0144 
0.0209004 0.0111996 -0.00345308 
-0.00057924 -0.00496299 -0.0152101 
0.015037 0.00177305 0.0144 
-4.8612e-05 -0.0102177 -0.0159 
0.0227 0.00501315 0.000969599 
0.0194123 0.00323621 -0.0177 
0.0125468 0.0124 -0.00401825 
0.0152987 0.00531302 0.0187 
-0.0056683 -0.00325942  0.017 
-0.0112563 -0.00844614 0.0159 
-0.0208976 0.00174607 -0.0159 
-0.0222012 0.00322835 -0.0159 
-0.0227 0.00450867 -0.00536574 
0.008170419999999999 0.0124 -0.00246228 
-0.0227 -0.00776078 0.009095529999999999 
0.01936 0.0124 0.00708485 
-0.0174 0.009080899999999999 -0.016574 
0.0214504 -0.0106496 -0.0117154 
-0.0105673 -0.00368765  0.017 
-0.0197383 -0.0124 -0.00841829 
0.0072 -0.00978966 -0.0144748 
-0.000444675 0.00839984 0.0159 
0.00726267 0.0124 0.009368130000000001 
0.00260727 0.0112353 0.0159 
0.0211899 0.00605478 -0.0144 
0.00721376 -0.0124 -0.00665195 
4.1795e-05 -0.0124 0.00155452 
-0.0165924 0.0124 0.0009941080000000001 
0.0129375 0.00246536 0.019897 
0.00158833 -0.0104139 0.0159 
0.0115566 -0.00376878 0.0187 
0.00494691 -0.0103171 -0.0148384 
0.00820619 0.0100284 0.0144 
0.0119816 0.00754866 0.0144 
0.0183634 -0.0124 0.00660927 
-0.00171814 -0.00181447 -0.0160121 
0.00737073 -0.0124 -0.00695823 
0.00284164 -0.00259117 0.0173301 
0.0227 -0.00633306 0.0118725 
0.0100811 0.00650824 -0.0177 
0.0058107 -0.00574299 -0.0177 
-0.00260165 -0.00553918 -0.0144 
0.0130065 -0.00935822 -0.0177 
-0.0227 0.00572036 -0.000448339 
0.00217865 0.00457384 0.0169973 
0.0215793 0.00266598 0.0144 
0.00630447 0.00485306 0.0169269 
-0.0060922 -0.0124 0.00106435 
-0.008377570000000001 -0.0124 0.00559679 
0.0112807 -0.000269713 -0.0170779 
-0.0198171 -0.0124 0.00269647 
-0.00241904 -0.0056942 -0.0174574 
-0.00249662 0.00161046 -0.0144 
0.0128491 -0.00810783 -0.0144 
-0.00138806 -0.00421365 -0.0184669 
-0.0183196 0.0124 0.00881126 
0.0209028 0.00228035 -0.0156 
-0.00666479 -0.0124 -0.00534008 
0.00905363 0.0124 0.00730138 
-0.0124442 0.0124 0.00502514 
-0.0186879 -0.0117332 -0.0159 
-0.004692 -0.0124 0.00400106 
0.00644524 0.00216734 0.0144 
0.00221703 0.0124 0.010397 
0.008203200000000001 0.00354295 -0.0156 
0.00727602 0.0124 0.0022981 
-0.008936380000000001 0.0124 -0.00314532 
0.00802841 -0.000625222 0.0187 
0.0196659 -0.00464972 0.0162 
-0.00142716 0.00811718 0.0159 
0.0224826 -0.000399496 0.0165921 
0.0195706 -0.0124 -0.00617338 
0.0113278 0.000433242 -0.0163152 
-0.00511851 -0.0122549 -0.0149416 
-0.0217811 -0.00765905 0.0159 
0.0227 -0.00113076 0.00652744 
0.0227 0.00112305 -0.000790538 
0.0205725 0.0115275 -0.0141352 
-0.0123199 0.000748239 -0.0177 
-0.0127789 0.0124 0.00399727 
0.00709345 -0.0124 0.00126088 
0.00253538 0.000810341 -0.0164545 
0.00748884 0.0124 0.00196689 
-0.0227 0.00237125 0.0121783 
-0.00469291 -0.00463422 -0.0162454 
0.0227 -0.00933952 -0.00308027 
0.0227 0.00817295 0.00787639 
0.009456620000000001 -0.00771041 0.0144 
-0.00040629 0.0120366 0.0157561 
-0.0227 0.00084343 0.00124839 
-0.0221215 -0.00114869 -0.0159 
-0.00135862  0.007 0.0164617 
0.00641543 6.65713e-05 -0.0144 
0.00322106 0.011675 -0.0159 
0.00737732 -0.008334899999999999 -0.0144 
0.0141511 0.000355072 0.0202 
0.0189858 -0.0124 -0.0101387 
0.0200714 -0.0120286 0.0104807 
-0.00576197 -0.0123267 0.0146737 
0.013471 -0.00283644 -0.0155995 
0.0139688 0.0124 -0.00239974 
0.00201239 0.0124 0.00198289 
-0.0165155 0.009500679999999999 0.0158142 
-0.0191964 -0.00939074 0.0153438 
-0.0178691 0.00210567 -0.0159 
0.0104387 -0.0043618 -0.0177 
0.0190451 -0.00331085 0.0162 
0.0112703 0.00933986 -0.0156 
-0.0163419 -0.0124 -0.00626351 
0.0160643 0.00243484 -0.0144 
-0.0227 -0.00733441 0.00102054 
0.00337192 -0.0124 0.00119715 
0.00872819 -0.00536675 -0.0159594 
-0.0210732 0.0123639 -0.0132585 
0.0170667 0.0124 -0.0115657 
-0.00317402 -0.0124 0.008373230000000001 
0.0077607 0.00921784 0.0144 
-0.0050519 0.0124 -0.0033406 
0.0105976 -0.00966064 -0.0156 
0.00351722 -0.00667078 0.0165868 
0.010505 0.0016956 0.0196561 
-0.0227 -0.00134344 0.00421215 
0.0191966 0.0124 -0.00667515 
-0.00114188 -0.0102399 0.0159 
-0.00052667 0.0124 -0.00273941 
-0.0126476 -0.0124 -0.0015142 
-0.00392378 -0.0124 0.00677149 
-0.0184977 0.0124 -0.0136312 
-0.016604 -0.0124 0.00875416 
0.0227 0.00700302 0.00783816 
0.009783490000000001 0.00535869 0.0144 
0.0123615 0.0017331 -0.0183 
0.0144558 -0.0097605 0.0187 
-0.0181923 0.00592584  0.017 
0.0222922 -0.00968508 -0.0144 
-0.0146273 0.00856754 0.0159 
-0.0121584 -0.00023921 -0.0177 
0.0095955 -0.0124 -0.00505697 
0.00713679 0.0124 -0.0076461 
-0.0113797 -0.0124 0.00648554 
0.00335518 -0.00127199 0.0187 
-0.00737666 -0.00956097 -0.0159 
0.00949587 0.0102315 0.0144 
0.0227 0.00548777 -0.0067354 
0.015832 -0.0124 -0.0026363 
-0.000205421 0.00706975 -0.0144 
0.0131976 0.00370526 0.0147 
-0.00341192 0.0078279 -0.0144 
-0.0223021 0.000522726 0.0158849 
-0.0174 0.00348005 -0.0174943 
-0.0227 0.008547529999999999 0.00883247 
-0.0197016 0.0123743 -0.0144959 
-0.017099 -0.00265639 -0.0177 
0.0223238 -0.00134622 0.0162 
-0.000573867 0.00301278 -0.0171465 
-0.0124288 -0.0124 0.0131441 
-0.00428073 -0.0124 0.00519414 
-0.008625900000000001 0.0076291 -0.0177 
0.0227 0.000136329 0.00562787 
-0.0206474 0.0124 -0.0122067 
-0.0227 0.00761859 0.00121924 
-0.0165001 -0.011 0.0150572 
-0.0227 -0.00537038 0.0071762 
0.0160702 0.0124 -0.00785169 
-0.0227 -0.008450859999999999 -0.008047729999999999 
0.0227 0.00873999 -0.00750955 
0.00779916 -0.00861553 -0.0156 
-2.5013e-06 -0.0123523 0.0145781 
-0.00499637 -0.0124 0.00312496 
0.0227 -0.00136659 -0.00451748 
0.0132471 0.00100083 -0.0155946 
-0.0160804 -0.0124 -0.0117891 
-0.00774459 -0.0124 0.0130238 
0.00238084 -0.0124 -0.0124618 
0.019275 -0.00481805 0.0162 
0.00958854 -0.00552322 -0.0156 
-0.0176059 0.0124 -0.0142188 
0.0185302 -0.0101819 -0.0144 
-0.0195476 -0.005923 -0.0159 
0.0227 0.0029966 -0.0131144 
0.0116552 -0.00793932 0.0162 
-0.0177546 0.0121383 0.0153768 
-0.0200883   0.01 0.0155542 
0.0149291 -0.00787201 0.0187 
0.0190117 0.00312206 -0.0177 
-0.0134273 0.0092 -0.016205 
0.0125908 0.0124 -0.0022138 
-0.0212122 -0.008399999999999999 0.0146626 
-0.0194964 0.00424138 -0.0159 
0.0117294 0.009966350000000001 0.0176368 
0.0206636 0.0114364 0.00505947 
-0.00182032 0.000309706 -0.0144 
0.0113108 -0.00229381 0.019747 
-0.0106087 0.00194564 -0.0177 
0.00321264 -0.0124 0.0140153 
-0.0108788 -0.0124 -0.008967579999999999 
0.0227 0.000119005 -0.000135636 
-0.0163459 0.0124 -0.00773165 
0.0123457 0.00999326 -0.0167688 
0.00809373 0.0124 0.00428714 
0.0172631 0.0110883 0.0144 
0.0093475 -0.00672655 -0.0156 
-0.00088078 -0.00354182 -0.0146143 
-0.0227 -0.00787596 0.00787361 
0.0185604 0.0115205 -0.0144 
0.0101842 0.0124 -0.009813570000000001 
-0.0195827 0.0100331 -0.0155025 
0.0178069 -0.0124 -0.00993964 
-0.0215746 0.00103315 -0.0159 
0.0145072 0.00222593 -0.0182595 
0.0207353 -0.00566702 0.0176737 
-0.00106393 0.00432672 -0.0162391 
0.0224887 0.00961126 0.00713575 
0.0227 0.008567719999999999 -0.00701294 
-0.0227 -0.000719262 0.00442489 
-0.0227 0.0042642 0.00703763 
-0.0192761 0.0124 -0.0120464 
0.0119343 -0.00924056 -0.0156 
-0.00254351 0.0124 0.00479733 
0.0189728 0.00600004 0.0187 
0.0227 -0.00301077 0.00907034 
-0.00306992 0.00449457  0.017 
-0.0199574 -0.0124 -0.0125539 
-0.00135779 -0.00858069 -0.0145175 
0.0227 -0.00174352 -0.012618 
0.0186609 0.00232548 0.0144 
-0.008616270000000001 0.0124 -0.0106046 
0.0227 0.00239434 -0.00760332 
0.00220347 -0.0124 -0.00252121 
0.0025123 -0.0002817 -0.0169948 
0.0078187 -0.0124 -0.0139518 
-0.0227 0.00242234 0.00932817 
0.00622544 0.00705057 0.0144 
0.00690107 -0.0123193 -0.0147013 
0.00719793 0.0109577 -0.0159 
-0.011057 -0.0124 0.008135969999999999 
0.00629264 0.00782965 -0.0165402 
-0.00609441 -0.0124 -0.0109253 
-0.0057963 0.0123626 -0.0145394 
-0.0033107 0.0124 -0.0100362 
-0.0227 0.00772892 0.00645033 
0.0104127 0.010462 -0.0144 
-0.0227 -0.00874701 0.0137813 
0.0227 -0.00425407 -0.0112147 
0.0076804 -0.0009848210000000001 0.0187 
0.013353 0.00330976 0.0144 
-0.00146768 0.0124 -0.00993789 
0.0120466 0.0124 -0.00426379 
0.00460976 -0.0124 -0.0009834959999999999 
-0.0159705 0.0124 -0.008292330000000001 
-0.000283233 0.0124 4.14033e-05 
-0.0104747 0.00309202 -0.0177 
0.00530227 0.0124 -0.000724459 
-0.00788574 -0.00570543 -0.0177 
0.00141145 0.0124 -0.000180854 
-0.0186082 0.0119651 0.0159 
0.009231970000000001 0.0124 0.0135081 
-0.0227 -0.00421055 0.0108516 
0.00791393 0.0124 0.00351451 
-0.0227 0.00692437 -0.00649656 
-0.008936639999999999 -0.0124 -0.00488175 
-0.007953790000000001 0.0124 0.0120066 
-0.0175978 0.0124 -0.00256582 
-0.00132537 -0.008989779999999999 -0.0144 
-0.0226936 0.0105477 0.00368917 
-0.0123471 -0.010198 -0.0159 
-0.0226972 0.0104641 0.00120415 
-0.0176598 -0.00490044 -0.0159 
0.0136806 0.00607959 -0.0177 
0.010217 -0.00474443 -0.0177 
-0.000273196 0.0124 0.00728624 
-0.00254644 0.0028815 -0.0146004 
-0.00236503 0.0124 -0.0102264 
0.0227 -0.008237619999999999 -0.0121272 
0.0207625 -0.00429914 0.0144 
-0.0012531 0.00615392 -0.0177881 
-0.00130502 0.00153248  0.017 
-0.008662919999999999 -0.00770244 -0.0177 
0.0227 -0.00442555 0.00271717 
0.0058957 0.00397808 0.0144 
0.0227 -0.00310083 0.00600513 
-0.000245723 -0.0124 -0.0122388 
-0.0127285 -0.0107662 -0.0159 
-0.0149286 -0.0124 -0.00438758 
-0.0206981 -0.0124 -0.0116304 
0.00339361 0.00412162 -0.01586 
0.0109876 -0.00929729 -0.0144 
0.00348244 -0.00371315 -0.0156 
-0.0122421 0.0124 0.00410525 
0.0139679 -0.0124 0.0114127 
0.0227 0.0053326 -0.0130283 
0.0132063 0.0124 0.00442591 
0.008277730000000001 -0.007998709999999999 -0.0144 
-0.00302181 -0.0124 0.0120925 
-0.0168088 -0.0124 -0.00370065 
0.0146498 -0.00975644 0.0162907 
0.0159493 -0.008624700000000001 0.0187 
-0.0133396 0.000214139 -0.0177 
-0.0227 -0.00312666 0.0009421469999999999 
-0.009031030000000001 -0.000267756  0.017 
-0.0185413 0.00672823  0.017 
0.00702573 -0.0124 -0.0136213 
-0.0227 0.00247754 0.00434619 
0.007823180000000001 0.0124 0.00946395 
0.0143534 -0.00261954 -0.0177 
-0.0161923 0.0124 0.00605799 
0.0212367 -0.00782826 -0.0144 
0.0227 -0.00145657 -0.008524220000000001 
-0.0168627 0.0124 -0.00596127 
-0.021712 0.00050367  0.017 
-0.0107325 -0.0124 0.00743439 
-0.00405 0.00248366 -0.015859 
-0.0227 0.00410159 -0.00580054 
-0.0210113 0.00549786  0.017 
0.0102227 -0.0124 -0.0114611 
0.0144155 -0.00286932 0.0187 
-0.00890582 -0.0123491 -0.0145898 
0.008070259999999999 -0.009977919999999999 0.0144 
-0.00350107 0.008337850000000001 -0.0144 
-0.00569232 0.000324966  0.017 
-0.0226955 0.0105034 -0.00925614 
0.00339429 -0.00412326 0.0171359 
-0.009160710000000001 -0.009235709999999999 -0.0159 
-0.0227 -0.0100319 0.00443815 
-0.0210848 0.0123613 0.00322005 
-0.019567 0.0115831 0.014609 
0.0227 0.00702259 -0.0129471 
-0.0174 -0.00497424 -0.017625 
0.009808849999999999 -0.00574698 0.0162 
-0.00365329 0.00319342 -0.0144 
-0.0227 -0.00229005 0.00329524 
-0.022492 0.0112849 0.008135089999999999 
0.0146987 0.0124 0.00305473 
0.0227 -0.00765698 0.0063572 
-0.000438008 -0.0124 -0.00851122 
0.0165143 -0.0124 -0.0105658 
0.0194773 0.000414941 0.0187 
0.0227 -0.00352857 0.0127959 
0.0113351 -0.0124 0.0112212 
0.0135047 -0.0124 0.00637096 
-0.0144999 0.0124 -0.0115681 
-0.01182 0.0124 -0.00815813 
0.00599544 -0.00270059 0.0162 
-0.0177555 0.0124 -0.00651076 
-0.0149611 -0.0124 0.00858343 
-0.0219523 -0.0119576 -0.0077357 
0.0162031 -0.00502639 0.0178748 
0.0201377 -0.00147403 0.0144 
0.0167558 -0.00875662 0.0162 
-0.021694 0.0121352 -0.00388039 
-0.00497779 -0.00480755 -0.0163985 
0.0180492 -0.00341798 -0.0144 
0.0101896 0.00852398 0.0162 
0.00654101 -0.00802024 -0.017248 
-0.0166869 -0.0124 0.00148995 
-0.00867133 0.00699025 -0.0177 
0.00796669 0.00737108 -0.0156 
-0.00718516 0.0124 -0.00258483 
0.0227 -0.00869672 -0.00288655 
0.0119979 0.0124 -0.00216966 
0.008789460000000001 0.00201715 -0.0177 
0.0160484 0.011397 0.0144 
-0.00251139 -0.00547321 -0.0144063 
-0.021401 0.008459110000000001 0.0144 
-0.01419 -0.0124 0.0102283 
-0.0108514 0.00718144 -0.0177 
0.00237182 0.00371857 -0.0144 
0.0186107 0.00736233 -0.0177 
0.0178629 0.00657533 -0.0156 
-0.00405 -5.65783e-05 -0.0158391 
-0.00218752 0.00442991 -0.0181306 
0.0197462 -0.0014325 0.0162 
-0.0227 0.00139182 -0.0131988 
-0.0139007 0.0124 0.0143544 
0.0108259 -0.00926224 0.0187 
0.0187564 -0.00238095 -0.0177 
0.0103501 0.008706729999999999 0.0162 
-0.00796793 0.0124 -0.00139385 
0.0219778 0.0101222 -0.00993729 
0.0227 -0.000698875 0.009067169999999999 
-0.0227 -0.00395514 -0.0125142 
-0.00218808 0.0124 -0.00739781 
-0.0137792 0.00535037  0.017 
-0.0161831 -0.0124 -0.00636148 
0.0139138 0.009461839999999999 0.0144 
-0.0166965 -0.00537817 -0.0177 
-0.0227 0.00694907 0.0104832 
0.00842243 -0.0124 -0.009753690000000001 
0.00983375 0.0124 0.00674615 
-0.00405 0.00182777 -0.0149103 
0.0123809 0.0123123 0.0144 
-0.0111997 0.00543304 -0.0177 
-0.00510988 -0.000190672 -0.0164695 
0.00302157 0.0124 -0.00566276 
0.0205048 -0.00546539 -0.0156 
-0.0135741 0.0106243 0.0159 
0.0135296 0.00598187 -0.0177 
-0.0112518 -0.0124 -0.014036 
0.00728735 0.0123428 0.0144 
0.00296531 -0.00298842 -0.0175175 
-0.00112054 0.0124 0.0008809310000000001 
0.0227 -0.00307982 -0.00705586 
0.0147035 0.0039213 0.0160244 
-0.0116072 0.0124 0.00407957 
0.0166883 -0.00163638 0.0147521 
0.0130992 -0.0124 0.00120718 
0.0173006 0.0119915 0.0144 
0.00633953 0.009018989999999999 -0.015615 
-0.0223635 0.00513367 -0.0156556 
-0.00161968 -0.00570525  0.017 
-0.0141399 -0.0124 -0.00505137 
-0.0187663 -0.012104 -0.0155046 
-0.0166932 0.0123816 0.0144686 
-0.0227 0.00698034 -0.000470589 
0.00760908 -0.00680215 0.0144 
-0.008662329999999999 -0.00184281 -0.0177 
-0.0227 0.000459741 -0.00574747 
0.0145301 -0.00859419 -0.0177 
0.00389147 -0.0124 0.00246493 
-0.0132645 9.302279999999999e-06  0.017 
-0.0131382 0.0124 0.00364695 
-0.0139968 0.009563500000000001 -0.0159 
0.00514243 0.0124 0.007826680000000001 
-0.00886793  0.007 0.0161263 
0.0115926 -0.0124 0.0130385 
0.00728512 0.00643968 -0.0177 
0.00902967 0.00286239 0.0157259 
-0.0207639 0.0123972 0.00939334 
0.0227 0.00336427 0.0141134 
-0.00730804 0.0092 -0.0159508 
0.000446305 -0.0013172 -0.0144 
0.0227 0.0046344 0.00335968 
-0.0143447 0.0124 -0.007998730000000001 
-0.00673666 -0.0124 -0.00770538 
0.0109361 0.0124 0.00575141 
0.0132728 0.0124 0.000989314 
-0.000523542 -0.0124 -0.00764624 
-0.011233 0.000969841 -0.0177 
0.021987 0.00313457 0.0178598 
0.0204962 0.00759938 0.0144 
-0.0187449 -0.0124 -0.000797508 
-0.00622175 -0.00554301 -0.0170669 
0.0195702 -0.00753203 0.0144 
-0.007844 -0.0124 0.00104802 
0.00931424 -0.00347888 0.0162 
-0.00405 -0.0027736 -0.0153385 
-0.0185546 0.0124 -0.009136470000000001 
0.00581652 -0.0124 -0.008175450000000001 
0.00191097 -0.0124 0.00760268 
-0.0225406 0.00460431 -0.0149948 
-0.0142245 0.00414392  0.017 
0.0189292 0.00765925 -0.0170906 
-0.0181157 0.00390573 -0.0159 
0.0185672 0.00506473 -0.0144 
0.0128667 -0.0090268 -0.0177 
0.00453601 -0.0124 0.0114537 
-0.0227 -0.00700889 0.00748224 
-0.0226174 0.00643501 0.0147083 
-0.009870739999999999 -0.0124 0.008339249999999999 
0.0181677 0.00209779 -0.0144 
0.00443985 0.00367669 0.0187 
0.0227 -0.00407565 -0.00649748 
0.008134280000000001 0.00077109 -0.0177 
0.0161658 0.00466228 -0.0144 
0.00755001 -0.0124 0.00530895 
0.01448 -0.00979409 0.0163306 
0.0227 -0.00121267 -0.0117343 
-0.0092006 0.0124 -0.0060309 
0.0122664 0.00760784 0.0162 
0.009874569999999999 -0.0124 0.00635447 
0.0123738 0.00437796 -0.0144 
-0.0227 0.0048663 -0.00422787 
-0.0162047 -0.0124 -0.000645821 
-0.0159295 0.00196352 -0.0177 
0.010734 0.009841539999999999 0.0167003 
0.00876531 -0.008341950000000001 -0.0156 
0.0205397 -0.0115603 -0.0111242 
0.009933539999999999 0.00966408 0.017313 
0.0129418 0.004949 0.0144 
-0.008953269999999999 -0.0124 -0.00517116 
0.0227 -0.00450662 0.00420845 
0.0222745 0.00113398 0.0162 
0.00119249 0.0124 0.00960954 
0.0158392 -0.0100307 0.0144 
0.0211518 -0.00651803 0.0144 
-0.0154764  0.007 0.0163016 
0.0195031 0.00407868 0.0162 
0.0227 -0.00936621 0.0132235 
-0.00290371 -0.0121338 0.0153935 
0.015065 0.00300643 -0.0144 
-0.00356871 0.0124 -0.00836163 
0.00771483 0.00701776 -0.0156 
-0.0160757 -0.0124 -0.008790060000000001 
-0.009778770000000001 -0.0124 0.00428574 
-0.00801167 -0.0124 -0.0141218 
-0.0226671 0.008243810000000001 0.0145228 
-0.020235 0.008456480000000001 0.0148512 
-0.00186149 0.00374932 -0.0180926 
-0.0174 -0.00304867 -0.016654 
0.00577632 -0.00671181 0.0144 
-0.00340275 -0.0124 -0.00879212 
0.0227 0.00290491 -0.0102655 
-0.0227 -0.000875759 -0.0120408 
-0.00372803 -0.0124 -0.010621 
-0.0025162 0.00734241 -0.0178931 
-0.00231404 0.0124 -0.00673997 
-0.0227 0.00240194 -0.00258619 
0.019809 -0.0068938 -0.0144 
-0.0227 0.00388174 -0.00341667 
0.0227 0.00638364 -0.009271089999999999 
-0.0224747 -0.000750673 -0.0152409 
-0.0190562 0.00964981 0.0147527 
-0.0110037 0.0124 0.000681438 
-0.00227002 0.00690698 -0.0191302 
-0.0149095 0.009920760000000001 0.0159 
0.0227 -0.008079569999999999 0.00954992 
0.00840467 0.0124 -0.009746879999999999 
0.00622375 0.00260153 0.0144 
-0.0187183 0.0124 -0.00251693 
-0.0196594 0.0098496 0.0158 
-0.00427279 0.009089399999999999 -0.0160197 
-0.0227 0.00505927 0.00561384 
0.0132699 -0.0124 0.0100492 
-0.00490367 0.0124 0.0136751 
-0.008712299999999999 -0.0124 -0.00541129 
-0.00475308 -0.0124 -0.00334662 
0.00587941 0.0124 0.0130269 
-0.0150552 0.000336097  0.017 
0.0114726 -0.00599003 0.0162 
0.0179547 -0.0060923 -0.0171752 
0.0224397 -0.00966031 0.000632289 
0.0227 0.00430302 0.0138662 
0.0126344 -0.00330234 -0.0144 
0.000301463 0.0074085 0.0159 
0.00285963 0.0101759 -0.0159 
0.0219067 0.0101933 0.0134353 
0.0186918 -0.00481664 0.0186967 
0.0222501 0.00984992 0.00140141 
0.014484 0.0124 -0.0133908 
-0.00770129 0.00302617  0.017 
0.00644753 -0.0124 -0.0141768 
-0.000852752 0.0115738 -0.0159 
0.0213553 -0.0018896 0.0187 
-0.0227 0.00508433 0.0142922 
0.00490343 -0.0124 0.00495147 
0.0148757 0.008767469999999999 -0.0177 
0.0195207 -0.000173174 0.0187 
0.00494864 -0.010219 0.0153221 
-0.000724813 -0.0046359 -0.0181421 
0.0151408 -0.000535346 0.0188368 
0.00827308 0.00906269 -0.0164233 
0.018571 0.0124 -0.0120686 
0.0182269 0.00656818 -0.0156 
-0.0190774 -0.0124 -0.00518366 
0.0222876 0.00200912 0.0179764 
-0.0227 -0.009073400000000001 -0.0127713 
0.016414 0.009672760000000001 -0.0144 
0.0227 0.00293777 -0.0103639 
-0.0209189 -0.0123865 -0.008042769999999999 
0.0188151 0.00524852 0.0162 
0.0160853 -0.0124 0.007830429999999999 
0.00682884 0.0124 0.00488419 
0.0147847 -0.0124 0.008694489999999999 
0.0145452 0.0124 -0.00801461 
-0.0127959 0.0124 -0.00662524 
0.00736143 -0.00457156 -0.0144 
-0.00530125 -0.0124 -0.00742317 
0.0140906 0.0124 -0.00528096 
-0.00168805 0.0124 0.0109639 
-0.00105459 -0.0123243 -0.0146825 
0.0169549 -0.0108791 0.0144 
0.00585036 -0.00692468 -0.0156 
0.00172397 -0.0122577 0.0149312 
0.0211909 0.00456557 0.0187 
0.00210642 0.0124 0.009417969999999999 
-0.0143899 0.0124 0.00685811 
-0.008676430000000001 0.0124 -0.00747243 
-0.0227 0.00390092 -0.0132995 
0.00252527 -0.000578705 -0.0163397 
-0.00072888 -0.0124 0.00129388 
0.0173269 -0.00751108 0.0187 
-0.0194926 -0.00741029 0.0159 
0.0049427 0.00144471 0.0162 
0.0139178 -0.0124 -0.000981551 
0.0200466 -0.00634088 0.0187 
0.0161468 -0.009189559999999999 -0.0156 
0.00248268 0.0124 -0.000427198 
-0.012034 0.0124 0.0137175 
-0.0227 -0.00742252 -0.0115568 
-0.00997467 -0.0124 0.00279671 
-0.00374522 0.0124 0.008869490000000001 
-0.0194163 -0.0124 -0.00656659 
-0.0227 0.00301825 -0.0123886 
0.0227 -0.00697808 -0.0136561 
0.00950875 0.00186436 0.0144 
-0.0126593 0.0124 0.010517 
0.0223286 -0.00971822 0.0144 
-0.009084429999999999 0.00459182 -0.0177 
0.0227 0.00559856 -0.0121671 
0.00694361 -0.0124 0.00686027 
0.00645496 -0.0061878 -0.0177 
-0.0189811 0.0124 0.00240651 
-0.0227 -0.00745585 -0.00600331 
0.0227 -0.00549087 0.0134297 
0.0141436 -0.00978789 -0.0177 
0.00489945 -0.000804032 0.0187 
0.009574940000000001 -0.0124 0.009424979999999999 
0.0146106 -0.00974588 -0.0144 
-0.0225902 -0.00514241 -0.0148098 
-0.0174 -0.008177739999999999 -0.0167102 
-0.0140737 -0.0124 0.0116008 
0.0227 -0.009026380000000001 0.00593323 
0.013474 -0.000590237 0.0202 
0.00376171 -0.0124 -0.0041851 
-0.00794227 0.00378502 -0.0177 
0.0156574 0.0124 -0.00610494 
0.0211465 0.0109535 0.00799942 
0.0178303 -0.0124 -0.00691041 
0.00333007 0.00823048 0.0159 
-0.0136378 -0.00314983 -0.0177 
-0.00921486 0.00103038  0.017 
0.0127229 -0.0124 0.00372488 
-0.0227 0.00484627 -0.00382548 
-0.0115242 -0.0124 -0.0119672 
-0.00132694 0.0124 -0.00404662 
0.00955664 -0.00340063 0.0150069 
-0.0227 0.0009778199999999999 0.00336118 
-0.0200518 0.00028427  0.017 
0.00128302 0.0124 -0.00607588 
0.019659 0.0124 0.00825265 
0.0227 -0.000153043 -0.00611576 
0.00355235 0.0124 0.00360563 
0.0111593 -0.00802809 -0.0144 
-0.00762686 -0.0124 0.0110066 
0.0157036 -0.00946523 0.0166235 
0.0227 0.0036894 -0.00956278 
0.0169861 0.0037901 -0.0176983 
-0.00912746 0.00100538  0.017 
0.0139895 0.00354262 0.0147 
0.0152147 -0.00958237 0.0144 
-0.017679 0.002263 -0.0159 
0.00784924 0.0124 -0.0139724 
0.0185626 -0.0124 -0.0138533 
0.00383259 -0.00224694 -0.0144 
0.00438445 -0.00240995 -0.0156 
0.008257240000000001 -0.0101923 -0.0144 
-0.00704341 -0.00673271 -0.0175084 
-0.0162846 -0.0124 0.0138107 
-0.0085795 0.0121784 0.0152269 
0.00188291 -0.0124 0.00397423 
0.0163338 -0.000435362 0.0187 
-0.000780906 -0.0124 0.00268998 
0.00216342 -0.0027733 0.0148035 
0.00423067 -0.00561363 -0.0167219 
0.0180311 0.00202906 0.0162 
0.0217808 -0.00312549 -0.0156 
-0.00411723 0.00540123 -0.0159361 
-0.0227 0.00521184 -0.00290839 
0.0195716 -0.0124 -0.00161475 
0.00950808 0.0124 0.0122552 
0.0120083 -0.00045 0.0200477 
-0.0147122 0.00382359 -0.0177 
0.0106935 0.00173581 0.0198931 
-0.0191937 -0.0124 0.0137998 
0.0227 0.00199985 0.00649838 
0.00120299 -0.0124 -0.0075446 
-0.0176854 -0.0124 0.00407427 
0.0227 0.00714502 0.00508508 
-0.0200706 0.009536670000000001 -0.0155321 
0.0124133 0.00124621 -0.0156096 
0.0153936 0.00344621 0.0158153 
1.50427e-05 0.0124 0.0141126 
0.009543050000000001 -0.0012172 0.0144 
-0.00573985 0.0124 0.00646191 
0.00178175 0.00628231  0.017 
0.0218684 -0.00949121 -0.0144 
-0.0211562 -0.0123455 -0.0105834 
0.0186858 -0.00715481 0.0162 
-0.0116534 -0.012065 0.0156504 
0.0181945 0.00950146 -0.0144 
-0.0066521 0.00728583 -0.0172981 
-0.00971108 -0.0124 -0.011549 
-0.0213706 -0.008399999999999999 0.015691 
0.0227 -0.00295146 -0.00796174 
0.0218166 -0.00247988 -0.0177 
0.0227 0.00570884 -0.00551385 
0.0129159 0.008069450000000001 0.0144 
0.00414683 -0.0124 0.0032189 
0.018329 0.0105803 -0.0144 
-0.0227 0.00204241 0.0029437 
0.008259590000000001 -0.00905567 0.0182613 
0.00794369 -0.0124 0.00245962 
-0.0117961 0.0124 -0.00487358 
0.00284997 0.0124 0.0142327 
0.00975648 -0.00182729 -0.0144 
-0.0176654 -0.00281036 -0.0159 
-0.0168444 -0.00429749  0.017 
-0.0221211 -0.0118067 -0.0031255 
0.0118743 0.0124 0.0036365 
-0.0220639 0.00621602 0.0167739 
0.00222604 0.0105467 -0.0159 
0.00378987 -0.0124 -0.00566697 
0.0153401 -0.00953788 -0.0177 
0.0211216 -0.0109784 -0.014284 
0.00879767 -0.00489064 0.0166768 
-0.00684249 0.00671279  0.017 
0.00331582 0.0124 0.007976799999999999 
0.0135632 0.00842009 -0.0177 
-0.00229895 0.00213856 -0.0164811 
0.0112571 -0.00991306 -0.0176827 
0.00449521 0.0123274 0.0153709 
-0.007997850000000001 0.00458384 -0.0177 
0.0205081 0.00447838 0.0144 
-0.00158518 0.0124 -0.00275307 
-0.00117246 -0.0123237 0.0146847 
0.0163434 -0.0100475 -0.0144 
0.0154394 -0.00175634 0.0187 
-0.00206663 -0.0103054 -0.0159 
-0.0139006 0.00808888 -0.0177 
0.0122465 0.00345022 -0.0177 
0.0166676 0.0039758 -0.0165441 
0.0227 -0.00608318 0.009040970000000001 
0.00287302 0.0061145  0.017 
0.0227 0.00752902 0.0026051 
0.0212589 -0.00268906 0.0187 
-0.000352205 7.6902e-05 -0.0144 
-0.0139968 0.0124 0.00163698 
-0.00770155 -0.0124 -0.0141879 
-0.0227 -0.00662158 -0.00243413 
0.0135546 0.00993785 0.0185833 
0.00343795 0.00422815 0.0185729 
0.00288636 0.0124 0.000575915 
-0.0210008 0.0118208 -0.0159 
-0.0227 0.00971139 -0.001895 
0.022479 0.000481183 0.0184803 
-3.90178e-05 0.0124 0.0133523 
0.00379867 -0.00315499 -0.0177 
-0.00676981 -0.0124 0.00424183 
0.0218476 0.00259115 -0.0144 
-0.00019929 -0.0124 0.002629 
-0.0063029 -9.51812e-05 -0.0171105 
-0.0227 -0.00266086 0.00267835 
0.0193492 -0.00727435 0.0181959 
0.0141009 0.0124 0.00110471 
-0.0135773 0.0092 -0.0169356 
0.017159 0.00268682 0.0162 
-0.0069152 -0.00232589  0.017 
-0.00467571 0.0108929 0.0159 
0.00474917 -0.00727642 0.0145378 
-0.0204623 0.0124 -0.0127583 
-0.012025 -0.0124 -0.00250805 
0.0169052 0.0124 0.00604678 
0.0193006 -0.0124 0.00173206 
-0.00179318 -0.0124 -6.5872e-05 
0.0140439 -0.00430035 0.0162 
-0.00556989 -0.0124 0.009206840000000001 
0.00923592 -0.00309239 0.0158622 
0.0175454 0.00527048 -0.0144 
0.0147862 0.0017768 0.0147 
0.00370251 0.0124 -0.00958754 
0.0162909 0.0124 -0.0106622 
0.0192929 0.00339065 0.0162 
0.0159789 -0.00225034 0.0187 
0.0223502 -0.009749809999999999 0.009857879999999999 
-0.00123574 0.0124 0.000609533 
0.0162157 -0.0047558 0.0179705 
0.0217276 0.007819110000000001 -0.0144 
-0.0227 -0.008812739999999999 -0.0109057 
-0.00633973 -0.0124 -0.011937 
0.0227 -0.00163836 0.0129801 
0.0121211 -0.0124 -0.0014995 
0.0176029 0.008718439999999999 0.0144 
0.0144018 0.006142 -0.0156 
0.00184921 -0.000490731 0.0146252 
0.00297864 -0.00303124 -0.0168039 
0.0126788 -0.0124 -0.011799 
-0.0174 0.00701295 -0.0168311 
0.010675 -0.0124 -0.00380882 
-5.69053e-05 -0.0124 -0.00575081 
0.0123427 -0.0124 0.00108586 
0.000863705 -0.00584295  0.017 
0.0174864 -0.0124 0.00157179 
0.0166419 -0.0017485 0.0160098 
0.00998452 0.0124 -0.0110892 
-0.009909569999999999 0.00585276  0.017 
-0.0122833 0.0124 -0.00235997 
0.00310756 -0.00625345 0.0169765 
0.0176522 0.00309361 0.0144 
-0.0122702 -0.0092 -0.017655 
-0.0212693 -0.0119037 0.0144647 
0.008221050000000001 0.0060031 0.0167262 
0.0134811 -0.00471808 0.0187 
-0.0210492 0.0123692 0.00747459 
0.008125749999999999 -0.0119734 0.0144 
0.00852028 0.00573698 -0.0167515 
0.00396147 0.0065 -0.0144536 
0.00741452 -0.00304793 0.0187 
0.0211594 0.0109406 -0.00488968 
-0.0117278 -0.00498152 -0.0177 
0.00436108 0.0124 0.008103259999999999 
-0.012578 0.0080795 -0.0177 
-0.0145975 -0.00447275 -0.0177 
0.0146133 -0.00702174 -0.0177 
0.0107117 0.00240564 -0.014532 
-0.0227 -0.00520337 0.008036639999999999 
0.00354136 0.00989252 0.0158805 
0.0127281 0.000360455 0.0186 
0.00201043 -0.00860752 0.0159 
0.0215033 0.0105967 0.00464553 
0.0227 -0.008840539999999999 0.00950724 
0.0148425 0.00239402 0.0147 
-0.0174 -0.0005957580000000001 -0.0160536 
0.00218571 0.0065 -0.0158239 
0.0120187 0.0124 0.0135124 
0.0174682 0.00952016 0.0144 
0.0227 0.00780362 -0.000401765 
-0.0150893 -0.0124 -0.0111968 
0.0076596 0.00619494 0.0175754 
-0.00108773 -0.00642275 -0.0144 
-0.0151615 0.0123875 0.0144468 
-0.00224143 -0.0081225 -0.0194 
-0.0171434 -0.0122474 0.0152936 
0.00954905 0.008929670000000001 -0.0177 
-0.00105161 -0.0124 -0.0033807 
0.0035001 0.00550244 -0.0144 
-0.0227 -0.00992007 0.00192891 
0.0118291 -0.00458532 0.0144 
0.0227 -0.00281633 0.00590538 
0.0227 0.00448634 -0.00193749 
0.00362751 -0.0045923 0.01803 
0.0191479 0.00931452 0.0144 
-0.0009964489999999999 0.00676809 -0.0169622 
0.00362854 0.000518291 0.0144 
0.0227 0.00216235 0.0127046 
-0.00714213 0.00548547  0.017 
-0.0226052 -0.0060052 0.0147539 
0.0212291 -0.00392496 0.0187 
0.0153484 0.00408164 0.0187 
0.012197 -0.00847476 0.0162 
0.0160724 -0.0124 0.013616 
0.0219245 -0.00508201 0.0144 
0.0227 0.00431505 0.0071402 
0.0171252 -0.00302231 0.0187 
-0.00384535 -0.007 0.0166936 
0.0178147 0.00672764 0.0187 
-0.0162386 0.0124 0.0105192 
0.00095 -0.00680396 -0.0157749 
0.0132913 0.000592529 0.0202 
-0.0139024 -0.0124 0.00661687 
-0.0130529 -0.012297 -0.0147845 
-0.000814451 0.00212393 -0.0165056 
0.00398759 -0.009724780000000001 -0.0144 
0.000588764 -0.0124 -0.00860351 
0.00300801 0.0124 -0.0117615 
-0.0227 -0.008602820000000001 0.00988346 
0.00771032 -0.0124 -0.0114889 
-0.00593106 -0.0082214 0.0159 
0.0227 0.00873898 0.0126607 
0.00193673 -0.00910239 0.0159 
-0.0166469 0.0109849 0.0156049 
0.00819917 -0.00725773 0.0144 
0.0044555 0.0105586 -0.0144 
0.0061071 0.00406098 -0.0177 
0.00733718 0.0113444 0.0144 
-0.0203422 0.0124 0.00666371 
0.00227187 0.0123377 0.0146327 
-0.0121255 -0.007 0.0159505 
0.0154459 0.0051881 0.0187 
-0.0197454 -0.0124 0.00325919 
-0.0111764  0.007 0.0163244 
0.0169509 0.000635047 0.0160683 
-0.000757736 -0.00340862 -0.0164096 
0.00148544 0.0124 0.0111512 
0.019375 -0.0124 -0.0129015 
-0.0227 -0.00485871 0.00534759 
0.0222157 0.00988428 0.01375 
0.0211325 -0.0050435 -0.0162776 
0.0105666 -0.0016611 0.0144 
0.0112391 -0.00538512 -0.0177 
-0.0170596 -0.0113682 -0.0159 
-0.00589073 -0.00677827  0.017 
-0.00454858 -0.0124 0.00311762 
-0.00463413 0.0124 0.0106997 
-0.00456262 -0.007 0.016186 
-0.00253556 0.00296796 -0.0192875 
-0.0220996 0.011298 0.0147159 
0.01637 0.00151159 0.0144 
-0.0157496 0.0060782  0.017 
-0.0227 0.00850215 0.00996609 
0.019449 0.0124 -0.0106866 
0.0100093 0.00460828 0.0162 
-0.00132836 -0.0124 0.00476753 
0.0114345 0.00882486 -0.0156 
-0.0101351 -0.0124 0.0135931 
0.0203078 -0.0117922 0.0094062 
-0.00949263 0.0124 -0.0142738 
0.0153858 0.00349767 0.0144 
0.0104298 -0.0124 0.00476686 
-0.017286 0.0124 -0.00195865 
0.00580981 -0.0124 -0.00734595 
0.00509558 -0.000773896 -0.0156 
0.0195115 -0.00489497 0.0162 
-0.0227 0.00215542 0.00158649 
-0.0227 0.0073915 -0.0141412 
0.00277722 -0.00647026 -0.0144 
0.015673 0.008073200000000001 -0.0156 
0.0227 -0.00283815 0.0106142 
-0.0141706 -0.009975940000000001 -0.0159 
0.00130823 -0.0124 -0.00720226 
0.00640211 0.0124 0.0133102 
0.000692186 0.0109948 -0.0159 
-0.0199826 0.008534440000000001 0.0153415 
-0.008726909999999999 -0.0124 0.00893036 
-0.0227 0.00851296 0.00445193 
0.0208124 0.009239229999999999 -0.0144 
0.00283744 0.0124 -0.00414542 
-0.00241917 0.0124 -0.00688478 
-0.018959 -0.008804080000000001 0.0159 
0.011862 0.0124 -0.0123485 
0.00095 0.00777749 -0.0155819 
-0.00200489 0.0124 -0.00856177 
-0.0215704 -0.007 0.0159222 
0.00430999 0.00573773 -0.0165627 
-0.0227 0.00694354 -0.00752276 
0.0170007 -0.009368400000000001 -0.0144 
0.0199234 -0.000815466 0.0187 
0.00656559 -0.0124 -0.00587403 
-0.0227 0.00186808 0.0132843 
0.00528218 -0.0124 0.00516011 
0.0227 0.00247452 0.00722559 
0.0211693 -0.00606088 0.0144 
0.009559389999999999 -0.0035557 -0.0156 
0.011456 0.0100643 0.0144 
0.00498043 0.0098809 0.0159 
-0.0227 -0.00293596 -0.00332251 
-0.00536617 0.00175398 -0.0166072 
0.00917689 -0.0124 0.00412223 
-0.0010679 0.0110591 -0.0159 
0.00624769 -0.00738287 0.0162 
-0.012808 -0.0124 0.0062297 
0.0121846 -0.0115422 0.0144 
0.00186783 0.0124 -0.0054015 
-0.00133231 -0.0119544 0.0159 
0.00328664 0.0124 0.0132796 
-0.0218681 0.00888595 -0.0159 
-0.00405 -0.00486522 -0.0144816 
-0.00579242 -0.0113016 -0.0159 
0.00929876 -0.009473260000000001 0.0185474 
-0.00383122 -0.0124 0.0102252 
0.0127874 0.00657713 -0.0156 
0.00708441 -0.0104249 -0.0159 
0.0145449 0.0124 0.00778715 
0.00160737 -0.0124 0.00206084 
-0.000797719 0.00345781 -0.0178682 
0.0108166 0.0124 0.00291773 
0.0216809 -0.00394171 -0.0157527 
0.00634245 -0.0122425 -0.0149876 
-0.0184042 0.0124 0.008377890000000001 
0.0220888 0.0012854 0.0144 
-0.0227 -0.00833067 -0.00530172 
-0.0161242 -0.0124 0.00398725 
0.0102071 0.00306425 0.0144 
-0.0227 0.00666996 -0.00778425 
0.0126909 0.0052033 -0.0177 
-0.0200452 -0.0124 0.00284473 
0.00326482 -0.00313607 -0.0144 
0.00409961 0.00140198 -0.0144 
-0.0227 0.00399501 0.0141314 
-0.0192519 -0.0107246 0.0156677 
0.00484337 0.00152574 -0.0156 
0.0183199 0.00291112 -0.0156 
0.0114683 -0.0111292 0.0144 
-0.00808848 -0.00904575 0.0159 
-0.0146354 -0.0124 0.008799349999999999 
0.0205983 0.00508632 -0.0156 
-0.009708339999999999 -0.0124 0.00282909 
-0.0203434 -0.00402846  0.017 
-0.017903 0.0124 -0.00438126 
-0.00262363 -0.00185678  0.017 
0.00429856 -0.0057202 0.017744 
0.009729700000000001 -0.00743283 -0.0144 
-0.00733618 -0.00258095 -0.0176657 
-0.0227 -0.00122564 -0.00671487 
-0.00290206 0.0124 -0.00851184 
0.008718190000000001 -0.008051930000000001 -0.0156 
0.0152311 0.00232914 0.0147 
-0.00269414 -0.0124 0.00522983 
-0.0203545 -0.00142048 -0.0159 
-0.0227 -0.00452941 0.00463482 
-0.00762909 -0.0124 0.0107545 
-0.0212026 0.0119247 0.0148258 
-0.00726208 -0.0124 0.00185535 
0.00303458 0.00320298 -0.015803 
0.019188 0.006131 -0.0156 
0.0227 0.00761797 -0.0119025 
-0.00754774 0.00471748 -0.0177 
0.0227 -0.00347156 -0.0109064 
-0.00220377 0.00441062 -0.0144 
-0.0172477 -0.00601419 -0.0177 
-0.00322147 -0.0124 -0.00246784 
0.0112661 -0.000195362 -0.0152582 
-0.0227 0.00765535 0.0107425 
-0.022466 0.0113347 -0.00543238 
0.0227 0.00164954 -0.0030171 
-0.0214795 -0.00326305  0.017 
-0.00281727 -0.00692026  0.017 
0.00450204 -0.0124 0.00782772 
-0.000647129 0.00802922 -0.016122 
0.0201298 -0.00300901 0.0144 
0.00632485 0.0124 0.00636652 
0.00281776 -0.0124 -0.00924726 
-0.0156912 -0.00520356  0.017 
0.011917 -0.00704261 -0.0177 
0.0219536 0.000917645 0.0162 
0.00149695 0.0104625 -0.0159 
-0.0227 -0.00365567 -0.00380494 
0.009977440000000001 0.00372347 0.0148129 
-0.00861668 0.0124 0.0063473 
0.0132065 0.00742556 0.0162 
0.0210209 0.00244377 -0.0177 
0.0184551 0.000508212 -0.0156 
-0.0121908 0.00701448 -0.0177 
0.0227 -0.000463623 -0.0113682 
3.71173e-05 0.00166603 -0.0144 
0.00675734 0.00152092 -0.0156 
0.0176579 -0.00162048 -0.0156 
-0.0227 -0.00432874 0.00167957 
0.0112161 -0.0124 0.00329172 
0.00762858 0.0124 -0.00160991 
-0.008642159999999999 0.0124 0.012027 
-0.0183968 0.0124 -0.000443214 
0.0059837 0.008740899999999999 0.0155532 
-0.00421771 -0.00277809 -0.0159901 
0.0032087 -0.0124 -0.00537019 
0.0061107 -0.0124 0.0122215 
0.0227 -0.00594507 -0.0004988870000000001 
0.00825242 0.00391638 0.0168864 
0.009575520000000001 -0.0124 0.00641625 
0.0164167 -0.00474896 -0.0144 
0.0148314 0.00088403 0.0144 
0.00253941 0.0124 0.000232064 
0.0139167 -0.0124 -0.0119441 
-0.0162772 -0.0124 -0.0141236 
0.001349 -0.012234 0.0150194 
-0.00885755 0.00685476 -0.0177 
0.0180622 0.0124 -0.000601302 
-0.00477823 -0.0124 0.00903728 
0.00425911 -0.00239932 -0.0177 
0.00546005 0.0120256 0.0157973 
0.0227 -0.00481376 0.00534298 
-0.0102215 -0.0124 0.014319 
0.0131651 0.0124 -0.00368268 
-0.0159963 0.0124 -0.0133813 
-0.0113943 -0.0123703 0.0145107 
0.0065228 0.008006259999999999 -0.0159171 
0.0227 -0.00730139 0.0104444 
-0.0203454 -0.0124 0.008290179999999999 
-0.0101144 -0.0124 -0.00497681 
-0.00375448 0.0026124 -0.0144 
0.0163297 -0.009227310000000001 0.0171662 
-0.0146104 -0.0124 -0.000108047 
0.00959584 -0.0124 -0.011272 
-0.0144352 -0.0124 -0.00583916 
-0.0187172 0.009041189999999999 -0.0159 
-0.0187216 0.0124 -0.000809725 
-0.0136039 0.0124 -0.0108919 
-0.0219265 -0.0119774 -0.0123253 
-0.0227 -0.00956138 -0.0139963 
0.00666571 -0.00811592 0.0184548 
-0.0211799 0.00856814 0.0148408 
0.00319475 0.00569594 0.0155483 
-0.00693957 -0.0124 -0.0124985 
-0.00422875 0.00538552 -0.015996 
-0.00991709 -0.00813645 -0.0177 
0.0141574 0.00709801 0.0162 
-0.016995 0.00524842  0.017 
-0.00141591 -0.0124 0.00496551 
-0.0223693 0.0114985 0.0142368 
0.013991 -0.0124 -0.00925229 
-0.00327799 -0.0124 -0.0124703 
-0.0137239 -0.0124 -0.00566304 
0.0043001 -0.0124 -0.0135551 
0.0144639 -0.008484159999999999 0.0187 
0.0123928 1.92604e-05 -0.0144 
-0.00998665 0.0124 0.00478142 
0.00525184 -0.0124 0.0002841 
-0.00188797 -0.0124 0.00197328 
-0.0169352 0.0124 -0.008992679999999999 
0.0179146 -0.0124 -0.0118854 
0.00259696 -0.001319 -0.0159848 
0.0204996 -0.0116004 -0.0100934 
0.0227 -0.00176646 -0.0105314 
0.00933457 -0.00319715 0.016007 
0.0150685 -0.00392364 -0.0144 
-0.014908 0.0124 0.00140198 
0.020967 -0.00728105 -0.0144 
0.011302 0.0124 0.00215121 
-0.0144631 -0.00911323 -0.0177 
0.0141696 0.00985688 0.0175106 
0.0102471 -0.0124 -0.000164387 
-0.00443017 0.0124 0.00174056 
0.00399084 -0.00858509 -0.0159 
0.00448181 0.00436204 -0.0177 
-0.00360855 -0.0124 -0.0134765 
-0.0227 -0.00401435 -0.00355613 
-0.0227 -0.009204489999999999 -0.00732641 
0.0158822 0.00370849 -0.0144 
0.0105409 -0.00471147 -0.0177 
-0.0185449 0.0120161 -0.0158329 
0.0175194 0.0124 0.00325714 
0.017813 -0.00614463 -0.016162 
-0.010608 -0.0124 -0.00569753 
-0.00529862 -0.0124 -0.0016773 
0.0204927 0.00443518 0.0144 
-0.00953906 -0.009660810000000001 -0.0159 
-0.00106046 0.00847147 -0.0163993 
-0.0116504 -0.0124 0.00693066 
-0.0205719 0.0112958 -0.0159 
0.014863 -0.0124 -0.00557668 
-0.00827803 -0.0124 -0.000504233 
-0.000910005 0.00356819 -0.0186785 
0.009736130000000001 0.00221712 0.0144 
0.0208197 -0.00474158 0.0162 
0.009738989999999999 -0.0124 -0.00525489 
-0.00959088 0.0115672 -0.0159 
0.0110623 0.009894119999999999 -0.0144 
-0.0227 0.00710266 0.00224501 
-0.00251222 0.00252943 -0.0186495 
0.000120732 -0.0124 0.00539781 
-0.00215716 -0.0030884  0.017 
-0.0227 0.00156316 -0.0121391 
0.0227 -0.000594613 -0.00484403 
-0.0112085 -0.000783137  0.017 
0.0188176 -0.000391194 -0.0156 
-0.00659544 -0.0124 0.0123008 
-0.000398956 -0.0124 -0.00404797 
0.0023884 -0.00361977 0.0149456 
-0.00676573 0.00687905 -0.0173592 
0.0227 -0.0060794 0.00478113 
0.008716399999999999 -0.000640852 -0.0144 
0.000639059 0.009744239999999999 0.0159 
-0.0158832 -0.0124 0.0110664 
0.0218524 0.00352778 -0.0158467 
0.00600533 -0.000738653 0.0162 
-0.0121337 -0.007 0.0161074 
0.0165273 0.00125504 -0.0144 
-0.00456689 0.00409934  0.017 
0.0136404 -0.00624139 0.0187 
-0.009504250000000001 -0.00658268 -0.0177 
-0.021138 0.009675990000000001 0.0158 
0.0205282 0.0115718 0.0122004 
0.000940433 0.00874053 -0.0144 
0.00867856 0.00246111 -0.0177 
0.0149623 -0.0124 -0.0119989 
0.00526246 0.0124 0.0103356 
0.0154719 0.0067388 -0.0156 
-0.0192186 -0.0124 -0.0110156 
-0.00405 -0.00117141 -0.0149873 
0.0219885 0.00849194 -0.0144 
-0.0227 -0.00426145 0.0043181 
-0.0193575 0.00963197 -0.0159 
-0.0217667 -0.0120896 -0.00540088 
-0.00833831 0.0124 -0.00220479 
-0.0227 0.00272305 0.008468669999999999 
0.0197216 0.0123784 -0.00661092 
0.0115145 0.00789336 0.0187 
0.0119421 -0.0124 0.0127316 
0.0195028 0.012012 0.0144 
-0.0160908 -0.0124 0.0142375 
0.0199744 0.00506625 0.0144 
0.0204082 0.0116918 0.0109217 
0.0183642 0.00580032 0.0183499 
0.0126476 -0.00591305 -0.0156 
0.0217647 -0.0103353 -0.00665402 
0.011819 0.0124 -0.0085428 
-0.0182521 -0.0124 0.0140017 
0.0227 0.00329521 0.0060657 
0.0128597 0.0124 0.008704079999999999 
0.0121163 0.0124 0.00853866 
0.0123331 0.00557637 -0.0177 
0.0198679 -0.0122321 0.0050737 
-0.0227 -0.00254885 -0.00260275 
-0.0069037 0.00672374  0.017 
-0.0159057 0.0124 0.0131856 
0.0149531 0.00644577 -0.0156 
0.00379423 -0.00158779 0.0162 
0.0227 -0.0027187 0.00569985 
-0.00750568 0.007818159999999999 -0.0177 
-0.0150632 0.0124 0.000165049 
0.00914359 0.0124 -0.00829587 
0.0184457 -0.00388759 0.0162 
0.00461184 0.0124 0.00109641 
-0.0227 0.00425135 -0.0113831 
-0.0205479 -0.0124 0.00634321 
-0.0185497 0.0124 -0.00546507 
-0.00423466 0.000481728 -0.0159992 
0.0220836 -0.00739842 0.0144 
-0.00250024 -0.00489143 -0.0168468 
0.00406508 -0.0124 -0.00695826 
0.0051855 -0.012104 0.0155048 
-0.0225287 0.0103514 -0.0150393 
-0.00568837 -0.0100973 0.0159 
0.0227 -0.00253144 -0.00714996 
-0.0227 -0.00835837 0.00795352 
0.00451935 -0.00344222 0.0162 
0.00419949 -0.0124 0.00559129 
0.00448202 0.00248347 -0.0177 
-0.00316214 0.0124 0.00290555 
-0.0219239 0.0119794 -0.0121978 
-0.020202 -0.0111169 -0.0159 
0.0115254 -0.0114153 0.0144 
0.0134246 0.00250246 0.0194151 
-0.0227 -0.00426284 -0.00472762 
0.0098081 9.36521e-05 0.0188656 
0.0227 0.00697896 -0.00310342 
-0.00408177 0.0124 -0.00855532 
0.00841745 0.009078900000000001 -0.0156 
0.0053067 -0.00724347 -0.0144 
-0.00242817 0.00712333 -0.0186151 
0.008617319999999999 -2.63408e-05 -0.0177 
0.00782483 -0.0124 0.0117524 
-0.00671315 0.00485705 -0.0173309 
-0.010335 0.0124 -0.0031515 
0.00753108 0.000280572 0.0187 
0.01482 -0.0124 0.0105079 
0.0227 0.00148348 -0.00430581 
0.0171947 0.00263703 0.0162 
0.000230851 -0.0124 -0.0072849 
-0.00861086 0.0120375 -0.015753 
-0.00331809 -0.0124 -0.009244209999999999 
-0.0174 0.00619345 -0.0173935 
-0.00405 0.00310676 -0.0157693 
0.0136924 0.000620246 -0.0183 
-0.0215078 -0.0122281 -0.00421058 
0.0168414 -0.0124 0.0143097 
0.00524225 -0.0124 0.00538996 
-0.0227 -0.00521447 -0.00417556 
-0.00960829 0.0124 -0.00669344 
0.0197529 0.00296963 0.0162 
0.008262469999999999 0.00284055 0.0162 
-0.008321769999999999 -0.0124 -0.0143854 
0.0124705 0.0124 -0.0058764 
-0.0196056 -0.008728110000000001 0.0154657 
0.0227 -0.00460939 0.008133420000000001 
0.00333724 0.0034182 0.0144 
0.0204511 -0.0116489 0.0106674 
0.0227 -0.00546383 0.0124441 
-0.00160808 0.0064913  0.017 
0.007848229999999999 -0.00278507 0.0162 
-0.0227 0.000551268 0.00824971 
0.0154671 -0.00841926 -0.0156 
-0.0126932 0.0124 -0.0128375 
0.0227 -0.00466096 -0.00598558 
-0.00823461 -0.00549405  0.017 
0.0225352 -0.00956484 -0.008323850000000001 
0.008102349999999999 -0.00491433 0.0144 
-0.0173582 -0.0124 0.00349803 
-0.0132935 -0.0124 0.00514571 
-0.0189666 -0.0104782 0.0148231 
0.000362108 0.00340449  0.017 
-0.0137515 0.0124 0.00311041 
0.011461 0.0124 -0.0103074 
0.0072515 -0.007824299999999999 0.0162 
-0.0131317 0.0124 0.009447570000000001 
0.00645365 -0.00435178 -0.0173628 
-0.0130095 0.0124 -0.013094 
0.00559628 -0.0124 0.00921483 
-0.00290926 -0.00741054 -0.0144 
0.00712118 0.0124 -0.000299971 
-0.0227 -0.0015306 0.0142073 
0.0161566 0.0110501 -0.0144 
-0.0226312 0.0109196 -0.00641089 
-6.31734e-05 -0.00564271 -0.0144 
-0.0227 0.00410368 0.0054181 
0.00665957 0.00498603 0.0144 
-0.0112162 -0.00842466 0.0159 
0.0115666 -0.00344141 -0.0156 
-0.0209167 0.01145 0.0154707 
0.0218589 -0.00853052 -0.0144 
-0.0202047 -0.0124 -0.00470217 
0.0113193 -0.0124 0.0040829 
-0.00185023 0.00424713 -0.0161921 
0.0117043 -0.0124 -0.000859004 
-0.0227 0.00213488 -0.00529513 
0.00525033 0.008110030000000001 0.0154606 
0.00791583 0.0124 0.00661301 
0.00537404 0.0009805790000000001 0.0162 
0.010237 0.00441493 -0.0177 
-0.000641951 0.00739051 0.0159 
0.0149871 0.0124 -0.00212886 
0.0227 -0.00284747 -0.0128913 
0.00372227 0.008525069999999999 0.0159 
0.00338956 0.00291379 -0.0177 
0.00175279 -0.0124 -0.00494552 
-0.00333376 0.00391657  0.017 
0.0227 -0.00103297 -0.008139560000000001 
0.0227 -0.009280139999999999 -0.0039089 
-0.0227 0.00725607 0.00459012 
-0.008339920000000001 -0.0124 0.00605493 
0.008158810000000001 -0.00346183 -0.0177 
0.00174475 0.0124 0.00190561 
0.0126131 0.00183789 0.0201948 
-0.0227 0.00936184 -0.00374303 
-0.00446312 0.0124 -0.00533208 
0.00638211 -0.0124 0.0138516 
-0.00521832 0.0124 -0.008682189999999999 
0.009152739999999999 -0.00942253 0.0174091 
0.00448203 0.0123304 0.0148816 
-0.0160934 -0.0071132 0.0159 
0.00433041 -0.0124 -0.0130937 
-0.0091562 -0.0124 0.0023917 
0.0227 0.00205045 -0.00662946 
-0.0171946 -0.0124 -0.00527752 
0.00105963 -0.0124 -0.00868566 
-0.0166349 0.00119649  0.017 
0.00351165 0.0124 -0.0117932 
-0.0227 0.00659071 0.0024378 
-0.000709543 0.00465987 -0.0189053 
-0.0135696 -0.0124 0.0137392 
-0.0227 -0.00717755 0.000969039 
-0.0225877 0.0110577 -0.00745659 
-0.0174 0.00293154 -0.015922 
-0.0141927 -0.0124 -0.010132 
0.0197062 -0.0123938 -0.0121203 
-0.00164267 0.00619547 -0.0188203 
0.010005 0.000340691 0.0147 
0.00348233 0.0100344 -0.015519 
-0.009450989999999999 -0.00862255 -0.0177 
-0.000601318 0.00791351 -0.0151145 
0.0165584 -0.0124 -0.0125074 
-0.0227 0.00991597 -0.00030604 
0.010294 -0.00500419 0.0144 
-0.0169479 0.009820560000000001 -0.0159 
0.0126076 0.000242212 -0.0144 
0.0227 -0.00206647 0.00423107 
0.00931505 -0.00779705 -0.0177 
0.0122836 -0.0124 0.0113922 
-0.00813759 0.00649834  0.017 
-0.015877 0.0124 -0.00848757 
0.0142979 0.00766123 0.0144 
-0.0227 -0.0027912 0.0142989 
-0.0061753 -0.00250687  0.017 
-0.00498202 -0.00319012 -0.0164008 
-0.010479 0.00488224  0.017 
0.0182161 -0.0124 -0.0036584 
0.00594304 0.00114898 0.0144 
0.00819198 0.0124 -0.0124439 
-0.0226518 0.0108275 0.00421905 
0.00952774 0.000385484 -0.0150386 
0.00258801 -0.0124 0.0121609 
0.00696439 0.0124 0.0110177 
0.0227 0.00696745 -0.00622495 
-0.0106094 0.009612910000000001 -0.0159 
-0.000335191 0.011893 -0.0159 
0.009051170000000001 0.00412323 -0.0177 
0.0120249 -0.0039259 0.0187 
-0.00121515 0.00374195 -0.0192137 
0.0165447 -0.00617806 0.0187 
-0.0189309 -0.0124 0.013355 
0.00744829 -0.00125152 0.0187 
0.0214969 0.0106031 -0.008307230000000001 
-0.00199886 -0.00457764 -0.0194 
0.0186589 -0.01027 -0.0144 
0.0120876 -0.00828738 0.0187 
-0.00191652 0.0124 0.0041822 
0.00428254 0.00194084 0.0187 
-0.014996 0.0124 0.00578246 
0.000450732 0.0101 -0.0145407 
-0.00254987 0.00519713 -0.0149893 
0.0183502 0.0124 -0.0140621 
0.0227 0.008961139999999999 0.00504562 
0.008565329999999999 -0.00910592 0.0187 
-0.0102121 -0.00147364 -0.0177 
0.0104195 -0.0124 0.0140036 
0.00228853 -0.0021508 -0.0144 
0.008745620000000001 -0.0124 0.012419 
-0.0105481 -0.0124 -0.0127308 
-0.0184048 -0.00811273 0.0159 
0.0196505 0.0124 -0.009620689999999999 
0.0170326 0.00774929 -0.0144 
-0.0227 0.00475629 -0.00279484 
-0.0150237 0.0016431 -0.0177 
-0.00148207 -0.0124 -0.00552208 
0.0087528 -0.00115206 -0.0144 
-0.010587 0.0109123 0.0159 
0.00271114 -0.0124 0.00738854 
-0.0186567 0.0124 -0.00667764 
0.015989 0.0112556 0.0144 
-0.011607 0.0124 -0.0110202 
0.0135649 -0.0124 0.00105424 
0.0192573 0.0124 -0.00886401 
0.00526187 -0.0109743 -0.0159 
0.0221411 -0.00118755 0.0187 
-0.00883318 0.00634478  0.017 
0.00509189 -0.0124 -0.008840850000000001 
0.0227 -0.00505378 -0.0119314 
-0.0162512 0.0124 0.0119109 
-0.0226855 0.0106263 0.00128795 
0.00516229 0.0124 0.00588069 
-0.0174035 0.0124 0.0129536 
-0.0025369 -0.0124 0.0115814 
-0.00405 0.00347298 -0.0144856 
0.0160118 0.000856954 0.0187 
-0.0227 0.009126789999999999 0.00638701 
-0.0227 0.0050344 -0.00621178 
0.0227 0.00930161 -0.0119055 
-0.0199315 0.0105 0.0148342 
0.0116641 -0.008614429999999999 0.0162 
0.0168437 -0.00135745 0.0144 
0.007867890000000001 0.00826284 -0.0156 
0.00458961 -0.00610215 -0.0165458 
-0.00692689 -0.00162186 -0.0174458 
0.0138295 -0.00628921 0.0162 
0.00427848 -0.0124 0.00122145 
-0.0227 -0.00470169 0.008485380000000001 
-0.000690105 0.0124 -0.00731381 
-0.000886883 0.0124 0.00488227 
0.017198 -0.00303191 0.0187 
-0.00112377 -0.00429557 -0.0172916 
0.00374667 0.00675172 -0.0159 
0.0103559 -0.00395226 0.0158381 
0.0187465 0.00921841 0.0144 
-0.00621717 -0.00524434 -0.0170645 
-0.0164023 -0.00735073 0.0159 
0.00843021 -0.00912786 -0.0171668 
0.0227 0.00222079 -0.00625955 
-0.0199797 0.0124 -0.0119414 
-0.0227 0.00696124 -0.00355652 
0.00228437 0.0124 0.0126973 
0.0181919 0.008061749999999999 -0.0177 
0.0161234 0.0124 0.00381529 
0.0158007 -0.00123651 -0.0156 
0.0061649 -0.00865198 -0.0148656 
0.0113632 -0.00807483 -0.0144 
0.00701684 0.00225977 0.0187 
0.00955773 -0.000575744 -0.015047 
0.00364583 0.0122752 0.0150583 
0.001793 0.0102187 0.0159 
-0.0225891 -0.00518892 -0.0148138 
-0.00886118 0.0124 0.00692873 
0.021475 0.00137044 0.0187 
0.0173692 0.0124 0.0102405 
0.00879776 0.00500685 -0.0161275 
-0.0207942 -0.008399999999999999 0.0158157 
0.00497455 -0.0065752 -0.015958 
-0.00503303 0.00417749  0.017 
-0.00916602 -0.0124 -0.00708249 
-0.0227 0.00217465 0.00586423 
-0.00246458 -0.00618253  0.017 
0.0111266 -0.0124 -0.00535445 
0.0216389 -0.0104611 0.009363679999999999 
0.0148161 -0.00873149 -0.0144 
0.00406922 4.33475e-05 0.0144 
-0.0219707 -0.0119435 0.0088764 
0.00859914 0.009197830000000001 -0.0166307 
-0.00238479 0.00574903 -0.0147845 
-0.00594454 0.0124 0.00384879 
0.0105065 -0.0124 -0.00981693 
0.00756437 -0.0124 0.0071021 
0.0227 -0.0048283 -0.00119834 
0.0165496 0.0124 -0.00742253 
0.009936499999999999 -0.00462564 0.0162 
0.0149085 -0.0106146 -0.0144 
0.00494207 -0.010354 -0.0150539 
-0.0105936 0.010884 0.0159 
0.00560435 0.0124 0.00193194 
-0.00405 -0.00629112 -0.0148002 
-0.0186589 -0.00998363 -0.0159 
0.00432543 -0.00622267 -0.0144 
0.0038931 0.00551489 0.0144 
0.0120402 0.00613872 -0.0144 
0.0206782 0.0114218 0.00426 
0.0191513 0.0124 -0.0103257 
0.0102127 0.0124 -0.0041116 
-0.0227 -0.00625194 0.0139712 
0.00388429 0.00354447 0.0187 
0.0227 -0.000515749 -0.00774142 
0.0177705 -0.00104477 -0.0144 
0.0154113 0.0124 -0.000132739 
0.0153682 -0.0124 -0.00220174 
0.0227 -0.00132105 -0.000416134 
-0.0220949 0.00470603 -0.0159 
0.00776484 0.0124 -0.00777982 
0.0152876 -0.0124 -0.0126345 
0.00713931 -0.00807921 0.0162 
0.0220186 -0.00274002 0.0162 
-0.0076062 -0.0124 0.00309881 
0.0135492 -0.0124 -0.00587174 
0.0227 0.00156332 -0.00503535 
0.00280014 -0.00240506 0.0162946 
-0.0134338 0.0124 -0.00664917 
0.008839349999999999 -0.0124 -0.00733377 
-0.00249778 0.0123673 0.014522 
0.00658675 -0.0077123 0.0162 
0.00730003 0.0111841 -0.0144 
0.0128949 -0.0124 -0.00200331 
-0.0189343 0.0108475 -0.0159 
-0.0199134 0.009607889999999999 -0.0156671 
0.0065633 -0.0124 -0.0008050690000000001 
0.0214012 -0.0051531 -0.0144 
0.0128984 -0.00448206 0.01554 
-0.00366733 0.0124 0.008952989999999999 
0.00498021 0.00271848 -0.0177 
-0.00438984 0.00859833 0.0159 
-0.0227 -0.00611009 -0.00634258 
0.0210309 -0.0110691 -0.00921307 
-0.00243471 -0.00326411 -0.016586 
0.0227 0.009049929999999999 -0.0005111029999999999 
0.0165113 0.00888923 0.0162 
0.0198509 -0.0113569 0.0144 
0.0227 0.00237237 -0.0076778 
0.00957509 0.00178648 0.0144 
0.000206807 0.00417892  0.017 
0.0148747 -0.00182852 -0.0145227 
0.0168103 0.00827102 0.0162 
-0.0191884 -0.00939748 0.0153256 
-0.00913076 -0.012092 0.0155496 
0.0113763 -0.000545997 -0.018204 
-0.0226402 0.0108801 -0.00218011 
-0.0167099 -0.0124 0.00121347 
0.018026 0.0124 -0.00414229 
0.00736356 0.00371474 -0.016234 
0.0227 -5.02756e-05 -0.00168466 
-0.00850573 0.0124 0.010458 
-0.00405 -0.00534922 -0.015642 
0.0100185 0.00226276 -0.0144 
-0.0126661 -0.008173089999999999 0.0159 
0.0167442 0.007923650000000001 0.0187 
0.0137792 -0.0123417 0.0144 
0.0168521 0.0124 -0.0136349 
-0.0129017 0.0124 0.00344815 
-0.00153831 -0.00999392 0.0159 
0.0157908 0.00216419 -0.0177 
0.00219298 -0.00945299 0.0159 
0.00832019 -0.00897687 0.0187 
0.0165478 -0.0102851 0.0144 
-0.0150082 -0.0124 -0.00458944 
-0.0174 -0.00727389 -0.0162761 
0.0207537 0.00374814 -0.0177 
0.009897919999999999 0.00174879 0.0147 
-0.008094250000000001 0.00427823 -0.0177 
-0.0227 -0.00129907 0.010464 
-0.0222249 0.0116935 -0.0068674 
0.00288686 -0.0124 -0.012796 
0.013507 0.00927155 0.0187 
-0.0222321 0.0116856 0.00670564 
0.00404974 -0.00532962 -0.0166992 
-0.0227 -0.00764943 0.0121345 
0.00646063 -0.00556113 0.0182342 
-0.00582145 0.0124 -0.00614665 
0.00789139 0.0023373 0.0187 
0.00489928 -0.003285 0.0187 
-0.0205606 -0.0124 0.0115543 
0.0072 0.011575 -0.0156927 
-0.009580699999999999 0.0124 0.0140724 
0.0168079 -0.0124 -0.00236216 
0.0155665 -0.00950843 0.0163114 
-0.000588715 -0.00547354 -0.0154315 
0.0111074 -0.0124 0.0143492 
-0.0227 -0.00862066 -0.009026090000000001 
-0.0138278 0.0124 0.0067042 
-0.0171477 0.00336316  0.017 
0.0225597 0.00152281 0.0144 
0.000279629 0.000198626 -0.0144 
-0.0144732 -0.0124 0.00145072 
-0.0171903 0.0105415 0.0145553 
0.0118926 0.008515139999999999 -0.0156 
-0.00131614 0.0124 -0.0113519 
0.0227 0.00668076 0.00390356 
-0.0141006 0.00106334  0.017 
0.0196489 -0.0105351 -0.0144 
0.00682478 0.0122565 -0.0149357 
0.0168236 -0.00306008 0.0187 
-0.0134595 -0.0124 -0.000297438 
-0.00644452 0.0116018 0.0159 
0.00444112 -0.00218166 -0.0144 
0.00576001 0.00182086 -0.0144 
-0.0227 -0.00630037 0.00629743 
0.0191914 0.00430362 0.0144 
-0.000116941 0.0124 0.0127058 
-0.0227 -0.00998477 0.00606577 
0.00465995 -0.0019433 -0.0177 
-0.00300187 0.0124 -0.0125953 
-0.00057218 -0.00780517 -0.0187202 
0.0222839 -0.009816099999999999 -0.0113349 
0.0149045 0.0120527 -0.0144 
0.008338369999999999 0.0124 -0.0090749 
0.0227 -0.00142867 0.00535052 
0.0181022 -0.00011447 -0.0144 
0.0227 0.00335491 0.00243924 
0.00276783 0.0124 -0.00436146 
0.0211434 -0.0109566 -0.0141276 
0.0100159 0.00688317 0.0187 
-0.0183743 0.0120415 0.0157378 
-0.0148969 -0.0107884 0.0159 
0.0124668 0.00460979 -0.0144 
-0.0205277 0.0124 0.0114921 
0.00245718 0.0124 0.00825968 
-0.0174 -0.00574407 -0.0163491 
-0.022457 -0.00669522 0.0153069 
-0.0139402 0.0124 -0.00891639 
0.0155946 -0.00158092 0.0144 
0.00836748 -0.0124 -0.009273139999999999 
0.00145134 0.00518024  0.017 
0.0118721 0.00488464 -0.0156 
0.0129363 -0.0069543 -0.0156 
0.0205089 0.0115911 -0.00905605 
-0.0156487 -0.0124 -0.00526908 
0.0204054 0.00306577 0.0144 
0.00706923 -0.00305207 -0.0177 
-0.00172824 -0.00603867  0.017 
0.010803 0.00693553 -0.0144 
-0.00112601 0.00370559 -0.0169461 
0.000832418 0.0124 0.0105411 
0.0227 -0.008065050000000001 -0.00324514 
0.0227 0.00846829 0.00330862 
0.0141466 -0.0120681 0.0144 
-0.0133853 0.0050457  0.017 
0.0215965 -0.0105036 -0.00364717 
-0.00221205 -0.00205161 -0.0180704 
0.0170226 0.00824067 0.0144 
-0.0154499 0.0124 0.0137255 
0.0171925 -0.00274349 -0.0144 
0.0104008 0.0124 -1.41095e-06 
-0.00199017 -0.00190283 -0.0170859 
-0.0227 0.00183368 -0.0131817 
0.0104865 0.00520781 0.0187 
-0.008995629999999999 0.000468905 -0.0177 
0.00480133 0.00292239 0.0162 
0.0130562 0.0124 -0.0138124 
-0.021744 -0.0116522 0.0152079 
0.0227 -0.00137009 0.0116188 
0.00511254 0.0011135 0.0187 
-0.0227 0.00614328 -0.0142239 
-0.0198011 0.00466007 -0.0159 
0.00694589 -0.0124 -0.0141559 
0.00452868 0.00663793 -0.0144 
-0.012149 0.00866509 0.0159 
0.00999247 -0.0124 0.0121627 
-0.00110008 0.0120894 0.0155593 
0.0140778 -0.00684521 -0.0144 
-0.0150601 -0.0124 0.0139288 
-0.0224516 -0.0113624 -0.00657765 
0.00276931 -0.00226596 0.0170652 
0.0196052 0.00703379 -0.0159428 
0.0115941 -0.0124 0.00788315 
0.00940733 -0.0100842 0.0144 
-0.011643  0.007 0.0160397 
0.00666981 -0.00791208 -0.0177 
0.0107648 -0.008756750000000001 0.0162 
0.00881907 0.0124 0.000921652 
0.0223072 -0.00192109 -0.0162847 
0.010442 0.011345 0.0144 
0.00551956 0.0124 0.00303758 
0.0187845 0.00777049 0.01696 
0.0157122 -0.0124 -0.0112337 
-0.0128156 -0.0124 -0.0114957 
0.00574066 -0.00179278 -0.0177 
-0.0104291 0.0124 0.0116997 
-0.014852 0.005129  0.017 
-0.0033964 0.00598105  0.017 
-0.0196083 0.0113825 0.0156245 
0.0224089 -0.00899484 -0.0144 
0.0171032 0.00877173 0.0144 
0.008552290000000001 0.00148913 0.0187 
-0.00722784 -0.00994868 0.0159 
0.00476154 0.0107463 -0.0153756 
-0.0130013 0.0124 0.00355558 
-0.00351109 0.00482045  0.017 
-0.0174 0.0071513 -0.01676 
-0.016916 0.0120977 0.0159 
-0.00347768 -0.0124 0.00822764 
-0.0009876570000000001 0.0124 0.0134617 
-0.009476699999999999 0.0113491 0.0159 
0.0200049 0.0120951 0.00483858 
0.00530542 -0.00425345 0.0187 
0.00994191 -0.00966593 -0.0157905 
0.0220604 -0.0100396 -0.00653104 
-0.0179054 -0.0124 0.00920458 
-0.0140282 -0.0124 -0.00042879 
0.0227 -0.0037668 0.0125887 
0.014804 0.00972226 0.0175588 
0.0227 -0.00421774 -0.0140441 
-0.0153232 -0.008844329999999999 0.0159 
-0.000684019 0.0124 0.0079427 
-0.00693094 0.00406649  0.017 
0.00331599 -0.0124 0.00527615 
-0.00266186 0.00346267  0.017 
-0.0226446 0.0104054 -0.0146062 
0.0227 -0.00748289 -0.0069997 
-0.00721313 0.0124 0.00290277 
0.00818262 -0.00651553 -0.0177 
0.00243248 0.00104098 -0.0144 
0.0196015 -0.00302869 -0.0177 
-0.0199417 0.0109082 -0.015164 
0.0227 -0.00228937 -0.0104551 
-0.0227 0.00276247 0.00869872 
-0.0083716 0.0124 0.0115817 
-0.00283906 0.0124 -0.00678348 
0.0197706 0.0123294 0.000618966 
-0.009914869999999999 0.0124 0.007995820000000001 
0.0169694 0.0007373530000000001 -0.0144 
0.00354444 0.00713322 0.0159 
0.00627517 0.0124 -0.00625086 
0.0192216 0.00113623 -0.0177 
-0.0227 -0.00712631 0.009382720000000001 
0.00672389 0.0124 0.00306733 
0.0116689 -0.00403269 0.0144 
-0.00635748 0.0124 0.0032504 
0.008437210000000001 -0.00141599 -0.0177 
-0.0210418 0.00307829  0.017 
0.0150416 0.00260146 0.0144 
-0.00316528 0.0124 -0.009818540000000001 
-0.00376706 0.000677788  0.017 
0.0168494 0.0124 0.012027 
0.0143396 -0.00732595 -0.0177 
-0.00165048 -0.00644726 -0.0144 
-0.0122923 -0.0124 0.009162669999999999 
0.0150811 0.008194989999999999 0.0162 
0.00690606 0.0116211 -0.0159 
-0.021989 -0.0119289 0.000798922 
-0.00351044 0.0124 -0.013692 
-0.0109179 -0.0124 -0.012597 
0.0219896 0.00312617 0.0166363 
-0.0165609 0.0092 -0.0174431 
-0.0226949 -0.0105174 -0.00948213 
-0.007822239999999999 -0.0124 -0.00258283 
0.0197369 -0.00250495 0.0144 
0.00841918 0.000696059 0.0144 
0.0215987 -0.0105013 0.014249 
0.0166002 -0.00823961 -0.0156 
0.00958138 -0.000682449 -0.0148095 
-0.00187079 -0.0124 0.008832039999999999 
-0.0227 0.00325831 -0.00106845 
-0.008359979999999999 -0.00307722 -0.0177 
0.00672053 0.009635039999999999 -0.0159 
-0.0226603 -0.0107891 0.0129756 
0.00829324 -0.00175706 -0.0156 
0.0102527 -0.00476163 0.0144 
0.0188959 -0.0124 -0.0114066 
0.0204177 0.0116823 -0.00666673 
0.0227 0.009262100000000001 -0.00502433 
0.0168658 0.0124 0.00755748 
-0.0226893 0.00416347 -0.01444 
0.018612 -0.0054071 0.0176303 
0.0227 -0.00324276 0.009807659999999999 
-0.0227 0.0071875 -0.0137644 
0.0024071 -0.0124 0.00781068 
0.0163079 -0.00186124 -0.0144 
0.000410902 0.0124 0.014131 
-0.021668 0.0117063 0.0148982 
-0.0227 -0.00694951 -0.00471473 
0.0186465 0.0124 -0.0114238 
-0.0227 -0.00742563 -0.0127765 
-0.0135944 0.009356990000000001 0.0159 
-0.009304130000000001 -0.0124 0.009484940000000001 
-0.0115207 0.0124 -0.00358027 
0.0165271 0.0124 -0.00873619 
-0.0138784 0.0082186 -0.0177 
-0.000318178 0.0124 -0.00229558 
-0.0158136 -0.0119795 -0.0159 
-0.0128057 -0.00267268  0.017 
0.0206297 -0.0114703 0.00129258 
0.00250724 0.000165923 -0.0156343 
0.0217923 -0.0103077 -0.00944476 
0.00588428 0.0124 -0.00394315 
-0.0221424 -0.0117835 0.00120766 
0.0204636 -0.0100374 -0.0144 
0.0166098 -0.0058739 -0.0158958 
0.00455604 -0.00329574 0.0144 
0.0112084 -0.0124 0.0113907 
0.0227 -0.00463646 0.00169305 
0.0227 0.00508461 0.00032804 
0.00444536 -0.0124 0.000701882 
-0.0101653 -0.00415162 -0.0177 
-0.00902417 0.00789488 0.0159 
0.00328492 -0.007 0.0160656 
0.00818672 -0.00101917 -0.0177 
0.0211052 0.0109948 0.00979699 
0.0201065 0.009146090000000001 0.0144 
0.0227 -0.00401726 0.0112367 
-0.0147807 0.0124 -0.0136844 
-0.0196186 0.0124 -0.00345297 
-0.011782 -0.0124 -0.0114719 
-0.0124509 -0.0092 -0.0163177 
-0.0225943 -0.00552607 0.0147943 
0.00504627 0.00324151 0.0144 
-0.000780849 -0.00825475 0.0159 
0.013184 0.00311926 -0.0177 
0.0131924 0.00562978 0.0162 
-0.0227 0.00515971 0.000247232 
0.0193677 0.0124 -0.00413783 
0.0117212 -0.00546235 -0.0156 
0.0148193 -0.0057083 0.0162 
-0.009800959999999999 0.0124 0.00405948 
0.009599089999999999 -0.0120323 0.0144 
0.0211663 -0.00232832 0.0187 
0.0123123 -0.00123488 -0.016324 
-0.0103895 0.004768 -0.0177 
-0.0227 0.00705911 -0.014251 
0.0072 0.0104471 -0.0148676 
0.00688905 0.000233385 0.0144 
0.009052839999999999 0.00400372 0.0162 
0.0224256 -5.87617e-05 0.0187 
-0.0105512 0.0124 -0.0094745 
-0.0110644 -0.00612786  0.017 
-0.0227 -0.00301152 -0.00603557 
0.00059756 -0.0124 -0.0136216 
0.0123539 -0.00380875 -0.0144 
0.00395936 -0.0124 0.00530181 
-0.0124896 0.0124 0.00540089 
0.0170684 -0.0124 -0.008883530000000001 
-0.0227 -0.00541851 -0.00728352 
-0.0184195 -0.00585631  0.017 
-0.017736 -0.00162744 -0.0159 
0.0125261 -0.0124 -0.00607078 
0.0117325 -0.0115569 -0.0144 
0.0227 0.00294093 -0.008797050000000001 
0.0195863 -0.0070544 0.0170274 
0.0198466 -0.00489089 0.0187 
0.00484925 0.00623057 0.0187 
-0.0227 -0.00813435 -0.008160260000000001 
-0.00707587 0.00713408 0.0159 
-0.0173367 -0.0124 0.012758 
0.000778333 0.009074530000000001 -0.0144 
0.00241234 -0.00424258 -0.0144 
0.007995510000000001 0.0124 -0.0126364 
-0.00668652 0.00612313 -0.0173166 
-0.00756837 0.0124 0.00163155 
0.0126919 -0.00168624 0.0202 
-0.00404845 0.0124 -0.00295066 
0.0216995 -0.0104005 0.00964952 
0.0069541 0.00178418 0.0144 
0.00095 0.00875515 -0.0149987 
-0.008807529999999999 -0.00853901 0.0159 
-0.0227 0.00503212 0.013691 
-0.0199449 -0.0124 0.0115192 
-0.000769412 0.00582383 -0.0186206 
0.0126312 -0.0124 -0.0114165 
-0.0227 0.000101955 -0.00561125 
-0.0156522 -0.0124 0.012128 
0.00933118 0.00716807 0.0162 
0.0192937 0.00732521 -0.0172402 
-0.0147093 -0.0124 0.0120958 
0.0227 0.00867909 -0.0130614 
0.0221896 0.0099104 -0.0047977 
-0.00220496 0.0121412 -0.0153659 
0.0189356 0.00173683 -0.0156 
0.00780819 0.0109704 -0.0144 
0.00916021 0.009139049999999999 -0.0144 
0.00199952 0.0124 -0.00657835 
0.00464988 0.00618068 0.0180291 
-0.0226892 -0.0105985 -0.0005141600000000001 
0.00937548 -0.000927848 0.0147 
0.00517754 0.0124 0.00779118 
0.0115063 0.000756432 -0.0182737 
-0.000628293 -0.00481456 -0.0167793 
-0.021194 0.0123371 -0.0117283 
-0.0137851 -0.0124 0.009409010000000001 
0.0198113 -0.0023481 0.0144 
-0.00443161 -0.0116434 -0.0159 
-0.0127621 0.0124 0.00252506 
-0.0189645 -0.0124 0.00308152 
0.00879272 -0.0048197 0.0182549 
0.0227 -0.00351929 0.00345065 
0.0182545 0.00399339 -0.0168908 
0.0191861 0.006803 0.0162 
-0.0219041 -0.0119946 -0.00483545 
-0.00695649 0.0124 -0.00767687 
-0.0026323 -0.00540318 -0.0144 
0.00589786 -0.0121925 -0.0151743 
-0.022673 -0.00480042 0.0145007 
0.0159177 -0.00292475 0.0160428 
0.0227 -0.00155626 0.00903907 
0.00436811 -0.0124 -0.01363 
0.0109053 0.0124 0.000133316 
0.0227 -0.0025991 0.0123916 
-0.0110339 0.0124 6.99828e-05 
-0.0227 -0.008755890000000001 -0.0125494 
0.0226243 -0.00673507 -0.0144 
-0.0201201 0.000159052 -0.0159 
-0.0226344 0.010906 -0.00248459 
0.0126036 -0.00754564 0.0162 
0.00923772 -0.000782043 -0.0177 
0.00577277 0.00768912 0.0144 
0.00512188 -0.0124 0.010101 
-0.00690285 -0.00718066 0.0159 
-0.0226927 -0.0105661 -0.000780173 
-0.017734 -0.00722624 -0.0159 
-0.0225877 -0.0110576 0.0104427 
0.009191329999999999 0.00202084 -0.0177 
0.0143023 -0.00239489 -0.0177478 
-0.0142034 0.00247627  0.017 
-0.0153637 -0.0124 -0.008109709999999999 
0.00731436 -0.00734908 0.0162 
0.009406299999999999 0.0104668 0.0144 
-0.000281572 -0.00727752 0.0159 
0.0227 -0.00590266 0.00813116 
0.00375608 -0.0117808 -0.0159 
-0.0161927 0.0124 0.00589586 
0.0227 -0.000622732 -0.0110823 
0.00591864 0.0061719 -0.0177 
-0.00423853 -0.0124 -0.0142062 
-0.0009436549999999999 0.0124 -0.00964078 
0.0182228 -0.00396885 -0.0163551 
-0.00369337 -0.0124 -0.00431841 
0.0180952 -0.00258619 0.0187 
-0.008016189999999999 -0.0124 0.006594 
0.00774174 0.00785523 0.0187 
0.0185872 0.00567233 -0.0177 
0.000904107 -0.0124 -0.00534889 
0.0099813 0.0124 0.00401486 
-0.0196489 -0.0124 0.0100908 
0.008129249999999999 -0.0124 -0.00165682 
-0.0227 0.008239399999999999 -0.0125229 
-0.0189922 -0.0114459 -0.0159 
-0.00676823 -0.0124 0.0118196 
0.0156501 0.00126657 -0.0144 
-0.0220765 -0.00227149 0.016727 
0.0150809 -0.00433447 0.0162 
0.00361328 0.00209838 0.0162 
-0.015487 -0.0124 0.009641749999999999 
-0.00959104 -0.0124 -0.00278492 
0.0139632 -0.00988405 0.0173205 
0.00976224 -0.0124 -0.00235236 
0.0205904 0.00142586 -0.0177 
-0.0217457   0.01 0.0155953 
0.008957440000000001 0.0124 0.00637287 
-0.0227 -0.00818905 0.00453806 
-0.002368 0.0124 0.000927253 
0.0227 -0.008631369999999999 0.0122397 
0.0204366 -0.0116634 0.00788344 
0.00650405 0.00662828 0.0144 
0.0167527 -0.00598641 -0.0166586 
0.022639 0.007934800000000001 0.0144 
-0.0188929 0.0124 0.00311442 
0.0201096 -0.00371595 0.0162 
-0.00268156 0.012369 -0.0145159 
-0.0221816 0.00374179 0.0163345 
0.018102 0.00760638 0.0144 
-0.0209339 0.00116864 -0.0159 
0.00673187 -0.009159779999999999 -0.0152398 
0.0134921 -0.0124 -0.0032011 
-0.0143407 0.00643402  0.017 
0.000875148 0.0124 -0.0115724 
-0.0227 0.00745244 0.00770014 
0.0212341 0.0108659 -0.00573975 
0.0161428 0.0124 0.00199688 
0.0227 0.000733704 -0.0109807 
0.00935559 0.00545037 -0.0144 
-0.0227 6.22389e-05 -0.0006558100000000001 
0.0180995 0.00138932 -0.0177 
-0.0209476 0.00417333  0.017 
-0.00388839 -0.0123596 -0.0145507 
0.00670644 0.00814717 -0.0163428 
-0.00745969 0.0124 0.00673025 
0.00171341 -0.0124 0.00711018 
0.0180883 0.000427837 -0.0144 
0.0147742 0.00598921 0.0162 
-0.00107698 -0.0124 -0.00366354 
-0.00215252 -0.00200306 -0.014779 
0.0116054 -0.00507397 -0.0177 
-0.0225466 -0.0111632 -0.0109617 
0.0227 -0.0049966 0.0143107 
0.00824542 0.0124 0.0103073 
0.0215528 0.0072207 0.0144 
0.008473329999999999 -0.00387308 0.0144 
0.0179096 0.00751862 0.0162 
-0.0227 -0.00751794 0.00779161 
-0.0126982 0.00752529 0.0159 
0.00583014 0.0124 -0.00557623 
-0.0140201 0.0124 -0.00393042 
0.0109745 0.00882551 -0.0156 
0.0168895 0.00383349 0.0182211 
0.00412721 -0.0013681 -0.0156 
0.0149944 -0.00302027 0.0187 
-0.0178137 -0.00598016 -0.0159 
0.0127014 -0.00580129 0.0144 
-0.0191968 0.0124 0.0104418 
-0.0104772 0.0124 -0.0142569 
0.00798196 0.00377686 0.0164588 
0.0227 0.00524211 -0.00672745 
0.0113903 -0.00360887 0.0187 
0.0134674 0.00319664 -0.0144 
0.008263680000000001 -0.0124 0.0115376 
0.0103782 0.0063812 -0.0177 
0.014986 0.0124 0.0140165 
-0.022623 -0.0109457 -0.00586924 
-0.00149294 0.0124 0.009149610000000001 
-0.0223973 -0.008310130000000001 0.0155299 
0.009570270000000001 0.0124 -0.000354409 
0.008662629999999999 0.00234378 0.0150106 
0.0224458 -0.00521437 -0.0144 
0.0111711 -0.009901729999999999 0.0167898 
0.0156366 -0.0124 0.00685888 
0.0227 -0.00329342 -0.011267 
0.0227 0.008734789999999999 -0.00395148 
-0.0222556 0.0116549 0.00958318 
-0.0136225 0.0124 0.01278 
-0.0144436 -0.00289259 -0.0177 
-0.009258489999999999 -0.0124 0.0117843 
-0.0219186 0.000321599  0.017 
-0.0225842 -0.0110687 -8.39513e-05 
0.0138074 0.0124 -0.00912494 
-0.000168634 -0.00237718 -0.0144 
0.0126414 -0.0124 -0.0106877 
0.0122839 -0.0124 0.009651150000000001 
0.0140443 -0.00422645 0.0161788 
0.00349319 -0.0124 0.00217568 
0.0227 0.0013992 0.007947849999999999 
0.0227 -0.00646573 0.00707593 
-0.00935572 -0.0105967 -0.0159 
-0.0227 0.008418500000000001 -0.00520035 
-0.0185782 -0.0107878 0.0159 
-0.0117816  0.007 0.016401 
0.0159373 -0.0124 0.000682125 
0.0227 0.00478465 0.00317027 
0.00679264 -0.00606265 -0.0144 
0.0045125 -0.0071993 0.0149776 
0.0170833 -0.00887716 0.0176446 
0.0205511 -0.0115489 0.00791823 
-0.0218799 -0.0120132 -0.0100113 
0.00484226 0.0124 0.00215402 
-0.0197049 0.0123976 -0.014409 
0.00976697 0.00581452 0.0187 
-0.02182 -0.0120556 -0.0123936 
-0.0227 -0.00684344 0.000534115 
-0.000557541 0.00771553 -0.0188482 
-0.0114503 -0.00528258  0.017 
0.0159428 -0.00551668 -0.0144 
-0.0124234 -0.0124 -0.00595387 
-0.0226789 0.0106764 -0.0101757 
0.0227 0.00246767 0.007928920000000001 
0.018189 -0.00394292 0.0168366 
0.0185954 -0.00641106 0.0162 
0.0182471 0.005912 0.0168907 
0.0157149 0.0124 0.0121393 
-0.000631406 0.0124 -0.0105524 
0.0057453 -0.0124 -0.00448747 
0.0124779 -0.00722377 -0.0144 
0.000418795 -0.00680202 -0.0144 
0.00704997 0.00837355 0.0163043 
0.00771292 -0.00199961 0.0162 
-0.0114014 -0.0124 -0.013906 
0.0227 -0.0070415 0.010473 
-0.0201989  -0.01 0.0151569 
0.0227 -0.00435597 -0.0107041 
0.0178506 -0.0124 -0.00907438 
0.0147152 0.00902595 -0.0144 
-0.0133511 0.0124 -0.000735938 
-0.0104427 -0.0124 0.0030458 
0.00681957 0.0124 0.0130791 
0.00460822 -0.0061264 -0.0176906 
-0.0209429 0.00986458 -0.0147493 
-0.00197167 0.0018933 -0.0182403 
0.0105159 -0.00504737 -0.0144 
-0.0083482 0.00913896 -0.0177 
0.0135769 -0.00931886 -0.0144 
0.008134219999999999 -0.0124 0.0131205 
-0.0227 -0.008277990000000001 0.00699119 
-0.0220741 0.0091688 0.0145991 
0.0183536 0.0124 0.008286379999999999 
0.00396341 -0.000880867 -0.0144 
0.00379179 0.00130471 0.0187 
0.0200385 -0.0120615 -0.00554868 
0.0213606 -0.0107394 0.00406981 
-0.0213615 -0.0122865 -0.00387203 
0.0216119 0.0104881 0.00305489 
0.00678027 -0.00386119 -0.0144 
-0.0227 -0.00297467 0.0137167 
0.0214495 -0.00276902 -0.0177 
-0.0221523 0.0045172 0.016444 
-0.00566048 -0.0123009 0.0147698 
-0.0169909 -0.0111404 -0.0159 
0.0151439 0.0124 0.00499908 
0.00821503 0.0124 -0.009143399999999999 
-0.0151669  0.007 0.0162148 
0.00279242 0.000652153 -0.0156 
0.01538 -0.0124 -0.00956648 
-0.014941 0.0124 -0.0129645 
0.015926 -0.00218607 0.0144 
0.0147785 -0.0124 0.00991126 
-0.0224969 -0.00313837 -0.0151581 
0.00499624 0.0005148900000000001 0.0162 
-0.018819 -0.0124 0.0070172 
0.0140639 -0.0124 -0.0143765 
-0.0119696 -0.0111103 -0.0159 
0.00640678 0.000701607 0.0162 
0.0147614 -0.0124 -0.00208446 
0.0227 -0.00148755 -0.0106398 
0.0115685 -0.0124 -0.008525069999999999 
0.0173921 -0.00370226 -0.0171312 
-0.0227 0.00169523 -0.009429730000000001 
0.0227 0.00924143 -0.00898565 
-0.0172259 0.009566069999999999 -0.0159 
-0.0124033 0.0108146 -0.0159 
-0.000696077 0.005719 -0.0162312 
0.00847151 -0.00773909 0.0187 
-0.0191393 0.0124 -0.0108835 
0.00196185 0.0124 -0.0115342 
0.0063323 0.00786008 -0.0165823 
0.00957641 0.00955775 0.0176664 
0.0132631 -0.0124 0.0023202 
-0.0158179 -0.00993864 0.0154217 
-0.0166275 -0.0124 -0.00289185 
-0.00433002 -0.0107095 0.0159 
-0.0130358 0.00730641 0.0159 
0.0025601 -0.00580849  0.017 
-0.0227 0.00389683 0.000892 
0.0216337 -0.0104663 -0.00309268 
0.00392883 0.00513984 0.0175804 
0.00542803 0.0124 -0.00872149 
-0.00530949 0.0124 0.00164119 
-0.009495119999999999 0.0124 0.0050481 
-0.0135407 -0.007 0.016522 
-0.0038514 0.0124 0.0126793 
-0.00151629 0.0122895 0.0148124 
0.00734528 -0.000596876 -0.0177 
-0.0196499 -0.00349747 -0.0159 
0.00943182 0.00214178 0.0147 
-0.0180404 0.008968189999999999 -0.0159 
0.0192565 5.16806e-06 -0.0144 
-0.0073477 -0.00929547 -0.0159 
0.012916 -0.0124 -0.0119199 
0.00154073 -0.000151181 0.0157652 
-0.0121349 -0.00290724 -0.0177 
-0.0227 -0.00743364 -0.000643276 
0.0227 -0.00153356 0.00348247 
-0.0185955 -0.0124 0.00932814 
-0.0191907  0.007 0.0164865 
0.0222884 0.00981157 -0.014186 
0.0107352 -0.0098418 -0.0167991 
0.0156624 -0.009478210000000001 0.0169414 
0.0104973 -0.00214566 0.0144 
0.00694311 0.0124 -0.0108373 
0.020331 0.00620565 0.0174662 
-0.00563242 0.0124 0.00671322 
-0.0227 -0.00358938 -0.008307180000000001 
0.021373 -0.00411706 0.0162 
-0.0112821 -0.00460426  0.017 
0.0211421 -0.00156633 -0.0156 
-0.0227 -0.00632294 -0.0104823 
-0.0227 -0.009075140000000001 -0.000470988 
0.0162383 0.00525521 0.0167976 
0.00331557 0.00530105 -0.0144 
-0.0213441 0.0082772 0.0159 
0.00811771 -0.00606223 0.0164663 
0.0134626 0.00909329 -0.0156 
0.0186349 -0.00587953 -0.0177 
0.0141893 -0.00952859 0.0144 
-0.0227 0.00739021 -0.009784060000000001 
0.0151173 -0.0124 -0.0066393 
0.0173607 -0.00370364 -0.0159978 
0.0072 -0.011351 -0.0146799 
-0.0114454 -0.0124 -0.0129486 
-0.0122521 0.0124 -0.00256982 
0.0212036 0.000581978 -0.0144 
0.0076288 0.00106778 0.0144 
0.00581279 0.0124 0.00256571 
-0.0224133 -0.00156464 -0.0154701 
0.0207202 -0.0113798 -0.007858240000000001 
0.0192094 0.00552318 0.0144 
0.0127402 -0.0124 -0.00626704 
-0.022107 0.0118208 -0.0104972 
-0.00174571 -0.0124 0.00521791 
-0.0007211710000000001 -0.00619261  0.017 
0.00966555 -0.0124 -0.008991910000000001 
0.0168679 -0.00610605 0.0144 
-0.0057628 -0.00898822 0.0159 
0.0106069 0.00181565 0.0144 
-0.0227 -0.00352784 -0.00847053 
-0.0124069 -0.0104172 0.0159 
0.0205245 -0.00236466 -0.0144 
-0.0036712 0.0124 0.0051408 
-0.016522 -0.0124 -0.00683231 
-0.00719997 0.0124 -0.00220698 
0.00998192 -0.00214149 0.0147 
0.009869090000000001 -0.0105765 -0.0144 
-0.0134587 -0.0124 -0.009438149999999999 
0.0227 0.00469696 -0.0129997 
0.0164301 -0.012312 -0.0144 
0.000657949 -0.00464475 -0.0144 
-0.0227 -0.000292005 -0.0136895 
-0.0202578 -0.0109982 -0.0154813 
-0.00248827 0.00554545 -0.0162857 
-0.0155298 0.00837629 0.0159 
0.0142437 0.0122806 -0.0144 
0.00345231 0.010303 0.0150083 
-0.0181204 -0.00860619 -0.0159 
0.0190621 0.00704176 0.0162 
-0.0227 0.009032760000000001 -0.0114851 
0.00366432 -0.00237262 -0.0144 
0.00215017 -0.010526 0.0159 
0.0160554 -0.0124 0.00799131 
0.0155 0.0124 -0.00615206 
0.00348976 0.0124 0.00192027 
-0.00604085 -0.0124 -0.00833009 
-0.00298743 -0.00523494  0.017 
0.00623623 -0.000686118 -0.0156 
0.0119148 -0.0124 0.00781117 
-0.013542 -0.0073936 -0.0177 
0.0150126 -0.00514117 -0.0177 
0.0201996 0.00227133 0.0144 
-0.00264292 0.008635830000000001 -0.0144 
0.0173961 0.00619741 0.0170654 
-0.0068442 -0.00400628 -0.0174014 
-0.0057261 -0.0124 -0.0029139 
-0.0216013 0.0121834 -0.00735559 
0.0168321 -0.00102356 0.0144 
0.0227 0.000756125 -0.00363891 
0.0226192 0.009480840000000001 0.0129332 
-0.0227 -0.0005071020000000001 -0.00342857 
0.0102795 0.0014787 0.0194018 
-0.013298 0.0124 0.0114885 
0.00582331 0.011661 -0.0159 
-0.0187013 -0.0124 -0.0042135 
0.00642915 0.00619243 0.0187 
0.00876889 0.00611155 0.0162 
0.0227 0.000947369 -0.009290919999999999 
-0.0227 0.00279035 0.0111697 
0.0175341 0.0120363 0.0144 
-0.0227 0.00749333 0.008185 
0.00435888 -0.0124 0.0134695 
-0.00971383 -0.0124 -0.008642469999999999 
-0.0174 0.00110672 -0.0175577 
-0.0107116 -0.007 0.016558 
0.00869938 -0.00298455 -0.0156 
0.0227 0.00915883 0.00578631 
-0.0227 -0.00350741 -0.00124223 
-0.0134296 0.00401853 -0.0177 
-0.00911973 0.0124 -0.009235149999999999 
0.0123259 -0.0124 0.008049189999999999 
0.0227 0.00403999 -0.009802750000000001 
0.00548833 0.00250577 0.0144 
0.0204924 0.0116076 0.0143379 
0.000359983 -0.000701786  0.017 
0.00480882 -0.00427921 0.0187 
-0.0227 -0.00630627 -0.00475962 
0.00795596 0.0124 -0.00587422 
-0.00370495 0.00452336 -0.0144 
0.0108923 0.00420022 0.0155278 
0.00367462 -0.0124 0.00213354 
0.001858 0.00239763 0.0155545 
-0.0103633 0.0122458 -0.0149755 
0.0108985 -0.009865850000000001 -0.0164395 
0.017712 0.0124 -0.0113776 
0.007888920000000001 0.0124 0.00181161 
0.0135694 0.0118401 -0.0144 
-0.0133301 -0.0124 0.0128302 
-0.00381179 0.0124 -0.00909099 
0.0208043 0.00355922 0.0144 
-0.0174846 -0.00281769  0.017 
-0.0197768 0.00679788 -0.0159 
0.00645703 -0.0106881 0.0159 
0.0126433 0.0124 -0.00767959 
0.0227 0.003645 0.0106553 
0.0196889 -0.0124 -0.000820437 
0.0186635 0.0124 -0.0104598 
-0.0143312 0.00228259  0.017 
-0.0183116 -0.0045474 -0.0159 
0.0147171 0.0124 -0.00495463 
0.0118153 -0.00613394 0.0162 
0.0227 0.00017471 -0.00820364 
0.0152363 -0.000959957 0.0144 
0.00439671 -0.00452004 0.0144 
-0.00703206 0.0124 -0.0109899 
-0.0130816 0.0107224 -0.0159 
0.00316474 0.0124 0.009197820000000001 
-0.00385194 0.0106881 -0.0159 
0.0072 0.0119903 -0.0154873 
-0.0227 0.00207299 0.000531596 
-0.00089532 -0.0124 0.00843226 
0.0063247 -0.0124 -0.00415954 
0.009465629999999999 -0.00156062 0.0187 
0.0130137 0.00113892 -0.0174966 
0.011593 0.0124 0.00718405 
0.0227 0.00549629 0.00758166 
-0.00830388 0.0124 -0.000781296 
0.0186736 -0.00270347 0.0144 
0.00101211 0.0124 0.00626972 
-0.00991411 -0.0124 -0.00628496 
0.0136199 -0.000553152 -0.0172505 
-0.0227 -0.00521415 -0.00486817 
0.0132822 -0.0108662 0.0144 
0.0227 0.00201843 -0.00486782 
0.0169053 0.0124 -0.00783098 
-0.0146976 -0.0100862 0.0159 
0.0056258 0.0124 0.0006905700000000001 
-0.0177635 0.0124 0.0115659 
0.0120347 -0.0124 -0.00306012 
0.0173247 0.00370663 0.0178326 
-0.00120977 -0.00547394  0.017 
0.009720579999999999 0.00302248 -0.0144 
-0.0046084 -0.00113894 -0.0162 
0.0162538 0.0124 -0.0104265 
-0.0200477 -0.008189200000000001 0.0159 
0.0196273 0.00700966 0.0171956 
0.00579541 0.0124 -0.0116319 
-0.00314096 0.00353987  0.017 
-0.0184515 0.0124 -0.00494336 
0.00652711 -0.0124 -0.0135085 
-0.0194378 0.0124 0.00555134 
-0.009250660000000001 -0.007 0.0163006 
0.0181407 -0.0124 0.0125617 
-0.0216613 -0.0108078 -0.0159 
0.00643151 0.00366477 -0.0144 
0.00667729 0.00357973 -0.0177 
0.0107579 0.008930220000000001 -0.0156 
-0.0141176 0.0124 0.00408833 
0.0113645 -0.0124 -0.0081993 
-0.00326119 -0.0120452 -0.0157241 
0.00223113 -0.00690286 -0.0159 
0.000150454 -0.00104604  0.017 
0.0227 0.00887133 -0.0142047 
0.0227 0.00202301 -0.0106383 
0.0189791 -0.0124 -0.00535997 
-0.0227 0.00179155 -0.00604016 
0.00280108 0.00933175 0.0159 
0.0227 0.00726944 0.0125165 
0.0110479 -0.00678406 -0.0177 
0.0167617 -0.0124 0.0122343 
-0.0206116 0.0102078 -0.0144 
-0.0187083 0.000645308  0.017 
-0.0172421 0.0124 0.00424708 
0.0112348 0.00976018 0.0187 
-0.0227 -0.009580409999999999 0.00461373 
-0.00087746 -0.00825037 0.0159 
-0.0113374 0.0124 -0.00129384 
-0.0227 0.00507707 -0.00740731 
0.00345235 0.00425582 -0.0173507 
-0.0140071 0.0124 0.009970079999999999 
0.0227 -0.000323666 -0.00885388 
0.0227 -0.008001370000000001 0.00475003 
0.0227 -0.00619903 -0.008838 
-0.0207142 0.00648079 -0.0159 
-0.0227 0.0009781550000000001 -0.00241803 
-0.0227 0.00427063 0.00427204 
0.00664813 -0.00203429 0.0162 
0.0227 0.00789258 1.73505e-06 
0.00582698 0.008645480000000001 -0.0155997 
-0.000552283 -0.00754772 -0.015963 
0.0227 0.00801495 0.00640555 
-0.00241075 0.008108280000000001 -0.015011 
-0.00784987 -0.0124 0.0137223 
-0.00722366 0.0092 -0.0166016 
-0.0139864 -0.0124 0.000914432 
0.00557151 0.00297323 -0.0144 
-0.00210312 0.00603218 -0.0186685 
0.0169859 0.000322902 0.0155872 
-0.000651669 -0.00236206 -0.0177923 
-0.00210634 0.00363013 -0.0187731 
0.0104274 -0.00587079 0.0187 
0.00890935 0.0124 -0.000183712 
-0.0101528 -0.000405893 -0.0177 
0.00516404 -0.00336565 -0.0144 
-0.0187 -0.0112512 0.0150565 
-0.00573846 0.0124 -0.0121645 
0.00288363 0.00272421 0.0163401 
0.00458733 0.00385155 -0.0156 
0.0103809 0.0124 0.0133661 
0.00459904 -0.0124 0.00622702 
0.0227 -0.000941125 0.0125677 
0.010352 0.0124 0.00686287 
-0.0146006 -0.0124 0.0007412160000000001 
-0.0195014 0.000869001 -0.0159 
0.016524 0.00411151 -0.0165063 
-0.0227 -0.009645539999999999 0.0137557 
-0.00165482 0.0124 0.0103803 
0.0217542 -0.0103458 -0.00531495 
0.00564531 -0.00367844 -0.0177 
-0.00213915 -0.0043928 -0.0191151 
-0.0167785 0.000124228 -0.0177 
0.00441719 -0.00335664 0.0187 
-0.00364103 0.0123655 -0.0145289 
-0.0156071 0.00347424  0.017 
0.00836951 0.00156745 -0.0144 
0.0133602 0.009962439999999999 0.0166704 
0.0149085 -0.0124 0.009053520000000001 
-0.00594738 0.00974562 -0.0159 
-0.0186316 0.00851792 -0.0159 
0.000809905 -0.0106474 0.0159 
-0.00679577 0.00694609 -0.0173753 
-0.00252824 -0.00300328 -0.0184816 
0.014424 -0.009806499999999999 -0.0162657 
0.00127315 0.00747999 0.0159 
0.0223881 0.0014325 0.0176063 
0.0193712 0.00178553 0.0187 
-0.00479718 0.00417127  0.017 
-0.022453 -0.0113598 -0.00313454 
-0.0037098 -0.00305358  0.017 
-0.0227 0.0066938 -0.0049256 
0.00091227 0.00907206 -0.0144 
0.0207126 -0.00451541 -0.0156 
0.0227 -0.00510599 -0.007872799999999999 
0.0201247 0.0119753 -0.0128305 
0.0227 -0.00242252 0.000459275 
0.00627934 -0.00757013 -0.0156 
0.00423511 0.00130828 -0.0156 
0.0197256 0.0102502 0.0144 
-0.0137275  0.007 0.0160281 
0.00634162 -0.00463176 0.0170871 
0.0217108 0.0103892 -0.00185926 
0.0185469 0.0124 0.00897148 
-0.00216534 -0.00179882  0.017 
-0.000673023 0.00327896 -0.0154236 
0.00514446 -0.00676063 0.0179117 
0.00196996 -0.0124 0.00259305 
-0.000558512 0.00532291 -0.017572 
-0.0027083 0.0106108 -0.0159 
0.013095 0.00436348 -0.0144 
0.0133897 0.0124 -0.0116893 
0.014462 -0.00482447 -0.0177 
0.00127057 0.000517201 0.0167872 
0.00454889 -0.0124 -0.00458469 
-0.00606772 -0.0104757 0.0159 
-0.00227555 -0.00348698 -0.0190922 
0.0211812 -0.00479192 0.0144 
-0.00156234 -0.0116174 0.0159 
-0.0104492 -0.0124 0.0118834 
-0.0224724 0.0104054 -0.0152489 
0.0172963 0.0124 0.0034577 
-0.0155335 0.0124 0.0111674 
0.0227 -0.00739065 0.0115097 
0.0160543 0.0124 -0.0138433 
0.0193564 -0.0124 -0.00899196 
0.0153605 -0.0124 0.0122451 
-0.00959989 -0.000379205  0.017 
0.00887011 -0.00412245 0.0144 
0.00984966 -0.009995459999999999 -0.0144 
0.0188099 -0.0124 -0.000316804 
-0.0227 -0.00879695 -0.00950325 
0.00378359 0.00177437 -0.0156 
0.00132447 -0.0124 0.00351414 
-0.0152925 0.0092 -0.0161281 
0.0163401 0.000307307 0.0144 
0.00657446 -0.00892163 -0.0148142 
0.0161728 -0.00535676 -0.0156 
0.0187208 -0.0113021 0.0144 
0.000153029 0.0121169 -0.0154566 
0.00953673 0.008969049999999999 -0.0144 
0.0172802 0.0050929 0.0144 
-0.0203243 0.0124 -0.00418994 
0.0164776 0.0075245 -0.0177 
0.0119458 -0.0124 -0.0136184 
0.0153341 -0.00188947 -0.0144 
-0.0112023 0.0124 -0.0015162 
0.0215689 0.0105311 0.009671580000000001 
-0.00267473 -0.00311412 -0.0144 
-0.0208636 -0.01145 0.015498 
-0.0167124 0.0124 -0.00606631 
-0.0227 0.00437782 -0.0110113 
-0.008346060000000001 0.0124 -0.00463784 
0.0135358 0.009318190000000001 -0.0144 
0.0141861 0.00278917 0.0147 
0.00592453 -0.0124 -0.0135165 
0.017609 -0.000181154 -0.0177 
-0.0227 -0.00562433 -0.00184115 
0.00955811 0.00250258 0.0187 
0.0193056 0.0124 -0.0118276 
0.0136844 -0.00530114 0.0144 
-0.00563227 0.0124 -0.00532271 
0.00585671 0.00696405 -0.0177 
0.00429545 0.00977798 -0.0144 
0.0227 0.00461479 -0.00720675 
-0.0227 0.00537878 -0.0129748 
0.0092134 -0.012231 0.0144 
-0.00631148 0.0124 -0.00157905 
0.00562198 -0.0030818 0.0144 
0.0163198 0.0124 0.0140689 
0.0227 -0.008816829999999999 0.008600409999999999 
0.00763631 0.00825126 0.0162 
0.00360926 0.0124 -0.0143256 
0.0227 0.00725776 0.000773749 
-0.0227 -0.00346627 0.000767057 
0.0152987 -0.0014904 -0.0156 
0.00494649 0.0101797 -0.0145222 
-0.00253972 0.0053363 -0.0190392 
0.0225488 -0.009551219999999999 0.0126656 
0.00709564 -0.0124 0.000515009 
0.00473383 0.00629009 0.0166133 
-0.00694697 -0.0122775 0.0148572 
0.0137672 0.0028328 -0.0177 
-0.0146377 -0.00658819 -0.0177 
0.00757099 -0.00620023 0.0187 
-0.0163417 -0.0124 -0.0114763 
0.0152923 0.0010908 -0.0150603 
-0.00540953 -0.0124 0.0095545 
0.00188209 -0.00129168 0.0147562 
0.0192543 -0.012101 -0.0144 
-0.0203146 -0.0124 0.0132479 
-0.0227 -0.00487263 -0.0132195 
-0.0227 0.00227927 0.00395978 
0.0227 0.00325052 -0.0130076 
-0.0221668 -0.000211535 -0.0159 
-0.0132897 -0.0124 0.00581745 
0.0115162 -0.00268816 0.0187 
-0.0130172 -0.0020861  0.017 
0.0227 -0.00681459 0.0141313 
0.0203653 0.00299607 0.0187 
-0.0227 0.00774052 -0.00997573 
-0.00537706 -0.0124 0.0135181 
0.015404 -0.00412625 0.0187 
0.0227 -0.0031283 -0.00152371 
-0.009225260000000001 -0.0124 -0.00476097 
0.0107379 0.0026759 0.0187 
0.00596194 -0.0124 0.0115216 
0.021364 -0.0103617 -0.0144 
0.0227 -0.00241316 -0.0059621 
0.00493253 0.0100924 0.0153793 
-0.00553355 -0.00251912 -0.0166971 
-0.0227 -0.00622187 -0.00139359 
0.009391790000000001 0.0005948630000000001 0.0144 
0.0190854 0.00296027 -0.0144 
-0.0129836 -0.00642932 -0.0177 
-0.0209203 0.0106969 -0.0159 
0.0227 0.00117766 -0.00548164 
-0.0207941 -0.0106899 -0.0144 
-0.0227 -0.009004979999999999 0.00988938 
-0.000786381 -0.0109874 -0.0159 
-0.0223555 -0.0115202 -0.0103712 
0.0049468 -0.0124 -0.00675734 
0.00344375 -0.000662957 0.0144 
0.0169952 -0.00892306 0.0184555 
-9.513620000000001e-05 0.00419587  0.017 
0.0148234 -0.0124 -0.00271409 
-0.0134184 -0.008419630000000001 -0.0177 
-0.0141409 -0.0124 -0.0139518 
-0.0196262 -0.0124 0.008640180000000001 
-0.00548365 -0.00663572 -0.0166703 
-0.00772039 0.00934654 -0.0159 
-0.0224068 0.00250558 0.0154941 
0.0205266 0.000557247 0.0187 
0.0208616 -0.0112384 -0.00271189 
-0.00726869 -0.00102605  0.017 
-0.0165139 0.0124 -0.009614620000000001 
0.00321602  0.007 0.0163669 
0.0227 0.000631217 -0.007818149999999999 
0.0212013 0.0108987 -0.00248606 
-0.011204 -0.0124 -0.0126484 
0.0216286 -0.0104714 -0.00829791 
-0.0227 -0.0103649 0.0050715 
-0.022511 -0.00688437 -0.0151054 
0.0224546 -0.00964545 0.00681655 
0.0187205 -0.00345503 0.0144 
-0.00857519 0.0102943 -0.0159 
-0.0104319 -0.0124 -0.008606050000000001 
-0.00433639 0.00952359 -0.0159 
-0.0227 -0.00325068 -0.00420646 
0.0219827 -0.0101173 0.00868125 
0.0212733 0.00119776 0.0144 
-0.0203713 -0.007 0.0168558 
-0.00915943 0.0124 0.00623769 
0.0183171 -0.0124 -0.00221607 
0.0128422 -0.00519878 0.0187 
0.013962 0.0124 -0.00266704 
-0.018158 -0.0124 -0.01433 
-0.0227 -0.00755286 0.00181182 
-0.013942 -0.00560147  0.017 
-0.0227 -0.00293565 -0.00776906 
0.0192864 0.009788379999999999 0.0144 
0.0125201 0.00550405 -0.0156 
0.0137343 0.00382302 0.0144 
-0.0111276 -0.0124 0.00238917 
-0.0106594 0.0123528 -0.0145761 
0.0205236 -0.0108751 -0.0144 
0.00271267 0.00201052 -0.0156824 
-0.00674964 0.0124 -0.00585955 
-0.0142018 -0.0124 0.008128349999999999 
-0.0133342 0.00441493 -0.0177 
0.0163433 -0.00714832 0.0187 
0.0181955 -0.00370002 0.0187 
0.0180724 0.001687 -0.0144 
-0.0227 -0.00716426 0.0025214 
-0.000822439 0.0124 0.0116409 
0.0149163 -0.0124 3.10042e-05 
0.020823 0.011277 -0.00504496 
0.0227 0.00882521 0.0120459 
0.0166868 -0.0124 0.0028844 
-0.00950383 0.00543375  0.017 
0.0204079 -0.00224135 0.0162 
-0.0162985 -0.00358551 -0.0177 
0.0183964 0.00676299 -0.0156 
0.007293 0.0124 0.00924385 
-0.0125505 0.00570974 -0.0177 
0.008606539999999999 0.00561594 0.0164689 
0.007967409999999999 -0.0108277 0.0144 
0.0208214 -0.0112786 -0.00534326 
0.00636235 -0.00788314 -0.0176527 
0.00172235 0.0124 -0.0109846 
0.0171104 -0.00154994 -0.0156 
0.00266951 -0.0124 0.00553042 
0.0169211 0.000829054 0.0150841 
-0.0222123 -0.0106569 0.0156317 
0.0142369 0.00981661 -0.0177 
0.0178285 -0.0124 0.00632279 
-0.0105785 0.0124 0.00331763 
0.0227 0.00292557 0.0140271 
0.00703018 0.0114963 0.0150338 
-0.00129427 0.0124 0.0032048 
0.0166907 -0.0124 -0.00882137 
-0.0227 -0.0069202 0.0072362 
0.00836783 0.01213 -0.0144 
0.00410284 -0.00077982 -0.0177 
0.00584561 -0.00189055 -0.0144 
-0.00533938 0.0124 0.008667040000000001 
0.0170646 0.0124 0.00755469 
-0.00306876 0.0124 -0.00435098 
-0.0196926 -0.00330647 -0.0159 
-0.0227 -0.00598607 -0.0137641 
0.00743671 -0.0124 0.00593697 
0.0072 -0.0101739 -0.015845 
-0.0217746 0.0106947 0.0157994 
0.00645973 0.0124 0.008370809999999999 
-0.0227 0.00365578 -4.84632e-05 
0.0227 0.00358386 -0.00745315 
0.00108894 -8.60261e-05  0.017 
-0.0226468 -0.0108501 0.00758492 
-0.0159786 -0.00573959 -0.0177 
-0.0227 0.00345853 -0.00428274 
-0.00175017 0.00182107 -0.0164956 
0.0122648 -0.0124 0.00638798 
-0.0227 -0.00111041 0.00931718 
0.0179883 0.00684321 0.0162 
-0.00213377 0.0101 -0.0145955 
-0.00930718 -0.00554945  0.017 
-0.0211757 0.00757315 -0.0159 
0.00968017 0.00084463 0.0144 
-0.0225704 0.0111057 0.0109248 
0.0215941 0.0105059 0.010297 
0.016272 -0.000877168 -0.0144 
-0.022401 0.00984521 0.0149435 
0.0180824 -0.0014092 -0.0177 
-0.00847463 0.00340378  0.017 
-0.0202118 -0.00332079  0.017 
0.00288693 -0.00544875 -0.0144 
0.0227 0.0068443 -0.00948744 
-0.00247177 0.0024147 -0.0185949 
0.0204879 -0.0116121 -0.0139939 
0.000835998 -0.0124 0.00844166 
0.0143651 4.78802e-05 0.0201935 
0.008001670000000001 3.81624e-05 0.0158493 
0.009007569999999999 -0.00936701 0.0166429 
0.0176346 -0.00231975 -0.0156 
-0.0112917 -0.0124 0.012475 
0.0142765 -0.0124 -0.0017834 
-0.0194443 -0.0124 -0.00159869 
0.0227 0.0089485 -0.00657947 
0.0227 0.00171195 -0.00215346 
-0.008440919999999999 0.000303926 -0.0177 
0.00560559 -0.0124 -0.00595091 
0.000790022 -0.0124 0.0123173 
0.009495490000000001 -0.0124 -0.009159270000000001 
-0.00599838 -0.0124 0.00162566 
-0.0217284 0.0121139 0.0137823 
-0.00562049 0.0124 -0.0100868 
-0.009684359999999999 0.0124 0.00101805 
0.0159589 0.00323292 -0.0156 
-0.0135943 0.008861890000000001 -0.0177 
-0.0227 -0.00673666 -0.00323335 
-0.0075623 0.00444949  0.017 
0.00436975 -0.00464068 0.0187 
0.0226489 0.00695551 0.0144 
-0.022475 -0.00183087 0.0152395 
0.00169254 -0.00443196  0.017 
-0.00941293 -0.0124 0.00862368 
-0.0101493 0.0124 0.00988318 
-0.00383492 0.0124 0.00578084 
0.0227 0.00503476 0.00700827 
-0.0134076 -0.009861719999999999 0.0159 
-0.0136184 -0.0102801 0.0159 
-0.000497862 0.0122074 -0.0151189 
-0.0227 -0.00785683 0.0119191 
-0.00458649 0.00971762 -0.0159 
0.0030744 0.00142151 0.0144 
0.010692 0.0124 -7.211979999999999e-05 
-0.00662306 -0.0121104 0.0154809 
-0.0227 0.00596587 -0.01204 
0.0178692 0.0118965 -0.0144 
-0.00405 -0.000159087 -0.0151091 
0.00557848 -0.0114079 0.0159 
0.0186836 -0.00514485 -0.0163263 
0.0227 0.00624876 -0.0107888 
-0.00381018 -0.000431305  0.017 
-0.0221271 -0.0118001 0.0142301 
0.019179 0.00210848 -0.0177 
-0.0226944 0.0105287 -0.00622915 
-0.0122273 0.008578860000000001 0.0159 
0.0179308 -0.011176 -0.0144 
-0.0227 -0.00520924 -0.00490027 
-0.0227 -0.00180195 0.00235916 
-0.0189945 -0.00877501 -0.0159 
0.0109234 -0.00691513 0.0187 
0.0227 -0.000154786 0.0115038 
-0.00658663 0.0124 0.0112163 
-0.0205464 -0.00670251 -0.0159 
-0.0006738580000000001 -0.00808057 -0.0157308 
-0.009665719999999999 -0.0124 -0.0130903 
-0.0123868 0.0109206 -0.0159 
-0.0227 -0.00436804 0.00963513 
-0.00101961 -0.00195333 -0.0174804 
0.0142258 -0.00485183 -0.0156 
-0.00125191 0.0124 -0.009891250000000001 
0.000833094 0.0124 -0.0009989549999999999 
-0.009193430000000001 0.0121261 0.0154224 
0.0197282 0.00226919 0.0162 
0.0129329 0.00339563 0.0144 
0.0074802 0.00223309 0.0144 
-0.0164611 -0.00545502 -0.0177 
0.0179189 0.0124 -0.0104535 
0.000892745 -0.0124 0.0121761 
-0.00215352 -0.0124 -0.0124459 
-0.00337322 -0.0120374 -0.0157533 
-0.0174 0.008136529999999999 -0.0170596 
0.0138635 -0.00677134 -0.0177 
-0.008651590000000001 -0.0124 0.00912842 
0.0127657 0.0124 0.008809300000000001 
-0.0227 -0.00695705 0.00723206 
-0.000153266 -0.0124 -0.00942189 
0.0035084 0.00704821 -0.0159 
-0.00168131 0.0108244 -0.0159 
0.0060412 -0.000617653 -0.0156 
0.0220643 -0.0028897 0.0162215 
0.0227 -0.00412355 -0.00116039 
-0.0206198 -0.009133820000000001 0.0151162 
0.008019129999999999 0.0124 0.00257805 
-0.0227 -0.00284373 -0.00755973 
0.0150377 0.00401886 -0.0156 
-0.0141507 -0.00465043 -0.0177 
-0.0174 0.00420947 -0.0165952 
0.0200309 -0.00330687 -0.0144 
-0.0105726 -0.00626441  0.017 
0.000247736 -0.0124 -0.00403685 
0.0179819 -0.00317589 0.0187 
-0.00298117 0.0112906 -0.0159 
0.0134617 -0.00317158 -0.0156 
0.0222799 -0.00204383 -0.016824 
0.00411539 -0.00710704 -0.0158489 
-0.00737894 -0.00689195  0.017 
-0.0150836 -0.0123175 -0.0147079 
0.0227 -0.00334874 0.007996100000000001 
0.0227 -0.00183899 -0.0109711 
0.0110417 -0.00530374 -0.0156 
0.0185244 -0.00388553 -0.0177 
-0.0175553 -0.0072246 0.0159 
-0.0198479 0.0124 0.0116592 
-0.01194 -0.0113362 0.0159 
0.0227 0.00430714 0.0035705 
0.0204429 0.00495616 -0.0177 
0.0141899 -0.00513616 0.0144 
0.0222946 0.000303362 0.0144 
-0.0112488 0.0124 -0.00798282 
0.0209573 0.0111427 -0.008744139999999999 
-0.0126009 0.0124 -0.00734967 
-0.00886608 -0.0124 -0.0124824 
0.00422141 -0.009500929999999999 -0.0155306 
-0.0220082 -0.0119113 0.00209772 
-0.0207768 -0.0123966 -0.000827427 
-0.00179576 -0.0124 -0.00123125 
-0.0227 0.0051184 0.00356133 
0.0227 0.00464675 0.00945503 
0.0140032 -0.0118628 0.0144 
0.0164311 -0.00812266 0.0144 
-0.00688053 -0.000312369 -0.0174209 
0.0227 0.00417784 -0.00176747 
-0.0173229 -0.00566605  0.017 
-0.0204905 0.0124 -0.0104588 
0.0113461 -0.00254879 0.0147 
0.00373942 0.00047898 0.0162 
0.00396644 -0.0124 0.0127304 
0.0213503 0.00463494 0.0174247 
-0.0150806 0.0124 0.00183854 
-0.00539041 0.0123447 -0.0146065 
-0.00184297 0.00424484 -0.0176239 
0.0227 -0.00137722 -0.00202922 
0.00107431 0.0124 0.00131766 
-0.0180505 -0.0124 0.00610585 
0.0191661 0.0124 0.0112682 
0.0209373 0.008417529999999999 0.0144 
-0.0190426 -0.00306147 -0.0159 
0.0140263 0.00719362 -0.0144 
-0.0227 0.00204603 0.008410529999999999 
0.00880913 0.0124 -0.00208014 
0.008671079999999999 -0.00550118 0.0180487 
-0.0156875 0.0041761 -0.0177 
0.0198602 0.000387351 -0.0144 
0.0170885 -0.00375423 0.0164969 
-0.0227 0.00878835 -0.014145 
-0.0226401 0.0108803 0.0108882 
0.0155189 -0.00333137 0.015656 
-0.0167849 0.0124 -0.0035784 
0.0144056 -0.009810579999999999 -0.0156009 
0.0122288 0.00261603 -0.0183 
0.0167551 0.0124 -0.008157289999999999 
0.0176255 0.00170803 0.0187 
-0.00325174  0.007 0.0167771 
0.022193 -0.0008312490000000001 0.0144 
0.0102306 0.00891433 -0.0144 
0.016835 0.00386186 0.0168259 
-0.00502925 0.0123076 0.0147448 
0.0227 -0.00248672 0.0114622 
0.0182573 -0.00590356 0.0163473 
-0.00169584 0.0124 0.0055994 
0.00897512 0.0124 0.00497762 
-0.0191461 0.009142809999999999 0.0145037 
-0.0227 0.00704683 -0.00304407 
0.0131793 -0.00655431 -0.0144 
-0.0144058 0.0124 0.00770633 
0.0227 -0.0010278 -0.00226826 
-0.0227 0.0098712 0.00740527 
-0.00290954 -0.0124 -0.000259847 
0.00918911 0.0124 -0.0105161 
0.00669104 -0.0124 -0.0107926 
-0.022524 -0.00148594 -0.0150567 
0.00911899 -0.0070164 0.0162 
0.00772645 0.0114395 -0.0144 
-0.0227 -0.008700380000000001 -0.0126532 
0.0105603 0.0124 -0.00760864 
-0.0129407 0.0124 -0.0108284 
0.009236619999999999 -0.0124 -0.00694701 
-0.0188136 -0.0124 0.00306937 
0.00695225 -0.0124 6.65532e-05 
0.0212963 -0.0102923 -0.0144 
0.0227 0.000250753 0.00576507 
-0.0112386 0.00658182  0.017 
0.0227 -0.00162758 0.0135318 
-0.0174 0.00189504 -0.0168624 
-0.0227 -0.0031703 -0.0124218 
0.0125241 0.00345688 0.0147 
0.0214716 0.0014011 0.0162 
-0.0146935 -0.00392034  0.017 
-0.00615565 -0.00245668  0.017 
-0.0227 -0.0008982079999999999 0.00443139 
0.00299611 0.0124 0.0106057 
0.0110657 0.00595462 0.0162 
0.0121658 -0.00120404 -0.0178861 
-0.00359816  0.007 0.0166734 
0.00473559 0.00366311 0.0162 
-0.0035561 -0.0124 0.00625805 
-0.009282749999999999 -0.0124 -0.000509989 
0.0018155 0.0124 -0.00208231 
-0.009975319999999999 -0.0124 0.0123115 
-0.0227 -0.00227357 -0.008682270000000001 
-0.0131175 0.00702871 0.0159 
0.00300991 0.00312473 0.0182282 
-0.0214746 0.008399999999999999 0.0157604 
0.00192099 0.0124 -0.0059931 
-0.0227 -0.00119594 0.00742531 
-0.0137782 0.010702 -0.0159 
-0.0149722 0.00905749 0.0159 
-0.0188102 -0.00456286  0.017 
0.00723931 -0.00951522 -0.0144 
0.0128856 -0.00404646 0.0187 
-0.00642083 0.00146875  0.017 
0.00095 0.00825215 -0.0153231 
0.00934513 0.0124 -0.00231593 
0.0227 0.000499432 0.0132588 
0.0209058 -0.008040830000000001 0.0144 
-0.00271793 0.0124 0.000358777 
-0.0202612 -0.0124 -0.0108033 
0.0142467 -0.0124 0.00517727 
-0.0222108 -0.0117088 0.0130651 
-0.0155996 -0.0122186 0.0150768 
-0.0209091 0.0123878 -0.0126497 
-0.0192825 0.0124 0.00684696 
0.0114141 -0.00751274 -0.0156 
0.012794 -0.00464927 -0.0156 
0.0153684 0.0124 -0.00169885 
0.0195917 0.00544724 0.0162 
0.0204046 -0.00534113 0.0162 
0.00167932 -0.0124 0.00462595 
-0.0189849 -0.00631585 -0.0159 
0.0117931 0.00369413 0.0147 
0.00890695 -0.00051329 0.0144 
-0.0197132 -0.0124 -0.00324035 
-0.00608039 0.0124 0.00938166 
0.0104808 0.00534637 0.0187 
-0.00958549 -0.0113099 -0.0159 
0.009356150000000001 -0.000403635 0.0144 
0.020837 0.00540189 -0.0156 
0.016607 -0.009112439999999999 -0.0157316 
-0.0088816 -6.2868e-05 -0.0177 
0.010537 -0.00487449 0.0187 
-0.0212463 0.0123228 -0.00524985 
0.0227 -0.00310649 -0.00121102 
-0.0227 -0.00899367 -0.000434008 
-0.019196 -0.000695253 -0.0159 
-0.0227 -0.000300233 0.0127869 
0.0150028 0.0124 -0.008365930000000001 
0.0134054 -0.000860379 -0.0181798 
-0.00117233 -0.00276623 -0.0194 
0.0186275 -0.007890930000000001 -0.0161464 
-0.00347102 0.0124 -0.00312877 
-0.019909 -0.0124 0.012947 
0.0092304 -0.00700205 -0.0144 
0.0227 -0.009390809999999999 -0.008124660000000001 
-0.02045 0.0112261 0.0155776 
0.0219554 -0.000882583 0.0144 
-0.00112448 0.0042952 -0.0149053 
-0.0227 -0.0021208 -0.0143073 
0.00992586 0.00966237 -0.0173374 
0.0107019 -0.00158675 0.0145179 
0.008662059999999999 0.00296937 -0.0144 
-0.0136159 0.00148769  0.017 
0.0227 -0.00518563 0.0104884 
-0.0227 -0.00246135 -0.0138703 
0.0227 0.000242526 0.00497612 
0.0227 0.00610893 0.00925028 
0.015102 0.0124 0.0008976639999999999 
-0.0183815 -0.00732246 -0.0159 
0.0200512 -0.0120488 0.0017122 
0.0147213 0.00153267 0.0187219 
0.0170412 0.0124 0.00315296 
0.0227 -0.00712768 0.00107476 
-0.00940845 -0.0124 -0.00723746 
0.00547564 0.00192695 0.0144 
0.0227 0.007833690000000001 0.0123635 
-0.0227 0.0100073 -0.0135105 
0.0227 -0.00301761 0.00171736 
0.0073937 0.00236964 0.0187 
-0.0167654 0.0124 -0.008293689999999999 
0.0132172 0.0124 -0.00036592 
0.0159082 -0.0124 0.009678539999999999 
0.011336 -0.00378631 -0.0144 
0.00557649 0.00373606 0.0144 
0.0169885 -0.00892652 -0.0157085 
0.0227 0.0044703 0.00253304 
-0.00117018 -0.0124 -0.0114467 
-0.00254641 -0.00288234 -0.0170783 
0.0170481 0.001885 -0.0156 
0.00870168 -0.00543326 -0.0167061 
-0.0221342 -0.00567635 0.0165117 
0.00478674 -0.00457547 0.0144 
0.0196543 0.0124 0.00561579 
0.02163 -0.01047 0.00367483 
0.00109348 0.00587576  0.017 
-0.0107484 0.0124 -0.00531198 
3.14566e-05 -0.0115137 -0.0159 
0.0140724 0.0124 -0.00355541 
-0.00621006 -0.00868416 0.0159 
-0.0226005 0.011017 -0.00674791 
0.0227 0.00400352 -0.008102130000000001 
0.0129304 -0.00117343 -0.0173376 
0.00738649 0.00193149 0.0144 
-0.0169326 -0.0124 0.00832633 
-0.0163212 0.0124 -0.0129563 
-0.0227 0.00180303 0.00534384 
-0.0148532 0.0124 0.00764013 
-0.000544192 -0.0123607 -0.0145466 
-0.012778 0.008757300000000001 0.0159 
-0.00358996 -0.00564663  0.017 
0.0191751 0.00493187 0.0187 
0.0187843 -0.0124 -0.00819339 
0.0227 0.00137417 0.0015425 
-0.0219624 -0.0119499 0.0126711 
0.0227 0.00387121 -0.0110811 
0.0184617 0.0124 0.00336967 
-0.00554918 -0.00069945  0.017 
0.00709028 -0.0124 0.010979 
-0.00106911 -0.0100793 -0.0144 
-0.0198125 -0.00755354 0.0159 
0.0168708 0.00407195 0.0144 
-0.0225073 0.0112554 -0.0106471 
0.0123868 -0.00719314 -0.0156 
0.0227 0.00281425 0.0104425 
-0.00934337 -0.0124 -0.00648232 
-0.0225624 -0.0111251 0.00320097 
0.00953215 -0.0124 0.00415119 
0.0184389 0.0124 0.0143488 
0.0176714 -0.0124 -0.0110431 
0.000644917 0.0124 -0.00839587 
0.0026612 -0.00561029 -0.0144 
-0.0200352 -0.0124 0.00707658 
0.0207925 0.00393756 -0.0177 
0.0170888 -0.00123446 -0.0177 
-0.00445281 -0.0124 -0.0138585 
0.00311358 0.00127724 0.0187 
0.011797 0.0124 -0.00754415 
-0.0157177 -0.0124 0.00219002 
-0.0114716 0.0124 -0.0141009 
0.00660634 -0.009074759999999999 0.0152319 
-0.00116689 0.0124 -0.00406677 
-0.0163452 0.00731338 0.0159 
0.0060085 0.0123686 -0.0145173 
-0.0104729 0.0124 0.0104857 
0.000621015 -0.0124 0.0142077 
0.0143814 0.00507117 -0.0144 
-0.0227 -0.00654551 -0.00964954 
0.0166443 -0.00248339 0.0187 
0.00765374 -0.00255318 0.0144 
-0.00370538 0.0120441 -0.0157281 
0.0227 0.008741469999999999 0.00128637 
-0.00573845 0.0124 0.00397028 
0.017865 -0.00377125 -0.0171273 
0.0154414 0.0124 -0.00538055 
0.0227 -0.00680773 -0.0109593 
-0.00517564 -0.0124 -0.01198 
0.0135204 -0.009942350000000001 0.0180505 
-0.020287 -0.00820953 0.0159 
0.0220784 -0.0100216 -0.0125611 
-0.0119908 -0.0124 0.0115403 
-0.0163548 0.0124 -0.0112921 
0.0139458 0.0124 -0.0014842 
-0.00445249 0.00356418 -0.0161163 
-0.00868437 0.00631794  0.017 
-0.0123262 -0.00534424  0.017 
-0.0111325 0.0124 0.00260086 
-0.00109835 -0.0124 -0.0135675 
0.0227 0.00167276 -0.009242729999999999 
-0.0118052 0.0122258 -0.01505 
0.0227 0.00545235 -0.00714356 
-0.0219503 -0.0119591 0.00505576 
-0.0137505 0.0124 -0.00717208 
0.0227 -0.00365366 -0.00879627 
0.0175482 -0.00862952 0.0178793 
0.0204432 -0.0116568 -0.00381459 
0.020001 0.012099 0.0122941 
-0.0227 -0.00609383 -0.00559549 
0.0186934 -0.0048285 -0.0173598 
0.00672966 -0.0124 0.0019306 
0.00466484 -0.00171783 -0.0144 
-0.0189909 0.01185 -0.0159 
-0.0227 0.00751176 0.0127266 
0.0031629 -0.00356463 0.0184791 
0.00533389 -0.00437815 0.0162 
-0.0175594 -0.00622471  0.017 
0.00346323 0.0007986 -0.0144 
0.009033019999999999 0.0124 -0.00829365 
0.00486753 -0.00395426 0.0187 
0.0171519 -0.0124 0.009661289999999999 
-0.00376698 0.0101 -0.0145075 
-0.0213029 0.012305 0.000495746 
0.0192441 -0.00398608 0.0144 
0.0190613 -0.0124 -0.00823895 
0.00968462 -0.0124 0.00661696 
0.0198242 0.00679487 -0.0169665 
0.00245098 -0.0124 -0.0116705 
0.017909 -0.0124 -0.0109302 
0.0209961 -0.00246976 0.0187 
0.00365281 0.0124 -0.000821372 
0.00523303 -0.00184889 -0.0156 
-0.0218174 -0.008399999999999999 0.0152381 
0.0227 0.00925312 0.00678931 
-0.00948591 -0.0124 -0.009541249999999999 
0.0227 -0.000800422 0.00797898 
-0.0222992 0.0115981 0.00282537 
0.0017955 0.0124 -0.00114374 
0.00727064 -0.00742983 -0.0177 
0.00591579 0.0055413 -0.0177 
-0.00198983 -0.00369735 -0.0164988 
-0.000911799 -0.00683044 -0.015151 
-0.008887870000000001 -0.0124 0.009713930000000001 
0.0123788 0.0124 0.0129675 
-0.00714412 -0.000621626 -0.0175625 
-0.00220731 -0.008352740000000001 -0.016153 
0.0116893 0.009964600000000001 0.0185533 
0.0227 -0.00828626 0.0032667 
0.0186465 0.0070182 -0.0156 
-0.0130404 -0.0123792 0.0144775 
-0.00302751 0.0120181 -0.0158255 
0.00769945 -0.00667871 0.0144 
0.00320819 0.00122934 -0.0156 
0.0227 -0.000338805 -0.0103157 
0.00447696 0.0015893 0.0162 
-0.00423821 0.00487283  0.017 
-0.021149 0.0123471 -0.0108876 
0.0185068 -0.00298949 0.0187 
0.00851322 0.00340598 -0.0156 
-0.0227 -0.00067214 -0.000880561 
0.00396438 -0.0123358 0.0153402 
-0.00668445 -0.00507188 -0.0173155 
0.0159992 0.00282474 0.016089 
0.00116658 -0.0124 -0.00615289 
0.0149851 0.008416440000000001 -0.0156 
0.01986 0.00343605 0.0144 
0.0215542 0.0105458 -0.0138275 
0.0227 0.00186433 0.00396692 
0.0227 -0.00935893 0.00757838 
0.0213265 -0.0107735 0.0128805 
-0.0157351 -0.000859116  0.017 
0.000769658 0.0039322 -0.0144 
-0.00591991 0.00786135 0.0159 
0.0174594 -0.000928397 0.0144 
-0.000628281 0.010255 0.0159 
0.00749107 -0.0124 -0.00440446 
0.0227 0.00370628 -0.00151797 
0.0227 0.00374947 0.00638837 
0.00380282 0.0124 0.0117596 
0.0227 0.0033271 0.00117586 
0.0211861 -0.00495034 0.0185116 
0.00676041 0.00496196 0.0144 
-0.0108457 0.0123884 0.0144432 
0.0212594 -0.00301185 -0.0144 
-0.0214239 0.0122629 0.00563451 
-0.009210319999999999 -0.008126 -0.0177 
0.0201541 0.00432491 0.0144 
0.00731847 0.0006049579999999999 0.0162 
0.0178119 0.0073534 0.0162 
0.00220095 0.0124 -0.0134029 
-0.00223549 0.00217983  0.017 
0.009414179999999999 -0.0124 0.00473906 
-0.00238396 0.0124 0.0107246 
-0.00924642 -0.0124 -0.00243249 
0.00270687 0.00407458 -0.0144 
-0.0227 0.00173831 -0.00100502 
0.00829588 0.00319873 0.0162 
0.0186048 -0.0124 0.0140649 
0.0227 0.00621279 -0.00809443 
-0.0146101 -0.000421001 -0.0177 
-0.0227 0.00842102 -0.00290786 
-0.0116948 0.00141804 -0.0177 
0.0185989 -0.00266128 0.0187 
0.0104544 -0.0124 -0.000914327 
0.0103246 0.00206232 -0.0179665 
0.00377895 0.00409777 -0.0156 
-0.0227 -0.0060709 0.00879769 
0.008768750000000001 0.00467625 -0.0168798 
0.0155732 0.0102486 -0.0144 
0.0136006 -0.0124 0.00399287 
0.00360351 0.009796529999999999 0.0145694 
-0.00700056 0.0124 0.011463 
0.0182939 0.0124 -0.0125863 
0.0192382 -0.00119894 -0.0144 
-0.0227 -0.00271294 -0.00177812 
0.0142578 -0.00394327 -0.0144 
-0.0129486 -0.00757167 -0.0177 
0.0037426 -0.0065 -0.015445 
-0.00263445 -0.0124 0.000983271 
0.0129943 0.00266379 0.0144 
0.007874829999999999 0.00273988 -0.0177 
-0.0054676 0.00750458 -0.0166617 
-0.0120719 0.00439555 -0.0177 
-0.0163686 0.0092 -0.0172785 
0.0068516 -0.0107987 -0.0159 
0.0166535 0.00576556 -0.0144 
0.00518055 0.0124 -0.0108089 
0.0227 0.00440206 -0.00464615 
-0.0227 0.008980500000000001 0.009489829999999999 
-0.014786 0.0124 -0.00163137 
-0.00240349 0.00331967 -0.0174706 
0.0169896 -0.0115327 0.0144 
-0.00446589 0.00418331 -0.0161235 
-0.000959003 -0.0124 0.00482397 
0.0117095 0.00349436 0.0144 
-0.0164729 0.00292991 -0.0177 
-0.00059863 0.00249502 -0.0169231 
0.0173602 0.00619584 0.0174188 
0.00309156 0.008727540000000001 -0.0159 
0.0220124 0.0100876 0.00611754 
0.00762215 -0.00747153 0.0144 
-0.0227 -0.00518673 3.20561e-05 
0.00956425 0.0124 0.00567836 
-0.0191296 -0.0124 -0.0111955 
0.0224059 -0.0012972 0.0172116 
0.014012 0.00762356 0.0162 
-0.00509801 0.0124 -0.0115337 
0.0226373 0.00325449 0.0144 
0.00039144 0.00657296 -0.0144 
0.0227 0.00292254 -0.00157724 
-0.0156173 0.0092 -0.0161671 
0.0137801 -0.00583246 -0.0144 
0.0153698 0.0124 0.00977483 
-0.0207363 0.0123984 0.0117246 
0.00978702 -0.00520001 -0.0156 
-0.0215825 0.0119108 -0.0155439 
0.00980989 4.28784e-05 0.0190306 
-0.0174 0.00602495 -0.0171321 
0.000826525 0.00245929  0.017 
-0.0123226 0.0124 0.0127987 
0.0227 -0.00512292 -0.0123638 
0.00122312 0.0124 0.00694842 
0.008930209999999999 -0.000620597 -0.0177 
0.0177386 -0.00144052 0.0144 
-0.0208703 0.0123926 -0.00374022 
0.000200295 0.0124 -0.00293646 
0.0209842 -0.00527628 -0.016363 
-0.017227 0.0100673 0.0144758 
0.00614721 0.000150965 0.0144 
0.010597 0.00407775 0.014772 
0.0190915 -0.00355266 -0.0144 
0.0112412 -0.0124 -0.0055245 
0.0158578 0.0124 -0.00251628 
-0.0135553 -0.00308971  0.017 
-0.00571833 0.0124 -0.0058936 
0.0072 -0.0107444 -0.0152087 
-0.00239775 -0.00467131 -0.0174677 
-0.00405 -0.00218642 -0.0152602 
0.00991821 -0.00966068 0.0167911 
0.009753619999999999 -0.00511896 -0.0156 
0.017527 0.0124 -0.00487847 
-0.0119532  0.007 0.0166379 
0.0086284 0.00720156 0.0144 
-0.00834387 0.0124 0.0132764 
0.0124898 0.00677862 0.0144 
-0.0227 -0.00436239 0.00189854 
0.00531717 -0.00955397 -0.0159 
0.0143459 -0.00247685 0.0187 
-0.0157506 0.0122112 0.0151376 
0.0145711 -0.00216734 -0.0145214 
-0.0145674 0.0124 -0.0139453 
-0.0215005 0.008695680000000001 0.0144987 
0.00678587 0.00352544 -0.0177 
-0.00754186 0.0124 0.0101987 
-0.00939749 0.007930889999999999 0.0159 
0.00554908 -0.00699281 0.0144 
-0.0203303 -0.0100127 0.0143697 
0.0227 0.00153398 -0.0105344 
0.0192367 0.000491408 -0.0156 
0.021186 0.010914 -0.0117172 
-0.0073416 -0.0124 -0.00185964 
-0.0076499 0.00625053  0.017 
-0.009811200000000001 0.000332901  0.017 
0.0168305 0.00102782 -0.0144 
-0.0223128 -0.008399999999999999 0.0154165 
0.0147919 0.00972495 0.0172415 
0.01205 0.0011145 0.019785 
0.00363345 0.0124 -0.00466459 
0.0227 -0.009122949999999999 0.00711227 
-0.00696892 -0.0124 0.00640811 
0.0112659 -0.0124 -0.0131762 
0.0116226 -0.0101704 -0.0144 
0.0227 -0.000971442 -0.00974389 
-0.0227 0.000137507 -0.0141351 
0.0178121 0.00314418 0.0144 
0.0149084 0.0124 0.007876899999999999 
0.0222966 -0.000849145 0.0162 
-0.00667174 -0.00563282  0.017 
-0.0227 0.00461935 0.000843889 
0.0210733 -0.00457036 0.0187 
-0.008629070000000001 -0.0124 0.009536680000000001 
0.0227 -0.00658558 0.00657729 
0.0145605 -0.0124 0.00701615 
0.00133194 -0.007 0.0167728 
0.016561 0.00407118 -0.0170703 
-0.00305188 0.00811976 -0.0144 
0.0212977 0.0108023 -0.00135308 
-0.00300633 -0.0124 0.0030433 
0.0227 0.003555 0.00970539 
-0.018575 0.00974409 -0.0159 
0.00637244 0.0124 -0.00648313 
-0.00620342 0.0092 -0.0164261 
0.00226208 0.00264788 0.0144 
0.00300203 0.0124 0.007551 
0.00183482 -0.0124 0.0143151 
0.0222251 0.009874920000000001 -0.0112536 
-0.0057533 -0.0124 0.00565351 
0.0227 -0.00834551 0.0111278 
0.0179832 -0.00576357 0.0144 
-0.00177654 -0.00747067 0.0159 
0.000715925 0.0124 0.00842276 
-0.0169543 -0.00870074 -0.0177 
0.00267108 0.00182289 0.0163184 
-0.018083 0.00280397 -0.0159 
-0.0008374949999999999 -0.00689878 -0.0187588 
-0.02058 0.0124 0.0075378 
0.0176219 -0.0114236 0.0144 
-0.00195649 -0.00594754 -0.0194 
-0.00163886 0.00859597 -0.0148836 
0.00901353 0.00157301 0.0187 
0.0151712 0.0124 0.00539158 
-0.0152107 0.0124 -0.013578 
0.00481646 0.00576119 0.0187 
-0.00239863 0.0124 -0.0125619 
-0.0207958 -0.0123958 -0.0136451 
0.00965775 -0.000394482 0.0147 
0.00670135 0.0114678 0.0159 
-0.0173244 0.0124 -0.007904889999999999 
0.00328051 0.00352331 0.0144 
0.0191943 -0.00741633 -0.016676 
0.0166362 0.0124 -0.000833972 
0.0104676 -0.00634734 -0.0144 
0.0140476 0.00290589 0.0147 
0.00095 0.00714591 -0.015722 
-0.0005832 0.00545487 -0.0188343 
-0.0130073 -0.00432103  0.017 
-0.0227 0.000508715 -0.009966620000000001 
0.0227 -0.00242102 0.009328049999999999 
0.0151252 0.0124 -0.0119999 
0.0204605 -0.0030414 -0.0144 
-0.00359656 0.0124 -0.013267 
0.00532006 -0.0124 -0.0129276 
-0.0227 0.00616971 0.0139644 
-0.00708752 -0.00624284  0.017 
0.0102288 0.00578284 0.0144 
-0.0227 0.00385333 0.0023449 
0.00265803 0.00176404 0.017311 
0.00457738 0.009601999999999999 -0.0156099 
-0.0129167 -0.0124 -0.009068140000000001 
0.00481761 -0.0124 0.00833795 
-0.0146981 0.00840814 -0.0177 
-0.00310493 0.00307015  0.017 
0.0203245 -0.00471267 0.0162 
0.00920616 0.00236518 0.0147 
0.00567067 -0.0008651690000000001 -0.0144 
-0.000879464 -0.0124 -0.00107208 
-0.0215372 0.000369423 -0.0159 
-0.0227 -0.00894056 -0.013667 
0.0105319 -0.0124 0.0118758 
0.00262583 -0.00930284 -0.0159 
-0.00864416 -0.0124 0.009041789999999999 
0.0158984 0.0124 0.00128126 
0.009764470000000001 0.0077201 -0.0177 
0.014643 0.00349071 0.0144 
-0.0227 0.00966564 -0.0137651 
-0.0202595 -0.0124 -0.00998748 
0.00435475 0.00254968 -0.0156 
-0.0187 -0.0117433 0.0155953 
0.0214893 0.0106107 -0.0071597 
0.0113876 0.008766309999999999 -0.0144 
-0.00253905 -0.0077414 -0.0160201 
-0.00180751 0.00653031 -0.0144 
0.0121624 -0.00219398 -0.0183 
0.0167441 -0.0101716 0.0144 
-0.0227 8.57683e-05 0.00430087 
0.0158714 0.012286 0.0144 
-0.0109127 0.0124 0.0133327 
-0.00191257 0.00199373  0.017 
-0.0227 -0.000788056 -0.00368279 
0.00619731 -0.00077901 0.0144 
0.009106110000000001 -0.0027327 -0.0156 
0.0210429 0.0110571 0.008749959999999999 
0.016775 0.0124 4.93973e-06 
-0.00326848 -0.0124 -0.00696539 
-0.008698549999999999 -0.0124 0.00813152 
0.00500522 0.00577202 0.0187 
0.00941495 0.008048700000000001 -0.0177 
0.0227 0.00174237 0.00814108 
0.0187761 -0.0124 -0.00544996 
0.0190874 -0.000814484 0.0144 
0.0101415 -0.0124 0.011581 
0.00365892 0.00257759 -0.0144 
-0.0165306 0.0124 -0.00792504 
-0.0227 -0.009217960000000001 0.00681517 
-0.00319335 -0.0124 0.00209359 
0.0143451 -0.0124 -0.0123342 
-0.00253654 -0.00296052 -0.0180484 
-0.0117493 -0.00392832  0.017 
0.0227 -0.00486051 -0.0078739 
-0.0200283 -0.00851671 0.0154297 
0.0224719 0.000643315 0.0179513 
0.0207135 0.00209839 0.0144 
-0.0160281 -0.0124 -0.00657804 
-0.0227 -0.009992890000000001 0.00204947 
0.0223922 0.0075981 -0.0144 
0.00355066 0.0122991 -0.0147767 
-0.0142312 -0.00996492 -0.0159 
0.00846381 -0.009040960000000001 -0.0156 
0.0106354 -0.0124 -0.0140058 
0.0160774 -0.00134664 -0.0156 
-0.00112801 0.00189343 -0.0180916 
-0.0227 -0.00711791 0.00848287 
-0.00996814 0.0124 0.00506429 
-0.0137843 -0.0124 0.00538454 
0.00905769 -0.00566667 0.0162 
0.0224028 0.00132103 -0.0175394 
-0.0103733 0.0124 0.000462859 
-0.0101091 -0.00397515  0.017 
-0.00140465 -0.00378853 -0.016015 
-0.0150225 0.00812118 -0.0177 
0.0227 0.00143944 0.00965832 
0.0156198 -0.00771172 0.0162 
0.00963726 0.0009916650000000001 0.0187 
-0.00542682 -0.0124 0.0009919169999999999 
0.0167772 -0.00219185 0.0187 
-0.00696153 0.0124 0.00996565 
0.00857377 -0.00154075 -0.0177 
0.0227 0.007888269999999999 -0.000624224 
-0.0015274 0.00660099 -0.0168273 
-0.00783887 -0.00289499 -0.0177 
-0.00405 0.00266613 -0.0153765 
-0.0157141 -0.0124 -0.00610126 
-0.00361605 -0.0124 -0.00969572 
0.0164079 -0.0124 0.0109213 
0.017763 -0.00615943 0.0186218 
-0.0167097 0.0124 -0.0112988 
0.0227 -0.00266427 -0.00281115 
0.00705569 0.00633607 0.0187 
-0.0227 -0.00911412 -0.00295375 
-0.0227 -0.00624891 -0.00930336 
0.0186751 -0.010371 -0.0144 
0.0164759 0.0124 0.0130859 
-0.0215362 0.0110433 0.0157998 
-0.0227 -0.00472185 -0.00136594 
-0.007937110000000001 0.00134722  0.017 
0.0192613 -0.0124 0.00188729 
-0.0224165 0.00451012 0.0154582 
-0.0172439 0.00961385 -0.0159 
0.0103118 0.0124 0.000403954 
0.0227 0.00625624 -0.0124685 
0.009896749999999999 0.00157386 -0.0156 
0.00488918 0.0105442 0.0151122 
-0.00417074 0.0101732 -0.0159 
-0.0202436 0.0124 0.00150925 
0.0198383 0.0110359 -0.0144 
0.009527620000000001 0.00220497 -0.0156 
0.0141485 -0.0124 0.00871943 
-0.0163605 0.00958524 0.0144 
0.0129264 0.00117497 -0.0174844 
-0.0122907 0.00592362  0.017 
0.0215571 -0.0105429 -0.00208036 
0.0151134 0.0113369 -0.0144 
0.0194692 0.00232005 -0.0177 
-0.00224757 -0.0124 0.0135942 
-0.009109920000000001 -0.009581589999999999 -0.0159 
-0.0183422 0.0124 -0.0134086 
0.0227 -0.008881999999999999 0.007860850000000001 
-0.00267691 0.0124 0.00317679 
-0.0139204 0.0124 0.00152238 
0.0145196 -0.0124 0.0098697 
-0.0227 0.00757791 -0.0141459 
-0.0223924 0.0114623 -0.0123073 
0.0227 0.00874174 -0.0069185 
0.0196715 0.00570425 0.0187 
-0.00396903 -0.0066939  0.017 
-0.000581015 0.00255498 -0.0180809 
0.0227 -0.0057491 6.76247e-05 
-0.0215256 -0.0122207 0.00791701 
-0.0227 0.00634321 -0.000844605 
0.0227 -0.00421268 0.00349749 
0.008534119999999999 0.000560669 0.0147 
0.0173425 0.0124 -0.00228202 
0.00172498 -0.00630635 -0.0144 
-0.000554816 0.00769483 -0.0182928 
0.00692538 -0.00112901 0.0187 
-0.0193927 0.0081557 0.0159 
-0.0128913 -0.0124 -0.0129024 
0.0160074 0.00281412 0.016136 
-0.021421 -0.00407411  0.017 
0.00242113 -0.00713459 -0.0159 
-0.0210439 0.0123701 0.000927543 
0.000118444 0.00268343  0.017 
-0.0226073 -0.00420461 -0.014746 
-0.00405 0.00843142 -0.01447 
0.00764594 -0.000802566 -0.0156 
-0.00150189 0.0121499 -0.0153333 
0.0227 0.00826709 -0.00682277 
0.0176708 0.00711901 -0.0144 
-0.015471 0.000396733 -0.0177 
-0.012164 -0.0124 -0.00858709 
-0.0198454 -0.0124 -0.0138507 
0.0168102 -0.00709139 0.0162 
0.0193093 0.00527759 0.0162 
-0.0119532 -0.0124 -0.00449848 
0.0103825 0.009763610000000001 -0.0172525 
-0.00456746 -0.00606376  0.017 
-0.0140568 0.0124 0.001029 
0.0124859 -0.0124 -0.0109367 
-0.00656111 -0.0124 -0.0039747 
0.0227 -0.00658782 0.0128843 
0.009737880000000001 0.0124 0.00372575 
0.0217676 -0.0103324 -0.0126268 
-0.0227 -0.00395654 -0.009802170000000001 
0.00382431 -0.0124 0.00295416 
-0.000270929 -0.0124 -0.0015299 
0.00294569 0.0119886 0.0159 
-0.0227 -0.00118473 -0.00427399 
0.0177383 -0.0124 0.00751669 
-0.0100377 -0.0124 0.0122976 
-0.011849 -0.00598176 -0.0177 
-0.00543786 0.0109271 -0.0159 
-0.0183782 -0.0124 0.00160827 
-0.0227 0.00742493 -0.00351538 
0.0206913 0.0114087 -0.0127515 
0.0138385 0.00208885 -0.0183 
-0.00628214 -0.00707302 -0.0170994 
-0.0227 -0.00788467 -0.00547346 
-0.002507 0.00731289 -0.0145712 
0.0122665 0.00478783 -0.0156 
0.0217289 0.00139323 -0.0156 
-0.00750107 0.0124 -0.0061635 
-0.0227 -0.00539559 0.0127768 
0.0040872 0.00159561 -0.0177 
0.0148858 0.0124 -0.00412433 
0.014576 -0.00356568 0.0144 
0.0227 0.00635794 0.00360875 
0.01955 0.00986652 -0.0144 
-0.0039535 -0.0124 0.00749985 
-0.0227 -0.0009306129999999999 -0.008441300000000001 
-0.00202759 0.00672231 -0.0145222 
0.0150456 -0.00340564 -0.0177 
0.00599781 0.00286879 0.0144 
-0.0215402 -0.00632328 -0.0159 
-0.0208255 0.00971529 -0.0146664 
-0.00250097 0.0124 -0.00808886 
0.0218205 -0.00132963 0.0162 
0.0227 0.00670757 0.0128451 
-0.00462533 -0.0124 -0.00956331 
-0.0208033 0.009665160000000001 0.0145848 
0.004741 0.0124 0.007697 
0.00954551 0.0118655 0.0144 
-0.0227 0.00700768 0.0111224 
0.0150166 0.009654869999999999 0.0144 
0.0165628 0.0124 -0.0131082 
0.00772958 -0.00680232 -0.0177 
0.0208733 0.00597843 0.0144 
-0.009469180000000001 -0.0124 0.0143506 
-0.00846542 0.0124 0.00650088 
0.0120394 -0.0124 -0.00164265 
0.00773186 -0.00618542 0.0176822 
-0.0101562 0.0110683 0.0159 
-0.00245747 0.0124 -0.00690533 
-0.0186828 -0.0124 -0.0127056 
-0.00692085 0.0124 0.00470541 
0.0215586 0.00742594 -0.0144 
-0.0129917 -0.00809667 0.0159 
0.008709089999999999 -0.0124 -0.00281451 
0.0178449 0.0124 -0.00639653 
0.00576674 -0.00137611 0.0187 
0.0104863 -0.00421905 0.0187 
0.0126188 0.0124 -0.00862715 
-0.00266021 0.0124 -0.00807074 
-0.0128098 -0.0124 0.009024509999999999 
0.0111048 -0.00300695 0.0144 
0.0227 0.00226635 -0.0106602 
-0.0162135 -0.0061273  0.017 
-0.0227 -0.00794708 -0.0130628 
0.00251415 0.0124 0.00374146 
-0.0139012 0.0124 -0.00534107 
0.00728104 0.0124 0.000689948 
-0.00262293 0.0124 0.00778395 
0.00445065 -0.00592104 0.0171395 
-0.0192017 0.0113225 0.0144 
0.0199639 -0.0121361 -0.00896022 
0.0194925 0.0124 0.0142371 
0.00263761 -0.00426158 0.0149548 
0.0227 0.00107773 -0.0111735 
0.0227 -0.00268509 -0.0113319 
0.0220072 -0.008799360000000001 0.0144 
0.0224115 -0.009688550000000001 0.00636307 
0.0145417 0.00119617 -0.0183 
-0.0110133 -0.0109296 -0.0159 
-0.00768871 -0.0124 -0.00280199 
-0.009115450000000001 -0.0124 -0.013017 
0.0194344 -0.0124 0.011797 
0.0131148 -0.00997316 0.0182798 
-0.00669728 0.00596468 -0.0173224 
0.000639623 0.0101 -0.0150585 
0.0227 -0.00356865 -0.01348 
0.0151663 0.00533171 0.0162 
-0.00786863 -0.0092 -0.0175363 
-0.00583927 -0.00354066 -0.0168614 
0.0227 0.00492376 0.010449 
-0.0227 0.00726665 0.00702826 
-0.0009964869999999999 0.00676807 -0.0186158 
-0.00832102 -0.0096451 -0.0159 
0.0224149 -0.00703414 0.0144 
0.00419923 -0.0124 -0.0105389 
-0.000155745 -0.0124 0.00125407 
0.00456092 0.0124 -0.0124631 
-0.00650965 -0.0124 0.000188369 
-0.0221047 -0.0069447 0.0166216 
-0.0224724 -0.0113226 -0.00465495 
0.0163394 0.007920969999999999 0.0187 
0.0227 0.00169885 -0.00187514 
-0.0200961 -0.0124 -0.00340618 
-0.0148474 0.0124 -0.00929695 
0.0151214 -0.007915159999999999 -0.0144 
0.000517531 -0.0124 0.0102576 
-0.00156075 -0.008599529999999999 -0.0151112 
0.012718 0.0124 -0.00460408 
0.0129112 -0.00603197 -0.0144 
-0.00736035 -0.0124 0.0134643 
-0.0227 0.00448824 -0.0117231 
0.0213592 -0.0107408 0.008408219999999999 
0.00108864 -0.00387413 -0.0144 
0.011347 3.12069e-05 0.0193136 
0.00175272 -0.007 0.0164901 
0.0219141 0.00881791 -0.0144 
-0.013443 0.0040911 -0.0177 
-0.0105553 -0.0124 -0.00137347 
0.0227 0.00277491 -0.00660755 
0.00170804 -0.0065 -0.0144889 
-0.0196567 0.0124 -0.008002459999999999 
0.00187557 -0.00327266 0.0163207 
0.00373441 -0.00704263 -0.0159 
0.00674266 0.000908975 0.0144 
-0.0129435 -0.0124 0.011281 
-0.021778 0.00887346 0.0146807 
0.0131216 -0.00114644 0.0202 
0.0227 0.00636737 0.00719087 
-0.00342386 -0.009580419999999999 -0.0144 
0.007048 0.0124 0.0085366 
-0.0164926 0.0124 0.0130196 
0.008170780000000001 -0.0124 -0.0125736 
0.00439941 0.0123397 0.0158665 
0.0227 -0.0035544 0.009467690000000001 
-0.0215758 -0.0121967 -0.00419829 
-0.0227 0.00379769 -0.00487003 
0.0199931 0.00490225 -0.0156 
0.0225863 0.00358407 -0.0144 
0.0192503 0.0124 0.00112495 
0.0117091 -0.00257777 0.0187468 
0.00903201 -0.00186837 0.0187 
0.0103166 -0.000994431 0.0145972 
0.0131637 0.0075265 -0.0156 
-0.0209088 -0.00851407 0.0151321 
-0.0227 -0.00159995 0.00765555 
-0.00653891 0.0124 0.00248837 
0.0224771 -0.00052376 -0.0171044 
-0.0223729 0.00429546 0.0156207 
-0.000407516 -0.0124 0.00440912 
0.0188217 0.0124 0.00435338 
-0.00661596 -0.009112790000000001 -0.0172787 
0.0227 -0.00680447 -0.0117691 
-0.018999 -0.00448189 -0.0159 
-0.00413253 0.0014335 -0.0159443 
0.0216007 -0.0104993 -0.00622251 
0.0194424 -0.00527409 -0.0177 
-0.00803362 0.0107965 0.0159 
0.00667423 -0.0124 -0.00574747 
0.0162561 -0.0124 -0.010437 
0.00564072 -0.00600978 -0.0156 
0.0018124 0.00214061 0.0155272 
0.00271309 0.0124 -0.00675212 
0.0087738 0.000116697 -0.0156 
0.009177299999999999 -0.00562051 0.0162 
0.0155512 0.0124 0.0110419 
-0.00101454 -0.0120025 -0.0158836 
0.0120005 -0.00114482 -0.0180777 
-0.0138089 -0.0124 -0.00800729 
-0.008283489999999999 -0.00805877 -0.0177 
0.009598600000000001 0.00373312 -0.0156 
0.0194658 -0.0124 0.0112744 
-0.00201511 0.00608419 -0.0147361 
0.022188 0.009912010000000001 0.0128796 
-0.0227 -0.00192411 0.0130728 
0.00774046 -0.0052135 -0.0144 
-0.0174 0.0077238 -0.016272 
0.0104717 -0.00161402 0.0144 
-0.022641 0.0108763 -0.0119514 
0.008187740000000001 0.0049574 -0.0144 
-0.009633259999999999 -0.0092 -0.0166625 
0.000804799 -0.0123356 -0.0146404 
0.0227 0.00842998 -0.00199375 
-0.000647077 -0.00596516  0.017 
0.0134636 -0.0124 -0.00464456 
0.00483791 0.00481668 -0.0156 
0.012898 -0.000875727 -0.0144 
-0.00571905 0.0124 -0.0108167 
-0.007824619999999999 -0.0124 -0.00843696 
-0.0195953 -0.0124 0.008358010000000001 
0.0198322 -0.00181034 0.0144 
0.0196724 0.00696044 -0.0172726 
-0.00234528 -0.0124 0.0110285 
-0.0101537 -0.00770998 -0.0177 
0.0168538 0.0030278 0.0162 
-0.000149838 0.0109397 -0.0159 
0.0096585 -0.0124 -0.00735432 
-0.0226938 -0.0105414 0.00745046 
-0.0100277 0.0124 -0.00879625 
-0.0224329 -0.0113983 0.00440981 
0.0218835 -0.0102165 -0.006465 
-0.0227 -0.00121102 0.00371861 
0.0112752 -0.000245116 -0.0182805 
0.00939833 0.0101317 0.0144 
0.0166738 0.0124 -0.00530083 
-0.0070645 0.00499186  0.017 
0.0146667 0.00695335 -0.0156 
0.00287685 0.0027027 0.0179641 
0.0105287 0.00600234 -0.0156 
0.00760811 -0.007847130000000001 -0.0144 
0.0112934 -0.009917840000000001 -0.0176316 
0.0227 0.00170404 -0.0105949 
0.0227 -0.008430679999999999 -0.010498 
0.00702432 -0.00238186 -0.0177 
0.00170232 0.000145062 0.0151616 
0.0137516 -0.008820420000000001 -0.0156 
0.0158858 -0.009407759999999999 0.0162571 
0.00571892 0.0124 0.009671040000000001 
0.00575817 -0.0124 -0.00221444 
-0.0048697 0.00391959 -0.0163404 
0.00462149 -0.00592991 0.0187 
0.0227 0.00626004 -0.01016 
-0.0171593 -0.0124 0.00449912 
-0.009733199999999999 0.0123461 0.0146011 
0.0217642 0.0103358 -0.000619179 
0.0160142 0.0124 -0.00712229 
-0.00123938 -0.0124 0.0037803 
-0.0177521 -0.00867241 0.0159 
-0.00522819 0.00125269 -0.0165331 
-0.0226204 -0.0109541 0.0140689 
0.0227 -0.00406376 -0.0101535 
-0.00630259 0.0124 -0.0137463 
0.0105242 0.0103939 0.0144 
0.0177253 -0.0124 1.00955e-06 
0.0184851 0.00384176 -0.0144 
-0.00817386  0.007 0.016779 
-0.0227 -0.01013 -0.00179814 
-0.0137824 0.000926628  0.017 
0.0227 -0.00397024 0.009091520000000001 
0.0165845 -0.007868790000000001 -0.0177 
-0.00405 -0.00694417 -0.0156634 
-0.008726859999999999 0.0124 0.00547631 
-0.0225476 0.0111607 0.000702109 
-0.0116638 -0.0124 -0.000181225 
0.0189561 -0.0123967 0.0144 
0.0176973 0.00724364 -0.0144 
-0.0227 -0.00492691 0.00302938 
0.0197817 -0.0123183 0.0136262 
0.009059950000000001 0.0124 0.00203022 
0.00685439 -0.00722132 0.0187 
0.00808913 0.0081777 -0.0144 
0.0162892 -0.0124 -0.00822051 
0.0123934 0.00975464 0.0144 
0.0223195 -0.00729372 0.0144 
-0.0125809 0.0124 0.00180974 
0.0227 -0.00374336 -0.00707679 
-0.0226971 -0.0104656 0.009325099999999999 
0.0188819 -0.0124 -0.0047959 
0.0065626 0.000541826 -0.0177 
0.0146437 -0.00946087 0.0187 
-0.00571029 -0.000799274 -0.0167921 
0.0227 0.00214806 -0.0142311 
-0.0163419 0.0124 -0.00330179 
0.00515904 -0.00974884 -0.0159 
-0.0227 -0.00610823 0.00320261 
-8.19761e-05 -0.0124 -0.00223328 
0.0196012 -0.008166349999999999 0.0144 
-0.000602956 -0.000477935 -0.0144 
0.0110937 0.0124 0.00618222 
-0.0174 0.00583183 -0.0170789 
0.0181178 -0.00491837 0.0144 
0.00981632 -0.0117851 -0.0144 
-0.0204757 0.0124 -0.00525483 
0.0167257 0.0124 0.00682938 
0.0103168 -0.00710651 -0.0177 
-0.0117341 -0.00483654  0.017 
0.0133395 -0.000924594 -0.0157158 
0.017375 -0.00395302 -0.0144 
0.0167707 -0.00645807 0.0144 
-0.00560784 -0.00278706 -0.016737 
-0.0153678 -0.0124 0.0020238 
0.0112429 0.00238593 0.0187263 
-0.0119021 -0.0124 -0.0115197 
-0.0207132 -0.0123994 -0.000675565 
-0.0195889 -0.0124 0.0132504 
0.00731747 -0.0100012 -0.0144 
0.00709099 0.008206430000000001 -0.0144 
-0.0148108 0.0092 -0.0170337 
-0.0202501 -0.0124 -0.0127356 
0.0177959 -0.00615003 -0.0164367 
-0.000408701 -0.000496907  0.017 
0.0181867 0.0124 -0.0127942 
0.0159128 -0.00502897 0.0162 
0.0199814 -0.00268653 -0.0156 
0.000691604 -0.0124 -0.00649574 
0.0227 0.000364474 0.00350446 
-0.00764071 0.0124 0.0122208 
-0.0224448 0.00740553 0.0153523 
0.00277825 0.00556565 0.0166699 
0.0227 0.00184304 0.00302568 
0.0155976 0.0021696 0.0144 
-0.0185205 -0.000337503 -0.0159 
-0.0100313 0.00264754  0.017 
0.0192559 0.0022617 0.0162 
-0.00948644 0.0124 0.00176873 
0.0065704 -0.00417533 0.0170526 
0.0107697 0.0124 -0.0137063 
-0.0136591 -0.00217805 -0.0177 
-0.0227 0.00723823 -0.011842 
0.0203079 0.00320988 -0.0177 
0.008340129999999999 0.0124 -0.00360666 
-0.0227 -0.0063583 0.00820646 
-0.0034911 0.0113254 0.0159 
-0.0058208 -0.0124 0.0119815 
-0.0138504 -0.0124 0.0113899 
0.008707909999999999 0.0124 0.011378 
-0.0227 0.00765722 0.0119385 
-0.0227 -0.007832479999999999 -0.00638873 
0.00494819 0.00654643 0.0175818 
0.000794497 0.0124 -0.00203209 
-0.00270511 0.005608  0.017 
0.0227 -0.0022567 0.00559423 
-0.009812909999999999 -0.00223555 -0.0177 
0.0227 0.00569054 -0.0121053 
0.00853959 0.0124 -0.00169798 
0.009623899999999999 -0.00386577 -0.0156 
-0.0227 0.00560355 0.008145629999999999 
0.0175578 0.00862342 0.0164613 
-0.00744947 -0.00837566 -0.0177 
0.009495170000000001 -0.0028471 -0.0177 
0.000512667 -0.0124 0.00710287 
-0.0227 0.00522621 -0.000137449 
0.0227 -0.00871593 -0.0115637 
0.0227 -0.00335909 0.007846000000000001 
0.00516049 0.0124 -0.000476618 
0.00731857 -0.0124 -0.0008084 
-0.0226115 0.00610047 0.0147303 
0.0204213 0.0116787 0.0116545 
-0.0146466 0.0124 0.008540320000000001 
0.00654642 0.000179775 0.0162 
-0.009728580000000001 0.0124 0.000185177 
0.0158829 -0.00075661 -0.0177 
-0.0112123 -0.0100791 -0.0159 
-0.0227 -0.00481904 0.0127819 
0.000356322 0.0124 -0.0043373 
-0.0194515 0.0124 0.00446232 
0.00426803 -0.0124 -0.010999 
-0.0211015 -0.0123576 -0.0143209 
-0.00105945 0.00533523 -0.0194 
-0.0135535 0.0124 0.00757168 
0.0115148 -0.00248876 0.019316 
0.00305222 0.0124 0.00200269 
0.0151746 -0.00469074 0.0187 
-0.0227 0.00787464 -0.00692151 
0.0227 0.00892576 0.00136894 
-0.0227 0.0101116 0.0140906 
0.0227 0.00749726 0.0106329 
-0.00847439 0.0121114 -0.0154771 
0.008766360000000001 0.0124 -0.00371329 
0.0068523 0.009304389999999999 0.0154585 
0.0227 -0.0067021 -0.005487 
0.0076031 0.0011999 -0.0156 
0.00246393 -0.0124 -0.0114514 
-0.00284944 -0.0124 0.00338328 
0.0074081 -0.00370888 0.0172856 
0.000383267 -0.00672493  0.017 
0.0148454 0.0124 0.00598595 
-0.0151153 0.0124 -0.00220885 
0.00429655 0.0123471 0.014897 
-0.00271771 -0.00263946 -0.0144 
0.00253703 -0.000848035 0.0174638 
-0.00232901 0.00697411 -0.0148601 
-0.00276484 0.0120436 -0.01573 
0.0141301 0.0124 7.977990000000001e-05 
-0.00301046 -0.0124 0.0142672 
0.00990626 -0.00768941 0.0144 
-0.0227 0.00877768 0.00314205 
0.0168347 -0.000570642 0.0187 
0.00506014 0.0124 0.00563427 
-0.0154762 0.00121586  0.017 
0.0227 -0.00582897 0.0126589 
-0.0203423 0.0124 0.00725757 
-0.0204649 0.0124 -0.000422122 
0.009509099999999999 0.00929135 -0.0144 
-0.00998681 0.0124 0.00107104 
0.000968467 0.0124 0.00383369 
0.008041939999999999 0.00869427 0.0162 
0.00597124 0.00252413 0.0162 
-0.00140097 0.0124 0.0123712 
0.0180184 0.0124 -0.00991802 
0.0226197 0.00948031 0.0118082 
0.0182065 0.00535786 -0.0144 
0.0116126 -0.0124 -0.00714055 
-0.0184987 0.00779251 -0.0159 
-0.00161591 -0.0124 0.00326537 
-0.0227 0.00448178 0.0134027 
-0.0223441 0.011538 -0.0143074 
-0.0187432 -0.0123589 -0.0145533 
-0.00309089 -0.00465408  0.017 
-0.018169 0.0124 0.0123486 
0.0140481 -0.00105252 0.0201928 
-0.0203143 0.00854472 0.0149164 
-0.0142951 0.0124 -0.00527399 
-0.0009906030000000001 -0.00197181 -0.0167844 
0.0100558 0.0124 0.0105077 
0.018071 -0.00386526 0.0176718 
-0.0165142 0.00557084  0.017 
0.0120428 -0.00634622 -0.0144 
-0.00602081 -0.0121937 0.0151699 
0.009934 -0.0124 0.0137429 
0.0143426 -0.00392878 -0.0177 
0.0140906 -0.00519099 -0.0144 
0.00365615 -0.0124 -0.0100341 
-0.0149489 0.00548031 -0.0177 
-0.00202284 -0.0124 0.00441949 
0.000879054 -0.008835610000000001 -0.0144 
0.0227 -0.00206595 0.009081489999999999 
-0.000168397 0.0124 -0.00654369 
-0.0138544 -0.0124 0.00812191 
0.00250982 -0.000224888 -0.0171308 
0.0009292150000000001 0.0124 -0.0015214 
-0.00648242 -0.000449866 -0.017207 
0.00257278 0.00113532 0.0162038 
0.0090092 -0.0124 -0.00727757 
-0.0227 0.010044 -0.00344007 
0.00184132 0.00756854 0.0159 
-0.0113031 -0.0124 -0.00808305 
-0.0227 -0.009092090000000001 0.00415136 
-0.009646450000000001 0.0124 -0.00350923 
-0.0227 0.00269343 0.00762108 
-0.0204125 0.00707298 0.0159 
-0.0102013 -0.0124 -0.0139994 
0.00694561 -0.0112209 0.0153494 
0.0127492 0.00936214 0.0187 
0.0138552 -0.007902019999999999 -0.0144 
-0.00280986 0.009686429999999999 0.0159 
0.0227 0.00912233 0.0102402 
0.0227 0.0069763 -0.0119449 
0.0148668 0.00582102 0.0144 
0.0186867 -0.00344752 -0.0177 
-0.00155177 0.00233191  0.017 
0.0227 -0.00660556 -0.009290659999999999 
-0.00703838 0.0124 -0.0124992 
-0.0223807 0.0114807 0.0127004 
-0.0161769 0.012033 -0.0157695 
-0.00405 -0.00208671 -0.0146207 
-0.0180301 -0.0124 0.00534819 
-0.00392576 -0.0122917 -0.014804 
-0.00535085 0.0124 0.0109816 
-0.00778788 -0.00204159 -0.0177 
-0.00286112 -0.0111525 0.0159 
0.009901750000000001 0.000256912 0.0196768 
-0.00740767 -0.0124 0.00931302 
0.0227 0.00574493 -0.00588705 
0.016977 -0.00623538 -0.0156 
-0.0165195 0.0124 0.008772459999999999 
0.00394501 -0.0009775610000000001 -0.0144 
0.00629219 -0.00509314 -0.0144 
0.0227 -0.00204438 -0.00727032 
0.0227 -0.00363006 -0.00658347 
0.0227 -0.0008081 -0.00952484 
-0.000945526 -0.00440456 -0.0187831 
-0.0103876 -0.0124 -0.008091839999999999 
0.0175165 0.0081329 0.0162 
-0.0105131 0.00579389  0.017 
0.0205138 0.00415813 -0.0156 
0.0183451 0.00641334 -0.0156 
-0.0198221 0.0124 -0.00658906 
-0.0145308 -0.00441183 -0.0177 
-0.0205611 -0.000840356  0.017 
-0.0132695 0.00590613 -0.0177 
-0.0227 -0.009910209999999999 0.0131174 
0.00345248 0.0124 0.00155365 
-0.0156244 -0.0124 0.013738 
0.0227 0.00622537 0.00194857 
-0.00153565 0.0124 -0.0112584 
0.00968258 -0.0124 -0.012197 
-0.00512222 0.0124 -0.0134298 
-0.0184133 -0.0124 0.009665150000000001 
-0.00728741 0.0109491 -0.0159 
-0.00397156 0.0124 0.00281242 
0.014885 0.0012583 0.0187376 
0.00717023 -0.0124 -0.0117564 
-0.00030674 -0.0124 0.00828569 
0.0051182 -0.00673196 0.018571 
-0.0154481 0.00992315 0.0159 
-0.00740879  0.007 0.0160434 
0.0048922 0.0124 0.009770940000000001 
-0.0105405 0.00384875 -0.0177 
0.0227 0.00668325 0.00331178 
-0.0195955 0.00797898 -0.0159 
0.0125974 0.00299575 -0.0146248 
-0.0227 -0.00947625 0.00926386 
-0.0226883 -0.0106052 0.009997020000000001 
0.00492572 0.0124 0.00175964 
0.009069519999999999 -0.008725419999999999 0.0162 
0.0174391 -0.00984785 0.0144 
0.0141734 0.00249057 -0.0144 
0.0117031 0.0124 0.0134362 
-0.0101148 0.0124 -0.00308795 
-0.0222407 0.00645996 0.016114 
0.0103813 -0.0124 -0.00783144 
0.0195629 0.00594245 -0.0177 
-0.00207173 -0.0124 -0.000543595 
0.00900693 -0.0124 0.00347622 
0.0153081 -0.00862014 -0.0177 
-0.00375824 0.0122894 0.0148126 
0.0171197 0.0124 0.0131789 
0.0227 -0.00672562 -0.008030519999999999 
0.008634040000000001 0.00229891 0.0156673 
-0.020311 0.0124 -0.0116737 
-0.000522275 -0.0124 -0.0131689 
0.0221187 0.00613438 0.0144 
0.00783143 0.00373295 0.0174405 
0.0227 0.00222409 4.86774e-05 
-0.0210356 -0.010106 -0.0145311 
0.00652866 -0.00422971 0.0176863 
-0.016645 0.0124 -0.0015153 
0.0227 -0.00392817 0.0133605 
-0.0227 0.00941472 0.00629164 
-0.0220686 -0.011856 -0.0137562 
0.0127443 -0.009989329999999999 0.0164778 
0.0140423 0.0124 -0.0122515 
0.009336830000000001 -0.00947797 -0.0158837 
0.0184397 0.00418855 0.0177641 
-0.00427604 -0.00262238  0.017 
0.0186772 -0.0124 0.0105794 
-0.0153934 -0.0124 0.0138072 
-0.0030124 -0.00540996 -0.0144 
0.00759304 -0.0124 -0.000650941 
-0.0140541 0.00287065 -0.0177 
0.00953358 0.00042979 -0.0145387 
0.00166409 -0.0124 -0.00483419 
0.0179866 0.0071209 0.0144 
-0.0227 0.00145609 0.00721606 
-0.0227 -0.00161798 -0.00217602 
-0.00653868 -0.0122142 -0.0150934 
-0.00407896 -0.0124 0.00290586 
-0.0120187 0.0124 -0.00788967 
0.0110978 0.0124 -0.00325035 
0.009561389999999999 -0.00835964 -0.0177 
-0.0211274 -0.000799411  0.017 
0.00526185 -0.0124 0.00460437 
-0.0227 0.00989727 0.00698081 
0.0227 0.00760388 0.00731057 
0.0145701 0.00452988 0.0187 
0.00720224 0.00751391 0.0187 
0.00695883 -0.0124 -0.00240754 
0.00320335 0.0124 0.007934500000000001 
-0.0187 -0.0118422 0.0146278 
-0.0227 -0.009308749999999999 -0.0142889 
0.00603581 -0.00199452 -0.0144 
-0.02109 0.0123601 0.00716691 
0.00355687 -0.009250960000000001 0.0159 
-0.000484818 -0.00234978 -0.0144 
0.0227 0.00263969 0.0135834 
-0.000178889 0.00448311 -0.0144 
0.011439 0.0005105519999999999 -0.0144 
-0.00643121 -0.000116283  0.017 
0.00631163 -0.00479053 0.0162282 
0.009251840000000001 0.0124 -0.00955981 
0.0227 0.00424312 -0.00431584 
0.0225686 -0.00380235 0.0144 
-0.011641 -0.0124 -0.00718036 
0.0164004 0.00324391 0.0187 
-0.00683755 -0.00302538 -0.0173978 
-0.0185317 0.00859598 0.0159 
0.00573367 0.0124 -0.0117842 
0.021028 -0.00311418 0.0187 
0.00646581 0.00366244 -0.0177 
0.0109433 0.00203594 0.0197941 
0.0157035 -0.0124 -0.00721886 
0.00490853 -0.0100054 -0.0158361 
-0.0205904 0.00141768 -0.0159 
-0.0157731 0.0124 0.0119945 
0.0175984 -0.0124 0.0100143 
0.0138891 -0.00452424 0.0144 
-0.0156439 0.0124 -0.00353496 
-0.0217537 -0.0119832 -0.0147635 
-0.0187544 0.00060601  0.017 
-0.0203764 0.0124 -0.00224494 
0.0227 -0.000528577 0.0101511 
-0.0227 0.00688339 -0.00492173 
-0.00926191 0.0124 -0.00251817 
-0.0203789 0.00514181 -0.0159 
-0.0110977 0.0124 0.00432867 
-0.00272777  0.007 0.0165936 
0.00517609 -0.0100211 -0.0159 
0.0199612 -0.00523433 -0.0156 
0.0180403 0.00813698 0.0187 
0.0143018 -0.00407853 -0.0177 
0.0191362 0.00590409 0.0162 
0.00823488 0.0124 -0.00231327 
-0.00405 0.00498535 -0.0156264 
0.0151726 0.000265469 0.0144 
-0.019246 0.0124 -0.0138002 
0.0176965 -0.0025112 0.0162 
0.00496369 -0.0124 0.00631868 
-0.0225075 -0.00586793 0.0151184 
0.009559170000000001 0.0124 0.00409207 
0.0216968 0.00284146 0.0162 
0.00968186 0.0124 -0.0111592 
-0.00621837 -0.0124 0.0125126 
0.0221973 0.000270592 -0.0177 
-0.0227 0.00193569 -0.0118757 
-0.00123284 0.0124 -0.008890179999999999 
0.0135533 0.00387531 0.0147 
-0.000629142 0.00798749 -0.0153553 
0.0138874 -0.008751460000000001 -0.0156 
0.00389195 -0.0065 -0.0146541 
-0.00430824 0.0124 0.00095933 
0.0217935 -0.00760747 -0.0144 
-0.017287 -0.0092 -0.0174768 
0.00163864 0.0124 -0.009890680000000001 
-0.0122456 -0.00507637 -0.0177 
-0.00346691  0.007 0.016652 
0.0115872 0.00392022 0.0147 
0.0145575 0.0124 0.0107275 
-0.00910967 0.0110306 0.0159 
-0.0227 0.00252812 0.0125898 
0.0184413 -0.0114416 -0.0144 
-0.0227 0.00581299 0.00267588 
-0.0218573 0.0115609 0.0147452 
0.0128807 -0.0124 0.009036819999999999 
-0.0213181 0.00221343  0.017 
-0.0227 0.00740589 -0.013926 
0.00827873 0.00382631 0.0162 
0.00811019 0.0124 0.000979819 
-0.0193932 0.0124 0.000623526 
0.0121995 -0.008888099999999999 -0.0144 
0.0142484 -0.0124 -0.012733 
-0.0189435 0.00140915  0.017 
0.0119498 -0.00668785 -0.0177 
0.00781569 -0.0124 -0.000520515 
0.0137689 0.00831691 -0.0156 
0.00919377 -0.0057451 0.0162 
0.0141018 0.009865809999999999 -0.0175207 
-0.0006083249999999999 -0.00246427 -0.0161431 
-0.0227 -0.00122833 3.23565e-05 
0.008618839999999999 0.009205990000000001 -0.016921 
-0.0203761 -0.0109528 0.0158 
-0.0168985 -0.00175125  0.017 
-0.0227 0.00406847 -0.00278371 
0.0045726 -0.00552082 0.0162 
0.0119588 -0.00484836 0.0162 
0.0148683 -0.008296329999999999 0.0144 
0.0227 -0.00160051 0.0105429 
-0.00667127 -0.0124 -0.0115986 
-7.09286e-05 0.0124 -0.00599591 
0.0152787 -0.00748661 -0.0177 
-0.0122281 -0.0124 -0.007867320000000001 
0.00743001 0.0124 -0.00526199 
-0.0227 -0.008461160000000001 1.37398e-05 
-0.0173766 0.0124 0.00152879 
0.0117053 -0.009232779999999999 0.0162 
0.00839551 -0.00250745 0.0162 
-0.00293166 0.00400656 -0.0144 
0.0227 0.00159882 -0.00597326 
-0.0223651 -0.009716799999999999 0.0146255 
-0.00183265 0.008558410000000001 -0.0166517 
0.0152047 -0.0048508 -0.0177 
0.008254839999999999 -0.00182572 -0.0177 
0.0179488 -0.000747108 0.0162 
-0.00563789 -0.0123995 -0.014402 
0.00711801 0.00280362 0.0144 
-0.00682384 0.0124 0.0071378 
0.0227 -0.00514362 -0.00069306 
-0.0158775 0.0120524 0.0159 
0.0176404 -0.00361745 0.0162 
-0.0200392 -0.00126839 -0.0159 
0.0141534 -0.00412795 0.0187 
0.0191664 -0.0124 -0.00264853 
-0.0150244 -0.0122917 -0.014804 
-0.00711838 -0.0104798 0.0159 
0.0162102 -0.00155192 -0.0177 
-0.0120303 0.00188807  0.017 
-0.0227 -0.00460169 0.000826529 
0.00716104 -0.0124 0.0118986 
-0.0060134 0.00589737 -0.016955 
0.0216986 0.008300190000000001 -0.0144 
-0.00549878 0.0121996 -0.015148 
0.0137546 -0.0124 -0.0132567 
0.0013334 0.009211560000000001 -0.0159 
-0.00563216 -0.0110423 0.0159 
-0.00405 0.000216234 -0.0145677 
0.0162719 0.0096769 -0.0144 
-0.0127923 0.0124 0.00569447 
0.00766813 -0.00116567 -0.0144 
0.0116291 -0.0044118 0.0160452 
0.0028824 0.0027203 0.017496 
0.0111146 -0.0124 0.00461449 
-0.0227 0.00731454 -0.008095669999999999 
0.0123793 -0.009877500000000001 0.0162 
-0.001488 0.0124 0.000716701 
0.0110816 0.00500907 -0.0144 
-0.0198664 -0.0124 -0.0058891 
-0.00952562 -0.012287 0.0148219 
-0.0227 0.000136927 0.00420536 
0.00263407 -0.00160088 -0.0174727 
0.008427769999999999 0.0124 0.00521761 
0.0154382 -0.0124 -0.0133754 
0.00864582 0.0124 0.0116916 
0.0132311 -0.0124 -0.00673397 
-0.0021315 0.0124 0.00179167 
-0.0209006 0.0123889 -0.00370133 
0.00286609 0.0124 -0.00165218 
0.0227 -0.00661374 -0.00223114 
0.018399 0.00806627 -0.0162778 
0.0145794 -0.009268790000000001 -0.0177 
-0.0174 -0.00045396 -0.0175959 
-0.00537809 0.000187384  0.017 
0.0108056 -0.0026903 0.0144 
0.00322057 0.00518719 0.0145383 
-0.0227 0.00206225 -0.009631199999999999 
-0.00715204 -0.0124 0.00345324 
0.00779086 -0.00533704 -0.0144 
-0.00830883 -0.0022437  0.017 
0.0227 0.00436796 0.0106006 
-0.0222478 0.0116651 -0.00089043 
-0.00692196 0.00515913  0.017 
-0.00304511 0.0124 -0.00727178 
0.0127517 -0.00122333 -0.0171348 
0.0185321 -4.8551e-05 -0.0144 
0.0199718 0.0121282 -0.000908353 
0.0106348 0.00981955 -0.0168069 
0.0205861 0.0115139 -0.0104405 
-0.0134239 0.0120672 0.015642 
-0.0115092 -0.008396300000000001 0.0159 
-0.00509671 0.0105617 -0.0159 
-0.0196193 0.0124 0.00291098 
0.0140067 0.00391508 0.0147 
-0.0227 0.0009043 -0.00732998 
-0.0167853 0.0124 -0.00942994 
-0.0216661 0.00312595  0.017 
-0.0206141 -0.00523829 -0.0159 
0.0156441 -0.00380053 -0.0177 
-0.0200154 -0.007 0.0169921 
0.0131548 -0.009703170000000001 0.0144 
0.00757126 0.0124 0.00788432 
-0.00104729 -0.0060643 -0.0181965 
-0.00209927 0.0124 -0.0121613 
0.0227 0.00388888 0.0138604 
0.0136177 0.00284536 0.0144 
0.017036 0.0124 0.00529657 
0.0192051 -0.0124 -0.00561903 
7.71609e-05 -0.0124 -0.0063738 
0.00515806 0.007922139999999999 0.0151623 
-0.0227 -0.00538505 -0.0114955 
0.0146451 -0.0124 -0.00470646 
-0.00174017 -0.00618114 -0.0168507 
-0.0143197 -0.00956013 0.0159 
0.00452081 -0.0124 -0.0105059 
0.00261978 -0.00149232 -0.0159521 
-0.0207309 0.0123987 -0.00184439 
0.0143641 0.00451913 -0.0144 
0.00373037 -0.00661768 0.0158341 
0.00521192 0.000787977 -0.0177 
-0.0182653 0.00200583 -0.0159 
0.00839289 0.0124 0.000970119 
0.0227 0.00848697 -0.00467001 
0.0203284 0.0117716 0.00383236 
-0.0161248 0.0124 -0.00607646 
-0.0227 -0.00541341 -0.0124619 
0.00436303 -0.000612096 0.0144 
-0.000155802 0.0124 0.00315489 
-0.0190461 0.00309632 -0.0159 
-0.00414884 0.0124 -0.00366922 
0.00431711 -0.00459576 -0.0177 
0.0062541 0.00523717 -0.0177 
0.000656411 0.00870192 0.0159 
-0.00588966 0.0010218  0.017 
0.00952805 0.00152538 0.0144 
-0.0185231 0.0124 -0.0104477 
0.00782183 -0.00743892 0.0162 
-0.000240905 0.0124 0.00205184 
0.00392444 0.0101512 -0.0144 
0.0117178 -0.00996585 0.0164578 
0.0227 0.00235848 0.00260879 
-0.00101637 0.0121295 0.0154095 
0.0114566 -0.00389284 0.0187 
-0.0118483 0.00135929 -0.0177 
0.0076809 0.008754420000000001 0.0181989 
0.0101259 -0.009390620000000001 -0.0144 
-0.00249812 -0.0124 -0.00151787 
-0.00480849 -0.0115026 0.0159 
-0.0217521 -0.008559850000000001 -0.0159 
0.0110291 0.0124 -0.007947340000000001 
-0.0151611 -0.00164269 -0.0177 
0.00095 -0.00843442 -0.0147035 
-0.0226962 -0.0104866 0.00858741 
-0.0227 -0.00166004 -0.00353046 
-0.0227 -0.0036933 0.00363398 
-0.0101396 0.0092 -0.016613 
-0.01072 -0.0124 -0.00876763 
-0.0146516 -0.00996384 -0.0159 
0.0166718 -0.00589721 0.0144 
-0.0178628 -0.0124 -0.00824247 
-0.0110433 0.0124 -0.0058895 
-0.0198977 -0.009617880000000001 -0.01462 
-0.00104047 0.00453971  0.017 
0.011781 -0.00406581 0.0187 
0.0128243 -0.0124 0.000977644 
0.0227 -0.00277931 0.00677184 
-0.00310241 -0.0043905  0.017 
-0.0227 -0.00998809 -0.00335092 
0.008155839999999999 0.0124 0.00572559 
0.0119972 0.0124 -0.0115091 
-0.0227 0.00160857 0.00297459 
-0.000515306 -0.0101 -0.0158372 
-0.0227 0.00216051 0.00078918 
0.0192235 0.00738953 -0.0164053 
-0.0170984 -0.00437086 -0.0177 
-0.0221502 -0.0117749 0.00752631 
-0.00586631 0.00779876 -0.0168759 
-0.0227 -0.00567772 -0.0119884 
0.0227 -0.00782919 0.0117875 
-0.0227 -0.00560787 0.0137915 
0.00346657 -0.0124 -0.007799 
-0.0151282 0.0120685 -0.0156373 
-0.0193811 -0.0113291 0.0154268 
0.0144451 -0.00591235 0.0144 
0.0227 0.00799477 0.00955956 
0.00448907 0.0124 0.00159281 
0.00446664 -0.0007436329999999999 0.0187 
0.00949353 -0.00722292 0.0144 
-0.0152011 0.00163044  0.017 
0.0095656 -0.00636062 -0.0156 
-0.00313781 3.97621e-05 -0.0144 
-0.0056598 -0.00236989 -0.016765 
-0.0224012 -0.0114484 -0.00248206 
-0.00226956 0.00210648 -0.0152104 
-0.0227 0.00529621 0.000725865 
0.011185 -0.00456356 -0.0144 
0.01598 5.99305e-05 -0.0156 
-0.00486224 -0.0124 -0.011082 
-0.018668 0.0124 0.009024559999999999 
0.00131254 -0.000151665 0.0166175 
0.0227 -0.0015389 -0.0116751 
-0.00669919 -0.0124 -0.0117463 
-0.00405 -0.00048287 -0.0153252 
-0.013864 0.0124 0.00670659 
0.00668268 0.00859798 0.0144 
-0.0173778 0.008291679999999999 0.0159 
-0.0172868 -0.0124 0.000741837 
-0.0188897 -0.0124 -0.0031621 
-0.00405 -0.00427862 -0.0145168 
0.0102094 -0.0124 0.00473753 
-0.0227 0.00567802 0.0118496 
0.0203354 0.00150958 -0.0177 
0.0102187 -0.00636564 0.0162 
0.0156522 0.0124 0.00510274 
0.0174626 0.0106735 -0.0144 
0.0175492 -0.0124 -0.0100036 
0.00716944 -0.0124 -0.0133836 
0.0227 -0.00348506 0.00686283 
0.0209045 -0.0111955 0.00377399 
-0.00173481 0.00661767 -0.0159506 
-0.00784118 0.0124 0.0134093 
-0.0192592 0.0124 0.0069972 
-0.0178464 0.00160417 -0.0159 
0.00176817 -0.0124 -0.00217004 
-0.0194228 0.0124 0.00159774 
0.0157908 0.00437886 -0.0177 
-0.0120216 -0.00194732  0.017 
0.0226171 0.009482930000000001 0.00228563 
0.00777647 -0.0106085 -0.0144 
0.00108645 0.0124 -0.0123003 
0.00678262 -0.0124 0.00703857 
0.0115108 0.0124 -0.00700234 
0.0136577 -0.00319902 0.0147 
-0.0182036 -0.0124 -0.00170759 
0.0142275 0.00984926 0.0172211 
0.0133146 0.000947334 -0.0158596 
-0.0227 0.00188366 -0.00043209 
0.0153607 -0.00771062 0.0162 
0.0120548 -0.00907794 0.0187 
-0.00531757 0.0124 -0.0117246 
0.0097742 -0.00260017 0.0147 
-0.00543756 -0.000685064  0.017 
0.020504 -0.00560331 -0.0144 
0.0227 -0.00715851 -0.00207203 
-0.0227 -0.00213364 0.00700459 
0.0185898 0.0124 0.00799207 
0.0108341 0.00345428 -0.0177 
-0.0100533 -0.0124 0.00397798 
0.0118642 -0.00640304 -0.0156 
0.00950322 -7.37101e-05 -0.0182992 
0.01184 0.0124 -0.0111615 
0.0220702 -0.000189598 0.0187 
0.003649 0.0124 0.00102108 
0.018452 0.00582139 0.0144 
0.00139009 0.0101267 -0.0159 
-0.0134736 -0.00719313 0.0159 
0.0158727 -0.0124 -0.0121531 
0.0108339 -0.0124 0.0138289 
-0.0178156 0.00776317 0.0159 
-0.0221266 -0.00409491 -0.0159 
0.0100897 -0.008290489999999999 -0.0177 
0.00529553 -0.0124 0.00834294 
0.0227 -0.00581675 0.00177645 
0.00776662 0.0124 0.0104336 
0.0110909 -0.0019624 0.0144 
0.0221971 0.00123353 0.0187 
-0.0227 -0.00889916 -0.0117392 
-0.0225919 0.0074499 -0.0148033 
-0.0223563 0.00422263 -0.0156827 
0.013452 0.00724836 -0.0144 
-0.00507072 -0.0100897 -0.0159 
0.0169534 -0.00364095 -0.0156 
0.0155839 0.00654912 -0.0177 
0.0175854 0.0124 -0.0116171 
-0.0227 -0.009378839999999999 0.00506919 
0.0100234 -0.00288472 -0.0156 
0.0227 -0.00761436 -0.00445389 
0.0227 0.00594116 -0.00824663 
-0.0025559 -0.00145153 -0.0144 
-0.0227 0.00576098 0.00707784 
0.00282548 -0.0124 -0.0117875 
-0.0180012 0.00168305  0.017 
0.00391869 -0.0124 -0.009212740000000001 
-0.0226965 -0.0104791 -0.0070743 
-0.0185887 0.00733874 -0.0159 
0.0144379 0.0124 -0.00150842 
0.0182614 0.0124 -0.00570108 
-0.0224768 0.011314 -0.0110568 
0.0110036 -0.0124 -0.00736547 
-0.0227 0.00115133 -0.009141949999999999 
0.0044105 0.00803657 -0.0159 
0.0175879 -0.00696792 -0.0144 
0.00250004 -0.007 0.0161797 
0.00870899 -0.00906351 -0.0156 
0.00248983 -0.00445196 0.0157506 
0.00437885 -0.0123424 -0.015452 
-0.0227 -0.00257024 -0.0117347 
-0.00080226 -0.0124 -0.000617392 
-0.0189142 -0.008926089999999999 -0.0159 
0.0153828 0.009566359999999999 0.0174243 
-0.0187 0.0119211 0.0151406 
-0.00372155 -0.0124 0.000335411 
-0.0227 0.00238685 0.00217101 
0.0135723 0.000641049 -0.0180198 
0.0134975 0.00994536 -0.0161099 
-0.00141896 -0.0124 0.0130201 
0.0143741 0.000368012 -0.0183 
-0.0227 0.00656762 0.0019681 
-0.0224085 0.00694023 -0.0154879 
-0.0107426 -0.000536787  0.017 
-0.0227 0.00454664 0.00482489 
-0.00640094 -0.00597772  0.017 
-0.0009256410000000001 -0.00306935 -0.0194 
0.0162221 0.00518177 -0.0159516 
-0.0101451 -0.008427250000000001 -0.0177 
0.00635693 -0.0124 0.00598929 
-0.00779697 0.0124 0.0140548 
0.011809 -0.0124 0.00427441 
0.0191235 0.009634810000000001 -0.0144 
0.000681786 0.0124 -0.0112569 
-0.0159134 0.00480096 -0.0177 
-0.0209989 -0.012376 0.000895575 
0.0001984 0.0124 -0.00724999 
0.0110963 0.0123569 0.0144 
0.008290789999999999 -0.00595561 0.0168458 
-0.00301474 0.00746327 -0.0144 
-0.0194306 -0.0124 -0.0112974 
0.00516815 -0.00798605 0.0153164 
-0.0227 0.00484141 0.000836001 
0.0169943 -0.00655984 0.0144 
0.0149687 0.000374142 0.0144 
0.00371965 -0.0047693 -0.0169246 
0.0207975 0.0110685 -0.0144 
-0.00684496 0.000646919  0.017 
0.00341387 0.0056967 0.0148648 
-0.0187039 0.0124 0.00545423 
0.0227 0.00332989 0.00562843 
-0.0198907 0.00857251 0.0149821 
-0.00635065 -0.008781199999999999 -0.0171362 
0.0145394 -0.00533402 0.0187 
0.0121478 -0.0124 -0.0107693 
0.00322025 0.00113142 -0.0156 
-0.0115584 -0.0122718 -0.0148784 
-0.0226953 -0.0105079 -0.00456491 
-0.00290517 0.00694774 -0.0144 
0.00617834 0.000346998 -0.0156 
-0.00213899 -0.00360732 -0.0167301 
0.0212383 0.0108617 0.0133161 
-0.0214668 0.0122451 -0.00414544 
0.0170663 0.0117565 0.0144 
-0.00187313 0.0124 0.00405363 
-0.0196663 -0.00985017 -0.0149207 
-0.00562355 -0.0124 -0.008374090000000001 
0.0227 -0.00296183 0.0139251 
0.0132256 0.009968319999999999 -0.0176622 
-0.00171087 -0.0101 -0.0153284 
0.00470791 0.0124 -0.00969777 
-0.0161212 0.0124 0.00396642 
0.0115127 0.00249729 0.0192128 
0.0136677 -0.00731797 0.0162 
0.00646245 0.0124 -0.009738999999999999 
0.00643123 0.0124 0.0049012 
-0.015545 -0.0109885 -0.0159 
-0.0227 0.008894320000000001 0.0117326 
-0.0167002 0.00200588 -0.0177 
-0.00405 0.0039578 -0.015381 
-0.0108931 -0.0124 0.0113433 
-0.0225528 -0.0111482 0.0110558 
0.0227 -0.00872507 0.00181461 
0.00272661 0.0075281 0.0159 
0.00873386 -0.00534876 0.0170786 
0.0162007 -0.00492898 -0.0160681 
0.0204542 -0.00943167 -0.0144 
0.00294292 -0.0122119 0.0151021 
-0.0109236 0.0124 -0.00578813 
0.0203182 -0.00345402 0.0144 
0.000730237 -0.0124 -0.009932939999999999 
-0.0227 0.0100111 0.00379642 
-0.00154006 0.0124 0.00236139 
-0.0227 -0.00632835 -0.0102986 
0.0178702 -0.00430158 -0.0144 
0.0117755 0.0124 -0.0139008 
0.0227 0.000603434 0.0133104 
-0.00525214 -0.0124 -0.00434957 
-0.00405 0.000445658 -0.0146606 
0.00506893 0.0124 -0.00528335 
-0.0227 0.00634483 -0.0143814 
0.0156081 0.0117747 -0.0144 
-0.0227 0.00617977 -0.010731 
0.00994186 0.00592052 -0.0177 
-0.0176313 -0.009366920000000001 0.0159 
-0.0227 -0.00430494 -0.012121 
0.0153701 0.00318993 0.0144 
-0.0227 0.00288597 -0.00266367 
0.0145757 0.00684854 -0.0144 
-0.0227 -0.008574699999999999 -0.0106507 
0.0140154 -0.0114922 -0.0144 
0.0114401 -0.0124 -0.010957 
0.0018272 0.0124 0.0112362 
0.0117176 -0.0115422 -0.0144 
0.0227 0.00158633 -0.00724319 
0.0137248 0.0124 0.00740616 
-0.00417408 0.0124 -0.0086801 
-0.0147807 0.0124 -0.00689898 
0.0227 0.0090966 -0.00628362 
0.00591133 -0.00216926 0.0162 
-0.0014361 -0.00660733 -0.0173913 
0.0173683 -0.00872884 0.0174247 
0.000944702 -0.0124 -0.00883395 
0.0091302 0.0124 0.00813966 
-0.0210518 0.000790609 -0.0159 
0.0124635 0.009998409999999999 0.0177959 
-0.018932 -0.0124 0.0129394 
0.0165116 0.00844456 -0.0144 
0.0184214 0.00573493 0.0177428 
-0.000568266 -0.00501249 -0.0152977 
0.000930362 0.0124 -0.0104289 
0.0213991 0.0107009 -0.011411 
0.0227 0.00538016 -0.00311969 
0.00427348 0.00701466 0.0151964 
0.00251115 0.0124 -0.009080680000000001 
-0.0148709 -0.0124 -0.000492305 
-0.0227 -0.009903820000000001 -0.0114957 
-0.00511797 0.0122985 -0.0147788 
0.00429974 -0.0038734 0.0162 
0.00506471 -0.00344972 0.0187 
0.0203089 0.0117911 -0.0137262 
-0.0044087 0.00575626  0.017 
-0.00381486 -0.0124 0.00209809 
0.0227 0.00388364 0.00636662 
0.000481262 0.0124 0.00328506 
-0.0227 -0.00670044 0.0138943 
0.0216791 -0.0104209 0.0141796 
-0.0227 -0.00716558 0.000362918 
0.00416506 -0.000777761 0.0162 
0.0194903 0.0124 -0.00424524 
-0.00911728 -0.0124 0.00436099 
0.0227 0.00192201 -0.0106115 
0.008353279999999999 -0.0124 -0.00596874 
0.00786502 0.0061591 -0.0156375 
-0.0212556 0.00508631  0.017 
-0.0224511 -0.00708835 0.0153289 
0.0227 0.000572535 0.0138394 
0.0227 -0.00465027 -0.0100282 
0.00895026 -0.0124 0.00659628 
0.0116341 0.009434629999999999 0.0144 
0.0227 0.00630077 -0.00710827 
0.0118169 0.0124 0.00800157 
0.0185961 -0.0124 -0.00288826 
-0.0189941 0.0124 -0.011446 
0.0108463 0.00269832 0.0144 
0.00550278 0.00592473 0.0144 
-0.00211355 -0.0124 -0.000897281 
-0.0227 0.00102674 0.00643037 
0.0151191 -0.00660474 0.0162 
0.000931837 -0.00985041 -0.0144 
-0.0209215 -0.0123862 -0.0127234 
0.0201459 -0.0119541 0.00146167 
-0.00965474 0.00046153  0.017 
-0.00868884 -0.0124 -0.00790543 
0.0052641 0.000520138 0.0162 
0.000888489 0.0109138 -0.0159 
0.00457996 -0.0124 -0.0132096 
-0.00211101 0.00197284 -0.0192922 
0.0128346 0.0120056 -0.0144 
0.0220423 0.00217805 -0.0177 
-0.0145631 0.00217427  0.017 
0.0148075 -0.00315669 -0.0156 
0.00847083 -0.00579359 0.0181537 
0.00112869 0.0124 0.000908537 
-0.0174321 4.44129e-05 -0.0159 
-0.00489874 0.008568269999999999 -0.016356 
0.022264 0.009836009999999999 0.00576963 
-0.0200616 0.0124 -0.0134241 
0.0204929 -0.00643419 -0.0144 
0.0227 0.00593779 -0.0014223 
0.00568599 0.0124 -0.00993985 
0.0161762 0.00578975 0.0187 
-0.0220638 -0.0118604 -0.0108706 
-0.0221726 0.0117505 0.0122751 
0.0148222 -0.0115397 -0.0144 
0.0218022 0.0102978 -0.00732666 
-0.00444174 0.0124 0.00572121 
-0.0138657 -0.0124 0.009227610000000001 
-0.00930622 0.0124 0.00796534 
-0.0122607 0.0124 -0.00714592 
-0.00177456 0.00796674 0.0159 
-0.0195198 -0.0124 -0.00534128 
0.0216629 -0.00398514 -0.0173754 
-0.0158379 0.0106009 0.0152687 
-0.0178411 0.00594018  0.017 
0.0112769 0.0124 0.00928086 
-0.0193974 -0.0124 -0.014369 
-0.0195728 0.0100683 -0.0149834 
-0.0198214 -0.010226 -0.0144 
0.0227 0.0012936 0.000218561 
-0.017426 -0.009807629999999999 0.0159 
-0.0055227 0.00465613  0.017 
-0.013651 0.0124 0.00751118 
0.00871121 0.0124 0.00360911 
0.0142201 0.00747405 -0.0156 
-0.00527901 -0.0124 0.00219968 
-0.00405 0.00434482 -0.01585 
-0.0227 0.00208068 0.00430095 
0.0220855 -0.00408974 -0.0144 
0.0138741 0.00466342 -0.0177 
0.00673003 0.00391051 0.0187 
-0.00406946 0.0124 -0.0120435 
0.0227 0.00848726 -0.00592965 
-0.0135773 -0.0124 -0.008414619999999999 
-0.0227 -0.00629225 0.0119772 
0.0227 0.00659279 -0.00776689 
-0.00750473  0.007 0.0167884 
0.00095 -0.00676067 -0.0149957 
-0.00465734 0.00574002 -0.0162263 
0.010249 0.0124 -0.0116725 
-0.009380039999999999 0.0124 0.00833888 
0.0224767 0.000533572 -0.0172102 
-0.00544658 0.00451344  0.017 
-0.0141059 0.0103865 -0.0159 
-0.0227 -0.00623267 0.00873897 
-0.0147973 0.007996700000000001 -0.0177 
0.0227 -0.008006279999999999 -0.0103034 
-0.0227 0.009992569999999999 -0.0105817 
0.0126015 0.0124 -0.0101708 
-0.00400375 0.0124 0.0008779 
0.0125971 -0.00124576 -0.0181164 
-0.00792201 0.00440113 -0.0177 
-0.0073114 -0.00362465  0.017 
-0.0227 0.0066238 0.00696445 
0.0200221 -0.00486911 0.0162 
0.00738213 0.00324854 -0.0177 
-0.0140554 0.012266 0.0149002 
-0.0227 -0.00964841 0.008705330000000001 
-0.0227 0.009902920000000001 -0.000427943 
0.012906 -0.0124 0.0113265 
0.00538179 -0.00883574 0.0159 
0.0112264 -0.0124 -0.00380715 
-0.0118378 -0.00411265 -0.0177 
0.00346952 -0.00230985 0.0187 
0.008153499999999999 0.00235406 0.0162 
-0.000462544 0.008884889999999999 0.0159 
0.00912899 -0.00297569 0.0157622 
0.0131881 0.00688753 0.0144 
-0.00977563 0.00078434 -0.0177 
0.00581203 -0.00209086 0.0187 
-0.00513933 -0.0124 0.00697355 
-0.0227 0.00830962 0.00977476 
-0.000306315 -0.0124 -0.0103083 
0.0227 -5.0003e-05 -0.0143353 
0.0154997 0.0124 -0.00697744 
-0.0156487 0.00881912 -0.0177 
-0.00206288 -0.0124 0.0127793 
-0.0225129 -0.0112445 0.00636639 
-0.0227 0.00212429 -0.0043221 
0.016522 -0.00692845 -0.0144 
0.00190954 0.0124 -0.0108052 
-0.008405630000000001 -0.00536661  0.017 
0.0223259 -0.00225872 -0.0144 
-0.010316 -0.0124 0.0078409 
-5.50684e-05 -0.0124 -0.00604079 
0.0184693 0.00422702 0.01766 
0.022481 0.000434554 -0.0163163 
0.0163864 0.0124 -0.00420954 
0.0227 0.00235229 -0.00207379 
-0.00485197 0.0114866 -0.0159 
-0.000999628 0.0124 0.00148432 
-0.02045 0.0113002 0.0153297 
-0.0120705 -0.00691338 -0.0177 
0.008327019999999999 -0.00374471 -0.0144 
0.0227 0.00456326 -0.0101036 
0.0159266 0.0013468 -0.0156 
-0.00381489 0.0124 0.000403679 
0.0203553 0.0117447 0.00959292 
0.0210503 -0.00119367 -0.0177 
0.00525592 0.00162982 -0.0144 
0.0102919 0.0124 0.00190402 
-0.0135437 -0.0092 -0.0167071 
0.00736287 0.00109778 -0.0156 
0.00802246 -0.00231618 0.0144 
-0.00436714 -0.0124 0.0110787 
-0.00742664 0.0124 -0.0135223 
0.0079066 -0.00375269 -0.0157273 
-0.00592828 -0.0124 -0.0129466 
0.0200764 -0.00128898 -0.0156 
-0.0123969 -0.0124 -0.00793753 
-0.009585 0.0124 0.0110821 
-0.00451987 0.0124 0.000808355 
0.0204906 0.00464651 -0.0156 
-0.0168257 -0.008059820000000001 -0.0177 
-0.0150275 -0.00252583 -0.0177 
0.00351906 0.0122362 0.0152136 
0.00559098 0.0124 -0.011612 
0.0213033 -0.00109734 0.0187 
-0.0024124 -0.0122927 0.0148004 
0.00221869 -0.00723421 0.0159 
-0.00614488 -0.0093332 -0.0159 
0.0121264 -0.00236922 0.0144758 
0.0126827 0.0124 0.00929289 
0.0110829 -0.00635035 0.0187 
0.009160740000000001 -0.0124 0.0103784 
-0.0174 -0.00354857 -0.0166041 
-0.0202762 0.011086 -0.0159 
0.00853011 0.0124 0.00268817 
-0.00145599 -0.0122359 0.0150123 
0.0114066 0.0124 0.00403698 
0.012397 0.008221590000000001 -0.0177 
0.0191082 0.0124 0.0110708 
-0.0227 -0.00880176 0.00128191 
0.0144355 -0.00134595 -0.0183 
0.0170991 0.008489429999999999 -0.0156 
-0.00510107 0.0121219 0.0154378 
-0.0106279 -0.0124 0.00655439 
-0.019287 0.00175606 -0.0159 
0.0218913 0.00343377 -0.0156802 
-0.0117092 0.0124 0.009666299999999999 
-0.0118942 -0.0124 -0.0097847 
-0.0160951 -0.00734119 0.0159 
0.00153347 0.000445777 0.0157923 
-0.0214264 -0.00709829 0.0159 
-0.00195344 0.00371425 -0.0160779 
0.0192936 -0.00732533 0.0179158 
0.0184609 0.0124 -0.00055199 
0.0220395 0.0100605 0.00241462 
0.00335255 -0.0065 -0.0150702 
0.0180599 0.00830358 -0.0164662 
-0.0227 -0.00849163 -0.00773246 
0.00312417 -0.0124 0.0130382 
0.0227 -0.00592977 -0.0138165 
-0.00017492 -0.000477361 -0.0144 
-0.0227 -0.00327503 0.00077747 
0.0185892 0.0044374 0.0173778 
0.0227 -0.00465876 0.00462286 
-0.00519488 -0.0124 -0.00170616 
-0.0204358 -0.0099007 0.0158 
0.017643 0.000756893 0.0187 
0.0150625 0.007963049999999999 0.0162 
0.00562372 -0.0104346 -0.0159 
0.000344551 -0.0124 -0.00845222 
0.0187903 -0.00776603 0.016886 
-0.0122318 -0.0124 0.00710827 
0.00553163 0.0124 0.0136088 
-0.0223437 -0.00608921 -0.0157298 
-0.0227 0.0012458 -0.0124586 
0.0215246 0.0105754 -0.00658228 
0.00330057 -0.00365038 0.0162 
0.015312 0.00163282 0.0187 
-0.00580485 -0.0124 0.00958109 
0.013149 -0.0118322 0.0144 
0.017955 0.00256962 -0.0177 
-0.009181099999999999 -0.0100593 -0.0159 
0.0143094 -0.008947500000000001 -0.0144 
-0.0221852 0.00206924 0.0163214 
-0.0063533 0.00672067  0.017 
-0.0113498 0.0040543 -0.0177 
0.000488687 -0.0124 -0.00803715 
0.000175357 -0.0115956 -0.0159 
0.0151995 0.00894971 -0.0144 
0.0105338 0.0124 -0.0107915 
0.0141644 -0.0124 -0.0129398 
0.019409 0.00814351 -0.0144 
-0.022426 -0.0104923 -0.0154119 
-0.00280104 0.0124 0.00143516 
-0.0227 -0.00511547 0.00340839 
-0.0204855 0.0124 0.0117058 
0.0227 -0.000610416 0.0107288 
-5.31212e-05 -0.0123706 0.0145095 
0.009491400000000001 0.00128099 -0.0144 
0.0227 0.00876302 -0.008314520000000001 
-0.000368349 0.0124 0.00714669 
0.00132536 -0.00733977 0.0159 
0.008635830000000001 0.0055689 -0.0172074 
0.00671558 -0.00800592 -0.0144 
0.015185 0.00640904 0.0144 
0.00773267 0.00618532 -0.0176567 
-0.0213309 0.008399999999999999 0.0147945 
0.00896722 -0.0124 -0.0108222 
0.00764108 -0.00760934 -0.0156 
0.00396034 0.0032198 -0.0144 
-0.00497742 0.0124 -0.0090741 
-0.0227 -0.00277125 0.008633760000000001 
0.0116053 -0.0124 -0.00540925 
-0.0227 0.00104822 0.0139592 
-0.0227 0.00968431 -0.00588086 
0.013862 -0.0106468 0.0144 
-0.0227 0.00597992 0.0127243 
0.022191 -0.009909019999999999 -0.00831606 
-0.00226668 -0.00450334 -0.0174512 
0.0108736 -0.00298147 0.0187 
0.0147746 -0.009940589999999999 -0.0144 
0.0227 0.00682722 -0.0131259 
0.00630676 0.0124 -0.0129801 
0.000191538 0.0124 0.0109424 
-0.0227 -0.00696978 -0.00839852 
0.0227 0.00425721 -0.00501448 
0.0172598 -0.000853378 0.0162 
0.0212465 -0.00483433 0.0170227 
-0.0201409 -0.00541372 -0.0159 
0.0174328 -0.00592299 0.0144 
0.019504 0.0124 0.000867333 
-0.0227 -0.00606333 0.009440219999999999 
0.00903056 0.00553567 0.0144 
-0.0006672820000000001 -0.0101 -0.014732 
-0.0223177 -0.00141213 0.0158267 
0.0227 -0.0022952 0.008089219999999999 
-0.0155749 -0.0092 -0.0160769 
0.010532 0.00524847 -0.0177 
0.0150864 0.000846048 0.0187 
-0.00727991 -0.00442866 -0.0176355 
0.00182082 0.00203113 0.0154272 
-0.0048164 -0.0116205 -0.0159 
-0.0184891 -0.0124 0.013754 
-0.0225027 -0.0074302 -0.0151365 
-0.008130099999999999 0.0124 0.0113942 
0.000311829 -0.0123982 0.0144067 
-0.0167786 -0.0124 0.000253417 
0.0181417 -0.00301784 0.0187 
0.00767579 -0.00783502 -0.0177 
0.00753633 -0.0124 0.008335789999999999 
0.0122482 0.00302388 0.0187 
0.00751825 0.0124 -0.0140003 
0.0194132 -0.0124 0.00879044 
0.0227 0.00689793 -0.009106370000000001 
0.00660951 0.0124 0.009790790000000001 
0.0227 -0.008767 -0.008751149999999999 
0.00634301 0.00462569 0.0173379 
-0.0121633 -0.0124 0.00247151 
0.00259974 -0.0107644 -0.0159 
-0.0215278 0.0122198 -0.0119067 
0.0168936 -0.0102691 0.0144 
0.0180181 0.0124 0.0118927 
0.0177954 -0.000169202 -0.0156 
0.008618499999999999 0.00678571 0.0187 
0.00800026 -5.90823e-06 0.0157793 
0.0129337 -0.0124 -0.00958061 
0.0181643 -0.00392428 -0.016619 
0.000723692 -0.0120142 0.0158398 
0.010247 0.00945294 -0.0156 
-0.00154936 0.00180003 -0.0179123 
0.0110034 0.00341081 -0.0177 
-0.0123587 -0.0124 -0.00232021 
-0.0227 -0.00393261 0.00766302 
0.000614951 -0.0124 -0.00734507 
-0.0205609 -0.00183874  0.017 
-0.0147771 -0.0124 -0.00221551 
-0.0041394 0.0123063 -0.0147497 
0.0129212 -0.0124 -0.0122161 
0.00486893 0.009801290000000001 -0.0159 
-0.0107762 -0.0121366 0.0153829 
-0.0053278 0.00740594 0.0159 
-0.0227 0.0068823 -0.00610454 
-0.0227 -0.00299343 0.0139705 
0.0102884 0.0124 0.00283632 
0.00671292 0.00250522 0.0144 
0.0010072 0.0124 -0.0040593 
-0.0149924 0.0092 -0.0172513 
0.0118201 -0.0124 -0.0108429 
-0.0201809 0.0124 0.00606886 
0.0162127 0.00108352 0.0187 
0.0162333 -0.00466697 -0.0174252 
0.011762 0.009740199999999999 -0.0156 
0.0113468 -0.000479185 -0.0152085 
0.0218039 0.0102961 -0.00298012 
0.0192123 -0.00483997 0.0187 
0.0121927 0.0124 -0.00910379 
0.013456 0.00725348 -0.0144 
-0.0175199 0.00846564 -0.0159 
-0.0100381 0.0124 -0.0064876 
0.0224794 0.000470779 0.0167458 
0.0162054 -0.000957064 -0.0177 
-0.0188617 -0.0124 -0.009597140000000001 
0.020888 -0.011212 -0.009961050000000001 
-0.00755669 0.0092 -0.0161524 
0.0161106 -0.0124 0.00277536 
-0.00539423 -4.98865e-05 -0.0166223 
0.0227 -0.00177861 -0.007944110000000001 
-0.00445447 -0.0124 0.00869701 
0.00544174 0.0124 0.00077845 
0.0164082 -0.008356850000000001 0.0144 
-0.008116389999999999 0.0124 -0.0104828 
-0.00338685 0.0113656 -0.0159 
0.00769802 0.0124 -0.00443675 
-0.00764009 0.0092 -0.017057 
-0.008401219999999999 -0.0124 -0.00330539 
-0.0157538 0.0103223 0.0152054 
-0.0221509 0.0117742 -0.00834702 
-0.0137608 -0.0117428 -0.0159 
-0.008977560000000001 0.0124 -0.00214565 
-0.0209137 -0.00206941 -0.0159 
-0.00207598 -0.0124 -0.0120734 
0.00699077 0.00383311 0.0178847 
-0.00690792 -0.000308948 -0.0174356 
-0.0225485 -0.0111585 0.00109741 
0.010502 0.00979009 -0.0161523 
0.009752490000000001 -0.009609029999999999 -0.0157668 
-0.0171558 -0.0124 0.008274119999999999 
0.00445719 -0.0124 0.00764376 
0.0100741 0.0124 0.011425 
-0.0190496 -0.0121764 0.0144 
-0.021969 -0.0119448 -0.00340335 
-0.0109711 0.0124 -0.0101797 
0.00925284 -0.00712457 -0.0156 
-0.0105787 0.0124 -0.00629878 
0.00102815 -0.0124 -0.0112679 
-0.0156673 0.0092 -0.0160618 
-0.0101074 0.0124 0.00376965 
-0.00366984 0.0093016 -0.0144 
0.0199174 -0.0121826 0.00856147 
-0.0227 -0.00969187 0.0115013 
0.0046947 -0.00758001 -0.0154413 
-0.00651959 -0.0124 -0.00963144 
0.00450519 0.00140753 -0.0177 
0.0058539 0.0124 -0.0077545 
0.012806 -0.00998664 -0.0168537 
0.00621662 -0.00234429 0.0187 
-0.0226741 0.010713 0.00391602 
0.0227 -0.00397003 -2.41427e-05 
-0.00322841 -0.0124 -0.00194082 
0.0190183 0.00599165 0.0162 
0.00465095 0.00965157 0.0154202 
0.00691722 0.00312397 0.0187 
-0.0186715 -0.0124 -0.00483747 
0.0105391 -0.0124 -0.010714 
0.008060980000000001 -0.00380226 -0.0144 
0.0103853 -0.0124 0.0061001 
0.000947343 0.0124 -0.008369659999999999 
0.00711526 -0.0124 -0.0125296 
-0.000550973 0.00522229 -0.0159371 
0.0119869 -4.00551e-05 -0.0144 
-0.0191731 -0.0124 0.013914 
0.0201172 -0.0059134 0.0162 
0.0205952 -0.00519917 -0.0156 
0.0227 0.00179961 0.00477058 
0.0227 0.00129831 0.0115762 
0.00159728 0.0091907 -0.0159 
-0.000844468 0.0124 -0.0106123 
0.0199596 0.0121404 0.00664457 
0.0114641 0.0119293 -0.0144 
0.007947640000000001 0.0124 0.0109173 
-0.013315 0.0124 0.008095949999999999 
-0.0181929 -2.37119e-05 -0.0159 
0.00394309 -0.0124 -0.00811454 
-0.0135567 -0.00925951 0.0159 
0.0140784 0.00344868 -0.0156 
0.0193289 0.00101696 -0.0144 
0.0173578 0.00270431 -0.0156 
0.00555448 -0.0124 -0.000384587 
-0.0176594 -0.0107503 0.0159 
-0.000679862 -0.0124 -0.0131108 
-0.0147033 -0.0124 0.0130406 
-0.008379370000000001 -0.0124 0.00665153 
0.0159642 -0.0124 0.008506039999999999 
-0.00474106 0.0124 0.00779955 
-0.0138569 -0.0124 -0.00450375 
0.00632232 -0.0124 -0.0126264 
-0.0113329 -0.009632999999999999 0.0159 
0.00147249 -0.009786400000000001 -0.0159 
0.0152613 0.00165108 -0.0177 
-0.0161961 0.0124 -0.0136221 
-0.0163872 -0.0124 -0.0101234 
-0.00102282 0.00844871 -0.0180157 
-0.000578284 -0.0073673 -0.0180921 
0.0227 0.00408824 0.008176299999999999 
0.00438511 0.00571297 -0.0144 
-0.00736198 0.012049 -0.0157098 
0.0227 -0.00851003 -0.00119462 
-0.0149824 0.0111767 -0.0159 
0.00370369 0.00210111 -0.0156 
-0.00931498 0.0124 0.0104093 
0.00447728 -0.0124 0.00573105 
0.0102176 -0.00253864 -0.0177 
0.008215719999999999 0.0060065 0.0170246 
-0.0218871 -0.007 0.0169821 
-0.0227 -0.00879043 -0.00158089 
0.0142547 -0.00413929 0.0150281 
-0.0101413 0.000905366 -0.0177 
-0.000709221 0.00704464 0.0159 
-0.000718499 0.00651537 -0.0144 
0.010667 -0.00237133 -0.0151636 
0.00740389 -0.00703675 0.0144 
-0.014699 -0.0092 -0.0172598 
-0.0166304 -0.0124 0.00407554 
0.014351 -0.0124 0.008222749999999999 
0.007895940000000001 -0.0124 -0.0143002 
0.000403155  0.007 0.0163485 
-0.00655064 0.0124 0.0142626 
2.59783e-05 -0.0123667 0.0145242 
-0.0203264 0.0124 -0.0052681 
0.0167207 -0.00376549 0.0144 
-0.0227 0.0014802 -0.00258693 
-0.0162491 0.0114148 -0.0159 
0.0185982 -0.0124 -0.0130819 
-0.00125203 0.00396233  0.017 
0.00677094 -0.00592585 0.0179502 
-0.00256084 0.0124 0.00469831 
-0.0227 0.00620611 -0.000537761 
0.0106247 -0.008745879999999999 0.0187 
0.0145633 -0.00111442 0.0200489 
0.008049290000000001 0.00706213 -0.0177 
-0.00884858 -0.007 0.0161902 
0.010668 -0.0124 0.00407809 
0.0184879 0.00410398 0.0162 
-0.0226722 -0.0107274 0.00213982 
0.016537 -0.00793292 -0.0156 
0.00848114 0.0124 0.008284649999999999 
0.0111772 0.00515944 0.0144 
0.00552434 0.00181311 0.0187 
-0.0172998 0.00605063  0.017 
-0.00521893 -0.0124 0.0113403 
-0.008084020000000001 -0.0124 -0.00537119 
0.009863780000000001 -0.0124 0.00262079 
0.0130967 0.00915466 0.0187 
0.0122183 0.00439117 0.0144 
0.000210471 -0.00312098  0.017 
-0.0176439 0.00136329 -0.0159 
0.012245 -0.0124 -0.0124403 
-0.0217277 -0.0121144 -0.0138365 
0.0227 -0.00030918 0.000186963 
-0.0227 -0.009663659999999999 -0.010331 
0.00622018 -0.00394158 0.0144 
0.0207367 0.0113633 0.00365259 
0.0221011 0.00999889 -0.00173032 
-0.0121534 -0.0124 -0.00910415 
-0.00163741 -0.00619616 -0.0167479 
0.0136367 0.0124 0.0110573 
0.0064413 0.0124 -0.0016517 
0.00581047 -0.0124 -0.0098047 
0.007852019999999999 0.0124 -0.00569175 
0.0179599 -0.00540644 0.0144 
0.00185815 0.0124 0.00140642 
0.00856315 0.00421839 0.0183583 
-0.00197162 0.00370672 -0.0155535 
0.0210052 0.0110948 0.00670534 
0.013125 0.0124 0.0112881 
0.0111117 0.0124 0.008668500000000001 
0.019751 0.00337679 -0.0177 
0.0170036 -0.0091688 0.0144 
0.00244286 -0.00938281 -0.0159 
-0.0227 0.009540989999999999 0.009358180000000001 
0.009518810000000001 -0.00945943 -0.0144 
0.0227 -0.00578588 0.00545212 
-0.00704281 0.0092 -0.017415 
0.0203225 -0.0117775 -0.0118383 
-0.00161435 -0.0124 0.00204679 
-0.0162355 -0.00211372 -0.0177 
0.00525628 0.0124 0.0027496 
0.0196825 0.00396181 -0.0177 
0.00095 -0.00986573 -0.0152816 
0.00680481 0.0124 -0.00627109 
-0.00360195 -0.00217508 -0.0144 
0.0057318 -0.0124 -0.0127285 
-0.0149758 0.0017672  0.017 
-0.0118364 -0.0124 -0.0135526 
-0.00464016 0.00681163 -0.0162171 
0.0227 0.00180583 0.00950909 
0.012664 -0.00449284 0.0150546 
-0.0207339 -0.007211 -0.0159 
0.00784175 -0.000807159 -0.0144 
-0.0201711 0.0124 0.00846589 
0.00504464 -0.0124 -0.0133856 
-0.0223471 -0.0115334 -0.009252430000000001 
-0.0082957 0.0124 0.0122322 
-0.0227 0.00847206 0.000482471 
-0.0225548 -0.00450697 -0.0149421 
-0.0158178 -0.0124 -0.0126313 
0.00798189 -0.0124 -0.0143161 
0.0111833 0.00966613 0.0144 
0.0214644 0.0106356 -0.0138895 
0.0112551 0.0124 -0.00103075 
-0.00388766 0.0124 -0.0119888 
-0.0121195 -0.0124 0.00458737 
0.0227 -0.00637935 0.0143545 
0.0227 0.00520937 -0.0114766 
-0.0127346 -0.008063600000000001 0.0159 
0.0105093 0.00180104 0.0192351 
-0.0183696 0.00146292  0.017 
-0.0209351 -0.008399999999999999 0.0155338 
0.0159468 0.0117087 -0.0144 
-0.0206302 0.0124 -0.00852178 
-0.0200749 -0.0124 -0.00124213 
-0.00495541 -0.0124 0.00839586 
-0.00388674 0.0124 -0.0132592 
0.00512234 0.00058179 -0.0177 
-0.0227 0.00867888 0.009171260000000001 
-0.0227 0.000276241 0.0114558 
-0.0227 -7.826320000000001e-05 0.0139094 
0.017558 0.000816304 -0.0177 
0.00266299 0.0124 -0.0117995 
-0.018501 -0.0124 -0.00107399 
-0.008401560000000001 0.0092 -0.0171456 
-0.0114882 0.00793546 -0.0177 
-0.00881088 -0.0108024 0.0159 
0.0206018 -0.00367707 0.0144 
0.001188 0.00294813 -0.0144 
0.00503153 0.00663738 0.0172487 
0.0116943 -0.0124 0.00592314 
-0.0122924 -0.0122973 -0.0147833 
0.0172256 0.000903497 0.0144 
0.0223328 0.00976719 0.007944069999999999 
0.018182 -0.00452779 -0.0144 
0.0103767 0.00919176 -0.0156 
0.00195256  0.007 0.0164717 
-0.0147671 0.008880239999999999 0.0159 
0.0205147 -0.0115853 -0.00623554 
-0.00303618 0.0008429209999999999 -0.0144 
-0.009329509999999999 -0.00980515 -0.0159 
-0.0082258 -0.007 0.0165654 
-0.00831547 -0.0092 -0.0170688 
0.0196261 -0.00701105 -0.0162154 
0.0045137 0.0124 -0.00490004 
0.0168822 0.000211865 -0.0177 
0.00331249 0.009697839999999999 -0.0159 
-0.00580986 0.0120801 0.0155937 
0.0092058 -0.0124 0.008180359999999999 
-0.00989432 -0.0092 -0.016673 
0.0227 -0.00162709 0.00637989 
0.0197583 0.0123417 -0.000785996 
-0.00135237 -0.0120552 0.0156868 
-0.00752806 -0.0053082 -0.0177 
0.0132437 -0.004411 0.0187 
0.0141066 0.00396972 -0.0156 
-0.000489394 -0.0124 -0.00190718 
0.0206033 0.00288354 0.0162 
0.00277978 0.0124 0.0139354 
-0.0167022 -0.00558779 -0.0177 
-0.008087860000000001 0.0114388 -0.0159 
-0.0176681 -0.0124 0.00692986 
0.021914 -0.010186 -0.00495378 
-0.00912115 -0.00206485 -0.0177 
0.0111661 -0.0124 -0.000803755 
0.0227 -0.00356009 -0.00732499 
-0.00352966 -0.0124 -0.008922569999999999 
-0.00912573 -0.0124 0.00514677 
0.008547620000000001 0.00419815 0.0168445 
-0.00226726 -0.0124 -0.0049394 
0.0209627 -0.00872099 0.0144 
0.0111864 0.00045 0.0195086 
0.0104854 0.00206359 0.0144 
0.0227 -0.00555347 0.000105723 
-0.0225393 -0.00864767 0.0144 
-0.011511 -0.00211507 -0.0177 
0.00360527 0.0123574 -0.0145592 
0.0170056 0.0124 -0.00502915 
-0.0159195 -0.0124 0.00478414 
-0.0227 0.00145104 0.007961009999999999 
-0.0137542 0.0124 -0.0129207 
0.0104657 -0.00425834 0.0144 
0.00494257 -0.00482889 -0.0156 
0.00109743 -0.0124 1.90956e-05 
-0.0117202 -0.0124 -0.0139755 
0.00775988 -0.0124 0.0115848 
-0.00426007 0.0124 -0.00765932 
0.0227 -0.00311312 0.00701141 
0.0114448 -0.0124 0.008378419999999999 
-0.0134912 0.012186 0.0151987 
-0.0227 0.007928070000000001 -0.0111073 
-0.0227 -0.00723996 6.82799e-05 
-0.0224116 0.000769578 -0.0154762 
-0.0201204 -0.00934365 -0.0159 
-0.0217044 -0.0121293 0.00685335 
-0.0105238 -0.000401197  0.017 
0.0107881 0.00537292 -0.0177 
-0.0135157 -0.00678987 -0.0177 
-0.0127519 -0.0124 -0.00180467 
0.0155209 0.007837200000000001 -0.0144 
0.0222388 -0.00222932 0.0167712 
-0.00178911 0.0124 -0.000863254 
0.0109983 -0.00186997 0.0145277 
0.0216879 0.0104121 -0.00479912 
0.000410857 -0.0124 -0.00274045 
0.0132541 -0.00996707 -0.0173827 
0.020581 0.0102285 -0.0144 
0.00811251 -0.0124 0.00184364 
-0.0166296 -0.0124 -0.00621832 
0.00536376 -0.0123499 -0.0145869 
-0.0224063 -0.009869060000000001 0.0147902 
0.00637508 -0.00261024 -0.0177 
-0.000536473 0.0124 -0.010722 
0.0227 -0.0060601 -0.00115016 
0.0197858 -0.0123142 -0.00472006 
0.0155993 -0.00305989 0.0187 
-0.00251786 0.00305008 -0.015021 
-0.00726034 0.00267328  0.017 
0.0101501 3.95723e-05 0.0200458 
0.00693244 0.0110107 0.0153985 
0.0056315 -0.00857604 0.0158421 
0.0100422 -0.009688169999999999 -0.0157443 
-0.0118249 0.0124 -0.00554906 
-0.00982951 0.0124 -0.007934180000000001 
0.0113003 0.00582758 -0.0177 
-0.00721792 -0.00632824 -0.0176022 
0.0131309 -0.00486925 -0.0156 
0.0173454 -0.00773213 0.0144 
0.0187688 0.00398691 -0.0177 
-0.00542095 -0.0124 0.009356049999999999 
-0.0145669 -0.00810729 -0.0177 
-0.00834391 0.0124 0.0110369 
0.0101141 0.00094149 0.0197908 
-0.0197291 0.00206341  0.017 
-0.00864024 -0.0035864 -0.0177 
0.00447906 -0.0005700599999999999 -0.0144 
-0.000495438  0.007 0.0161483 
-0.0226998 0.0104047 -0.00189319 
-0.00274606 0.00283397  0.017 
0.0106848 0.0124 0.0143332 
0.00262317 -0.00537443 0.0168279 
-0.00376125 -0.0124 0.0107041 
-0.0227 0.00694694 0.0138847 
0.017214 0.00997466 -0.0144 
0.00383467 -0.00959545 0.0148907 
0.0100345 0.00734326 -0.0177 
0.0137822 0.00777175 0.0187 
-0.0207271 -0.0106663 0.0144163 
0.0195568 -0.00476381 0.0144 
-0.00998273 0.0124 0.0105783 
0.00350484 0.0105297 0.0148779 
0.0123347 -0.0124 0.00109456 
0.00393606 -0.0124 -0.00939889 
0.0116089 -0.00995937 -0.0166424 
0.0100562 -0.00609046 0.0144 
0.0151683 0.00136503 -0.0154294 
-0.00103579 0.0103173 -0.0159 
-0.0187399 0.0124 -0.0130295 
-0.0149594 0.0124 0.00934287 
-0.0042078 0.0124 0.00441785 
0.008643120000000001 -0.009533740000000001 -0.0144 
-0.0160675 0.0092 -0.0160656 
-0.00362218 -0.0124 -0.0100973 
-0.0190578 -0.0121681 -0.0152656 
0.0169553 0.000848129 0.0187 
0.0135332 -0.0124 0.009488470000000001 
-0.0222867 -0.0116144 0.011839 
0.0201847 0.00353029 -0.0144 
-0.00217601 -0.00597892 -0.0192262 
0.00138503 0.008626129999999999 0.0159 
-0.000175609 -0.0124 -0.0038332 
-0.008303130000000001 -0.0124 -0.00692043 
0.00651268 -0.00564532 0.0177471 
0.0201404 0.0119596 0.0135599 
0.00339316 -0.0124 0.00227331 
-0.00984968 0.0124 0.00844309 
0.0197092 -0.00131443 -0.0156 
-0.0111483 -0.0124 0.00526795 
0.013407 -0.00525664 0.0144 
-0.0227 0.00243045 0.010036 
0.00076862 0.0071665 -0.0144 
-0.0219788 -0.008399999999999999 0.0155649 
-0.009085050000000001 -0.0124 0.00366947 
0.000788996 -0.0124 0.0118846 
0.01472 0.009738500000000001 -0.0156 
0.0147819 -0.00169875 0.0144 
0.00300594 0.00311214 -0.0173143 
0.0189444 0.0124 0.0119632 
-0.00953326 0.0124 0.00259779 
0.0210952 -0.00510208 0.0169508 
0.0227 -0.0079025 0.00610466 
0.00803043 0.000493291 0.0151507 
0.00395588 0.0124 0.000867769 
-0.00416078 -0.0124 -0.008943370000000001 
-0.0226796 -0.0106717 0.00837097 
-0.00476656 0.00650613 -0.016285 
-0.0227 0.00763546 -0.009732559999999999 
-0.017465 0.0124 0.00604822 
0.0018367 -0.00183921 0.0152477 
0.0126251 -0.0040375 0.0147 
-0.00345167 -0.0123023 -0.0147647 
-0.0149981 0.0105001 0.0159 
-0.0227 -0.000533951 -0.0100472 
0.00713178 0.0012239 -0.0177 
0.0149379 -0.00461833 0.0162 
0.00670259 -0.000511194 -0.0177 
0.00702111 -0.0064277 -0.0177 
0.0100671 -0.008374919999999999 0.0162 
0.0227 0.00693793 0.00752874 
-0.00888395 -0.0124 -0.00517082 
-0.0122418 0.00829996 0.0159 
0.0166441 -0.00624595 0.0162 
0.0157356 0.0124 0.008768140000000001 
0.0200853 -0.0120147 -0.0083429 
0.0161507 -0.0122664 0.0144 
0.0174347 0.00619909 0.0181851 
-0.0183214 -0.0124 -0.00535495 
0.009751839999999999 -0.00532364 0.0187 
-0.0219284 -0.0106898 -0.0159 
0.0042403 -0.000550512 0.0144 
0.0107062 -0.00772244 -0.0156 
-0.0227 0.008994240000000001 0.009556719999999999 
-0.00683811 -0.00426899  0.017 
-0.00747251 0.00328282 -0.0177 
0.0154391 -0.0124 0.00386341 
0.0227 0.00133829 0.008470750000000001 
0.0132989 0.000961048 -0.0170906 
-0.0036053 0.0124 -0.0113152 
0.0107264 0.00476659 0.0162 
-0.0027894 -0.00435001  0.017 
0.00338247 -0.00105412 -0.0144 
-0.0196176 -0.0124 -0.0111463 
-0.0227 -0.00343735 -0.0108444 
0.00605144 0.0124 -0.009792149999999999 
-0.0175853 -0.0101612 0.0159 
0.00986737 0.00648806 -0.0156 
-0.00575558 -0.0075007 0.0159 
-0.0227 -0.00644109 0.0133315 
-0.0187969 -0.0124 -0.0132476 
0.00359032 -0.0124 0.00169948 
0.00330634 -0.0124 0.00201283 
-0.0177432 0.0124 0.00478846 
-0.00874903 -0.0124 0.00480143 
0.0227 0.00709673 -0.0122574 
-0.009589729999999999 0.0120241 0.0158029 
0.00675198 -0.00750588 -0.0177 
0.0162288 0.00468733 0.0169628 
0.00678716 -0.008206130000000001 0.0176904 
-0.00578822 0.0114899 -0.0159 
-0.0222591 0.000168485 0.0160453 
-0.00248533 0.00724745 -0.0166328 
0.0138466 0.0124 0.00397002 
0.00416167 0.0124 -0.00370999 
-0.00272375 -0.0124 0.008349540000000001 
-0.00310985 0.0124 -0.0111118 
-0.0126522 -0.00190511  0.017 
-0.00161152 -0.000947954  0.017 
0.0145076 0.0124 0.00467081 
0.0145723 -0.0124 -0.00415586 
0.00271547 -0.0124 0.00535549 
0.0175084 0.00836485 0.0162 
0.0122286 0.0124 -0.0133315 
0.0227 -0.000816364 0.00970797 
0.0159845 -0.0124 -4.81922e-05 
-0.000597286 0.00249928 -0.0184126 
0.0227 -0.00280556 -0.00757777 
-0.0188088 -0.0124 0.00837627 
0.00474296 -0.0009885790000000001 0.0144 
-0.0128811 0.0124 -0.0100414 
-0.0195338 0.008776290000000001 0.0158878 
0.0227 -0.00132183 -0.00549133 
0.022282 0.00203456 0.0182685 
0.0182087 0.0124 0.0111983 
-0.0227 -0.00219708 0.00577246 
0.00213388 -0.0124 0.0116106 
-0.0227 0.008136269999999999 0.00442018 
-0.004839 0.0124 -0.00520775 
0.00174809 -0.00332224 0.0168314 
-0.00210415 0.00843153 -0.0179058 
-0.00640036 0.0124 -0.0138877 
-0.0075276 -0.011645 0.0159 
-0.0017689 0.00422522 -0.0166878 
-0.00133414 0.0124 0.00422352 
0.008347250000000001 -0.00455058 0.0144 
-0.0227 -0.00821421 -0.00305534 
-0.0224976 0.00370903 0.0151553 
0.0208483 0.00377803 0.0162 
-0.00143053 -0.0124 -0.0139669 
-0.0157249 -0.00255317  0.017 
-0.0227 0.00186123 0.0133344 
-0.00479608 0.0124 -0.008156 
-0.00405859 0.0111022 0.0159 
-0.0170872 -0.0124 -0.0110833 
0.022248 -0.00218771 0.0180622 
0.00953469 0.00718953 0.0187 
-0.0227 4.91249e-05 0.00399834 
-0.0227 0.000308291 -0.00991393 
0.011977 -0.0124 -0.0107501 
0.0151573 -0.0124 -0.009975100000000001 
-0.0127274 0.0124 -0.00238871 
0.00680039 -0.00715236 0.0162 
-0.0102579 -0.0124 -0.0143525 
0.00513367 0.0124 0.00605485 
0.0125441 0.00684191 0.0187 
0.0213804 -0.0005057800000000001 -0.0156 
-0.0117188 -0.00147096 -0.0177 
-0.0227 0.00172754 -0.000276471 
-0.0145948 0.00519773 -0.0177 
0.00459427 0.0124 -0.0049991 
-0.0227 -0.009139110000000001 -0.00393208 
-0.00936407 0.000520047 -0.0177 
-0.0227 -0.00379066 -0.00487803 
0.00661327 0.00365604 0.0144 
-0.010673 -0.008619720000000001 0.0159 
-0.0223862 0.0114719 0.00384627 
-0.00519287 -0.0124 0.00266855 
0.00083265 -0.00271784 -0.0144 
0.00773373 0.00763365 0.0162 
-0.0147135 -0.00812922 0.0159 
0.0137865 -0.0124 -0.0100154 
-0.00990388 0.0124 -0.00957014 
-0.0122429 0.0124 0.00208691 
-0.0180622 0.0124 0.00373473 
0.0135891 0.00279296 -0.0154612 
-0.0151583 -0.0123104 0.0147343 
-0.015605 0.00344969  0.017 
-0.0169972 0.0124 0.00431791 
0.0162697 -0.0124 0.0126946 
0.00061572 0.000831558  0.017 
-0.0181823 0.0104848 -0.0159 
0.008473369999999999 0.00301586 -0.0156 
-0.0181302 0.0124 0.00856079 
0.0178019 -0.00846794 -0.0172746 
-0.0227 0.00682401 -0.00547067 
0.008714589999999999 0.0124 -0.0023505 
0.0205235 -0.000296286 0.0144 
-0.013453 -0.0124 -0.0130934 
-0.008371170000000001 -0.0124 -0.0053383 
0.0227 -0.00428001 0.00125976 
-0.0146427 0.0124 -0.0106928 
-0.0106777 -0.00667696  0.017 
0.00120672 -0.00517447 -0.0144 
-0.0227 0.0081528 -0.00633203 
0.00358889 0.00326747 -0.0156 
-0.0162885 -0.0124 -0.0031563 
0.00271362 -0.000140352 -0.0144 
0.00815948 0.00319929 -0.0156 
0.0109911 0.00783319 0.0162 
0.0177563 -0.007866120000000001 -0.0156 
0.00651457 -0.0113811 0.0159 
0.0147263 0.0078434 0.0162 
0.00595338 0.00755163 -0.0156441 
0.0192868 0.000363529 0.0162 
-0.0227 0.0040077 -0.00303261 
0.0018358 -0.00451217 -0.0144 
-0.020011 0.00115467  0.017 
-0.0187 -0.0108685 0.0147834 
0.00633325 0.00524769 -0.0144 
0.00849188 -0.00467138 0.0144 
0.0106171 -0.00233298 -0.0153466 
-0.0212127 3.76238e-05 -0.0159 
-0.0150479 -0.0124 0.00157675 
-0.0205305 -0.0124 -0.00402198 
0.0201629 0.0119371 -0.00553602 
0.00756418 -0.0017626 -0.0177 
-0.0186446 -0.0124 -0.00936994 
-0.0223014 0.0115953 -0.0122238 
0.00993636 -0.000534729 0.0196478 
0.0227 0.00220994 -0.009339129999999999 
-0.0174 0.00128517 -0.0170471 
0.00443429 -0.000461383 -0.0156 
0.009815880000000001 0.0124 0.00281158 
-0.0206506 -0.0103428 0.0143 
-0.0024129 -0.00330491 -0.0155224 
-0.00231009 -0.00344928 -0.0165193 
0.0222116 -0.00988843 -0.0053009 
-0.0223012 -0.0115955 -0.00258785 
-0.00362324 0.00282638 -0.0144 
-0.0225942 -0.0110371 0.00843819 
0.008460850000000001 -0.000610375 0.0187 
0.0227 0.00580922 -0.00930047 
0.0112742 -5.27759e-05 -0.0144 
-0.0226188 -0.0109589 -0.00104116 
-0.00128303 0.0117501 0.0159 
-0.0220485 0.0118745 0.00793224 
0.0153714 0.0124 0.0135189 
0.0155431 0.00843388 -0.0177 
0.021716 0.00236842 0.0162 
0.00113348 0.0024038 -0.0144 
0.0163629 -0.00443716 -0.0144 
0.0195558 -0.0124 -0.00665154 
0.0206248 0.0114752 -0.0057661 
0.00708783 -0.0103675 -0.0159 
-0.00344553 0.00695717  0.017 
0.0174715 -0.00535792 0.0144 
-0.00186371 0.00614862 -0.0153206 
-0.01021 0.00329828 -0.0177 
0.00586688 0.00558838 0.0144 
0.0218597 0.0102403 0.0100332 
0.000512703 -0.0124 0.00935385 
0.0201799 0.00640257 -0.0170971 
-0.0168103 -0.000748792  0.017 
0.00820573 -0.0124 -0.008088379999999999 
0.00513649 -0.0124 -0.0108659 
0.00741596 -0.00860672 0.0175182 
-0.0078364 -0.0124 -0.00406405 
-0.0227 -0.00643699 -0.0103527 
-0.0146029 -0.0124 0.000200432 
-0.0147654  0.007 0.0160496 
0.0080692 0.003813 -0.0162669 
-0.0100411 0.0124 -0.009905789999999999 
0.0227 -0.00132232 0.0111155 
0.0187035 -0.00121068 -0.0177 
0.007980340000000001 0.0124 0.00934311 
0.009759149999999999 -0.0124 -0.0120841 
-0.0162113 -0.0053975  0.017 
-0.0210665 -0.0123654 -0.00743638 
0.0210238 -0.0110762 0.00951373 
-0.0227 -0.00243735 0.0100656 
0.00281372 -0.0124 -0.00469664 
-0.0219319 -0.00566925 -0.0159 
-0.0225031 0.00258331 0.0151348 
-0.0227 -0.00890382 -0.00205083 
0.0170501 -0.0124 0.00484199 
-0.00405 0.008198260000000001 -0.0146916 
0.0170845 -0.010477 0.0144 
0.00829673 -0.00160028 0.0152721 
-0.0204601 -0.00377995  0.017 
0.008300139999999999 -0.0124 -0.00173295 
0.0185236 -0.00124094 -0.0156 
0.0223094 -0.00150268 -0.0156 
0.0100008 -0.00373834 0.0148808 
0.0178439 0.00376461 0.0163782 
-0.0198364 0.0117715 0.0149486 
-0.00134799 -0.0124 -0.0108613 
-0.0227 -0.00737431 0.00821727 
-4.12338e-05 -0.0123813 0.0144697 
0.018293 -0.00587088 -0.0172008 
-0.00967237 -0.0051853 -0.0177 
0.00384017 -0.00163098 -0.0156 
0.0203572 -0.0117428 0.00727787 
-0.00930342 0.00451639  0.017 
0.0227 0.00395206 -0.00968313 
-0.0227 0.00435962 0.00778391 
0.00709874 -0.00378507 -0.0171177 
0.0227 -0.0030649 0.0128392 
0.0102432 -0.00379832 0.0147 
-0.0216702 -0.0121475 0.00959279 
0.0165928 0.00167288 -0.0156 
0.008550489999999999 -0.0103154 -0.0144 
0.00829094 0.00595549 -0.016433 
-0.0173436 0.00040081 -0.0177 
-0.000404635 -0.00488481  0.017 
0.008968149999999999 -0.0124 -0.00483319 
0.0213963 0.00374113 -0.0177 
0.00352149 -0.0124 0.00495044 
-0.0122566 -0.0124 -0.0120526 
-0.0209777 0.0123788 0.0115858 
-0.000793855 0.0124 0.00841773 
0.009610830000000001 0.00244586 -0.0144 
0.0188994 -0.00217313 -0.0177 
0.0203957 -0.0117043 -0.00385108 
0.0227 0.00149501 0.0008716 
-0.010283 -0.00245681  0.017 
-0.000146467 0.00769191 -0.0144 
-0.0127437 -0.00111561 -0.0177 
-0.0227 -0.000442754 -0.00245475 
0.00230393 -8.96985e-05 -0.0144 
-0.0066934 -0.00719007 0.0159 
0.00256323 -0.0120285 0.0157863 
0.00497728 0.0124 0.0128286 
-0.0184682 0.0124 -0.0107577 
-0.00274524 0.0124 -0.010041 
-0.0227 -0.00745277 0.00997339 
-0.00399292 0.0122124 0.0151001 
0.0226603 0.00943974 -0.0106824 
-0.0227 0.00420874 -0.0112667 
0.0120545 0.00967928 -0.0156 
0.0048749 0.00566268 -0.0156 
0.00310146 0.00480022 0.0144 
0.0227 -0.00243415 -0.009133530000000001 
-0.0227 7.23847e-05 0.00177482 
-0.015707 -0.0124 -0.00527083 
0.0169914 0.000197621 0.0148555 
0.0168319 0.00121147 0.0155082 
-0.0174 -0.00664627 -0.0161731 
0.0205891 0.00290339 0.0144 
0.007529 -0.00859531 0.0187 
0.00925368 0.00240293 0.0147 
0.00895279 -0.00425346 0.0162 
-0.0119955 -0.0124 0.0100167 
-0.00383613 -0.00583378  0.017 
-0.009692660000000001 -0.007726 -0.0177 
-0.0227 -0.00344786 0.007852919999999999 
0.0205207 0.00250366 0.0187 
-0.0187848 0.0124 -0.00715888 
-0.000326074 -0.000545382 -0.0144 
0.00153441 0.009160929999999999 0.0159 
-0.0176634 -0.00362587  0.017 
0.0227 -0.00744061 0.00033751 
-0.0164147 -0.0124 0.00704545 
0.0227 -0.00603447 -0.009101400000000001 
0.00382207 -0.00424251 0.0162 
0.00148373 0.0124 -0.01042 
-0.000375859 -0.00862189 -0.0144 
0.00434446 0.00187899 -0.0144 
-0.011013 -0.0124 0.00520825 
-0.0112082 0.00906562 -0.0177 
0.0133166 -0.0124 0.00655205 
0.0123181 -0.00564769 -0.0177 
0.0104217 -0.00161151 0.019606 
-0.00598391 -0.0124 -0.0136394 
0.00768562 0.00875688 -0.0169634 
-0.0116857 0.0116291 0.0159 
-0.0224876 0.00460348 0.0151928 
0.020541 0.00593197 -0.0156907 
0.0227 -0.00779433 -0.00121318 
-0.0171814 0.0124 -0.00455703 
0.0100747 -0.000747758 0.0198411 
0.008808369999999999 0.0124 0.00502159 
0.00290413 -0.0061511 -0.0144 
0.0157723 -0.0124 0.007847069999999999 
-0.00512686 0.0120284 0.015787 
-0.00177145 0.0124 -0.00711765 
-0.0226499 -0.00251802 -0.0145871 
0.0125604 0.0124 0.008869510000000001 
-0.0226074 -0.00421659 -0.0147455 
0.008294640000000001 0.00394684 -0.0162423 
0.00364716 -0.0107558 -0.0151828 
-0.00426499 -0.0124 0.00506123 
0.0152562 -0.00670256 -0.0144 
0.00515166 0.00504354 -0.0156 
-0.0052872 0.00399148 -0.0165648 
-0.0209526 -0.0123821 -0.0036357 
-0.0205112 0.0124 0.00350081 
0.0150972 0.0124 0.0118631 
-0.0187103 0.0102052 0.0157317 
0.00146943 -0.0122934 -0.0147978 
0.00373955 -0.0124 0.00264278 
0.0227 0.00191005 -0.00113689 
-0.007822900000000001 -0.0124 0.00649834 
0.0211594 -0.0109406 -0.00575163 
-0.0102105 0.008866270000000001 0.0159 
-0.0179868 0.0122583 -0.0149289 
0.00928003 -0.008283179999999999 0.0162 
0.0141328 0.0124 0.00655269 
-0.0217989 0.0116499 0.0144 
0.0227 -0.00724394 0.00764537 
0.00224532 -0.0124 0.008829170000000001 
-0.00194681 0.0124 -0.00704998 
0.0142659 -0.0124 0.00882288 
0.00306388 0.00113048 0.0162 
-0.00137752 -0.0124 -0.00934783 
0.0121548 0.0124 -0.00756808 
0.0184832 0.00614475 -0.0177 
0.0180966 -0.00388114 0.0169058 
0.0145284 -0.00777878 -0.0156 
-0.00410227 0.0124 -0.0142914 
0.0189697 -0.0124 -0.0105865 
0.00492921 0.00634843 0.0162 
-0.0201713 0.0124 0.0117792 
0.009594109999999999 0.00534772 0.0162 
0.00569743 0.00294914 0.0144 
-0.0159652 0.0124 0.0135092 
-0.00301523 0.00160285 -0.0144 
0.0225313 -0.00956865 -0.00331853 
-0.000859116 0.0124 0.008497620000000001 
0.00454996 0.0124 0.00195816 
-0.009356639999999999 -0.00303824 -0.0177 
0.00702406 -0.00311644 0.0162 
0.0133456 0.00755157 0.0144 
-0.00158098 0.000452038 -0.0144 
0.0169949 0.008812449999999999 -0.0156 
0.0154231 0.00531131 0.0187 
0.0188333 0.00314141 -0.0156 
-0.0129013 0.0124 -0.00118219 
0.008627050000000001 0.00158235 0.0144 
0.00335392 0.0124 -0.00595546 
-0.0227 0.00281014 -0.009133870000000001 
0.0092479 -0.00584266 -0.0177 
-0.0207906 -0.000628477  0.017 
0.0107759 0.0124 0.0103764 
0.0138924 0.0124 -0.00329088 
0.0137775 0.000844684 0.0202 
0.0179425 0.0113831 -0.0144 
0.00508446 0.00993898 0.0159 
-0.0221227 0.00557802 -0.0159 
0.00723553 0.00047726 0.0162 
0.0227 -0.0074207 -0.0119076 
0.00662154 -0.00371553 -0.0177 
-0.0123865 -0.012138 -0.0153778 
-0.0025495 0.00758863 -0.0160106 
0.00608652 0.0124 -0.00350364 
-0.00252311 -0.0124 0.0122448 
-0.007848040000000001 -0.0124 0.009422730000000001 
0.00976633 -0.0124 0.012339 
0.0189805 -0.00362833 -0.0156 
-0.0227 0.00160547 -0.0116766 
-0.0190246 0.011191 0.0144 
-0.0161043 -0.0092 -0.016221 
0.0227 -0.00115302 0.000695334 
-0.0182336 -0.00719564 0.0159 
0.00983005 0.00181381 -0.0144 
-0.0227 -0.00999598 0.00783086 
0.00663044 -0.0124 -0.0126847 
0.008951799999999999 -0.00828546 0.0187 
0.0227 -0.009124780000000001 0.0139796 
-0.000884117 0.00594488 -0.0158736 
0.0150757 0.00712871 0.0162 
0.0105915 0.00492103 -0.0177 
-0.0204261 0.0124 -0.0125871 
-0.000883993 -0.00594477 -0.0171229 
0.00357315 -0.00182455 0.0162 
0.0148604 0.00835984 0.0144 
1.12099e-05 -0.0122793 -0.0148505 
-0.022699 -0.0104226 0.00540794 
0.0164996 0.00576132 -0.0168341 
0.00394141 -0.00780659 0.0159 
-0.0174252 0.000441376 -0.0159 
0.0156402 0.000672733 -0.0177 
0.0227 0.000726707 -0.0087534 
0.0144612 -0.008762819999999999 -0.0144 
-0.0225373 0.0111856 0.000777307 
0.0227 -0.0054675 0.0074822 
-0.0203434 0.00567653  0.017 
-0.0202374 -0.0124 -0.0134052 
0.00722337 0.0037434 0.0177559 
0.0227 0.00593164 0.00689193 
0.00114722 -0.00956414 0.0159 
0.0181975 0.0111987 -0.0144 
-0.00544488 -0.00905047 -0.0166495 
0.014045 -0.000814646 -0.0183 
0.0121598 0.00719786 0.0144 
-0.0174 0.00894383 -0.0165965 
0.0072 -0.0104406 -0.0152752 
-0.00487658 0.00188198 -0.0163441 
0.014496 0.00602428 0.0187 
-0.007972969999999999 -8.66445e-05  0.017 
0.0227 0.00469816 0.00764816 
0.00242868 0.0065 -0.0150311 
0.00283283 0.00617325  0.017 
-0.000819489 0.0124 0.00690783 
0.0174327 0.00656561 0.0144 
-0.013805 -0.0124 -0.00206526 
0.0168593 0.00796851 0.0162 
0.00136632 -4.80042e-05 -0.0144 
0.00290066 -0.00185731 0.0144 
-0.0186901 0.0124 -0.00906768 
-0.0200063   0.01 0.0152881 
0.000508411 0.0124 -0.00244899 
-0.00126532 0.0124 0.00437145 
0.0111852 0.007838950000000001 0.0187 
-0.0220776 0.00551047 0.0167229 
0.0133303 0.0124 -0.0120385 
-0.00611947 -0.0124 0.00252535 
0.0144451 -0.0054729 0.0187 
-0.00436064 -0.00408394 -0.0160669 
0.0137628 -0.0124 -0.0107491 
0.0115906 0.00524908 -0.0177 
-0.0227 0.00706191 -0.00802134 
0.0191684 -0.00666162 0.0187 
-0.0211522 0.00342566  0.017 
0.0227 -0.00916523 -0.00149981 
-0.0103656 0.0124 -0.00409859 
0.00324831 -0.0124 0.0062278 
0.0220959 0.002789 0.0168945 
-0.0122338 -0.000262017  0.017 
0.00604292 -0.000297391 -0.0177 
0.0224402 -0.00906354 0.0144 
-0.0070302 -0.0124 -0.0119243 
-0.0209214 0.00968779 -0.0159 
0.0119741 0.0058852 -0.0156 
0.0118568 -0.0124 0.0137333 
-0.0174274 0.00129283  0.017 
0.00402896 0.00165098 -0.0177 
-0.00692827 -0.00257374 -0.0174465 
-0.0054503 -0.00568632 -0.0166524 
0.00129594 0.00440833 -0.0144 
0.0160886 0.00916401 -0.0144 
0.0222984 0.00980162 0.000548058 
-0.0226819 0.0103512 -0.0144675 
-0.0148599 -0.007 0.0160278 
-0.0227 -0.00994076 0.00507977 
-0.0152068 -0.0124 -0.00146273 
-0.0227 0.00941789 -0.0136451 
0.00358396 -0.0124 0.00669906 
-0.0227 -0.00631432 -0.0122182 
-0.00544996 -0.0124 0.00771265 
0.0113 -0.00298882 -0.0144 
0.00643601 0.00409948 -0.0156 
-0.016193 -0.0119253 -0.0159 
-0.0196792 -0.0124 -0.0027319 
0.0227 0.00709992 -0.00459188 
0.0227 0.00626745 -0.00312515 
-0.00658572  0.007 0.0167941 
-0.00884423 -0.00685048  0.017 
0.0195046 0.009906470000000001 0.0144 
0.0227 -0.00802251 0.00488369 
-0.0227 0.00481166 0.00122107 
-0.00642705 -0.0124 0.0103733 
0.0147344 -0.00219071 -0.0144 
0.018583 0.00773276 -0.0177 
-0.000329897 0.00776603 0.0159 
0.0172263 0.0124 -0.0113408 
-0.0123283 -0.0124 0.00577851 
0.008322329999999999 -0.0124 -0.008703600000000001 
0.00423044 0.0124 -0.0135093 
0.0106577 0.00515921 -0.0156 
-0.0192812 0.0124 0.0121881 
0.00326617 0.0124 0.00557032 
0.0143214 -0.0124 0.000160083 
0.0139215 -0.00844964 0.0187 
-0.0191431 0.00226256 -0.0159 
0.00190398 -0.0124 0.00340511 
0.00350798 -0.0099627 -0.0147293 
-0.00979124 -0.00680088  0.017 
0.00323886 -0.00969514 -0.0159 
0.00523309 -0.00529951 0.0162 
-0.009846499999999999 -0.0124 0.00933091 
0.0156961 0.0093328 -0.0156 
0.00278794 0.0124 0.00206138 
-0.00773536 -0.0124 0.00496243 
0.0227 -0.000506969 0.0113398 
0.00906885 -0.008710539999999999 0.0187 
-0.0227 0.00414294 -0.00470342 
-0.0154566 0.008534399999999999 -0.0177 
0.0216818 -0.0104182 0.0100021 
-0.02058 -0.009554969999999999 -0.015073 
0.0108177 0.00985522 0.0168472 
0.0127234 0.00343374 -0.0177 
-0.0227 0.00401826 -0.0105763 
0.0169761 0.00875538 -0.0156 
0.0227 0.00675331 -0.000488104 
-0.00257012 -0.0121873 -0.0151938 
0.0208514 0.00351199 -0.0144 
0.0227 0.00575364 0.00732637 
0.0147972 0.0119353 -0.0144 
-0.00670389 0.00768262 -0.017326 
-0.0152663 -0.00958123 -0.0159 
-0.0111437 -0.00270833 -0.0177 
0.0143746 -0.0104914 -0.0144 
-0.0224158 0.00550182 -0.0154607 
0.0138077 0.0124 0.0100611 
0.00058112 0.0124 -0.0038832 
0.00975524 0.000631738 0.0147 
-0.0164805 0.0124 -0.000257498 
-0.00960883 0.0092 -0.0166659 
0.0167278 -0.0124 -0.0046357 
-0.00713132 -0.0124 -0.008555 
0.0175778 0.0124 -0.0117242 
0.0227 0.00133595 0.00422239 
0.0224763 0.000541783 -0.0176031 
-0.00521265 0.00380695  0.017 
-0.00846882 0.0124 -0.00289709 
-0.0223419 0.00826035 0.0157364 
0.0168368 0.00707733 0.0187 
-0.0104537 0.0124 -0.00421204 
-0.00205399 -0.000148387  0.017 
0.022105 -0.00276734 0.0176988 
0.0135028 -0.0102211 0.0144 
0.0182455 -0.0124 -0.00615086 
-0.00521371 0.0124 0.0136333 
-0.0227 -0.00448195 0.0136042 
-0.00309758 -0.0124 0.0023934 
0.0121049 0.0124 0.00352942 
-0.0216756 0.0121447 -0.0121614 
0.0101938 -0.00633138 -0.0177 
-0.0227 -0.000941904 -0.00771414 
0.0152795 -0.00227096 -0.0144 
0.0123968 -0.0124 -0.0135875 
0.0227 -0.000614934 -0.00761272 
-0.0227 -0.00836173 -0.00487053 
-0.0227 0.00509815 -0.00218624 
0.0176069 0.0015731 -0.0144 
-0.0220324 -0.00633912 0.0168914 
-0.00433661 -0.0124 0.0140283 
0.0151114 -0.00947487 0.0162 
0.0193171 -0.0124 -0.0138023 
-0.0174 -0.008626679999999999 -0.0172734 
0.00646005 0.0124 -0.008141239999999999 
-0.0040552 0.0124 0.009394609999999999 
0.0119539 -0.0124 -0.00924675 
0.0209725 0.0111275 -0.00606175 
0.00948601 -0.0124 -0.0103528 
0.0170929 0.0124 0.00772696 
0.0049726 -0.0106681 0.0159 
-0.0214149 -0.01125 0.0157941 
-0.0173479 0.00178588  0.017 
-0.0175935 -0.0124 0.000301518 
-0.00195127 -0.0124 -0.00486657 
0.0145311 -0.00469921 -0.0144 
0.00743563 0.0124 0.00416656 
0.0180552 0.00626007 -0.0144 
0.0153746 0.00346096 0.015953 
0.000364805 0.0124 -0.0111998 
0.0121413 -0.0124 -0.00754287 
0.0117362 -0.0122806 0.0144 
0.0227 0.00044918 0.00139292 
0.017182 -0.00747477 -0.0177 
-0.00653264 0.00780329 -0.017234 
-0.0227 0.00299983 0.00464415 
0.0227 0.0027713 -0.013444 
0.0157741 0.000626145 0.0144 
-0.0227 -0.00174434 -0.00320105 
0.0189729 0.0124 0.0133075 
-0.0211333 -0.0123505 -0.00387328 
-0.0164719 -0.0123497 0.0147756 
0.00403023 -0.0110595 -0.0159 
-0.00606235 -0.0124 -0.01051 
-0.00680592 0.0124 0.00432 
-0.0014612 0.00619598 -0.0186291 
-0.0118166 0.00232316 -0.0177 
-0.00123742 -0.00614897 -0.0161855 
0.0186965 -0.00487594 -0.0167344 
0.0180855 -0.00018886 -0.0144 
-0.00135115 0.0121119 -0.0154751 
0.00447525 -0.00554326 0.0162 
0.000976434 0.0124 0.00678727 
0.0227 -0.0056858 -0.00468745 
-0.010591 -0.0124 -0.012866 
0.0137572 -0.00991117 -0.0169186 
0.0165523 0.0124 0.00504597 
-0.000558403 0.00772208 -0.0167619 
0.009191639999999999 0.00511584 -0.0177 
0.00519494 -0.0124 -0.0107733 
-0.0227 -0.00146525 -0.00976719 
-0.0224657 -0.0113353 0.008621759999999999 
-0.0189655 0.0124 0.0140831 
-0.0227 0.0100317 0.00816392 
0.00948685 -0.0124 -0.007837709999999999 
-0.0151496 -0.00404252 -0.0177 
-0.0227 0.000810133 -0.00356559 
0.00752927 0.00704373 0.0144 
0.0114847 -0.00545219 -0.0177 
-0.0227 -0.0101444 -0.00790105 
0.0172567 0.00431452 -0.0144 
-0.0223057 0.00297845 0.0158715 
0.0159242 -0.0124 -0.00534451 
0.00602415 -0.008403849999999999 0.0144518 
0.0142837 -0.00256503 0.0187 
-0.0106872  0.007 0.0159534 
0.0103469 0.00769826 0.0187 
-0.0227 0.00232949 -0.00318266 
-0.00894168 -0.0124 -0.00721676 
-0.0015236 -0.0124 -0.0011682 
-0.0215037 0.0122298 -0.00391142 
0.0180015 -0.00296919 0.0162 
0.0162516 -0.0124 -0.000375233 
-0.00296417 -0.0123797 0.0144756 
-0.0125172 0.0124 0.0102836 
0.010525 -0.0124 0.0014134 
0.00601677 0.00507275 0.0144 
0.0227 -0.009207379999999999 0.0110895 
0.0184173 0.008052210000000001 0.0164252 
-0.00218588 0.00682866 -0.0184523 
0.0227 -0.000888792 -0.00217475 
0.0221464 -0.00994241 -0.0144 
-0.0196376 0.0122423 -0.0153243 
0.0159227 -0.00680119 0.0144 
-0.0176498 0.0096826 -0.0159 
-0.018454 0.0124 0.00936468 
0.009592109999999999 0.00354013 0.0187 
-0.00442391 0.009265489999999999 0.0159 
-0.019883 0.0124 -0.0143894 
0.0220064 0.00307302 0.0165819 
-0.000620482 -0.0036393  0.017 
0.0227 0.00314859 0.00727362 
0.0199638 -0.008272420000000001 -0.0144 
0.00750286 0.00370182 0.0173987 
0.0203398 -0.00619417 0.0177755 
-0.00935887 0.0124 0.000473205 
-0.00636402 -0.0124 -0.00919004 
0.00725429 0.0105204 0.0144 
0.00205231 0.00388009 -0.0144 
-0.012629 0.0124 0.00670522 
0.0227 -0.00675398 -0.00512197 
-0.0227 0.00492384 -0.00472187 
-0.0225713 0.00480413 -0.0148801 
-0.0009597540000000001 0.00840636 -0.0155093 
0.00297406 -0.0124 -0.00355434 
0.009415929999999999 -0.00578795 -0.0156 
0.010369 -0.0124 0.0112279 
-0.00749199 -0.00330869  0.017 
-0.0144681 0.00354273  0.017 
0.0117614 0.0124 0.0009912059999999999 
0.0194562 -0.0124 -0.0133578 
-0.022384 -0.00562079 0.0155794 
-0.0130279 -0.0124 -0.00679285 
-0.00269719 0.00225941  0.017 
0.0175912 0.0005844379999999999 -0.0144 
-0.00828953 0.0124 -0.00705403 
0.00095 -0.00655741 -0.0147564 
0.0179859 0.00382096 0.0163541 
-0.0172907 -0.00603392  0.017 
0.00909518 0.0124 -0.00325639 
0.0154859 0.00953386 0.0168143 
-0.0150628 0.0124 0.00730379 
0.0192431 -0.0124 0.00078492 
0.0167415 -0.0111029 0.0144 
0.009424480000000001 -0.00463993 0.0187 
-0.0165219 0.0124 -0.0104277 
0.0176445 -0.0124 0.00939926 
0.008049239999999999 0.0124 0.00366007 
-0.00577097 0.0124 0.00588721 
0.00038346 -0.0124 -0.00557744 
0.0186919 -0.0124 -0.0109264 
-0.0100771 -0.0123505 -0.0145849 
0.0133568 0.0124 0.00551148 
-0.0227 0.009049669999999999 0.009476119999999999 
0.0227 0.00331147 -0.00200212 
0.00443264 0.0124 -0.00486871 
0.0121972 0.00329869 0.0187 
-0.0227 -0.000195896 0.00296912 
0.0185039 -0.00390713 -0.0156 
0.0199684 0.00231691 0.0144 
-0.0180343 -0.00328063 -0.0159 
-0.010913 -0.0124 0.00394619 
0.0198177 0.00565872 -0.0177 
0.00649011 -0.012349 -0.0145903 
0.0227 -0.00626897 0.00468734 
-0.000225648 0.0101 -0.0155747 
0.0227 -0.00733326 0.00249405 
-0.0227 -0.008907190000000001 -0.0131818 
0.000889171 -0.0124 0.0136365 
0.00496354 -0.000846373 -0.0156 
0.00238971 0.00716621 0.0159 
-0.00877646 -0.00383363  0.017 
0.00741509 -0.0124 -0.00207188 
-0.00804304 -0.0124 -0.00299065 
0.0173548 -0.0121223 0.0144 
-0.0080353 0.0124 0.00305688 
-0.0167044 -0.00418795 -0.0177 
-0.00133844 -0.0124 0.0143878 
0.0122973 -0.00729838 -0.0156 
-0.0176456 -0.007 0.0164578 
-0.00064521 0.008025529999999999 -0.0180495 
-0.0172918 0.00126389  0.017 
-0.00470582 -0.00659086  0.017 
-0.0221419 -0.00158066 0.016483 
0.0227 -0.00364966 -0.00226716 
0.0103364 -0.0094667 0.0187 
0.0205033 -0.0115967 -0.000947351 
0.0209734 -0.00135585 0.0144 
0.0116669 0.00601015 -0.0144 
-0.0227 0.00689359 0.00255145 
0.009794249999999999 -0.0124 -0.00740536 
-0.0213464 -0.00361857  0.017 
-0.0206779 0.0124 -0.00279987 
0.0227 0.00484442 -0.00909691 
-0.0147783 0.0121372 0.0153808 
0.00390207 0.00509783 0.0170993 
0.018949 0.0124 -0.008421929999999999 
0.00238117 0.00404869 0.0155042 
0.00628743 -0.0124 -0.0109248 
0.0140089 0.0071467 0.0162 
0.009179329999999999 -0.00728955 0.0162 
-0.0120345 -0.00746152 -0.0177 
0.0227 0.00624545 0.00899987 
0.00186529 0.00195364 0.0152146 
-0.0206796 -0.00491943 -0.0159 
-0.00726976 -0.0124 0.00379698 
-0.00533457 -0.0124 0.00494013 
0.0105678 -0.00544115 -0.0144 
-0.00211193 -0.00677343 -0.0185046 
-0.0227 0.00259072 0.00577096 
-0.0227 -0.00168441 0.00594287 
-0.0174 0.00759447 -0.0162294 
-0.0217763 0.00731849 0.0159 
0.0100347 -0.0060003 0.0162 
-0.0159949 -0.0124 0.00779095 
-0.00727805 0.000180022 -0.0176345 
-0.0227 0.00985191 0.0118962 
-0.000552411 -0.00525521 -0.0164015 
-0.0174778 0.0124 -0.00803713 
-0.00798359 -0.0060408 -0.0177 
0.00113621 0.0124 0.0128065 
-0.0165789 -0.0124 0.00980554 
0.00600394 0.00759797 0.0167415 
0.0179419 0.000556418 0.0187 
-0.0134122 -0.0124 0.00638648 
-0.016807 -0.00116496  0.017 
0.0221314 0.00134957 0.0162 
0.000381995 -0.0108843 0.0159 
-0.0227 -0.00478 0.0101958 
-0.0158241 0.008331460000000001 0.0159 
-0.016129 0.0124 -0.0114462 
0.0145634 -0.0124 -0.0138704 
-0.0146333 -0.0124 0.00719697 
0.00460975 -0.010385 -0.0144 
-0.00481207 -0.0124 -0.000388892 
0.00190157 -0.0019562 0.0150826 
0.0146403 0.00624602 -0.0144 
0.010944 -0.0106337 0.0144 
0.0218365 -0.0102635 -0.00176738 
-0.00471466 0.0103984 -0.0159 
-0.0227 0.000949984 0.0142683 
0.00931675 0.00720515 -0.0144 
0.0227 0.007878019999999999 -0.00314933 
-0.008168389999999999 -0.000954691  0.017 
-0.0227 0.00177156 0.00681442 
-0.000806302 0.00346717 -0.0171243 
0.00262979 -0.0124 -0.00823021 
0.0210685 0.0110315 0.00645496 
-0.0226961 -0.0104887 0.00948766 
-0.0181752 0.011161 -0.0159 
0.00421878 0.0077575 -0.0159 
0.0163803 -0.00181646 -0.0144 
0.0219093 -0.00338568 -0.0172874 
0.0167386 0.00205856 -0.0177 
-0.0227 -0.00251589 0.00956447 
0.00998575 0.00168735 -0.0156 
-0.0108076 -0.0124 0.00661005 
-0.0224929 0.0112831 -0.00347199 
-0.0227 0.00418431 0.00163164 
-0.00203371 0.0036745 -0.016393 
0.0114815 0.00045 0.0193588 
-0.0227 -0.00415204 -0.00710526 
0.00933197 -0.00567208 0.0162 
0.00784167 0.00866568 0.0187 
-0.0226166 0.010966 0.009697910000000001 
-0.0156777 -0.00238885 -0.0177 
-0.00133034 -0.00422539 -0.0181983 
0.00755743 0.00683204 -0.0156 
-0.0220105 -0.0119093 0.00137293 
0.0227 0.00516741 0.000148619 
-0.0145645 -0.0124 -0.0102071 
0.0227 -0.00184895 -0.0137401 
0.0227 0.00554005 0.0107265 
0.0227 0.00786941 -0.0073717 
0.0158667 0.0059731 -0.0156 
0.0115807 -0.00995566 0.0172861 
0.0073753 0.0124 0.00319558 
0.00256112 0.0124 0.00508944 
-0.013262 -0.0114537 -0.0159 
0.0201787 -0.00849372 -0.0144 
0.007921930000000001 -0.0124 0.00351404 
-0.0135593 -0.00421442  0.017 
0.000906579 0.00682654  0.017 
0.0193832 0.0124 0.0116188 
0.0008528 -0.007 0.0162641 
-0.0135611 0.00373891  0.017 
0.0105898 -0.00646301 0.0162 
0.016886 0.00606653 0.0187 
-0.0227 0.0101652 0.00364825 
-0.00734148 0.00839528 -0.0176686 
0.00222912 0.0018626 -0.0144 
-0.0227 -0.00678389 -0.00147663 
0.0105468 -0.00396793 -0.0177 
0.0227 -0.007832479999999999 0.00704571 
0.00336905 -0.0124 -0.00133703 
0.0220372 0.00297523 -0.0156166 
-0.0108202 0.0124 0.00133223 
0.00375652 -0.000724086 0.0144 
-0.0170218 0.00500054  0.017 
0.0108935 0.00893919 0.0144 
0.000881423 -0.0124 -0.00123569 
0.0160241 0.00935387 0.0168995 
-0.00219243 -0.0124 -0.010618 
-0.00915526 0.0124 0.00809088 
-0.0096419 0.00828481 -0.0177 
0.0180377 -0.0124 -0.00074013 
0.0199019 0.0108905 0.0144 
-0.022453 0.0059337 -0.0153217 
0.0134993 0.00722302 0.0187 
-0.0146181 0.0124 0.0100754 
0.00795501 0.0124 -0.0139775 
0.0217747 0.0103253 -0.00891408 
-0.0126989 -0.0124 0.0108869 
0.00635589 0.00680552 0.0144 
-0.0176057 0.00623872  0.017 
-0.0227 -0.00401289 -0.000169049 
0.0223308 -0.00181445 0.0172047 
0.0214416 -0.0106584 0.0105383 
-0.0201335 0.0124 -0.00670433 
-0.0219754 -0.0113874 0.0154136 
-0.00360012 -0.0124 0.00478865 
-0.00851504 -0.008211680000000001 0.0159 
-0.0210444 0.0117724 0.0156352 
-0.0206811 0.00167937  0.017 
-0.0161315 -0.00136139 -0.0177 
-0.000543912 -0.00440487  0.017 
-0.0207333 0.009704920000000001 0.0145451 
0.0196706 0.00346167 0.0162 
0.0217479 -0.000315225 -0.0156 
0.0123067 0.0056474 -0.0156 
0.00266915 0.0123239 0.0146842 
-0.00991557 -0.00259606  0.017 
-8.77697e-05 -0.0120173 0.0158284 
-0.0170851 0.0124 -0.00118261 
-0.0227 0.00686161 -0.00094124 
0.0221953 -0.00990475 -0.00194548 
0.0045108 -0.0124 -0.00630529 
0.008672300000000001 0.0124 -0.00699864 
-0.0153734 0.0124 -0.00630637 
-0.00405 -0.00870344 -0.0155421 
-0.0119233 0.0124 -0.000415785 
-0.016353 -0.0124 0.0101335 
0.0126352 0.0119093 -0.0144 
0.0115744 -0.00550072 0.0162 
-0.0212802 -0.0119154 0.0144 
-0.0155317 -0.0123648 0.0145312 
-0.0134662 -0.0124 -0.00814322 
0.0162028 -0.00258683 -0.0156 
-0.007922719999999999 0.00441054 -0.0177 
-0.0218591 -0.0120292 0.0112813 
-0.0155743  0.007 0.0161818 
0.0191709 -0.00637852 0.0162 
-0.0121864 0.00221977 -0.0177 
0.0227 -0.00521785 0.00227211 
0.015032 -0.00345684 0.0187 
0.0194707 -0.00716306 -0.0161395 
0.0102951 -0.000942554 0.0144655 
-0.0123645 0.0124 0.00468083 
-0.017485 -0.00919203 0.0159 
0.00357496 -0.0124 -0.0137468 
0.00975533 -0.0124 -0.011635 
-0.00253764 -0.0026479 -0.0159087 
0.00477524 0.00264417 0.0144 
0.0182585 0.00701934 -0.0144 
0.0227 -0.00149713 -0.00343564 
0.00278951 -0.00329688 -0.0144 
-0.0227 0.008440949999999999 0.012031 
0.0227 -0.00863732 0.0127483 
0.0166236 0.00910558 -0.0159049 
0.00491308 -0.00185265 -0.0144 
-0.0224904 0.00828716 -0.0151824 
0.00447013 -0.009550869999999999 -0.0147551 
0.0120623 -0.0124 -0.000116381 
0.0213793 -0.00457914 0.0186748 
0.0191506 0.0124 -0.0130998 
-0.0227 0.000431852 -0.00486626 
-0.0182717 -0.0124 0.00458759 
0.00255264 0.00129543 -0.0144 
-0.00319622 0.00912958 -0.0144 
0.0227 -0.000285004 0.00667479 
0.0227 0.00485989 0.00433463 
0.0157514 0.00683615 -0.0156 
0.0121007 -0.00689063 0.0144 
-0.0227 -0.00494574 0.0131739 
0.00163673 -0.0124 -0.0122479 
0.0172534 0.0124 0.0137617 
-0.0160458 -0.0109407 0.0159 
-0.0227 -0.00671127 -0.0108866 
-0.00394554 -0.00313982  0.017 
0.013947 -0.0124 -0.00231179 
-0.0205628 -0.0124 -0.0068155 
0.00396685 0.0109621 -0.0150836 
-0.0119103 0.0124 -0.00434223 
-0.0171375 -0.0124 -0.0133827 
0.00859306 -0.00569963 -0.0144 
0.0186808 -0.00516625 0.0164121 
-0.0111532  0.007 0.0166915 
0.00316216 -0.00356286 -0.016964 
0.0103448 -0.00595623 -0.0144 
0.0163594 -0.00299005 -0.0144 
0.00468049 0.000967511 -0.0177 
-0.00253523 0.0124 0.012371 
-0.009645910000000001 -0.00692678 -0.0177 
-0.0138685 0.0124 0.00782352 
0.00434105 0.00765991 -0.0159 
-0.0227 0.00432931 0.014342 
0.0143499 -0.00409989 0.0160583 
-0.00148947 0.0124 0.00771747 
-0.010781 0.00374382  0.017 
0.0132244 0.0124 -0.00672184 
-0.00962497 0.0124 0.00885445 
-0.0194805 -0.008922589999999999 -0.0159 
0.0173778 -0.00370289 0.0176405 
-0.0227 -0.00793578 0.00368792 
-0.0121576 0.0124 0.00979176 
0.0184185 -0.0124 -0.00740578 
0.0199557 0.00647381 -0.0177 
0.0125799 0.00356875 0.0144 
0.00358296 -0.00450672 0.0172276 
-0.0157203 -0.0124 0.00692101 
0.0227 -0.00899808 -0.00477932 
0.00255532 -0.0124 0.00705294 
-0.0197908 -0.00202588  0.017 
0.008677270000000001 -0.0116714 -0.0144 
-0.0227 0.00609794 0.00173652 
0.0227 -0.008215139999999999 0.00919445 
-0.000233487 -0.0048146 -0.0144 
0.00391763 0.00382215 -0.0156 
-0.000275443 0.0124 0.00373785 
0.0110395 -0.0124 -0.0018673 
-0.0227 -0.009453329999999999 -0.0111101 
0.008504650000000001 0.00887568 -0.0156 
0.00944571 0.00180041 0.0187 
-0.0197599 0.0105 0.0153339 
-0.0197673 -0.0117609 0.0144 
-0.00742653 0.0124 -0.0126185 
0.00240633 0.0124 -0.00295763 
0.0023099 0.0124 -0.00375439 
-0.0224666 -0.0113337 0.0100683 
-0.0132816 -0.0104723 0.0159 
-0.00158208 0.0018014 -0.0170652 
-0.0227 -0.002828 0.00469582 
0.0227 -0.00583546 -0.0130361 
0.0190183 0.00782266 0.0144 
-0.00143692 0.0101 -0.0153666 
0.0171294 0.00885318 0.0180487 
-0.0179157 -0.0124 -0.011036 
-0.0227 -0.00346336 -0.00666073 
-0.013394 0.00780204 -0.0177 
-0.0227 0.0103147 -0.0102458 
0.0145313 -0.0124 -0.0106639 
-0.0103319 -0.0124 0.00718543 
-0.00574255 -0.0124 0.00123917 
-0.00254948 0.00758812 -0.0179093 
0.0162669 0.0124 -0.0066562 
-0.00261586 -0.0118489 0.0159 
0.022017 -0.00305835 0.0185498 
0.0199727 -0.0121273 -0.013729 
-0.0220179 0.0119025 -0.008225420000000001 
-0.0227 -0.00589194 0.00381969 
-0.0049679 -0.0124 5.62863e-05 
0.0157389 0.00784718 0.0144 
0.0179727 0.00381468 0.0178129 
-0.000410269 0.0124 -0.0111774 
0.00426991 0.001268 -0.0177 
-0.0226706 -0.0107401 0.007902650000000001 
0.00649994 0.0124 0.00594827 
0.0156284 0.00153575 -0.0177 
-0.0221507 0.0117744 -0.00314651 
0.00153672 0.00300031  0.017 
0.00316034 -0.0124 0.008646320000000001 
0.007937690000000001 0.008888099999999999 -0.0160734 
0.00180896 0.0008551 0.0148902 
-0.00451598 0.0124 0.00557565 
-0.0107249 0.0112125 -0.0159 
0.0118206 -0.00419405 -0.0156 
0.0136081 -0.00594709 0.0187 
0.0177356 0.00240303 0.0162 
-0.0227 0.00556634 -0.00423658 
0.013053 -0.0124 -0.0129693 
-0.00397313 0.00216489  0.017 
0.008332249999999999 -0.00908728 -0.0163384 
-0.0227 0.000359451 0.00643405 
0.0227 -0.00624713 0.0111622 
-0.0026187 -0.0124 0.00524656 
-0.0118326 0.00324156  0.017 
-0.00642257 0.0124 0.0136366 
0.00313707 -0.0124 -0.00269399 
0.0227 -0.00168895 -0.00665632 
0.00594145 0.0124 0.00733258 
0.0114214 -0.0124 0.009726490000000001 
-0.00609065 0.0015026 -0.0169965 
0.00741106 0.0124 0.0134145 
0.0202862 -0.009562930000000001 -0.0144 
0.0112974 -0.000338794 -0.0181765 
0.0197842 -0.00696419 0.0144 
0.0186099 -0.00145189 -0.0177 
0.000542401 -0.0101 -0.0157057 
-0.0126402 -0.0120886 -0.0155623 
0.0191053 -0.009819710000000001 -0.0144 
0.00965119 0.00628686 -0.0144 
-0.0227 0.00747665 -0.000478262 
0.0183038 0.00884123 0.0144 
0.0115521 0.00284371 -0.01524 
0.008033510000000001 0.00051668 0.016184 
0.0224816 0.000420527 0.0162131 
-0.00269165 -0.0124 0.0108853 
-0.0051593 -0.00684679 -0.016496 
-0.0220272 0.0118939 -0.00309 
0.021785 -0.010315 0.0131617 
0.00647146 0.0124 -0.00127055 
0.00584399 -0.00178394 0.0162 
-0.00995911 -0.00662215  0.017 
-0.0227 -0.00394154 0.00812305 
0.0170583 -0.00613574 0.0182263 
0.0134047 -0.0110971 -0.0144 
-0.00326509 0.0101 -0.014879 
-0.00425899 -0.0124 -0.000346698 
-0.0227 0.00946111 -0.00504631 
0.00670793 -0.00732763 -0.0177 
-0.0102646 0.0124 0.008221620000000001 
0.0179634 -0.00608868 0.0180174 
-0.0135763 0.00237964  0.017 
0.0227 -0.00610354 -0.00822468 
0.0133511 -0.00249961 0.0195656 
0.0227 -0.00315956 -0.00127264 
-0.0227 0.00565511 -0.00726348 
0.0165941 -0.0124 0.0124296 
0.0216314 -0.0104686 -0.0107421 
0.0215311 0.0105689 -0.0118891 
0.0227 -0.00417003 -0.0136396 
0.0218229 0.00359903 0.0169296 
0.0227 0.00741897 0.000496916 
-0.00507922 0.0124 -0.008699119999999999 
-0.0139297 -0.0124 0.00268174 
0.000409109 -0.008336919999999999 -0.0144 
0.0227 -0.00511164 0.00320033 
0.0227 -0.00382372 -0.00165546 
-0.019459 -0.00240955 -0.0159 
-0.0163287 0.0124 -0.000103665 
-0.0227 0.00999937 0.00707879 
0.0130307 -0.00519647 0.0162 
0.0119218 0.00398049 0.0147 
-0.007842139999999999 -0.0124 0.005419 
-0.000756704 -0.0124 0.0083324 
0.0130537 0.00834645 -0.0144 
-0.0126624 -0.0124 -0.0134089 
0.0204549 -0.000538259 -0.0177 
-0.0114285 -0.00761007 0.0159 
0.00474132 0.000701779 -0.0144 
-0.0151241 -6.250919999999999e-05  0.017 
-0.000847439 -0.008890199999999999 -0.0144 
0.0210659 0.0110341 0.00677735 
0.00682442 0.0065627 0.0187 
0.00982364 0.00969764 -0.0144 
-0.0227 0.000924891 0.00793056 
-0.008270660000000001 0.0124 0.00699169 
-0.0119728 0.0124 -0.0117719 
-0.0120482 -0.0124 0.00173448 
0.0227 -0.00565074 -0.00961685 
0.0150512 0.0124 -0.0006343880000000001 
-0.0227 -0.00491304 0.00366759 
-0.0176477 0.0124 0.00766497 
0.011924 -0.0124 0.0069706 
0.0136244 -0.009108669999999999 -0.0177 
-0.0177566 -0.0124 -0.0121894 
0.0227 -0.00920314 0.00936611 
0.0110415 0.00572227 -0.0177 
0.00621705 -0.00777165 -0.0173557 
0.00550523 0.00807191 -0.0146986 
0.00561241 0.0124 -0.00599261 
-0.0209841 0.0123779 0.0107052 
0.0189706 0.0124 -0.00365417 
-0.0217664 -0.008895109999999999 0.0153674 
-0.0220007 0.0119085 -0.014427 
0.00460556 -0.0124 0.000226758 
0.00758863 -0.00786045 -0.0156 
-0.0073277 -0.007 0.0159324 
0.006522 0.0124 -0.00609406 
0.00240312 -0.0124 -0.013057 
0.00112657 -0.00401314  0.017 
-0.0176939 0.0124 0.00956823 
-0.018497 -0.0124 -0.00385189 
-0.0114978 0.0124 -0.00570078 
0.0103718 -0.00257519 -0.0144 
-0.00191585 -0.00372982 -0.0174452 
-0.00495823 -0.000901171 -0.016388 
0.0171091 -0.00146257 0.0144 
-0.0139794 0.012131 0.0154039 
-0.0220484 0.0118745 0.00405188 
0.008794919999999999 0.00483642 0.0163091 
-0.00368439 -0.0021212 -0.0144 
0.0102622 -0.0124 0.0071602 
0.0227 0.0046391 0.009896530000000001 
0.000808062 0.0124 -0.00388196 
-0.0120538 0.0124 0.00253739 
0.0227 -0.00267891 0.0075935 
0.0227 0.00754017 0.00687536 
0.0227 0.00413668 0.0126625 
0.0163395 -0.00552153 -0.016866 
-0.0227 0.00853607 -0.000571783 
-0.00297034 -0.00758248 0.0159 
0.0186963 0.0124 0.00978645 
0.019588 -0.00452235 0.0144 
0.00352129 0.00438825 0.0184386 
0.0149368 -0.00174758 -0.0149058 
0.00944303 -0.00446061 0.0144 
-0.0150206 -0.0112395 0.0159 
-0.0149071 -0.00599394 -0.0177 
-0.000716571 0.0124 0.00595094 
0.00879829 -0.0124 -0.0103337 
-0.0226748 -0.0107076 0.00757001 
0.014256 0.0124 -0.00422623 
0.00190512 -0.000968668 0.0145683 
0.00305478 -0.0124 0.007864589999999999 
0.0227 0.00251958 0.0132743 
-0.0131169 -0.0124 0.00479729 
0.0227 0.00345118 0.00739119 
-0.0156105 0.0124 0.000964079 
-0.0227 0.00315701 -0.000250383 
0.00621247 -0.0124 -0.0114878 
0.0142572 -0.00984349 0.0175386 
0.0041454 -0.0109976 0.0154441 
0.00629628 -0.00165053 0.0144 
-0.0136305 0.0124 -0.0109458 
-0.0227 0.00911348 0.00764847 
0.00929115 0.00414366 -0.0156 
0.0203331 0.00589849 0.0162 
-0.00512763 0.00135183 -0.016479 
0.00699786 0.0110942 0.0151544 
0.00750124 0.0003321 -0.0144 
0.0174875 0.0037014 -0.0165741 
0.0227 0.00524238 -0.00357632 
-0.0212624 0.00958639 -0.0159 
0.0227 0.00413512 -0.000628944 
0.0163669 -0.0124 0.0130183 
0.0227 0.00258378 -0.0113998 
-0.0111601 -0.0124 0.013857 
-0.0159022 -0.000230305 -0.0177 
0.0202101 0.0118899 0.00236755 
0.0129183 0.00610102 -0.0144 
-0.0227 0.0102996 0.00575649 
0.0169917 0.000198545 0.0144 
0.0158786 0.00223974 -0.0156 
0.020177 0.0039107 -0.0144 
0.0148597 -0.0124 0.00903371 
-0.0221991 0.00513598 -0.0159 
-0.008080210000000001 -0.007 0.0161254 
0.00741598 -0.000817492 0.0162 
0.0130123 -0.008049489999999999 -0.0177 
0.0163692 0.0124 -0.010079 
-0.00405 -0.00766761 -0.0153603 
0.0224752 -0.009624829999999999 -0.00672773 
0.0227 0.0013504 -0.00588456 
0.0163838 -0.00350643 -0.0156 
0.00187522 0.00183707 0.0151046 
0.00699732 0.0124 0.0135384 
0.0213852 -0.0107148 0.0113689 
0.018662 -0.00786449 0.0181446 
-0.0226981 -0.0104428 -0.00704583 
0.00193921 -0.00255107 -0.0144 
0.00306123 -0.0124 0.00151626 
0.0199596 -0.0121404 0.0116656 
-0.0186049 0.0124 -0.000935023 
0.0227 -0.00471167 0.0103225 
0.0116742 0.00484241 0.0187 
0.00368934 0.00137714 -0.0144 
-0.0227 0.008755870000000001 0.00068269 
-0.021054 0.0123681 0.00835644 
0.0129832 -0.009344440000000001 0.0187 
0.00316239 0.0124 0.00180121 
0.0227 -0.00207356 -0.00501825 
-0.0227 -0.009332719999999999 -0.000135968 
0.008865929999999999 0.0012885 -0.0156 
0.0208362 -0.00550872 -0.0156835 
0.0159596 -0.00843228 -0.0156 
-0.0224442 0.0113766 0.00122637 
-0.00304579 0.000582229  0.017 
-0.0063435 0.0124 0.0111697 
0.00442405 0.00136859 -0.0177 
-0.00886461 -0.00953409 -0.0159 
-0.000551451 0.00523324 -0.0171683 
-0.00455521 -0.0124 -0.0139963 
0.00779317 -0.0124 0.00281894 
-0.00110455 -0.0124 0.00175986 
0.00359278 -0.00125293 0.0162 
0.0153997 0.00752991 -0.0177 
-0.0225115 0.0112474 0.0135438 
0.0227 -0.00577907 -0.00890818 
0.009797760000000001 0.0124 0.0110559 
-0.0126525 -0.0124 0.00622896 
0.0227 -0.000183346 -0.00265759 
0.00455182 -0.00244247 -0.0177 
-0.0203933 -0.0124 0.00468541 
-0.0227 0.00466834 0.00403051 
-0.0200339 -0.0124 -0.00556124 
-0.0227 -0.00311855 0.00101419 
0.00690845 2.43226e-05 -0.0177 
-0.0182312 -0.0124 0.0120836 
-0.0227 0.00337444 0.008483269999999999 
0.009299109999999999 0.00518442 -0.0144 
-0.0227 0.00438783 -0.0127283 
-0.00405 -0.00901121 -0.0153274 
-0.0216646 -0.008399999999999999 0.0156973 
0.0227 0.00185466 0.00448593 
0.0108868 -0.009815890000000001 0.0144 
0.009973940000000001 -0.00468177 -0.0144 
-0.00214 -0.00199345 -0.0156148 
0.00773839 -0.007904710000000001 0.0144 
0.00512868 0.00432899 -0.0144 
-0.0188648 -0.008544650000000001 0.0159 
-0.0106497 -0.00847757 0.0159 
0.0112527 6.19944e-05 -0.0160312 
0.0219756 -0.00694371 -0.0144 
0.0117782 0.00228648 0.0144787 
0.007967200000000001 0.000699932 -0.0144 
0.0227 -0.00159523 0.000938858 
-0.00488709 -0.0124 0.00261764 
0.00273259 0.000896433 0.0162 
0.0148155 -0.009719709999999999 0.0180626 
0.00637218 -0.00735157 0.0144 
0.0199611 0.0121389 0.0034793 
0.00771864 -0.0124 -0.00920954 
-0.013305 -0.0124 0.0125035 
-0.00339861 -0.000222287  0.017 
0.0197642 0.00604473 -0.0177 
0.0208449 -0.00403242 -0.0177 
0.0150418 0.0124 -0.00846503 
-0.00405 -0.000900068 -0.0144877 
-0.0105157 -0.0099098 0.0159 
-0.00527374 0.00195474 -0.0165575 
0.00318585 -0.0124 -0.0121993 
0.0204144 0.0116856 6.796019999999999e-05 
0.000158765 0.0065753 -0.0144 
0.0227 0.00114162 -0.0117853 
0.0212641 -0.0108359 -0.00291239 
0.0128289 0.0029797 -0.0179108 
0.0227 0.00654195 -0.00719918 
-0.0171572 0.0124 -0.007919280000000001 
0.0173054 -0.00337109 -0.0156 
0.0044076 -0.0124 -0.00878613 
-0.0227 0.008254539999999999 -0.0122775 
0.0227 0.00244812 -0.00296378 
-0.0227 0.00476859 -0.00121145 
0.0136574 0.00228855 -0.0183 
-0.0166462 0.0112466 0.0159 
-0.00581426 0.0122702 -0.0148845 
-0.00254581 0.00750992 -0.0193642 
0.018145 -0.008278300000000001 -0.0144 
0.0227 -0.0065026 0.00496378 
-0.018366 0.0124 0.00528813 
0.0168725 -0.0124 -0.0063738 
-0.021654 -0.012156 0.0122677 
0.0227 -0.00486646 -0.00719277 
-0.0183943 -0.0124 0.00280218 
0.00364614 0.0124 0.00577041 
0.0117098 0.007773 -0.0177 
-0.0177909 0.00222425  0.017 
0.0116102 -0.00856143 -0.0156 
-0.008522129999999999 -0.0124 0.00210494 
0.0196406 0.00286209 -0.0156 
0.0200572 -0.0120428 -0.00490603 
0.0173248 0.00185048 -0.0177 
-0.0227 -0.00076955 -0.00411457 
-0.0208338 -0.0035338  0.017 
-0.0201078 0.0124 -0.00942896 
0.00286699 -0.00149907 -0.0156 
-0.00103941 -0.0124 -0.00849364 
-0.0223401 -0.00626916 -0.0157433 
0.0201262 -0.00526349 0.0187 
0.0108912 0.00658857 0.0162 
-0.0123249 0.0103081 -0.0159 
-0.0227 -0.0100204 0.00779636 
0.008718699999999999 -0.00450734 0.0183657 
-0.0204741 -0.0124 0.00597358 
-0.00705522 -0.0063355 -0.0175147 
-0.0227 0.00307083 0.00375858 
0.0215832 0.00157249 -0.0177 
0.0198643 0.0122357 -0.00963935 
-0.00248413 0.007955459999999999 -0.0187562 
-0.00652889 0.011441 0.0159 
0.0195709 -0.00224672 0.0187 
-0.00617141 -0.0124 -0.00995967 
0.0171493 0.00616227 0.016869 
-0.0011403 0.0124 -0.0109882 
0.00718905 0.00846216 0.0177491 
-0.000399272 -0.0124 -0.0137943 
0.0136935 -0.00385169 -0.0177 
-0.0203356 0.0109102 0.0158 
0.00485675 0.00276572 0.0162 
0.008969599999999999 -0.00935128 -0.0157531 
0.00644537 -0.0124 -0.00345686 
0.0191772 0.000944221 0.0144 
-0.0190257 -0.00639529  0.017 
0.0152524 0.00915843 -0.0156 
0.0168082 -0.00675125 0.0144 
0.0150993 0.010944 0.0144 
0.0176025 -0.00628726 -0.0144 
-0.0227 0.005544 -0.00196744 
0.0199854 0.0121146 0.0107504 
0.0033183 0.0124 0.0112186 
0.00962735 -0.00346247 0.0157477 
0.0149313 0.000952862 0.019673 
0.0064668 -0.0078089 -0.0156 
-0.00235903 0.0124 0.00673278 
0.00306063 -0.00371348 -0.0144 
-0.00751419 -0.0124 0.0140258 
0.0227 -0.000924686 -0.00376311 
0.009970390000000001 -0.00371898 0.0149394 
0.0108322 -0.000509606 0.0201984 
-0.0227 -0.00628202 0.0099913 
-0.0227 0.00675172 -0.0107538 
-0.00350541 -0.0124 -0.00406042 
-0.009345239999999999 0.0092 -0.0174535 
-0.0221762 -0.00667832 0.016355 
0.0199495 -0.0119575 0.0144 
0.008000459999999999 0.00301341 -0.0156 
0.0219976 -0.0101024 0.0102896 
0.0227 0.000465534 -0.0139066 
-0.0131964 0.00815624 0.0159 
0.00955104 -0.00424142 0.0144 
-0.00396568 0.0124 -0.0119867 
0.0214451 -0.0106549 0.0130931 
-0.00197841 0.0124 -0.00136239 
-0.0174 -0.00432903 -0.0171913 
-0.00204948 -0.00130595  0.017 
0.00915936 -0.00726095 -0.0144 
0.0208339 0.00490709 0.0144 
0.0124328 -0.008267419999999999 0.0144 
0.0143472 0.00687569 0.0187 
0.0196963 0.011823 -0.0144 
-0.00285535 -0.0124 0.0121499 
0.00512233 0.00214115 -0.0177 
0.00518315 -0.00856498 0.0159 
0.00679157 -0.0020088 0.0187 
-0.0220761 -0.0118492 -0.00929778 
-0.00325341 -0.0124 -0.0084029 
0.0182858 -0.00587742 0.0168084 
0.00392361 0.00955346 -0.0148959 
0.00576715 -0.0124 0.00440868 
0.0111963 -0.0123993 -0.0144 
0.0100458 -0.0028629 0.0187 
0.0116201 0.00639353 0.0144 
-0.0227 -0.0052269 -2.23056e-05 
0.0224754 -0.009624580000000001 -0.0043633 
-0.00573717 0.0124 -8.75047e-05 
0.0198048 -0.00257315 0.0144 
-0.0227 0.00320683 -0.00492364 
0.00506151 -0.00484318 -0.0144 
-0.00241918 -0.00470607 -0.0178129 
0.00723462 0.00095828 -0.0144 
0.00763622 0.00817355 -0.0144 
-0.007879590000000001 -0.0083961 -0.0177 
0.0220369 0.0029764 -0.016776 
-0.007846489999999999 -0.0043724  0.017 
0.00276431 0.0124 0.00339436 
0.0142525 -0.00322824 -0.0177 
-0.0219 0.0100905 0.015565 
0.0177913 -0.00374803 0.0167375 
-0.00212766 -0.00428582  0.017 
-0.0200287 -0.008364669999999999 -0.0159 
0.0117152 0.00689618 0.0144 
0.00777368 0.0124 -0.0140733 
0.0227 0.0008882920000000001 -0.00322865 
-0.00503735 -0.0124 0.00176248 
0.0131927 0.009795440000000001 -0.0177 
-0.0203377 -0.008025579999999999 -0.0159 
-0.0155946 -0.0124 0.00309172 
0.00211925 -0.00526588 -0.0144 
0.0200472 0.0120528 -0.00726631 
0.02044 0.00139643 -0.0144 
0.0118069 -0.009774049999999999 0.0162 
-0.0227 0.00723793 4.6987e-05 
-0.00592641 0.0124 -0.00394657 
-0.00213547 -0.0124 -0.009206489999999999 
0.00513848 -0.0035249 0.0162 
-0.0227 0.000118974 0.0119406 
-0.0127376 0.0124 0.0132144 
0.00167894 -0.0100138 -0.0159 
-0.004127 0.0043492 -0.0159414 
-0.00703795 -0.0124 -0.0129859 
0.0130558 0.00997573 0.0185061 
0.00384528 -0.0124 -0.00943106 
0.00928139 -0.0060443 -0.0156 
0.0227 0.00249368 -0.0104553 
-0.0195512 0.0124 0.0108104 
-0.0110465 0.0120481 0.0157133 
-0.0226281 0.0109294 0.0118967 
-0.0227 -0.00105959 -0.0104366 
0.00618012 0.0118391 0.0159 
0.0148005 0.00371215 -0.0144 
0.0163652 -0.00289123 -0.0144 
-0.00316685 -0.00590392 -0.0144 
0.00746801 -0.0124 0.0113671 
0.009025750000000001 0.00117652 0.0187 
0.0162702 -0.0124 -0.00646725 
0.00346736 -0.0118717 -0.0159 
-0.020564 0.00979231 -0.0144 
0.0197182 0.00135343 0.0144 
-0.00977775 -0.00994773 -0.0159 
-0.000798296 0.0124 0.00419277 
-0.0100389 -0.0124 0.0100962 
0.00434091 -0.00577803 0.0162662 
-0.00554413 -0.0124 0.012236 
-0.00953096 -0.00429286  0.017 
-0.000554038 0.00768892 -0.0163178 
0.0142013 -0.0124 -0.0028834 
-0.00620866 0.00873267 -0.0170599 
0.00461118 -0.0051052 0.0187 
0.00290845 0.0124 -0.00348666 
0.0211393 -0.0109607 -0.00129771 
0.000110358 0.0006491 -0.0144 
0.0099357 0.000805768 0.0190931 
-0.0122338 0.0092 -0.0175554 
0.00276176 -0.008282609999999999 -0.0159 
0.0199524 -0.0121476 -0.0133972 
0.0197271 0.0123729 0.0107987 
0.00701459 0.0124 -0.009673569999999999 
0.00300607 -0.0124 -0.0014137 
-0.00506054 0.0124 -0.0100108 
-0.0147716 0.0121888 0.0151883 
0.0211979 0.0109021 0.0133391 
-0.0221032 -0.0118243 -0.013044 
0.0121545 0.0124 0.0133503 
-0.0172833 -0.009107789999999999 0.0159 
0.009456579999999999 0.00275094 -0.0156 
-0.0227 0.00547605 0.00201071 
-0.00672205 -0.0108062 -0.0159 
0.00629647 -0.00260214 0.0187 
-0.00738022 0.00282738 -0.0176894 
0.0151176 -0.009345269999999999 -0.0156 
-0.0126033 -0.0124 0.0119386 
0.0114609 0.000693153 -0.016892 
0.0161066 0.00689772 0.0144 
-0.000594307 -0.00309127 -0.0157758 
0.00999223 0.00200252 0.0147 
0.009277000000000001 0.00534724 0.0162 
-0.0134801 -0.0124 -0.0023019 
0.0212575 0.0108425 0.0135584 
0.0165505 -0.0013228 0.0144 
-0.000333266 -0.000702028  0.017 
0.00676916 -0.00144971 0.0187 
0.0227 -0.00464807 0.00518069 
0.016397 -0.0124 0.0120752 
0.0227 0.008274770000000001 0.0138575 
-0.0227 0.00123911 -0.00775122 
-0.0103011 -0.0124 0.0121606 
0.00314682 -0.0124 -0.00708072 
-0.0114564 -0.0124 -0.0122206 
0.00104576 -0.0123939 -0.0144229 
0.00150688 -0.00283554 -0.0144 
-0.0184116 0.0124 -0.0139469 
0.009303850000000001 0.0111511 -0.0144 
0.0167696 -0.0016334 -0.0144 
0.00631446 0.0124 0.0121605 
0.009013129999999999 -0.0114813 -0.0144 
-0.020597 -0.0124 0.00633794 
0.0193147 0.00730599 -0.0172208 
0.009222930000000001 0.0124 -0.00381991 
0.0203306 0.00620611 0.0165202 
-0.000343786 -0.009333869999999999 0.0159 
0.0227 0.00887315 0.00719838 
0.00425325 0.00564907 0.0177516 
-0.008584069999999999 -0.0124 -0.0103951 
-0.0216672 0.0121491 -0.00723802 
-0.0209426 0.0103772 -0.0144 
-0.00257124 -0.0124 0.00967407 
0.0227 -0.00744774 0.00706233 
0.0215883 0.0105117 0.0110931 
0.009544169999999999 -0.0084901 -0.0144 
-0.00860205 0.0121591 0.0152991 
-0.0218567 -0.012031 -0.0100614 
0.00095 -0.009993200000000001 -0.0156143 
0.00670206 0.00814381 -0.01642 
-0.0172263 -0.0124 -0.0104654 
-0.008979239999999999 0.0124 0.00198409 
0.00198776 -0.00152153 0.0144913 
-0.00865574 0.0124 0.00284999 
0.021518 0.00346905 -0.0156 
0.0182066 -0.0113096 0.0144 
0.00985248 -0.00324063 -0.0144 
-0.0213311 -0.0120791 -0.0157848 
0.00578106 -0.00135301 0.0187 
-0.00573506 -0.0124 0.00304889 
-0.008921719999999999 -0.0124 0.0102448 
0.0207508 -0.00393808 0.0187 
0.0090703 0.0051008 0.0187 
0.0097026 0.0116226 -0.0144 
0.00754183 -0.00131665 0.0144 
0.00611392 -0.00167013 -0.0177 
-0.00405 -0.00656798 -0.0146357 
-0.00158784 0.0124 -0.0140969 
-0.0227 -0.00777654 -0.00838296 
0.000866382 -0.00115476 -0.0144 
0.008092169999999999 0.00835492 0.0187 
-0.0196539 -0.0124 -0.0111903 
0.0173673 0.00224334 0.0187 
0.00273622 -0.0124 -0.00541708 
0.00411669 0.0124 0.00609064 
0.009508020000000001 0.00401705 -0.0144 
0.00574045 0.00735652 -0.0160327 
0.0191219 0.0124 0.00951663 
-0.0166545 0.00675898 -0.0177 
-0.0227 -0.00170435 0.00462962 
0.0123938 0.00124536 -0.0148959 
-0.00145712 0.00420456 -0.0171279 
0.0144747 0.0124 0.0115791 
0.00468616 -0.00260874 0.0162 
0.00455805 -0.00052306 0.0162 
-0.0214982 0.0122321 -0.0033396 
0.0221781 -0.009921889999999999 -0.00281046 
0.0227 0.007918120000000001 0.00437517 
0.0227 0.00638231 -0.000148465 
0.0227 0.00550553 0.00627796 
0.0168607 -0.00384848 0.0162908 
-0.0227 -0.00336213 0.00362409 
0.00536789 -0.0005905040000000001 0.0162 
-0.0222951 -0.0116034 -0.00771203 
0.011975 -0.0038061 -0.0144 
-0.00766728 0.0124 -0.0129996 
-0.0137031 -0.0124 -0.0103746 
-0.00110017 0.0124 0.00517746 
-0.00938608 0.0124 -0.00935826 
0.0211667 0.000763987 0.0187 
0.00707274 0.00274797 -0.0177 
0.0163053 0.00545007 -0.0175929 
0.008502249999999999 0.0124 0.00833179 
-0.0158756 -0.0124 -0.0094374 
-0.0204518 0.0124 0.00183253 
0.0010592 -0.00474772 -0.0144 
-0.00219602 0.0124 -0.0133921 
-8.567239999999999e-06 0.0124 0.0117072 
-0.0198762 0.0124 -0.00418842 
-0.0185314 -0.00506917 -0.0159 
-0.0205872 0.0124 -0.009459270000000001 
0.0158162 0.00275541 -0.0144 
0.0208461 -0.00549319 0.017322 
-0.0169928 0.009685310000000001 0.0152404 
0.0208555 0.0112445 -0.00201713 
0.0227 0.00747886 -0.0130877 
-0.0151897 0.0092 -0.0168278 
0.0117534 0.00290439 -0.0182275 
0.0117764 -0.0102269 -0.0144 
0.018461 0.00568321 0.017522 
-0.0136755 -0.010152 0.0159 
0.0134189 0.00995571 0.0175838 
0.015237 0.00544795 -0.0177 
-0.00105627 0.0124 -0.00186611 
0.00376563 0.00657059 0.0156268 
0.00728837 0.0124 0.0108171 
0.009385610000000001 -0.000319923 0.0187 
-0.0124139 -0.0111597 -0.0159 
-0.00732467 -0.0124 0.00292177 
0.0025759 0.001159 0.0184587 
-0.0220098 0.0119099 -0.00716579 
-0.012928 0.00234442  0.017 
0.00596205 -0.0124 0.0132166 
-0.0113355 0.0124 0.00914733 
0.0158827 -0.00466457 0.0144 
0.0162546 -0.00531201 -0.0159665 
-0.008107090000000001 0.00999564 0.0159 
0.00120639 0.0048077 -0.0144 
0.0109699 0.008487130000000001 0.0162 
0.00644387 -0.00437057 -0.0173883 
0.00207283 -0.00227446 0.0146621 
0.0227 0.00513371 0.00319172 
-0.00140676 0.00979886 0.0159 
0.0100557 -0.00864066 0.0187 
0.000190309 5.7436e-05  0.017 
-0.0117824 0.000178279 -0.0177 
-0.0227 -0.00107974 -0.0122166 
-0.0180688 0.0124 -0.008568879999999999 
0.0100248 0.00705402 -0.0156 
0.00787941 -0.0124 0.00264206 
0.0227 0.0052243 -0.00533205 
-0.0227 0.00275349 0.0136008 
-0.00703818 0.0124 -0.008748580000000001 
0.0159414 0.0124 0.008645150000000001 
0.0110375 -0.0124 -0.00205481 
0.0191685 0.00235541 0.0144 
-0.00508432 0.0124 0.00604229 
-0.00508845 -0.0121361 -0.0153849 
0.018293 -0.00814757 -0.0156005 
-0.00248696 -0.0124 -0.0127547 
-0.0159904 0.0124 0.00631574 
0.00394547 -0.00213243 0.0162 
0.008861030000000001 0.0124 -0.00466935 
-0.0227 0.00711617 0.0139312 
-0.015185 -0.00282087  0.017 
0.00679122 -0.00271517 -0.0144 
0.0166708 0.0124 0.00647562 
-0.00544867 -0.0124 0.00204375 
-0.0227 0.000353656 0.00175986 
-0.0211424 -0.0123485 -0.0108301 
0.0113038 0.000358938 -0.0154466 
-0.015755 0.0101681 0.0145864 
0.00368778 -0.000956014 0.0144 
0.00847055 0.00199579 0.0157195 
-0.0227 -0.007984460000000001 -0.00989224 
-0.0227 0.00938304 0.00942962 
-0.0227 0.00546105 0.00277633 
-0.0222826 0.0113794 -0.0149146 
-0.0125991 0.00321494  0.017 
-0.0191023 -0.0124 -0.0102405 
0.00724338 0.00660974 0.0144 
0.0169806 -0.008481890000000001 -0.0177 
-0.000880229 0.0124 -0.0133892 
0.0102329 0.0110499 0.0144 
0.015454 0.000523031 -0.014843 
-0.00421665 0.00740933 0.0159 
-0.0214346 -0.0122584 0.00934219 
0.0227 -0.00473375 0.00990126 
-0.015467 -0.007981759999999999 -0.0177 
-0.0227 -0.00140258 0.00421649 
0.0112962 -0.0124 0.010155 
0.0118877 -0.0124 -0.00384746 
0.0224048 -0.009508269999999999 -0.0144 
-0.0141136 -0.00991682 -0.0159 
0.0147744 0.0124 0.00851729 
0.015884 0.00642856 -0.0156 
0.0150552 0.000330093 0.0197638 
0.0205396 -0.0115604 -0.009757160000000001 
-0.0227 -0.00444083 -0.00792756 
-0.00249979 -0.00489 -0.0156849 
0.00263864 -0.0124 -0.0125898 
-0.0168574 0.00899584 0.0159 
0.0136785 0.000415154 -0.0156119 
0.0146077 0.0124 0.000198997 
-0.00875622 0.0124 -0.0140014 
0.0125865 -0.000592182 -0.0144 
0.0187129 -0.00131315 -0.0156 
-0.00870683 0.008806100000000001 -0.0177 
0.000475113 -0.0124 0.008939259999999999 
0.00749236 -0.0107066 -0.0144 
0.00901121 0.00612567 0.0187 
-0.000679374 0.00470884 -0.0164731 
0.015145 -0.00762484 0.0162 
0.00360096 -0.0124 -0.00814202 
0.008798800000000001 0.0124 0.00328721 
0.0156767 0.0124 -0.008298460000000001 
0.0065406 -0.00349814 -0.0177 
-0.0227 -0.00260462 -0.000448667 
-0.0084419 -0.0124 -0.009317789999999999 
0.0018525 -0.0123005 0.0147713 
0.0168523 -0.00284117 0.0144 
0.0150573 0.0124 -0.008330860000000001 
0.00690786 -0.0124 0.0103018 
0.0184318 -0.00224931 -0.0177 
0.0227 0.00141945 -0.008563110000000001 
-0.0150497 0.011917 0.0159 
0.0110059 -0.0124 0.013707 
0.0187609 0.0113599 0.0144 
0.00972308 0.0124 0.0143537 
0.0211295 -0.0109705 -0.00111653 
0.0115509 0.00726279 -0.0177 
0.0157031 -0.0124 0.0138813 
0.0188099 0.00707688 -0.0156 
-0.0115728 0.0124 -0.00598996 
-0.008430099999999999 0.009394909999999999 -0.0159 
0.0227 0.0080316 -0.00715486 
0.00618654 5.8725e-05 0.0144 
-0.0132719 -0.0124 -0.00672748 
-0.00138043 0.00618535 -0.0189564 
0.0121848 0.0124 0.00602109 
8.686350000000001e-05 0.0124 -0.00769258 
-0.00479176 0.00256888  0.017 
0.00550737 0.00538872 -0.0156 
0.0146488 0.00995507 -0.0144 
-0.0162012 -0.0124 0.00223903 
0.0018099 0.00431747  0.017 
0.017858 0.0124 -0.00181806 
0.0227 -0.0059116 0.0075831 
0.0114359 -0.000653876 -0.0168451 
0.0227 -0.00443354 0.0101079 
0.00878254 0.00515709 -0.0159569 
0.0020647 -0.0124 0.000293943 
-0.008190680000000001 0.00703863 -0.0177 
0.0224476 -0.009652350000000001 0.00749056 
-0.0125778 0.00921929 -0.0159 
-0.00269898 0.0122532 -0.0149479 
0.0227 0.00440515 -0.00306114 
-0.00297056 -0.0106264 -0.0159 
0.0151528 -0.009372419999999999 0.0187 
0.0170176 -0.0124 0.0105825 
0.0186961 0.00486515 0.0172511 
-0.00166896 0.0117758 -0.0159 
0.0176364 0.00347958 -0.0144 
-0.008482699999999999 0.00772834 -0.0177 
-0.0195448 0.0124 -0.012169 
0.00969806 -0.0124 -0.00476173 
-0.0203413 -0.0119671 0.0144 
-0.00135055 -0.00422091 -0.0182892 
-0.00641076 0.0124 -0.00837999 
0.0146442 0.00154243 -0.0183 
-0.0190972 0.0124 -0.00427225 
0.0109593 0.0124 0.014139 
0.0218456 -0.0102544 -0.0107947 
-0.00927209 0.0124 0.00437835 
-0.013906 0.0105309 0.0159 
0.00854736 -0.00917638 0.0186969 
0.008410279999999999 -0.00383347 0.0162 
0.0203229 -0.0117771 0.00379943 
0.00876596 -0.007913089999999999 -0.0156 
0.0227 0.00637823 0.00322359 
-0.017272 -0.0124 -0.00398352 
-0.0159166 -0.0124 0.0110128 
-0.0227 0.0034918 0.00685551 
-0.0227 0.00952007 -0.00484092 
-0.0227 0.0037633 -0.0021143 
0.016598 -0.00210603 -0.0177 
0.0227 -0.00422028 -0.0068418 
0.0158028 0.0124 -0.00326492 
-0.00469722 0.0124 0.00778398 
0.0125254 -0.00590038 0.0187 
0.0176566 0.0124 0.0130607 
-0.00818782 0.0123133 -0.0147234 
-0.00922041 -0.0124 0.00277289 
0.0194236 0.00444824 0.0187 
0.019644 -0.00699152 0.0177265 
0.000807177 0.0124 -0.0130335 
0.010092 -0.0124 -0.00744 
0.00692893 0.0124 -0.0137121 
-0.0217531 -0.00179069  0.017 
0.0140747 0.00897685 -0.0156 
-0.0165096 0.00348837 -0.0177 
0.0210541 -0.0110459 0.0135408 
0.00980497 0.00187584 0.0187 
-0.00113127 0.00850792 -0.0148442 
-0.008118530000000001 0.0124 0.00624745 
-0.0227 0.00206874 -0.0024588 
0.0087273 -0.00452994 -0.016414 
-0.0227 0.00275734 0.009513799999999999 
0.00933427 0.00565006 -0.0177 
-2.12966e-05 0.0124 -0.00353245 
0.0103503 0.0105937 0.0144 
-0.0005996349999999999 0.00489183 -0.0172941 
-0.022034 -0.0118877 -0.00721651 
-0.0224729 -0.00536192 0.0152477 
-0.0222231 -0.0116954 0.008381649999999999 
0.0187285 -0.000868171 -0.0144 
0.0182441 -0.001984 -0.0144 
0.00504911 0.0124 -0.00982648 
0.0094787 0.000216996 -0.0144 
0.009143490000000001 0.0116668 0.0144 
-0.0227 -0.00113495 0.00574461 
0.0224557 -0.000918738 0.0163661 
0.0227 0.000732264 0.00548403 
-0.0207079 0.008399999999999999 0.0151377 
-0.0227 0.000201366 -0.00654794 
0.0227 0.00584256 3.25781e-05 
-0.0183426 0.0124 -0.0111252 
-0.0227 -0.00480235 0.0131486 
-0.0059126 -0.00518193 -0.0169008 
-0.0227 -0.009584290000000001 -0.00745092 
-0.020861 0.000987204 -0.0159 
-0.003546 0.0124 -0.0123558 
-0.0213574 0.0120635 -0.0158938 
0.0137024 -0.0124 -0.0125217 
-0.00177748 -0.009185219999999999 0.0159 
0.0208892 -0.00542554 -0.0174664 
0.0102982 -0.0124 -0.00589192 
0.00718088 0.00621491 0.0162 
0.018698 -0.00498879 0.0183067 
-0.0227 -0.0041709 -0.0125427 
-0.0102848 -0.0124 -0.011623 
0.0136854 -0.00963381 0.0162 
0.0142433 -0.0124 -0.00193273 
-0.0227 0.008899570000000001 -0.0110782 
0.0184626 -0.00285974 -0.0156 
0.0192845 0.00405041 -0.0156 
-0.0161321 0.00906298 -0.0177 
0.009508519999999999 0.000195174 -0.0178058 
-0.0164146 0.008587620000000001 -0.0177 
0.0156347 -0.0124 0.00779103 
-0.0215599 -0.012205 0.0138922 
0.0137395 0.0124 0.00620829 
-0.0160579 0.00964479 0.0148734 
0.000314581 0.00720002 0.0159 
0.0139763 -0.00261043 -0.0181815 
-0.00635417 0.0124 0.00529222 
-0.014769 -0.00824138 0.0159 
0.0227 -0.00747686 0.00566769 
0.0227 0.00460719 0.008039879999999999 
0.0157819 -0.00540283 -0.0156 
-0.0200945 -0.00775783 -0.0159 
-0.0227 -0.00377059 -0.0106089 
-0.0227 0.00412411 0.0138156 
-0.0157864 0.0124 -0.00908253 
0.0152429 -0.00806985 -0.0144 
-0.0215101 0.0122272 0.00777932 
-0.00947662 0.00523217 -0.0177 
0.0105239 -0.0124 -0.00540796 
0.0227 -0.00864407 0.0126133 
0.0158322 0.0124 0.00897214 
0.000255422 0.0124 0.0106864 
-0.0138919 -0.00377525 -0.0177 
-0.009962449999999999 0.0124 -0.0138308 
-0.0158927 -0.00306992 -0.0177 
0.0102255 -0.00960482 0.0162 
-0.0196741 0.010662 -0.0154927 
0.00858718 -0.00425316 -0.0173492 
-0.0227 0.00166729 -0.00388478 
-0.0227 0.00235322 -0.00185507 
-0.0227 0.00204118 0.0026255 
0.0101189 -0.00587755 -0.0144 
0.00933586 2.80448e-05 0.0144 
0.00357055 -0.00378445 -0.0156 
-6.8536e-05 -0.0124 -0.00998809 
-0.0209826 -0.0123781 -0.000989841 
0.00795481 0.00376789 -0.0164933 
-0.0225566 0.011139 -0.000920143 
-0.00156156 0.0037995 -0.0171696 
0.0143681 0.0124 0.000726473 
-0.00893792 -0.0124 0.01341 
-0.0219523 0.0119576 -0.00186979 
0.00882464 0.009291239999999999 0.0170622 
0.0047891 0.0029759 0.0187 
0.0155448 0.0124 -0.009125390000000001 
0.0159177 0.0122261 0.0144 
-0.0158517 0.00939678 -0.0159 
-0.000959656 0.00199371 -0.0148184 
0.0138056 -0.0027055 -0.0144 
-0.0169707 0.0124 0.0106733 
0.00681263 0.00366724 -0.0144 
0.0148102 -0.00562506 -0.0177 
0.009748400000000001 0.00960774 -0.0171054 
0.0195694 0.00288623 -0.0177 
0.00581538 -0.00219567 0.0187 
-0.0195 -0.0100748 0.0154105 
0.00255499 -0.00473912 -0.0144 
-0.000522094 0.0101 -0.0146238 
-0.00739455 -0.00350635 -0.0176971 
0.0227 -0.000973788 0.0118497 
0.00323799 0.011194 -0.0159 
-0.0156167 -0.0124 0.009987640000000001 
0.013783 -0.0124 0.009788140000000001 
-0.00326614 -0.0124 0.0118205 
-0.0122574 0.0124 0.0115197 
-0.0215765 0.00185676 -0.0159 
-0.00833064 0.000663727  0.017 
0.0123735 -0.00725509 -0.0156 
0.0138112 -0.008162630000000001 0.0162 
-0.0110672  0.007 0.0166489 
0.0227 -0.00114025 -0.011795 
0.0202703 -0.0118297 -0.00543335 
-0.00131222 -0.00182941 -0.0169705 
-0.0197991 0.009692660000000001 -0.0148147 
-0.00357349 0.00250789 -0.0144 
0.00111305 0.0095297 0.0159 
0.0176959 0.008438879999999999 -0.0156 
0.0193244 0.01161 -0.0144 
-0.0108578 -0.00234841  0.017 
-0.0196746 -0.0105 0.0151816 
0.00530344 0.0124 0.0143885 
-0.0223865 0.0114715 -0.00422972 
-0.0194143 -0.00979676 0.0157603 
0.0130254 0.00630319 0.0144 
-0.00330002 0.0124 0.00849777 
0.0227 -0.00679916 -0.00205041 
-0.0201979 -0.00326632  0.017 
0.0164879 -0.0124 -0.0119949 
0.0135245 0.0075175 -0.0177 
-0.00372244 -0.0124 0.008447440000000001 
0.0188809 -0.00567474 -0.0177 
-0.0111633 -0.00666 -0.0177 
0.00428923 -0.0124 0.00358086 
0.0173139 0.00875714 0.0183569 
-0.0227 0.00628744 -0.0138957 
-0.0198566 0.00917693 -0.0159 
0.00988263 -0.0124 -0.0137093 
-0.00226971 -0.0124 0.00225576 
-0.00519724 -0.00357948 -0.0165164 
-0.0227 0.0076685 -0.00608448 
0.00687033 -0.0118451 -0.0159 
-0.0018595 0.00185005 -0.0166453 
0.0170536 -0.0124 -0.0120282 
-0.0033367 0.0124 5.40973e-05 
-0.0208305 -0.008399999999999999 0.0148718 
0.00468229 0.00209158 0.0162 
-0.00747886 0.0124 0.0133748 
0.0140542 0.009460720000000001 0.0162 
-0.0131191 -0.0092 -0.0169983 
0.0226166 -0.00932385 0.0144 
0.0201108 0.00416744 -0.0156 
0.00719253 -0.0058131 -0.0144 
0.0101234 -0.00143268 0.0144 
0.0208298 0.00481324 0.0144 
-0.00405 0.00332551 -0.0151567 
-0.00236708 0.0105184 0.0159 
-0.00183513 0.0124 0.00155939 
0.008429799999999999 0.00208315 -0.0144 
-0.0227 0.00938771 0.009550579999999999 
0.020437 0.011663 -0.00764672 
0.0122761 0.0124 0.00180466 
-0.0149041 0.00443686 -0.0177 
-0.0110886 0.000190816 -0.0177 
0.0220807 -0.0100193 -0.00985841 
0.0227 -0.009142229999999999 0.0127908 
-0.0227 -0.0012845 -0.00212938 
-0.0226283 -0.0109289 -0.00308774 
-0.0166743 0.00427241 -0.0177 
0.0116077 -0.0124 0.00496543 
0.0227 0.00411824 -0.00152876 
0.014055 0.0124 -0.00290248 
-0.0168417 -0.0124 0.00325974 
0.0146948 -0.0123519 -0.0144 
-0.0227 -0.00266757 -0.000240728 
-0.0166321 0.011034 0.0159 
0.0143629 0.00982004 0.0164391 
0.00566741 -0.0072896 0.0183535 
-0.00217031 -0.0124 -0.00636672 
-0.0171631 -0.0124 0.00918424 
0.00446971 -0.00568882 0.0162 
0.015112 0.00965185 -0.0168995 
0.0148604 -0.00245142 0.0144 
-0.0193383 -0.0112096 0.0155055 
0.0106459 0.0114713 0.0144 
0.0227 0.00423133 0.00809785 
0.00759125 0.00822612 -0.0156 
0.0227 -0.000486316 -0.00372238 
0.0227 0.000467124 -0.00196894 
0.0126664 0.00857276 0.0144 
-0.0134485 0.0124 0.000617079 
-0.0150238 -0.0124 -0.0102759 
-0.008821570000000001 -0.0124 -0.0138901 
0.0227 -0.00449487 0.00121124 
0.008221259999999999 -0.0124 -0.00875854 
0.00378996 0.0124 0.0113787 
0.00837512 0.0071383 0.0162 
0.0227 -0.009322850000000001 6.7655e-05 
0.0155919 0.0124 0.0143175 
-0.0227 -0.0028499 -0.00278049 
-0.0167287 -0.0009506439999999999 -0.0177 
0.000892829 -0.0124 -0.009349089999999999 
0.02148 -0.01062 -0.00268627 
0.019186 0.009385070000000001 0.0144 
0.009331239999999999 -0.0124 0.0117193 
0.00530182 0.0124 0.008097200000000001 
0.009394929999999999 -0.00298137 -0.0156 
-0.0224572 -0.0113518 0.0128012 
0.00591535 -0.0122767 -0.0148602 
-0.00196243 -0.00371053 -0.0151272 
0.00467189 0.00908084 -0.0159 
-0.00777399 -0.0124 -0.0119896 
0.0173294 0.00439103 -0.0144 
0.0109693 -0.009875180000000001 0.0170955 
0.0179586 -0.0108196 0.0144 
-0.00656962 0.0124 0.00681716 
0.0179662 -0.00708504 0.0144 
-0.00165563 -0.0124 0.00539475 
-0.00741067 -0.0111521 0.0159 
-0.0134733 0.00066237 -0.0177 
0.0039544 -0.0124 -0.00144578 
0.0154875 0.000269341 -0.0181608 
0.00340151 0.0028323 0.0162 
-0.0227 0.00298582 -0.00438377 
-0.022006 -0.00709801 -0.0159 
0.00879751 -0.00501259 -0.0176936 
-0.0167245 0.0124 0.0025341 
0.009114479999999999 -0.00191086 0.0144 
-0.0118159 -0.0124 -0.0053445 
0.0227 0.0088675 -0.0111734 
0.0155262 -0.000233987 0.0147 
-0.0184535 0.0124 0.0050491 
0.00526552 0.00166909 0.0162 
0.0227 0.00695015 -0.00461522 
0.00791437 -0.00764835 -0.0144 
0.0227 -0.00531084 0.00204094 
-0.00751069 0.00580445  0.017 
0.0136456 0.00695148 -0.0156 
-0.00203837 0.00480038  0.017 
0.0203952 0.00580241 -0.0144 
0.0158001 -0.0124 0.0112794 
0.008189729999999999 0.0124 0.00315439 
-0.0227 0.00638512 -0.00129745 
-0.0119781 0.0119852 -0.0159 
0.0227 -0.000830986 -0.000435179 
-0.0137711 0.008316809999999999 -0.0177 
-0.0222764 -0.00949681 0.0152518 
0.00317059 0.0124 0.009607660000000001 
-0.0227 -0.00602739 0.008760560000000001 
0.00480953 -0.0049835 0.0162 
-0.00454488 0.0121081 -0.0154894 
0.00746659 0.010114 -0.0144 
0.0157389 -0.0124 0.000924431 
-0.00584044 -0.0124 -0.00964192 
0.008662370000000001 -0.00438159 0.0167544 
-0.00177234 0.00662599 -0.0172897 
0.0212418 -0.0108582 0.000211152 
-0.00497786 0.0124 0.0070694 
-0.0028221 -0.00190597 -0.0144 
-0.0124178 0.0092 -0.0169301 
-0.00117869 -0.0101 -0.0154873 
0.0165428 -0.00386247 -0.0156 
-0.0211563 0.0123455 0.00962184 
-0.00540775 -0.009718330000000001 -0.0159 
-0.00123737 0.009670059999999999 0.0159 
-0.000553391 0.00767767 -0.0191116 
0.021364 -0.00425265 0.0187 
0.00531407 -0.00643903 -0.0156 
0.00171561 0.0032419 0.0168629 
0.00583013 -0.0037457 0.0144 
-0.0227 0.00532498 -0.00453848 
0.0109946 -0.0118364 0.0144 
0.018724 0.00123478 -0.0144 
-0.0189772 -0.00699861  0.017 
0.0122975 0.00736433 -0.0177 
0.0163096 0.00443911 -0.0156905 
0.0227 0.00714616 0.00540597 
0.0199583 -2.54055e-05 -0.0156 
0.0227 0.000537418 0.00776475 
-0.0168361 -0.0106671 0.0144 
0.0112217 0.0124 -0.00911206 
-0.0180862 -0.0122295 -0.0150364 
0.0227 -0.00609911 -0.00368799 
-0.0083395 0.0124 0.00352331 
-0.0227 -0.00792912 0.00950909 
0.000194228 -0.0106056 -0.0159 
0.022468 -0.000733074 0.0186402 
0.0178562 0.0124 -0.00477093 
0.0214325 -0.0106675 -0.0140399 
0.00297751 -0.000348825 0.0187 
0.0126864 -0.00299186 -0.0149903 
-0.0160976 0.00889379 -0.0177 
0.0175593 0.009268820000000001 -0.0144 
-0.0174 -0.00658877 -0.0168594 
0.0227 0.00397757 -0.00544176 
0.00635777 -0.00787963 -0.0172611 
-0.0103142 -0.0124 0.009386439999999999 
0.0154952 -0.000110441 -0.0179173 
-0.019187 -0.0124 -0.00409423 
-0.0227 0.00175166 0.00246419 
-0.0150947 0.00266184 -0.0177 
-0.0193448 0.008618880000000001 0.0159 
0.0117 0.00253157 0.0194857 
-0.0227 -0.00628452 -0.00731823 
-0.0227 0.000169788 -0.000157769 
-0.0109261 0.0124 0.00273125 
-0.000842908 -0.008307119999999999 -0.0183156 
0.0217017 -0.0103983 -0.00422141 
-0.00704364 0.0124 0.00401095 
-0.00405 -0.00537854 -0.0154101 
-0.020479 0.000356763 -0.0159 
-0.0209256 0.0123856 0.0128723 
-0.00880152 0.0120307 -0.0157782 
-0.0227 0.0025708 0.00795887 
-0.00872328 -0.0124 0.008638689999999999 
-0.0139209 0.0092 -0.0176137 
0.0031457 0.0124 -0.0129673 
0.0030817 -0.00260425 0.0162 
0.00755829 0.0124 0.0100052 
-0.0136253 -0.0124 -0.0134155 
-0.0181548 -0.00693932  0.017 
0.015165 -0.0124 0.009776139999999999 
0.00600527 0.000582552 -0.0177 
0.0216574 0.0104426 -0.00431902 
0.0227 0.00616683 0.00451727 
-0.00715531 -0.0124 0.00366964 
0.0169846 -0.000352872 0.0159715 
0.0134783 0.00651449 0.0162 
-0.00888546 -0.00643814  0.017 
0.00454749 0.00781043 -0.0159 
-0.0202677 -0.0103182 0.0144323 
-0.0227 -0.00380239 0.00708625 
-0.0208278 0.0123944 -0.0130189 
0.0119062 -0.0010988 -0.0173154 
-0.0113674 -0.009585959999999999 -0.0159 
0.00846615 -0.0124 0.009783210000000001 
0.00322606 0.0124 0.0137829 
-0.018699 0.0124 -0.0109005 
0.0138278 0.0124 -0.00134967 
0.0169842 0.0124 -0.00337933 
0.0193346 -0.0063785 -0.0177 
0.0188539 -0.00945797 -0.0144 
0.0104044 -0.0124 0.00330116 
-0.00587982 -0.008785569999999999 0.0159 
0.00652684 -0.00633189 -0.0156 
-0.00493452 0.0124 -0.00825948 
0.0132471 -0.00820191 -0.0156 
0.0143071 -0.0124 -0.0049696 
0.0177222 0.008518710000000001 0.0181756 
-0.0134062 -0.0124 -0.00497883 
0.00439199 0.0124 0.00015803 
0.00568052 0.00642989 -0.0177 
-0.0013525 0.00214832 -0.0194 
0.0227 0.00479015 0.0113115 
0.0154701 -0.00919068 0.0162 
-0.0227 -0.00991236 -0.012633 
0.0207723 0.0113277 -0.00225462 
-0.0169684 0.00304042  0.017 
0.0179574 -0.00368431 -0.0144 
-0.008242559999999999 0.00437974  0.017 
0.00635444 0.0124 0.006899 
0.008708789999999999 0.00541609 0.0184969 
0.0141291 0.0124 0.008657649999999999 
0.014434 -0.00792092 -0.0177 
-0.0204097 0.0023208  0.017 
0.00945936 0.00195173 0.0144 
0.00959349 0.0034344 0.0147121 
0.008435639999999999 0.00392114 0.0162 
0.00476738 -0.0124 -0.000286016 
0.00700004 0.0124 -0.00191957 
0.00355921 -0.0124 0.00774987 
0.0191855 0.00559624 -0.0156 
-0.0183464 0.00545785  0.017 
-0.021162 -0.0031043  0.017 
-0.000325104 -0.00886223 0.0159 
0.00528199 0.008092739999999999 -0.0153083 
0.0110681 -0.00718817 0.0187 
0.00433082 0.00150203 -0.0156 
0.0114975 0.0124 -0.00243167 
0.0192727 0.0124 -0.0140782 
0.009664519999999999 0.000200614 -0.0183 
0.00484048 0.00283359 0.0187 
0.0161994 -0.0112214 0.0144 
0.0104152 0.00760491 -0.0177 
0.0192125 -0.0124 -0.00875182 
-0.000269616 0.0124 0.013838 
0.00328661 0.00146846 0.0144 
-0.00125044 0.008725409999999999 0.0159 
-0.0176473 -0.00517032 -0.0159 
0.0154043 -0.00343643 0.0155303 
0.018205 -0.00984782 -0.0144 
0.0117877 0.008211359999999999 0.0187 
0.00151084 0.00946522 0.0159 
0.0109512 -0.0124 0.00670942 
0.0116593 -0.00406912 -0.0177 
0.0173148 0.000541101 0.0162 
0.0166334 0.0124 -0.008975540000000001 
0.0073068 0.0124 -0.0069374 
0.0215745 -0.0105255 0.00726963 
0.00939474 0.00129131 -0.0177 
0.0100966 -0.00392111 -0.0156 
-0.0150096 0.0124 0.0056925 
-0.00324225 -0.007871329999999999 0.0159 
0.00485414 0.00488135 0.0187 
-0.0211908 -0.0123378 -0.0106899 
-0.00909333 0.0124 0.0109827 
0.0189436 -0.00810906 -0.0144 
-0.0227 0.00262447 0.008592259999999999 
-0.0152503 -0.00361025 -0.0177 
0.00557167 -0.000190241 -0.0156 
0.0028602 -0.008128099999999999 0.0159 
0.00751968 -0.00116725 0.0144 
-0.0131421 0.00847259 -0.0177 
-0.0227 0.00408792 0.0137846 
-0.0117476 0.0123962 0.0144142 
-0.00478646 0.0124 0.00233428 
0.0109491 0.00701081 -0.0156 
-0.00779447 0.0124 -0.0049337 
0.020787 -0.011313 -0.0065893 
-0.00547716 -0.00657047  0.017 
0.00240257 0.00940379 -0.0159 
0.00566836 -0.0045677 -0.0156 
-0.0227 -0.008560989999999999 -0.00773211 
0.000964131 0.0065 -0.0149848 
0.008239939999999999 0.000845769 0.0187 
0.00179185 0.0124 0.00917288 
-0.0191453 0.012277 -0.0148589 
0.0227 -0.00598999 -0.0124757 
0.008002530000000001 -0.0124 -0.0115928 
0.0227 0.00731021 0.0010716 
0.014952 0.008433329999999999 0.0187 
0.0179108 -0.0124 0.000147869 
0.0169105 -0.0008767580000000001 0.0149703 
0.00362827 0.0124 0.00686153 
0.0171876 -0.00138477 0.0187 
0.00300249 0.00530737 0.0154685 
0.0225856 -0.009514389999999999 0.00763113 
0.000757796 -0.0124 -0.00320907 
0.00519206 -0.0121158 0.0154605 
0.0227 0.008156500000000001 0.0075641 
-0.0149021 0.00780126 0.0159 
-0.000559023 0.0124 0.00870253 
0.0185062 0.00712084 0.0187 
0.0148965 -0.00970176 -0.015993 
0.0119968 0.0117997 -0.0144 
0.0128599 0.00670544 -0.0156 
-0.0155973 -0.0110003 -0.0159 
0.0227 -0.000545563 -0.00765412 
0.02237 0.00776843 -0.0144 
-0.00202763 -0.0034752 -0.0194 
0.0205044 -0.0115956 0.0013964 
0.00346048 0.0083354 0.0159 
0.00601936 0.000737373 0.0187 
-0.0128627 -0.00670003 -0.0177 
-0.008076359999999999 0.0124 -0.00616841 
0.0114635 -0.00994023 -0.0156821 
0.00773568 -0.00118081 -0.0156 
0.0183557 -0.0124 0.0122151 
-0.0159159 -0.0124 -0.0131629 
0.0165522 0.009843630000000001 0.0144 
-0.00198162 0.000224728 -0.0144 
-0.0224701 0.0113269 0.00477456 
0.0117482 -0.0124 0.0096477 
0.0160626 -0.009769709999999999 0.0144 
-0.0179068 0.00717371 0.0159 
-0.0210255 -0.008181020000000001 -0.0159 
-0.0156584 -0.0124 0.0115553 
0.0184022 0.0048755 -0.0144 
-0.00695536 -0.0124 -0.0102003 
-0.0046144 0.0124 -0.0124683 
0.009479889999999999 -0.0124 -0.000550941 
0.0144846 0.0116024 0.0144 
0.0112714 0.009115120000000001 0.0144 
0.0206652 0.00463192 0.0162 
0.009094079999999999 0.00764375 0.0144 
0.008656540000000001 0.0124 -0.00459239 
0.0196971 0.0124 -0.00121793 
0.0227 -0.0037723 0.0056608 
0.0141394 6.6416e-05 0.0200373 
-0.0201007 -0.00402469  0.017 
-0.0210208 0.0123731 -0.00457081 
0.00266673 0.0124 0.00237269 
0.00230983 -0.0124 0.0143826 
0.0183608 -0.0124 -0.00345234 
-0.0227 -0.00227561 0.0113621 
0.0183806 -0.00411714 0.0172039 
-0.0227 0.00837135 -0.0137189 
0.0117798 -0.0064056 0.0162 
0.0179685 -0.0124 -0.00505985 
0.0103899 -0.00213162 -0.0149434 
-0.000668036 0.00713062 -0.0158138 
-0.0227 0.00718566 0.00927559 
-0.0177956 -0.0124 -0.00930155 
0.0007326360000000001 -0.0124 -0.011213 
0.0119168 0.009451599999999999 0.0162 
0.00055753  0.007 0.0161024 
-0.00781192 -0.00878139 0.0159 
0.00718087 -0.0124 -0.00805877 
-0.000693053 0.00228575 -0.0188832 
0.0186775 -0.00518167 0.0183141 
0.0191116 0.00190509 -0.0144 
0.00807506 0.0026021 0.0144 
0.00942929 0.00567102 -0.0144 
0.0166459 0.00886846 0.0162 
0.011402 0.00332436 -0.0156 
-0.0152 -0.0124 -0.00235326 
0.00614851 -0.00701986 0.0144 
0.0190914 0.00361563 0.0162 
0.00491297 0.006508 -0.0169131 
0.0227 -0.000190611 0.00247327 
-0.00366455 -0.0124 0.00357776 
-0.00264084 0.00692802 -0.0144 
0.00847607 -0.0124 0.000721172 
-0.0227 -0.00561282 -0.0121984 
0.008916250000000001 0.0124 -0.00304591 
-0.0169809 0.00707985 0.0159 
-0.0222769 -0.0116272 -0.00292678 
0.0121001 0.00265608 0.0191906 
-0.008408189999999999 0.0124 0.00256765 
-0.0227 0.00310701 0.0140439 
0.0207319 0.0113681 0.0114728 
0.0204369 -0.00306191 0.0187 
-0.0027056 -0.0053405 -0.0144 
0.0061174 -0.0124 0.00290099 
0.0222735 -0.00262695 -0.0144 
-0.009072739999999999 0.0124 -0.00184699 
-0.016099 -0.0124 0.0116254 
0.0151774 4.49992e-05 0.0193117 
0.008372589999999999 -0.00178343 0.0150055 
0.00371948 0.0124 0.00159327 
-0.0110233 -0.0124 -0.00341843 
-0.0124261 -0.00450096 -0.0177 
0.009756900000000001 -0.00594525 0.0162 
-0.0224105 0.0114338 -0.00485463 
0.00414734 0.00548282 0.0167866 
0.0194951 0.00190336 -0.0177 
0.0155369 -0.00769457 -0.0156 
-0.0220652 0.00912579 -0.0159 
-0.0227 0.00243519 -0.00483391 
0.0153643 -0.0069543 -0.0144 
0.0227 0.00406156 -0.0133644 
-0.0174937 -0.0124 0.00229509 
-0.00856459 -0.007 0.0166736 
-0.000883852 -0.00354464 -0.0162117 
-0.00544465 0.0124 -0.00648967 
0.0185112 -0.00517536 -0.0144 
0.0180559 0.0124 0.0116733 
-0.0202664 -0.0124 0.0100397 
0.0196424 -0.0124 0.0116375 
-0.0213457 -0.0113396 0.015788 
0.0207999 -0.00525075 0.0162 
0.0193948 0.0124 0.00933022 
0.000304125 -0.0124 0.00352927 
0.0107367 -0.0108294 -0.0144 
-0.016674 0.0124 -0.0140215 
0.008039030000000001 -0.0124 -0.0105107 
-0.00654378 0.0124 -0.008625519999999999 
-0.0196476 0.00863598 -0.0159 
0.0173653 -0.00619606 0.016778 
-0.012631 0.00870101 -0.0177 
0.013552 0.0124 0.00373956 
-0.0227 0.00567657 -0.00579907 
0.0179875 0.00503879 0.0144 
-0.02045 -0.009512110000000001 0.0153516 
0.00305593 0.0020567 0.0144 
-0.0227 0.00211631 0.0108597 
0.00569216 -0.0124 0.00741534 
0.0227 -0.00267421 -0.00842938 
-0.0227 -0.00612256 -0.0117206 
0.00618865 0.00705484 -0.0156 
-0.000805586 -0.00453361 -0.0183576 
-0.000361698 0.00621628 -0.0144 
-0.00248972 0.00794193 -0.019239 
0.00400814 -8.891369999999999e-07 -0.0144 
-0.0117967 -0.00718724 -0.0177 
-0.0186203 0.00242651  0.017 
-0.00117586 0.00187361 -0.0155508 
0.0194702 0.0124 0.0064366 
0.0117324 -0.0124 0.0107703 
0.0184607 0.008018900000000001 0.0184209 
0.0108751 0.009464449999999999 0.0162 
-0.0227 -0.00260633 0.00277787 
0.00851971 0.00689891 0.0187 
0.0227 0.00663042 -0.000854245 
-0.0037567 -0.0101 -0.0158707 
0.0175319 -0.00791149 0.0162 
0.0190846 -0.00328291 -0.0144 
0.0227 -0.00149945 -0.013555 
0.0182986 0.0124 -0.0129479 
-0.00280802 -0.012028 0.0157883 
0.00427772 -0.0010289 0.0187 
-0.0160854 0.00685635  0.017 
0.0118484 0.0124 -0.00681585 
0.0126892 -0.00123468 -0.0145015 
-0.0224275 0.0105226 0.0149404 
-0.0218629 0.0106714 -0.0159 
0.019886 -0.012214 -0.0129768 
-0.0213862 -0.0122785 0.00228644 
0.0227 0.002774 -0.0102554 
0.0227 0.00667223 0.00721558 
-0.0131028 -0.0118246 -0.0159 
0.00663468 -0.00402535 0.0162 
0.015133 -0.0107207 -0.0144 
0.0213437 -0.00371383 0.0162 
-0.0023063 0.0108014 0.0159 
-0.00249606 0.00247818 -0.0154408 
-0.0227 -0.00929631 0.0111835 
0.00603081 -0.0124 0.00233125 
0.00591819 0.00403786 -0.0144 
-0.0222479 -0.010459 0.0156342 
0.0164761 0.0124 0.0032359 
0.00242014 0.00471758 0.016396 
-0.01175 -0.00151177 -0.0177 
0.0189786 -0.0124 0.00313627 
0.0202411 -0.00544723 -0.0156 
-0.0187 -0.0115587 0.0153823 
0.00109915 0.0124 -0.00815839 
-0.0162806 0.0124 -0.00729361 
-0.0227 0.00849197 0.0131262 
0.00166724 0.0124 -0.00404163 
-0.0168856 -0.0124 -0.00151473 
0.00288644 -0.0027392 0.0177337 
-0.00774767 0.0124 -0.0105894 
0.0179296 -0.00438678 -0.0144 
0.0143674 -0.0043482 -0.0177 
-0.00909858 0.00806399 0.0159 
0.00301651 -0.0124 0.0105182 
0.00994163 0.0124 0.0118964 
-0.00129718 -0.0107325 0.0159 
0.0175726 -0.0124 0.009272799999999999 
-0.000215808 -0.0124 -0.008332819999999999 
-0.00293349 0.00880475 0.0159 
0.00307353 0.0124 -0.00298516 
0.00421983 -0.0113719 0.0159 
0.0147866 0.00767455 -0.0177 
-0.00132746 0.0124 0.00896607 
-0.010198 0.0124 -0.00317259 
-0.0149467 -0.0124 0.013961 
0.00887343 0.00545384 -0.0177 
0.00609877 0.00203001 0.0162 
-0.0227 0.00467628 -0.0115934 
-0.0225084 -0.0112534 -0.00285872 
0.00108554 -0.0124 0.00738666 
0.00945526 -0.00528624 0.0162 
0.0117968 -0.00235118 -0.0183 
0.00597974 0.0124 -0.0104324 
0.0136516 0.0124 0.00534209 
0.00511773 -0.000367487 0.0187 
0.00095 -0.00732714 -0.0154445 
-0.000177151 -0.0064364  0.017 
-0.0107507 0.0118879 0.0159 
-0.0227 -0.00514108 0.0119394 
0.0177006 0.00482496 0.0144 
0.0227 0.009030959999999999 -0.00475412 
0.0147901 0.00781277 -0.0156 
0.00496955 0.00178225 0.0162 
0.0108608 -0.0124 -0.00556527 
0.009883899999999999 0.00592967 0.0144 
0.00428376 0.0109947 -0.0154438 
0.0115651 0.00356459 0.0144 
-0.000442062 -0.0124 -0.000848751 
0.0178605 -0.00664345 0.0162 
-0.0100124 -0.0124 0.00238606 
0.022118 0.00351159 -0.0144 
0.008825929999999999 -3.40428e-05 0.0144 
-0.0224532 -0.0113593 -0.000700574 
-0.0155608 -0.0124 0.00551549 
-0.0129736 0.000174213  0.017 
-0.008465169999999999 0.0018476 -0.0177 
0.000925877 -0.009385269999999999 -0.0144 
-0.0019784 -0.0085033 -0.0149358 
0.000527731 -0.0124 0.0110438 
0.00870074 0.00543552 0.0170931 
-0.0009802439999999999 0.00677841 -0.0160292 
0.00988808 0.000654038 0.0189423 
0.00865667 -0.00802289 -0.0156 
-0.021184 0.008399999999999999 0.0154633 
0.00394455 0.0110506 -0.0159 
-0.0124226 0.0113273 0.0159 
0.0227 0.00688455 -0.0115838 
0.0186688 -0.00522055 0.0181918 
-0.00549116 -0.0124 0.0128663 
0.0107285 -0.0124 -0.00980441 
-0.00760832 0.0124 -0.00161464 
-0.0148632 -0.0124 -0.0129242 
-0.0155028 0.00539943 -0.0177 
0.021418 -0.00303427 0.0144 
0.0157628 0.00670865 0.0162 
0.0219228 -0.0101772 -0.00680634 
0.00555375 -0.0118791 -0.0159 
0.0176932 0.00991567 -0.0144 
-0.00968952 0.0124 -0.0059952 
0.0145821 -0.0124 0.00363942 
-0.00140686 -0.00181118 -0.0161308 
-0.00759412 -0.009047940000000001 0.0159 
0.00399168 0.000269426 -0.0156 
0.000952618 0.0124 0.00785836 
-0.0182926 0.0124 -0.0123141 
0.0159226 -0.00939593 -0.0161501 
-0.000329465 0.0124 -0.010384 
0.0121349 -0.0124 -0.009172929999999999 
0.0167405 -0.00905565 -0.0163567 
0.0227 0.00746015 -0.00514488 
0.0227 0.00182853 -0.0105799 
0.0129127 0.0124 0.00607051 
-0.0153302 0.00659757  0.017 
0.01556 0.009046739999999999 0.0144 
0.0173635 0.0115173 -0.0144 
-0.009371549999999999 -0.00858049 0.0159 
0.00469834 -0.00723048 0.0145564 
-0.0172286 0.0124 0.0118931 
0.006633 0.0124 0.00221502 
0.0186083 -0.0124 -0.008582029999999999 
0.0135387 -0.0047252 -0.0156 
-0.0227 -0.0054464 0.0106025 
-0.00205153 -0.000604009 -0.0144 
0.0227 0.00407411 -7.02562e-05 
-0.000663512 -0.00497431  0.017 
0.0227 -0.007997239999999999 -0.00876033 
0.010923 -0.0111406 -0.0144 
0.013696 -0.00290694 -0.0177 
-0.00732332 0.0092 -0.0170395 
0.0103349 0.00226667 -0.0144 
0.0214705 -0.0106295 -0.0123799 
-0.0104136 0.00353541  0.017 
-0.0177884 0.00033518  0.017 
-0.00156669 -0.009407459999999999 -0.0144 
0.00159903 -0.0123651 -0.0145304 
-0.0209533 0.000394946 -0.0159 
0.00339719 0.0124 0.008855470000000001 
0.0180073 -0.00879162 -0.0144 
-0.00711332 -0.00162801 -0.017546 
0.00345136 0.0102189 0.0150481 
-0.0106264 -0.000945852 -0.0177 
0.0200817 -0.0120183 0.007881869999999999 
0.00761847 -0.00154466 -0.0177 
0.00753022 0.00257552 -0.0156 
-0.00991236 0.00389653  0.017 
0.0131436 0.008126939999999999 0.0162 
-0.0054634 0.0124 0.0029167 
0.0115892 -0.00302068 0.0187 
-0.00253971 0.00773639 -0.0153075 
0.020886 0.00431448 0.0187 
0.0227 -0.00825706 -0.000755196 
-0.0210249 0.0104419 -0.0157722 
-0.000702588 -0.00227078 -0.0145039 
0.00529511 0.00118647 -0.0144 
0.0196713 0.00251641 -0.0144 
0.0109725 -0.0124 0.00986776 
0.00515536 -0.00677252 0.0163759 
0.000937495 -0.0124 0.00377729 
0.0222733 0.00578626 0.0144 
-0.0155788 -0.0124 0.00503436 
0.00691355 -0.0124 0.00800381 
-0.0106339 -0.0113294 0.0159 
0.0187617 -0.0068655 -0.0156 
-0.0208401 0.0123939 -0.00671083 
-0.0178107 0.0124 -0.010648 
0.008908599999999999 -0.000805696 0.0147 
0.0190811 -0.00597849 0.0162 
0.0172448 0.000399907 0.0187 
0.0152561 -0.00882135 0.0187 
0.0143065 -0.0124 0.0023035 
-0.00413117 -0.0124 0.00419985 
-0.0154957 -0.00498011 -0.0177 
-0.0117586 -0.00352723  0.017 
-0.00062028 0.0124 0.00677271 
0.0080424 -0.00646029 -0.0177 
0.00277631 0.00492698 0.0155142 
-0.007896530000000001 0.00576068 -0.0177 
0.00832545 -0.00166962 0.0152228 
0.0107157 -0.00200478 0.0144 
0.00400062 0.00447382 -0.0156 
0.0224198 -0.00119167 -0.0161079 
0.00376938 -0.0124 0.008539710000000001 
0.008487440000000001 -0.000965392 -0.0177 
-0.0185014 0.0124 0.00508777 
0.00705673 0.00380247 0.0176298 
0.00598357 0.0102692 -0.0159 
0.0172559 -0.00177729 -0.0144 
-0.0227 -0.00297402 -0.0114172 
0.00286257 -0.00265831 -0.015612 
0.0142205 -0.0080132 0.0187 
0.0206713 -0.00771757 0.0144 
0.0102852 0.0124 -0.00256248 
0.0128184 0.00120854 -0.0178109 
0.0227 -0.00325539 0.00743932 
-0.0192241 0.0121063 -0.0154962 
-0.00438582 -0.00207711  0.017 
0.00779681 0.00617422 0.0183708 
0.0164881 0.0124 0.0120563 
-0.0227 -0.00244895 -0.0110936 
-0.0147078 -0.0124 -0.00809839 
0.00639832 -0.00133521 -0.0144 
-0.00621505 -0.00512152 -0.0170633 
0.0114421 0.00349019 0.0187 
0.0198486 0.0122514 -0.013478 
0.0152377 -0.0109473 0.0144 
0.0100019 0.00172723 -0.0177 
-0.0174 0.00462013 -0.0168713 
-0.000284163 0.00572945 -0.0144 
0.0117679 0.00925575 -0.0156 
-0.00230148 -0.0124 -0.00499299 
0.00457306 -0.0109005 -0.0152833 
0.00713238 0.0124 0.00215471 
-0.0206723 0.0117155 0.015709 
-0.0227 -0.00849656 0.0123795 
0.0101717 0.0124 0.00613301 
0.00095 0.00722055 -0.0149014 
0.00439862 0.0124 0.000934784 
0.0213666 0.0107334 0.0101482 
0.0151445 -0.00614714 -0.0156 
0.00490802 0.00252392 0.0187 
0.0193241 -0.00498004 0.0162 
-0.0179782 0.0124 0.008124910000000001 
0.0208923 0.0048541 0.0162 
0.0138118 0.0124 -0.00633178 
-0.0075338 0.00329854  0.017 
-0.0190739 0.0124 0.0140603 
0.0198927 -0.0122073 -0.0134075 
-0.0142827 -0.0124 -0.00665661 
-0.00518063 0.0124 0.00511813 
-0.000266519 -0.0101 -0.0158015 
-0.00190786 -0.00738147 -0.0194 
0.00472691 0.00608023 -0.0144 
-0.00405 -0.00427552 -0.0149056 
-0.00884393 0.00331707  0.017 
-0.0190811 -0.00411008 -0.0159 
0.0185434 0.0121066 0.0144 
0.0135304 -0.0124 0.00459498 
0.0132134 -0.00684116 0.0162 
0.0169744 -0.00893389 0.0182156 
0.0227 -0.00706292 -0.00498998 
0.0161681 0.0124 3.49083e-05 
-0.0204709 -0.00889523 -0.0159 
0.0121097 -0.0124 0.00040245 
-0.0015072 0.012341 -0.0146203 
0.0153974 0.002768 -0.0177 
0.007825789999999999 -0.00624586 -0.0156 
0.00350302 -0.00435315 -0.0171711 
-0.0227 -0.00848319 -0.00101706 
0.0111071 0.0124 0.0143306 
0.0227 0.00601549 -0.010194 
-0.0145289 0.0124 0.009138220000000001 
0.0118338 -0.0124 -0.0019349 
0.0227 -0.00285597 0.00131802 
0.000431053 -0.00579759 -0.0144 
-0.00506489 -0.00360591  0.017 
0.0117906 -0.00636242 -0.0144 
-0.0202301 0.0124 0.00388882 
0.0149574 0.000405041 0.0199134 
0.00771073 0.00304895 0.0187 
-0.0227 -0.00488331 -0.00673119 
0.0172137 0.0124 -0.0129882 
0.0181259 -0.00786653 -0.0144 
-0.0193555 -0.0124 -0.0141293 
-0.0141069 -0.0121142 0.0154666 
-0.0227 -0.00356272 0.00343023 
-0.0214062 -0.0122702 -0.008980490000000001 
-0.0227 0.00373005 -0.00490838 
0.00757559 -0.0107256 -0.0144 
-0.0135456 0.00182358  0.017 
0.0218627 0.0102373 -0.00829914 
0.0226812 0.00941877 -0.0026636 
-0.00382034 -0.00283123 -0.0144 
-0.0199926 -0.0080482 -0.0159 
0.0178002 -0.00614867 0.0170901 
0.0227 0.00300947 0.00247941 
-0.0148212 0.0124 -0.0103973 
-0.0227 0.00403417 -0.00564576 
-0.0100438 0.0124 0.0124475 
-0.0156243 0.00253  0.017 
-0.00608401 0.0124 -0.0024787 
-0.00226034 -0.0124 -0.0100405 
-0.000962716 -0.0124 0.000958667 
0.0169918 0.0008311 0.0187 
0.00802376 -0.00610531 -0.016617 
0.0211075 0.0109925 0.00288191 
0.00878045 0.00196768 0.0187 
0.00921197 0.0124 0.0136836 
0.0227 0.00396418 -0.011866 
0.0127569 0.00258311 0.01972 
-0.000409746 0.00594171  0.017 
0.0227 -0.00862895 0.00600217 
0.0227 0.00130813 -0.0104998 
-0.00523984 -0.0121575 -0.0153052 
0.0220733 0.00224728 0.0162 
0.015609 0.009351180000000001 0.0144 
-0.0191007 0.00954253 0.0146338 
-0.00753659 -0.0124 -0.00627859 
0.0141565 -0.00377439 -0.0156 
-0.018992 0.000215369  0.017 
0.019064 0.0110906 0.0144 
-0.0208123 0.008399999999999999 0.0158247 
-0.0128289 -0.0124 -0.0046487 
0.0129901 0.00595527 -0.0156 
-0.0227 -0.00312098 -0.013999 
0.00125469 -0.00953852 0.0159 
0.00992555 -0.00365127 0.0187 
0.0227 0.00445709 0.0121958 
-0.0148034 -0.0114625 -0.0159 
0.014486 -0.0124 0.00298485 
-0.00404967 -0.00218068 -0.0144 
-0.0227 -0.00482087 -0.00229841 
-0.00350528 -0.00587497  0.017 
-0.014653 -0.00895906 -0.0177 
0.0183637 0.00143987 0.0144 
0.0124113 0.00809517 0.0144 
0.0188657 -0.0068586 -0.0177 
-0.0227 0.00924929 0.000515148 
0.0227 0.00587324 0.00100737 
0.00277414 -0.0124 -0.00260033 
-0.008802580000000001 0.0092 -0.0175371 
-0.0152756 0.00832302 0.0159 
0.00614573 0.00771692 0.0183444 
0.00422322 -0.00560194 -0.0166676 
-0.0008961350000000001 0.008355889999999999 -0.0177287 
0.0134127 0.0124 0.00547651 
0.0132345 -0.00468518 -0.0177 
-0.00499248 0.0123016 0.0147674 
-0.00656467 0.0113339 -0.0159 
0.0149509 -0.00322333 0.0187 
-0.0109593 -0.0124 -0.00251322 
0.020866 0.008849599999999999 -0.0144 
0.0198908 -0.0122092 0.00158898 
0.0192464 0.00281688 -0.0144 
0.00909038 0.0026572 -0.0156 
0.0173243 -0.0006220829999999999 -0.0177 
-0.0227 -0.0078262 -0.00218634 
0.0227 0.00395808 -0.00613774 
0.0159637 -0.00299226 0.0144 
0.0227 -0.00775068 0.00528444 
0.0227 -0.00718325 -0.0114068 
0.0148461 0.00971293 -0.0166336 
0.0123697 -0.00410559 0.0147 
-0.0152448 0.00405474  0.017 
-0.0193496  0.007 0.0160656 
-0.00891757 0.00164424 -0.0177 
0.0115832 0.00457092 -0.0156 
0.0185884 0.00792093 -0.0170081 
0.0211375 0.00147304 0.0162 
0.0162716 -0.0124 0.00946601 
0.00398127 0.0123378 0.0154768 
-0.0191406 0.0124 -0.008074680000000001 
-0.00825767 0.00487072  0.017 
-0.0206916 -0.00235445 -0.0159 
-0.00369123 0.0124 0.0121837 
-0.0181715 -0.009080090000000001 0.0159 
-0.00701523 -0.0124 -0.0135666 
-0.00292011 -0.000402385  0.017 
-0.00434645 0.0124 0.0128822 
-0.008966470000000001 -0.00830063 0.0159 
-0.00115179 -0.0124 0.00630775 
-0.00760115 -0.0120153 -0.0158358 
0.00525774 0.0124 -0.0046736 
0.00524531 0.0107004 0.0159 
0.0041533 -0.0124 -0.0104332 
0.009508320000000001 -0.00652898 0.0144 
0.00248582 0.0124 -0.00958641 
-0.0210285 0.0122192 -0.0152595 
0.0156231 0.0124 -0.00763291 
-0.0144069 -0.0124 0.00177766 
-0.00510793 0.0124 -0.00509804 
0.009560849999999999 0.0124 -0.0020394 
-0.00574944 -0.0123454 -0.0146038 
-0.0111702 0.0124 0.009626239999999999 
0.0124376 0.00879073 -0.0144 
0.00505823 -0.009323969999999999 0.0159 
-0.0227 -0.00136367 0.003337 
0.0174222 0.0100437 0.0144 
-0.0148446 0.0124 0.00202726 
0.0111448 0.0116782 -0.0144 
0.0160087 -0.00485035 -0.0144 
-0.0105842 -0.0124 -0.000146904 
-0.00273626 -0.0124 0.0135986 
0.00163704 0.0124 0.0038602 
-0.0222281 0.0116899 -0.00654933 
-0.00344124 0.00869433 0.0159 
-0.00882137 -0.0124 0.0107354 
-0.0227 -0.0101091 -0.00339974 
-0.00835732 -0.0124 0.00139847 
-0.00493225 0.00573758 -0.016374 
0.0109692 -0.00696387 0.0187 
0.0166804 -0.00056089 0.0147 
0.0150539 -0.00884705 -0.0156 
-0.0213857 -0.0105 0.0151582 
0.00536358 -0.00649 -0.0144 
-0.00806042 0.0124 -0.00165299 
0.0227 0.00340924 0.00121963 
-0.0133207 0.0124 -0.008189760000000001 
0.0171516 0.00273578 0.0162 
-0.0205841 -0.0124 0.000885405 
0.00966005 -0.0124 -0.0109096 
-0.00467445 0.00258742  0.017 
0.00454732 -0.00465745 0.0144 
0.009150699999999999 0.0124 -0.014208 
0.0154233 0.0124 -0.00989169 
0.00296616 0.0124 -0.00268305 
-0.0195623 0.0101155 -0.015765 
0.0074432 0.0124 0.0132434 
0.00346403 -0.0124 -0.0109463 
-0.00896599 -0.0124 0.0038885 
0.00939333 0.00189386 0.0144 
0.00350088 -0.00380635 0.0162 
-0.000599723 0.00729155 -0.0152233 
0.0207463 0.0113537 0.0133538 
-0.0227 0.00160425 -0.0116456 
0.00519327 -0.0124 -0.00267068 
-0.0109604 -0.0124 -0.00772622 
0.0100063 0.0060877 0.0144 
0.0144974 -0.00559329 -0.0144 
0.0210758 -0.00266252 -0.0156 
0.0116057 0.0124 -0.0135099 
-0.0156328 0.00382463  0.017 
-0.0111292 0.0124 0.0111815 
0.008056829999999999 0.0064346 0.0162 
0.0123468 -0.0124 -0.00285258 
0.0161192 0.0118989 0.0144 
0.0129289 -0.00449879 -0.0156 
-0.008148270000000001 0.0124 0.008522129999999999 
-0.00717725 0.008928520000000001 0.0159 
0.0139704 0.00927438 0.0162 
0.020689 -0.00599431 -0.0144 
0.008360350000000001 -0.0124 0.00843182 
0.0016784 0.00115275 0.0154704 
-0.0123621 0.00627989  0.017 
0.00226406 0.0124 -0.00101616 
0.00258193 0.00110738 -0.0177 
0.0187951 -0.0124 0.00979315 
0.01358 0.0124 -0.00527048 
0.009913180000000001 -0.00287627 -0.0144 
0.00756142 0.00630806 0.0144 
-0.0190704 -0.00924153 0.0151978 
-0.00623703 -0.0110363 -0.0159 
-0.0227 -0.00145688 -0.0117631 
-0.0219987 -0.0119201 -0.01214 
-0.00802366 0.0124 0.0116791 
0.0227 -0.00547033 0.0051706 
-0.0187652 0.00827307 -0.0159 
-0.0201207 -0.0124 -0.0115939 
0.00910913 -0.00321546 0.0144 
-0.00784844 0.0124 0.000241833 
0.008967070000000001 -0.00407337 -0.0177 
-0.00642152 0.0124 0.00512269 
-0.0107843 0.00978103 -0.0159 
-0.0213416 -0.009866700000000001 -0.0159 
0.0131175 0.00415111 -0.0144 
-0.0170259 -0.0113623 0.0159 
0.00559129 -0.000875811 -0.0156 
-0.0006142260000000001 0.0124 0.00733474 
0.00609472 -0.00596798 -0.0156 
0.0196304 -0.00535015 0.0144 
-0.013494 0.0124 -0.000537832 
0.0227 -0.00125304 0.0122227 
-0.00395175 -0.0112269 0.0159 
0.00505227 0.00766174 0.0147145 
-0.0109573 -0.00531375 -0.0177 
0.0059866 0.00485834 0.0187 
0.0117927 -0.0124 0.00402174 
0.0227 0.008100029999999999 0.00839118 
-0.0214046 -0.0031296 -0.0159 
0.0175703 0.00619346 0.0169287 
0.022247 0.00219246 -0.0156613 
-0.01879 -0.0111743 -0.0159 
0.00921901 0.00649188 -0.0177 
-0.0167856 0.0124 0.00675056 
0.00876656 0.00466637 0.0173557 
0.0103229 -0.009661950000000001 0.0187 
-0.0011258 -0.00368916  0.017 
0.008117249999999999 -0.00154301 0.0144 
0.008168160000000001 0.00376427 0.0162 
0.00599492 -0.00936525 0.0159 
0.00509711 -0.00788706 0.0152146 
-0.0209044 0.0103857 0.0143 
0.00095 0.00753852 -0.0158968 
0.0122128 0.00671778 -0.0144 
0.0209373 -0.000364827 0.0144 
-0.00288114 -0.00554432 -0.0144 
0.00557914 -0.00720871 0.017713 
-0.000656618 -0.00475255 -0.0168547 
-0.0188433 0.00964923 0.0159 
-7.01372e-05 -0.0124 0.00696164 
-0.0136915 -0.0124 0.00399245 
0.00121495 0.0102503 0.0159 
0.00265932 -0.00574744  0.017 
0.00501668 -0.0124 0.00691044 
0.0227 -0.008028459999999999 -0.00363068 
0.0227 -0.00269765 0.00979264 
0.0128986 0.009868770000000001 -0.0156 
-0.0124116 0.0124 0.00039486 
0.0219533 -0.00642946 0.0144 
0.00984851 0.00715793 0.0187 
0.0144899 -0.0124 -0.00764033 
0.0103983 -0.0124 0.009340309999999999 
-0.00180847 0.006634 -0.0188782 
0.009170879999999999 0.00417346 -0.0156 
-0.0181443 -0.009143999999999999 0.0159 
-0.0190555 0.0124 0.0119806 
-0.0206035 0.0124 0.00359309 
-0.013842 -0.0124 0.00715777 
-0.0112726 0.00803535 0.0159 
0.00487376 -0.00115663 -0.0156 
0.0105599 -0.00693008 0.0144 
0.00378583 0.009625430000000001 0.0151998 
0.0138424 0.00268013 -0.014881 
0.0206821 0.0114179 0.00755359 
-0.013117 0.00460579  0.017 
-0.00496235 -0.0124 0.0131951 
0.0174936 0.0103186 -0.0144 
0.0158121 -0.0009956030000000001 0.0144 
0.0210624 0.00515364 0.0171975 
-0.0148595 -0.0124 -0.0123133 
-0.00301048 0.0124 -0.000738065 
-0.00080579 0.00586662 -0.0174139 
-0.0130979 0.00485363  0.017 
-0.02045 -0.0124 -0.00900741 
0.0227 -0.0029248 0.012267 
0.00339614 -0.00147872 0.0187 
-0.0227 -0.000133552 0.000840377 
0.00471165 -0.00626118 -0.0176599 
0.0119275 -0.00447456 -0.0156 
-0.002002 0.00369101 -0.0152421 
0.0108993 0.00511279 -0.0156 
0.00129543 -0.0065 -0.014781 
0.0136998 0.0124 -0.00183885 
0.0204994 -0.0116006 0.0127357 
0.00887083 -0.000147555 0.0187 
0.00856035 -3.33119e-05 -0.0156 
0.0184577 0.0124 -0.0018945 
0.0134155 0.00894493 0.0187 
0.00524194 -0.0124 -0.0069889 
0.0198712 -0.00533474 -0.0177 
0.00189986 -0.0124 0.0117497 
0.00728784 0.00372879 0.0172802 
0.0146133 -0.0124 0.0112935 
-0.0227 0.00290262 0.00200651 
-0.016965 0.0120013 -0.0158881 
-0.00525171 -0.0124 0.00433531 
-0.0137511 -0.00226276  0.017 
0.0146924 -0.00943775 0.0144 
0.00568024 -0.0104059 0.0159 
0.00490524 0.0124 0.0128537 
0.0110168 0.0124 0.00281422 
0.008557179999999999 0.000408393 0.0147 
-0.0133851 0.0124 -0.000496551 
0.00742731 -0.008095079999999999 -0.0156 
-0.00494334 0.0124 0.00642729 
-0.0227 0.00240413 -0.00113111 
-0.0227 0.008293490000000001 -0.0143637 
0.0198878 0.000649898 -0.0177 
0.0216707 -0.0104293 0.00338997 
0.0227 -4.0338e-05 -0.012611 
0.0168753 0.00103547 0.015655 
-0.00687628 -7.39805e-05 -0.0174186 
0.0186444 -0.00458577 -0.017515 
-0.00437347 -0.0119575 0.0159 
-0.0018024 -0.0110266 0.0159 
0.0194899 0.0124 0.009660119999999999 
-0.0227 0.00259421 0.00471825 
-0.0224923 0.0112842 0.00775701 
-0.02095 0.00976076 0.0150821 
0.0214466 0.0106534 -0.0111176 
0.00645534 0.00434853 0.016578 
-0.00402995 0.0124 -0.008002 
0.0164083 -0.0056393 0.0180147 
0.019028 0.00725267 0.0187 
0.0227 0.00733594 -0.00291696 
0.00268579 -0.000723266 -0.0144 
0.0162896 -0.00677653 0.0187 
0.0192703 -0.00616806 0.0162 
0.00417389 0.00251628 -0.0177 
0.0223869 -0.009713090000000001 -0.0111454 
-0.000881024 -0.00685795 -0.0178382 
-0.0227 -0.009100830000000001 -0.0106928 
-0.020404 0.0011648 -0.0159 
0.0138004 -0.0057911 -0.0156 
-0.0209925 0.0123768 0.0105521 
-0.0202107 -0.0124 0.00592761 
0.00405676 -0.0124 -0.0028814 
0.00494014 -0.0103686 0.014492 
0.00715494 -0.0124 0.00988141 
0.00225476 -0.0124 0.00550403 
0.0201468 -0.00282192 -0.0156 
-0.0142674 0.0124 0.0123431 
-0.00708651 0.0092 -0.0162119 
0.0227 0.008524739999999999 -0.00317813 
-0.0150752 -0.00369602 -0.0177 
-0.0153638 -0.0124 0.00302083 
0.0175963 -0.0105708 -0.0144 
-0.0123007 -0.0124 -0.0130374 
-0.011212 -0.0124 0.0118778 
0.00112684 -0.0124 -0.00774223 
-0.00425469 -0.0124 -0.0132037 
-0.0227 0.00167186 0.0119116 
0.0129467 0.00933644 -0.0144 
-0.00253751 -0.00626454 -0.0144 
0.00543027 -0.00213912 -0.0144 
-0.0204522 -0.0124 -0.01228 
-0.0227 0.00295559 -0.00632565 
0.0206847 -0.0114153 -0.00453668 
-0.0227 0.00655319 0.00397135 
0.0156958 0.00316689 0.0159994 
-0.0224412 0.00681917 -0.0153658 
0.0110671 0.00697048 -0.0156 
0.0227 0.007885700000000001 -0.00470681 
0.0174938 0.00116515 -0.0156 
-0.0227 -0.00616846 -0.00442399 
0.00250902 -0.000206594 0.0163937 
0.0226409 -0.00945913 0.00714302 
-0.011013 -0.0124 -0.00574999 
0.0169683 -0.00710354 0.0187 
-0.00694663 0.00852876 0.0159 
0.00330376 0.000684498 0.0144 
0.0181668 -0.00823547 0.0166419 
0.00528634 -0.0124 -0.0065609 
0.0175485 0.00171439 -0.0144 
-0.0146926 0.0120512 0.0157016 
0.0217755 0.0101937 0.0144 
-0.0227 -0.00565329 0.0054566 
-0.0227 0.007968370000000001 -0.00396835 
-0.0159773 0.0124 0.0112257 
-0.000294828 0.0119988 0.0158975 
-0.00056505 0.00502743 -0.0193087 
-0.00122688 0.00538939  0.017 
-0.0225139 0.0112422 0.0118677 
-0.0226397 0.0108825 -0.0121274 
0.00830703 0.0116461 -0.0144 
0.0175901 -0.00229301 0.0144 
-0.0225561 -0.0031574 0.0149371 
0.00749939 0.00227953 0.0187 
0.0107526 0.00307531 0.0187 
0.0217021 -0.0103979 -0.00281507 
0.0134653 0.00723687 -0.0144 
0.000998281 0.0124 -0.0104251 
-0.0175673 -0.0121589 -0.0152997 
0.00788088 0.0124 -0.0135327 
0.0191573 0.00714487 0.0187 
0.0206777 -0.000657618 -0.0156 
-0.00821334 0.00402808 -0.0177 
-0.0227 0.000857315 -0.00705701 
-0.00980032 -0.0124 0.00467649 
0.0227 0.00252987 -0.001598 
0.0223613 0.009738699999999999 0.0139631 
0.0177876 0.0124 0.0127784 
0.0122427 -0.00780043 0.0144 
-0.020882 0.0123914 0.0122399 
0.011217 -0.0124 0.00810085 
0.0176013 0.00113417 -0.0144 
0.000287322 0.00160505  0.017 
-0.000565013 -0.00297229 -0.0191174 
0.0144099 0.00980962 0.018355 
0.0169302 -0.0108112 0.0144 
0.0179659 0.00228232 -0.0144 
-0.0182701 -0.0120077 0.0158643 
-0.00789805 -0.000499255 -0.0177 
-0.00617306 -0.00836869 -0.0170407 
-0.008724549999999999 -0.0124 0.0134656 
-0.0104045 -0.0124 0.0135546 
-0.000563676 -0.00536213 -0.0191689 
0.0128849 0.00583302 -0.0156 
-0.0227 0.00529366 -0.00792942 
-0.000756082 -0.0124 -0.00558232 
0.0196006 -7.52668e-05 -0.0144 
-0.00565936 -0.007959610000000001 -0.0167647 
0.0227 0.00688546 0.009332399999999999 
0.0168288 -0.00392903 -0.0144 
0.0146551 -0.009226939999999999 -0.0156 
0.0227 0.00366901 0.0120379 
-0.0211553 0.0123457 -0.0070122 
-0.0227 0.00351075 0.013359 
-0.0103275 -0.00713032 -0.0177 
0.0215268 0.0105732 0.00279885 
-0.0227 -0.00693115 0.009743089999999999 
0.0113877 0.00428223 -0.0156 
-0.0227 0.00396636 0.00673954 
-0.0163421 0.0124 -0.00469555 
0.0208685 0.00545427 -0.0156 
0.018632 0.0124 0.0134092 
-0.0227 0.00377363 -0.0101037 
-0.0225841 -0.011069 -0.0100099 
0.0131264 -0.0124 -0.0107452 
-0.0227 -0.00212285 0.00753433 
-0.0147643 -0.009601770000000001 -0.0159 
-0.0157579 -0.0064297  0.017 
0.007949680000000001 0.00324937 -0.0144 
0.00735176 0.0124 0.00654504 
0.00946078 0.00550644 0.0162 
0.00878139 -0.00473366 0.0179459 
-0.0169305 -0.009410480000000001 0.0159 
0.0131911 -0.00871777 -0.0177 
-0.00253796 -0.00534968 -0.0164215 
-0.00136309 0.00618187 -0.0182713 
-0.0162555 0.0124 -0.0123241 
-0.022371 -0.00770603 0.015628 
0.0176557 0.0124 -0.00531597 
0.0185497 0.00554129 0.0166867 
-0.00781141 -0.0124 -0.0012415 
0.0211751 0.00382841 0.0144 
-0.0147159 0.00898614 0.0159 
0.0134728 0.0124 -0.0114601 
-0.00213636 0.00840934 -0.0191641 
-0.0224971 0.0112751 0.0114915 
-0.0227 -0.000310353 0.0125413 
-0.0194185 0.00476812 -0.0159 
-0.0142866 0.0124 0.010203 
0.00742217 -0.007827249999999999 0.0162 
0.0112595 0.0124 0.00834959 
0.00494665 0.0110321 0.0159 
0.0171462 0.000657634 0.0187 
0.0227 0.00244484 0.0114026 
-0.0104672 -0.0122217 0.0150653 
0.0227 0.00427554 -0.000561825 
-0.0141809 -0.0124 -0.000971542 
-0.0196948 -0.00980781 -0.015681 
-0.0225395 -0.000305245 -0.014999 
-0.0150207 0.00873356 -0.0177 
0.0111589 -0.00397576 -0.0177 
-0.00763175 -0.0124 -0.0138862 
0.0227 -0.00337256 -0.000432511 
0.00698026 -0.0119867 0.0152201 
-0.0105201 -0.0124 0.00214768 
0.00141979 -0.0124 0.00433199 
0.0227 0.000691938 -0.0071091 
-0.0216598  -0.01 0.0152921 
0.00095 -0.00687056 -0.0146439 
-0.0127407 0.0121967 -0.0151588 
-0.0130405 0.0124 0.00151818 
0.0227 0.00792284 -0.00891803 
0.0219627 -0.00606453 -0.0144 
0.0227 0.00860875 0.0130411 
0.0072 -0.0106999 -0.0154474 
-0.008513140000000001 0.0124 -0.00694676 
-0.000919824 -0.0118066 0.0159 
-0.00249075 -0.00486135 -0.0193904 
-0.00443969 0.0124 -0.0125986 
0.00968595 -0.0124 0.010233 
-0.0226155 0.0109694 0.01179 
-0.0188934 -0.0124 -0.00162829 
-0.00055605 -0.00509579 -0.0152909 
-0.0141793 0.00986245 -0.0159 
0.0123018 -0.0121894 -0.0144 
-0.0133639 -0.0124 -0.008379899999999999 
0.0125001 0.00125 -0.0174409 
0.0115625 -0.00082536 -0.01657 
-0.0227 0.00163677 -0.00144576 
0.00549018 0.0124 -0.0107683 
0.00422345 0.00221862 -0.0177 
0.0200882 -0.0102265 -0.0144 
0.0173153 -6.63805e-07 -0.0144 
-0.0227 -0.010386 0.00105735 
-0.0227 -0.00637752 -0.00296202 
-0.000649753 -0.00476574 -0.0171509 
-0.0114675 -0.0124 0.0012968 
0.00400624 0.0124 0.0102559 
0.0131314 0.009972429999999999 0.017959 
0.00570818 -0.00324044 -0.0156 
0.0133138 -0.0124 0.0110563 
0.0227 0.00324675 -0.009105780000000001 
0.016809 -0.00641614 0.0144 
0.0107814 -0.0124 0.0137127 
0.0102766 0.00753296 0.0144 
-0.0154372 -0.0124 3.49828e-05 
0.008322359999999999 -0.008112400000000001 0.0187 
-0.0117504 -0.0124 0.00124195 
0.0158349 -0.00633786 -0.0156 
0.0220891 -0.00391001 0.0144 
0.00762533 -0.0124 -0.0018689 
-0.0125079 -0.0124 -0.0068699 
-0.0168614 0.0121738 -0.0152444 
0.0122416 -0.00464239 -0.0144 
0.0227 0.00184392 -0.00697222 
-0.00894443 -0.00555864  0.017 
0.00474361 0.0124 0.0143891 
0.0227 0.00243561 -0.008668469999999999 
-0.00392247 -0.0124 0.00536945 
0.0072 0.0118957 -0.0158868 
-0.00352543 -0.00985715 -0.0144 
0.0106326 -0.0124 0.00638427 
-0.0166785 -0.0092 -0.0172982 
0.0106009 -0.0124 -0.0078709 
0.0220369 -0.0100631 -0.00705587 
-0.0227 -0.00673402 0.000286407 
-0.0227 -0.00917188 -0.00481269 
0.0148576 -0.0124 -0.0117895 
-0.00123339 0.0018523 -0.0151906 
0.0227 -0.00661285 0.00746327 
0.00263255 0.00158935 0.0167948 
-0.00653448 0.0124 -0.00616133 
-0.0102557 0.0124 0.0139432 
0.0174995 -0.00104456 -0.0156 
0.00630407 0.009213300000000001 -0.0159 
0.00572367 -0.00380469 0.0187 
0.00790735 0.00864039 -0.0156 
0.0049702 0.0124 0.00507397 
0.0227 -0.00197678 -0.000558597 
-0.0227 0.000557706 -0.00497773 
-0.00886953 -0.0124 -0.008475989999999999 
0.00553 -0.00645581 0.0162 
-0.0144404 0.0108769 -0.0159 
-0.00798312 0.0124 -0.007919010000000001 
0.0227 -0.00153 0.00732624 
-0.000551073 -0.00282457 -0.0189328 
-0.00510127 -0.0124 -0.00463105 
0.00708957 0.0124 -0.00222579 
-0.0227 -0.00549507 -0.000593997 
-0.00635855 0.0124 0.0130319 
0.0227 -0.00739557 -0.00351516 
0.0109071 0.00799586 0.0187 
0.0107847 0.00485682 0.0162 
-0.00442727 -0.0106834 -0.0159 
-0.0224438 0.0103923 0.0144219 
-0.0146509 -0.0124 -0.00229744 
-0.0224713 0.000348623 -0.0152536 
0.00651284 -0.00179823 0.0187 
0.0182026 0.00729943 0.0187 
-0.0142586 0.000533548 -0.0177 
0.0226313 -0.00946869 -0.00715436 
0.00482893 -0.0124 -0.007877520000000001 
0.0103433 0.007905489999999999 -0.0144 
-0.00204474 0.00366877 -0.0174421 
0.0127231 -0.000479128 -0.0144 
0.0136392 0.000513036 -0.0160449 
-0.0227 0.00151564 -0.00460804 
-0.0197581 -0.0109688 -0.0159 
-0.0165956 -0.0124 -0.00187811 
-0.00491839 0.0121815 0.0152156 
0.0209953 -0.00525888 0.0162989 
-0.0223525 0.00772932 0.0156967 
0.0227 -0.00491266 -0.00580088 
-0.00474683 0.0124 0.0133203 
0.00749632 -0.0124 -0.00835849 
-0.0155844 0.00349682 -0.0177 
-0.00508425 0.00946424 0.0159 
0.00509204 0.00242489 0.0144 
0.0181189 0.00352612 -0.0144 
-0.0190774 -0.00190526  0.017 
0.0161647 0.00260916 0.0157103 
-0.00440419 -0.0124 -0.00289587 
0.0227 0.00589202 0.0121031 
-0.0126854 0.0124 0.0126596 
0.0139045 0.0113753 -0.0144 
0.0116517 0.00508141 0.0187 
0.0214567 -0.0106433 -0.00806042 
0.0104957 0.00665389 -0.0144 
0.0149879 -0.00527678 0.0187 
0.0206762 -0.00575579 -0.0162805 
-0.0227 -0.00151329 -0.00457125 
0.0116568 0.00763793 -0.0177 
-0.0104382  0.007 0.0163455 
0.00956487 0.00367406 -0.0177 
0.0119483 -0.009886850000000001 -0.0177 
0.0227 0.0088691 0.0132301 
-0.0227 0.00927441 -0.0107089 
-0.0063784 0.0124 0.00241771 
0.00674912 0.009702860000000001 0.0159 
0.0128537 0.0124 0.00593365 
-0.00522793 0.0124 0.00531118 
-0.000175205 -0.0124 -0.00376953 
0.00239909 0.00520176 -0.0144 
-0.00717571 -0.0112423 -0.0159 
-0.0129291 -0.00527905 -0.0177 
-0.0115585 0.0124 0.0140066 
0.00333882 -0.0124 0.00274802 
0.00269138 -0.0124 -0.0134358 
-0.0139632 0.0110341 -0.0159 
0.0072133 0.0066897 -0.0156 
-0.0156215 0.00307087 -0.0177 
0.00785536 0.00960256 -0.0144 
-0.0122515 -0.0120066 0.0158683 
-0.000551061 -0.00277569 -0.0153828 
0.0175023 0.00619745 0.0186855 
0.00656879 -0.0124 0.00377798 
0.0227 0.006489 0.000454099 
-0.0195236 -0.0124 0.0107113 
-0.0173675 -0.000575827  0.017 
-0.0149813 0.0124 0.00567728 
0.00532209 -0.00407107 -0.0156 
0.014909 0.00760951 0.0187 
0.0100952 0.00295291 0.0147 
0.0181568 -0.0124 -0.000992323 
-0.00246862 0.0124 -0.0130235 
-0.00649325 -0.0124 -0.00883216 
0.0137732 -0.008246730000000001 0.0144 
-0.00511677 -0.0124 -0.00919909 
-0.000236579 -0.0120011 -0.0158889 
0.0209736 -0.00175847 -0.0156 
-0.0139344 -0.0113831 0.0159 
0.00429459 -0.00388896 0.0187 
0.0204198 -0.00301867 -0.0156 
0.0188598 -0.00145128 0.0187 
-0.0152499 -0.0124 0.0126107 
-0.0119711 -0.0106439 0.0159 
-0.0227 -0.00851385 -0.0033741 
0.0171485 0.0124 0.0121413 
-0.0178961 -0.000856622 -0.0159 
0.00724009 0.00193804 0.0162 
0.0133664 0.009962169999999999 0.0172827 
-0.00710477 -0.00103344 -0.0175414 
0.0227 0.00544261 0.00411488 
-0.0126796 0.0124 0.00243795 
0.0174885 0.00782093 -0.0156 
0.00034666 0.0124 -0.0138961 
-0.0109066 -0.00105544 -0.0177 
-0.0227 0.00385446 0.00430834 
0.0123711 0.00124262 -0.0168855 
0.0172011 -0.0124 -0.00659616 
0.008432459999999999 -0.0105935 0.0144 
0.0171706 -0.0124 0.006605 
0.00292491 -0.0122851 0.014829 
-0.0211102 0.00676834 -0.0159 
-0.0110623 -0.0112061 -0.0159 
0.0124066 -0.00834443 -0.0144 
0.0072933 -0.00700959 -0.0156 
-0.00431998 0.0117603 0.0159 
-0.0227 -0.008404129999999999 0.0120958 
-0.0178026 0.0124 -0.00333724 
0.00331647 0.00282912 0.0187 
0.018437 0.0124 0.000832451 
0.00174768 0.0103509 0.0159 
-0.0110415 0.0124 0.00313412 
0.0185696 0.0124 0.008325340000000001 
-0.0227 -0.00862928 0.0078723 
-0.0227 -0.008805489999999999 -0.00769813 
0.0224824 -0.000403837 0.0183296 
0.0112145 -0.00633028 -0.0177 
-0.0216752 0.008215709999999999 -0.0159 
0.0125572 0.00484373 0.0162 
0.00400811 0.00200152 -0.0177 
-0.0115122 0.0124 0.00262071 
-0.00912457 -0.0005279800000000001  0.017 
0.0227 -0.0007129839999999999 -0.0129433 
0.00144867 -0.010224 -0.0159 
0.00504918 0.0124 -0.00986508 
-0.01202 0.0121019 0.0155127 
0.00345789 -0.0101464 0.0154116 
-0.0138866 -0.00581567 -0.0177 
-0.0160793 0.008698839999999999 -0.0177 
0.0141607 0.00392914 0.0187 
-0.0227 -0.00294868 -0.00211348 
0.0120521 0.00199024 -0.0183 
-0.00808935 0.0124 0.00700805 
-0.00885558 -0.0124 0.00747106 
-0.000432803 0.00828422 -0.0144 
-0.0227 -0.00530597 0.0012888 
-0.0103167 0.00385231 -0.0177 
0.019923 0.012177 -0.008824830000000001 
0.0223949 0.00562156 0.0144 
-0.000854023 -0.0020827 -0.0159827 
-0.0226729 -0.0107226 -0.0128906 
0.00678836 0.00207927 0.0144 
-0.0135196 -0.0124 -0.0119554 
-0.014357 -0.0124 -0.0131137 
-0.00483844 0.0123017 -0.014767 
-0.0227 0.007975960000000001 -0.00433341 
-0.0120462 0.0124 -0.00773355 
-0.0221074 -0.0106848 0.0157041 
-0.0221227 0.011805 0.0094088 
0.00336698 -0.00615795 -0.0144 
0.0150132 0.00488117 -0.0177 
-0.0227 -0.0103874 -0.00144588 
-0.0109914 0.0124 -0.00198859 
0.0227 0.00287715 0.00482165 
0.00994895 -0.00160854 -0.0144 
0.0211777 -0.00355958 -0.0156 
0.00318383 0.00305691 0.0144 
0.0227 -0.00400223 -0.0101567 
0.00589445 -0.00310001 -0.0144 
-0.0176227 0.0124 -0.0105636 
0.0220856 -0.00110657 -0.0177 
0.0145589 0.00349807 0.0187 
0.0106038 -0.0124 -0.00403412 
-0.0127136 -0.0124 0.0139416 
-0.0214423 -0.0105 0.0150576 
-0.0203222 -0.00215535 -0.0159 
0.0224486 0.009651409999999999 0.000571447 
0.009353169999999999 0.0124 -0.00713468 
-0.0227 -0.00493564 0.000254909 
-0.00204606 -0.00750688 -0.0194 
-0.0140952 -0.00249862 -0.0177 
0.00539671 -0.0124 0.0138183 
0.018593 -0.0077718 -0.0177 
-0.0137992 0.00155616  0.017 
0.0160629 0.0093378 0.0180054 
-0.0053889 0.0124 -0.0123267 
-0.00440523 -0.0124 0.00512315 
0.0185036 -0.00395212 -0.0177 
-0.00761888 0.0124 0.0128988 
0.0208463 -0.00332784 0.0144 
0.0227 0.000741612 -0.0131142 
0.0153896 0.0051796 0.0144 
0.0133719 -0.000894881 -0.017503 
0.00878407 0.0124 -0.0101538 
-0.0227 0.0103687 -0.0131143 
0.0139961 -0.00858835 0.0144 
-0.00137791 0.0124 -0.0121092 
0.00756412 -0.00280903 -0.0177 
0.00719062 0.00143918 -0.0144 
-0.0168249 -0.0124 -0.000462665 
-0.00698828 -0.00509439 -0.0174788 
0.0207682 -0.00237375 -0.0177 
-0.0194737 0.00721715 -0.0159 
-0.0227 0.00416483 -0.0142045 
-0.008298 -0.0124 0.0140487 
-0.0227 0.00604559 -0.010671 
0.0187151 -0.000151615 -0.0177 
0.0152517 0.0124 -0.00900278 
0.0224929 -0.00960711 -0.00406515 
-0.00823253 -0.0124 0.0109544 
-0.0225636 -0.0111221 0.00400479 
0.0227 -0.00892687 -0.0125607 
-0.00906536 0.0092 -0.0159099 
0.01612 -0.0124 0.013397 
-0.00975958 -0.0124 -0.0127731 
0.00983025 -0.0124 -0.0125744 
0.0203901 0.00366147 -0.0177 
-0.00162408 -0.0124 0.00358369 
0.018688 -0.00736828 0.0187 
-0.0201771 0.0124 -0.00175126 
-0.0156053 -0.009457770000000001 -0.0159 
0.00218859 -0.0124 0.0112965 
0.0227 -0.000565677 0.00916728 
0.0136341 0.0111194 0.0144 
0.0189705 0.000909175 0.0162 
-0.0227 -0.0060038 0.0119812 
0.0143186 0.0124 0.0126622 
-0.0227 0.008323580000000001 0.00214084 
0.0182411 0.00673874 -0.0156 
0.00731084 -0.0124 0.000891546 
-0.0176949 -0.0110173 -0.0159 
-0.0111746 0.00158682  0.017 
-0.008742639999999999 0.0124 0.00438269 
0.00296669 -0.0120231 -0.0158065 
0.0159036 -0.00033005 0.0144 
0.008330209999999999 0.000331984 0.0144 
-0.00395553 0.00482311 -0.0144 
0.0152055 0.00719822 -0.0156 
0.0161059 0.00124369 -0.0144 
-0.00367691 3.10261e-05 -0.0144 
-0.0227 0.000380076 -0.011248 
0.0209047 -0.0111953 -0.0143051 
-0.0222197 -0.00644556 0.0161927 
0.0199857 0.0121143 0.0136562 
0.0168103 -0.00381919 0.0144 
0.008580279999999999 -0.00845309 -0.0177 
-0.008059419999999999 -0.0092 -0.0163823 
0.0227 -0.00483205 0.008270059999999999 
-0.00513928 0.0115823 -0.0159 
-0.0227 -0.000863163 0.0100936 
-0.00231544 -0.0124 -0.00722243 
-0.00223718 -0.0124 0.0129795 
0.0193137 0.0108548 -0.0144 
-0.00527372 0.0124 -0.0110624 
0.00335784 0.00723734 0.0159 
-0.0219854 -0.0119323 0.0109577 
0.00620129 -0.0124 -0.000398113 
0.0178289 0.0013368 -0.0156 
-0.009406070000000001 0.0009832370000000001  0.017 
0.0148907 0.0030334 0.0187 
0.0136429 0.00050398 -0.016836 
-0.014744 -0.009275439999999999 -0.0159 
-0.00405 0.000920714 -0.015747 
0.00289986 -0.0014926 0.0187 
-0.0227 -0.009881610000000001 -0.00305598 
-0.000285705 0.0123691 0.0145155 
0.00963195 -0.00745103 -0.0177 
-0.020102 -0.007 0.0159005 
0.0198045 -0.0122955 -0.0107636 
0.00100187 0.00561927 -0.0144 
-0.0227 0.00769955 0.00686086 
0.00971965 0.00111955 -0.0148752 
0.0158698 0.0124 -0.0132699 
0.0139278 0.0117672 -0.0144 
0.0215215 -0.00307849 -0.0156 
-0.0196334 0.00148396  0.017 
-0.00701758 -0.000253633 -0.0174945 
0.0184543 -0.0124 -0.00881146 
0.00383755 0.0122648 0.0159 
0.0133501 0.00415215 -0.0156 
-0.0227 -0.00763727 -0.00406888 
-0.00574995 0.0100876 -0.0159 
0.0227 -0.00653442 -0.00130836 
-0.0227 0.00890591 0.00585546 
-0.0227 -0.00423304 0.0104077 
0.0149013 0.00482937 -0.0156 
0.0222125 -0.00988751 -0.0119739 
0.00296029 0.0124 -0.0100072 
-0.00798601 -0.0124 -0.00280118 
0.0190442 0.0124 0.00256989 
0.0149385 -0.00530351 0.0144 
0.008862729999999999 0.0124 -0.00130369 
0.0147986 0.0040881 0.0187 
0.0183808 -0.00411729 0.0180374 
0.00137826 0.009665419999999999 0.0159 
0.0151647 0.0124 -0.00505222 
0.008593389999999999 -0.0124 0.00481773 
0.0227 0.00259921 0.00725259 
0.0205374 0.0115626 -0.0109643 
0.0227 -0.00548629 0.00615697 
0.0203093 -0.0117907 0.008657430000000001 
-0.022663 -0.010777 -0.0141985 
-0.0208944 0.0123897 -0.009583599999999999 
-0.00535749 0.002358  0.017 
-0.0227 -0.00636254 0.00897442 
-0.0197771 -0.0124 -0.00233859 
0.0040758 0.0124 0.00203174 
0.0141787 0.0124 -0.009516119999999999 
0.0130257 -0.00742095 0.0144 
0.00257832 -0.0048544 0.0160677 
-0.0225318 -0.0111989 -0.00708096 
0.0227 -0.00720213 0.008078439999999999 
0.00914646 -0.0124 0.00974855 
-0.00734469 0.0124 -0.00428614 
0.013427 0.00632043 0.0187 
-0.0186739 -0.00347187  0.017 
-0.00443456 -0.00218287 -0.0161066 
-0.0201471 0.011487 0.0157636 
0.0227 0.0010835 0.0124463 
-0.000151188 -0.0124 -0.000510845 
0.0199552 -0.0121448 0.0114214 
0.0166239 -0.0124 -0.0017322 
-0.000303422 0.00725448 -0.0144 
0.0218133 0.0102867 -0.00116058 
-0.0205791 -0.0124 0.000325942 
0.0216497 0.0075156 0.0144 
-0.00553817 -0.0123018 -0.0147665 
0.00395159 0.0065 -0.0146113 
-0.0192737 -0.0124 0.00520503 
-0.0227 0.009939119999999999 -0.00841632 
0.00422115 0.00565109 -0.0144 
-0.0227 0.000982894 -0.00280279 
0.0212315 0.00899206 -0.0144 
0.0155453 -0.0124 -0.00625459 
-0.0112407 -0.0117919 -0.0159 
-0.0227 -0.000454717 -0.00894764 
0.009011750000000001 -0.00457316 0.0144 
0.00241346 0.00832657 0.0159 
0.0204185 0.0116815 0.0110615 
-0.0227 0.00400551 0.005899 
-0.0114086 0.0124 -0.00427397 
0.0195745 0.00196424 0.0187 
-0.0227 0.00699358 -0.009766550000000001 
-0.00110012  0.007 0.0162991 
0.009476699999999999 0.00332739 0.0151019 
0.0135272 0.00762202 -0.0156 
0.0142371 -0.0024449 -0.0151608 
-0.0212154 -0.008399999999999999 0.0152091 
0.0197023 -0.00316057 -0.0156 
0.0189834 -0.00189062 0.0187 
-0.0218618 0.0120271 0.008885519999999999 
-0.0202276 -0.0124 -0.00774434 
0.0227 0.00678358 0.00838391 
-0.0166177 0.00999066 -0.0159 
0.00153685 0.0124 -0.00650915 
0.00349402 -0.0124 0.0107105 
-0.0116788 0.000190551 -0.0177 
0.015044 -0.00723272 -0.0156 
0.0227 -0.000730714 0.00121521 
-0.00880658 -0.00395091 -0.0177 
0.00629431 -0.00178941 -0.0156 
-0.0120541 0.0124 -0.00390605 
0.0151033 0.0104768 0.0144 
0.0223576 -0.00370663 -0.0144 
0.00938602 0.00795094 -0.0144 
0.0121326 0.0066017 0.0162 
0.0160957 -0.009324249999999999 0.0179275 
0.0135592 0.0006615599999999999 -0.0154807 
0.00674411 0.0124 -0.0062008 
-0.0183616 0.0124 0.00373886 
0.00629644 0.00860066 0.0144365 
0.0202431 -0.0118569 0.008875269999999999 
0.0227 0.00372079 -0.00522562 
0.00262557 -0.00230218 0.0144 
-0.0189799 0.0124 0.0053124 
0.0162623 -0.00197489 -0.0144 
-0.0146912 -0.0124 -0.0122791 
0.00329068 0.0124 -0.00250877 
-0.0215778 -0.008736239999999999 0.0148557 
0.00630114 -0.00235117 0.0144 
-0.00908718 -0.0124 -0.00695517 
0.00902358 -0.0124 0.00887668 
0.0227 0.008371699999999999 -0.0129246 
-0.0009873309999999999 0.008426100000000001 -0.0157288 
0.0161418 -0.00930514 -0.0164048 
0.014711 -0.0124 0.0056682 
0.0102043 0.009841880000000001 0.0144 
0.0227 -0.00305352 -0.009549480000000001 
-0.0227 0.00419999 -0.000688132 
0.0139038 -0.0124 -0.0126847 
0.00494668 -0.0101811 -0.0152194 
-0.00730819 -0.000237644 -0.0176507 
0.0166805 0.00396594 0.0186592 
0.0220898 -0.0100102 -0.0116141 
-0.0227 -0.0024542 0.00378015 
0.0158021 0.0124 0.00941839 
0.0197715 0.0123285 -4.8913e-05 
0.00261033 -0.000180502 0.0187 
-0.0126847 0.0124 -0.00462736 
-0.0226306 -0.0109215 -0.000248005 
0.0200164 -0.0120836 -0.00216784 
0.0227 -0.00356075 0.0129288 
0.0185416 -0.00674108 0.0187 
0.0180338 0.00384592 -0.0171193 
-0.000569378 0.00740747 -0.0146656 
-0.0044572 0.00303095 -0.0161188 
0.0227 0.0020607 0.00380762 
0.00542512 0.00364082 0.0162 
0.00321234 0.0124 0.00237626 
0.008047439999999999 -0.0109794 0.0144 
0.0102581 0.0117534 -0.0144 
-0.0206813 -0.00262595  0.017 
-0.0227 -0.00675126 0.0121594 
0.011416 0.00372166 -0.0177 
-2.51036e-05  0.007 0.016228 
-0.00303436 0.0124 -0.008016250000000001 
0.0188915 -0.0124 -0.0118945 
0.00760561 -0.00315572 0.0144 
0.0227 -0.00729925 0.0101644 
0.00328133 0.0124 0.0104076 
-0.0174573 0.0103153 -0.0159 
0.00491359 -0.0100215 -0.0150505 
-0.0137825 -0.0124 -0.00768685 
0.0227 0.00160408 -0.0119462 
0.0165363 -0.00221641 0.0162 
-0.0132181 -0.0110693 0.0159 
-0.0208837 0.00197216  0.017 
-0.00846619 0.0124 -0.000707794 
0.00353033 0.009913720000000001 -0.014883 
0.0164124 0.0124 -0.00357855 
0.009972989999999999 -0.00135623 0.0147 
-0.00405 -0.00228668 -0.0145438 
0.0108674 0.0124 -0.0139103 
-0.008717259999999999 0.0124 -0.00700246 
0.0160627 -0.0030247 0.0162 
0.0198196 0.00679986 0.0172744 
0.0215567 -0.00323293 0.0187 
-0.0215454 -0.0107106 -0.0159 
0.00304918 0.0116714 -0.0159 
0.0062053 0.00379738 0.0144 
0.0159244 0.0055217 0.0162 
0.0183651 -0.00682401 0.0187 
0.0114922 -0.00696365 0.0187 
-0.0227 0.00734109 0.00835817 
0.0171361 -0.00615935 0.0162248 
0.00465876 0.0124 -0.00735461 
0.00574003 -0.00387516 0.0144 
-0.0174 -0.00555959 -0.0167153 
-0.00219193 0.0123093 0.0147385 
0.008959480000000001 0.00716593 -0.0177 
0.0127036 -0.009991109999999999 0.0181647 
-0.0227 -0.00815576 -0.0141522 
0.00873795 -0.0124 -0.00938552 
0.00821382 0.00141442 -0.0144 
-0.0114114 -0.0124 -0.00175485 
-0.0122446 -0.0124 0.00464396 
-0.0133113 0.00319278  0.017 
-0.00636092 -0.0124 0.00670616 
0.0200276 -0.00161334 0.0162 
0.00637203 -0.00332828 0.0187 
0.00749469 -0.0124 -2.1094e-05 
0.020364 -0.000267907 0.0162 
-0.0207182 -0.0107652 0.0145152 
-0.0207747 0.0123967 -0.000565408 
-0.007883019999999999 -0.00655453  0.017 
0.0198082 0.0122918 0.00195104 
-0.0227 0.00519669 -0.00187035 
-0.0204668 0.0124 -0.0110895 
0.0227 -0.00701632 -0.0134309 
0.008204360000000001 0.0124 -0.00992843 
0.00531544 0.0124 -0.00346966 
0.00307297 -0.0124 0.009948749999999999 
0.0123267 0.0052088 -0.0156 
0.000788111 -0.00469877 -0.0144 
-0.00274895 0.009885130000000001 0.0159 
0.0227 -0.008849839999999999 0.0022894 
-0.0191065 0.0064848 -0.0159 
0.0105556 -0.00660541 0.0144 
0.00973598 0.0124 0.0122797 
0.0175973 0.0124 -0.00266942 
0.0136758 -0.0124 0.000845218 
-0.0119539 0.0122719 -0.0148781 
-0.00182216 -0.0101 -0.0150659 
-0.0118694 -0.00350426  0.017 
0.0226771 0.0094229 -0.000606313 
0.00846803 -0.00385869 0.0187 
-0.000338449 0.000457106  0.017 
0.0142884 0.00568339 -0.0144 
0.00440778 0.0124 0.0141644 
0.0140202 0.0124 -0.0135363 
-0.012539 -0.00592729 -0.0177 
0.0140099 0.0124 0.00314281 
0.0124659 0.0124 -0.0130113 
0.00520936 -0.0124 0.00758742 
-0.000856849  0.007 0.0163868 
0.008806309999999999 0.00557353 -0.0156 
0.0109056 0.0124 -0.0120599 
0.0164282 0.000910514 -0.0144 
0.00924817 0.00347632 -0.0156 
0.00285479 -0.00493629 0.0152751 
0.000761598 -0.0122062 0.0151233 
-0.00233973 -0.00134071  0.017 
-0.0180446 0.0124 -0.0111941 
-0.00667879 0.00681992  0.017 
-0.00648268 0.0124 0.00200885 
0.0114272 -0.00837858 -0.0144 
-0.0149433 -0.0115522 -0.0159 
0.018892 -0.0124 0.009361349999999999 
-0.0227 0.00792678 0.00958589 
0.00701284 -0.0124 -0.00220196 
0.0141116 -0.0124 0.0114075 
0.0155282 -0.0124 0.00677235 
0.013414 -0.009956370000000001 -0.0171776 
0.00234007 -0.0008809 0.0144 
0.00633105 0.00522005 0.0177175 
-0.00563208 0.0124 0.0106016 
0.00413677 -0.00706206 -0.0156809 
0.0227 0.00217824 -0.00636639 
0.0104435 0.00859 -0.0177 
-0.0200746 0.0124 0.00387376 
-0.017177 -0.0124 0.00464772 
0.00364375 -0.0124 0.00461108 
-0.0226469 -0.0076228 -0.0145983 
0.0121631 0.0124 0.00501482 
0.0110649 0.0124 -0.00222339 
-0.0227 -0.009894139999999999 -0.0027484 
0.0141839 0.00316697 -0.0156 
-0.00332563 0.00586823 -0.0144 
0.0150112 0.0124 -0.00418635 
-0.00962147 -0.0124 0.0131381 
0.0102849 0.00456175 0.0187 
0.00529544 0.00692539 0.016951 
0.00613154 0.012038 -0.0157508 
0.0227 -0.00522488 0.00331242 
-0.00425911 -0.00832955 0.0159 
0.0227 0.00721054 0.00124388 
0.00754653 -0.00107871 0.0144 
-0.00113443 -0.00189077 -0.0188377 
-0.00202633 0.0124 0.008158139999999999 
-0.000807691 -0.00453131 -0.0179821 
0.0227 -0.00132452 -0.0114391 
0.0198793 0.00609472 -0.0156 
0.0108964 0.00359368 0.0187 
0.0112071 -0.0124 0.0124235 
0.00914389 -0.00699375 0.0162 
-0.0185963 0.0124 -0.00763543 
-0.009904019999999999 0.0124 -0.00184186 
0.00956021 0.00344446 -0.0144 
0.00952856 0.00269218 -0.0144 
0.0177447 0.00310461 0.0162 
0.009027240000000001 0.0124 0.0112713 
0.0188426 0.00518537 -0.0177 
0.0142854 0.00468671 -0.0156 
0.00657 -0.0124 0.0104124 
0.009043020000000001 -0.008488600000000001 0.0162 
-0.0127767 0.0124 0.00706654 
-0.010518 -0.0124 0.00662317 
0.0137412 0.00272998 -0.0144636 
0.000952093 0.0065 -0.01492 
0.00577674 -0.011083 0.0159 
-0.0224333 0.0113975 0.00396508 
0.00503265 0.0066386 -0.0167415 
0.00690128 0.0104451 0.0155148 
0.00838128 0.00565419 -0.0144 
0.00408255 0.0124 -0.00109554 
-0.0188854 -0.0124 -0.0033421 
-0.0227 0.00741809 0.0115879 
0.0175104 -0.0124 0.007831619999999999 
-0.0226603 0.008367019999999999 0.0145482 
0.0185841 0.0124 -0.0135909 
0.0182933 -0.0124 0.00410435 
-0.0180312 0.00790274 0.0159 
0.00505301 0.00213852 -0.0177 
0.0128472 0.009370150000000001 0.0187 
0.0120354 0.0100835 0.0144 
0.00633817 -0.00657835 0.0144 
0.0207662 0.0113338 -0.0125777 
0.0227 0.007816409999999999 0.00194112 
0.0170551 0.00812973 -0.0144 
0.00294657 0.00292384 0.0180229 
-0.00411986 -0.0124 0.0104843 
-0.0176165 -0.00582806  0.017 
-0.00144083 0.0061933 -0.0193671 
-0.0227 0.0010031 0.00845305 
-0.01648 -0.0124 -0.0118124 
-0.0122105 0.0124 0.00905515 
-0.0227 -0.00417304 0.0053565 
0.0137583 -0.0124 -0.00739392 
0.00747218 0.0124 -0.00950723 
0.0157314 0.0124 0.00250705 
0.0119494 0.00394868 0.0187 
0.0164581 -0.007830200000000001 0.0187 
0.00531882 -0.0124 0.00167748 
0.0227 -0.00123084 0.0131234 
0.01183 0.0124 -0.00455206 
0.00250295 0.0124 -0.00518587 
-0.0111859 0.00409368 -0.0177 
0.019872 -0.012228 0.00835169 
0.0046921 -0.00883139 -0.0159 
0.0123679 -0.009247760000000001 -0.0144 
-0.0119597 -0.0102107 0.0159 
-0.00617634  0.007 0.0166598 
-0.000211616 0.0122218 -0.0150652 
-0.00200272 0.00369064 -0.0157462 
-0.00758299 -0.00622996  0.017 
-0.0181511 0.0124 0.000901634 
0.00492418 -0.00490413 -0.0156 
-0.012435 -0.0124 -0.00559531 
-0.00626418 0.00784022 -0.0170897 
0.0125339 -0.0124 0.000410054 
0.009967139999999999 -0.000518171 -0.0183 
0.0177181 -0.010761 0.0144 
0.010845 0.008612140000000001 -0.0144 
0.00593541 -0.00384243 0.0162 
-0.0144803 -0.0124 0.00155316 
-0.0195107 0.0124 -0.00665459 
-0.0174 0.0089517 -0.0166342 
0.017448 0.0124 -0.00119775 
-0.0227 0.00292035 -0.00709262 
-0.0180574 0.0124 0.00984315 
0.0186282 -0.00536506 -0.0166924 
0.0227 0.00444464 0.0008895799999999999 
0.0064824 0.00693652 0.0144 
-0.0140201 -0.0124 0.000225845 
0.011426 0.00279923 -0.0178895 
-0.00412279 -0.00279685  0.017 
-0.00173386 0.00421746 -0.0148468 
0.0105826 0.0124 -0.00210095 
-0.0227 -0.00488608 0.0127784 
-0.00537082 -0.007 0.0165715 
-0.0169184 -0.0124 0.00143025 
0.0176866 0.00778327 -0.0144 
-0.0227 -0.00472753 0.00557585 
-0.0107771 -0.0124 0.000227946 
0.000419542 -0.012345 -0.0146054 
-0.0227 -0.00324519 -0.00791509 
0.0145916 0.0118987 -0.0144 
-0.0138072 -0.0062695  0.017 
-7.165039999999999e-05 -0.0124 -0.00732113 
-0.00251816 -0.00304873 -0.0153534 
0.00702581 0.0118407 0.0150501 
0.0137788 -0.00532566 0.0187 
0.0125745 0.0032116 -0.0144 
-0.0178836 -0.0124 0.0107063 
-0.0192515 0.0124 0.00789638 
-0.0198075 0.0124 0.0138907 
0.0164555 -0.0124 0.0112236 
0.0189229 -0.0124 0.00481972 
-0.0227 0.00235126 -0.0123146 
0.0014558 0.0124 0.0119117 
-0.007986439999999999 -0.0124 -0.0132055 
0.0100074 -0.00379343 0.0162 
-0.0098104 -0.0124 -0.008790920000000001 
0.000180793 -0.00138969  0.017 
0.0156534 -0.00612815 -0.0156 
0.0157354 -0.00583889 0.0162 
-0.00357134 0.000475756 -0.0144 
-0.0197518 -0.00510994  0.017 
0.00640492 -0.000721258 -0.0177 
0.019136 -0.0074697 0.0173478 
0.0227 -0.00685191 -0.0127687 
0.0205789 -0.00377519 0.0187 
0.0006788849999999999 0.00700699 0.0159 
-0.0156092 -0.009011430000000001 0.0159 
-0.00493856 -0.00618964 -0.0163774 
0.00431294 0.0124 0.00198191 
-0.00948822 0.00391758 -0.0177 
0.0227 0.00686535 -0.00544133 
0.0104213 0.00216037 -0.0148902 
-0.00202679 0.0124 0.0132275 
0.0221763 -0.00251113 0.0178516 
-0.0204998 0.0124 0.000978944 
-0.01714 -0.0124 -0.006175 
0.0215023 -0.0105977 0.00443561 
0.011928 -0.00045 0.019384 
0.00455214 -0.00605331 -0.0160456 
0.0227 -0.00670042 0.0005617 
0.00643753 -0.00598425 0.0162 
-0.0147847 -0.0118501 0.0159 
0.00551495 0.008395069999999999 0.0156052 
-0.0166508 -0.0124 -0.00366993 
-0.0182387 0.0123969 -0.0144116 
0.0189124 -0.0124 0.00751913 
-0.00265194 0.0101235 0.0159 
0.0117148 0.00504938 0.0162 
0.013178 0.00967409 -0.0177 
0.0174344 0.000474477 0.0144 
0.00838537 0.0124 -0.00759765 
-0.0172389 0.0124 0.0103235 
-0.009345010000000001 0.00705774 -0.0177 
-0.0149705 -0.0124 -0.0131551 
-0.008400639999999999 0.0112154 -0.0159 
0.016017 -0.007899099999999999 -0.0177 
-0.0227 0.00499821 0.00149985 
0.00546031 -0.0124 0.00672203 
0.01606 -0.00458069 -0.0177 
0.0227 0.00105356 0.008263599999999999 
0.0145881 0.00733926 -0.0144 
0.0197531 -0.00102299 0.0144 
-0.0227 0.00973779 0.0102723 
0.00122488 0.0124 0.0009362869999999999 
-0.0227 -0.0103198 -0.0084954 
-0.008029929999999999 0.00247521 -0.0177 
0.0215391 0.0105609 0.00242406 
-0.0023118 0.0124 0.00851791 
-0.0144911 -0.00408708 -0.0177 
0.019067 -0.00479409 0.0162 
0.0216131 0.0104869 -0.008350379999999999 
0.00265459 -0.00174853 -0.0167483 
-0.0227 -0.00589189 0.0110545 
0.0202058 -0.0107579 0.0144 
0.0116439 -0.008769020000000001 -0.0156 
-0.009026060000000001 -0.0124 -0.0139963 
-0.0227 -0.00785632 -0.0136606 
-0.0224707 9.05201e-05 0.0152558 
0.018608 0.00380513 -0.0144 
0.0227 0.006667 0.0138981 
0.0227 0.000763995 -0.00231162 
-0.0227 -0.00378228 -0.00125783 
0.0138836 -0.0124 0.009458930000000001 
0.00158407 0.0124 -0.0141583 
-0.0173767 0.0124 0.00028103 
-0.00623676 0.0124 0.0104939 
-0.000576036 -0.0124 0.00340089 
-0.0105277 0.00476536  0.017 
-0.0227 0.00770994 0.0137406 
0.0215302 0.0105698 -0.00667307 
0.00883749 -0.00103025 0.0147 
-0.0120641 -0.0098064 0.0159 
0.0114323 0.0124 -0.0109847 
0.0227 0.00653111 0.0105621 
0.000864599 -0.0124 0.0115707 
0.016579 -0.00118544 -0.0144 
0.00643199 -0.0124 -0.00601391 
0.00707075 0.0117214 0.0148824 
0.0178002 0.00779902 -0.0177 
-0.00566069 0.0124 -0.00527904 
-0.000589418 0.007875770000000001 -0.0156369 
-0.0128163 0.0124 -0.0108598 
-0.00215348 0.0012836 -0.0144 
0.0227 -0.0041824 0.00119858 
-0.0154135 0.00684327 -0.0177 
0.0120486 0.0124 0.00053769 
0.0100899 0.00360976 -0.0156 
0.0227 -0.00275664 -0.00332379 
0.017599 -0.0124 -0.00239387 
-0.0016213 -0.0124 -0.0105934 
-0.0108973 0.0124 0.00419164 
0.0115665 0.00254277 0.0144 
-0.0227 0.008345450000000001 -0.003285 
-0.00404562 -0.0106722 -0.0159 
-0.0227 -0.0100723 0.00827491 
0.0162743 -0.00452476 0.0165214 
0.0152777 0.000490226 0.0144 
-0.00216578 0.00729448 0.0159 
0.017933 -0.0124 -0.0139632 
-0.0171603 0.0124 0.00434359 
-0.0205966 0.0124 -0.00604859 
-0.0181334 0.00156146 -0.0159 
-0.00170832 0.0124 -0.00862538 
0.012594 -0.00802101 0.0162 
0.00282498 0.0124 0.0128587 
0.0100788 0.0124 -0.00229014 
0.0227 -0.000472159 0.000956856 
-0.0134065 -0.007 0.0164097 
0.0227 -0.00333159 0.0107408 
-0.0224389 -0.0113868 -0.000285854 
-0.00300865 0.0124 -0.000106649 
-0.00105521 0.000472079 -0.0144 
0.0113135 -0.00542772 0.0162 
0.00700317 0.0101888 -0.0159 
0.009563449999999999 0.009549419999999999 -0.0163368 
0.0185286 -0.0028035 0.0187 
0.0227 -0.00929726 -0.0137214 
-0.000572194 -0.00780523 -0.0174151 
-0.008211049999999999 0.0113224 -0.0159 
-0.0227 -0.009245679999999999 -0.00204167 
-0.0115831 -0.0124 0.00962268 
0.0157026 0.00332896 0.0187 
0.0197651 0.0123349 -0.008936619999999999 
-0.0122147 -0.0124 0.00127844 
0.0227 0.00342944 0.00407463 
0.00637331 0.0124 -0.00317617 
-0.0180319 0.00976489 -0.0159 
0.00688878 -0.00272712 -0.0144 
0.0144704 -0.0124 -0.0124149 
0.00357378 -0.00166021 -0.0144 
0.0155731 0.00127789 -0.0144 
-0.016784 -0.00447666 -0.0177 
0.0188158 -0.00284987 0.0187 
-0.0186304 -0.010965 -0.0159 
-0.00189388 -0.000306609  0.017 
0.0211493 0.0109507 0.0143898 
-0.0174 -0.00360345 -0.0160883 
0.00235374 -0.0124 0.0137338 
-0.0227 -0.00662384 -0.00437218 
-0.0107249 -0.00352743 -0.0177 
0.0190822 -0.0028344 0.0162 
0.0213869 -0.0107131 0.000227533 
-0.0125459 0.00391198 -0.0177 
0.00995914 -0.0124 -0.00622821 
-0.00340246 0.0124 0.0111402 
0.0227 0.000945435 -0.00679756 
-0.0227 -0.00651259 -0.0103692 
0.0124727 0.000965347 0.019126 
0.0144376 -0.00818194 0.0162 
-0.00198898 -0.0124 -0.00533521 
0.0132991 -0.00716804 -0.0177 
-0.00714701 -0.0124 -0.00803536 
-0.0121869 0.0111472 -0.0159 
-0.0081084 -0.0124 0.000912473 
-0.00235941 0.0124 0.00167965 
0.00623521 0.00661941 -0.0144 
-0.0100639 -0.0124 -0.0124268 
0.00739179 0.00905598 0.0144 
-0.009745159999999999 0.0124 -0.0120668 
-0.00442531 0.0124 -0.008481529999999999 
-0.0224863 -0.00763153 0.0151976 
-0.00220089 -0.00355862 -0.0164346 
0.00382227 -0.0124 -0.00721656 
0.00645789 0.000936387 -0.0144 
-0.00727169 0.00815571 -0.0176311 
0.0101074 -0.00357156 -0.0156 
0.0147739 0.000761639 0.0146126 
-0.010281 -0.0124 -0.000758028 
-0.00695342 -0.0124 0.0111375 
0.00349047 -0.00484508 0.0144 
-0.0120487 0.0124 -0.00100322 
-0.000445777 -0.008100990000000001 -0.0144 
-0.0227 -0.0081067 -0.009010020000000001 
0.0130314 0.00705061 0.0187 
0.0164325 0.0124 -0.00596098 
0.0113409 0.00359149 -0.0177 
-0.0130574 -0.000510458  0.017 
-0.008031119999999999 0.00689488 -0.0177 
0.0206433 0.00579859 0.0167463 
0.00636222 -0.00762667 -0.0177 
0.00979237 -0.00751606 0.0162 
0.0119292 -0.00111075 -0.0174758 
-0.00405 0.00771314 -0.0148625 
0.0205263 0.0115737 -0.00308762 
0.0211937 -0.00493579 0.0176308 
0.0148487 0.000483698 0.0144019 
0.0137211 -0.009826100000000001 -0.0156 
-0.00952592 0.009153680000000001 0.0159 
0.0103216 -0.0124 0.00682762 
0.0100975 0.00669843 0.0144 
-0.00261059 -0.0124 -0.000848277 
0.0227 0.0020737 0.00531824 
-0.0117219 0.0124 0.00711972 
-0.00536327 0.0124 -0.00297865 
0.0131145 -0.001088 -0.0162995 
0.00251983 0.000454227 0.0180392 
0.014997 -0.009679470000000001 -0.016396 
0.00733069 -0.0124 -0.00426121 
0.00535434 -0.000994766 0.0162 
0.008106510000000001 0.0124 -0.0109392 
0.0195845 0.0124 0.008811680000000001 
0.00262557 0.00211939 0.0144 
-0.00653393 0.0124 0.0137938 
-0.0161098 0.0124 0.00442865 
-0.0227 0.00460592 0.00181255 
0.0203725 0.0117275 0.00537364 
-0.00140456 -0.0124 -0.00971005 
-0.0202351 -0.0123482 -0.0151358 
-0.0201516 -0.0124 -0.0126348 
0.0227 0.001887 -0.00194595 
0.0146127 0.0124 0.009029550000000001 
0.00480114 0.0124 0.0103561 
0.0222564 0.00215023 0.0172318 
0.0227 -0.000470559 0.0129154 
-0.00806609 0.0124 -0.000937291 
0.00132212 -0.00794505 0.0159 
0.00948922 -0.0124 0.00528916 
0.0105725 0.0124 -0.0005586430000000001 
0.00514728 0.0124 -0.00200573 
-0.0007426209999999999 -0.00701108 -0.0164571 
-0.00318671 0.00639321 -0.0144 
-0.00686082 -0.0124 0.00471041 
-0.0025484 -0.00756343 -0.0186323 
-0.0150156 0.00628355  0.017 
-0.0173242 0.0124 0.00332987 
0.0148012 0.00106257 -0.0183 
0.0176293 0.0124 0.00147572 
0.0108982 0.0124 0.000612007 
-0.0158822 -0.00640603  0.017 
0.0227 0.00697489 -0.0120262 
0.0168923 0.0019182 -0.0144 
0.0171949 -0.00299586 -0.0156 
0.00647519 -0.00377584 -0.0177 
0.0115685 0.00908167 0.0162 
0.0184439 0.00803179 -0.0156772 
-0.0154787 -0.00768607 0.0159 
-0.009210080000000001 0.0124 0.0119204 
0.0206436 -0.000142643 -0.0156 
-0.0122231 -0.00265495 -0.0177 
0.014138 0.0124 -0.0021362 
-0.00489191 -0.0124 0.00829215 
0.00272415 0.0124 -0.000363278 
0.0173551 -0.008735710000000001 -0.016795 
0.0227 -0.0033472 0.00228155 
0.0103464 -0.00924757 -0.0156 
0.00688267 0.000474277 0.0144 
-0.0227 -0.00682546 -0.0142823 
0.00354344 0.00222534 -0.0144 
0.0138493 -0.00989905 0.0163935 
0.0164153 0.00172308 0.0187 
-0.0174 0.00283919 -0.0173264 
-0.0121679 -0.0124 -0.0071774 
-0.0227 -0.00667236 0.0111231 
-0.0227 -0.00598289 -0.00953504 
0.0132835 0.0124 0.008723130000000001 
0.009982929999999999 -0.0103552 -0.0144 
-0.0215816 -0.0064877  0.017 
-0.0226953 0.0105068 0.00560342 
0.0183643 -0.009945310000000001 0.0144 
-0.00248069 0.0118385 -0.0159 
-0.0129982 -0.00745287 -0.0177 
-0.0200144 -0.0118584 0.0145193 
0.0078502 0.00647099 0.0187 
-0.0173663 -0.0124 -0.00986827 
-0.00203628 -0.00163975 -0.0144 
-0.0227 0.000412182 -0.00174297 
-0.0227 0.000686972 0.00654742 
-0.0198338 0.0124 0.0139941 
-0.0225307 -0.0112017 0.013186 
0.0114818 -0.00437914 0.0148727 
-0.00199425 -0.008495050000000001 -0.0156927 
0.00647561 0.00673362 -0.0156 
0.0185401 0.00508571 0.0144 
-0.00215811 -0.00599266 -0.0145511 
0.0150955 0.0109674 -0.0144 
0.00859881 -0.00333359 -0.0156 
0.0181419 0.0051048 -0.0144 
0.0200786 -0.00450871 -0.0144 
-0.0204167 -0.00857395 0.0154378 
0.00249205 0.0124 -0.008057379999999999 
0.0209671 -0.0111329 0.000363964 
-0.00755333 0.000934959 -0.0177 
-0.0172078 0.0124 0.0141921 
-0.00701332 0.009861760000000001 0.0159 
-0.0224983 -0.0112728 0.000350192 
0.00964014 0.00677053 0.0144 
0.010177 -0.00382421 0.0147 
0.00349777 -0.00723962 0.0159 
0.00444171 0.0059094 0.0179699 
-0.0128188 -0.0124 -0.00171031 
0.0101516 0.00588439 0.0162 
-0.0162759 -0.0124 0.010564 
-0.0223118 0.00411864 0.0158487 
0.000377404  0.007 0.0168393 
0.00785156 -0.00373741 0.0163171 
-0.00402201 0.00226982 -0.0144 
-0.0187405 0.0100071 0.0147419 
0.0162949 -0.00447441 -0.0163661 
0.0113625 0.00676511 -0.0144 
0.00674541 0.00266931 0.0144 
-0.0195233 0.00151114  0.017 
0.0224758 -0.000553345 -0.017085 
-0.00328401 0.0124 -0.008814850000000001 
-0.0041227 0.0067077 -0.0159391 
-0.0227 -0.00958985 0.00311375 
6.65055e-05 0.0124 -0.0124331 
0.00478682 -0.00581261 0.0162 
0.01876 0.00611909 0.0162 
-0.00371674 -0.0124 -0.00215853 
0.0207114 -0.009312809999999999 0.0144 
0.011795 -0.00928986 -0.0177 
-0.00627261 0.0124 -0.00171906 
-0.00580342 -0.00545863  0.017 
-0.0117738 0.0113075 0.0159 
-0.0110936 -0.0124 -0.0112037 
0.0198631 -0.00431384 -0.0144 
0.013153 0.00297279 -0.0156 
0.0127865 0.00335025 0.0147 
0.0128564 0.0124 0.0075025 
-0.019179 -0.0101935 0.015669 
-0.0148451 0.0124 -0.00204985 
-0.00802346 0.00401947  0.017 
0.00173408 0.0124 -0.00190738 
-0.0227 0.00935362 -0.00191712 
-0.0204226 0.0124 0.000579579 
0.012969 0.0124 0.00389174 
0.00522524 -0.00684878 -0.0167368 
-0.0223817 0.00500073 -0.015588 
0.0152818 0.0124 -0.00954021 
-0.0126634 -0.00181981 -0.0177 
0.0208898 -0.00998331 -0.0144 
0.00712042 0.0124 0.00373779 
0.00706144 0.00368087 0.0187 
-0.0103296 0.0124 0.008221620000000001 
-0.0127623 -0.0124 0.00728172 
-0.0194991 -0.00990245 0.0157913 
-0.008230380000000001 -0.00142408  0.017 
0.0102378 -0.00973153 0.016487 
0.00415157 0.00840749 -0.0159 
-0.00617955 -0.0124 -0.0131543 
0.015945 -0.0075695 -0.0144 
-0.0136089 -0.009471780000000001 0.0159 
0.0191498 0.00745705 0.0185601 
-0.00981224 0.0124 -0.0100268 
0.0227 0.009079490000000001 -0.008650089999999999 
-0.008078439999999999 -0.0124 -0.0034951 
-0.0215232 0.0004936470000000001 -0.0159 
-0.0227 0.000871702 -0.008842040000000001 
0.0226006 -0.00778661 -0.0144 
0.0125583 0.0124 0.00479016 
-0.0104458 0.0124 0.00712087 
-0.00093221 0.0124 0.0119412 
-0.0174 0.00663467 -0.0173086 
-0.008556909999999999 0.0124 -0.010566 
0.0138613 0.007944339999999999 0.0144 
-0.0055818 0.0124 0.0009578879999999999 
0.0213799 0.00457803 -0.0176961 
0.00892139 -0.0124 0.00833271 
0.0159143 -0.00535718 0.0144 
0.0119747 -0.0011341 -0.0157758 
0.008580559999999999 0.009190129999999999 -0.0175672 
0.00310063 -0.0100902 0.0159 
0.0146492 0.0124 -0.0016856 
-0.0227 0.00343004 -0.0132539 
-0.0110742 -0.0124 0.00661692 
-0.0166526 -0.00801643 0.0159 
0.0198934 0.0122066 0.00598301 
0.0199888 -0.0104325 -0.0144 
0.00987496 -0.00221648 -0.0177 
-0.0168187 0.0118095 0.0159 
0.00621833 -0.0124 -8.124899999999999e-05 
-0.009086540000000001 -0.00772814 -0.0177 
0.00806904 0.00887538 -0.0156 
-0.0195845 -0.0104724 -0.0146657 
0.0227 -0.00297623 0.00138924 
-0.0227 -0.00417543 0.0123391 
0.015295 0.00108425 -0.0179414 
-0.00695601 0.0103661 0.0159 
-0.00401548 0.00667888 -0.0144 
0.010446 0.0124 0.00756808 
0.00403635 0.0124 -0.0117967 
0.0221987 0.0099013 0.00534809 
0.00755425 -0.009696929999999999 0.0144 
-0.0175428 -0.007 0.0163591 
-0.0172575 0.00501539  0.017 
0.0200436 0.0014401 0.0187 
-0.022544 -0.0111694 0.000969237 
-0.00666702 0.0106969 -0.0159 
-0.0227 -0.00220327 -0.0025974 
-0.0227 0.0058024 -0.000705739 
0.00423395 0.0124 0.00411491 
-0.000425953 0.00255587  0.017 
0.0130816 0.00745132 -0.0177 
-0.0227 0.00013774 -0.008123780000000001 
0.0160632 0.00138446 -0.0144 
-0.0160083 0.0124 -0.0118293 
0.0168996 -0.00302543 -0.0156 
-0.000874972 0.0124 0.00531055 
-0.00109344 0.00703975 0.0159 
0.0189069 0.00911181 0.0144 
0.0145799 0.0124 -0.0095823 
0.0164836 0.000437292 0.0187 
0.0227 -0.00268203 0.00876736 
0.0227 -0.0052551 0.00756943 
-0.0227 0.00713895 -0.00693147 
-0.0172709 0.0085311 -0.0177 
-0.0204157 -0.0124 0.014075 
-0.0220213 -0.00386572 0.0169328 
-0.0202469 0.0124 0.0109662 
-0.0221774 0.00310756 0.0163503 
-0.00245812 0.00561823 -0.0192561 
-0.0125774 -0.00138724  0.017 
0.0192094 -0.009482890000000001 -0.0144 
0.0217914 -0.00408688 0.0144 
0.00803887 0.0124 0.00722209 
-0.0197905 -0.0124 -0.0125656 
0.0214853 0.0106147 -0.011184 
0.012725 0.0124 -0.00424885 
0.0214326 0.0106674 0.0117847 
-0.00251471 -0.00253731 -0.0161327 
-0.0198921 -0.00895321 0.0156646 
0.0219517 0.00345277 0.0144 
-0.0124131 0.0124 -0.00705288 
-0.00410749 0.0124 -0.0123024 
-0.0220435 -0.011879 -0.0111578 
0.0226127 -0.009487270000000001 0.0126793 
0.00575779 -0.00158756 -0.0156 
-0.0171171 -0.0124 -0.0128773 
0.0227 -0.00612071 0.008020350000000001 
-0.0227 0.00364166 0.0013539 
-0.0156044 -0.00978241 -0.0159 
-0.00527199 0.0124 0.0143879 
0.0212817 -0.00531538 -0.0144 
0.0161698 -0.00292677 -0.0156 
0.0106314 0.00426072 0.0144 
0.0227 -0.00262445 -0.0106813 
0.0131641 0.0122335 0.0144 
-0.0130393 0.0124 0.00998102 
0.0153096 0.00104891 -0.0180393 
0.0227 0.00472867 -0.011005 
-0.00974208 -0.0123362 0.014638 
0.00683849 -0.0107326 0.0157492 
0.00367575 -0.0107859 0.0157774 
-0.000721549 -0.0124 0.0045758 
0.0176642 0.00273427 0.0187 
-0.00254938 0.00281428 -0.0152013 
0.0150278 -0.007816490000000001 -0.0144 
0.00657785 -0.00324769 0.0144 
-0.00643191 -0.0124 0.00564767 
0.0111312 -0.0042823 0.0160067 
0.0150191 -0.0124 0.00017792 
-0.0227 -0.00937147 0.0128547 
-0.0165061 0.00768002 0.0159 
0.0205337 -0.00594142 0.0184798 
0.00707035 0.00610267 0.0173187 
-0.00133958 -0.0074518 -0.0194 
-0.0182255 -0.0124 -0.00749038 
-0.00180457 -0.0124 -0.0143197 
-0.0227 0.00498564 0.00288397 
0.0202459 0.00615493 -0.0144 
0.0175957 -0.0124 0.0118456 
-0.019448 0.0124 0.00107752 
0.0226821 0.00580675 0.0144 
0.00280864 -0.00483922 0.0152602 
-0.0114646 0.0124 0.0140559 
0.00280607 -0.0124 -0.000538044 
-0.0227 -0.00297609 -0.00200639 
-0.0227 0.00337867 0.00838711 
0.0044872 -0.0123289 0.0155494 
0.0126001 -0.008649850000000001 0.0187 
-0.0173753 0.00650699 -0.0177 
0.00470806 -0.0124 0.009412500000000001 
0.0051172 0.0103778 -0.0159 
-0.00560537 0.0124 -0.00115433 
-0.0200772 -0.0124 0.00183032 
-0.0227 -0.00121944 0.00505262 
0.0179432 -0.0124 0.0102873 
0.00336993 0.0124 0.00876303 
-0.0227 0.00973503 0.0125089 
0.0125575 0.0124 0.009926259999999999 
0.0211159 -0.0109841 0.00560657 
0.0148693 -0.00186495 -0.0156 
0.00846216 0.00409645 0.0170514 
0.009474730000000001 -0.00952913 0.0144 
0.00561163 0.0124 0.00365751 
-0.0205818 0.0124 -0.00213245 
0.0192302 -0.0124 0.00490884 
0.0161797 -0.00702204 -0.0156 
0.00631275 -0.00511747 0.0169465 
0.0194862 -0.00345802 0.0187 
-0.0123919 -0.0124 -0.0111064 
0.010276 0.00335178 0.0144 
0.0165113 0.0024445 -0.0156 
-0.00427741 -0.0122014 -0.0151413 
0.0227 -0.00114625 -0.00447849 
-0.014724 -0.0124 0.0117591 
0.00729767 -0.0124 0.0074743 
-0.0165314 0.0124 0.00145009 
-0.00291138 0.008986869999999999 0.0159 
0.0185323 0.00110713 -0.0144 
0.00396553 0.000906876 0.0187 
-0.00825363 0.00424836  0.017 
0.0221007 0.009999350000000001 -0.00444014 
-0.0109725 -0.000380364  0.017 
0.00464359 0.00356949 -0.0144 
-0.00692498 -0.0124 -0.00469686 
0.0161977 0.0124 0.0129343 
-0.0183846 0.0124 0.00163981 
-0.0103914 -0.00485188  0.017 
-0.0227 -0.00697665 0.00117905 
0.0168944 0.0124 -0.010613 
0.009603 -0.0103888 0.0144 
0.019687 -0.0013379 0.0187 
0.000778881 0.00673697  0.017 
0.0152269 0.003378 0.0147 
-0.0218261 -0.0120517 0.00128882 
0.0155715 -0.0124 -0.0048687 
-0.012844 -0.0122571 0.0149333 
0.0222168 -0.00134981 -0.0156 
0.0206348 0.0104198 0.0144 
0.0116802 0.009964209999999999 0.0178148 
-0.0108068 -0.00189751  0.017 
0.00203756 0.003884 0.0165099 
-0.0227 0.004536 -0.009699599999999999 
-0.0227 -0.00687024 0.0100565 
0.00616817 -0.0010486 -0.0156 
0.0118617 -0.00107404 -0.0145932 
0.00270005 -0.000542071 0.0187 
0.00950994 -0.000227765 -0.0178681 
-0.00118169 0.0121823 0.0152126 
-0.00920356 0.00724298 -0.0177 
0.0227 -0.00891611 0.0104238 
0.0105987 -0.0124 0.00992084 
0.00963309 -0.0124 0.0135342 
0.0113849 0.007925430000000001 -0.0177 
-0.0175676 -0.00154097 -0.0159 
0.0194375 -0.000818769 0.0144 
0.0202924 0.0118076 -0.010263 
-0.0185973 -0.00244793 -0.0159 
0.0227 0.009302680000000001 -0.00486353 
0.0176914 0.00189329 -0.0177 
-0.0223668 0.009757740000000001 -0.0156436 
-0.008486550000000001 0.0042946  0.017 
0.016158 0.0124 -0.00268326 
0.0195307 -0.00486008 -0.0177 
0.0163285 -0.00439905 -0.0158531 
0.00592769 -0.008660559999999999 -0.0154057 
0.0221212 0.008902409999999999 -0.0144 
-0.0187195 -0.00554679 -0.0159 
0.00774356 0.0124 0.00275574 
-0.0220979 -0.00324846 -0.0159 
0.00441939 0.00953352 -0.0146473 
-0.0227 0.00582493 -0.00676673 
0.00600193 0.004748 0.0144 
-0.00196268 0.00188957 -0.0154177 
-0.0116792 -0.00628953 -0.0177 
0.00597616 -0.0111981 -0.0159 
-0.0227 -0.009407209999999999 0.000392902 
0.00489078 -0.0124 -0.00738518 
0.0227 -0.00120441 0.00484908 
0.00668795 -0.000766331 0.0162 
0.00647923 0.0124 0.0119163 
0.0188284 -0.00339381 0.0162 
0.0195897 0.0124 -0.00528296 
0.0215442 -0.00166846 0.0187 
0.0075176 0.0124 -0.0056247 
0.00576532 0.0101715 -0.0159 
-0.00581703 -0.0124 -0.00291763 
0.0143466 -0.00239996 -0.0177 
0.0227 0.0058157 -0.00320721 
-0.0226859 -0.0106236 0.0074016 
-0.00835786 -0.0116965 0.0159 
-0.0168461 -0.0124 0.008518090000000001 
0.0206369 0.00649783 0.0144 
0.00035167 -0.0124 0.008545580000000001 
0.0103939 0.0124 0.000937101 
0.00685162 -0.00386954 -0.0144 
0.000604879 0.0124 0.0005148 
0.00504081 0.00135706 -0.0144 
0.0227 -0.00413911 -0.00380587 
0.0110062 0.0124 0.00188709 
0.009765889999999999 -0.0117683 0.0144 
-0.020956 0.00149699 -0.0159 
-0.00451824 -0.0124 0.00623804 
-0.0197679 -0.008827369999999999 0.0154331 
-0.00321653 0.0124 0.00892942 
-0.0159665 -0.00746044 0.0159 
-0.0151166 0.0124 -0.00148828 
-0.0227 0.00846861 0.00704619 
-0.00943076 0.0120064 -0.015869 
-0.0137447 -0.00641907 -0.0177 
0.0197407 0.00688594 0.0178599 
-0.0175377 -0.00139447 -0.0159 
0.0223276 0.00977245 0.0140003 
0.0126021 -0.00525769 -0.0156 
-0.00977304 0.00442782  0.017 
-0.0165206 0.00555335 -0.0177 
-0.0227 -0.00173906 -0.00072439 
-0.0046087 -0.00135885  0.017 
0.0218103 -0.00107067 0.0162 
0.0227 0.00406236 -0.0032249 
0.0227 -0.008786469999999999 -0.0123156 
0.0227 0.00679197 0.0103165 
-0.014284 -0.00075269 -0.0177 
0.009302980000000001 -0.0124 -0.00841895 
0.0200888 0.00297055 -0.0156 
0.00475514 -0.00524297 0.0162 
-0.0117365 0.000860913 -0.0177 
-0.013528 -0.007 0.0159952 
-0.0227 -0.00371155 0.00567288 
0.0109486 0.00371399 0.0147 
0.015834 0.0124 0.00359843 
-0.0227 0.008395110000000001 0.00202875 
-0.0227 -0.0008568029999999999 -0.00366019 
0.00806924 0.00381302 0.0171104 
0.0151497 -0.00339303 0.0147 
0.0182453 0.000870008 0.0187 
-0.0190613 0.0068305  0.017 
-0.0227 -0.00746117 0.00208092 
-0.0207057 -0.0123998 5.08889e-05 
0.00405686 0.000449576 0.0144 
-0.00439288 0.00419279  0.017 
0.00731452 0.0124 -0.0106991 
0.00675854 -0.00153013 -0.0144 
0.00689349 0.0124 -0.00580428 
-0.00759309 0.00279839  0.017 
0.0101208 0.0124 0.00164551 
-0.0227 0.0062826 -0.009101669999999999 
-0.0119457 0.0124 -0.00915991 
-0.0227 0.00364337 0.00525274 
-0.0209828 -0.0123781 -0.00146654 
-0.000926988 -0.00838122 -0.0144901 
-0.00117238 0.00187505 -0.0176192 
0.00452893 0.00779516 -0.0159 
0.00538857 -0.00702702 0.0165214 
0.00499207 -0.00360625 0.0162 
0.008756150000000001 0.00633584 0.0144 
0.0221251 0.00190596 0.0162 
0.0113569 -0.00252331 -0.0183 
0.018206 -0.007832459999999999 0.0187 
-0.0153695 -0.0112861 -0.0159 
-0.0226962 0.0005002369999999999 0.0144141 
-0.0224782 -0.00697224 0.0152278 
-0.0221615 0.0117626 0.00945816 
0.0149436 0.00377378 0.0147358 
0.0188052 0.00578035 -0.0177 
-0.00513272 -0.00414017 -0.0164818 
-0.0214462 -0.0122536 0.0101829 
0.010197 0.00972249 -0.0165496 
0.0176919 -0.0124 0.0117852 
0.0067615 0.0124 -0.0142958 
0.00632981 -0.00468503 0.0177824 
-0.00251197 -0.00252864 -0.0185322 
0.000175186 -0.00399213 -0.0144 
-0.00326811 0.00303194  0.017 
0.0161737 0.00507502 0.0187 
0.00958201 -0.0124 0.00787363 
-0.0224253 0.0034192 0.0154251 
0.00875975 -0.00526383 0.0185826 
-0.0223387 -0.009490500000000001 0.0144 
0.009957850000000001 0.00203809 -0.0177 
0.00384254 0.0124 -0.00692197 
0.0178228 -0.00614154 0.016226 
-0.007996319999999999 -0.0113367 -0.0159 
-0.0161128 0.00381063  0.017 
0.0227 0.00646795 0.00559029 
-0.00291904 0.00274393  0.017 
-0.012398 0.00597145 -0.0177 
0.0211844 0.00222408 -0.0144 
-0.0227 0.0084978 0.008576240000000001 
0.0227 0.00011418 0.00104003 
-0.000596322 0.0124 -0.0028936 
0.00411621 -0.00543395 -0.0176783 
0.0105058 0.00857021 0.0187 
-0.00161423 -0.00435092 -0.0194 
0.00651626 0.00424855 0.016851 
0.0165449 0.00581076 -0.0176 
0.0129379 -0.00931738 -0.0144 
0.0122103 -0.0124 0.00364888 
0.0216298 0.00186218 0.0144 
0.0104961 0.0029923 -0.0177 
-0.01197 0.0124 0.00197815 
0.009620790000000001 -0.000499898 0.0144 
0.0177094 0.0124 -0.0080085 
-0.00995126 0.0124 -0.0111523 
-0.0209378 0.00705514 -0.0159 
0.0227 -0.00341357 0.0100815 
0.0227 -0.00160807 -0.00780861 
0.009368609999999999 0.0124 0.00559971 
0.009364000000000001 -0.00519471 -0.0156 
-0.0224137 -0.00109377 0.0154686 
0.0109148 -0.0124 -0.00660128 
0.0119031 0.0124 0.00490909 
0.0227 0.0073701 -0.0124395 
-0.0217354 0.00291766  0.017 
0.00471607 0.00745847 0.0150972 
0.0172664 -0.0124 -0.00781454 
0.022449 -0.0009702619999999999 0.0176651 
-0.0226971 -0.010466 -0.0107874 
0.0227 0.00859919 0.0127109 
0.0041023 0.0124 0.00981492 
-0.0227 -0.00383727 -0.00713745 
-0.0227 0.009584550000000001 0.00614364 
-0.00223691 0.00352561 -0.0166808 
0.019044 -0.00164939 0.0187 
0.0211817 0.00755509 0.0144 
-0.0127851 0.0036424  0.017 
0.0190631 -0.00511526 0.0162 
-0.0188405 -0.0124 -0.00330687 
0.0162568 -0.00775985 0.0187 
0.0199182 -0.00276901 -0.0144 
-0.00522403 -0.00521688 -0.0165308 
-0.0227 0.00231438 -0.00589209 
0.014729 -0.00692777 -0.0144 
0.00878642 -0.00253809 0.0147565 
-0.00832259 0.008759050000000001 0.0159 
-0.00321567 0.00307745 -0.0144 
-0.00629724 -4.06932e-05 -0.0171075 
-0.0130042 -0.000223045  0.017 
0.00683532 0.00392451 0.0165172 
0.00507652 0.0124 0.00706809 
0.0129549 -0.00844024 -0.0177 
0.007995159999999999 -0.00611716 -0.0168255 
0.0125147 -0.0080675 0.0162 
-0.00647877 -0.0124 0.0103671 
-0.0181699 -0.0124 0.00630598 
0.00751124 -0.00243263 -0.0144 
-0.0180095 0.00996564 -0.0159 
-0.000552815 -0.00286447 -0.0190626 
0.0216248 -0.00806453 -0.0144 
0.0073183 0.00349901 0.0162 
0.0120238 -0.00600523 0.0162 
0.0153631 -0.00745731 0.0144 
-0.00475966 -0.0013888  0.017 
0.00977216 0.00360849 -0.0156 
-0.00405 0.00573471 -0.0150093 
-0.00973855 0.0124 0.008169920000000001 
-0.00100965 -0.0123234 -0.0146859 
0.009027759999999999 -0.0105451 0.0144 
0.0157979 0.00274369 -0.0144 
0.0227 0.00769614 0.00331932 
0.00604913 -0.00145641 0.0187 
0.0168427 0.00385785 0.0175435 
0.00989578 -0.0124 -0.00348085 
0.0014178 -0.00086019 0.0163478 
-0.00555719 0.00466409 -0.0167098 
0.00749606 -0.00826316 -0.0156 
0.0227 -0.0065476 0.0124113 
-0.00617037 -0.0124 0.000221835 
-0.0135394 0.0124 -0.00795211 
-0.0227 -0.00706714 -0.008695659999999999 
-0.0227 -0.00151182 0.000836907 
-0.0113714 -0.0124 0.00639558 
0.0138313 0.00959666 0.0162 
-0.0146919 0.00566953  0.017 
0.0227 -0.0092887 -0.009994909999999999 
0.012642 -0.00657044 -0.0177 
0.0118149 0.0124 -0.00222838 
0.00649783 -0.005622 0.0169539 
0.0175007 0.00865981 -0.016702 
-0.0097301 -0.000496857  0.017 
0.0131616 0.00286679 -0.0183 
0.00400315 0.00236634 -0.0156 
-0.0227 0.00965091 0.000173418 
0.0181649 -0.00122629 0.0144 
0.01663 0.0124 0.00416099 
-0.0202944 0.008443310000000001 0.0158845 
0.015591 -0.0124 0.0055806 
0.00202103 -0.0124 0.0104808 
0.00708565 -0.0072139 -0.0144 
0.0165067 0.00852089 0.0144 
-0.0197631 0.0124 -0.0143232 
0.020409 -0.011691 0.000876816 
0.0146996 0.0124 -0.00703867 
-0.00357588 -0.0124 -0.00267384 
-0.0194527 0.0124 -0.000707947 
0.0198903 0.00547742 0.0162 
-0.00286788 0.0124 -0.000796583 
-0.0024501 0.00803454 -0.0148587 
-0.0227 0.00680236 -0.006344 
0.0198734 -0.0122266 -0.0038993 
-0.0130597 0.0124 0.0127865 
-0.0147838 0.0092 -0.0175665 
-0.0161424 -0.004244  0.017 
-0.0171467 -0.0122295 -0.0150363 
-0.0227 -4.22378e-05 0.0112539 
0.0197476 -0.0123524 -0.000391898 
-0.00317421 -0.0124 -0.00477253 
0.00854426 -0.000920653 -0.0177 
-0.011223 0.0124 -0.00992431 
-0.0212406 0.0123246 0.00177104 
-0.0227 0.00397763 0.009105719999999999 
0.00918979 -0.0124 -0.00198827 
0.0170009 -0.0124 0.00417719 
0.0117646 -0.0010098 -0.0159181 
0.0170672 -0.00224447 0.0162 
-0.0181588 0.0124 0.007821109999999999 
0.0031469 -0.00621774 0.0167801 
0.00213007 0.0124 -0.00711857 
0.0177521 -0.0124 0.00202982 
-0.001625 -0.010078 -0.0144 
-0.0111744 0.0124 -0.0117158 
0.0227 -0.0077612 -0.00188344 
0.00540561 -0.00534169 -0.0177 
-0.0207794 0.0123965 0.0141699 
-0.0227 0.0006264140000000001 0.00345066 
0.0164167 0.00611376 -0.0144 
-0.0123883 0.0110564 -0.0159 
0.00904348 0.00736493 -0.0156 
3 1727 8389 9597 
3 7178 1727 9597 
3 9659 8389 229 
3 1968 3776 2463 
3 3791 9659 229 
3 2780 3776 6223 
3 1727 2780 6223 
3 2780 1727 7178 
3 796 410 4624 
3 410 796 9808 
3 8389 8203 229 
3 8203 1926 229 
3 8203 7103 1926 
3 7932 1475 7515 
3 8389 918 9597 
3 9659 918 8389 
3 2585 8716 799 
3 8716 917 799 
3 9398 4479 6885 
3 4479 9398 4676 
3 3894 9398 6885 
3 701 2585 799 
3 917 701 799 
3 417 5286 8728 
3 796 2098 9598 
3 1437 1968 2463 
3 7685 1727 6223 
3 1727 7685 8389 
3 6713 944 1926 
3 410 6713 4624 
3 3776 1833 2463 
3 4040 1949 1984 
3 3776 2689 6223 
3 7745 2689 3776 
3 917 4159 6885 
3 4159 3346 6885 
3 3346 4159 917 
3 3346 5367 6885 
3 9398 3359 4676 
3 3359 9398 3894 
3 5732 670 192 
3 2619 3791 229 
3 9830 2619 229 
3 6277 7286 693 
3 6360 7286 6277 
3 3674 3947 1926 
3 3947 3674 192 
3 1926 3947 229 
3 3947 9830 229 
3 7422 6360 6277 
3 7422 7286 6360 
3 5755 7422 67 
3 7286 7422 5755 
3 7020 6005 9307 
3 5900 7020 9307 
3 4516 6734 1526 
3 6820 8777 3619 
3 5624 2227 1502 
3 2227 2410 1502 
3 6320 2227 4516 
3 7999 5624 1502 
3 918 5955 9597 
3 5955 918 9659 
3 8775 8716 2585 
3 8716 8775 6005 
3 6361 8775 2585 
3 701 7277 2585 
3 1857 917 6885 
3 2182 2277 4479 
3 7277 2277 2585 
3 2277 7277 4479 
3 4210 4479 4676 
3 5286 6545 8728 
3 9066 15 7515 
3 2086 7745 3776 
3 6713 9885 4624 
3 9885 6713 2098 
3 9885 796 4624 
3 9885 2098 796 
3 8777 2331 3619 
3 2331 9326 9533 
3 2331 9784 9326 
3 9784 2331 8777 
3 6820 9784 8777 
3 9784 5624 2307 
3 8372 9533 670 
3 5732 8372 670 
3 6719 3794 3791 
3 2619 6719 3791 
3 6719 2619 9830 
3 1715 8775 6361 
3 2353 1420 6034 
3 1420 2353 3794 
3 1715 1420 3794 
3 2713 1833 3776 
3 1833 2713 8835 
3 7685 5056 8389 
3 5056 2689 7745 
3 5056 8203 8389 
3 8203 5056 7103 
3 7103 5056 1926 
3 2098 5056 9598 
3 5056 6713 1926 
3 6713 5056 2098 
3 9661 9596 7673 
3 1095 5367 3346 
3 1095 3346 917 
3 6651 8436 7174 
3 9596 6651 7174 
3 6651 9596 9661 
3 9547 2227 6320 
3 2227 9547 2410 
3 8716 9646 917 
3 4496 9646 9416 
3 5829 3399 8284 
3 5829 3013 3399 
3 3013 5829 8728 
3 584 7286 5755 
3 7286 584 693 
3 681 3947 6277 
3 3947 681 9830 
3 681 6277 693 
3 681 6719 9830 
3 6719 681 693 
3 2736 3947 192 
3 670 2736 192 
3 4733 5900 9307 
3 4733 2410 5900 
3 7163 8716 6005 
3 7020 7163 6005 
3 5624 9018 2307 
3 7999 9018 5624 
3 8586 7277 701 
3 8586 701 917 
3 2277 5926 2585 
3 5926 6361 2585 
3 1337 4210 4676 
3 4210 1337 2182 
3 6744 2182 4479 
3 4210 6744 4479 
3 6744 4210 2182 
3 9448 6545 5286 
3 6545 9448 3902 
3 3744 4040 1984 
3 9889 8684 8835 
3 1949 8684 1984 
3 8695 9889 9235 
3 1668 9066 7515 
3 15 2690 7515 
3 2690 6734 7515 
3 6734 2690 1526 
3 2690 6651 1526 
3 6651 2690 8436 
3 1668 6006 9066 
3 592 6309 3902 
3 9102 592 3902 
3 6309 9832 1437 
3 1437 9832 1968 
3 592 9832 6309 
3 9832 592 9102 
3 3481 2086 9102 
3 2086 932 9102 
3 9832 932 1968 
3 932 9832 9102 
3 1968 932 3776 
3 5420 4449 670 
3 4449 2736 670 
3 5155 5755 67 
3 8353 9784 670 
3 9784 8353 9326 
3 9533 8353 670 
3 9326 8353 9533 
3 8378 5420 670 
3 9784 8378 670 
3 5420 8378 2031 
3 8378 6848 2031 
3 8378 9784 2307 
3 5624 9693 7932 
3 9784 9693 5624 
3 9693 9784 6820 
3 4136 8372 5732 
3 8372 4136 9533 
3 4136 2331 9533 
3 4136 35 3619 
3 2331 4136 3619 
3 796 3477 9808 
3 9458 9995 4848 
3 9995 9458 5976 
3 9995 470 3680 
3 1826 6719 693 
3 6719 1826 3794 
3 3202 1331 3791 
3 1420 7955 6034 
3 7955 5926 6034 
3 5926 7955 6361 
3 7955 1715 6361 
3 7955 1420 1715 
3 3791 7618 9659 
3 5955 1265 9597 
3 1265 5955 9659 
3 3591 1265 9659 
3 5056 8691 2689 
3 8691 7685 6223 
3 2689 8691 6223 
3 5923 5056 7745 
3 5056 5923 9598 
3 6651 5850 1526 
3 5850 6651 6320 
3 5850 4516 1526 
3 5850 6320 4516 
3 8469 6651 9661 
3 8469 1095 917 
3 3895 9547 6320 
3 6651 3895 6320 
3 3895 4496 9416 
3 2410 3450 5900 
3 9547 3450 2410 
3 9646 4793 9416 
3 5600 8469 9661 
3 8469 5600 1095 
3 5367 4845 6885 
3 1297 2516 1785 
3 5829 1297 1785 
3 2516 1297 9732 
3 1297 6274 9732 
3 6274 1297 5829 
3 5673 9056 5147 
3 2516 7005 1785 
3 4845 4097 8835 
3 4097 4845 9056 
3 3359 5774 4676 
3 381 5774 3359 
3 7014 4505 5954 
3 4640 3359 3894 
3 4505 5565 5954 
3 5565 4640 3894 
3 4640 5565 4505 
3 9810 381 3359 
3 8415 2059 8835 
3 2780 9459 3776 
3 7343 9459 2780 
3 2059 1739 2616 
3 1398 2421 35 
3 4136 1398 35 
3 1398 4136 5732 
3 1398 5732 944 
3 6713 1398 944 
3 1398 410 9808 
3 1398 6713 410 
3 2421 826 35 
3 35 826 3619 
3 826 3064 3619 
3 3064 826 3680 
3 3947 7402 6277 
3 2736 7402 3947 
3 7402 1489 6277 
3 7402 2736 1489 
3 7163 781 8716 
3 781 9646 8716 
3 781 4793 9646 
3 726 6820 3619 
3 726 7612 6820 
3 174 5624 7932 
3 174 5151 5624 
3 5151 174 2227 
3 2227 174 4516 
3 174 7932 7515 
3 6734 174 7515 
3 174 6734 4516 
3 3171 2227 5624 
3 5151 3171 5624 
3 3171 5151 2227 
3 8307 2991 9307 
3 6005 8307 9307 
3 7424 3095 6005 
3 4479 8620 6885 
3 1857 8620 917 
3 8620 1857 6885 
3 9289 2277 2182 
3 9289 5926 2277 
3 361 9448 5286 
3 361 417 2782 
3 417 361 5286 
3 3744 6152 4040 
3 4018 6152 3803 
3 6152 4018 4040 
3 1833 4018 2463 
3 4018 1833 4040 
3 8684 1822 1984 
3 1822 8684 9889 
3 1822 3744 1984 
3 5764 1822 9889 
3 6152 5764 3803 
3 9066 8511 15 
3 7005 7160 6478 
3 7160 7005 2516 
3 7160 9596 7174 
3 8436 7160 7174 
3 6006 7160 9066 
3 7160 8511 9066 
3 3079 1668 7515 
3 3079 6006 1668 
3 3350 1693 3258 
3 1693 9995 3258 
3 9995 1693 4848 
3 7160 210 6478 
3 3943 7005 6478 
3 3943 5829 1785 
3 7005 3943 1785 
3 5801 3481 9102 
3 5801 796 9598 
3 9351 2086 3776 
3 932 9351 3776 
3 9351 932 2086 
3 831 4449 5420 
3 831 5420 2031 
3 831 6848 67 
3 6848 831 2031 
3 4449 1900 2736 
3 2736 1900 1489 
3 1900 831 67 
3 831 1900 4449 
3 7422 1900 67 
3 1489 1900 6277 
3 1900 7422 6277 
3 6848 9653 67 
3 3138 9018 7999 
3 9018 3138 2307 
3 3138 3983 2307 
3 3983 8587 2307 
3 8587 8378 2307 
3 8378 8587 6848 
3 9693 1261 7932 
3 1261 9693 6820 
3 7612 1261 6820 
3 1261 7612 1475 
3 1261 1475 7932 
3 3477 352 9808 
3 9995 352 6226 
3 9473 9995 5976 
3 9995 9473 470 
3 4616 1826 693 
3 7684 3202 3791 
3 3794 7684 3791 
3 2353 7684 3794 
3 1331 1655 3791 
3 1655 7618 3791 
3 6081 3591 9659 
3 7618 6081 9659 
3 9761 1949 4040 
3 8684 6369 8835 
3 6369 1833 8835 
3 1833 6369 4040 
3 5935 5056 7685 
3 8691 5935 7685 
3 5935 8691 5056 
3 2086 3646 7745 
3 3646 5923 7745 
3 9547 7097 9416 
3 7097 3895 9416 
3 3895 7097 9547 
3 7585 8469 917 
3 8469 7585 6651 
3 7585 3895 6651 
3 3450 4649 5900 
3 4649 3450 9547 
3 4649 4150 5900 
3 4649 9547 9416 
3 4150 4649 9416 
3 6672 6274 5147 
3 6274 6672 9732 
3 6672 4845 5367 
3 4097 1164 8835 
3 1840 4097 9056 
3 5673 1840 9056 
3 1840 6274 5829 
3 6274 1840 5147 
3 1840 5673 5147 
3 7733 7014 5954 
3 7540 7733 5954 
3 7733 7540 2163 
3 7014 9838 4505 
3 7733 9838 7014 
3 5100 3894 6885 
3 773 7540 5954 
3 5565 773 5954 
3 7540 773 3894 
3 773 5565 3894 
3 9838 1649 4505 
3 1649 7178 9597 
3 1649 9838 7178 
3 4640 655 3359 
3 9459 1986 3776 
3 5315 3746 7343 
3 5144 3746 5315 
3 7777 1739 2059 
3 6167 1398 9808 
3 1398 6167 2421 
3 352 6167 9808 
3 6167 352 2421 
3 584 9616 693 
3 9616 4616 693 
3 4672 7163 7020 
3 4672 781 7163 
3 4150 8704 5900 
3 8704 781 5900 
3 8704 4150 9416 
3 4793 8704 9416 
3 781 8704 4793 
3 7424 8820 3095 
3 8307 8820 1351 
3 8820 1715 1351 
3 8820 7424 1715 
3 3095 8820 6005 
3 8820 8307 6005 
3 1715 800 8775 
3 7424 800 1715 
3 8775 800 6005 
3 800 7424 6005 
3 8586 7825 7277 
3 8620 7825 8586 
3 7277 7825 4479 
3 806 8586 917 
3 8620 806 917 
3 806 8620 8586 
3 9448 2884 3902 
3 2884 6791 3902 
3 4336 6152 3744 
3 1822 4336 3744 
3 4336 5764 6152 
3 5764 4336 1822 
3 8695 6563 9889 
3 6563 5764 9889 
3 5764 6563 8695 
3 2637 4018 3803 
3 5764 2637 3803 
3 4538 2690 15 
3 8511 4538 15 
3 2690 4538 8436 
3 4538 7160 8436 
3 7160 4538 8511 
3 8095 6006 6012 
3 8095 7160 6006 
3 210 8095 6012 
3 8095 210 7160 
3 7731 2516 9732 
3 7731 7160 2516 
3 7731 9732 7673 
3 9596 7731 7673 
3 7160 7731 9596 
3 6006 2120 6012 
3 7468 210 6012 
3 2094 1642 4663 
3 2260 3943 6478 
3 3481 8776 2086 
3 5923 2015 9598 
3 2015 5801 9598 
3 2015 5923 3027 
3 525 9653 6848 
3 525 5155 67 
3 9653 525 67 
3 9730 7999 1502 
3 9730 3138 7999 
3 7941 3477 6226 
3 352 7941 6226 
3 7941 352 3477 
3 1767 9995 3680 
3 352 1767 2421 
3 2708 3477 796 
3 7730 2708 796 
3 5903 9102 3902 
3 7730 5903 3902 
3 5903 7730 796 
3 5801 5903 796 
3 5903 5801 9102 
3 1174 7730 3902 
3 1174 2094 4663 
3 3477 1174 6226 
3 2708 1174 3477 
3 1174 2708 7730 
3 470 9622 3680 
3 9622 8508 3680 
3 7257 3064 3680 
3 8508 7257 3680 
3 5343 8684 1949 
3 5343 6369 8684 
3 9761 5343 1949 
3 5343 9761 4040 
3 6369 5343 4040 
3 4845 4896 9056 
3 6672 4896 4845 
3 9056 4896 5147 
3 4896 6672 5147 
3 9732 6550 7673 
3 6550 9661 7673 
3 9889 7491 9235 
3 7491 9889 8835 
3 1164 7491 8835 
3 1840 4570 4097 
3 4570 5829 8284 
3 4570 1840 5829 
3 4125 5100 6885 
3 4845 4125 6885 
3 4125 4845 8835 
3 9810 6860 381 
3 1649 6860 9810 
3 1649 2853 4505 
3 2853 1649 9810 
3 2853 9810 3359 
3 655 2853 3359 
3 5682 4640 4505 
3 5682 655 4640 
3 2853 5682 4505 
3 5682 2853 655 
3 2084 8415 8835 
3 7303 2084 8835 
3 8415 2084 3776 
3 2084 7303 3776 
3 8933 2713 3776 
3 7303 8933 3776 
3 2713 8933 8835 
3 8933 7303 8835 
3 5527 8415 3776 
3 1986 5527 3776 
3 5527 2099 8415 
3 2099 5527 1986 
3 4376 5144 2616 
3 4376 3746 5144 
3 4376 9300 3746 
3 1739 4376 2616 
3 9300 4376 1739 
3 9459 8844 2059 
3 8844 7777 2059 
3 4737 9459 7343 
3 7777 4737 7343 
3 4737 8844 9459 
3 8844 4737 7777 
3 3647 7777 7343 
3 7777 3647 1739 
3 8552 8307 1351 
3 8307 8552 2991 
3 1715 2639 1351 
3 6156 4672 7020 
3 4672 6156 781 
3 6156 7020 5900 
3 781 6156 5900 
3 8767 8620 4479 
3 7825 8767 4479 
3 8767 7825 8620 
3 417 2128 2782 
3 2128 417 8728 
3 8485 5764 8695 
3 8485 2637 5764 
3 9841 3079 7515 
3 9841 2568 3079 
3 9215 2568 6012 
3 2120 9215 6012 
3 2568 9215 3079 
3 3079 9215 6006 
3 9215 2120 6006 
3 889 7398 210 
3 210 5914 6478 
3 4912 5914 210 
3 3189 7398 7193 
3 1642 8112 1639 
3 3141 1642 2094 
3 1174 3141 2094 
3 3141 1174 3943 
3 5515 2260 1639 
3 2260 5515 3943 
3 8112 5515 1639 
3 5515 3141 3943 
3 3141 5515 1642 
3 2260 4969 1639 
3 5801 4836 3481 
3 4836 8776 3481 
3 6718 2015 3027 
3 5923 6718 3027 
3 8776 6718 2086 
3 6718 3646 2086 
3 3646 6718 5923 
3 2015 6087 5801 
3 6087 4836 5801 
3 4836 6087 8776 
3 6087 6718 8776 
3 6718 6087 2015 
3 1690 352 9995 
3 1767 1690 9995 
3 1690 1767 352 
3 826 3151 3680 
3 3151 1767 3680 
3 3151 826 2421 
3 1767 3151 2421 
3 6791 6591 3902 
3 6591 1174 3902 
3 2750 1174 4663 
3 9995 2750 7447 
3 2750 9995 6226 
3 8884 2750 4663 
3 2750 7398 7447 
3 7398 2750 7193 
3 6672 4452 9732 
3 4452 6550 9732 
3 6550 4452 6672 
3 4443 6672 5367 
3 1095 4443 5367 
3 5600 4443 1095 
3 7142 7652 5315 
3 7652 7142 6826 
3 5525 5144 5315 
3 7652 5525 5315 
3 5243 3682 5100 
3 9838 3512 7178 
3 3512 3682 7178 
3 3682 3512 1330 
3 3512 9838 7733 
3 1330 3512 7733 
3 7994 7733 2163 
3 7994 1330 7733 
3 7540 7994 2163 
3 7994 7540 3894 
3 5100 7994 3894 
3 3682 7994 5100 
3 7994 3682 1330 
3 6656 6253 7178 
3 6656 5243 6253 
3 3682 6656 7178 
3 2118 6875 1163 
3 2122 5100 1163 
3 6875 2122 1163 
3 8744 2099 1986 
3 2099 8744 8415 
3 2485 3647 7343 
3 3746 2485 7343 
3 9300 2485 3746 
3 2485 9300 1739 
3 3647 2485 1739 
3 8552 8344 2991 
3 2991 8344 584 
3 8344 9616 584 
3 8344 8552 1351 
3 2639 8344 1351 
3 361 4999 9448 
3 4999 2884 9448 
3 3943 8361 5829 
3 3058 8361 3943 
3 5829 8361 8728 
3 8361 2128 8728 
3 889 6572 7398 
3 846 7468 6012 
3 846 256 7468 
3 6096 3350 3258 
3 8381 9995 7447 
3 8381 3269 9995 
3 7468 2959 210 
3 5914 1305 6478 
3 6958 1305 7218 
3 1305 8884 7218 
3 1305 6958 6362 
3 1305 2260 6478 
3 2260 1305 6362 
3 2304 4912 7193 
3 2304 5914 4912 
3 4912 6913 7193 
3 6913 3189 7193 
3 1954 4912 210 
3 5533 6958 7218 
3 5533 8884 4663 
3 8884 5533 7218 
3 5533 2260 6362 
3 6958 5533 6362 
3 4265 8112 1642 
3 5515 4265 1642 
3 4265 5515 8112 
3 1174 1847 6226 
3 1847 2750 6226 
3 2750 1847 1174 
3 446 2750 8884 
3 1305 446 8884 
3 446 1305 5914 
3 2304 446 5914 
3 2750 446 7193 
3 446 2304 7193 
3 108 6550 6672 
3 108 5600 9661 
3 6550 108 9661 
3 4067 8171 1163 
3 8171 4067 6826 
3 5100 4067 1163 
3 4125 4067 5100 
3 4067 4125 8835 
3 2059 4067 8835 
3 4067 2059 2616 
3 6826 4067 2616 
3 2957 7142 5315 
3 2957 7343 2780 
3 2957 5315 7343 
3 6826 794 2780 
3 7142 794 6826 
3 5525 6921 5144 
3 6921 5525 7652 
3 6921 7652 6826 
3 6921 6826 2616 
3 5144 6921 2616 
3 5596 3682 5243 
3 6656 5596 5243 
3 5596 6656 3682 
3 1258 5243 5100 
3 2122 1258 5100 
3 9706 6875 6253 
3 9706 2122 6875 
3 5243 9706 6253 
3 1258 9706 5243 
3 9706 1258 2122 
3 3062 9459 2059 
3 8415 3062 2059 
3 8744 3062 8415 
3 4551 1986 9459 
3 4551 8744 1986 
3 3062 4551 9459 
3 4551 3062 8744 
3 8344 2574 9616 
3 2574 8344 2639 
3 9616 2574 4616 
3 4616 2574 1826 
3 1826 2574 3794 
3 2574 1715 3794 
3 2574 2639 1715 
3 1494 4999 361 
3 4999 1494 2128 
3 1494 361 2782 
3 2128 1494 2782 
3 4999 1444 2884 
3 6096 80 256 
3 256 80 7468 
3 3269 8836 7468 
3 8836 2959 7468 
3 8381 8836 3269 
3 2959 8836 8381 
3 2959 7616 210 
3 4532 6913 4912 
3 6913 4532 3189 
3 7398 3161 210 
3 3161 1954 210 
3 1954 3161 7398 
3 3189 9981 7398 
3 9981 1954 7398 
3 8692 5533 4663 
3 5533 8692 2260 
3 4969 8692 1639 
3 1642 8692 4663 
3 8692 1642 1639 
3 8692 4969 2260 
3 4471 3943 3506 
3 4471 3058 3943 
3 6591 3990 1174 
3 9094 3990 6591 
3 3943 3990 3506 
3 1174 3990 3943 
3 4443 2590 6672 
3 2590 108 6672 
3 2590 4443 5600 
3 108 2590 5600 
3 6739 8171 6826 
3 8171 442 1163 
3 442 4983 1163 
3 4983 442 8171 
3 6739 8789 8171 
3 8789 6826 2780 
3 8789 6739 6826 
3 6875 8789 6253 
3 2118 8789 6875 
3 8789 2118 1163 
3 4983 8789 1163 
3 794 1863 2780 
3 1863 794 7142 
3 1863 2957 2780 
3 2957 1863 7142 
3 1368 1978 8361 
3 2884 1978 6791 
3 1978 1368 6791 
3 8472 6591 6791 
3 8472 2724 6591 
3 1444 1615 2884 
3 1615 1444 8361 
3 1615 1978 2884 
3 1978 1615 8361 
3 3725 1444 4999 
3 1444 3725 8361 
3 3725 4999 2128 
3 8361 3725 2128 
3 4300 6096 3258 
3 4300 80 6096 
3 80 4300 7468 
3 9995 4300 3258 
3 3269 4300 9995 
3 4300 3269 7468 
3 3525 2959 8381 
3 3525 7616 2959 
3 3525 889 210 
3 7616 3525 210 
3 4532 3127 3189 
3 3127 9981 3189 
3 2724 8360 6591 
3 6591 8360 3058 
3 8360 5771 3058 
3 5771 7214 3058 
3 7214 8360 2724 
3 8360 7214 5771 
3 7669 4471 3506 
3 4471 7669 9094 
3 3990 7669 3506 
3 7669 3990 9094 
3 4471 428 3058 
3 1817 4983 8171 
3 8789 1817 8171 
3 1817 8789 4983 
3 3050 8789 2780 
3 8789 3050 6253 
3 3050 2780 7178 
3 6253 3050 7178 
3 1368 6168 6791 
3 6168 8472 6791 
3 5606 8381 7447 
3 5606 3525 8381 
3 3525 5606 889 
3 5606 6572 889 
3 7398 5606 7447 
3 6572 5606 7398 
3 9981 2979 1954 
3 3127 2979 9981 
3 1954 2979 4912 
3 2979 4532 4912 
3 2979 3127 4532 
3 1417 7214 2724 
3 1417 6168 1368 
3 7214 1417 3058 
3 8472 1417 2724 
3 6168 1417 8472 
3 1417 8361 3058 
3 1417 1368 8361 
3 6580 4471 9094 
3 428 6580 9094 
3 6580 428 4471 
3 8437 6591 3058 
3 428 8437 3058 
3 8437 9094 6591 
3 8437 428 9094 
3 5732 3674 1926 
3 3674 5732 192 
3 944 5732 1926 
3 7585 9646 4496 
3 9646 7585 917 
3 3895 7585 4496 
3 2991 9730 9307 
3 5155 9730 5755 
3 2410 9730 1502 
3 9730 4733 9307 
3 9730 584 5755 
3 4733 9730 2410 
3 8587 9730 6848 
3 9730 525 6848 
3 9730 2991 584 
3 3138 9730 3983 
3 9730 8587 3983 
3 525 9730 5155 
3 6860 7684 2353 
3 7684 6860 3202 
3 5926 6860 6034 
3 6081 6860 3591 
3 6860 2353 6034 
3 6860 1337 4676 
3 3202 6860 1331 
3 1265 6860 9597 
3 5774 6860 4676 
3 1337 6860 2182 
3 6860 9289 2182 
3 6860 1655 1331 
3 6860 1265 3591 
3 6860 5774 381 
3 9289 6860 5926 
3 1655 6860 7618 
3 6860 6081 7618 
3 6860 1649 9597 
3 8485 3013 8728 
3 6309 8485 3902 
3 8485 6545 3902 
3 8485 8695 9235 
3 8485 1437 2463 
3 3399 8485 8284 
3 6545 8485 8728 
3 8485 6309 1437 
3 3013 8485 3399 
3 7491 8485 9235 
3 4018 8485 2463 
3 8485 4570 8284 
3 2637 8485 4018 
3 8485 1164 4097 
3 8485 7491 1164 
3 4570 8485 4097 
3 9458 6096 5976 
3 7257 6096 3064 
3 1475 6096 7515 
3 6096 9841 7515 
3 3064 6096 3619 
3 1693 6096 4848 
3 7612 6096 1475 
3 6096 726 3619 
3 6096 846 6012 
3 6096 9458 4848 
3 6096 9473 5976 
3 726 6096 7612 
3 6096 1693 3350 
3 9473 6096 470 
3 6096 9622 470 
3 2568 6096 6012 
3 9622 6096 8508 
3 6096 7257 8508 
3 9841 6096 2568 
3 846 6096 256 
Vertices and facets:
- p1727(v44): -0.022 -0.012 0.015
  neighbors: f350 f201 f203 f349 f505 f506
- p8389(v23): -0.018 -0.012 0.016
  neighbors: f201 f410 f225 f506 f380 f408 f886 f888
- p9597(v12): -0.02 -0.012 0.014
  neighbors: f203 f702 f408 f201 f1225 f1686 f2504 f2514
- p7178(v40): -0.022 -0.012 0.014
  neighbors: f2138 f203 f350 f2125 f1687 f1686 f2124 f2136 f2442 f2443
- p9659(v49): 0.0045 -0.012 0.016
  neighbors: f225 f703 f301 f410 f1227 f1222 f1226 f1599 f1600
- p229(v13): 0.014 -0.0098 0.019
  neighbors: f382 f225 f645 f301 f380 f644 f659 f660
- p1968(v59): -0.023 -0.0048 0.015
  neighbors: f1126 f498 f274 f1134 f1136
- p3776(v35): -0.023 -0.011 0.014
  neighbors: f1949 f274 f569 f348 f792 f561 f568 f879 f1529 f1528 f1136 f1353 f1697 f1951 f1948 f1950 f1954 f1955
- p2463(v20): -0.023 -0.0096 0.014
  neighbors: f498 f274 f561 f1449 f2521 f2527
- p3791(v64): 0.019 -0.012 0.014
  neighbors: f644 f1222 f851 f301 f1592 f848 f1213 f1591 f1596 f1597
- p2780(v74): -0.022 -0.012 0.014
  neighbors: f348 f349 f350 f1354 f2269 f2377 f1353 f2385 f2267 f2383 f2440 f2442
- p6223(v6): -0.022 -0.011 0.015
  neighbors: f349 f348 f505 f568 f1234 f1235
- p410(v76): -0.021 0.0055 0.017
  neighbors: f362 f361 f515 f1371 f1372
- p796(v58): -0.022 0.0062 0.017
  neighbors: f1523 f362 f492 f1170 f796 f361 f795 f1859 f1858 f1863 f1864
- p4624(v18): -0.021 0.0051 0.017
  neighbors: f361 f515 f793 f795
- p9808(v31): -0.019 0.0068 0.017
  neighbors: f1371 f362 f1170 f1561 f1716 f1718
- p8203(v81):  0.01 -0.0097 0.019
  neighbors: f380 f383 f382 f888 f889
- p1926(v22): 0.013 -0.0017  0.02
  neighbors: f510 f659 f383 f382 f657 f890 f894 f2473 f2475
- p7103(v45): 0.0085 -0.0092 0.019
  neighbors: f383 f889 f890
- p1475(v85):  0.02 0.012 -0.0096
  neighbors: f400 f1558 f1559 f2537 f2541
- p7932(v47):  0.02 0.012 -0.013
  neighbors: f1402 f1160 f400 f1398 f1555 f1559
- p7515(v14): 0.019 0.012 -0.014
  neighbors: f1087 f1403 f1402 f400 f1089 f752 f1091 f1484 f2011 f2537 f2538
- p918(v88): -0.017 -0.012 0.015
  neighbors: f408 f410 f702 f703
- p8716(v89): 0.019 -0.0078 -0.018
  neighbors: f411 f1030 f934 f414 f705 f704 f1390 f1391
- p2585(v27): 0.019 -0.012 -0.014
  neighbors: f725 f714 f706 f411 f432 f704 f1052 f1053
- p799(v8): 0.015 -0.0095 -0.018
  neighbors: f414 f411 f432 f434
- p917(v36): -0.0022 -0.0081 -0.019
  neighbors: f434 f1422 f579 f1049 f577 f1258 f414 f907 f717 f934 f1621 f1749 f1750 f2479
- p9398(v93): -0.02 -0.012 -0.015
  neighbors: f428 f429 f430 f625 f626
- p4479(v52): 0.0044 -0.012 -0.015
  neighbors: f726 f1059 f1058 f429 f428 f724 f730 f1421 f1747 f1996 f1997
- p6885(v21): -0.021 -0.012 -0.016
  neighbors: f430 f578 f1423 f577 f1286 f1421 f428 f585 f1675 f717 f1929 f1930
- p4676(v39): -0.019 -0.012 -0.014
  neighbors: f625 f429 f730 f1056 f1318 f2502 f2505
- p3894(v73): -0.021 -0.012 -0.014
  neighbors: f430 f1337 f626 f1675 f1343 f1681 f1680 f2132 f2133
- p701(v94): 0.014 -0.0098 -0.018
  neighbors: f432 f714 f434 f1048 f1049
- p417(v99): -0.023 0.011 -0.0093
  neighbors: f457 f1428 f1429 f2001 f2002
- p5286(v98): -0.023  0.01 -0.0019
  neighbors: f1062 f457 f733 f1427 f1429
- p8728(v28): -0.023  0.01 -0.013
  neighbors: f733 f968 f457 f2002 f2174 f2175 f2517 f2523
- p2098(v106): -0.022 0.00032 0.017
  neighbors: f796 f492 f794 f891 f895
- p9598(v30): -0.022 -0.0039 0.017
  neighbors: f492 f891 f1244 f1523 f1838 f1839
- p1437(v107): -0.023 -0.0028 0.014
  neighbors: f498 f1125 f1126 f2521 f2524
- p7685(v109): -0.021 -0.011 0.016
  neighbors: f886 f505 f506 f1234 f1611 f1612
- p6713(v110): 0.011 -0.00051  0.02
  neighbors: f794 f510 f793 f515 f894 f895 f1369 f1372
- p944(v75): 0.013 0.00059  0.02
  neighbors: f510 f1368 f1369 f2475
- p1833(v121): -0.023 -0.011 0.013
  neighbors: f561 f1450 f880 f879 f1449 f1606 f1607
- p1949(v122): -0.023 -0.011 -0.00051
  neighbors: f566 f1076 f1603 f1884 f1886
- p4040(v66): -0.023 -0.011  0.01
  neighbors: f1450 f566 f1603 f1440 f1448 f1067 f1607 f1887 f1888
- p1984(v11): -0.023 -0.011 -0.00078
  neighbors: f1076 f566 f1067 f1451 f1453
- p2689(v123): -0.022 -0.011 0.016
  neighbors: f568 f569 f887 f1233 f1235
- p7745(v67): -0.022 -0.01 0.016
  neighbors: f792 f569 f887 f1242 f1614 f1615
- p4159(v125): -0.017 -0.0092 -0.017
  neighbors: f577 f578 f579
- p3346(v68): -0.017 -0.0087 -0.018
  neighbors: f579 f585 f578 f905 f907
- p5367(v127): -0.022 -0.011 -0.016
  neighbors: f585 f1635 f905 f1286 f2104 f2106
- p3359(v134): -0.021 -0.012 -0.014
  neighbors: f1337 f626 f625 f1319 f1318 f1347 f1688 f1940 f1941
- p5732(v137): 0.014 0.00084  0.02
  neighbors: f1165 f824 f640 f1367 f1368 f2473 f2474 f2475
- p670(v62): 0.021 0.0046 0.019
  neighbors: f1022 f1152 f1141 f824 f1139 f640 f823 f1150 f1154 f1155
- p192(v4): 0.014 0.00036  0.02
  neighbors: f640 f658 f1018 f1022 f2474
- p2619(v138): 0.017 -0.0089 0.018
  neighbors: f644 f645 f851 f852
- p9830(v77): 0.018 -0.0078 0.019
  neighbors: f852 f645 f660 f1014 f1016
- p7286(v140): 0.023 -0.0093 0.014
  neighbors: f669 f651 f652 f667 f1006 f1009
- p6277(v43): 0.021 -0.0046 0.019
  neighbors: f652 f666 f1015 f1385 f651 f1013 f1383 f1541 f1542
- p693(v34): 0.022 -0.0097 0.014
  neighbors: f1017 f651 f1015 f1009 f1202 f1586 f1725 f1726
- p6360(v78): 0.022 -0.0031 0.019
  neighbors: f652 f666 f667
- p3947(v141): 0.014 -0.0011  0.02
  neighbors: f657 f658 f659 f660 f1014 f1013 f1018 f1383 f1384
- p3674(v42): 0.013 -0.0011  0.02
  neighbors: f657 f658 f2473 f2474
- p7422(v142): 0.022 -0.00073 0.019
  neighbors: f669 f668 f666 f667 f1540 f1542
- p5755(v65): 0.023 -0.0091 0.014
  neighbors: f669 f668 f1006 f1143 f2484 f2487
- p67(v19): 0.022 -0.00053 0.019
  neighbors: f1540 f668 f1143 f1534 f1538 f1544 f1845 f1846
- p7020(v144): 0.022 -0.0095 -0.014
  neighbors: f676 f677 f1031 f1727 f1992 f1994
- p6005(v50): 0.022 -0.0099 -0.014
  neighbors: f1031 f1412 f676 f705 f1030 f1417 f1740 f1739 f1743 f1744
- p9307(v15): 0.023 -0.0093 -0.014
  neighbors: f1025 f677 f676 f1411 f1412 f2483 f2486
- p5900(v83): 0.022 0.00054 -0.018
  neighbors: f677 f1626 f1026 f1731 f1025 f1270 f1624 f1730 f1994 f1995
- p6734(v145):  0.02 0.012 -0.014
  neighbors: f682 f1092 f1091 f1403 f1404
- p4516(v84): 0.021 0.011 -0.014
  neighbors: f682 f1255 f1254 f693 f1401 f1404
- p1526(v24): 0.018 0.0081 -0.018
  neighbors: f682 f1093 f1092 f1252 f1254
- p6820(v146):  0.02 0.012 0.011
  neighbors: f688 f1163 f819 f1397 f1396 f1556 f1557
- p8777(v86):  0.02 0.012 0.014
  neighbors: f688 f799 f818 f819
- p3619(v10): 0.019 0.012 0.014
  neighbors: f688 f1169 f1168 f1376 f799 f1374 f1396 f2539 f2542
- p2227(v147): 0.022 0.0098 -0.014
  neighbors: f689 f924 f1401 f692 f693 f923 f1400 f1405 f1407
- p5624(v87): 0.023 0.0094 -0.011
  neighbors: f1399 f1040 f696 f689 f820 f1161 f1039 f1160 f1398 f1405 f1406
- p1502(v25): 0.023 0.0093 -0.012
  neighbors: f692 f689 f696 f1848 f2485
- p2410(v143): 0.023 0.0089 -0.014
  neighbors: f1026 f692 f924 f1270 f1272 f2485 f2488
- p6320(v129):  0.02 0.0065 -0.018
  neighbors: f1255 f923 f1253 f693 f1263 f1264
- p7999(v148): 0.023 0.0094 -0.0027
  neighbors: f696 f1040 f1548 f1848 f1849
- p5955(v149): -0.016 -0.012 0.015
  neighbors: f703 f702 f1225 f1226
- p8775(v150): 0.021 -0.011 -0.014
  neighbors: f704 f705 f706 f859 f1741 f1743
- p6361(v97):  0.02 -0.012 -0.014
  neighbors: f1053 f859 f706 f1217 f1218
- p7277(v152): 0.0069 -0.012 -0.016
  neighbors: f726 f714 f1048 f725 f1745 f1747
- p1857(v153): -0.016 -0.012 -0.016
  neighbors: f717 f1422 f1423
- p2277(v155): 0.016 -0.012 -0.014
  neighbors: f724 f725 f726 f1052 f1425 f1426
- p2182(v96): 0.014 -0.012 -0.014
  neighbors: f1057 f724 f1060 f1058 f1425 f2506 f2507
- p4210(v156): -0.0056 -0.012 -0.014
  neighbors: f1057 f730 f1056 f1059 f1060
- p6545(v157): -0.023  0.01 0.0058
  neighbors: f733 f1062 f1065 f2519 f2523
- p9066(v161): 0.0061 0.012 -0.016
  neighbors: f1087 f1103 f752 f1464 f1479 f1480
- p15(v160): 0.018 0.012 -0.014
  neighbors: f752 f1089 f1464 f1778 f1779
- p2086(v168): -0.022 -0.0083 0.016
  neighbors: f1836 f1614 f1132 f792 f1133 f1530 f1528 f2072 f2073
- p9885(v169): -0.022 0.0029 0.017
  neighbors: f793 f794 f795 f796
- p2331(v170):  0.02 0.012 0.014
  neighbors: f818 f815 f799 f800 f1167 f1169
- p9326(v112): 0.021 0.011 0.014
  neighbors: f815 f800 f1151 f1153
- p9533(v111): 0.019 0.0075 0.019
  neighbors: f1153 f1152 f800 f823 f1166 f1167
- p9784(v173): 0.022 0.0098 0.014
  neighbors: f1159 f1151 f1150 f815 f1155 f820 f818 f819 f1161 f1163
- p2307(v48): 0.023 0.0095 0.013
  neighbors: f820 f1159 f1039 f1550 f1549 f1552 f1553
- p8372(v174): 0.019 0.0071 0.019
  neighbors: f823 f824 f1165 f1166
- p6719(v179):  0.02 -0.012 0.014
  neighbors: f1017 f848 f852 f851 f1016 f1202 f1203
- p3794(v118):  0.02 -0.012 0.014
  neighbors: f1594 f848 f872 f870 f1203 f1592 f2300 f2301
- p1715(v181): 0.022 -0.011 -0.0036
  neighbors: f1738 f1219 f859 f872 f1742 f1741 f1737 f1218 f1987 f2301 f2302
- p1420(v183):  0.02 -0.012 -0.012
  neighbors: f868 f872 f870 f1215 f1219
- p2353(v119):  0.02 -0.012 -0.00082
  neighbors: f870 f868 f1594 f2497 f2501
- p6034(v53): 0.019 -0.012 -0.013
  neighbors: f868 f1215 f1216 f2499 f2501
- p2713(v185): -0.023 -0.011 0.0076
  neighbors: f880 f879 f1950 f1952
- p8835(v38): -0.023 -0.011 -0.014
  neighbors: f1352 f1606 f880 f1637 f1947 f1903 f1075 f1902 f1953 f1310 f1605 f1952 f1931 f1946 f2252 f2253
- p5056(v187): -0.022 -0.007 0.017
  neighbors: f895 f886 f887 f888 f889 f890 f891 f1233 f1244 f894 f1242 f1611 f1613
- p9596(v188): -0.017 0.0085 -0.018
  neighbors: f916 f914 f898 f1475 f1790 f1791
- p9661(v126): -0.017 0.0065 -0.018
  neighbors: f1257 f916 f898 f1280 f1896 f2246 f2247
- p7673(v37): -0.022 0.0091 -0.016
  neighbors: f1790 f898 f1789 f1894 f1896
- p1095(v189): -0.017 -0.006 -0.018
  neighbors: f905 f1258 f907 f1281 f2106 f2107
- p6651(v190): -0.0025 0.0075 -0.019
  neighbors: f1257 f1094 f1252 f916 f913 f914 f1253 f1093 f1264 f1622 f1623
- p8436(v128): -0.0021 0.0084 -0.019
  neighbors: f1478 f913 f1094 f1780 f1781
- p7174(v5): -0.016 0.0091 -0.018
  neighbors: f914 f913 f1475 f1478
- p9547(v192): 0.021 0.0046 -0.018
  neighbors: f1619 f1272 f1617 f923 f924 f1263 f1625 f1627
- p9646(v195): -0.0013 -0.0075 -0.019
  neighbors: f934 f937 f1273 f1391 f1392 f2478 f2479
- p4496(v193): -0.00093 -0.0031 -0.019
  neighbors: f937 f1266 f2478 f2480
- p9416(v130): 0.015 0.0011 -0.018
  neighbors: f1618 f937 f1266 f1628 f1273 f1627 f1617 f1732 f1733
- p5829(v201): -0.023  0.01 -0.014
  neighbors: f1519 f962 f963 f1644 f968 f1290 f1297 f1906 f1907 f2172 f2174
- p3399(v131): -0.023 0.0097 -0.014
  neighbors: f962 f963 f2522 f2525
- p8284(v71): -0.023 0.0083 -0.014
  neighbors: f962 f1906 f2522 f2528
- p3013(v197): -0.023  0.01 -0.014
  neighbors: f963 f968 f2517 f2525
- p584(v209): 0.023 -0.0094 0.013
  neighbors: f1006 f1009 f1725 f2159 f2160 f2487 f2491
- p681(v210):  0.02 -0.0063 0.019
  neighbors: f1013 f1014 f1015 f1016 f1017
- p2736(v211): 0.014 4.8e-05  0.02
  neighbors: f1018 f1386 f1141 f1384 f1022 f1536 f1537
- p4733(v212): 0.023 -5e-05 -0.014
  neighbors: f1025 f1026 f2486 f2488
- p7163(v213): 0.021 -0.0054 -0.017
  neighbors: f1031 f1030 f1390 f1727 f1729
- p9018(v216): 0.023 0.0094 -0.00061
  neighbors: f1039 f1040 f1548 f1549
- p8586(v218): 0.012 -0.0099 -0.018
  neighbors: f1049 f1048 f1746 f1745 f1749 f1751
- p5926(v219): 0.019 -0.012 -0.014
  neighbors: f1217 f1052 f1053 f1216 f1426 f2499 f2511
- p1337(v220): -0.0083 -0.012 -0.014
  neighbors: f1056 f1057 f2502 f2506
- p6744(v221): 0.011 -0.012 -0.014
  neighbors: f1058 f1059 f1060
- p9448(v222): -0.023 0.011 0.0056
  neighbors: f1427 f1062 f1065 f1752 f2166 f2167
- p3902(v9): -0.023  0.01 0.014
  neighbors: f1862 f1122 f1121 f1065 f1753 f1752 f1861 f1867 f2088 f2089 f2518 f2519
- p3744(v223): -0.023 -0.011 0.0075
  neighbors: f1067 f1440 f1453 f1766 f1767
- p8684(v225): -0.023 -0.011 -0.013
  neighbors: f1451 f1075 f1076 f1452 f1605 f1884 f1885
- p9889(v159): -0.023 -0.01 -0.011
  neighbors: f1458 f1452 f1075 f1080 f1771 f1770 f1901 f1902
- p8695(v226): -0.023 -0.01 -0.0014
  neighbors: f1080 f1772 f1770 f2008 f2520
- p9235(v100): -0.023 -0.01 -0.0085
  neighbors: f1080 f1901 f2520 f2526
- p1668(v227): 0.0068 0.012 -0.015
  neighbors: f1087 f1103 f1484 f1485
- p2690(v228): 0.014 0.0098 -0.018
  neighbors: f1094 f1089 f1093 f1091 f1092 f1778 f1780
- p6006(v229): -0.02 0.012 -0.015
  neighbors: f1103 f1479 f1485 f1784 f1783 f1795 f2016 f2017
- p592(v234): -0.023 0.0082 0.015
  neighbors: f1121 f1122 f1127 f1129
- p6309(v167): -0.023 0.0043 0.014
  neighbors: f1121 f1125 f1127 f2518 f2524
- p9102(v108): -0.023 0.0084 0.015
  neighbors: f1132 f1133 f1522 f1129 f1122 f1135 f1861 f1865
- p9832(v235): -0.023 0.0005 0.014
  neighbors: f1125 f1126 f1127 f1129 f1134 f1135
- p3481(v236): -0.022 0.0045 0.015
  neighbors: f1132 f1522 f1836 f2066 f2067
- p932(v237): -0.023 -0.006 0.015
  neighbors: f1133 f1134 f1135 f1136 f1529 f1530
- p4449(v238): 0.022 0.0012 0.019
  neighbors: f1141 f1139 f1532 f1536 f1539
- p5420(v171): 0.022 0.002 0.018
  neighbors: f1139 f1156 f1154 f1532 f1533
- p5155(v239): 0.023 -0.0064 0.014
  neighbors: f1143 f1845 f2484 f2494
- p8353(v241): 0.022  0.01 0.014
  neighbors: f1150 f1151 f1152 f1153
- p8378(v242): 0.022 0.0097 0.014
  neighbors: f1154 f1155 f1156 f1157 f1159 f1553 f1554
- p2031(v113): 0.023 0.0079 0.014
  neighbors: f1157 f1156 f1533 f1535
- p6848(v172): 0.023 0.0083 0.014
  neighbors: f1535 f1544 f1554 f1157 f1534 f1844 f2489 f2490
- p9693(v243): 0.022  0.01 -0.0044
  neighbors: f1160 f1161 f1163 f1555 f1556
- p4136(v244): 0.018 0.0081 0.019
  neighbors: f1169 f1165 f1166 f1167 f1168 f1366 f1367
- p35(v33): 0.017 0.0091 0.019
  neighbors: f1366 f1365 f1168 f1373 f1374
- p3477(v245): -0.022 0.011 0.016
  neighbors: f1170 f1858 f1561 f1852 f1850 f1872 f1874
- p9995(v248): -0.021 0.012 0.014
  neighbors: f2081 f1854 f1489 f1581 f1192 f1197 f1194 f2080 f2190 f1488 f1580 f1563 f2094 f2093 f2189 f2406 f2407
- p9458(v247): -0.02 0.012 0.014
  neighbors: f1192 f1194 f2535 f2544
- p4848(v117): -0.02 0.012 0.012
  neighbors: f1192 f1489 f2540 f2544
- p5976(v63): -0.019 0.012 0.014
  neighbors: f1194 f1580 f2535 f2545
- p470(v177): -0.014 0.012 0.014
  neighbors: f1197 f1581 f1879 f2548 f2549
- p3680(v116): 0.0044 0.012 0.016
  neighbors: f1880 f1377 f1197 f1883 f1854 f1879 f1882 f2083 f2084
- p1826(v250): 0.022 -0.011 0.014
  neighbors: f1202 f1203 f1586 f2299 f2300
- p3202(v252): 0.019 -0.012 0.014
  neighbors: f1213 f1591 f2498 f2503
- p1331(v120): 0.017 -0.012 0.014
  neighbors: f1213 f1596 f2503 f2508
- p7955(v253):  0.02 -0.012 -0.013
  neighbors: f1215 f1216 f1217 f1218 f1219
- p7618(v254): 0.0023 -0.012 0.014
  neighbors: f1597 f1222 f1600 f2512 f2513
- p1265(v255): -0.016 -0.012 0.014
  neighbors: f1225 f1226 f1227 f2504 f2509
- p3591(v184): -0.0095 -0.012 0.014
  neighbors: f1227 f1599 f2500 f2509
- p8691(v257): -0.022 -0.011 0.016
  neighbors: f1235 f1233 f1234 f1612 f1613
- p5923(v259): -0.022 -0.0063 0.017
  neighbors: f1840 f1242 f1838 f1244 f1615 f2071 f2074
- p5850(v261): 0.019 0.0077 -0.018
  neighbors: f1252 f1253 f1254 f1255
- p8469(v262): -0.0025 -0.0049 -0.019
  neighbors: f1281 f1257 f1258 f1280 f1621 f1622
- p3895(v264): -0.0011 0.0053 -0.019
  neighbors: f1263 f1264 f1619 f1266 f1618 f1623 f2480
- p3450(v265): 0.022 0.0013 -0.018
  neighbors: f1270 f1272 f1624 f1625
- p4793(v266): 0.014 -0.0013 -0.018
  neighbors: f1273 f1392 f1733 f1734
- p5600(v267): -0.017 0.0004 -0.018
  neighbors: f1281 f1280 f2107 f2246 f2361 f2362
- p4845(v268): -0.022 -0.01 -0.015
  neighbors: f1311 f1310 f1286 f1890 f1635 f1889 f1930 f1931
- p1297(v269): -0.023  0.01 -0.015
  neighbors: f1289 f1290 f1291 f1296 f1297
- p2516(v198): -0.022  0.01 -0.015
  neighbors: f1291 f1289 f1303 f1474 f1787 f1788
- p1785(v17): -0.023  0.01 -0.015
  neighbors: f1290 f1289 f1303 f1519 f1520
- p9732(v132): -0.022 0.0098 -0.016
  neighbors: f1789 f1632 f1291 f1787 f1296 f1894 f2101 f2102
- p6274(v270): -0.022 0.0083 -0.015
  neighbors: f1297 f1632 f1631 f1296 f1644 f1645
- p5673(v271): -0.023 -0.0025 -0.015
  neighbors: f1298 f1643 f1646
- p9056(v133): -0.023 -0.0076 -0.015
  neighbors: f1643 f1641 f1298 f1311 f1889 f1891
- p5147(v72): -0.023 -0.0045 -0.015
  neighbors: f1631 f1298 f1646 f1645 f1891 f1892
- p7005(v272): -0.022 0.011 -0.015
  neighbors: f1474 f1303 f1472 f1514 f1520
- p4097(v273): -0.023 -0.0093 -0.014
  neighbors: f1310 f1311 f1637 f1641 f1905 f2530 f2532
- p5774(v274): -0.02 -0.012 -0.013
  neighbors: f1318 f1319 f2505 f2510
- p381(v203): -0.021 -0.012 -0.012
  neighbors: f1319 f1347 f1935 f2510
- p7014(v275): -0.021 -0.012 0.0093
  neighbors: f1647 f1322 f1654 f1656
- p4505(v205): -0.021 -0.012 0.0009
  neighbors: f1685 f1344 f1340 f1322 f1654 f1937 f1942 f1944
- p5954(v135): -0.021 -0.012 -0.0039
  neighbors: f1322 f1648 f1340 f1647 f1678 f1679
- p4640(v278): -0.021 -0.012 -0.013
  neighbors: f1337 f1344 f1343 f1688 f1942 f1943
- p5565(v279): -0.021 -0.012 -0.0074
  neighbors: f1340 f1344 f1343 f1679 f1681
- p9810(v280): -0.021 -0.012 5.1e-05
  neighbors: f1936 f1935 f1347 f1938 f1940
- p8415(v281): -0.023 -0.011 -0.01
  neighbors: f1948 f1352 f1954 f1958 f1946 f2151 f2290 f2291
- p2059(v206): -0.023 -0.011 -0.011
  neighbors: f2254 f1972 f1352 f1361 f2253 f1971 f1713 f2288 f2290
- p9459(v282): -0.023 -0.011 0.013
  neighbors: f1353 f1354 f1697 f1971 f1976 f1974 f2288 f2292 f2294
- p7343(v207): -0.022 -0.011 0.013
  neighbors: f1710 f2154 f1354 f1975 f1978 f1974 f2153 f2267 f2268
- p1739(v284): -0.022 -0.011 -0.0066
  neighbors: f1361 f1970 f1713 f1969 f1979 f2156 f2157
- p2616(v136): -0.022 -0.012 -0.01
  neighbors: f2255 f1361 f1969 f1966 f2254 f2275 f2276
- p1398(v285): 0.013 0.0018  0.02
  neighbors: f1365 f1366 f1367 f1368 f1369 f1372 f1371 f1716 f1717
- p2421(v208): 0.011 0.0098 0.019
  neighbors: f1373 f1365 f1719 f1717 f1857 f2085 f2086
- p826(v286): 0.014 0.0099 0.019
  neighbors: f1373 f1374 f1377 f1376 f2083 f2085
- p3064(v249): 0.018 0.012 0.014
  neighbors: f1377 f1376 f1882 f2536 f2539
- p7402(v288): 0.021 -0.0043 0.019
  neighbors: f1383 f1384 f1385 f1386
- p1489(v80): 0.022 -0.0012 0.019
  neighbors: f1386 f1385 f1537 f1541
- p781(v289): 0.022 -0.0025 -0.018
  neighbors: f1734 f1729 f1731 f1390 f1391 f1392 f1993 f1995
- p726(v290):  0.02 0.012 0.0083
  neighbors: f1396 f1397 f2542 f2546
- p7612(v214):  0.02 0.012 -0.0012
  neighbors: f1397 f1557 f1558 f2541 f2546
- p174(v291): 0.021 0.012 -0.014
  neighbors: f1398 f1399 f1400 f1401 f1402 f1403 f1404
- p5151(v215): 0.021 0.011 -0.014
  neighbors: f1400 f1399 f1406 f1407
- p3171(v292): 0.022 0.011 -0.014
  neighbors: f1405 f1406 f1407
- p8307(v293): 0.022 -0.0097 -0.011
  neighbors: f1412 f1411 f1740 f1736 f1984 f1985
- p2991(v287): 0.023 -0.0094 -0.0081
  neighbors: f1411 f1985 f2158 f2159 f2483 f2491
- p7424(v294): 0.021 -0.011 -0.014
  neighbors: f1417 f1738 f1735 f1742 f1744
- p3095(v217): 0.022 -0.01 -0.013
  neighbors: f1417 f1735 f1739
- p8620(v295): -0.00024 -0.012 -0.016
  neighbors: f1423 f1422 f1751 f1421 f1746 f1750 f1996 f1998
- p9289(v296): 0.018 -0.012 -0.014
  neighbors: f1425 f1426 f2507 f2511
- p361(v297): -0.023 0.011 0.0037
  neighbors: f1427 f1428 f1429 f2166 f2303 f2305
- p2782(v54): -0.023 0.011 -0.0062
  neighbors: f1428 f2001 f2305 f2306
- p6152(v299): -0.023 -0.01 0.0095
  neighbors: f1440 f1448 f1447 f1460 f1766 f1768
- p4018(v300): -0.023 -0.0099 0.013
  neighbors: f1450 f1447 f1448 f1449 f1776 f2527 f2529
- p3803(v158): -0.023 -0.01 0.0093
  neighbors: f1447 f1460 f1776 f1777
- p1822(v301): -0.023 -0.011 -0.0095
  neighbors: f1451 f1452 f1453 f1458 f1767 f1769
- p5764(v302): -0.023 -0.01 0.0054
  neighbors: f1769 f1458 f1772 f1460 f1771 f1768 f1777 f2008 f2009
- p8511(v303): 0.0072 0.012 -0.016
  neighbors: f1464 f1480 f1779 f1782
- p7160(v304): -0.021 0.012 -0.016
  neighbors: f1782 f1502 f1480 f1472 f1786 f1474 f1475 f1784 f1781 f1478 f1479 f1788 f1791
- p6478(v105): -0.022 0.012 -0.014
  neighbors: f1502 f2032 f1472 f1827 f1514 f2198 f2203
- p3079(v305): 0.006 0.012 -0.015
  neighbors: f1485 f2012 f1484 f2011 f2015 f2016
- p1693(v306): -0.021 0.012 0.011
  neighbors: f1487 f1488 f1489 f2540 f2547
- p3350(v230): -0.021 0.012 0.0075
  neighbors: f1487 f2183 f2547
- p3258(v57): -0.021 0.012 0.012
  neighbors: f1488 f1487 f2183 f2403 f2406
- p210(v309): -0.021 0.012 -0.013
  neighbors: f1786 f2020 f2033 f1785 f1803 f1502 f2325 f2193 f2032 f2212 f2334 f2333 f2413 f2414
- p3943(v312): -0.022 0.012 -0.014
  neighbors: f2052 f1514 f1827 f2058 f1520 f1519 f2173 f2351 f2056 f2172 f2350 f2357 f2358
- p5801(v313): -0.022 0.0055 0.017
  neighbors: f2066 f1522 f1523 f1865 f1839 f1864 f2075 f2076
- p9351(v314): -0.022 -0.0076 0.015
  neighbors: f1528 f1529 f1530
- p831(v315): 0.022 0.00048 0.018
  neighbors: f1535 f1532 f1533 f1534 f1538 f1539
- p1900(v316): 0.022 -5.9e-05 0.019
  neighbors: f1536 f1537 f1538 f1539 f1540 f1541 f1542
- p9653(v317): 0.023 0.0058 0.014
  neighbors: f1544 f1844 f1846
- p3138(v318): 0.023 0.0093 0.0068
  neighbors: f1550 f1548 f1549 f1849 f2492
- p3983(v240): 0.023 0.0091  0.01
  neighbors: f1550 f1552 f2492 f2493
- p8587(v319): 0.023 0.0089 0.013
  neighbors: f1552 f1553 f1554 f2489 f2493
- p1261(v320):  0.02 0.012 -0.0066
  neighbors: f1555 f1556 f1557 f1558 f1559
- p352(v321): -0.019 0.012 0.016
  neighbors: f1852 f1561 f1719 f1563 f1851 f1718 f1857 f2080 f2082
- p6226(v176): -0.021 0.012 0.016
  neighbors: f1563 f1851 f1850 f1872 f2094 f2234 f2235
- p9473(v324): -0.017 0.012 0.014
  neighbors: f1580 f1581 f2545 f2548
- p4616(v326): 0.022 -0.01 0.014
  neighbors: f1726 f1586 f2298 f2299
- p7684(v327):  0.02 -0.012 0.012
  neighbors: f1591 f1592 f1594 f2497 f2498
- p1655(v328): 0.011 -0.012 0.014
  neighbors: f1596 f1597 f2508 f2512
- p6081(v329): -0.0013 -0.012 0.014
  neighbors: f1599 f1600 f2500 f2513
- p9761(v330): -0.023 -0.011 0.0074
  neighbors: f1603 f1886 f1887
- p6369(v331): -0.023 -0.011 0.0079
  neighbors: f1605 f1606 f1607 f1885 f1888
- p5935(v332): -0.021 -0.011 0.016
  neighbors: f1611 f1612 f1613
- p3646(v333): -0.022 -0.0069 0.017
  neighbors: f1614 f1615 f2073 f2074
- p7097(v334): 0.015 0.0015 -0.018
  neighbors: f1617 f1618 f1619
- p7585(v335): -0.002 -0.0035 -0.019
  neighbors: f1621 f1622 f1623 f2478 f2479 f2480
- p4649(v336): 0.022 0.0022 -0.018
  neighbors: f1624 f1625 f1626 f1627 f1628
- p4150(v196): 0.022 0.00027 -0.018
  neighbors: f1628 f1626 f1730 f1732
- p6672(v337): -0.022 -0.0063 -0.016
  neighbors: f1635 f1892 f1631 f1632 f1890 f2103 f2101 f2104 f2243 f2359 f2360
- p1164(v338): -0.023 -0.0096 -0.014
  neighbors: f1637 f1903 f2530 f2531
- p1840(v339): -0.023 0.0042 -0.014
  neighbors: f1646 f1641 f1645 f1643 f1644 f1905 f1907
- p7733(v340): -0.021 -0.012 0.0023
  neighbors: f1647 f1648 f1649 f1656 f2128 f2127 f2129 f2130
- p7540(v276): -0.021 -0.012 -0.011
  neighbors: f1649 f1678 f1648 f1680 f2131 f2132
- p2163(v204): -0.021 -0.012 -0.0039
  neighbors: f1649 f2129 f2131
- p9838(v341): -0.021 -0.012  0.01
  neighbors: f1656 f1687 f1654 f1685 f2124 f2127
- p5100(v344): -0.022 -0.012 -0.014
  neighbors: f2134 f2133 f2123 f2251 f1675 f1929 f2143 f2250 f2280 f2281
- p773(v345): -0.021 -0.012 -0.011
  neighbors: f1678 f1679 f1680 f1681
- p1649(v346): -0.021 -0.012 0.012
  neighbors: f1687 f1936 f1685 f1686 f1937 f1938 f2514
- p655(v347): -0.021 -0.012 -0.008
  neighbors: f1688 f1941 f1943 f1945
- p1986(v349): -0.023 -0.011  0.01
  neighbors: f1955 f1697 f1959 f2150 f2292 f2293
- p3746(v352): -0.022 -0.011 0.0044
  neighbors: f1711 f1710 f1968 f1967 f2154 f2155
- p5315(v283): -0.022 -0.012 0.012
  neighbors: f1711 f2118 f1710 f2114 f2117 f2266 f2268
- p5144(v351): -0.022 -0.012 -0.0093
  neighbors: f1711 f2117 f1966 f1967 f2272 f2276
- p7777(v353): -0.023 -0.011 -0.0029
  neighbors: f1977 f1713 f1972 f1975 f1978 f1979
- p6167(v354): 0.0078 0.0087 0.019
  neighbors: f1716 f1717 f1718 f1719
- p9616(v355): 0.023 -0.0095 0.013
  neighbors: f1726 f2160 f1725 f2296 f2298
- p4672(v356): 0.022 -0.004 -0.017
  neighbors: f1727 f1729 f1992 f1993
- p8704(v357): 0.022 -0.0011 -0.018
  neighbors: f1730 f1731 f1732 f1733 f1734
- p8820(v358): 0.022 -0.0099 -0.012
  neighbors: f1735 f1736 f1737 f1738 f1739 f1740
- p1351(v91): 0.023 -0.0096 -0.0083
  neighbors: f1984 f1987 f1737 f1736 f2161 f2162
- p800(v359): 0.021 -0.011 -0.014
  neighbors: f1741 f1742 f1743 f1744
- p7825(v360): 0.0056 -0.012 -0.016
  neighbors: f1745 f1746 f1747 f1997 f1998
- p806(v361): 0.011 -0.0099 -0.018
  neighbors: f1749 f1750 f1751
- p2884(v362): -0.023 0.011 0.011
  neighbors: f1752 f1753 f2167 f2389 f2312 f2395 f2397
- p6791(v298): -0.023 0.011 0.012
  neighbors: f1753 f2088 f2390 f2389 f2393 f2446 f2447
- p4336(v364): -0.023 -0.01 0.0086
  neighbors: f1766 f1767 f1768 f1769
- p6563(v365): -0.023 -0.01 -0.007
  neighbors: f1770 f1771 f1772
- p2637(v366): -0.023 -0.01 0.0051
  neighbors: f1776 f1777 f2009 f2529
- p4538(v367): 0.013  0.01 -0.018
  neighbors: f1778 f1779 f1780 f1781 f1782
- p8095(v368): -0.021 0.012 -0.015
  neighbors: f1783 f1784 f1785 f1786
- p6012(v162): -0.02 0.012 -0.014
  neighbors: f1783 f1785 f1803 f1795 f2014 f2013 f2180 f2543 f2550
- p7731(v369): -0.022 0.011 -0.016
  neighbors: f1787 f1788 f1789 f1790 f1791
- p2120(v371): -0.02 0.012 -0.014
  neighbors: f1795 f2014 f2017
- p7468(v373): -0.021 0.012 -0.013
  neighbors: f2181 f1803 f2321 f2319 f2180 f2193 f2320 f2405 f2408
- p1642(v377): -0.022 0.012 0.0067
  neighbors: f2224 f1824 f2048 f2050 f2060 f2223 f2342 f2343
- p2094(v311): -0.022 0.012 0.0096
  neighbors: f1868 f1824 f2050 f2051
- p4663(v104): -0.022 0.012 0.012
  neighbors: f2096 f1824 f2219 f1868 f2092 f2339 f2342
- p2260(v378): -0.022 0.012 -0.01
  neighbors: f1827 f2204 f2221 f2056 f2061 f2203 f2055 f2340 f2344
- p8776(v379): -0.022 -0.0064 0.016
  neighbors: f2072 f1836 f2067 f2077 f2078
- p2015(v380): -0.022 -0.0023 0.017
  neighbors: f1838 f1839 f1840 f2069 f2075 f2079
- p3027(v258): -0.022 -0.0057 0.017
  neighbors: f1840 f2069 f2071
- p525(v381): 0.023 0.0034 0.014
  neighbors: f1844 f1845 f1846 f2490 f2494
- p9730(v382): 0.023 0.0093 -0.0049
  neighbors: f1848 f1849 f2483 f2484 f2485 f2486 f2487 f2488 f2489 f2490 f2491 f2492 f2493 f2494
- p7941(v383): -0.021 0.012 0.016
  neighbors: f1850 f1851 f1852
- p1767(v384): -0.017 0.012 0.016
  neighbors: f1857 f1854 f2082 f2081 f2084 f2086
- p2708(v385): -0.022 0.011 0.016
  neighbors: f1858 f1859 f1874 f1875
- p7730(v322): -0.022 0.011 0.015
  neighbors: f1863 f1862 f1859 f1867 f1875
- p5903(v386): -0.022 0.0083 0.016
  neighbors: f1861 f1862 f1863 f1864 f1865
- p1174(v387): -0.022 0.011 0.014
  neighbors: f2052 f1867 f1868 f2051 f2236 f2089 f1872 f2234 f1874 f1875 f2092 f2354 f2358
- p9622(v388): -0.0053 0.012 0.014
  neighbors: f1879 f1880 f2549 f2551
- p8508(v325): 0.0047 0.012 0.014
  neighbors: f1880 f1883 f2551 f2552
- p7257(v389): 0.0053 0.012 0.014
  neighbors: f1882 f1883 f2536 f2552
- p5343(v390): -0.023 -0.011 0.0084
  neighbors: f1884 f1885 f1886 f1887 f1888
- p4896(v391): -0.023 -0.0074 -0.015
  neighbors: f1889 f1890 f1891 f1892
- p6550(v392): -0.022 0.0051 -0.016
  neighbors: f2103 f1894 f2102 f1896 f2243 f2247
- p7491(v393): -0.023 -0.0099 -0.013
  neighbors: f1901 f1902 f1903 f2526 f2531
- p4570(v394): -0.023 0.0063 -0.014
  neighbors: f1905 f1906 f1907 f2528 f2532
- p4125(v400): -0.022 -0.012 -0.015
  neighbors: f1929 f1930 f1931 f2251 f2252
- p6860(v401): -0.021 -0.012 0.0063
  neighbors: f1935 f1936 f2497 f2498 f2499 f2500 f2501 f2502 f2503 f2504 f2505 f2506 f2507 f2508 f2509 f2510 f2511 f2512 f2513 f2514
- p2853(v402): -0.021 -0.012 -0.00083
  neighbors: f1937 f1938 f1941 f1940 f1944 f1945
- p5682(v403): -0.021 -0.012 -0.0036
  neighbors: f1942 f1943 f1944 f1945
- p2084(v404): -0.023 -0.011 -0.0059
  neighbors: f1946 f1947 f1948 f1949
- p7303(v348): -0.023 -0.011 -0.0031
  neighbors: f1949 f1947 f1951 f1953
- p8933(v405): -0.023 -0.011 -0.00025
  neighbors: f1950 f1951 f1952 f1953
- p5527(v406): -0.023 -0.011 0.0084
  neighbors: f1954 f1955 f1958 f1959
- p2099(v407): -0.023 -0.011 -8.4e-05
  neighbors: f1959 f1958 f2150 f2151
- p4376(v409): -0.022 -0.011 -0.0025
  neighbors: f1966 f1967 f1968 f1969 f1970
- p9300(v408): -0.022 -0.011 -0.00029
  neighbors: f1970 f1968 f2155 f2156
- p8844(v410): -0.023 -0.011 -0.0071
  neighbors: f1971 f1972 f1976 f1977
- p4737(v411): -0.023 -0.011 0.0064
  neighbors: f1974 f1975 f1976 f1977
- p3647(v412): -0.022 -0.011 -0.0047
  neighbors: f1978 f1979 f2153 f2157
- p8552(v413): 0.023 -0.0095 -0.0072
  neighbors: f1985 f1984 f2158 f2161
- p2639(v414): 0.022 -0.0096 0.0068
  neighbors: f2162 f1987 f2297 f2302
- p6156(v415): 0.022 -0.0034 -0.017
  neighbors: f1992 f1993 f1994 f1995
- p8767(v416): 0.003 -0.012 -0.016
  neighbors: f1996 f1997 f1998
- p2128(v417): -0.023 0.011 -0.01
  neighbors: f2175 f2306 f2001 f2002 f2304 f2401 f2402
- p8485(v418): -0.023 -0.01 0.0011
  neighbors: f2008 f2009 f2517 f2518 f2519 f2520 f2521 f2522 f2523 f2524 f2525 f2526 f2527 f2528 f2529 f2530 f2531 f2532
- p9841(v419): 0.0068 0.012 -0.014
  neighbors: f2011 f2012 f2538 f2553
- p2568(v370): 0.0036 0.012 -0.014
  neighbors: f2012 f2013 f2015 f2550 f2553
- p9215(v420): -0.018 0.012 -0.014
  neighbors: f2013 f2014 f2015 f2016 f2017
- p889(v421): -0.021 0.012 0.0075
  neighbors: f2020 f2413 f2178 f2450 f2451
- p7398(v372): -0.021 0.012 0.0096
  neighbors: f2178 f2020 f2098 f2038 f2097 f2337 f2335 f2333 f2336 f2452 f2453
- p5914(v424): -0.022 0.012 -0.012
  neighbors: f2032 f2033 f2206 f2198 f2239 f2240
- p4912(v374): -0.022 0.012 -0.012
  neighbors: f2212 f2033 f2206 f2205 f2209 f2329 f2456 f2457
- p3189(v425): -0.021 0.012 0.0056
  neighbors: f2038 f2336 f2210 f2330 f2415 f2416
- p7193(v231): -0.022 0.012 0.0078
  neighbors: f2210 f2038 f2098 f2205 f2209 f2241 f2242
- p8112(v427): -0.022 0.012 -0.0065
  neighbors: f2048 f2057 f2223 f2225
- p1639(v233): -0.022 0.012 -0.0069
  neighbors: f2057 f2061 f2055 f2048 f2341 f2343
- p3141(v428): -0.022 0.012 0.0028
  neighbors: f2050 f2051 f2052 f2058 f2060
- p5515(v429): -0.022 0.012 -0.012
  neighbors: f2055 f2056 f2057 f2058 f2060 f2224 f2225
- p4969(v430): -0.022 0.012 -0.0083
  neighbors: f2061 f2341 f2344
- p4836(v431): -0.022 0.0021 0.016
  neighbors: f2066 f2067 f2076 f2077
- p6718(v432): -0.022 -0.0067 0.016
  neighbors: f2069 f2074 f2071 f2072 f2073 f2078 f2079
- p6087(v433): -0.022 -0.0016 0.016
  neighbors: f2075 f2076 f2077 f2078 f2079
- p1690(v434): -0.018 0.012 0.016
  neighbors: f2080 f2081 f2082
- p3151(v435): 0.012  0.01 0.019
  neighbors: f2083 f2084 f2085 f2086
- p6591(v436): -0.023 0.011 0.014
  neighbors: f2422 f2088 f2089 f2355 f2394 f2393 f2420 f2354 f2469 f2471
- p2750(v437): -0.022 0.012 0.014
  neighbors: f2092 f2093 f2094 f2236 f2096 f2097 f2098 f2235 f2237 f2241
- p7447(v164): -0.021 0.012 0.013
  neighbors: f2189 f2093 f2097 f2448 f2452
- p8884(v308): -0.022 0.012 0.0089
  neighbors: f2220 f2219 f2096 f2200 f2237 f2238
- p4452(v438): -0.022 0.0042 -0.016
  neighbors: f2101 f2102 f2103
- p4443(v439): -0.022 -0.0041 -0.016
  neighbors: f2104 f2107 f2106 f2359 f2361
- p7142(v441): -0.022 -0.012 0.0084
  neighbors: f2116 f2114 f2266 f2271 f2384 f2386
- p7652(v396): -0.022 -0.012 -0.0029
  neighbors: f2118 f2116 f2114 f2273 f2274
- p6826(v342): -0.022 -0.012 -0.013
  neighbors: f2116 f2255 f2271 f2275 f2249 f2269 f2274 f2365 f2377 f2378
- p5525(v442): -0.022 -0.012 -0.0026
  neighbors: f2117 f2118 f2272 f2273
- p3682(v443): -0.022 -0.012 -0.0042
  neighbors: f2123 f2126 f2135 f2125 f2134 f2138 f2277 f2279
- p5243(v398): -0.022 -0.012 0.0069
  neighbors: f2123 f2280 f2137 f2278 f2277 f2285 f2286
- p3512(v444): -0.022 -0.012 0.0079
  neighbors: f2124 f2125 f2126 f2127 f2128
- p1330(v397): -0.022 -0.012 -0.0042
  neighbors: f2128 f2126 f2130 f2135
- p7994(v445): -0.021 -0.012 -0.009
  neighbors: f2129 f2130 f2131 f2132 f2133 f2134 f2135
- p6656(v446): -0.022 -0.012 0.012
  neighbors: f2136 f2137 f2138 f2278 f2279
- p6253(v343): -0.022 -0.012 0.011
  neighbors: f2379 f2285 f2136 f2283 f2137 f2441 f2443
- p2118(v447): -0.022 -0.012 -0.01
  neighbors: f2141 f2380 f2381
- p6875(v399): -0.022 -0.012 -0.01
  neighbors: f2284 f2141 f2144 f2283 f2379 f2380
- p1163(v277): -0.022 -0.012 -0.012
  neighbors: f2144 f2141 f2250 f2143 f2248 f2368 f2367 f2381 f2382
- p2122(v448): -0.022 -0.012 -0.012
  neighbors: f2143 f2144 f2281 f2284 f2287
- p8744(v449): -0.023 -0.011 0.004
  neighbors: f2151 f2291 f2150 f2293 f2295
- p2485(v450): -0.022 -0.011 -0.0031
  neighbors: f2153 f2154 f2155 f2156 f2157
- p8344(v451): 0.023 -0.0095 0.0071
  neighbors: f2158 f2159 f2160 f2161 f2162 f2296 f2297
- p4999(v452): -0.023 0.011 0.0039
  neighbors: f2312 f2167 f2166 f2304 f2303 f2399 f2401
- p8361(v453): -0.023 0.011 -0.012
  neighbors: f2174 f2175 f2402 f2398 f2172 f2173 f2396 f2388 f2400 f2464 f2465
- p3058(v363): -0.023 0.011 -0.011
  neighbors: f2423 f2173 f2425 f2436 f2351 f2422 f2464 f2461 f2469 f2470
- p6572(v454): -0.021 0.012 0.0084
  neighbors: f2178 f2451 f2453
- p846(v455): -0.02 0.012 -0.013
  neighbors: f2180 f2181 f2543 f2554
- p256(v422): -0.021 0.012 -0.012
  neighbors: f2181 f2318 f2319 f2554
- p6096(v456): -0.021 0.012 -0.0028
  neighbors: f2183 f2318 f2403 f2404 f2535 f2536 f2537 f2538 f2539 f2540 f2541 f2542 f2543 f2544 f2545 f2546 f2547 f2548 f2549 f2550 f2551 f2552 f2553 f2554
- p8381(v458): -0.021 0.012 0.012
  neighbors: f2189 f2190 f2323 f2322 f2409 f2448 f2449
- p3269(v423): -0.021 0.012 -0.0037
  neighbors: f2322 f2190 f2320 f2407 f2408
- p2959(v459): -0.021 0.012 -0.013
  neighbors: f2193 f2323 f2321 f2325 f2409 f2410
- p1305(v460): -0.022 0.012 -0.012
  neighbors: f2198 f2199 f2200 f2204 f2202 f2203 f2238 f2239
- p6958(v426): -0.022 0.012 -0.0072
  neighbors: f2202 f2199 f2216 f2222
- p7218(v307): -0.022 0.012 -0.0019
  neighbors: f2200 f2199 f2216 f2220
- p6362(v376): -0.022 0.012 -0.0082
  neighbors: f2204 f2202 f2221 f2222
- p2304(v461): -0.022 0.012 -0.0074
  neighbors: f2205 f2206 f2240 f2242
- p6913(v462): -0.021 0.012 -0.0033
  neighbors: f2209 f2210 f2329 f2330
- p1954(v463): -0.021 0.012 -0.012
  neighbors: f2212 f2335 f2337 f2334 f2454 f2456
- p5533(v464): -0.022 0.012 0.0079
  neighbors: f2216 f2222 f2221 f2219 f2220 f2339 f2340
- p4265(v465): -0.022 0.012 -0.00089
  neighbors: f2223 f2224 f2225
- p1847(v468): -0.022 0.012 0.015
  neighbors: f2234 f2235 f2236
- p446(v469): -0.022 0.012 -0.0039
  neighbors: f2237 f2238 f2239 f2240 f2241 f2242
- p108(v470): -0.022 0.0032 -0.016
  neighbors: f2243 f2247 f2246 f2360 f2362
- p4067(v471): -0.022 -0.012 -0.014
  neighbors: f2248 f2249 f2250 f2251 f2252 f2253 f2254 f2255
- p8171(v440): -0.022 -0.012 -0.012
  neighbors: f2369 f2249 f2367 f2248 f2365 f2375 f2437 f2438
- p2957(v474): -0.022 -0.012 0.013
  neighbors: f2268 f2266 f2267 f2385 f2386
- p794(v475): -0.022 -0.012 -0.0031
  neighbors: f2269 f2271 f2383 f2384
- p6921(v476): -0.022 -0.012 -0.0077
  neighbors: f2272 f2273 f2274 f2275 f2276
- p5596(v477): -0.022 -0.012 0.0096
  neighbors: f2277 f2278 f2279
- p1258(v478): -0.022 -0.012 -0.0054
  neighbors: f2280 f2281 f2286 f2287
- p9706(v479): -0.022 -0.012 0.0013
  neighbors: f2283 f2284 f2285 f2286 f2287
- p3062(v480): -0.023 -0.011 0.0032
  neighbors: f2288 f2291 f2290 f2294 f2295
- p4551(v481): -0.023 -0.011 0.011
  neighbors: f2292 f2293 f2294 f2295
- p2574(v482): 0.023 -0.0096 0.013
  neighbors: f2296 f2297 f2298 f2299 f2300 f2301 f2302
- p1494(v483): -0.023 0.011 0.0013
  neighbors: f2303 f2304 f2305 f2306
- p1444(v485): -0.023 0.011 0.0042
  neighbors: f2312 f2396 f2395 f2399 f2400
- p80(v486): -0.021 0.012 -0.011
  neighbors: f2319 f2318 f2404 f2405
- p8836(v487): -0.021 0.012 -0.0096
  neighbors: f2320 f2321 f2322 f2323
- p7616(v488): -0.021 0.012 -0.0046
  neighbors: f2325 f2410 f2414
- p4532(v489): -0.021 0.012 -0.0041
  neighbors: f2329 f2330 f2415 f2457 f2458
- p3161(v490): -0.021 0.012 -0.011
  neighbors: f2333 f2334 f2335
- p9981(v491): -0.021 0.012 0.0018
  neighbors: f2336 f2337 f2416 f2454 f2455
- p8692(v492): -0.022 0.012 0.0094
  neighbors: f2339 f2340 f2341 f2342 f2343 f2344
- p4471(v494): -0.022 0.011 -0.011
  neighbors: f2430 f2350 f2351 f2429 f2436 f2466 f2468
- p3506(v165): -0.022 0.011 -0.012
  neighbors: f2350 f2357 f2429 f2431
- p3990(v495): -0.022 0.011 0.013
  neighbors: f2354 f2355 f2358 f2357 f2431 f2432
- p9094(v467): -0.022 0.011 0.004
  neighbors: f2432 f2355 f2430 f2467 f2466 f2471 f2472
- p2590(v496): -0.022 -0.00021 -0.016
  neighbors: f2359 f2360 f2361 f2362
- p6739(v497): -0.022 -0.012 -0.0093
  neighbors: f2365 f2375 f2378
- p442(v498): -0.022 -0.012 -0.0077
  neighbors: f2367 f2368 f2369
- p4983(v473): -0.022 -0.012 -0.0034
  neighbors: f2368 f2369 f2382 f2437 f2439
- p8789(v500): -0.022 -0.012 0.011
  neighbors: f2382 f2375 f2439 f2377 f2378 f2379 f2380 f2381 f2438 f2440 f2441
- p1863(v501): -0.022 -0.012 0.0012
  neighbors: f2383 f2384 f2385 f2386
- p1978(v502): -0.023 0.011 -0.0025
  neighbors: f2390 f2388 f2389 f2397 f2398
- p1368(v484): -0.023 0.011 -0.0064
  neighbors: f2446 f2388 f2390 f2460 f2465
- p8472(v503): -0.023 0.011 0.012
  neighbors: f2394 f2393 f2447 f2462 f2463
- p2724(v466): -0.023 0.011 0.011
  neighbors: f2420 f2394 f2427 f2459 f2462
- p1615(v504): -0.023 0.011 -0.0022
  neighbors: f2395 f2396 f2397 f2398
- p3725(v505): -0.023 0.011 -0.012
  neighbors: f2399 f2400 f2401 f2402
- p4300(v506): -0.021 0.012 -0.0018
  neighbors: f2403 f2404 f2405 f2406 f2407 f2408
- p3525(v507): -0.021 0.012 0.00093
  neighbors: f2409 f2410 f2414 f2413 f2449 f2450
- p3127(v508): -0.021 0.012 0.0005
  neighbors: f2415 f2416 f2455 f2458
- p8360(v509): -0.023 0.011 0.012
  neighbors: f2420 f2423 f2422 f2427 f2428
- p5771(v493): -0.023 0.011 0.00078
  neighbors: f2423 f2425 f2428
- p7214(v510): -0.023 0.011 -0.00092
  neighbors: f2428 f2425 f2427 f2459 f2461
- p7669(v511): -0.022 0.011 -0.0049
  neighbors: f2429 f2430 f2431 f2432
- p428(v512): -0.022 0.011 0.0081
  neighbors: f2468 f2436 f2467 f2470 f2472
- p1817(v513): -0.022 -0.012 0.0008
  neighbors: f2437 f2438 f2439
- p3050(v514): -0.022 -0.012 0.013
  neighbors: f2440 f2441 f2442 f2443
- p6168(v515): -0.023 0.011 0.0097
  neighbors: f2447 f2446 f2460 f2463
- p5606(v516): -0.021 0.012 0.012
  neighbors: f2448 f2449 f2450 f2451 f2452 f2453
- p2979(v517): -0.021 0.012 -0.0052
  neighbors: f2454 f2455 f2456 f2457 f2458
- p1417(v518): -0.023 0.011 -0.0075
  neighbors: f2459 f2460 f2461 f2462 f2463 f2464 f2465
- p6580(v519): -0.022 0.011 0.0012
  neighbors: f2466 f2467 f2468
- p8437(v520): -0.022 0.011 0.011
  neighbors: f2469 f2470 f2471 f2472
- f201
    - flags: top simplicial
    - normal:   -0.1676  -0.9017   0.3987
    - offset: -0.02021325
    - center: -0.02014326666666666 -0.01201996666666667 0.01504906666666667 
    - vertices: p1727(v44) p8389(v23) p9597(v12)
    - neighboring facets: f408 f203 f506
- f203
    - flags: bottom simplicial
    - normal:   -0.2117  -0.9113   0.3532
    - offset: -0.0205942
    - center: -0.02123986666666667 -0.01208573333333333 0.0143917 
    - vertices: p1727(v44) p7178(v40) p9597(v12)
    - neighboring facets: f1686 f201 f350
- f225
    - flags: top simplicial tested
    - normal:  -0.002095  -0.7718   0.6358
    - offset: -0.01939314
    - center: 0.0002242999999999996 -0.0113657 0.01670456666666667 
    - vertices: p9659(v49) p8389(v23) p229(v13)
    - neighboring facets: f380 f301 f410
- f274
    - flags: top simplicial tested
    - normal:   -0.9858 -0.02011   0.1665
    - offset: -0.02486303
    - center: -0.02266446666666667 -0.008466686666666667 0.01410843333333333 
    - vertices: p1968(v59) p3776(v35) p2463(v20)
    - neighboring facets: f561 f498 f1136
- f301
    - flags: top simplicial tested
    - normal:   0.03997  -0.8327   0.5523
    - offset: -0.01903358
    - center: 0.01263303333333333 -0.01149536666666667 0.01621646666666667 
    - vertices: p3791(v64) p9659(v49) p229(v13)
    - neighboring facets: f225 f644 f1222
- f348
    - flags: top simplicial
    - normal:    -0.854  -0.4474   0.2655
    - offset: -0.0279542
    - vertices: p2780(v74) p3776(v35) p6223(v6)
    - neighboring facets: f568 f349 f1353
- f349
    - flags: bottom simplicial
    - normal:   -0.5648   -0.754   0.3353
    - offset: -0.02616655
    - vertices: p2780(v74) p1727(v44) p6223(v6)
    - neighboring facets: f505 f348 f350
- f350
    - flags: top simplicial
    - normal:   -0.4308  -0.8519   0.2977
    - offset: -0.02382161
    - vertices: p2780(v74) p1727(v44) p7178(v40)
    - neighboring facets: f203 f2442 f349
- f361
    - flags: bottom simplicial
    - normal:   -0.1505  0.08935   0.9846
    - offset: -0.02039145
    - center: -0.0214436 0.005600063333333333 0.01692463333333333 
    - vertices: p410(v76) p796(v58) p4624(v18)
    - neighboring facets: f795 f515 f362
- f362
    - flags: top simplicial
    - normal:   -0.1056   0.1545   0.9823
    - offset: -0.01976772
    - center: -0.02071216666666667 0.00618146 0.01692463333333333 
    - vertices: p410(v76) p796(v58) p9808(v31)
    - neighboring facets: f1170 f1371 f361
- f380
    - flags: bottom simplicial
    - normal:   -0.0163  -0.6835   0.7298
    - offset: -0.02008227
    - vertices: p8203(v81) p8389(v23) p229(v13)
    - neighboring facets: f225 f382 f888
- f382
    - flags: top simplicial
    - normal:  -0.004377  -0.1836    0.983
    - offset: -0.02011052
    - center: 0.0124902 -0.007036230000000001 0.01920000000000001 
    - vertices: p8203(v81) p1926(v22) p229(v13)
    - neighboring facets: f659 f380 f383
- f383
    - flags: top simplicial
    - normal:   -0.0484  -0.1707   0.9841
    - offset: -0.01955299
    - vertices: p8203(v81) p7103(v45) p1926(v22)
    - neighboring facets: f890 f382 f889
- f400
    - flags: bottom simplicial tested
    - normal:    0.2723   0.9619 -0.02308
    - offset: -0.01750021
    - center: 0.0195906 0.01235046666666667 -0.01239229666666667 
    - vertices: p1475(v85) p7932(v47) p7515(v14)
    - neighboring facets: f1402 f2537 f1559
    - ridges:
- f408
    - flags: bottom simplicial
    - normal:  -0.06057  -0.9573   0.2825
    - offset: -0.01708411
    - vertices: p918(v88) p8389(v23) p9597(v12)
    - neighboring facets: f201 f702 f410
- f410
    - flags: bottom simplicial
    - normal:  -0.007916  -0.9274   0.3739
    - offset: -0.01721269
    - vertices: p918(v88) p9659(v49) p8389(v23)
    - neighboring facets: f225 f408 f703
- f411
    - flags: bottom simplicial
    - normal:    0.2983  -0.5494  -0.7805
    - offset: -0.02363071
    - vertices: p8716(v89) p2585(v27) p799(v8)
    - neighboring facets: f432 f414 f704
- f414
    - flags: top simplicial
    - normal:   0.08292  -0.1527  -0.9848
    - offset: -0.0201595
    - vertices: p8716(v89) p917(v36) p799(v8)
    - neighboring facets: f434 f411 f934
- f428
    - flags: top simplicial
    - normal:  -0.004616  -0.9265  -0.3764
    - offset: -0.01722998
    - vertices: p9398(v93) p4479(v52) p6885(v21)
    - neighboring facets: f1421 f430 f429
- f429
    - flags: bottom simplicial
    - normal:  -0.000622  -0.9978 -0.06672
    - offset: -0.01334318
    - center: -0.01175121666666667 -0.01236353333333333 -0.0149856 
    - vertices: p9398(v93) p4479(v52) p4676(v39)
    - neighboring facets: f730 f625 f428
- f430
    - flags: bottom simplicial
    - normal:    -0.143  -0.9762  -0.1633
    - offset: -0.01741864
    - center: -0.02088923333333333 -0.01226163333333333 -0.0150805 
    - vertices: p9398(v93) p3894(v73) p6885(v21)
    - neighboring facets: f1675 f428 f626
- f432
    - flags: top simplicial
    - normal:    0.1444  -0.6912  -0.7081
    - offset: -0.02134141
    - vertices: p701(v94) p2585(v27) p799(v8)
    - neighboring facets: f411 f434 f714
- f434
    - flags: bottom simplicial
    - normal:   0.06606  -0.3161  -0.9464
    - offset: -0.02078014
    - vertices: p701(v94) p917(v36) p799(v8)
    - neighboring facets: f414 f432 f1049
- f457
    - flags: top simplicial
    - normal:   -0.9993   0.0362 -9.833e-05
    - offset: -0.02306178
    - center: -0.02269843333333334 0.0104256 -0.008087876666666667 
    - vertices: p417(v99) p5286(v98) p8728(v28)
    - neighboring facets: f733 f2002 f1429
- f492
    - flags: bottom simplicial
    - normal:   -0.7418 0.007434   0.6705
    - offset: -0.0276616
    - center: -0.02200126666666667 0.0008906329999999999 0.01690223333333334 
    - vertices: p2098(v106) p796(v58) p9598(v30)
    - neighboring facets: f1523 f891 f796
- f498
    - flags: top simplicial tested
    - normal:   -0.9972 -0.00591  0.07458
    - offset: -0.02371925
    - center: -0.022691 -0.00574572 0.0141851 
    - vertices: p1437(v107) p1968(v59) p2463(v20)
    - neighboring facets: f274 f2521 f1126
    - ridges:
- f505
    - flags: top simplicial
    - normal:    -0.304  -0.7358   0.6052
    - offset: -0.0243866
    - vertices: p7685(v109) p1727(v44) p6223(v6)
    - neighboring facets: f349 f1234 f506
- f506
    - flags: bottom simplicial
    - normal:   -0.1887  -0.8045   0.5631
    - offset: -0.02204236
    - vertices: p7685(v109) p1727(v44) p8389(v23)
    - neighboring facets: f201 f886 f505
- f510
    - flags: top simplicial tested
    - normal:  -0.0007376 0.000194        1
    - offset: -0.02019031
    - center: 0.0122718 -0.0005344390000000001 0.02019946666666667 
    - vertices: p6713(v110) p944(v75) p1926(v22)
    - neighboring facets: f2475 f894 f1369
    - ridges:
- f515
    - flags: bottom simplicial tested
    - normal:  -0.08983  0.05332   0.9945
    - offset: -0.01908763
    - center: -0.01047823333333333 0.003358188000000001 0.01806613333333334 
    - vertices: p6713(v110) p410(v76) p4624(v18)
    - neighboring facets: f361 f793 f1372
- f561
    - flags: bottom simplicial
    - normal:   -0.9981 -0.05395  0.02829
    - offset: -0.02356729
    - center: -0.02266023333333334 -0.01046291333333333 0.01360006666666667 
    - vertices: p1833(v121) p3776(v35) p2463(v20)
    - neighboring facets: f274 f1449 f879
- f566
    - flags: bottom simplicial
    - normal:   -0.9942  -0.1073 1.676e-05
    - offset: -0.02369512
    - center: -0.02269006666666666 -0.01058993333333333 0.002900895666666667 
    - vertices: p1949(v122) p4040(v66) p1984(v11)
    - neighboring facets: f1067 f1076 f1603
- f568
    - flags: bottom simplicial
    - normal:   -0.8774  -0.3742   0.3003
    - offset: -0.02817042
    - vertices: p2689(v123) p3776(v35) p6223(v6)
    - neighboring facets: f348 f1235 f569
- f569
    - flags: bottom simplicial
    - normal:   -0.9443  -0.1734   0.2796
    - offset: -0.02719406
    - vertices: p2689(v123) p7745(v67) p3776(v35)
    - neighboring facets: f792 f568 f887
- f577
    - flags: bottom simplicial
    - normal:  -0.08648  -0.4117  -0.9072
    - offset: -0.0211377
    - vertices: p4159(v125) p917(v36) p6885(v21)
    - neighboring facets: f717 f578 f579
- f578
    - flags: top simplicial
    - normal:   -0.1785     -0.3  -0.9371
    - offset: -0.02222299
    - vertices: p4159(v125) p3346(v68) p6885(v21)
    - neighboring facets: f585 f577 f579
- f579
    - flags: bottom simplicial
    - normal:  -0.09363  -0.3537  -0.9307
    - offset: -0.02113759
    - vertices: p4159(v125) p3346(v68) p917(v36)
    - neighboring facets: f907 f577 f578
- f585
    - flags: bottom simplicial
    - normal:    -0.265  -0.1923  -0.9449
    - offset: -0.02289072
    - vertices: p5367(v127) p3346(v68) p6885(v21)
    - neighboring facets: f578 f1286 f905
- f625
    - flags: bottom simplicial tested
    - normal:  -0.02423  -0.9989 -0.04101
    - offset: -0.01344514
    - center: -0.02014276666666666 -0.01238133333333333 -0.0143833 
    - vertices: p3359(v134) p9398(v93) p4676(v39)
    - neighboring facets: f429 f1318 f626
- f626
    - flags: top simplicial tested
    - normal:  -0.02965  -0.9986 -0.04304
    - offset: -0.01358262
    - center: -0.0207108 -0.0123672 -0.01436726666666666 
    - vertices: p3359(v134) p9398(v93) p3894(v73)
    - neighboring facets: f430 f1337 f625
- f640
    - flags: top simplicial tested
    - normal:    0.1439   0.1098   0.9835
    - offset: -0.02194154
    - center: 0.01637316666666666 0.001921775333333333 0.0197 
    - vertices: p5732(v137) p670(v62) p192(v4)
    - neighboring facets: f1022 f2474 f824
    - ridges:
- f644
    - flags: top simplicial
    - normal:    0.2837  -0.6562   0.6992
    - offset: -0.02358169
    - vertices: p2619(v138) p3791(v64) p229(v13)
    - neighboring facets: f301 f645 f851
- f645
    - flags: bottom simplicial
    - normal:    0.2316  -0.4504   0.8623
    - offset: -0.02386799
    - center: 0.01655233333333333 -0.008838673333333333 0.0186185 
    - vertices: p2619(v138) p9830(v77) p229(v13)
    - neighboring facets: f660 f644 f852
- f651
    - flags: bottom simplicial tested
    - normal:    0.6038  -0.4409   0.6641
    - offset: -0.02732948
    - center: 0.02210816666666667 -0.007873736666666667 0.01582493333333333 
    - vertices: p7286(v140) p6277(v43) p693(v34)
    - neighboring facets: f1015 f1009 f652
- f652
    - flags: bottom simplicial tested
    - normal:    0.7881  -0.2857   0.5452
    - offset: -0.02833927
    - center: 0.0220043 -0.005653779999999999 0.0172082 
    - vertices: p7286(v140) p6360(v78) p6277(v43)
    - neighboring facets: f666 f651 f667
- f657
    - flags: bottom simplicial tested
    - normal:  0.008453 -0.006729   0.9999
    - offset: -0.02031745
    - center: 0.0132872 -0.001295066666666667 0.0201976 
    - vertices: p3947(v141) p3674(v42) p1926(v22)
    - neighboring facets: f2473 f659 f658
    - ridges:
- f658
    - flags: top simplicial tested
    - normal:  0.008351 -0.005726   0.9999
    - offset: -0.02031511
    - center: 0.0137736 -0.0006146293333333333 0.0201976 
    - vertices: p3947(v141) p3674(v42) p192(v4)
    - neighboring facets: f2474 f1018 f657
    - ridges:
- f659
    - flags: bottom simplicial tested
    - normal:   0.08216  -0.1647   0.9829
    - offset: -0.02117544
    - center: 0.01373193333333333 -0.00416642 0.0196976 
    - vertices: p3947(v141) p1926(v22) p229(v13)
    - neighboring facets: f382 f660 f657
- f660
    - flags: top simplicial tested
    - normal:   0.08458  -0.1645   0.9827
    - offset: -0.02120563
    - center: 0.01556996666666667 -0.006215159999999999 0.0191976 
    - vertices: p3947(v141) p9830(v77) p229(v13)
    - neighboring facets: f645 f659 f1014
- f666
    - flags: top simplicial
    - normal:    0.4695   -0.125    0.874
    - offset:  -0.026933
    - vertices: p7422(v142) p6360(v78) p6277(v43)
    - neighboring facets: f652 f1542 f667
- f667
    - flags: top simplicial
    - normal:    0.8906  -0.1888   0.4138
    - offset: -0.02786081
    - vertices: p7422(v142) p7286(v140) p6360(v78)
    - neighboring facets: f652 f666 f669
- f668
    - flags: bottom simplicial
    - normal:    0.9904 -0.04533   0.1309
    - offset: -0.02472484
    - center: 0.02254836666666667 -0.003460954 0.01708773333333333 
    - vertices: p7422(v142) p5755(v65) p67(v19)
    - neighboring facets: f1143 f1540 f669
- f669
    - flags: bottom simplicial
    - normal:    0.9842 -0.06432   0.1648
    - offset: -0.02523266
    - center: 0.02259486666666667 -0.006393901333333334 0.01567326666666667 
    - vertices: p7422(v142) p7286(v140) p5755(v65)
    - neighboring facets: f1006 f668 f667
- f676
    - flags: top simplicial
    - normal:    0.8401  -0.5001    -0.21
    - offset: -0.02660181
    - center: 0.02241706666666667 -0.009582646666666667 -0.0141738 
    - vertices: p7020(v144) p6005(v50) p9307(v15)
    - neighboring facets: f1412 f677 f1031
- f677
    - flags: bottom simplicial
    - normal:    0.9235  -0.1225  -0.3636
    - offset: -0.02709064
    - center: 0.02252703333333334 -0.006087915666666666 -0.0152415 
    - vertices: p7020(v144) p5900(v83) p9307(v15)
    - neighboring facets: f1025 f676 f1994
- f682
    - flags: bottom simplicial
    - normal:    0.3622   0.5287  -0.7677
    - offset: -0.0244391
    - vertices: p6734(v145) p4516(v84) p1526(v24)
    - neighboring facets: f1254 f1092 f1404
- f688
    - flags: top simplicial tested
    - normal:    0.5266   0.8496  0.02923
    - offset: -0.02121604
    - center: 0.0197351 0.01229573333333333 0.01289733333333334 
    - vertices: p6820(v146) p8777(v86) p3619(v10)
    - neighboring facets: f799 f1396 f819
- f689
    - flags: bottom simplicial tested
    - normal:    0.8446   0.5344 -0.03294
    - offset: -0.02453512
    - center: 0.02254956666666667 0.009517640000000001 -0.01225796666666667 
    - vertices: p2227(v147) p5624(v87) p1502(v25)
    - neighboring facets: f696 f692 f1405
- f692
    - flags: top simplicial tested
    - normal:    0.9129   0.4011 -0.07507
    - offset: -0.02534864
    - center: 0.0225628 0.009328170000000004 -0.01343206666666667 
    - vertices: p2227(v147) p2410(v143) p1502(v25)
    - neighboring facets: f2485 f689 f924
    - ridges:
- f693
    - flags: bottom simplicial tested
    - normal:    0.4863   0.4492  -0.7495
    - offset: -0.02587832
    - center: 0.02101386666666667 0.009117960000000001 -0.01542866666666666 
    - vertices: p2227(v147) p6320(v129) p4516(v84)
    - neighboring facets: f1255 f1401 f923
- f696
    - flags: top simplicial tested
    - normal:    0.9569   0.2904 -0.001735
    - offset: -0.02444352
    - center: 0.0226805 0.009386706666666668 -0.008417166666666667 
    - vertices: p7999(v148) p5624(v87) p1502(v25)
    - neighboring facets: f689 f1848 f1040
- f702
    - flags: bottom simplicial
    - normal:  -0.01788   -0.985   0.1714
    - offset: -0.01499147
    - center: -0.01801033333333333 -0.01233236666666667 0.01471473333333333 
    - vertices: p5955(v149) p918(v88) p9597(v12)
    - neighboring facets: f408 f1225 f703
- f703
    - flags: top simplicial
    - normal:  -0.005906  -0.9825   0.1864
    - offset: -0.01498413
    - center: -0.009709366666666667 -0.01230866666666667 0.0152062 
    - vertices: p5955(v149) p918(v88) p9659(v49)
    - neighboring facets: f410 f1226 f702
- f704
    - flags: top simplicial
    - normal:    0.3391   -0.537  -0.7724
    - offset: -0.02415037
    - vertices: p8775(v150) p8716(v89) p2585(v27)
    - neighboring facets: f411 f706 f705
- f705
    - flags: bottom simplicial
    - normal:    0.4232  -0.4777  -0.7699
    - offset: -0.02520763
    - vertices: p8775(v150) p8716(v89) p6005(v50)
    - neighboring facets: f1030 f1743 f704
- f706
    - flags: bottom simplicial
    - normal:    0.4388  -0.7473  -0.4991
    - offset: -0.02467758
    - center: 0.0200439 -0.01180786666666667 -0.0141447 
    - vertices: p8775(v150) p6361(v97) p2585(v27)
    - neighboring facets: f1053 f704 f859
- f714
    - flags: bottom simplicial
    - normal:   0.06093  -0.7705  -0.6345
    - offset: -0.01963379
    - center: 0.01342274333333333 -0.01124466333333333 -0.016 
    - vertices: p7277(v152) p701(v94) p2585(v27)
    - neighboring facets: f432 f725 f1048
- f717
    - flags: top simplicial
    - normal:  -0.003587   -0.665  -0.7468
    - offset: -0.01989766
    - vertices: p1857(v153) p917(v36) p6885(v21)
    - neighboring facets: f577 f1423 f1422
- f724
    - flags: bottom simplicial tested
    - normal:   0.03168  -0.9414  -0.3357
    - offset: -0.01694544
    - center: 0.01162428333333333 -0.01235146666666666 -0.01474283333333333 
    - vertices: p2277(v155) p2182(v96) p4479(v52)
    - neighboring facets: f1058 f726 f1425
- f725
    - flags: bottom simplicial tested
    - normal:    0.0586  -0.7843  -0.6176
    - offset: -0.01951251
    - center: 0.01418491 -0.01208603333333333 -0.0149 
    - vertices: p2277(v155) p7277(v152) p2585(v27)
    - neighboring facets: f714 f1052 f726
- f726
    - flags: top simplicial tested
    - normal:   0.05378  -0.8035  -0.5929
    - offset: -0.01931353
    - center: 0.009226426666666667 -0.0121665 -0.01525066666666667 
    - vertices: p2277(v155) p7277(v152) p4479(v52)
    - neighboring facets: f1747 f724 f725
- f730
    - flags: top simplicial tested
    - normal:  -9.614e-05  -0.9985 -0.05522
    - offset: -0.01317634
    - center: -0.006885479999999999 -0.01238063333333334 -0.014741 
    - vertices: p4210(v156) p4479(v52) p4676(v39)
    - neighboring facets: f429 f1056 f1059
- f733
    - flags: bottom simplicial tested
    - normal:        -1 0.002594  9.5e-06
    - offset: -0.0227267
    - center: -0.02269993333333334 0.01035766666666667 -0.003083666666666667 
    - vertices: p6545(v157) p5286(v98) p8728(v28)
    - neighboring facets: f457 f2523 f1062
    - ridges:
- f752
    - flags: top simplicial
    - normal:    0.0433   0.8505  -0.5243
    - offset: -0.01876088
    - vertices: p9066(v161) p15(v160) p7515(v14)
    - neighboring facets: f1089 f1087 f1464
- f792
    - flags: top simplicial
    - normal:   -0.9673 -0.05523   0.2477
    - offset: -0.02596931
    - vertices: p2086(v168) p7745(v67) p3776(v35)
    - neighboring facets: f569 f1528 f1614
- f793
    - flags: bottom simplicial
    - normal:  -0.09551  0.02113   0.9952
    - offset: -0.01905614
    - vertices: p9885(v169) p6713(v110) p4624(v18)
    - neighboring facets: f515 f795 f794
- f794
    - flags: top simplicial
    - normal:  -0.09702 0.006847   0.9953
    - offset: -0.01904818
    - vertices: p9885(v169) p6713(v110) p2098(v106)
    - neighboring facets: f895 f796 f793
- f795
    - flags: top simplicial
    - normal:   -0.2087  0.04618   0.9769
    - offset: -0.02127834
    - vertices: p9885(v169) p796(v58) p4624(v18)
    - neighboring facets: f361 f793 f796
- f796
    - flags: top simplicial
    - normal:   -0.3735  0.02636   0.9272
    - offset: -0.02395892
    - vertices: p9885(v169) p2098(v106) p796(v58)
    - neighboring facets: f492 f795 f794
- f799
    - flags: bottom simplicial
    - normal:    0.6077   0.7834   0.1306
    - offset: -0.02341836
    - vertices: p2331(v170) p8777(v86) p3619(v10)
    - neighboring facets: f688 f1169 f818
- f800
    - flags: top simplicial
    - normal:    0.4865   0.5407   0.6862
    - offset: -0.02608544
    - vertices: p2331(v170) p9326(v112) p9533(v111)
    - neighboring facets: f1153 f1167 f815
- f815
    - flags: bottom simplicial
    - normal:    0.7071   0.7071 7.326e-05
    - offset: -0.02269915
    - vertices: p9784(v173) p2331(v170) p9326(v112)
    - neighboring facets: f800 f1151 f818
- f818
    - flags: top simplicial
    - normal:    0.7071   0.7071 1.26e-05
    - offset: -0.02269823
    - vertices: p9784(v173) p2331(v170) p8777(v86)
    - neighboring facets: f799 f819 f815
- f819
    - flags: bottom simplicial
    - normal:    0.7071   0.7071 1.385e-06
    - offset: -0.02269809
    - vertices: p9784(v173) p6820(v146) p8777(v86)
    - neighboring facets: f688 f818 f1163
- f820
    - flags: top simplicial
    - normal:    0.7071   0.7071 4.247e-08
    - offset: -0.02269832
    - vertices: p9784(v173) p5624(v87) p2307(v48)
    - neighboring facets: f1039 f1159 f1161
- f823
    - flags: top simplicial
    - normal:    0.4698   0.3704   0.8013
    - offset: -0.02663085
    - vertices: p8372(v174) p9533(v111) p670(v62)
    - neighboring facets: f1152 f824 f1166
- f824
    - flags: bottom simplicial
    - normal:    0.1426   0.1124   0.9834
    - offset: -0.02192341
    - vertices: p8372(v174) p5732(v137) p670(v62)
    - neighboring facets: f640 f823 f1165
- f848
    - flags: top simplicial
    - normal:     0.383  -0.8662   0.3209
    - offset: -0.02261869
    - center: 0.01956243333333333 -0.01222416666666667 0.01414206666666667 
    - vertices: p6719(v179) p3794(v118) p3791(v64)
    - neighboring facets: f1592 f851 f1203
- f851
    - flags: bottom simplicial
    - normal:     0.289  -0.6536   0.6995
    - offset: -0.02365295
    - vertices: p6719(v179) p2619(v138) p3791(v64)
    - neighboring facets: f644 f848 f852
- f852
    - flags: top simplicial
    - normal:     0.382  -0.5846   0.7157
    - offset: -0.02491864
    - vertices: p6719(v179) p2619(v138) p9830(v77)
    - neighboring facets: f645 f1016 f851
- f859
    - flags: top simplicial
    - normal:    0.7071  -0.7071 -6.379e-06
    - offset: -0.0226982
    - center: 0.02082463333333333 -0.0112754 -0.01056042333333333 
    - vertices: p1715(v181) p8775(v150) p6361(v97)
    - neighboring facets: f706 f1218 f1741
- f868
    - flags: bottom simplicial tested
    - normal:    0.0273  -0.9996 -0.0005067
    - offset: -0.01293328
    - center: 0.0196171 -0.01239793333333333 -0.008766179000000001 
    - vertices: p1420(v183) p2353(v119) p6034(v53)
    - neighboring facets: f2501 f1215 f870
    - ridges:
- f870
    - flags: top simplicial tested
    - normal:     0.615  -0.7885 0.0005089
    - offset: -0.02188591
    - center: 0.0197256 -0.0123707 0.0002284876666666663 
    - vertices: p1420(v183) p2353(v119) p3794(v118)
    - neighboring facets: f1594 f872 f868
- f872
    - flags: bottom simplicial tested
    - normal:    0.7071  -0.7071 1.112e-07
    - offset: -0.02269799
    - center: 0.02036146666666666 -0.01173856666666667 -0.0007137566666666663 
    - vertices: p1420(v183) p1715(v181) p3794(v118)
    - neighboring facets: f2301 f870 f1219
- f879
    - flags: top simplicial
    - normal:   -0.9723  -0.2337 0.0002099
    - offset: -0.0245571
    - vertices: p2713(v185) p1833(v121) p3776(v35)
    - neighboring facets: f561 f1950 f880
- f880
    - flags: bottom simplicial
    - normal:   -0.9764  -0.2161 7.651e-07
    - offset: -0.02445667
    - vertices: p2713(v185) p1833(v121) p8835(v38)
    - neighboring facets: f1606 f1952 f879
- f886
    - flags: bottom simplicial
    - normal:  -0.08329   -0.274   0.9581
    - offset: -0.02001196
    - vertices: p5056(v187) p7685(v109) p8389(v23)
    - neighboring facets: f506 f888 f1611
- f887
    - flags: top simplicial
    - normal:   -0.7896  -0.1496   0.5951
    - offset: -0.0284353
    - vertices: p5056(v187) p2689(v123) p7745(v67)
    - neighboring facets: f569 f1242 f1233
- f888
    - flags: top simplicial
    - normal:  -0.07334  -0.2674   0.9608
    - offset: -0.01979342
    - vertices: p5056(v187) p8203(v81) p8389(v23)
    - neighboring facets: f380 f886 f889
- f889
    - flags: bottom simplicial
    - normal:  -0.07286  -0.2603   0.9628
    - offset: -0.01976664
    - vertices: p5056(v187) p8203(v81) p7103(v45)
    - neighboring facets: f383 f890 f888
- f890
    - flags: bottom simplicial
    - normal:  -0.06697  -0.1606   0.9848
    - offset: -0.01931279
    - vertices: p5056(v187) p7103(v45) p1926(v22)
    - neighboring facets: f383 f894 f889
- f891
    - flags: bottom simplicial
    - normal:   -0.4267 -0.004047   0.9044
    - offset: -0.02472656
    - vertices: p5056(v187) p2098(v106) p9598(v30)
    - neighboring facets: f492 f1244 f895
- f894
    - flags: top simplicial
    - normal:  -0.07433  -0.1161   0.9904
    - offset: -0.01925957
    - vertices: p5056(v187) p6713(v110) p1926(v22)
    - neighboring facets: f510 f890 f895
- f895
    - flags: bottom simplicial
    - normal:  -0.09727 -0.002852   0.9953
    - offset: -0.01905037
    - vertices: p5056(v187) p6713(v110) p2098(v106)
    - neighboring facets: f794 f891 f894
- f898
    - flags: bottom simplicial
    - normal:   -0.3495  0.01803  -0.9368
    - offset: -0.02277036
    - vertices: p9596(v188) p9661(v126) p7673(v37)
    - neighboring facets: f1896 f1790 f916
- f905
    - flags: top simplicial
    - normal:   -0.3274 -0.03575  -0.9442
    - offset: -0.02257431
    - vertices: p1095(v189) p5367(v127) p3346(v68)
    - neighboring facets: f585 f907 f2106
- f907
    - flags: top simplicial
    - normal:   -0.1143 -0.01248  -0.9934
    - offset: -0.01962891
    - vertices: p1095(v189) p3346(v68) p917(v36)
    - neighboring facets: f579 f1258 f905
- f913
    - flags: top simplicial
    - normal:  -0.08884   0.2547  -0.9629
    - offset: -0.02078527
    - vertices: p6651(v190) p8436(v128) p7174(v5)
    - neighboring facets: f1478 f914 f1094
- f914
    - flags: bottom simplicial
    - normal:  -0.09585   0.2052   -0.974
    - offset: -0.02064615
    - vertices: p6651(v190) p9596(v188) p7174(v5)
    - neighboring facets: f1475 f913 f916
- f916
    - flags: top simplicial
    - normal:   -0.1119 0.005772  -0.9937
    - offset: -0.01957048
    - vertices: p6651(v190) p9596(v188) p9661(v126)
    - neighboring facets: f898 f1257 f914
- f923
    - flags: top simplicial
    - normal:    0.5384   0.4029  -0.7401
    - offset: -0.02645257
    - center: 0.021208 0.00695447 -0.01652736666666666 
    - vertices: p9547(v192) p2227(v147) p6320(v129)
    - neighboring facets: f693 f1263 f924
- f924
    - flags: bottom simplicial
    - normal:    0.6916   0.3157  -0.6497
    - offset: -0.02772768
    - vertices: p9547(v192) p2227(v147) p2410(v143)
    - neighboring facets: f692 f1272 f923
- f934
    - flags: bottom simplicial
    - normal:   0.08268  -0.1112  -0.9904
    - offset: -0.01993059
    - center: 0.005003996666666666 -0.007782033333333334 -0.01883333333333333 
    - vertices: p9646(v195) p8716(v89) p917(v36)
    - neighboring facets: f414 f2479 f1391
    - ridges:
- f937
    - flags: bottom simplicial
    - normal:   0.07154 -0.006757  -0.9974
    - offset: -0.01930437
    - center: 0.004178659666666667 -0.00315286 -0.01903333333333333 
    - vertices: p9646(v195) p4496(v193) p9416(v130)
    - neighboring facets: f1266 f1273 f2478
    - ridges:
- f962
    - flags: top simplicial tested
    - normal:   -0.9998 0.007883 -0.01807
    - offset: -0.02302052
    - center: -0.02269396666666667 0.009436776666666667 -0.01419876666666667 
    - vertices: p5829(v201) p3399(v131) p8284(v71)
    - neighboring facets: f2522 f1906 f963
    - ridges:
- f963
    - flags: top simplicial tested
    - normal:   -0.9998  0.01112 -0.01492
    - offset: -0.02300882
    - center: -0.02269396666666667 0.01000804666666667 -0.01391436666666667 
    - vertices: p5829(v201) p3013(v197) p3399(v131)
    - neighboring facets: f2525 f962 f968
    - ridges:
- f968
    - flags: bottom simplicial tested
    - normal:   -0.9998  0.01487 -0.01357
    - offset: -0.0230275
    - center: -0.02269396666666667 0.0102424 -0.01369743333333333 
    - vertices: p5829(v201) p3013(v197) p8728(v28)
    - neighboring facets: f2517 f2174 f963
    - ridges:
- f1006
    - flags: top simplicial tested
    - normal:    0.9672   -0.242  0.07728
    - offset: -0.02524383
    - center: 0.0226722 -0.009271613333333333 0.0138677 
    - vertices: p584(v209) p7286(v140) p5755(v65)
    - neighboring facets: f669 f2487 f1009
    - ridges:
- f1009
    - flags: bottom simplicial tested
    - normal:    0.8051   -0.588  0.07824
    - offset: -0.02481736
    - center: 0.0225484 -0.009469426666666668 0.01400783333333333 
    - vertices: p584(v209) p7286(v140) p693(v34)
    - neighboring facets: f651 f1725 f1006
- f1013
    - flags: top simplicial
    - normal:    0.1541  -0.1026   0.9827
    - offset: -0.02211712
    - vertices: p681(v210) p3947(v141) p6277(v43)
    - neighboring facets: f1383 f1015 f1014
- f1014
    - flags: bottom simplicial
    - normal:    0.1171  -0.1445   0.9825
    - offset: -0.0216377
    - vertices: p681(v210) p3947(v141) p9830(v77)
    - neighboring facets: f660 f1016 f1013
- f1015
    - flags: top simplicial
    - normal:    0.5991  -0.4437   0.6665
    - offset: -0.02728688
    - vertices: p681(v210) p6277(v43) p693(v34)
    - neighboring facets: f651 f1017 f1013
- f1016
    - flags: top simplicial
    - normal:    0.4451  -0.5492   0.7073
    - offset: -0.02563121
    - vertices: p681(v210) p6719(v179) p9830(v77)
    - neighboring facets: f852 f1014 f1017
- f1017
    - flags: bottom simplicial
    - normal:    0.5005  -0.5317   0.6832
    - offset: -0.0261807
    - vertices: p681(v210) p6719(v179) p693(v34)
    - neighboring facets: f1202 f1015 f1016
- f1018
    - flags: top simplicial
    - normal:   0.02084 -0.006639   0.9998
    - offset: -0.02048768
    - vertices: p2736(v211) p3947(v141) p192(v4)
    - neighboring facets: f658 f1022 f1384
- f1022
    - flags: bottom simplicial
    - normal:    0.1567  0.08838   0.9837
    - offset: -0.02211971
    - vertices: p2736(v211) p670(v62) p192(v4)
    - neighboring facets: f640 f1018 f1141
- f1025
    - flags: top simplicial tested
    - normal:    0.9976 -0.004589 -0.06912
    - offset: -0.02363659
    - center: 0.02262543333333334 -0.00293516 -0.01521993333333333 
    - vertices: p4733(v212) p5900(v83) p9307(v15)
    - neighboring facets: f677 f2486 f1026
    - ridges:
- f1026
    - flags: top simplicial tested
    - normal:    0.9977 0.0009972 -0.06812
    - offset: -0.02362368
    - center: 0.02262543333333333 0.003121036666666667 -0.01538103333333334 
    - vertices: p4733(v212) p2410(v143) p5900(v83)
    - neighboring facets: f1270 f1025 f2488
    - ridges:
- f1030
    - flags: top simplicial
    - normal:    0.4836  -0.3955  -0.7809
    - offset: -0.02588595
    - vertices: p7163(v213) p8716(v89) p6005(v50)
    - neighboring facets: f705 f1031 f1390
- f1031
    - flags: bottom simplicial
    - normal:    0.5764  -0.3431  -0.7417
    - offset: -0.02685605
    - vertices: p7163(v213) p7020(v144) p6005(v50)
    - neighboring facets: f676 f1030 f1727
- f1039
    - flags: bottom simplicial
    - normal:    0.7075   0.7067 1.433e-06
    - offset: -0.02270358
    - center: 0.0226522 0.009447826666666662 0.0005481623333333333 
    - vertices: p9018(v216) p5624(v87) p2307(v48)
    - neighboring facets: f820 f1549 f1040
- f1040
    - flags: bottom simplicial
    - normal:    0.7089   0.7053 -3.161e-06
    - offset: -0.02272175
    - center: 0.02267286666666667 0.009427136666666671 -0.004650771000000001 
    - vertices: p9018(v216) p7999(v148) p5624(v87)
    - neighboring facets: f696 f1039 f1548
- f1048
    - flags: top simplicial
    - normal:   0.03249  -0.7207  -0.6924
    - offset: -0.01977032
    - vertices: p8586(v218) p7277(v152) p701(v94)
    - neighboring facets: f714 f1049 f1745
- f1049
    - flags: top simplicial
    - normal:   0.02602  -0.5772  -0.8162
    - offset: -0.02046414
    - vertices: p8586(v218) p701(v94) p917(v36)
    - neighboring facets: f434 f1749 f1048
- f1052
    - flags: bottom simplicial tested
    - normal:   0.06646  -0.8895   -0.452
    - offset: -0.01855258
    - center: 0.01833383333333333 -0.012271 -0.01420076666666666 
    - vertices: p5926(v219) p2277(v155) p2585(v27)
    - neighboring facets: f725 f1053 f1426
- f1053
    - flags: top simplicial tested
    - normal:    0.3859  -0.8082  -0.4448
    - offset: -0.02361625
    - center: 0.0195147 -0.01220943333333333 -0.0139771 
    - vertices: p5926(v219) p6361(v97) p2585(v27)
    - neighboring facets: f706 f1052 f1217
- f1056
    - flags: top simplicial tested
    - normal:  -5.859e-05  -0.9992 -0.03957
    - offset: -0.01296001
    - center: -0.01111902 -0.01239983333333333 -0.01438546666666667 
    - vertices: p1337(v220) p4210(v156) p4676(v39)
    - neighboring facets: f730 f2502 f1057
    - ridges:
- f1057
    - flags: bottom simplicial tested
    - normal:  1.125e-05  -0.9996 -0.02829
    - offset: -0.01280191
    - center: 3.474666666666732e-05 -0.01239983333333333 -0.01438796666666667 
    - vertices: p1337(v220) p4210(v156) p2182(v96)
    - neighboring facets: f1060 f2506 f1056
    - ridges:
- f1058
    - flags: top simplicial
    - normal:   0.00021  -0.9985 -0.05537
    - offset: -0.01317989
    - vertices: p6744(v221) p2182(v96) p4479(v52)
    - neighboring facets: f724 f1059 f1060
- f1059
    - flags: bottom simplicial
    - normal:  1.829e-05  -0.9985 -0.05413
    - offset: -0.01316075
    - vertices: p6744(v221) p4210(v156) p4479(v52)
    - neighboring facets: f730 f1058 f1060
- f1060
    - flags: top simplicial
    - normal:  1.564e-05  -0.9995 -0.03168
    - offset: -0.01284945
    - vertices: p6744(v221) p4210(v156) p2182(v96)
    - neighboring facets: f1057 f1058 f1059
- f1062
    - flags: top simplicial tested
    - normal:   -0.9997  0.02289 0.0002884
    - offset: -0.02293147
    - center: -0.02269836666666667 0.0104037 0.003155573333333334 
    - vertices: p9448(v222) p6545(v157) p5286(v98)
    - neighboring facets: f733 f1427 f1065
- f1065
    - flags: bottom simplicial tested
    - normal:   -0.9997  0.02306 0.0005202
    - offset: -0.02293448
    - center: -0.02269843333333333 0.010306 0.008483503333333335 
    - vertices: p9448(v222) p6545(v157) p3902(v9)
    - neighboring facets: f2519 f1752 f1062
    - ridges:
- f1067
    - flags: top simplicial
    - normal:   -0.9967 -0.08148 0.0001113
    - offset: -0.02347806
    - vertices: p3744(v223) p4040(v66) p1984(v11)
    - neighboring facets: f566 f1453 f1440
- f1075
    - flags: bottom simplicial
    - normal:   -0.9988  -0.0489 -0.005526
    - offset:  -0.023241
    - center: -0.02267766666666667 -0.0106552 -0.0126255 
    - vertices: p8684(v225) p9889(v159) p8835(v38)
    - neighboring facets: f1902 f1605 f1452
- f1076
    - flags: bottom simplicial
    - normal:    -0.994  -0.1091 -0.0002148
    - offset: -0.02371052
    - vertices: p8684(v225) p1949(v122) p1984(v11)
    - neighboring facets: f566 f1451 f1884
- f1080
    - flags: top simplicial tested
    - normal:   -0.9999 -0.01724 -0.0001653
    - offset: -0.02287595
    - center: -0.02269903333333333 -0.01039106666666667 -0.006909559999999999 
    - vertices: p8695(v226) p9889(v159) p9235(v100)
    - neighboring facets: f1901 f2520 f1770
    - ridges:
- f1087
    - flags: top simplicial
    - normal:  0.007107   0.9643  -0.2646
    - offset: -0.01581927
    - center: 0.01074300666666667 0.0122315 -0.01492156666666667 
    - vertices: p1668(v227) p9066(v161) p7515(v14)
    - neighboring facets: f752 f1484 f1103
- f1089
    - flags: bottom simplicial
    - normal:   0.08863   0.7485  -0.6572
    - offset: -0.0202414
    - vertices: p2690(v228) p15(v160) p7515(v14)
    - neighboring facets: f752 f1091 f1778
- f1091
    - flags: top simplicial
    - normal:    0.2398   0.6012  -0.7623
    - offset: -0.02280814
    - vertices: p2690(v228) p6734(v145) p7515(v14)
    - neighboring facets: f1403 f1089 f1092
- f1092
    - flags: bottom simplicial
    - normal:    0.2563   0.5775  -0.7751
    - offset: -0.02303707
    - vertices: p2690(v228) p6734(v145) p1526(v24)
    - neighboring facets: f682 f1093 f1091
- f1093
    - flags: top simplicial
    - normal:   0.07442   0.1677   -0.983
    - offset: -0.02010557
    - vertices: p2690(v228) p6651(v190) p1526(v24)
    - neighboring facets: f1252 f1092 f1094
- f1094
    - flags: bottom simplicial
    - normal:    0.0717   0.1854    -0.98
    - offset: -0.02018755
    - vertices: p2690(v228) p6651(v190) p8436(v128)
    - neighboring facets: f913 f1780 f1093
- f1103
    - flags: bottom simplicial tested
    - normal:  0.003323   0.9652  -0.2616
    - offset: -0.01575898
    - center: -0.002227093333333334 0.01217893333333334 -0.01533693333333334 
    - vertices: p6006(v229) p1668(v227) p9066(v161)
    - neighboring facets: f1087 f1479 f1485
- f1121
    - flags: top simplicial tested
    - normal:   -0.9956 0.004058  0.09332
    - offset: -0.02395677
    - center: -0.02268903333333333 0.007561573333333333 0.01431846666666667 
    - vertices: p592(v234) p6309(v167) p3902(v9)
    - neighboring facets: f2518 f1122 f1127
    - ridges:
- f1122
    - flags: bottom simplicial tested
    - normal:   -0.9862   0.0206   0.1641
    - offset: -0.02490797
    - center: -0.0226758 0.008907476666666666 0.0143872 
    - vertices: p592(v234) p9102(v108) p3902(v9)
    - neighboring facets: f1861 f1121 f1129
- f1125
    - flags: bottom simplicial tested
    - normal:   -0.9992 -0.0002412  0.03985
    - offset: -0.02325248
    - center: -0.02269873333333334 0.0006794489999999999 0.01435166666666667 
    - vertices: p9832(v235) p6309(v167) p1437(v107)
    - neighboring facets: f2524 f1126 f1127
    - ridges:
- f1126
    - flags: bottom simplicial tested
    - normal:   -0.9942 -0.002601   0.1071
    - offset: -0.02410832
    - center: -0.02268973333333333 -0.002363794333333333 0.01440456666666667 
    - vertices: p9832(v235) p1437(v107) p1968(v59)
    - neighboring facets: f498 f1134 f1125
- f1127
    - flags: bottom simplicial tested
    - normal:   -0.9897 0.001711    0.143
    - offset: -0.0245255
    - center: -0.02268776666666667 0.004357785666666667 0.0144263 
    - vertices: p9832(v235) p592(v234) p6309(v167)
    - neighboring facets: f1121 f1125 f1129
- f1129
    - flags: top simplicial tested
    - normal:    -0.966 -1.054e-07   0.2586
    - offset: -0.02565175
    - center: -0.02267453333333333 0.005703689000000001 0.01449503333333333 
    - vertices: p9832(v235) p592(v234) p9102(v108)
    - neighboring facets: f1122 f1135 f1127
- f1132
    - flags: top simplicial
    - normal:   -0.9659 7.175e-07   0.2588
    - offset: -0.02565327
    - vertices: p3481(v236) p2086(v168) p9102(v108)
    - neighboring facets: f1133 f1522 f1836
- f1133
    - flags: bottom simplicial
    - normal:   -0.9659 6.721e-07   0.2588
    - offset: -0.02565326
    - vertices: p932(v237) p2086(v168) p9102(v108)
    - neighboring facets: f1132 f1135 f1530
- f1134
    - flags: bottom simplicial
    - normal:    -0.966 -2.154e-06   0.2587
    - offset: -0.02565208
    - vertices: p932(v237) p9832(v235) p1968(v59)
    - neighboring facets: f1126 f1136 f1135
- f1135
    - flags: top simplicial
    - normal:    -0.966 -1.166e-06   0.2587
    - offset: -0.02565223
    - vertices: p932(v237) p9832(v235) p9102(v108)
    - neighboring facets: f1129 f1133 f1134
- f1136
    - flags: bottom simplicial
    - normal:   -0.9856  -0.0202   0.1678
    - offset: -0.02487708
    - vertices: p932(v237) p1968(v59) p3776(v35)
    - neighboring facets: f274 f1529 f1134
- f1139
    - flags: bottom simplicial
    - normal:     0.775    0.234    0.587
    - offset: -0.02846871
    - vertices: p4449(v238) p5420(v171) p670(v62)
    - neighboring facets: f1154 f1141 f1532
- f1141
    - flags: top simplicial
    - normal:    0.1791  0.05409   0.9823
    - offset: -0.02241268
    - vertices: p4449(v238) p2736(v211) p670(v62)
    - neighboring facets: f1022 f1139 f1536
- f1143
    - flags: top simplicial tested
    - normal:    0.9979 -0.008705  0.06375
    - offset: -0.02362354
    - center: 0.0226257 -0.005343046000000001 0.01565916666666667 
    - vertices: p5155(v239) p5755(v65) p67(v19)
    - neighboring facets: f668 f1845 f2484
    - ridges:
- f1150
    - flags: top simplicial
    - normal:    0.7143   0.3765   0.5899
    - offset: -0.02788736
    - vertices: p8353(v241) p9784(v173) p670(v62)
    - neighboring facets: f1155 f1152 f1151
- f1151
    - flags: bottom simplicial
    - normal:    0.7165   0.5976   0.3599
    - offset: -0.02687654
    - vertices: p8353(v241) p9784(v173) p9326(v112)
    - neighboring facets: f815 f1153 f1150
- f1152
    - flags: bottom simplicial
    - normal:    0.5914   0.4499   0.6692
    - offset: -0.02710088
    - vertices: p8353(v241) p9533(v111) p670(v62)
    - neighboring facets: f823 f1150 f1153
- f1153
    - flags: bottom simplicial
    - normal:    0.5664   0.4776   0.6717
    - offset: -0.02687359
    - vertices: p8353(v241) p9326(v112) p9533(v111)
    - neighboring facets: f800 f1152 f1151
- f1154
    - flags: top simplicial
    - normal:    0.8237   0.2701   0.4985
    - offset: -0.02801091
    - vertices: p8378(v242) p5420(v171) p670(v62)
    - neighboring facets: f1139 f1155 f1156
- f1155
    - flags: bottom simplicial
    - normal:    0.8228   0.2711   0.4994
    - offset: -0.02801374
    - vertices: p8378(v242) p9784(v173) p670(v62)
    - neighboring facets: f1150 f1154 f1159
- f1156
    - flags: bottom simplicial
    - normal:    0.8616   0.2409   0.4469
    - offset: -0.02785109
    - vertices: p8378(v242) p5420(v171) p2031(v113)
    - neighboring facets: f1533 f1157 f1154
- f1157
    - flags: top simplicial
    - normal:    0.9507   0.2031   0.2342
    - offset: -0.02650742
    - center: 0.02256676666666667 0.008649423333333336 0.01407353333333333 
    - vertices: p8378(v242) p6848(v172) p2031(v113)
    - neighboring facets: f1535 f1156 f1554
- f1159
    - flags: top simplicial
    - normal:    0.7079   0.7064 0.0004006
    - offset: -0.02271311
    - center: 0.02243603333333333 0.009663996666666662 0.0136322 
    - vertices: p8378(v242) p9784(v173) p2307(v48)
    - neighboring facets: f820 f1553 f1155
- f1160
    - flags: bottom simplicial
    - normal:    0.7071   0.7071 -1.868e-06
    - offset: -0.02269812
    - center: 0.02153653333333333 0.01056349666666667 -0.009533513333333334 
    - vertices: p9693(v243) p5624(v87) p7932(v47)
    - neighboring facets: f1398 f1555 f1161
- f1161
    - flags: bottom simplicial
    - normal:    0.7071   0.7071 -1.367e-07
    - offset: -0.02269823
    - vertices: p9693(v243) p9784(v173) p5624(v87)
    - neighboring facets: f820 f1160 f1163
- f1163
    - flags: top simplicial
    - normal:    0.7071   0.7071 1.699e-07
    - offset: -0.02269808
    - center: 0.02138513333333333 0.0107149 0.006786286666666666 
    - vertices: p9693(v243) p9784(v173) p6820(v146)
    - neighboring facets: f819 f1556 f1161
- f1165
    - flags: top simplicial
    - normal:    0.1183   0.1332    0.984
    - offset: -0.02161959
    - center: 0.0169917 0.005375511333333333 0.0192 
    - vertices: p4136(v244) p8372(v174) p5732(v137)
    - neighboring facets: f824 f1367 f1166
- f1166
    - flags: bottom simplicial
    - normal:    0.3468   0.3905   0.8528
    - offset: -0.02538126
    - vertices: p4136(v244) p8372(v174) p9533(v111)
    - neighboring facets: f823 f1167 f1165
- f1167
    - flags: top simplicial
    - normal:    0.4363   0.5684   0.6975
    - offset: -0.02553986
    - vertices: p4136(v244) p2331(v170) p9533(v111)
    - neighboring facets: f800 f1166 f1169
- f1168
    - flags: top simplicial
    - normal:    0.3936   0.5974   0.6987
    - offset: -0.02502792
    - center: 0.01805343333333333 0.009880306666666668 0.0172021 
    - vertices: p4136(v244) p35(v33) p3619(v10)
    - neighboring facets: f1374 f1169 f1366
- f1169
    - flags: bottom simplicial
    - normal:    0.4004    0.594   0.6977
    - offset: -0.0251044
    - vertices: p4136(v244) p2331(v170) p3619(v10)
    - neighboring facets: f799 f1168 f1167
- f1170
    - flags: bottom simplicial
    - normal:   -0.1158   0.2086   0.9711
    - offset: -0.02014163
    - vertices: p3477(v245) p796(v58) p9808(v31)
    - neighboring facets: f362 f1561 f1858
- f1192
    - flags: bottom simplicial tested
    - normal:  -0.003515        1 0.001001
    - offset: -0.01248365
    - center: -0.02036623333333333 0.01239883333333333 0.01328993333333334 
    - vertices: p9995(v248) p9458(v247) p4848(v117)
    - neighboring facets: f2544 f1489 f1194
    - ridges:
- f1194
    - flags: top simplicial tested
    - normal:  -0.001315   0.9999  0.01283
    - offset: -0.01260463
    - center: -0.01985956666666666 0.01239883333333333 0.01408236666666667 
    - vertices: p9995(v248) p9458(v247) p5976(v63)
    - neighboring facets: f2535 f1580 f1192
    - ridges:
- f1197
    - flags: top simplicial tested
    - normal:  -0.002332   0.9977    0.068
    - offset: -0.01337984
    - center: -0.01009356333333333 0.01237873333333333 0.01479693333333333 
    - vertices: p9995(v248) p470(v177) p3680(v116)
    - neighboring facets: f1879 f1854 f1581
- f1202
    - flags: top simplicial
    - normal:    0.6219  -0.6607   0.4204
    - offset: -0.02636024
    - vertices: p1826(v250) p6719(v179) p693(v34)
    - neighboring facets: f1017 f1586 f1203
- f1203
    - flags: bottom simplicial
    - normal:    0.6591  -0.7262   0.1957
    - offset: -0.02464922
    - vertices: p1826(v250) p6719(v179) p3794(v118)
    - neighboring facets: f848 f2300 f1202
- f1213
    - flags: top simplicial tested
    - normal:  0.001193       -1 0.008596
    - offset: -0.01254264
    - center: 0.0181341 -0.0123989 0.0142582 
    - vertices: p3202(v252) p1331(v120) p3791(v64)
    - neighboring facets: f1596 f1591 f2503
    - ridges:
- f1215
    - flags: bottom simplicial tested
    - normal:    0.3955  -0.9154 -0.07532
    - offset: -0.02005199
    - center: 0.01968503333333333 -0.0123337 -0.01296186666666667 
    - vertices: p7955(v253) p1420(v183) p6034(v53)
    - neighboring facets: f868 f1216 f1219
- f1216
    - flags: top simplicial tested
    - normal:    0.3892  -0.9131  -0.1218
    - offset: -0.02052157
    - center: 0.01955533333333333 -0.01233576666666667 -0.01352253333333333 
    - vertices: p7955(v253) p5926(v219) p6034(v53)
    - neighboring facets: f2499 f1215 f1217
    - ridges:
- f1217
    - flags: bottom simplicial tested
    - normal:    0.3931  -0.9104  -0.1287
    - offset: -0.02065975
    - center: 0.0197275 -0.01224486666666667 -0.01364626666666667 
    - vertices: p7955(v253) p5926(v219) p6361(v97)
    - neighboring facets: f1053 f1218 f1216
- f1218
    - flags: top simplicial tested
    - normal:    0.7071  -0.7071 -4.258e-06
    - offset: -0.02269812
    - center: 0.0204873 -0.01161273333333333 -0.01026122333333333 
    - vertices: p7955(v253) p1715(v181) p6361(v97)
    - neighboring facets: f859 f1217 f1219
- f1219
    - flags: top simplicial tested
    - normal:    0.7071  -0.7071 -3.286e-06
    - offset: -0.02269808
    - center: 0.02039846666666667 -0.01170156666666667 -0.009724990000000001 
    - vertices: p7955(v253) p1420(v183) p1715(v181)
    - neighboring facets: f872 f1218 f1215
- f1222
    - flags: bottom simplicial tested
    - normal:  0.0001346  -0.9982  0.06057
    - offset: -0.01324874
    - center: 0.008584376666666666 -0.0123752 0.01477733333333333 
    - vertices: p7618(v254) p3791(v64) p9659(v49)
    - neighboring facets: f301 f1600 f1597
- f1225
    - flags: bottom simplicial tested
    - normal:  -0.003407  -0.9959  0.09068
    - offset: -0.0136947
    - center: -0.01765946666666666 -0.01238323333333333 0.0143627 
    - vertices: p1265(v255) p5955(v149) p9597(v12)
    - neighboring facets: f702 f2504 f1226
    - ridges:
- f1226
    - flags: top simplicial tested
    - normal:  -0.002386  -0.9958   0.0914
    - offset: -0.01368771
    - center: -0.0093585 -0.01235953333333333 0.01485416666666667 
    - vertices: p1265(v255) p5955(v149) p9659(v49)
    - neighboring facets: f703 f1227 f1225
- f1227
    - flags: bottom simplicial tested
    - normal:  -0.001261  -0.9973  0.07383
    - offset: -0.01343757
    - center: -0.00702426 -0.0123763 0.0147125 
    - vertices: p1265(v255) p3591(v184) p9659(v49)
    - neighboring facets: f1599 f1226 f2509
    - ridges:
- f1233
    - flags: bottom simplicial
    - normal:   -0.5936  -0.2318   0.7707
    - offset: -0.02770179
    - vertices: p8691(v257) p5056(v187) p2689(v123)
    - neighboring facets: f887 f1235 f1613
- f1234
    - flags: top simplicial
    - normal:   -0.4422  -0.4124   0.7965
    - offset: -0.02669096
    - vertices: p8691(v257) p7685(v109) p6223(v6)
    - neighboring facets: f505 f1235 f1612
- f1235
    - flags: bottom simplicial
    - normal:   -0.5902  -0.4006   0.7008
    - offset: -0.02833462
    - vertices: p8691(v257) p2689(v123) p6223(v6)
    - neighboring facets: f568 f1234 f1233
- f1242
    - flags: top simplicial
    - normal:   -0.8461  -0.1146   0.5205
    - offset: -0.02816093
    - vertices: p5923(v259) p5056(v187) p7745(v67)
    - neighboring facets: f887 f1615 f1244
- f1244
    - flags: bottom simplicial
    - normal:   -0.5658 -0.01126   0.8244
    - offset: -0.02646418
    - vertices: p5923(v259) p5056(v187) p9598(v30)
    - neighboring facets: f891 f1838 f1242
- f1252
    - flags: bottom simplicial
    - normal:   0.07723  0.09181  -0.9928
    - offset: -0.0197172
    - vertices: p5850(v261) p6651(v190) p1526(v24)
    - neighboring facets: f1093 f1254 f1253
- f1253
    - flags: top simplicial
    - normal:   0.07736  0.08435  -0.9934
    - offset: -0.01967346
    - center: 0.01199763 0.007238829999999999 -0.01825473333333334 
    - vertices: p5850(v261) p6651(v190) p6320(v129)
    - neighboring facets: f1264 f1255 f1252
- f1254
    - flags: top simplicial
    - normal:     0.411   0.4886  -0.7697
    - offset: -0.02503846
    - vertices: p5850(v261) p4516(v84) p1526(v24)
    - neighboring facets: f682 f1252 f1255
- f1255
    - flags: top simplicial
    - normal:     0.433   0.4721  -0.7678
    - offset: -0.02528849
    - vertices: p5850(v261) p6320(v129) p4516(v84)
    - neighboring facets: f693 f1254 f1253
- f1257
    - flags: top simplicial
    - normal:   -0.1116 0.001608  -0.9937
    - offset: -0.01953941
    - center: -0.00747062 0.003051853333333333 -0.0188182 
    - vertices: p8469(v262) p6651(v190) p9661(v126)
    - neighboring facets: f916 f1280 f1622
- f1258
    - flags: top simplicial
    - normal:   -0.1134 -0.005742  -0.9935
    - offset: -0.01957535
    - center: -0.007326626666666666 -0.00633268 -0.01883013333333333 
    - vertices: p8469(v262) p1095(v189) p917(v36)
    - neighboring facets: f907 f1621 f1281
- f1263
    - flags: top simplicial tested
    - normal:   0.07748  0.05616  -0.9954
    - offset: -0.01952851
    - center: 0.01342538333333333 0.005462356666666667 -0.01826536666666667 
    - vertices: p3895(v264) p9547(v192) p6320(v129)
    - neighboring facets: f923 f1264 f1619
- f1264
    - flags: bottom simplicial tested
    - normal:   0.07673  0.06882  -0.9947
    - offset: -0.01958255
    - center: 0.005450146666666667 0.006439653333333333 -0.0188214 
    - vertices: p3895(v264) p6651(v190) p6320(v129)
    - neighboring facets: f1253 f1263 f1623
- f1266
    - flags: top simplicial tested
    - normal:   0.06948 0.001106  -0.9976
    - offset: -0.01928539
    - center: 0.004272036333333334 0.001109483333333333 -0.01903333333333334 
    - vertices: p3895(v264) p4496(v193) p9416(v130)
    - neighboring facets: f937 f1618 f2480
    - ridges:
- f1270
    - flags: bottom simplicial
    - normal:    0.9311   0.1161  -0.3458
    - offset: -0.02707801
    - vertices: p3450(v265) p2410(v143) p5900(v83)
    - neighboring facets: f1026 f1624 f1272
- f1272
    - flags: bottom simplicial
    - normal:    0.7909   0.2209  -0.5707
    - offset: -0.02801954
    - vertices: p3450(v265) p9547(v192) p2410(v143)
    - neighboring facets: f924 f1270 f1625
- f1273
    - flags: bottom simplicial
    - normal:   0.07388 -0.01122  -0.9972
    - offset: -0.01933039
    - vertices: p4793(v266) p9646(v195) p9416(v130)
    - neighboring facets: f937 f1733 f1392
- f1280
    - flags: top simplicial
    - normal:   -0.1133 -0.0005881  -0.9936
    - offset: -0.0195506
    - vertices: p5600(v267) p8469(v262) p9661(v126)
    - neighboring facets: f1257 f2246 f1281
- f1281
    - flags: bottom simplicial
    - normal:   -0.1137 -0.001699  -0.9935
    - offset: -0.01955608
    - vertices: p5600(v267) p8469(v262) p1095(v189)
    - neighboring facets: f1258 f2107 f1280
- f1286
    - flags: bottom simplicial
    - normal:   -0.7223  -0.3595  -0.5908
    - offset: -0.02907546
    - vertices: p4845(v268) p5367(v127) p6885(v21)
    - neighboring facets: f585 f1930 f1635
- f1289
    - flags: top simplicial
    - normal:   -0.9659  0.00253  -0.2588
    - offset: -0.02567948
    - vertices: p1297(v269) p2516(v198) p1785(v17)
    - neighboring facets: f1303 f1290 f1291
- f1290
    - flags: bottom simplicial
    - normal:   -0.9659 0.002474  -0.2588
    - offset: -0.02567884
    - vertices: p1297(v269) p5829(v201) p1785(v17)
    - neighboring facets: f1519 f1289 f1297
- f1291
    - flags: bottom simplicial
    - normal:   -0.9658 0.0005402  -0.2593
    - offset: -0.02566326
    - vertices: p1297(v269) p2516(v198) p9732(v132)
    - neighboring facets: f1787 f1296 f1289
- f1296
    - flags: bottom simplicial
    - normal:   -0.9659 1.928e-05  -0.2588
    - offset: -0.02565358
    - vertices: p6274(v270) p1297(v269) p9732(v132)
    - neighboring facets: f1291 f1632 f1297
- f1297
    - flags: top simplicial
    - normal:   -0.9659 1.881e-05  -0.2588
    - offset: -0.02565352
    - center: -0.022567 0.009663253333333332 -0.0148964 
    - vertices: p6274(v270) p1297(v269) p5829(v201)
    - neighboring facets: f1290 f1644 f1296
- f1298
    - flags: top simplicial
    - normal:   -0.9659 6.476e-08  -0.2588
    - offset: -0.02565307
    - center: -0.0226172 -0.004882596666666667 -0.01470916666666667 
    - vertices: p5673(v271) p9056(v133) p5147(v72)
    - neighboring facets: f1891 f1646 f1643
- f1303
    - flags: bottom simplicial
    - normal:   -0.9309    0.267  -0.2494
    - offset: -0.02750017
    - vertices: p7005(v272) p2516(v198) p1785(v17)
    - neighboring facets: f1289 f1520 f1474
- f1310
    - flags: bottom simplicial tested
    - normal:   -0.9791 -0.03698  -0.1999
    - offset: -0.02542676
    - center: -0.02259633333333333 -0.01019268333333333 -0.0146331 
    - vertices: p4097(v273) p4845(v268) p8835(v38)
    - neighboring facets: f1931 f1637 f1311
- f1311
    - flags: top simplicial tested
    - normal:    -0.974 -0.01084  -0.2262
    - offset: -0.02544355
    - center: -0.02259096666666667 -0.009141283333333333 -0.01476636666666667 
    - vertices: p4097(v273) p4845(v268) p9056(v133)
    - neighboring facets: f1889 f1641 f1310
- f1318
    - flags: bottom simplicial tested
    - normal:  -0.005472       -1 -0.004769
    - offset: -0.01257435
    - center: -0.02014353333333333 -0.0123986 -0.01380643333333333 
    - vertices: p5774(v274) p3359(v134) p4676(v39)
    - neighboring facets: f625 f2505 f1319
    - ridges:
- f1319
    - flags: bottom simplicial tested
    - normal:  -0.006767       -1 -0.001756
    - offset: -0.01256018
    - center: -0.0205771 -0.0123986 -0.01289356666666667 
    - vertices: p5774(v274) p381(v203) p3359(v134)
    - neighboring facets: f1347 f1318 f2510
    - ridges:
- f1322
    - flags: top simplicial
    - normal:   -0.2348   -0.972  0.00142
    - offset: -0.01696229
    - vertices: p7014(v275) p4505(v205) p5954(v135)
    - neighboring facets: f1340 f1647 f1654
- f1337
    - flags: top simplicial
    - normal:    -0.113  -0.9936 -0.005059
    - offset: -0.0147347
    - center: -0.0209396 -0.01237986666666667 -0.01356313333333333 
    - vertices: p4640(v278) p3359(v134) p3894(v73)
    - neighboring facets: f626 f1343 f1688
- f1340
    - flags: bottom simplicial
    - normal:    -0.199    -0.98 0.0003676
    - offset: -0.01630727
    - vertices: p5565(v279) p4505(v205) p5954(v135)
    - neighboring facets: f1322 f1679 f1344
- f1343
    - flags: top simplicial
    - normal:    -0.154  -0.9881 -0.0003365
    - offset: -0.01546476
    - vertices: p5565(v279) p4640(v278) p3894(v73)
    - neighboring facets: f1337 f1681 f1344
- f1344
    - flags: bottom simplicial
    - normal:    -0.145  -0.9894 -8.274e-05
    - offset: -0.01528902
    - center: -0.02099563333333333 -0.01237586666666667 -0.006421401666666667 
    - vertices: p5565(v279) p4640(v278) p4505(v205)
    - neighboring facets: f1942 f1340 f1343
- f1347
    - flags: top simplicial tested
    - normal:  -0.04273  -0.9991 -1.069e-05
    - offset: -0.01327321
    - center: -0.0207332 -0.01239853333333333 -0.0084082037 
    - vertices: p9810(v280) p381(v203) p3359(v134)
    - neighboring facets: f1319 f1940 f1935
- f1352
    - flags: top simplicial
    - normal:   -0.9452  -0.3263 -0.004944
    - offset: -0.02500911
    - vertices: p8415(v281) p2059(v206) p8835(v38)
    - neighboring facets: f2253 f1946 f2290
- f1353
    - flags: bottom simplicial
    - normal:   -0.8669  -0.4958  0.05096
    - offset: -0.02575857
    - vertices: p9459(v282) p2780(v74) p3776(v35)
    - neighboring facets: f348 f1697 f1354
- f1354
    - flags: bottom simplicial
    - normal:   -0.8571  -0.5139  0.03676
    - offset: -0.02555144
    - vertices: p9459(v282) p7343(v207) p2780(v74)
    - neighboring facets: f2267 f1353 f1974
- f1361
    - flags: bottom simplicial
    - normal:   -0.8799  -0.4752 -0.002524
    - offset: -0.02517062
    - vertices: p1739(v284) p2059(v206) p2616(v136)
    - neighboring facets: f2254 f1969 f1713
- f1365
    - flags: top simplicial tested
    - normal:   0.02875   0.1902   0.9813
    - offset: -0.02052987
    - center: 0.0134918 0.006900669999999999 0.019188 
    - vertices: p1398(v285) p2421(v208) p35(v33)
    - neighboring facets: f1373 f1366 f1717
- f1366
    - flags: bottom simplicial tested
    - normal:     0.087   0.1584   0.9835
    - offset: -0.02125068
    - center: 0.0157603 0.006359603333333334 0.019188 
    - vertices: p1398(v285) p4136(v244) p35(v33)
    - neighboring facets: f1168 f1365 f1367
- f1367
    - flags: top simplicial tested
    - normal:    0.1123   0.1368   0.9842
    - offset: -0.02154381
    - center: 0.0148103 0.003606518 0.01969826666666667 
    - vertices: p1398(v285) p4136(v244) p5732(v137)
    - neighboring facets: f1165 f1368 f1366
- f1368
    - flags: top simplicial tested
    - normal:  -0.001689 0.003256        1
    - offset: -0.02017935
    - center: 0.0132273 0.001091701 0.02019826666666667 
    - vertices: p1398(v285) p5732(v137) p944(v75)
    - neighboring facets: f2475 f1369 f1367
    - ridges:
- f1369
    - flags: bottom simplicial tested
    - normal:  -0.002027 0.003071        1
    - offset: -0.02017474
    - center: 0.01224553333333333 0.000640271 0.02019773333333333 
    - vertices: p1398(v285) p6713(v110) p944(v75)
    - neighboring facets: f510 f1368 f1372
- f1371
    - flags: top simplicial tested
    - normal:  -0.08111   0.1187   0.9896
    - offset: -0.01918015
    - center: -0.009153166666666665 0.004722083333333333 0.01806493333333334 
    - vertices: p1398(v285) p410(v76) p9808(v31)
    - neighboring facets: f362 f1716 f1372
- f1372
    - flags: top simplicial tested
    - normal:  -0.08708  0.06759   0.9939
    - offset: -0.01909762
    - center: 0.000811333333333334 0.002275381333333334 0.01913106666666666 
    - vertices: p1398(v285) p6713(v110) p410(v76)
    - neighboring facets: f515 f1371 f1369
- f1373
    - flags: bottom simplicial tested
    - normal:   0.03226   0.2193   0.9751
    - offset: -0.02073771
    - center: 0.01380563333333333 0.009600656666666665 0.01865083333333334 
    - vertices: p826(v286) p2421(v208) p35(v33)
    - neighboring facets: f1365 f1374 f2085
- f1374
    - flags: bottom simplicial tested
    - normal:    0.1797   0.7302   0.6592
    - offset: -0.02194254
    - center: 0.0165582 0.01048059666666667 0.0171632 
    - vertices: p826(v286) p35(v33) p3619(v10)
    - neighboring facets: f1168 f1376 f1373
- f1376
    - flags: top simplicial tested
    - normal:   0.05845   0.8322   0.5513
    - offset: -0.01930839
    - center: 0.017162 0.01157928333333333 0.01572306666666666 
    - vertices: p826(v286) p3064(v249) p3619(v10)
    - neighboring facets: f2539 f1374 f1377
    - ridges:
- f1377
    - flags: bottom simplicial tested
    - normal:   0.05579   0.8338   0.5492
    - offset: -0.01924835
    - center: 0.01213097 0.01155918333333333 0.0162662 
    - vertices: p826(v286) p3064(v249) p3680(v116)
    - neighboring facets: f1882 f2083 f1376
- f1383
    - flags: bottom simplicial
    - normal:    0.1709 -0.06786    0.983
    - offset: -0.02232059
    - vertices: p7402(v288) p3947(v141) p6277(v43)
    - neighboring facets: f1013 f1385 f1384
- f1384
    - flags: bottom simplicial
    - normal:    0.1778 -0.05186   0.9827
    - offset: -0.02239614
    - vertices: p7402(v288) p2736(v211) p3947(v141)
    - neighboring facets: f1018 f1383 f1386
- f1385
    - flags: top simplicial
    - normal:    0.2484 -0.06297   0.9666
    - offset: -0.02364964
    - vertices: p7402(v288) p1489(v80) p6277(v43)
    - neighboring facets: f1541 f1383 f1386
- f1386
    - flags: top simplicial
    - normal:    0.1814 -0.04598   0.9823
    - offset: -0.02244004
    - vertices: p7402(v288) p2736(v211) p1489(v80)
    - neighboring facets: f1537 f1385 f1384
- f1390
    - flags: bottom simplicial
    - normal:     0.257  -0.1565  -0.9537
    - offset: -0.02287398
    - vertices: p781(v289) p7163(v213) p8716(v89)
    - neighboring facets: f1030 f1391 f1729
- f1391
    - flags: top simplicial
    - normal:   0.08405  -0.0512  -0.9951
    - offset: -0.01957476
    - vertices: p781(v289) p9646(v195) p8716(v89)
    - neighboring facets: f934 f1390 f1392
- f1392
    - flags: top simplicial
    - normal:   0.07775 -0.02131  -0.9967
    - offset: -0.01939148
    - vertices: p781(v289) p4793(v266) p9646(v195)
    - neighboring facets: f1273 f1391 f1734
- f1396
    - flags: top simplicial tested
    - normal:    0.1914   0.9815 0.005326
    - offset: -0.01597799
    - center: 0.0196262 0.01239096666666667 0.01109615 
    - vertices: p726(v290) p6820(v146) p3619(v10)
    - neighboring facets: f688 f2542 f1397
    - ridges:
- f1397
    - flags: top simplicial tested
    - normal:    0.3269   0.9451 0.001315
    - offset: -0.01815625
    - center: 0.0196944 0.01239096666666666 0.005944473333333333 
    - vertices: p726(v290) p7612(v214) p6820(v146)
    - neighboring facets: f1557 f1396 f2546
    - ridges:
- f1398
    - flags: top simplicial
    - normal:    0.7071   0.7071 -5.289e-06
    - offset: -0.02269818
    - vertices: p174(v291) p5624(v87) p7932(v47)
    - neighboring facets: f1160 f1402 f1399
- f1399
    - flags: top simplicial
    - normal:    0.7071   0.7071 -9.829e-06
    - offset: -0.02269828
    - vertices: p174(v291) p5151(v215) p5624(v87)
    - neighboring facets: f1406 f1398 f1400
- f1400
    - flags: bottom simplicial
    - normal:    0.7071   0.7071 -4.052e-05
    - offset: -0.02269875
    - vertices: p174(v291) p5151(v215) p2227(v147)
    - neighboring facets: f1407 f1401 f1399
- f1401
    - flags: bottom simplicial
    - normal:    0.5849    0.601  -0.5448
    - offset: -0.02666011
    - vertices: p174(v291) p2227(v147) p4516(v84)
    - neighboring facets: f693 f1404 f1400
- f1402
    - flags: top simplicial
    - normal:    0.5219   0.7973  -0.3033
    - offset: -0.02421451
    - vertices: p174(v291) p7932(v47) p7515(v14)
    - neighboring facets: f400 f1403 f1398
- f1403
    - flags: bottom simplicial
    - normal:    0.4123   0.6555  -0.6327
    - offset: -0.02498162
    - vertices: p174(v291) p6734(v145) p7515(v14)
    - neighboring facets: f1091 f1402 f1404
- f1404
    - flags: top simplicial
    - normal:    0.4098   0.5982  -0.6886
    - offset:  -0.025061
    - vertices: p174(v291) p6734(v145) p4516(v84)
    - neighboring facets: f682 f1401 f1403
- f1405
    - flags: top simplicial
    - normal:    0.7071   0.7071 -1.635e-05
    - offset: -0.02269847
    - vertices: p3171(v292) p2227(v147) p5624(v87)
    - neighboring facets: f689 f1406 f1407
- f1406
    - flags: bottom simplicial
    - normal:    0.7071   0.7071 -1.188e-05
    - offset: -0.02269834
    - vertices: p3171(v292) p5151(v215) p5624(v87)
    - neighboring facets: f1399 f1405 f1407
- f1407
    - flags: top simplicial
    - normal:    0.7071   0.7071 -2.451e-05
    - offset: -0.02269856
    - vertices: p3171(v292) p5151(v215) p2227(v147)
    - neighboring facets: f1400 f1405 f1406
- f1411
    - flags: top simplicial tested
    - normal:    0.7657  -0.6431 -0.01075
    - offset: -0.02350791
    - center: 0.02259563333333333 -0.009467053333333336 -0.01099715333333333 
    - vertices: p8307(v293) p2991(v287) p9307(v15)
    - neighboring facets: f2483 f1412 f1985
    - ridges:
- f1412
    - flags: bottom simplicial tested
    - normal:    0.7646  -0.6444 -0.01109
    - offset: -0.02349976
    - center: 0.0224111 -0.00965092 -0.01308893333333333 
    - vertices: p8307(v293) p6005(v50) p9307(v15)
    - neighboring facets: f676 f1411 f1740
- f1417
    - flags: top simplicial
    - normal:    0.7116  -0.7026 -0.003942
    - offset: -0.0228014
    - vertices: p7424(v294) p3095(v217) p6005(v50)
    - neighboring facets: f1739 f1744 f1735
- f1421
    - flags: bottom simplicial
    - normal:  -0.000118  -0.7887  -0.6148
    - offset: -0.01923384
    - vertices: p8620(v295) p4479(v52) p6885(v21)
    - neighboring facets: f428 f1423 f1996
- f1422
    - flags: bottom simplicial
    - normal:  -0.0004026  -0.6712  -0.7413
    - offset: -0.01983323
    - vertices: p8620(v295) p1857(v153) p917(v36)
    - neighboring facets: f717 f1750 f1423
- f1423
    - flags: top simplicial
    - normal:  -0.0005538  -0.7432  -0.6691
    - offset: -0.01955016
    - vertices: p8620(v295) p1857(v153) p6885(v21)
    - neighboring facets: f717 f1421 f1422
- f1425
    - flags: top simplicial tested
    - normal:    0.0324  -0.9523  -0.3034
    - offset: -0.01662577
    - center: 0.01614233333333333 -0.01237066666666667 -0.01424656666666667 
    - vertices: p9289(v296) p2277(v155) p2182(v96)
    - neighboring facets: f724 f2507 f1426
    - ridges:
- f1426
    - flags: top simplicial tested
    - normal:   0.03698  -0.9473  -0.3181
    - offset: -0.01685159
    - center: 0.0178934 -0.01237066666666667 -0.01405516666666667 
    - vertices: p9289(v296) p5926(v219) p2277(v155)
    - neighboring facets: f1052 f1425 f2511
    - ridges:
- f1427
    - flags: top simplicial
    - normal:   -0.9991   0.0425 2.086e-05
    - offset: -0.02312148
    - vertices: p361(v297) p9448(v222) p5286(v98)
    - neighboring facets: f1062 f1429 f2166
- f1428
    - flags: top simplicial
    - normal:    -0.999  0.04384 -3.409e-06
    - offset: -0.02313422
    - vertices: p361(v297) p417(v99) p2782(v54)
    - neighboring facets: f2001 f2305 f1429
- f1429
    - flags: bottom simplicial
    - normal:   -0.9991  0.04339 -1.844e-06
    - offset: -0.02312986
    - vertices: p361(v297) p417(v99) p5286(v98)
    - neighboring facets: f457 f1427 f1428
- f1440
    - flags: bottom simplicial
    - normal:   -0.9979 -0.06445 0.0005406
    - offset: -0.02333004
    - center: -0.02269273333333333 -0.0105451 0.008978380000000001 
    - vertices: p6152(v299) p3744(v223) p4040(v66)
    - neighboring facets: f1067 f1448 f1766
- f1447
    - flags: top simplicial tested
    - normal:   -0.9997 -0.02396 0.002745
    - offset: -0.02296687
    - center: -0.02269773333333333 -0.01028817 0.01064338666666667 
    - vertices: p4018(v300) p6152(v299) p3803(v158)
    - neighboring facets: f1460 f1776 f1448
- f1448
    - flags: bottom simplicial tested
    - normal:   -0.9991 -0.04219  0.00565
    - offset: -0.02317164
    - center: -0.0226948 -0.01033470333333333 0.01086736 
    - vertices: p4018(v300) p6152(v299) p4040(v66)
    - neighboring facets: f1440 f1450 f1447
- f1449
    - flags: bottom simplicial tested
    - normal:   -0.9986 -0.04834  0.02005
    - offset: -0.02341092
    - center: -0.02268676666666667 -0.01011495 0.0132829 
    - vertices: p4018(v300) p1833(v121) p2463(v20)
    - neighboring facets: f561 f2527 f1450
    - ridges:
- f1450
    - flags: top simplicial tested
    - normal:   -0.9989 -0.04618 0.006539
    - offset: -0.0232187
    - center: -0.02268286666666667 -0.01043483666666667 0.01203000666666667 
    - vertices: p4018(v300) p1833(v121) p4040(v66)
    - neighboring facets: f1607 f1448 f1449
- f1451
    - flags: bottom simplicial
    - normal:   -0.9948  -0.1014 -0.000316
    - offset: -0.02364747
    - vertices: p1822(v301) p8684(v225) p1984(v11)
    - neighboring facets: f1076 f1453 f1452
- f1452
    - flags: top simplicial
    - normal:   -0.9967 -0.08147 -0.001528
    - offset: -0.02349077
    - center: -0.0226883 -0.01056866666666667 -0.01105337666666667 
    - vertices: p1822(v301) p8684(v225) p9889(v159)
    - neighboring facets: f1075 f1458 f1451
- f1453
    - flags: top simplicial
    - normal:    -0.999 -0.04491 1.249e-06
    - offset: -0.02314429
    - vertices: p1822(v301) p3744(v223) p1984(v11)
    - neighboring facets: f1067 f1451 f1767
- f1458
    - flags: top simplicial tested
    - normal:   -0.9991 -0.04282 -2.45e-06
    - offset: -0.02312451
    - center: -0.022697 -0.01046866666666667 -0.004953863333333333 
    - vertices: p5764(v302) p1822(v301) p9889(v159)
    - neighboring facets: f1452 f1771 f1769
- f1460
    - flags: bottom simplicial tested
    - normal:   -0.9991 -0.04317 1.065e-05
    - offset: -0.02312788
    - center: -0.0226974 -0.01045896666666667 0.008073566666666665 
    - vertices: p5764(v302) p6152(v299) p3803(v158)
    - neighboring facets: f1447 f1777 f1768
- f1464
    - flags: bottom simplicial
    - normal:   0.04451   0.8444  -0.5339
    - offset: -0.01884652
    - vertices: p8511(v303) p9066(v161) p15(v160)
    - neighboring facets: f752 f1779 f1480
- f1472
    - flags: bottom simplicial
    - normal:   -0.7351   0.6277  -0.2561
    - offset: -0.02734299
    - center: -0.02188023333333334 0.0117838 -0.01507846666666667 
    - vertices: p7160(v304) p7005(v272) p6478(v105)
    - neighboring facets: f1514 f1502 f1474
- f1474
    - flags: top simplicial
    - normal:   -0.7904    0.331  -0.5156
    - offset: -0.0290667
    - vertices: p7160(v304) p7005(v272) p2516(v198)
    - neighboring facets: f1303 f1788 f1472
- f1475
    - flags: top simplicial
    - normal:   -0.1456   0.3117   -0.939
    - offset: -0.02179306
    - vertices: p7160(v304) p9596(v188) p7174(v5)
    - neighboring facets: f914 f1478 f1791
- f1478
    - flags: bottom simplicial
    - normal:  -0.07552   0.4144  -0.9069
    - offset: -0.02102716
    - vertices: p7160(v304) p8436(v128) p7174(v5)
    - neighboring facets: f913 f1475 f1781
- f1479
    - flags: bottom simplicial
    - normal:  0.002477   0.9519  -0.3063
    - offset: -0.01629952
    - vertices: p7160(v304) p6006(v229) p9066(v161)
    - neighboring facets: f1103 f1480 f1784
- f1480
    - flags: top simplicial
    - normal:  0.004332   0.7077  -0.7065
    - offset: -0.0196737
    - vertices: p7160(v304) p8511(v303) p9066(v161)
    - neighboring facets: f1464 f1479 f1782
- f1484
    - flags: top simplicial tested
    - normal:  0.005917   0.9687   -0.248
    - offset: -0.0156179
    - center: 0.01070199333333333 0.0123417 -0.0145104 
    - vertices: p3079(v305) p1668(v227) p7515(v14)
    - neighboring facets: f1087 f2011 f1485
- f1485
    - flags: top simplicial tested
    - normal:  0.003196   0.9675   -0.253
    - offset: -0.01565793
    - center: -0.002268106666666667 0.01228913333333333 -0.01492576666666667 
    - vertices: p3079(v305) p6006(v229) p1668(v227)
    - neighboring facets: f1103 f1484 f2016
- f1487
    - flags: bottom simplicial tested
    - normal:  -0.007559        1 9.997e-05
    - offset: -0.01255595
    - center: -0.02061466666666667 0.01239946666666667 0.0102515 
    - vertices: p1693(v306) p3350(v230) p3258(v57)
    - neighboring facets: f2183 f1488 f2547
    - ridges:
- f1488
    - flags: top simplicial tested
    - normal:  -0.00694        1 0.0006547
    - offset: -0.01254969
    - center: -0.02068113333333333 0.0123983 0.0124622 
    - vertices: p1693(v306) p9995(v248) p3258(v57)
    - neighboring facets: f2406 f1487 f1489
- f1489
    - flags: bottom simplicial tested
    - normal:  -0.004484        1 0.0008855
    - offset: -0.0125021
    - center: -0.02059753333333333 0.01239883333333333 0.01245593333333333 
    - vertices: p1693(v306) p9995(v248) p4848(v117)
    - neighboring facets: f1192 f2540 f1488
    - ridges:
- f1502
    - flags: bottom simplicial tested
    - normal:   -0.3722   0.9258  -0.0654
    - offset: -0.02015754
    - center: -0.0214771 0.01211196666666667 -0.01452643333333333 
    - vertices: p210(v309) p7160(v304) p6478(v105)
    - neighboring facets: f1472 f2032 f1786
- f1514
    - flags: top simplicial
    - normal:   -0.7495    0.618  -0.2373
    - offset: -0.0272728
    - vertices: p3943(v312) p7005(v272) p6478(v105)
    - neighboring facets: f1472 f1827 f1520
- f1519
    - flags: top simplicial
    - normal:   -0.9469   0.2886  -0.1418
    - offset: -0.02651678
    - vertices: p3943(v312) p5829(v201) p1785(v17)
    - neighboring facets: f1290 f1520 f2172
- f1520
    - flags: bottom simplicial
    - normal:   -0.9399   0.2948  -0.1722
    - offset: -0.02686674
    - vertices: p3943(v312) p7005(v272) p1785(v17)
    - neighboring facets: f1303 f1519 f1514
- f1522
    - flags: top simplicial
    - normal:   -0.9659 1.087e-05   0.2588
    - offset: -0.02565369
    - vertices: p5801(v313) p3481(v236) p9102(v108)
    - neighboring facets: f1132 f1865 f2066
- f1523
    - flags: top simplicial
    - normal:   -0.9658 6.677e-06   0.2593
    - offset: -0.02565924
    - vertices: p5801(v313) p796(v58) p9598(v30)
    - neighboring facets: f492 f1839 f1864
- f1528
    - flags: top simplicial
    - normal:   -0.9789 -0.02926   0.2024
    - offset: -0.02531057
    - vertices: p9351(v314) p2086(v168) p3776(v35)
    - neighboring facets: f792 f1529 f1530
- f1529
    - flags: bottom simplicial
    - normal:    -0.983 -0.02219   0.1821
    - offset: -0.02504154
    - vertices: p9351(v314) p932(v237) p3776(v35)
    - neighboring facets: f1136 f1528 f1530
- f1530
    - flags: top simplicial
    - normal:    -0.966 -8.545e-05   0.2585
    - offset: -0.0256517
    - vertices: p9351(v314) p932(v237) p2086(v168)
    - neighboring facets: f1133 f1528 f1529
- f1532
    - flags: top simplicial
    - normal:    0.8521   0.1753   0.4931
    - offset: -0.0283519
    - vertices: p831(v315) p4449(v238) p5420(v171)
    - neighboring facets: f1139 f1533 f1539
- f1533
    - flags: top simplicial
    - normal:     0.928   0.1633   0.3348
    - offset: -0.02712652
    - vertices: p831(v315) p5420(v171) p2031(v113)
    - neighboring facets: f1156 f1535 f1532
- f1534
    - flags: top simplicial
    - normal:    0.9981  0.00805  0.06129
    - offset: -0.02357247
    - center: 0.02255203333333334 0.002743648333333333 0.01699373333333333 
    - vertices: p831(v315) p6848(v172) p67(v19)
    - neighboring facets: f1544 f1538 f1535
- f1535
    - flags: bottom simplicial
    - normal:     0.987  0.06023   0.1487
    - offset: -0.02496528
    - vertices: p831(v315) p6848(v172) p2031(v113)
    - neighboring facets: f1157 f1533 f1534
- f1536
    - flags: bottom simplicial
    - normal:    0.1825  0.03227   0.9827
    - offset: -0.02246688
    - vertices: p1900(v316) p4449(v238) p2736(v211)
    - neighboring facets: f1141 f1537 f1539
- f1537
    - flags: bottom simplicial
    - normal:    0.1814 -0.04572   0.9823
    - offset: -0.02244075
    - vertices: p1900(v316) p2736(v211) p1489(v80)
    - neighboring facets: f1386 f1541 f1536
- f1538
    - flags: top simplicial
    - normal:    0.9281  0.05787   0.3678
    - offset: -0.0276877
    - vertices: p1900(v316) p831(v315) p67(v19)
    - neighboring facets: f1534 f1540 f1539
- f1539
    - flags: bottom simplicial
    - normal:    0.8191   0.1448    0.555
    - offset: -0.02873995
    - vertices: p1900(v316) p831(v315) p4449(v238)
    - neighboring facets: f1532 f1536 f1538
- f1540
    - flags: bottom simplicial
    - normal:    0.5662 -0.03743   0.8234
    - offset: -0.02809711
    - vertices: p1900(v316) p7422(v142) p67(v19)
    - neighboring facets: f668 f1538 f1542
- f1541
    - flags: bottom simplicial
    - normal:    0.2609 -0.06576   0.9631
    - offset: -0.02386556
    - vertices: p1900(v316) p1489(v80) p6277(v43)
    - neighboring facets: f1385 f1542 f1537
- f1542
    - flags: top simplicial
    - normal:    0.2711  -0.0681   0.9601
    - offset: -0.02403815
    - vertices: p1900(v316) p7422(v142) p6277(v43)
    - neighboring facets: f666 f1541 f1540
- f1544
    - flags: bottom simplicial tested
    - normal:    0.9984 0.005002   0.0557
    - offset: -0.0234777
    - center: 0.02261973333333334 0.004518837333333334 0.01563363333333333 
    - vertices: p9653(v317) p6848(v172) p67(v19)
    - neighboring facets: f1534 f1846 f1844
- f1548
    - flags: top simplicial tested
    - normal:    0.9798   0.1998 0.001552
    - offset: -0.02410137
    - center: 0.0226861 0.00936493 0.001173132333333333 
    - vertices: p3138(v318) p9018(v216) p7999(v148)
    - neighboring facets: f1040 f1849 f1549
- f1549
    - flags: bottom simplicial tested
    - normal:    0.9653   0.2613  0.00301
    - offset: -0.0243495
    - center: 0.02266543333333333 0.009385619999999999 0.006372065666666667 
    - vertices: p3138(v318) p9018(v216) p2307(v48)
    - neighboring facets: f1039 f1550 f1548
- f1550
    - flags: top simplicial tested
    - normal:    0.9849   0.1728 0.006549
    - offset: -0.02400138
    - center: 0.02267306666666666 0.009285429999999999 0.009987569999999999 
    - vertices: p3138(v318) p3983(v240) p2307(v48)
    - neighboring facets: f1552 f1549 f2492
    - ridges:
- f1552
    - flags: bottom simplicial tested
    - normal:    0.9906   0.1364  0.01156
    - offset: -0.02384922
    - center: 0.02267306666666667 0.009157423333333333 0.0121345 
    - vertices: p8587(v319) p3983(v240) p2307(v48)
    - neighboring facets: f1550 f1553 f2493
    - ridges:
- f1553
    - flags: top simplicial tested
    - normal:    0.9584   0.2167   0.1857
    - offset: -0.02613515
    - center: 0.02256016666666667 0.009362880000000001 0.01337546666666667 
    - vertices: p8587(v319) p8378(v242) p2307(v48)
    - neighboring facets: f1159 f1552 f1554
- f1554
    - flags: bottom simplicial tested
    - normal:    0.9583   0.2075   0.1966
    - offset: -0.02619425
    - center: 0.0225871 0.008960856666666668 0.01368356666666667 
    - vertices: p8587(v319) p8378(v242) p6848(v172)
    - neighboring facets: f1157 f2489 f1553
    - ridges:
- f1555
    - flags: bottom simplicial tested
    - normal:    0.7071   0.7071 -2.703e-07
    - offset: -0.02269808
    - center: 0.02055696666666667 0.01154305 -0.008176353333333334 
    - vertices: p1261(v320) p9693(v243) p7932(v47)
    - neighboring facets: f1160 f1559 f1556
- f1556
    - flags: top simplicial tested
    - normal:    0.7071   0.7071 4.696e-09
    - offset: -0.02269807
    - center: 0.02051646666666667 0.01158355 -8.412000000000061e-05 
    - vertices: p1261(v320) p9693(v243) p6820(v146)
    - neighboring facets: f1163 f1557 f1555
- f1557
    - flags: bottom simplicial tested
    - normal:    0.6645   0.7472 2.613e-05
    - offset: -0.02235548
    - center: 0.01971526666666666 0.01238376666666667 0.0009899499999999999 
    - vertices: p1261(v320) p7612(v214) p6820(v146)
    - neighboring facets: f1397 f1556 f1558
- f1558
    - flags: top simplicial tested
    - normal:     0.369   0.9294 -0.002046
    - offset: -0.01879536
    - center: 0.01968973333333333 0.0123928 -0.005816513333333333 
    - vertices: p1261(v320) p7612(v214) p1475(v85)
    - neighboring facets: f2541 f1559 f1557
    - ridges:
- f1559
    - flags: top simplicial tested
    - normal:    0.5204   0.8539 -0.006167
    - offset: -0.02087432
    - center: 0.01974023333333334 0.01234326666666667 -0.009903203333333334 
    - vertices: p1261(v320) p1475(v85) p7932(v47)
    - neighboring facets: f400 f1555 f1558
- f1561
    - flags: bottom simplicial
    - normal:   -0.1015    0.217   0.9709
    - offset: -0.01992225
    - vertices: p352(v321) p3477(v245) p9808(v31)
    - neighboring facets: f1170 f1718 f1852
- f1563
    - flags: bottom simplicial
    - normal:   -0.1133   0.9213   0.3719
    - offset: -0.01904559
    - vertices: p352(v321) p9995(v248) p6226(v176)
    - neighboring facets: f2094 f1851 f2080
- f1580
    - flags: top simplicial tested
    - normal:  -0.001089   0.9998  0.01756
    - offset: -0.01266603
    - center: -0.01898423333333333 0.01239883333333333 0.01414836666666667 
    - vertices: p9473(v324) p9995(v248) p5976(v63)
    - neighboring facets: f1194 f2545 f1581
    - ridges:
- f1581
    - flags: bottom simplicial tested
    - normal:  -0.001122   0.9997  0.02286
    - offset: -0.01274046
    - center: -0.01729596666666667 0.01239883333333333 0.0142388 
    - vertices: p9473(v324) p9995(v248) p470(v177)
    - neighboring facets: f1197 f2548 f1580
    - ridges:
- f1586
    - flags: top simplicial
    - normal:    0.7262  -0.6859   0.0467
    - offset: -0.02355326
    - center: 0.0218688 -0.01021347333333334 0.0142762 
    - vertices: p4616(v326) p1826(v250) p693(v34)
    - neighboring facets: f1202 f1726 f2299
- f1591
    - flags: top simplicial tested
    - normal:  0.006673       -1 0.002852
    - offset: -0.01256393
    - center: 0.01906776666666667 -0.0123989 0.01336746666666667 
    - vertices: p7684(v327) p3202(v252) p3791(v64)
    - neighboring facets: f1213 f1592 f2498
    - ridges:
- f1592
    - flags: bottom simplicial tested
    - normal:    0.1242  -0.9917  0.03204
    - offset: -0.01511021
    - center: 0.01946006666666667 -0.01237166666666667 0.01322123333333333 
    - vertices: p7684(v327) p3794(v118) p3791(v64)
    - neighboring facets: f848 f1591 f1594
- f1594
    - flags: bottom simplicial tested
    - normal:    0.4865  -0.8737 0.001816
    - offset: -0.0204107
    - center: 0.01970433333333333 -0.01237276666666667 0.008147754333333333 
    - vertices: p7684(v327) p2353(v119) p3794(v118)
    - neighboring facets: f870 f1592 f2497
    - ridges:
- f1596
    - flags: bottom simplicial tested
    - normal:  0.0002167  -0.9995  0.03145
    - offset: -0.01284759
    - center: 0.01563496666666667 -0.0123989 0.01435296666666667 
    - vertices: p1655(v328) p1331(v120) p3791(v64)
    - neighboring facets: f1213 f1597 f2508
    - ridges:
- f1597
    - flags: top simplicial tested
    - normal:  0.0001553  -0.9992  0.04091
    - offset: -0.01297837
    - center: 0.01079111 -0.0123989 0.01437726666666667 
    - vertices: p1655(v328) p7618(v254) p3791(v64)
    - neighboring facets: f1222 f1596 f2512
    - ridges:
- f1599
    - flags: top simplicial tested
    - normal:  -0.0002861   -0.998  0.06252
    - offset: -0.0132757
    - center: -0.002106806666666667 -0.0123763 0.0147626 
    - vertices: p6081(v329) p3591(v184) p9659(v49)
    - neighboring facets: f1227 f1600 f2500
    - ridges:
- f1600
    - flags: bottom simplicial tested
    - normal:  8.646e-05  -0.9982  0.06066
    - offset: -0.01324985
    - center: 0.00181953 -0.0123763 0.01477326666666667 
    - vertices: p6081(v329) p7618(v254) p9659(v49)
    - neighboring facets: f1222 f1599 f2513
    - ridges:
- f1603
    - flags: top simplicial
    - normal:   -0.9916  -0.1297 2.258e-06
    - offset: -0.02387181
    - vertices: p9761(v330) p1949(v122) p4040(v66)
    - neighboring facets: f566 f1887 f1886
- f1605
    - flags: bottom simplicial
    - normal:    -0.984  -0.1781 -4.104e-05
    - offset: -0.02422057
    - vertices: p6369(v331) p8684(v225) p8835(v38)
    - neighboring facets: f1075 f1606 f1885
- f1606
    - flags: top simplicial
    - normal:   -0.9787  -0.2051 5.91e-06
    - offset: -0.02439162
    - vertices: p6369(v331) p1833(v121) p8835(v38)
    - neighboring facets: f880 f1605 f1607
- f1607
    - flags: bottom simplicial
    - normal:   -0.9901  -0.1401 0.000657
    - offset: -0.02395699
    - vertices: p6369(v331) p1833(v121) p4040(v66)
    - neighboring facets: f1450 f1888 f1606
- f1611
    - flags: top simplicial
    - normal:   -0.2917  -0.2874   0.9123
    - offset: -0.02388993
    - vertices: p5935(v332) p5056(v187) p7685(v109)
    - neighboring facets: f886 f1612 f1613
- f1612
    - flags: bottom simplicial
    - normal:   -0.4154  -0.3772   0.8277
    - offset: -0.02621327
    - vertices: p5935(v332) p8691(v257) p7685(v109)
    - neighboring facets: f1234 f1611 f1613
- f1613
    - flags: top simplicial
    - normal:   -0.3509  -0.2881    0.891
    - offset: -0.0248277
    - vertices: p5935(v332) p8691(v257) p5056(v187)
    - neighboring facets: f1233 f1611 f1612
- f1614
    - flags: bottom simplicial
    - normal:   -0.9471 -0.05046    0.317
    - offset: -0.02655408
    - vertices: p3646(v333) p2086(v168) p7745(v67)
    - neighboring facets: f792 f1615 f2073
- f1615
    - flags: top simplicial
    - normal:   -0.8991 -0.08409   0.4297
    - offset: -0.02759922
    - vertices: p3646(v333) p5923(v259) p7745(v67)
    - neighboring facets: f1242 f1614 f2074
- f1617
    - flags: bottom simplicial
    - normal:   0.07787  0.02548  -0.9966
    - offset: -0.01941815
    - vertices: p7097(v334) p9547(v192) p9416(v130)
    - neighboring facets: f1627 f1618 f1619
- f1618
    - flags: top simplicial
    - normal:   0.07582  0.02481  -0.9968
    - offset: -0.0193902
    - vertices: p7097(v334) p3895(v264) p9416(v130)
    - neighboring facets: f1266 f1617 f1619
- f1619
    - flags: bottom simplicial
    - normal:   0.07663  0.02823  -0.9967
    - offset: -0.01940464
    - vertices: p7097(v334) p3895(v264) p9547(v192)
    - neighboring facets: f1263 f1617 f1618
- f1621
    - flags: top simplicial tested
    - normal:  -0.02403 0.001106  -0.9997
    - offset: -0.01943927
    - center: -0.00225327 -0.00548635 -0.0193968 
    - vertices: p7585(v335) p8469(v262) p917(v36)
    - neighboring facets: f1258 f2479 f1622
    - ridges:
- f1622
    - flags: bottom simplicial tested
    - normal:   -0.0267 0.001998  -0.9996
    - offset: -0.01944024
    - center: -0.00235473 -0.0002755433333333334 -0.01938486666666667 
    - vertices: p7585(v335) p8469(v262) p6651(v190)
    - neighboring facets: f1257 f1623 f1621
- f1623
    - flags: top simplicial tested
    - normal:  -0.02075  0.00228  -0.9998
    - offset: -0.01942992
    - center: -0.00187763 0.003123316666666667 -0.01938806666666667 
    - vertices: p7585(v335) p3895(v264) p6651(v190)
    - neighboring facets: f1264 f1622 f2480
    - ridges:
- f1624
    - flags: bottom simplicial
    - normal:    0.6315   0.1222  -0.7657
    - offset: -0.02773862
    - vertices: p4649(v336) p3450(v265) p5900(v83)
    - neighboring facets: f1270 f1626 f1625
- f1625
    - flags: top simplicial
    - normal:    0.7756    0.215  -0.5935
    - offset: -0.02806881
    - vertices: p4649(v336) p3450(v265) p9547(v192)
    - neighboring facets: f1272 f1627 f1624
- f1626
    - flags: top simplicial
    - normal:    0.3063  0.02489  -0.9516
    - offset: -0.02364942
    - vertices: p4649(v336) p4150(v196) p5900(v83)
    - neighboring facets: f1730 f1624 f1628
- f1627
    - flags: top simplicial
    - normal:   0.07897  0.02342  -0.9966
    - offset: -0.01943157
    - vertices: p4649(v336) p9547(v192) p9416(v130)
    - neighboring facets: f1617 f1628 f1625
- f1628
    - flags: bottom simplicial
    - normal:   0.08156 0.006628  -0.9966
    - offset: -0.01945288
    - vertices: p4649(v336) p4150(v196) p9416(v130)
    - neighboring facets: f1732 f1627 f1626
- f1631
    - flags: top simplicial
    - normal:   -0.9659 4.407e-07  -0.2588
    - offset: -0.02565376
    - center: -0.02246176666666666 -0.0008296566666666667 -0.01528926666666667 
    - vertices: p6672(v337) p6274(v270) p5147(v72)
    - neighboring facets: f1645 f1892 f1632
- f1632
    - flags: bottom simplicial
    - normal:   -0.9659 1.138e-06  -0.2589
    - offset: -0.02565392
    - vertices: p6672(v337) p6274(v270) p9732(v132)
    - neighboring facets: f1296 f2101 f1631
- f1635
    - flags: top simplicial
    - normal:   -0.7079 -0.04093  -0.7051
    - offset: -0.02717221
    - vertices: p6672(v337) p4845(v268) p5367(v127)
    - neighboring facets: f1286 f2104 f1890
- f1637
    - flags: bottom simplicial tested
    - normal:   -0.9994  -0.0266 -0.02297
    - offset: -0.02326172
    - center: -0.02268766666666667 -0.009882376666666666 -0.01416123333333333 
    - vertices: p1164(v338) p4097(v273) p8835(v38)
    - neighboring facets: f1310 f1903 f2530
    - ridges:
- f1641
    - flags: top simplicial tested
    - normal:   -0.9845 -0.001186  -0.1754
    - offset: -0.0248656
    - center: -0.02267873333333334 -0.004256026666666667 -0.0144424 
    - vertices: p1840(v339) p4097(v273) p9056(v133)
    - neighboring facets: f1311 f1643 f1905
- f1643
    - flags: bottom simplicial tested
    - normal:    -0.966 -2.858e-08  -0.2587
    - offset: -0.02565273
    - center: -0.02266203333333333 -0.00199245 -0.0145418 
    - vertices: p1840(v339) p5673(v271) p9056(v133)
    - neighboring facets: f1298 f1641 f1646
- f1644
    - flags: top simplicial tested
    - normal:   -0.9659 5.176e-06  -0.2588
    - offset: -0.02565307
    - center: -0.02262053333333333 0.007600610000000001 -0.01469663333333333 
    - vertices: p1840(v339) p6274(v270) p5829(v201)
    - neighboring facets: f1297 f1907 f1645
- f1645
    - flags: bottom simplicial tested
    - normal:   -0.9659 1.691e-06  -0.2588
    - offset: -0.0256532
    - center: -0.02257816666666667 0.002647886666666667 -0.01485483333333333 
    - vertices: p1840(v339) p6274(v270) p5147(v72)
    - neighboring facets: f1631 f1646 f1644
- f1646
    - flags: top simplicial tested
    - normal:   -0.9659 1.027e-06  -0.2588
    - offset: -0.02565311
    - center: -0.02263133333333334 -0.0009538400000000001 -0.0146564 
    - vertices: p1840(v339) p5673(v271) p5147(v72)
    - neighboring facets: f1298 f1645 f1643
- f1647
    - flags: top simplicial
    - normal:   -0.2503  -0.9682 0.001041
    - offset: -0.01724254
    - vertices: p7733(v340) p7014(v275) p5954(v135)
    - neighboring facets: f1322 f1648 f1656
- f1648
    - flags: bottom simplicial
    - normal:   -0.2641  -0.9645 0.0004308
    - offset: -0.01749159
    - vertices: p7733(v340) p7540(v276) p5954(v135)
    - neighboring facets: f1678 f1647 f1649
- f1649
    - flags: top simplicial
    - normal:   -0.2839  -0.9589 0.000107
    - offset: -0.0178449
    - vertices: p7733(v340) p7540(v276) p2163(v204)
    - neighboring facets: f2131 f2129 f1648
- f1654
    - flags: bottom simplicial
    - normal:   -0.2124  -0.9772 0.002648
    - offset: -0.01655626
    - center: -0.02129323333333333 -0.012296 0.006806888333333334 
    - vertices: p9838(v341) p7014(v275) p4505(v205)
    - neighboring facets: f1322 f1685 f1656
- f1656
    - flags: bottom simplicial
    - normal:   -0.3812  -0.9245 1.887e-05
    - offset: -0.01950358
    - vertices: p9838(v341) p7733(v340) p7014(v275)
    - neighboring facets: f1647 f1654 f2127
- f1675
    - flags: top simplicial
    - normal:   -0.4287  -0.8975  -0.1035
    - offset: -0.02161885
    - vertices: p5100(v344) p3894(v73) p6885(v21)
    - neighboring facets: f430 f1929 f2133
- f1678
    - flags: top simplicial
    - normal:   -0.2173  -0.9761 1.415e-05
    - offset: -0.01664705
    - vertices: p773(v345) p7540(v276) p5954(v135)
    - neighboring facets: f1648 f1679 f1680
- f1679
    - flags: bottom simplicial
    - normal:    -0.217  -0.9762 1.328e-05
    - offset: -0.01664261
    - vertices: p773(v345) p5565(v279) p5954(v135)
    - neighboring facets: f1340 f1678 f1681
- f1680
    - flags: bottom simplicial
    - normal:   -0.2172  -0.9761 -1.827e-05
    - offset: -0.01664565
    - vertices: p773(v345) p7540(v276) p3894(v73)
    - neighboring facets: f2132 f1681 f1678
- f1681
    - flags: top simplicial
    - normal:   -0.2164  -0.9763 -6.08e-06
    - offset: -0.01663089
    - vertices: p773(v345) p5565(v279) p3894(v73)
    - neighboring facets: f1343 f1680 f1679
- f1685
    - flags: bottom simplicial tested
    - normal:   -0.1703  -0.9854 0.004784
    - offset: -0.01577554
    - center: -0.0210019 -0.0123432 0.007544258333333332 
    - vertices: p1649(v346) p9838(v341) p4505(v205)
    - neighboring facets: f1654 f1937 f1687
- f1686
    - flags: top simplicial tested
    - normal:   -0.1695  -0.9855 0.009744
    - offset: -0.01581771
    - center: -0.0208454 -0.012335 0.01317383333333333 
    - vertices: p1649(v346) p7178(v40) p9597(v12)
    - neighboring facets: f203 f2514 f1687
    - ridges:
- f1687
    - flags: top simplicial tested
    - normal:   -0.1745  -0.9846 0.007553
    - offset: -0.01588389
    - center: -0.0211889 -0.0122862 0.01187646666666667 
    - vertices: p1649(v346) p9838(v341) p7178(v40)
    - neighboring facets: f2124 f1686 f1685
- f1688
    - flags: bottom simplicial
    - normal:  -0.07631  -0.9971 -2.152e-05
    - offset: -0.01394683
    - vertices: p655(v347) p4640(v278) p3359(v134)
    - neighboring facets: f1337 f1941 f1943
- f1697
    - flags: bottom simplicial
    - normal:   -0.9386   -0.345 0.001382
    - offset: -0.02503007
    - vertices: p1986(v349) p9459(v282) p3776(v35)
    - neighboring facets: f1353 f1955 f2292
- f1710
    - flags: bottom simplicial
    - normal:   -0.8377  -0.5461 0.0006003
    - offset: -0.02501972
    - vertices: p3746(v352) p5315(v283) p7343(v207)
    - neighboring facets: f2268 f2154 f1711
- f1711
    - flags: bottom simplicial
    - normal:   -0.8323  -0.5543 0.0002546
    - offset: -0.02499038
    - vertices: p3746(v352) p5144(v351) p5315(v283)
    - neighboring facets: f2117 f1710 f1967
- f1713
    - flags: top simplicial
    - normal:   -0.8965  -0.4431 -0.0007059
    - offset: -0.02516654
    - vertices: p7777(v353) p1739(v284) p2059(v206)
    - neighboring facets: f1361 f1972 f1979
- f1716
    - flags: top simplicial
    - normal:  -0.07335   0.1641   0.9837
    - offset: -0.01924224
    - vertices: p6167(v354) p1398(v285) p9808(v31)
    - neighboring facets: f1371 f1718 f1717
- f1717
    - flags: bottom simplicial
    - normal:  -0.05664   0.1756   0.9828
    - offset: -0.01945643
    - vertices: p6167(v354) p1398(v285) p2421(v208)
    - neighboring facets: f1365 f1719 f1716
- f1718
    - flags: bottom simplicial
    - normal:  -0.07621   0.2153   0.9736
    - offset: -0.01947387
    - vertices: p6167(v354) p352(v321) p9808(v31)
    - neighboring facets: f1561 f1716 f1719
- f1719
    - flags: top simplicial
    - normal:  -0.07408   0.2297   0.9704
    - offset: -0.01955663
    - vertices: p6167(v354) p352(v321) p2421(v208)
    - neighboring facets: f1857 f1717 f1718
- f1725
    - flags: bottom simplicial tested
    - normal:    0.7383  -0.6738  0.03146
    - offset: -0.02348521
    - center: 0.0225471 -0.0095239 0.01343426666666667 
    - vertices: p9616(v355) p584(v209) p693(v34)
    - neighboring facets: f1009 f1726 f2160
- f1726
    - flags: top simplicial tested
    - normal:    0.7295  -0.6833  0.02874
    - offset: -0.02334415
    - center: 0.0222068 -0.009875463333333336 0.01375296666666667 
    - vertices: p9616(v355) p4616(v326) p693(v34)
    - neighboring facets: f1586 f1725 f2298
- f1727
    - flags: top simplicial
    - normal:    0.6373  -0.2974  -0.7109
    - offset: -0.02734328
    - vertices: p4672(v356) p7163(v213) p7020(v144)
    - neighboring facets: f1031 f1992 f1729
- f1729
    - flags: top simplicial
    - normal:    0.5251  -0.2303  -0.8193
    - offset: -0.0265284
    - vertices: p4672(v356) p781(v289) p7163(v213)
    - neighboring facets: f1390 f1727 f1993
- f1730
    - flags: bottom simplicial
    - normal:    0.3526  -0.0286  -0.9353
    - offset: -0.02437526
    - vertices: p8704(v357) p4150(v196) p5900(v83)
    - neighboring facets: f1626 f1731 f1732
- f1731
    - flags: top simplicial
    - normal:    0.8089  -0.1584  -0.5662
    - offset: -0.02806201
    - vertices: p8704(v357) p781(v289) p5900(v83)
    - neighboring facets: f1995 f1730 f1734
- f1732
    - flags: top simplicial
    - normal:   0.08016 -0.006502  -0.9968
    - offset: -0.01942034
    - vertices: p8704(v357) p4150(v196) p9416(v130)
    - neighboring facets: f1628 f1733 f1730
- f1733
    - flags: bottom simplicial
    - normal:   0.07856 -0.01193  -0.9968
    - offset: -0.01939219
    - vertices: p8704(v357) p4793(v266) p9416(v130)
    - neighboring facets: f1273 f1732 f1734
- f1734
    - flags: bottom simplicial
    - normal:   0.07866 -0.01541  -0.9968
    - offset: -0.01939735
    - vertices: p8704(v357) p781(v289) p4793(v266)
    - neighboring facets: f1392 f1733 f1731
- f1735
    - flags: bottom simplicial
    - normal:    0.7071  -0.7071 -2.524e-05
    - offset: -0.02269879
    - vertices: p8820(v358) p7424(v294) p3095(v217)
    - neighboring facets: f1417 f1739 f1738
- f1736
    - flags: bottom simplicial
    - normal:    0.7072   -0.707 -2.238e-05
    - offset: -0.02269956
    - vertices: p8820(v358) p8307(v293) p1351(v91)
    - neighboring facets: f1984 f1737 f1740
- f1737
    - flags: top simplicial
    - normal:    0.7071  -0.7071 -6.809e-06
    - offset: -0.02269829
    - vertices: p8820(v358) p1715(v181) p1351(v91)
    - neighboring facets: f1987 f1736 f1738
- f1738
    - flags: top simplicial
    - normal:    0.7071  -0.7071 -6.951e-06
    - offset: -0.02269828
    - vertices: p8820(v358) p7424(v294) p1715(v181)
    - neighboring facets: f1742 f1737 f1735
- f1739
    - flags: bottom simplicial
    - normal:    0.7151  -0.6991 -0.003663
    - offset: -0.02283891
    - vertices: p8820(v358) p3095(v217) p6005(v50)
    - neighboring facets: f1417 f1740 f1735
- f1740
    - flags: top simplicial
    - normal:    0.7159  -0.6982 -0.003705
    - offset: -0.02284953
    - vertices: p8820(v358) p8307(v293) p6005(v50)
    - neighboring facets: f1412 f1739 f1736
- f1741
    - flags: bottom simplicial
    - normal:    0.7071  -0.7071 -6.677e-06
    - offset: -0.02269823
    - vertices: p800(v359) p1715(v181) p8775(v150)
    - neighboring facets: f859 f1743 f1742
- f1742
    - flags: bottom simplicial
    - normal:    0.7071  -0.7071 -6.889e-06
    - offset: -0.02269825
    - vertices: p800(v359) p7424(v294) p1715(v181)
    - neighboring facets: f1738 f1741 f1744
- f1743
    - flags: bottom simplicial
    - normal:    0.7084  -0.7049 -0.03657
    - offset: -0.02322324
    - vertices: p800(v359) p8775(v150) p6005(v50)
    - neighboring facets: f705 f1744 f1741
- f1744
    - flags: top simplicial
    - normal:    0.7104  -0.7037 -0.008554
    - offset: -0.02285328
    - vertices: p800(v359) p7424(v294) p6005(v50)
    - neighboring facets: f1417 f1743 f1742
- f1745
    - flags: bottom simplicial
    - normal:   0.01812  -0.7017  -0.7123
    - offset: -0.0197609
    - vertices: p7825(v360) p8586(v218) p7277(v152)
    - neighboring facets: f1048 f1747 f1746
- f1746
    - flags: bottom simplicial
    - normal:   0.01323  -0.6934  -0.7204
    - offset: -0.01976535
    - vertices: p7825(v360) p8620(v295) p8586(v218)
    - neighboring facets: f1751 f1745 f1998
- f1747
    - flags: bottom simplicial
    - normal:   0.01857   -0.719  -0.6948
    - offset: -0.01969113
    - vertices: p7825(v360) p7277(v152) p4479(v52)
    - neighboring facets: f726 f1997 f1745
- f1749
    - flags: top simplicial
    - normal:  0.006579  -0.6659   -0.746
    - offset: -0.01986668
    - vertices: p806(v361) p8586(v218) p917(v36)
    - neighboring facets: f1049 f1750 f1751
- f1750
    - flags: bottom simplicial
    - normal:  0.005695  -0.6695  -0.7428
    - offset: -0.01983555
    - vertices: p806(v361) p8620(v295) p917(v36)
    - neighboring facets: f1422 f1749 f1751
- f1751
    - flags: top simplicial
    - normal:  0.007049  -0.6737   -0.739
    - offset:  -0.019825
    - vertices: p806(v361) p8620(v295) p8586(v218)
    - neighboring facets: f1746 f1749 f1750
- f1752
    - flags: bottom simplicial
    - normal:   -0.9956   0.0934 0.003798
    - offset: -0.02359859
    - vertices: p2884(v362) p9448(v222) p3902(v9)
    - neighboring facets: f1065 f1753 f2167
- f1753
    - flags: top simplicial
    - normal:   -0.9944   0.1054 0.006701
    - offset: -0.02373325
    - vertices: p2884(v362) p6791(v298) p3902(v9)
    - neighboring facets: f2088 f1752 f2389
- f1766
    - flags: top simplicial
    - normal:    -0.999 -0.04393 8.499e-06
    - offset: -0.02313504
    - vertices: p4336(v364) p6152(v299) p3744(v223)
    - neighboring facets: f1440 f1767 f1768
- f1767
    - flags: bottom simplicial
    - normal:    -0.999 -0.04381 2.803e-06
    - offset: -0.02313387
    - vertices: p4336(v364) p1822(v301) p3744(v223)
    - neighboring facets: f1453 f1766 f1769
- f1768
    - flags: top simplicial
    - normal:   -0.9991  -0.0432 1.02e-05
    - offset: -0.02312814
    - vertices: p4336(v364) p5764(v302) p6152(v299)
    - neighboring facets: f1460 f1766 f1769
- f1769
    - flags: bottom simplicial
    - normal:    -0.999 -0.04359 2.421e-06
    - offset: -0.02313174
    - vertices: p4336(v364) p5764(v302) p1822(v301)
    - neighboring facets: f1458 f1767 f1768
- f1770
    - flags: bottom simplicial
    - normal:   -0.9998  -0.0195 -0.0001463
    - offset: -0.02289847
    - vertices: p6563(v365) p8695(v226) p9889(v159)
    - neighboring facets: f1080 f1771 f1772
- f1771
    - flags: top simplicial
    - normal:   -0.9991 -0.04255 -3.184e-06
    - offset: -0.02312191
    - vertices: p6563(v365) p5764(v302) p9889(v159)
    - neighboring facets: f1458 f1770 f1772
- f1772
    - flags: bottom simplicial
    - normal:   -0.9995 -0.03227 -1.989e-05
    - offset: -0.02302338
    - center: -0.02269903333333333 -0.0104176 -0.001027923333333333 
    - vertices: p6563(v365) p5764(v302) p8695(v226)
    - neighboring facets: f2008 f1770 f1771
- f1776
    - flags: top simplicial tested
    - normal:        -1 -0.008502 0.0004805
    - offset: -0.02278974
    - center: -0.02269903333333334 -0.01024690333333333 0.009171333333333333 
    - vertices: p2637(v366) p4018(v300) p3803(v158)
    - neighboring facets: f1447 f1777 f2529
    - ridges:
- f1777
    - flags: bottom simplicial tested
    - normal:   -0.9999 -0.01549 0.0003149
    - offset: -0.02285945
    - center: -0.02269870000000001 -0.0104177 0.006601513333333333 
    - vertices: p2637(v366) p5764(v302) p3803(v158)
    - neighboring facets: f1460 f1776 f2009
- f1778
    - flags: top simplicial
    - normal:   0.08783   0.7491  -0.6566
    - offset: -0.02022626
    - vertices: p4538(v367) p2690(v228) p15(v160)
    - neighboring facets: f1089 f1779 f1780
- f1779
    - flags: bottom simplicial
    - normal:   0.06054   0.7721  -0.6327
    - offset: -0.01967107
    - vertices: p4538(v367) p8511(v303) p15(v160)
    - neighboring facets: f1464 f1778 f1782
- f1780
    - flags: bottom simplicial
    - normal:   0.03806    0.473  -0.8802
    - offset: -0.02076532
    - vertices: p4538(v367) p2690(v228) p8436(v128)
    - neighboring facets: f1094 f1781 f1778
- f1781
    - flags: top simplicial
    - normal:  0.003334   0.6766  -0.7364
    - offset: -0.01979434
    - vertices: p4538(v367) p7160(v304) p8436(v128)
    - neighboring facets: f1478 f1780 f1782
- f1782
    - flags: bottom simplicial
    - normal:  0.004201   0.6846  -0.7289
    - offset: -0.0197541
    - vertices: p4538(v367) p7160(v304) p8511(v303)
    - neighboring facets: f1480 f1779 f1781
- f1783
    - flags: top simplicial
    - normal:  -0.02439   0.9847  -0.1725
    - offset: -0.01517755
    - center: -0.02018303333333333 0.01228716666666666 -0.01499106666666667 
    - vertices: p8095(v368) p6006(v229) p6012(v162)
    - neighboring facets: f1795 f1785 f1784
- f1784
    - flags: top simplicial
    - normal:  -0.02667   0.9739  -0.2252
    - offset: -0.01589862
    - vertices: p8095(v368) p7160(v304) p6006(v229)
    - neighboring facets: f1479 f1783 f1786
- f1785
    - flags: bottom simplicial
    - normal:   -0.1004   0.9922 -0.07399
    - offset: -0.01536413
    - center: -0.02066156666666667 0.0123277 -0.01430246666666667 
    - vertices: p8095(v368) p210(v309) p6012(v162)
    - neighboring facets: f1803 f1783 f1786
- f1786
    - flags: top simplicial
    - normal:    -0.304   0.9497 -0.07547
    - offset: -0.01914906
    - vertices: p8095(v368) p210(v309) p7160(v304)
    - neighboring facets: f1502 f1784 f1785
- f1787
    - flags: top simplicial
    - normal:   -0.7557   0.2465  -0.6067
    - offset: -0.02879992
    - vertices: p7731(v369) p2516(v198) p9732(v132)
    - neighboring facets: f1291 f1789 f1788
- f1788
    - flags: top simplicial
    - normal:   -0.7553   0.2769  -0.5939
    - offset: -0.02891287
    - vertices: p7731(v369) p7160(v304) p2516(v198)
    - neighboring facets: f1474 f1787 f1791
- f1789
    - flags: top simplicial
    - normal:   -0.5535  0.07245  -0.8297
    - offset: -0.02606666
    - vertices: p7731(v369) p9732(v132) p7673(v37)
    - neighboring facets: f1894 f1790 f1787
- f1790
    - flags: bottom simplicial
    - normal:   -0.3462  0.04531  -0.9371
    - offset: -0.02295179
    - vertices: p7731(v369) p9596(v188) p7673(v37)
    - neighboring facets: f898 f1789 f1791
- f1791
    - flags: bottom simplicial
    - normal:   -0.3141   0.1183   -0.942
    - offset: -0.02310729
    - vertices: p7731(v369) p7160(v304) p9596(v188)
    - neighboring facets: f1475 f1790 f1788
- f1795
    - flags: bottom simplicial tested
    - normal:  -0.005165   0.9858  -0.1676
    - offset: -0.01473937
    - center: -0.01974183333333333 0.01234663333333333 -0.01470756666666667 
    - vertices: p2120(v371) p6006(v229) p6012(v162)
    - neighboring facets: f1783 f2014 f2017
- f1803
    - flags: top simplicial tested
    - normal:  -0.07636   0.9959 -0.04857
    - offset: -0.01456618
    - center: -0.02059466666666667 0.0123861 -0.0135556 
    - vertices: p7468(v373) p210(v309) p6012(v162)
    - neighboring facets: f1785 f2180 f2193
- f1824
    - flags: bottom simplicial
    - normal:    -0.764   0.6452 0.0006439
    - offset: -0.02452955
    - vertices: p1642(v377) p2094(v311) p4663(v104)
    - neighboring facets: f1868 f2342 f2050
- f1827
    - flags: top simplicial
    - normal:   -0.7342   0.6789 -0.004707
    - offset: -0.02430543
    - vertices: p2260(v378) p3943(v312) p6478(v105)
    - neighboring facets: f1514 f2203 f2056
- f1836
    - flags: bottom simplicial
    - normal:   -0.9659 9.132e-07   0.2588
    - offset: -0.02565358
    - vertices: p8776(v379) p3481(v236) p2086(v168)
    - neighboring facets: f1132 f2072 f2067
- f1838
    - flags: bottom simplicial
    - normal:   -0.9659 -1.512e-06   0.2591
    - offset: -0.02565607
    - vertices: p2015(v380) p5923(v259) p9598(v30)
    - neighboring facets: f1244 f1839 f1840
- f1839
    - flags: top simplicial
    - normal:   -0.9659 -3.633e-08   0.2591
    - offset: -0.02565618
    - vertices: p2015(v380) p5801(v313) p9598(v30)
    - neighboring facets: f1523 f1838 f2075
- f1840
    - flags: top simplicial
    - normal:   -0.9659 -5.955e-06    0.259
    - offset: -0.02565497
    - vertices: p2015(v380) p5923(v259) p3027(v258)
    - neighboring facets: f2071 f2069 f1838
- f1844
    - flags: top simplicial tested
    - normal:    0.9991 0.002252  0.04321
    - offset: -0.02329613
    - center: 0.02269403333333333 0.005815263333333334 0.01412363333333333 
    - vertices: p525(v381) p9653(v317) p6848(v172)
    - neighboring facets: f1544 f2490 f1846
    - ridges:
- f1845
    - flags: top simplicial tested
    - normal:    0.9987 0.001242  0.05021
    - offset: -0.02338416
    - center: 0.0226257 -0.001180029333333333 0.01570376666666666 
    - vertices: p525(v381) p5155(v239) p67(v19)
    - neighboring facets: f1143 f1846 f2494
    - ridges:
- f1846
    - flags: bottom simplicial tested
    - normal:    0.9987 0.001411  0.05035
    - offset: -0.02338659
    - center: 0.02261973333333333 0.002882004 0.01571893333333333 
    - vertices: p525(v381) p9653(v317) p67(v19)
    - neighboring facets: f1544 f1845 f1844
- f1848
    - flags: top simplicial tested
    - normal:    0.9871   0.1603 -2.436e-05
    - offset: -0.02389785
    - center: 0.02269373333333333 0.00934102 -0.006477543333333333 
    - vertices: p9730(v382) p7999(v148) p1502(v25)
    - neighboring facets: f696 f2485 f1849
    - ridges:
- f1849
    - flags: top simplicial tested
    - normal:     0.989   0.1482 0.0006303
    - offset: -0.02382498
    - center: 0.02269373333333333 0.009324856666666666 -0.0002459399999999999 
    - vertices: p9730(v382) p3138(v318) p7999(v148)
    - neighboring facets: f1548 f1848 f2492
    - ridges:
- f1850
    - flags: top simplicial
    - normal:   -0.1398   0.3068   0.9414
    - offset: -0.02127378
    - vertices: p7941(v383) p3477(v245) p6226(v176)
    - neighboring facets: f1872 f1851 f1852
- f1851
    - flags: bottom simplicial
    - normal:   -0.1288   0.3574    0.925
    - offset: -0.02138117
    - vertices: p7941(v383) p352(v321) p6226(v176)
    - neighboring facets: f1563 f1850 f1852
- f1852
    - flags: top simplicial
    - normal:   -0.1225   0.2858   0.9504
    - offset: -0.0208113
    - vertices: p7941(v383) p352(v321) p3477(v245)
    - neighboring facets: f1561 f1850 f1851
- f1854
    - flags: top simplicial
    - normal:  -0.01083    0.981   0.1936
    - offset: -0.01512986
    - vertices: p1767(v384) p9995(v248) p3680(v116)
    - neighboring facets: f1197 f2084 f2081
- f1857
    - flags: bottom simplicial
    - normal:  -0.04108   0.5242   0.8506
    - offset: -0.02056108
    - vertices: p1767(v384) p352(v321) p2421(v208)
    - neighboring facets: f1719 f2086 f2082
- f1858
    - flags: top simplicial
    - normal:   -0.3248   0.2211   0.9196
    - offset: -0.02396554
    - vertices: p2708(v385) p3477(v245) p796(v58)
    - neighboring facets: f1170 f1859 f1874
- f1859
    - flags: bottom simplicial
    - normal:   -0.8004   0.1764    0.573
    - offset: -0.02836667
    - vertices: p2708(v385) p7730(v322) p796(v58)
    - neighboring facets: f1863 f1858 f1875
- f1861
    - flags: top simplicial
    - normal:   -0.9638  0.04692   0.2625
    - offset: -0.02605105
    - vertices: p5903(v386) p9102(v108) p3902(v9)
    - neighboring facets: f1122 f1862 f1865
- f1862
    - flags: bottom simplicial
    - normal:   -0.9587  0.06144   0.2777
    - offset: -0.02629676
    - vertices: p5903(v386) p7730(v322) p3902(v9)
    - neighboring facets: f1867 f1861 f1863
- f1863
    - flags: top simplicial
    - normal:   -0.8358   0.1538   0.5271
    - offset: -0.02823782
    - vertices: p5903(v386) p7730(v322) p796(v58)
    - neighboring facets: f1859 f1864 f1862
- f1864
    - flags: bottom simplicial
    - normal:   -0.9659 4.129e-05   0.2589
    - offset: -0.0256546
    - vertices: p5903(v386) p5801(v313) p796(v58)
    - neighboring facets: f1523 f1863 f1865
- f1865
    - flags: top simplicial
    - normal:   -0.9659 1.843e-05   0.2588
    - offset: -0.02565383
    - vertices: p5903(v386) p5801(v313) p9102(v108)
    - neighboring facets: f1522 f1861 f1864
- f1867
    - flags: top simplicial
    - normal:   -0.9564   0.2062   0.2069
    - offset: -0.02671077
    - vertices: p1174(v387) p7730(v322) p3902(v9)
    - neighboring facets: f1862 f2089 f1875
- f1868
    - flags: top simplicial
    - normal:    -0.781   0.6245 0.001905
    - offset: -0.02467902
    - vertices: p1174(v387) p2094(v311) p4663(v104)
    - neighboring facets: f1824 f2092 f2051
- f1872
    - flags: bottom simplicial
    - normal:   -0.6546    0.557   0.5111
    - offset: -0.02832469
    - vertices: p1174(v387) p3477(v245) p6226(v176)
    - neighboring facets: f1850 f2234 f1874
- f1874
    - flags: bottom simplicial
    - normal:   -0.7067   0.4827   0.5173
    - offset: -0.02872309
    - vertices: p1174(v387) p2708(v385) p3477(v245)
    - neighboring facets: f1858 f1872 f1875
- f1875
    - flags: top simplicial
    - normal:   -0.7649   0.4061      0.5
    - offset: -0.02889837
    - vertices: p1174(v387) p2708(v385) p7730(v322)
    - neighboring facets: f1859 f1867 f1874
- f1879
    - flags: bottom simplicial tested
    - normal:  -0.0001623   0.9991  0.04181
    - offset: -0.01299154
    - center: -0.004924426666666666 0.0123799 0.0148696 
    - vertices: p9622(v388) p470(v177) p3680(v116)
    - neighboring facets: f1197 f1880 f2549
    - ridges:
- f1880
    - flags: top simplicial tested
    - normal:  -4.886e-06   0.9992  0.04078
    - offset: -0.01297645
    - center: 0.001290343333333333 0.0123799 0.01488116666666667 
    - vertices: p9622(v388) p8508(v325) p3680(v116)
    - neighboring facets: f1883 f1879 f2551
    - ridges:
- f1882
    - flags: top simplicial tested
    - normal:  0.0001234   0.9992  0.04084
    - offset: -0.01297793
    - center: 0.009380583333333333 0.0123799 0.01486793333333333 
    - vertices: p7257(v389) p3064(v249) p3680(v116)
    - neighboring facets: f1377 f1883 f2536
    - ridges:
- f1883
    - flags: bottom simplicial tested
    - normal:  4.372e-05   0.9992  0.04079
    - offset: -0.01297683
    - center: 0.004815486666666667 0.0123799 0.01488136666666667 
    - vertices: p7257(v389) p8508(v325) p3680(v116)
    - neighboring facets: f1880 f1882 f2552
    - ridges:
- f1884
    - flags: top simplicial
    - normal:   -0.9915  -0.1301 -8.885e-07
    - offset: -0.02387553
    - vertices: p5343(v390) p8684(v225) p1949(v122)
    - neighboring facets: f1076 f1886 f1885
- f1885
    - flags: top simplicial
    - normal:   -0.9915  -0.1305 -1.248e-07
    - offset: -0.02387795
    - vertices: p5343(v390) p6369(v331) p8684(v225)
    - neighboring facets: f1605 f1884 f1888
- f1886
    - flags: bottom simplicial
    - normal:   -0.9915  -0.1298 1.669e-06
    - offset: -0.0238732
    - vertices: p5343(v390) p9761(v330) p1949(v122)
    - neighboring facets: f1603 f1884 f1887
- f1887
    - flags: top simplicial
    - normal:   -0.9915  -0.1298 3.336e-06
    - offset: -0.02387296
    - vertices: p5343(v390) p9761(v330) p4040(v66)
    - neighboring facets: f1603 f1888 f1886
- f1888
    - flags: bottom simplicial
    - normal:   -0.9914  -0.1307 4.234e-05
    - offset: -0.0238805
    - vertices: p5343(v390) p6369(v331) p4040(v66)
    - neighboring facets: f1607 f1887 f1885
- f1889
    - flags: bottom simplicial
    - normal:   -0.9659 -0.0008899  -0.2591
    - offset: -0.0256627
    - vertices: p4896(v391) p4845(v268) p9056(v133)
    - neighboring facets: f1311 f1891 f1890
- f1890
    - flags: bottom simplicial
    - normal:   -0.9655 -0.000781  -0.2602
    - offset: -0.02567213
    - vertices: p4896(v391) p6672(v337) p4845(v268)
    - neighboring facets: f1635 f1889 f1892
- f1891
    - flags: bottom simplicial
    - normal:   -0.9659 -4.642e-06  -0.2588
    - offset: -0.02565345
    - vertices: p4896(v391) p9056(v133) p5147(v72)
    - neighboring facets: f1298 f1892 f1889
- f1892
    - flags: top simplicial
    - normal:   -0.9659 -2.338e-06  -0.2588
    - offset: -0.02565372
    - vertices: p4896(v391) p6672(v337) p5147(v72)
    - neighboring facets: f1631 f1891 f1890
- f1894
    - flags: bottom simplicial
    - normal:   -0.6218  0.02087  -0.7829
    - offset: -0.02635889
    - vertices: p6550(v392) p9732(v132) p7673(v37)
    - neighboring facets: f1789 f1896 f2102
- f1896
    - flags: top simplicial
    - normal:   -0.3525  0.01183  -0.9357
    - offset: -0.02276463
    - vertices: p6550(v392) p9661(v126) p7673(v37)
    - neighboring facets: f898 f1894 f2247
- f1901
    - flags: bottom simplicial tested
    - normal:        -1 -0.007798 -0.0007678
    - offset: -0.0227863
    - center: -0.02269903333333333 -0.01023272 -0.0106386 
    - vertices: p7491(v393) p9889(v159) p9235(v100)
    - neighboring facets: f1080 f2526 f1902
    - ridges:
- f1902
    - flags: top simplicial tested
    - normal:   -0.9995 -0.02956 -0.007297
    - offset: -0.02307467
    - center: -0.0226867 -0.01038512 -0.01253963333333333 
    - vertices: p7491(v393) p9889(v159) p8835(v38)
    - neighboring facets: f1075 f1903 f1901
- f1903
    - flags: bottom simplicial tested
    - normal:   -0.9995 -0.02917 -0.007511
    - offset: -0.02307376
    - center: -0.02268766666666667 -0.01008358 -0.01360926666666667 
    - vertices: p7491(v393) p1164(v338) p8835(v38)
    - neighboring facets: f1637 f1902 f2531
    - ridges:
- f1905
    - flags: bottom simplicial tested
    - normal:    -0.989 -0.0008747   -0.148
    - offset: -0.02457315
    - center: -0.02269643333333333 0.0003998500000000002 -0.0143701 
    - vertices: p4570(v394) p1840(v339) p4097(v273)
    - neighboring facets: f1641 f2532 f1907
    - ridges:
- f1906
    - flags: top simplicial tested
    - normal:   -0.9893 0.001328  -0.1462
    - offset: -0.02456682
    - center: -0.02269396666666667 0.00832984 -0.0144042 
    - vertices: p4570(v394) p5829(v201) p8284(v71)
    - neighboring facets: f962 f2528 f1907
    - ridges:
- f1907
    - flags: top simplicial tested
    - normal:   -0.9815 0.0003238  -0.1913
    - offset: -0.02503373
    - center: -0.0226904 0.006953166666666667 -0.01442963333333333 
    - vertices: p4570(v394) p1840(v339) p5829(v201)
    - neighboring facets: f1644 f1906 f1905
- f1929
    - flags: top simplicial
    - normal:   -0.4673  -0.8771   -0.111
    - offset: -0.02231586
    - vertices: p4125(v400) p5100(v344) p6885(v21)
    - neighboring facets: f1675 f1930 f2251
- f1930
    - flags: bottom simplicial
    - normal:   -0.8179  -0.4958  -0.2919
    - offset: -0.02804328
    - vertices: p4125(v400) p4845(v268) p6885(v21)
    - neighboring facets: f1286 f1929 f1931
- f1931
    - flags: top simplicial
    - normal:   -0.8252  -0.4924  -0.2767
    - offset: -0.02793714
    - vertices: p4125(v400) p4845(v268) p8835(v38)
    - neighboring facets: f1310 f2252 f1930
- f1935
    - flags: bottom simplicial tested
    - normal:  -0.002728       -1 1.535e-05
    - offset: -0.01245623
    - center: -0.02066693333333333 -0.01239993333333334 -0.001747190366666667 
    - vertices: p6860(v401) p9810(v280) p381(v203)
    - neighboring facets: f1347 f2510 f1936
    - ridges:
- f1936
    - flags: bottom simplicial tested
    - normal:  -0.003085       -1 2.153e-05
    - offset: -0.01246362
    - center: -0.0206211 -0.01239993333333333 0.005981042966666667 
    - vertices: p6860(v401) p1649(v346) p9810(v280)
    - neighboring facets: f1938 f1935 f2514
    - ridges:
- f1937
    - flags: bottom simplicial
    - normal:  -0.08327  -0.9965  0.00118
    - offset: -0.01408268
    - vertices: p2853(v402) p1649(v346) p4505(v205)
    - neighboring facets: f1685 f1944 f1938
- f1938
    - flags: top simplicial
    - normal:  -0.05299  -0.9986 0.000651
    - offset: -0.01347951
    - vertices: p2853(v402) p1649(v346) p9810(v280)
    - neighboring facets: f1936 f1940 f1937
- f1940
    - flags: top simplicial
    - normal:  -0.04502   -0.999 4.377e-06
    - offset: -0.01331931
    - vertices: p2853(v402) p9810(v280) p3359(v134)
    - neighboring facets: f1347 f1941 f1938
- f1941
    - flags: bottom simplicial
    - normal:  -0.07324  -0.9973 4.632e-05
    - offset: -0.01388491
    - vertices: p2853(v402) p655(v347) p3359(v134)
    - neighboring facets: f1688 f1940 f1945
- f1942
    - flags: top simplicial
    - normal:   -0.1306  -0.9914 4.251e-07
    - offset: -0.01501207
    - vertices: p5682(v403) p4640(v278) p4505(v205)
    - neighboring facets: f1344 f1944 f1943
- f1943
    - flags: top simplicial
    - normal:   -0.1285  -0.9917 7.796e-06
    - offset: -0.0149711
    - vertices: p5682(v403) p655(v347) p4640(v278)
    - neighboring facets: f1688 f1942 f1945
- f1944
    - flags: bottom simplicial
    - normal:  -0.08904   -0.996 0.0004311
    - offset: -0.01419694
    - vertices: p5682(v403) p2853(v402) p4505(v205)
    - neighboring facets: f1937 f1942 f1945
- f1945
    - flags: top simplicial
    - normal:  -0.08738  -0.9962 0.0003264
    - offset: -0.01416437
    - vertices: p5682(v403) p2853(v402) p655(v347)
    - neighboring facets: f1941 f1943 f1944
- f1946
    - flags: top simplicial
    - normal:    -0.962   -0.273 -0.000909
    - offset: -0.02475706
    - vertices: p2084(v404) p8415(v281) p8835(v38)
    - neighboring facets: f1352 f1947 f1948
- f1947
    - flags: bottom simplicial
    - normal:    -0.969  -0.2472 -0.0003533
    - offset: -0.02462869
    - vertices: p2084(v404) p7303(v348) p8835(v38)
    - neighboring facets: f1953 f1946 f1949
- f1948
    - flags: bottom simplicial
    - normal:   -0.9537  -0.3008 -2.364e-06
    - offset: -0.02486775
    - vertices: p2084(v404) p8415(v281) p3776(v35)
    - neighboring facets: f1954 f1949 f1946
- f1949
    - flags: top simplicial
    - normal:   -0.9538  -0.3005 -2.236e-06
    - offset: -0.02486669
    - vertices: p2084(v404) p7303(v348) p3776(v35)
    - neighboring facets: f1951 f1948 f1947
- f1950
    - flags: top simplicial
    - normal:   -0.9715  -0.2371 0.0001522
    - offset: -0.02457484
    - vertices: p8933(v405) p2713(v185) p3776(v35)
    - neighboring facets: f879 f1951 f1952
- f1951
    - flags: bottom simplicial
    - normal:   -0.9547  -0.2976 2.404e-06
    - offset: -0.02485564
    - vertices: p8933(v405) p7303(v348) p3776(v35)
    - neighboring facets: f1949 f1950 f1953
- f1952
    - flags: bottom simplicial
    - normal:   -0.9755  -0.2199 -1.263e-05
    - offset: -0.02447859
    - vertices: p8933(v405) p2713(v185) p8835(v38)
    - neighboring facets: f880 f1953 f1950
- f1953
    - flags: top simplicial
    - normal:    -0.972  -0.2349 -0.0001752
    - offset: -0.02456271
    - vertices: p8933(v405) p7303(v348) p8835(v38)
    - neighboring facets: f1947 f1952 f1951
- f1954
    - flags: top simplicial
    - normal:   -0.9537  -0.3009 -1.778e-06
    - offset: -0.02486818
    - vertices: p5527(v406) p8415(v281) p3776(v35)
    - neighboring facets: f1948 f1955 f1958
- f1955
    - flags: bottom simplicial
    - normal:   -0.9535  -0.3015 8.12e-06
    - offset: -0.02487065
    - vertices: p5527(v406) p1986(v349) p3776(v35)
    - neighboring facets: f1697 f1954 f1959
- f1958
    - flags: bottom simplicial
    - normal:   -0.9534  -0.3016 -4.904e-07
    - offset: -0.02487083
    - vertices: p2099(v407) p5527(v406) p8415(v281)
    - neighboring facets: f1954 f2151 f1959
- f1959
    - flags: top simplicial
    - normal:   -0.9533  -0.3021 1.602e-06
    - offset: -0.02487284
    - vertices: p2099(v407) p5527(v406) p1986(v349)
    - neighboring facets: f1955 f2150 f1958
- f1966
    - flags: top simplicial
    - normal:   -0.8436  -0.5369 -5.488e-07
    - offset: -0.0250453
    - vertices: p4376(v409) p5144(v351) p2616(v136)
    - neighboring facets: f2276 f1969 f1967
- f1967
    - flags: top simplicial
    - normal:   -0.8417    -0.54 5.43e-05
    - offset: -0.02503627
    - vertices: p4376(v409) p3746(v352) p5144(v351)
    - neighboring facets: f1711 f1966 f1968
- f1968
    - flags: top simplicial
    - normal:   -0.8557  -0.5175 -0.000174
    - offset: -0.02509333
    - vertices: p4376(v409) p9300(v408) p3746(v352)
    - neighboring facets: f2155 f1967 f1970
- f1969
    - flags: bottom simplicial
    - normal:    -0.857  -0.5153 -0.0002745
    - offset: -0.02509806
    - vertices: p4376(v409) p1739(v284) p2616(v136)
    - neighboring facets: f1361 f1966 f1970
- f1970
    - flags: bottom simplicial
    - normal:   -0.8572  -0.5151 -0.0002673
    - offset: -0.02509856
    - vertices: p4376(v409) p9300(v408) p1739(v284)
    - neighboring facets: f2156 f1969 f1968
- f1971
    - flags: bottom simplicial
    - normal:   -0.9237  -0.3832 -2.812e-06
    - offset: -0.02510332
    - vertices: p8844(v410) p9459(v282) p2059(v206)
    - neighboring facets: f2288 f1972 f1976
- f1972
    - flags: top simplicial
    - normal:   -0.9064  -0.4224 -0.0004293
    - offset: -0.02515651
    - vertices: p8844(v410) p7777(v353) p2059(v206)
    - neighboring facets: f1713 f1971 f1977
- f1974
    - flags: top simplicial
    - normal:   -0.8977  -0.4407 0.0004225
    - offset: -0.02516693
    - vertices: p4737(v411) p9459(v282) p7343(v207)
    - neighboring facets: f1354 f1975 f1976
- f1975
    - flags: bottom simplicial
    - normal:   -0.8878  -0.4602 1.092e-05
    - offset: -0.02516208
    - vertices: p4737(v411) p7777(v353) p7343(v207)
    - neighboring facets: f1978 f1974 f1977
- f1976
    - flags: top simplicial
    - normal:   -0.9235  -0.3836 -2.875e-06
    - offset: -0.02510404
    - vertices: p4737(v411) p8844(v410) p9459(v282)
    - neighboring facets: f1971 f1974 f1977
- f1977
    - flags: bottom simplicial
    - normal:   -0.9171  -0.3986 -6.278e-05
    - offset: -0.02512885
    - vertices: p4737(v411) p8844(v410) p7777(v353)
    - neighboring facets: f1972 f1975 f1976
- f1978
    - flags: top simplicial
    - normal:   -0.8871  -0.4615 4.505e-07
    - offset: -0.02516154
    - vertices: p3647(v412) p7777(v353) p7343(v207)
    - neighboring facets: f1975 f2153 f1979
- f1979
    - flags: bottom simplicial
    - normal:   -0.8881  -0.4596 -9.464e-05
    - offset: -0.02516264
    - vertices: p3647(v412) p7777(v353) p1739(v284)
    - neighboring facets: f1713 f2157 f1978
- f1984
    - flags: top simplicial
    - normal:    0.7078  -0.7064 -8.834e-05
    - offset: -0.02270823
    - center: 0.0225178 -0.009582206666666666 -0.008874536666666667 
    - vertices: p8552(v413) p8307(v293) p1351(v91)
    - neighboring facets: f1736 f2161 f1985
- f1985
    - flags: bottom simplicial
    - normal:    0.7311  -0.6822 -0.002994
    - offset: -0.02302759
    - center: 0.02257273333333333 -0.009524196666666663 -0.008808139999999999 
    - vertices: p8552(v413) p8307(v293) p2991(v287)
    - neighboring facets: f1411 f2158 f1984
- f1987
    - flags: bottom simplicial
    - normal:    0.7071  -0.7071 -2.326e-07
    - offset: -0.02269844
    - center: 0.02219543333333333 -0.009904629999999999 -0.001718156666666667 
    - vertices: p2639(v414) p1715(v181) p1351(v91)
    - neighboring facets: f1737 f2162 f2302
- f1992
    - flags: top simplicial
    - normal:    0.7626  -0.2244  -0.6067
    - offset: -0.02795607
    - vertices: p6156(v415) p4672(v356) p7020(v144)
    - neighboring facets: f1727 f1994 f1993
- f1993
    - flags: bottom simplicial
    - normal:    0.7437  -0.2126  -0.6339
    - offset: -0.0279705
    - vertices: p6156(v415) p4672(v356) p781(v289)
    - neighboring facets: f1729 f1995 f1992
- f1994
    - flags: top simplicial
    - normal:     0.855   -0.163  -0.4924
    - offset: -0.02779585
    - vertices: p6156(v415) p7020(v144) p5900(v83)
    - neighboring facets: f677 f1995 f1992
- f1995
    - flags: bottom simplicial
    - normal:    0.8244  -0.1626  -0.5422
    - offset: -0.02798496
    - vertices: p6156(v415) p781(v289) p5900(v83)
    - neighboring facets: f1731 f1994 f1993
- f1996
    - flags: top simplicial
    - normal:   0.01302  -0.7166  -0.6973
    - offset: -0.01967709
    - vertices: p8767(v416) p8620(v295) p4479(v52)
    - neighboring facets: f1421 f1997 f1998
- f1997
    - flags: bottom simplicial
    - normal:   0.01442  -0.7137  -0.7003
    - offset: -0.01969292
    - vertices: p8767(v416) p7825(v360) p4479(v52)
    - neighboring facets: f1747 f1996 f1998
- f1998
    - flags: top simplicial
    - normal:   0.01345  -0.7033  -0.7108
    - offset: -0.01973064
    - vertices: p8767(v416) p7825(v360) p8620(v295)
    - neighboring facets: f1746 f1996 f1997
- f2001
    - flags: bottom simplicial
    - normal:   -0.9956  0.09331 -0.0004181
    - offset: -0.02358044
    - vertices: p2128(v417) p417(v99) p2782(v54)
    - neighboring facets: f1428 f2306 f2002
- f2002
    - flags: top simplicial
    - normal:   -0.9963  0.08585 -0.001835
    - offset: -0.02353033
    - vertices: p2128(v417) p417(v99) p8728(v28)
    - neighboring facets: f457 f2175 f2001
- f2008
    - flags: top simplicial tested
    - normal:   -0.9997 -0.02561 1.432e-05
    - offset: -0.02295856
    - center: -0.02269966666666667 -0.01039866666666667 0.001673136666666667 
    - vertices: p8485(v418) p5764(v302) p8695(v226)
    - neighboring facets: f1772 f2520 f2009
    - ridges:
- f2009
    - flags: top simplicial tested
    - normal:   -0.9999 -0.01681 8.838e-05
    - offset: -0.02287151
    - center: -0.02269966666666667 -0.01039116666666667 0.003845596666666666 
    - vertices: p8485(v418) p2637(v366) p5764(v302)
    - neighboring facets: f1777 f2008 f2529
    - ridges:
- f2011
    - flags: top simplicial tested
    - normal:  0.002591   0.9888   -0.149
    - offset: -0.01440897
    - center: 0.0106809 0.01238953333333333 -0.0142971 
    - vertices: p9841(v419) p3079(v305) p7515(v14)
    - neighboring facets: f1484 f2538 f2012
    - ridges:
- f2012
    - flags: top simplicial tested
    - normal:   0.00137   0.9894  -0.1449
    - offset: -0.01435012
    - center: 0.005459753333333334 0.01238953333333333 -0.01437956666666667 
    - vertices: p9841(v419) p2568(v370) p3079(v305)
    - neighboring facets: f2015 f2011 f2553
    - ridges:
- f2013
    - flags: top simplicial tested
    - normal:  0.0003136   0.9933  -0.1155
    - offset: -0.01397246
    - center: -0.01150414666666667 0.01239896666666667 -0.01437553333333333 
    - vertices: p9215(v420) p2568(v370) p6012(v162)
    - neighboring facets: f2550 f2014 f2015
    - ridges:
- f2014
    - flags: bottom simplicial tested
    - normal:  0.0002627   0.9929  -0.1192
    - offset: -0.01402145
    - center: -0.01927553333333333 0.01239816666666667 -0.01440333333333333 
    - vertices: p9215(v420) p2120(v371) p6012(v162)
    - neighboring facets: f1795 f2013 f2017
- f2015
    - flags: bottom simplicial tested
    - normal:  0.0004734   0.9878  -0.1559
    - offset: -0.01448309
    - center: -0.002873646666666667 0.0123885 -0.01441816666666667 
    - vertices: p9215(v420) p2568(v370) p3079(v305)
    - neighboring facets: f2012 f2016 f2013
- f2016
    - flags: bottom simplicial tested
    - normal:  0.0004199   0.9858  -0.1676
    - offset: -0.01462969
    - center: -0.0106226 0.01233593333333334 -0.01475106666666667 
    - vertices: p9215(v420) p3079(v305) p6006(v229)
    - neighboring facets: f1485 f2017 f2015
- f2017
    - flags: top simplicial tested
    - normal:  0.0001741   0.9859  -0.1673
    - offset: -0.01462967
    - center: -0.01919373333333333 0.0123456 -0.01471496666666667 
    - vertices: p9215(v420) p2120(v371) p6006(v229)
    - neighboring facets: f1795 f2016 f2014
- f2020
    - flags: top simplicial
    - normal:   -0.2161   0.9764 5.028e-07
    - offset: -0.01662479
    - vertices: p889(v421) p7398(v372) p210(v309)
    - neighboring facets: f2333 f2413 f2178
- f2032
    - flags: bottom simplicial
    - normal:   -0.4017    0.915 -0.03775
    - offset: -0.02027849
    - vertices: p5914(v424) p210(v309) p6478(v105)
    - neighboring facets: f1502 f2198 f2033
- f2033
    - flags: bottom simplicial
    - normal:   -0.4009   0.9154 -0.03725
    - offset: -0.02025988
    - vertices: p5914(v424) p4912(v374) p210(v309)
    - neighboring facets: f2212 f2032 f2206
- f2038
    - flags: top simplicial
    - normal:   -0.3288   0.9444 0.002504
    - offset: -0.0186396
    - vertices: p3189(v425) p7398(v372) p7193(v231)
    - neighboring facets: f2098 f2210 f2336
- f2048
    - flags: bottom simplicial
    - normal:   -0.7479   0.6639 -1.033e-05
    - offset: -0.02438401
    - vertices: p8112(v427) p1642(v377) p1639(v233)
    - neighboring facets: f2343 f2057 f2223
- f2050
    - flags: top simplicial
    - normal:   -0.7937   0.6083 7.96e-06
    - offset: -0.02475416
    - vertices: p3141(v428) p1642(v377) p2094(v311)
    - neighboring facets: f1824 f2051 f2060
- f2051
    - flags: bottom simplicial
    - normal:   -0.8057   0.5923 0.0002201
    - offset: -0.02483706
    - vertices: p3141(v428) p1174(v387) p2094(v311)
    - neighboring facets: f1868 f2050 f2052
- f2052
    - flags: top simplicial
    - normal:    -0.813   0.5823 8.803e-05
    - offset: -0.02488258
    - vertices: p3141(v428) p1174(v387) p3943(v312)
    - neighboring facets: f2358 f2058 f2051
- f2055
    - flags: top simplicial
    - normal:   -0.7523   0.6588 -0.001333
    - offset: -0.02443315
    - vertices: p5515(v429) p2260(v378) p1639(v233)
    - neighboring facets: f2061 f2057 f2056
- f2056
    - flags: bottom simplicial
    - normal:   -0.7458   0.6662 -0.003037
    - offset: -0.02439372
    - vertices: p5515(v429) p2260(v378) p3943(v312)
    - neighboring facets: f1827 f2058 f2055
- f2057
    - flags: bottom simplicial
    - normal:   -0.7729   0.6345 -0.0005942
    - offset: -0.02460159
    - vertices: p5515(v429) p8112(v427) p1639(v233)
    - neighboring facets: f2048 f2055 f2225
- f2058
    - flags: top simplicial
    - normal:   -0.8019   0.5974 6.086e-06
    - offset: -0.02481146
    - vertices: p5515(v429) p3141(v428) p3943(v312)
    - neighboring facets: f2052 f2056 f2060
- f2060
    - flags: bottom simplicial
    - normal:   -0.7936   0.6084 2.807e-06
    - offset: -0.02475335
    - vertices: p5515(v429) p3141(v428) p1642(v377)
    - neighboring facets: f2050 f2224 f2058
- f2061
    - flags: bottom simplicial
    - normal:   -0.7431   0.6691 -0.0006704
    - offset: -0.02434528
    - vertices: p4969(v430) p2260(v378) p1639(v233)
    - neighboring facets: f2055 f2341 f2344
- f2066
    - flags: bottom simplicial
    - normal:   -0.9659 3.269e-06   0.2588
    - offset: -0.02565371
    - vertices: p4836(v431) p5801(v313) p3481(v236)
    - neighboring facets: f1522 f2067 f2076
- f2067
    - flags: top simplicial
    - normal:   -0.9659 1.524e-06   0.2588
    - offset: -0.02565366
    - vertices: p4836(v431) p8776(v379) p3481(v236)
    - neighboring facets: f1836 f2066 f2077
- f2069
    - flags: top simplicial
    - normal:   -0.9659 -3.07e-06   0.2589
    - offset: -0.0256545
    - vertices: p6718(v432) p2015(v380) p3027(v258)
    - neighboring facets: f1840 f2071 f2079
- f2071
    - flags: bottom simplicial
    - normal:   -0.9659 -9.294e-06   0.2589
    - offset: -0.02565493
    - vertices: p6718(v432) p5923(v259) p3027(v258)
    - neighboring facets: f1840 f2069 f2074
- f2072
    - flags: bottom simplicial
    - normal:   -0.9659 -1.548e-05   0.2589
    - offset: -0.02565412
    - vertices: p6718(v432) p8776(v379) p2086(v168)
    - neighboring facets: f1836 f2073 f2078
- f2073
    - flags: top simplicial
    - normal:   -0.9659 -7.285e-05    0.259
    - offset: -0.02565561
    - vertices: p6718(v432) p3646(v333) p2086(v168)
    - neighboring facets: f1614 f2072 f2074
- f2074
    - flags: bottom simplicial
    - normal:   -0.9659 -6.425e-05    0.259
    - offset: -0.02565563
    - vertices: p6718(v432) p3646(v333) p5923(v259)
    - neighboring facets: f1615 f2071 f2073
- f2075
    - flags: bottom simplicial
    - normal:   -0.9659 -1.325e-07   0.2589
    - offset: -0.02565434
    - vertices: p6087(v433) p2015(v380) p5801(v313)
    - neighboring facets: f1839 f2076 f2079
- f2076
    - flags: top simplicial
    - normal:   -0.9659 1.534e-06   0.2588
    - offset: -0.02565385
    - vertices: p6087(v433) p4836(v431) p5801(v313)
    - neighboring facets: f2066 f2075 f2077
- f2077
    - flags: bottom simplicial
    - normal:   -0.9659 1.303e-06   0.2588
    - offset: -0.0256538
    - vertices: p6087(v433) p4836(v431) p8776(v379)
    - neighboring facets: f2067 f2078 f2076
- f2078
    - flags: top simplicial
    - normal:   -0.9659 -1.251e-06   0.2589
    - offset: -0.02565423
    - vertices: p6087(v433) p6718(v432) p8776(v379)
    - neighboring facets: f2072 f2077 f2079
- f2079
    - flags: bottom simplicial
    - normal:   -0.9659 -1.45e-06   0.2589
    - offset: -0.0256543
    - vertices: p6087(v433) p6718(v432) p2015(v380)
    - neighboring facets: f2069 f2075 f2078
- f2080
    - flags: top simplicial
    - normal:  -0.07729   0.9403   0.3315
    - offset: -0.01795906
    - vertices: p1690(v434) p352(v321) p9995(v248)
    - neighboring facets: f1563 f2081 f2082
- f2081
    - flags: bottom simplicial
    - normal:  -0.07245    0.943   0.3247
    - offset: -0.01779655
    - vertices: p1690(v434) p1767(v384) p9995(v248)
    - neighboring facets: f1854 f2080 f2082
- f2082
    - flags: top simplicial
    - normal:  -0.07357   0.9389   0.3362
    - offset: -0.01794837
    - vertices: p1690(v434) p1767(v384) p352(v321)
    - neighboring facets: f1857 f2080 f2081
- f2083
    - flags: bottom simplicial
    - normal:  9.676e-05   0.7494   0.6622
    - offset: -0.01975351
    - vertices: p3151(v435) p826(v286) p3680(v116)
    - neighboring facets: f1377 f2084 f2085
- f2084
    - flags: top simplicial
    - normal:  -0.007335   0.7393   0.6734
    - offset: -0.01977421
    - vertices: p3151(v435) p1767(v384) p3680(v116)
    - neighboring facets: f1854 f2083 f2086
- f2085
    - flags: top simplicial
    - normal:  -0.004533   0.5897   0.8076
    - offset: -0.02080708
    - vertices: p3151(v435) p826(v286) p2421(v208)
    - neighboring facets: f1373 f2086 f2083
- f2086
    - flags: bottom simplicial
    - normal:  -0.02637   0.6209   0.7835
    - offset: -0.02041437
    - vertices: p3151(v435) p1767(v384) p2421(v208)
    - neighboring facets: f1857 f2085 f2084
- f2088
    - flags: bottom simplicial
    - normal:   -0.9831   0.1799  0.03485
    - offset: -0.02462599
    - vertices: p6591(v436) p6791(v298) p3902(v9)
    - neighboring facets: f1753 f2089 f2393
- f2089
    - flags: top simplicial
    - normal:   -0.9685   0.2183   0.1196
    - offset: -0.02587855
    - vertices: p6591(v436) p1174(v387) p3902(v9)
    - neighboring facets: f1867 f2088 f2354
- f2092
    - flags: top simplicial
    - normal:    -0.683     0.73  0.02529
    - offset: -0.02403196
    - vertices: p2750(v437) p1174(v387) p4663(v104)
    - neighboring facets: f1868 f2096 f2236
- f2093
    - flags: bottom simplicial
    - normal:   -0.2947   0.9552  0.02518
    - offset: -0.01832318
    - vertices: p2750(v437) p9995(v248) p7447(v164)
    - neighboring facets: f2189 f2097 f2094
- f2094
    - flags: top simplicial
    - normal:   -0.3834   0.8727   0.3024
    - offset: -0.02306914
    - vertices: p2750(v437) p9995(v248) p6226(v176)
    - neighboring facets: f1563 f2235 f2093
- f2096
    - flags: bottom simplicial
    - normal:    -0.641   0.7675 0.003857
    - offset: -0.0232789
    - vertices: p2750(v437) p8884(v308) p4663(v104)
    - neighboring facets: f2219 f2092 f2237
- f2097
    - flags: top simplicial
    - normal:   -0.3101   0.9507  0.01028
    - offset: -0.01839548
    - vertices: p2750(v437) p7398(v372) p7447(v164)
    - neighboring facets: f2452 f2093 f2098
- f2098
    - flags: bottom simplicial
    - normal:   -0.3418   0.9397 0.005305
    - offset: -0.01888486
    - vertices: p2750(v437) p7398(v372) p7193(v231)
    - neighboring facets: f2038 f2241 f2097
- f2101
    - flags: bottom simplicial
    - normal:   -0.9645 3.713e-05  -0.2643
    - offset: -0.02570597
    - vertices: p4452(v438) p6672(v337) p9732(v132)
    - neighboring facets: f1632 f2102 f2103
- f2102
    - flags: top simplicial
    - normal:   -0.8153 0.002544  -0.5791
    - offset: -0.02731863
    - vertices: p4452(v438) p6550(v392) p9732(v132)
    - neighboring facets: f1894 f2101 f2103
- f2103
    - flags: bottom simplicial
    - normal:   -0.8144 0.002095  -0.5803
    - offset: -0.02731648
    - vertices: p4452(v438) p6550(v392) p6672(v337)
    - neighboring facets: f2243 f2101 f2102
- f2104
    - flags: top simplicial
    - normal:   -0.4899 -0.01472  -0.8717
    - offset: -0.02475878
    - vertices: p4443(v439) p6672(v337) p5367(v127)
    - neighboring facets: f1635 f2106 f2359
- f2106
    - flags: bottom simplicial
    - normal:   -0.3497 -0.01051  -0.9368
    - offset: -0.02267666
    - vertices: p4443(v439) p1095(v189) p5367(v127)
    - neighboring facets: f905 f2104 f2107
- f2107
    - flags: bottom simplicial
    - normal:   -0.3479 -0.005201  -0.9375
    - offset: -0.02262609
    - vertices: p4443(v439) p5600(v267) p1095(v189)
    - neighboring facets: f1281 f2106 f2361
- f2114
    - flags: top simplicial
    - normal:   -0.7862  -0.6179 1.384e-05
    - offset: -0.02469959
    - vertices: p7142(v441) p7652(v396) p5315(v283)
    - neighboring facets: f2118 f2266 f2116
- f2116
    - flags: bottom simplicial
    - normal:   -0.7584  -0.6518 -0.0003228
    - offset: -0.02447422
    - vertices: p7142(v441) p7652(v396) p6826(v342)
    - neighboring facets: f2274 f2271 f2114
- f2117
    - flags: top simplicial
    - normal:   -0.8059   -0.592 3.448e-05
    - offset: -0.02483785
    - vertices: p5525(v442) p5144(v351) p5315(v283)
    - neighboring facets: f1711 f2118 f2272
- f2118
    - flags: bottom simplicial
    - normal:   -0.7936  -0.6084 6.503e-07
    - offset: -0.02475371
    - vertices: p5525(v442) p7652(v396) p5315(v283)
    - neighboring facets: f2114 f2117 f2273
- f2123
    - flags: bottom simplicial
    - normal:   -0.4712   -0.882 -0.0001045
    - offset: -0.02092541
    - vertices: p3682(v443) p5243(v398) p5100(v344)
    - neighboring facets: f2280 f2134 f2277
- f2124
    - flags: bottom simplicial
    - normal:   -0.3876  -0.9218 0.0001972
    - offset: -0.01961017
    - vertices: p3512(v444) p9838(v341) p7178(v40)
    - neighboring facets: f1687 f2125 f2127
- f2125
    - flags: top simplicial
    - normal:   -0.4226  -0.9063 -4.441e-05
    - offset: -0.02017194
    - vertices: p3512(v444) p3682(v443) p7178(v40)
    - neighboring facets: f2138 f2124 f2126
- f2126
    - flags: bottom simplicial
    - normal:   -0.4192  -0.9079 -6.136e-05
    - offset: -0.02011873
    - vertices: p3512(v444) p3682(v443) p1330(v397)
    - neighboring facets: f2135 f2128 f2125
- f2127
    - flags: top simplicial
    - normal:   -0.3829  -0.9238 3.705e-06
    - offset: -0.01953133
    - vertices: p3512(v444) p9838(v341) p7733(v340)
    - neighboring facets: f1656 f2128 f2124
- f2128
    - flags: bottom simplicial
    - normal:    -0.383  -0.9238 1.58e-06
    - offset: -0.01953252
    - vertices: p3512(v444) p1330(v397) p7733(v340)
    - neighboring facets: f2130 f2127 f2126
- f2129
    - flags: top simplicial
    - normal:   -0.3319  -0.9433 -0.0001058
    - offset: -0.01868027
    - vertices: p7994(v445) p7733(v340) p2163(v204)
    - neighboring facets: f1649 f2131 f2130
- f2130
    - flags: top simplicial
    - normal:   -0.3828  -0.9238 -9.535e-07
    - offset: -0.01953063
    - vertices: p7994(v445) p1330(v397) p7733(v340)
    - neighboring facets: f2128 f2129 f2135
- f2131
    - flags: bottom simplicial
    - normal:   -0.3023  -0.9532 -0.0003963
    - offset: -0.01817071
    - vertices: p7994(v445) p7540(v276) p2163(v204)
    - neighboring facets: f1649 f2129 f2132
- f2132
    - flags: top simplicial
    - normal:   -0.3186  -0.9479 -0.002668
    - offset: -0.01847554
    - vertices: p7994(v445) p7540(v276) p3894(v73)
    - neighboring facets: f1680 f2133 f2131
- f2133
    - flags: bottom simplicial
    - normal:   -0.3658  -0.9307 -0.00564
    - offset: -0.01930083
    - vertices: p7994(v445) p5100(v344) p3894(v73)
    - neighboring facets: f1675 f2132 f2134
- f2134
    - flags: bottom simplicial
    - normal:   -0.4229  -0.9062 -0.001072
    - offset: -0.02018181
    - vertices: p7994(v445) p3682(v443) p5100(v344)
    - neighboring facets: f2123 f2133 f2135
- f2135
    - flags: top simplicial
    - normal:   -0.4194  -0.9078 -0.00092
    - offset: -0.02012436
    - vertices: p7994(v445) p3682(v443) p1330(v397)
    - neighboring facets: f2126 f2130 f2134
- f2136
    - flags: top simplicial
    - normal:   -0.5484  -0.8362 0.006547
    - offset: -0.02212058
    - vertices: p6656(v446) p6253(v343) p7178(v40)
    - neighboring facets: f2443 f2138 f2137
- f2137
    - flags: top simplicial
    - normal:   -0.5284   -0.849 0.000732
    - offset: -0.02177133
    - vertices: p6656(v446) p5243(v398) p6253(v343)
    - neighboring facets: f2285 f2136 f2278
- f2138
    - flags: bottom simplicial
    - normal:   -0.4618   -0.887 -1.021e-06
    - offset: -0.02078265
    - vertices: p6656(v446) p3682(v443) p7178(v40)
    - neighboring facets: f2125 f2136 f2279
- f2141
    - flags: top simplicial
    - normal:   -0.6087  -0.7934 -1.53e-05
    - offset: -0.02285023
    - vertices: p2118(v447) p6875(v399) p1163(v277)
    - neighboring facets: f2144 f2381 f2380
- f2143
    - flags: top simplicial
    - normal:    -0.594  -0.8044 -0.005217
    - offset: -0.02272409
    - vertices: p2122(v448) p5100(v344) p1163(v277)
    - neighboring facets: f2250 f2144 f2281
- f2144
    - flags: bottom simplicial
    - normal:   -0.5922  -0.8058 -0.0008195
    - offset: -0.02264621
    - vertices: p2122(v448) p6875(v399) p1163(v277)
    - neighboring facets: f2141 f2143 f2284
- f2150
    - flags: top simplicial
    - normal:   -0.9346  -0.3556 6.425e-05
    - offset: -0.02504415
    - vertices: p8744(v449) p2099(v407) p1986(v349)
    - neighboring facets: f1959 f2293 f2151
- f2151
    - flags: bottom simplicial
    - normal:    -0.933  -0.3598 1.475e-06
    - offset: -0.02505428
    - vertices: p8744(v449) p2099(v407) p8415(v281)
    - neighboring facets: f1958 f2291 f2150
- f2153
    - flags: top simplicial
    - normal:   -0.8866  -0.4625 -1.524e-06
    - offset: -0.02516119
    - vertices: p2485(v450) p3647(v412) p7343(v207)
    - neighboring facets: f1978 f2154 f2157
- f2154
    - flags: bottom simplicial
    - normal:   -0.8864   -0.463 -1.184e-06
    - offset:  -0.025161
    - vertices: p2485(v450) p3746(v352) p7343(v207)
    - neighboring facets: f1710 f2153 f2155
- f2155
    - flags: bottom simplicial
    - normal:   -0.8863   -0.463 -1.414e-06
    - offset: -0.02516099
    - vertices: p2485(v450) p9300(v408) p3746(v352)
    - neighboring facets: f1968 f2154 f2156
- f2156
    - flags: top simplicial
    - normal:    -0.886  -0.4637 -1.006e-05
    - offset: -0.02516074
    - vertices: p2485(v450) p9300(v408) p1739(v284)
    - neighboring facets: f1970 f2157 f2155
- f2157
    - flags: bottom simplicial
    - normal:   -0.8865  -0.4628 -1.101e-05
    - offset: -0.02516111
    - vertices: p2485(v450) p3647(v412) p1739(v284)
    - neighboring facets: f1979 f2156 f2153
- f2158
    - flags: bottom simplicial tested
    - normal:    0.7495   -0.662 -6.067e-05
    - offset: -0.02323147
    - center: 0.0226574 -0.009439543333333335 -0.002712 
    - vertices: p8344(v451) p8552(v413) p2991(v287)
    - neighboring facets: f1985 f2159 f2161
- f2159
    - flags: bottom simplicial tested
    - normal:    0.8239  -0.5668 0.0006531
    - offset: -0.0240192
    - center: 0.0226803 -0.009405383333333333 0.004080619999999999 
    - vertices: p8344(v451) p2991(v287) p584(v209)
    - neighboring facets: f2491 f2160 f2158
    - ridges:
- f2160
    - flags: top simplicial tested
    - normal:    0.8087  -0.5882 0.001129
    - offset: -0.02388166
    - center: 0.0226512 -0.00943753666666667 0.01101527333333333 
    - vertices: p8344(v451) p9616(v355) p584(v209)
    - neighboring facets: f1725 f2159 f2296
- f2161
    - flags: top simplicial tested
    - normal:    0.7073  -0.7069 -2.243e-06
    - offset: -0.02270074
    - center: 0.02260246666666666 -0.009497553333333332 -0.002778396666666667 
    - vertices: p8344(v451) p8552(v413) p1351(v91)
    - neighboring facets: f1984 f2162 f2158
- f2162
    - flags: bottom simplicial tested
    - normal:    0.7071  -0.7071 -6.234e-08
    - offset: -0.02269865
    - center: 0.02254356666666666 -0.009556473333333333 0.001878573333333334 
    - vertices: p8344(v451) p2639(v414) p1351(v91)
    - neighboring facets: f1987 f2161 f2297
- f2166
    - flags: bottom simplicial
    - normal:   -0.9934    0.115 0.001575
    - offset: -0.02376198
    - vertices: p4999(v452) p361(v297) p9448(v222)
    - neighboring facets: f1427 f2167 f2303
- f2167
    - flags: top simplicial
    - normal:    -0.993   0.1185    0.002
    - offset: -0.02379125
    - vertices: p4999(v452) p2884(v362) p9448(v222)
    - neighboring facets: f1752 f2166 f2312
- f2172
    - flags: bottom simplicial
    - normal:   -0.9591   0.2792  -0.0461
    - offset: -0.02531181
    - vertices: p8361(v453) p3943(v312) p5829(v201)
    - neighboring facets: f1519 f2174 f2173
- f2173
    - flags: bottom simplicial
    - normal:   -0.9261   0.3771 -0.01217
    - offset: -0.02521794
    - vertices: p8361(v453) p3058(v363) p3943(v312)
    - neighboring facets: f2351 f2172 f2464
- f2174
    - flags: bottom simplicial
    - normal:   -0.9893   0.1451 -0.01511
    - offset: -0.02415998
    - vertices: p8361(v453) p5829(v201) p8728(v28)
    - neighboring facets: f968 f2175 f2172
- f2175
    - flags: top simplicial
    - normal:   -0.9917   0.1286 -0.006341
    - offset: -0.02392737
    - vertices: p8361(v453) p2128(v417) p8728(v28)
    - neighboring facets: f2002 f2174 f2402
- f2178
    - flags: bottom simplicial
    - normal:   -0.2152   0.9766 4.701e-05
    - offset: -0.01660885
    - vertices: p6572(v454) p889(v421) p7398(v372)
    - neighboring facets: f2020 f2453 f2451
- f2180
    - flags: top simplicial tested
    - normal:  -0.01222   0.9999 -0.004342
    - offset: -0.01270449
    - center: -0.02039103333333333 0.01239813333333333 -0.01338886666666667 
    - vertices: p846(v455) p7468(v373) p6012(v162)
    - neighboring facets: f1803 f2543 f2181
    - ridges:
- f2181
    - flags: top simplicial tested
    - normal:  -0.01236   0.9999 -0.004148
    - offset: -0.01270483
    - center: -0.02064583333333333 0.01239813333333333 -0.0126613 
    - vertices: p846(v455) p256(v422) p7468(v373)
    - neighboring facets: f2319 f2180 f2554
    - ridges:
- f2183
    - flags: top simplicial tested
    - normal:  -0.008165        1 7.733e-05
    - offset: -0.01256821
    - center: -0.02066473333333333 0.01239946666666667 0.00548751 
    - vertices: p6096(v456) p3350(v230) p3258(v57)
    - neighboring facets: f1487 f2403 f2547
    - ridges:
- f2189
    - flags: top simplicial
    - normal:   -0.0963   0.9953 0.002489
    - offset: -0.01437523
    - vertices: p8381(v458) p9995(v248) p7447(v164)
    - neighboring facets: f2093 f2448 f2190
- f2190
    - flags: top simplicial
    - normal:  -0.05036   0.9987 3.813e-05
    - offset: -0.0134278
    - vertices: p8381(v458) p3269(v423) p9995(v248)
    - neighboring facets: f2407 f2189 f2322
- f2193
    - flags: bottom simplicial
    - normal:   -0.1159   0.9932 -0.00776
    - offset: -0.01482487
    - vertices: p2959(v459) p7468(v373) p210(v309)
    - neighboring facets: f1803 f2325 f2321
- f2198
    - flags: bottom simplicial
    - normal:   -0.5534   0.8329 -0.007425
    - offset: -0.02220053
    - vertices: p1305(v460) p5914(v424) p6478(v105)
    - neighboring facets: f2032 f2203 f2239
- f2199
    - flags: bottom simplicial
    - normal:   -0.6327   0.7744 -0.0001053
    - offset: -0.02314947
    - vertices: p1305(v460) p6958(v426) p7218(v307)
    - neighboring facets: f2216 f2200 f2202
- f2200
    - flags: top simplicial
    - normal:    -0.609   0.7931 -5.756e-07
    - offset: -0.02285378
    - vertices: p1305(v460) p8884(v308) p7218(v307)
    - neighboring facets: f2220 f2199 f2238
- f2202
    - flags: top simplicial
    - normal:   -0.6438   0.7652 -0.0004222
    - offset: -0.02328656
    - vertices: p1305(v460) p6958(v426) p6362(v376)
    - neighboring facets: f2222 f2204 f2199
- f2203
    - flags: top simplicial
    - normal:   -0.6606   0.7507 -0.001117
    - offset: -0.02349028
    - vertices: p1305(v460) p2260(v378) p6478(v105)
    - neighboring facets: f1827 f2198 f2204
- f2204
    - flags: bottom simplicial
    - normal:   -0.6605   0.7508 -0.001095
    - offset: -0.02348876
    - vertices: p1305(v460) p2260(v378) p6362(v376)
    - neighboring facets: f2221 f2202 f2203
- f2205
    - flags: top simplicial
    - normal:   -0.4409   0.8976 5.899e-05
    - offset: -0.02045826
    - vertices: p2304(v461) p4912(v374) p7193(v231)
    - neighboring facets: f2209 f2242 f2206
- f2206
    - flags: top simplicial
    - normal:   -0.4527   0.8916 -0.0001805
    - offset: -0.02064446
    - vertices: p2304(v461) p5914(v424) p4912(v374)
    - neighboring facets: f2033 f2205 f2240
- f2209
    - flags: bottom simplicial
    - normal:    -0.383   0.9237 -2.85e-06
    - offset: -0.01953362
    - vertices: p6913(v462) p4912(v374) p7193(v231)
    - neighboring facets: f2205 f2210 f2329
- f2210
    - flags: top simplicial
    - normal:   -0.3827   0.9239 -2.426e-06
    - offset: -0.01952806
    - vertices: p6913(v462) p3189(v425) p7193(v231)
    - neighboring facets: f2038 f2209 f2330
- f2212
    - flags: top simplicial
    - normal:   -0.3271   0.9449 -0.009273
    - offset: -0.01869926
    - vertices: p1954(v463) p4912(v374) p210(v309)
    - neighboring facets: f2033 f2334 f2456
- f2216
    - flags: top simplicial
    - normal:   -0.6458   0.7635 0.0001348
    - offset: -0.02330623
    - vertices: p5533(v464) p6958(v426) p7218(v307)
    - neighboring facets: f2199 f2220 f2222
- f2219
    - flags: top simplicial
    - normal:   -0.6434   0.7655 0.003471
    - offset: -0.02330393
    - vertices: p5533(v464) p8884(v308) p4663(v104)
    - neighboring facets: f2096 f2339 f2220
- f2220
    - flags: bottom simplicial
    - normal:   -0.6339   0.7734 0.0003359
    - offset: -0.0231629
    - vertices: p5533(v464) p8884(v308) p7218(v307)
    - neighboring facets: f2200 f2216 f2219
- f2221
    - flags: top simplicial
    - normal:   -0.6758   0.7371 -2.549e-06
    - offset: -0.02365289
    - vertices: p5533(v464) p2260(v378) p6362(v376)
    - neighboring facets: f2204 f2222 f2340
- f2222
    - flags: bottom simplicial
    - normal:   -0.6746   0.7382 1.627e-06
    - offset: -0.02363951
    - vertices: p5533(v464) p6958(v426) p6362(v376)
    - neighboring facets: f2202 f2221 f2216
- f2223
    - flags: top simplicial
    - normal:   -0.7872   0.6167 -3.747e-05
    - offset: -0.0247071
    - vertices: p4265(v465) p8112(v427) p1642(v377)
    - neighboring facets: f2048 f2224 f2225
- f2224
    - flags: bottom simplicial
    - normal:   -0.7925   0.6099 -7.822e-06
    - offset: -0.02474572
    - vertices: p4265(v465) p5515(v429) p1642(v377)
    - neighboring facets: f2060 f2223 f2225
- f2225
    - flags: top simplicial
    - normal:   -0.7889   0.6145 -5.342e-05
    - offset: -0.02471995
    - vertices: p4265(v465) p5515(v429) p8112(v427)
    - neighboring facets: f2057 f2223 f2224
- f2234
    - flags: bottom simplicial
    - normal:   -0.6339   0.6048   0.4821
    - offset: -0.02799723
    - vertices: p1847(v468) p1174(v387) p6226(v176)
    - neighboring facets: f1872 f2235 f2236
- f2235
    - flags: top simplicial
    - normal:   -0.4711     0.82    0.325
    - offset: -0.0246488
    - vertices: p1847(v468) p2750(v437) p6226(v176)
    - neighboring facets: f2094 f2234 f2236
- f2236
    - flags: bottom simplicial
    - normal:    -0.531   0.7863   0.3159
    - offset: -0.02541642
    - vertices: p1847(v468) p2750(v437) p1174(v387)
    - neighboring facets: f2092 f2234 f2235
- f2237
    - flags: top simplicial
    - normal:   -0.5441    0.839 -4.802e-05
    - offset: -0.02198622
    - vertices: p446(v469) p2750(v437) p8884(v308)
    - neighboring facets: f2096 f2238 f2241
- f2238
    - flags: bottom simplicial
    - normal:   -0.5548    0.832 -0.000248
    - offset: -0.02213355
    - vertices: p446(v469) p1305(v460) p8884(v308)
    - neighboring facets: f2200 f2237 f2239
- f2239
    - flags: top simplicial
    - normal:   -0.5541   0.8324 -0.0002763
    - offset: -0.02212408
    - vertices: p446(v469) p1305(v460) p5914(v424)
    - neighboring facets: f2198 f2240 f2238
- f2240
    - flags: bottom simplicial
    - normal:   -0.4616   0.8871 -7.854e-06
    - offset: -0.02077827
    - vertices: p446(v469) p2304(v461) p5914(v424)
    - neighboring facets: f2206 f2239 f2242
- f2241
    - flags: bottom simplicial
    - normal:   -0.4567   0.8896 0.0001834
    - offset: -0.02070241
    - vertices: p446(v469) p2750(v437) p7193(v231)
    - neighboring facets: f2098 f2242 f2237
- f2242
    - flags: top simplicial
    - normal:   -0.4562   0.8899 0.0001736
    - offset: -0.02069483
    - vertices: p446(v469) p2304(v461) p7193(v231)
    - neighboring facets: f2205 f2241 f2240
- f2243
    - flags: top simplicial
    - normal:   -0.7734 0.0008514  -0.6339
    - offset: -0.02725241
    - vertices: p108(v470) p6550(v392) p6672(v337)
    - neighboring facets: f2103 f2360 f2247
- f2246
    - flags: top simplicial
    - normal:   -0.3484 -0.001809  -0.9373
    - offset: -0.02263267
    - vertices: p108(v470) p5600(v267) p9661(v126)
    - neighboring facets: f1280 f2247 f2362
- f2247
    - flags: bottom simplicial
    - normal:   -0.3497 0.000385  -0.9369
    - offset: -0.02266109
    - vertices: p108(v470) p6550(v392) p9661(v126)
    - neighboring facets: f1896 f2246 f2243
- f2248
    - flags: top simplicial
    - normal:   -0.6275  -0.7786 -0.00374
    - offset: -0.02313085
    - vertices: p4067(v471) p8171(v440) p1163(v277)
    - neighboring facets: f2367 f2250 f2249
- f2249
    - flags: bottom simplicial
    - normal:   -0.6757  -0.7372 -1.416e-05
    - offset: -0.0236518
    - vertices: p4067(v471) p8171(v440) p6826(v342)
    - neighboring facets: f2365 f2255 f2248
- f2250
    - flags: bottom simplicial
    - normal:   -0.6052  -0.7961 -0.007442
    - offset: -0.02289567
    - vertices: p4067(v471) p5100(v344) p1163(v277)
    - neighboring facets: f2143 f2248 f2251
- f2251
    - flags: bottom simplicial
    - normal:   -0.6153  -0.7827 -0.09352
    - offset: -0.02414553
    - vertices: p4067(v471) p4125(v400) p5100(v344)
    - neighboring facets: f1929 f2250 f2252
- f2252
    - flags: top simplicial
    - normal:   -0.8247  -0.5325  -0.1906
    - offset: -0.02713504
    - vertices: p4067(v471) p4125(v400) p8835(v38)
    - neighboring facets: f1931 f2253 f2251
- f2253
    - flags: bottom simplicial
    - normal:   -0.8708  -0.4909 -0.02725
    - offset: -0.02541214
    - vertices: p4067(v471) p2059(v206) p8835(v38)
    - neighboring facets: f1352 f2252 f2254
- f2254
    - flags: top simplicial
    - normal:   -0.8647  -0.5018 -0.02351
    - offset: -0.02535475
    - vertices: p4067(v471) p2059(v206) p2616(v136)
    - neighboring facets: f1361 f2255 f2253
- f2255
    - flags: bottom simplicial
    - normal:    -0.834  -0.5516 -0.01596
    - offset: -0.02516363
    - vertices: p4067(v471) p6826(v342) p2616(v136)
    - neighboring facets: f2275 f2254 f2249
- f2266
    - flags: top simplicial
    - normal:    -0.781  -0.6245 0.0002643
    - offset: -0.02466267
    - vertices: p2957(v474) p7142(v441) p5315(v283)
    - neighboring facets: f2114 f2268 f2386
- f2267
    - flags: top simplicial
    - normal:   -0.8283  -0.5601  0.01561
    - offset: -0.02515869
    - vertices: p2957(v474) p7343(v207) p2780(v74)
    - neighboring facets: f1354 f2385 f2268
- f2268
    - flags: top simplicial
    - normal:   -0.8256  -0.5642 0.007672
    - offset: -0.02504374
    - vertices: p2957(v474) p5315(v283) p7343(v207)
    - neighboring facets: f1710 f2267 f2266
- f2269
    - flags: bottom simplicial
    - normal:   -0.6909   -0.723 3.61e-05
    - offset: -0.02381863
    - vertices: p794(v475) p6826(v342) p2780(v74)
    - neighboring facets: f2377 f2383 f2271
- f2271
    - flags: bottom simplicial
    - normal:   -0.7456  -0.6664 -0.000163
    - offset: -0.02436168
    - vertices: p794(v475) p7142(v441) p6826(v342)
    - neighboring facets: f2116 f2269 f2384
- f2272
    - flags: bottom simplicial
    - normal:   -0.8024  -0.5968 -3.505e-05
    - offset: -0.02481444
    - vertices: p6921(v476) p5525(v442) p5144(v351)
    - neighboring facets: f2117 f2276 f2273
- f2273
    - flags: top simplicial
    - normal:   -0.7937  -0.6083 -6.955e-06
    - offset: -0.02475401
    - vertices: p6921(v476) p5525(v442) p7652(v396)
    - neighboring facets: f2118 f2274 f2272
- f2274
    - flags: top simplicial
    - normal:   -0.7591   -0.651 -0.0003506
    - offset: -0.02448039
    - vertices: p6921(v476) p7652(v396) p6826(v342)
    - neighboring facets: f2116 f2275 f2273
- f2275
    - flags: top simplicial
    - normal:   -0.7781  -0.6281 -0.00198
    - offset: -0.02465154
    - vertices: p6921(v476) p6826(v342) p2616(v136)
    - neighboring facets: f2255 f2276 f2274
- f2276
    - flags: bottom simplicial
    - normal:   -0.7884  -0.6151 -0.001338
    - offset: -0.02472592
    - vertices: p6921(v476) p5144(v351) p2616(v136)
    - neighboring facets: f1966 f2275 f2272
- f2277
    - flags: top simplicial
    - normal:   -0.4671  -0.8842 -4.291e-05
    - offset: -0.02086266
    - vertices: p5596(v477) p3682(v443) p5243(v398)
    - neighboring facets: f2123 f2278 f2279
- f2278
    - flags: bottom simplicial
    - normal:   -0.4746  -0.8802 7.736e-05
    - offset: -0.02097776
    - vertices: p5596(v477) p6656(v446) p5243(v398)
    - neighboring facets: f2137 f2277 f2279
- f2279
    - flags: top simplicial
    - normal:   -0.4633  -0.8862 -9.98e-06
    - offset: -0.02080525
    - vertices: p5596(v477) p6656(v446) p3682(v443)
    - neighboring facets: f2138 f2277 f2278
- f2280
    - flags: top simplicial
    - normal:    -0.537  -0.8436 -2.741e-06
    - offset: -0.02188755
    - vertices: p1258(v478) p5243(v398) p5100(v344)
    - neighboring facets: f2123 f2281 f2286
- f2281
    - flags: bottom simplicial
    - normal:   -0.5373  -0.8434 -4.857e-06
    - offset: -0.02189215
    - vertices: p1258(v478) p2122(v448) p5100(v344)
    - neighboring facets: f2143 f2280 f2287
- f2283
    - flags: top simplicial
    - normal:    -0.562  -0.8272 6.565e-06
    - offset: -0.0222344
    - vertices: p9706(v479) p6875(v399) p6253(v343)
    - neighboring facets: f2379 f2285 f2284
- f2284
    - flags: top simplicial
    - normal:   -0.5573  -0.8303 -1.179e-05
    - offset: -0.0221704
    - vertices: p9706(v479) p2122(v448) p6875(v399)
    - neighboring facets: f2144 f2283 f2287
- f2285
    - flags: bottom simplicial
    - normal:   -0.5411   -0.841 0.0001066
    - offset: -0.0219452
    - vertices: p9706(v479) p5243(v398) p6253(v343)
    - neighboring facets: f2137 f2283 f2286
- f2286
    - flags: bottom simplicial
    - normal:   -0.5377  -0.8431 2.202e-06
    - offset: -0.02189725
    - vertices: p9706(v479) p1258(v478) p5243(v398)
    - neighboring facets: f2280 f2285 f2287
- f2287
    - flags: top simplicial
    - normal:   -0.5378   -0.843 5.133e-07
    - offset: -0.02189916
    - vertices: p9706(v479) p1258(v478) p2122(v448)
    - neighboring facets: f2281 f2284 f2286
- f2288
    - flags: top simplicial
    - normal:   -0.9239  -0.3826 -1.583e-06
    - offset: -0.02510211
    - vertices: p3062(v480) p9459(v282) p2059(v206)
    - neighboring facets: f1971 f2290 f2294
- f2290
    - flags: bottom simplicial
    - normal:   -0.9292  -0.3695 -4.268e-05
    - offset: -0.02507624
    - vertices: p3062(v480) p8415(v281) p2059(v206)
    - neighboring facets: f1352 f2288 f2291
- f2291
    - flags: bottom simplicial
    - normal:   -0.9307  -0.3658 -2.439e-05
    - offset: -0.02506805
    - vertices: p3062(v480) p8744(v449) p8415(v281)
    - neighboring facets: f2151 f2290 f2295
- f2292
    - flags: top simplicial
    - normal:   -0.9349  -0.3548 0.0007885
    - offset: -0.02504969
    - vertices: p4551(v481) p1986(v349) p9459(v282)
    - neighboring facets: f1697 f2294 f2293
- f2293
    - flags: top simplicial
    - normal:   -0.9334  -0.3589 0.0001013
    - offset: -0.02505237
    - vertices: p4551(v481) p8744(v449) p1986(v349)
    - neighboring facets: f2150 f2292 f2295
- f2294
    - flags: bottom simplicial
    - normal:   -0.9244  -0.3815 7.698e-06
    - offset: -0.02510028
    - vertices: p4551(v481) p3062(v480) p9459(v282)
    - neighboring facets: f2288 f2292 f2295
- f2295
    - flags: top simplicial
    - normal:   -0.9263  -0.3769 2.374e-05
    - offset: -0.02509158
    - vertices: p4551(v481) p3062(v480) p8744(v449)
    - neighboring facets: f2291 f2293 f2294
- f2296
    - flags: bottom simplicial
    - normal:    0.7074  -0.7068 1.047e-05
    - offset: -0.02270185
    - vertices: p2574(v482) p8344(v451) p9616(v355)
    - neighboring facets: f2160 f2298 f2297
- f2297
    - flags: top simplicial
    - normal:    0.7071  -0.7071 2.474e-06
    - offset: -0.02269864
    - vertices: p2574(v482) p8344(v451) p2639(v414)
    - neighboring facets: f2162 f2302 f2296
- f2298
    - flags: bottom simplicial
    - normal:    0.7074  -0.7069 0.0002912
    - offset: -0.02270502
    - vertices: p2574(v482) p9616(v355) p4616(v326)
    - neighboring facets: f1726 f2299 f2296
- f2299
    - flags: bottom simplicial
    - normal:    0.7071  -0.7071 1.853e-05
    - offset: -0.02269848
    - vertices: p2574(v482) p4616(v326) p1826(v250)
    - neighboring facets: f1586 f2300 f2298
- f2300
    - flags: bottom simplicial
    - normal:    0.7071  -0.7071 7.408e-06
    - offset: -0.02269822
    - vertices: p2574(v482) p1826(v250) p3794(v118)
    - neighboring facets: f1203 f2301 f2299
- f2301
    - flags: top simplicial
    - normal:    0.7071  -0.7071 3.691e-06
    - offset: -0.02269816
    - vertices: p2574(v482) p1715(v181) p3794(v118)
    - neighboring facets: f872 f2300 f2302
- f2302
    - flags: top simplicial
    - normal:    0.7071  -0.7071 3.687e-06
    - offset: -0.02269816
    - vertices: p2574(v482) p2639(v414) p1715(v181)
    - neighboring facets: f1987 f2301 f2297
- f2303
    - flags: top simplicial
    - normal:   -0.9932   0.1165 0.000464
    - offset: -0.0237698
    - vertices: p1494(v483) p4999(v452) p361(v297)
    - neighboring facets: f2166 f2305 f2304
- f2304
    - flags: bottom simplicial
    - normal:   -0.9915   0.1304 -9.513e-07
    - offset: -0.02387742
    - vertices: p1494(v483) p4999(v452) p2128(v417)
    - neighboring facets: f2401 f2306 f2303
- f2305
    - flags: top simplicial
    - normal:   -0.9951  0.09919 -0.0001098
    - offset: -0.02362753
    - vertices: p1494(v483) p361(v297) p2782(v54)
    - neighboring facets: f1428 f2306 f2303
- f2306
    - flags: bottom simplicial
    - normal:   -0.9949   0.1009 -0.0001319
    - offset: -0.0236416
    - vertices: p1494(v483) p2128(v417) p2782(v54)
    - neighboring facets: f2001 f2305 f2304
- f2312
    - flags: bottom simplicial
    - normal:   -0.9817   0.1906 0.000213
    - offset: -0.02430132
    - vertices: p1444(v485) p4999(v452) p2884(v362)
    - neighboring facets: f2167 f2395 f2399
- f2318
    - flags: bottom simplicial tested
    - normal:  -0.02307   0.9997 -7.479e-05
    - offset: -0.01287389
    - center: -0.02069313333333333 0.0123992 -0.00879509 
    - vertices: p80(v486) p6096(v456) p256(v422)
    - neighboring facets: f2554 f2319 f2404
    - ridges:
- f2319
    - flags: bottom simplicial tested
    - normal:  -0.02789   0.9996 -0.0006969
    - offset: -0.01297958
    - center: -0.0207431 0.01239733333333333 -0.01220143333333333 
    - vertices: p80(v486) p256(v422) p7468(v373)
    - neighboring facets: f2181 f2405 f2318
- f2320
    - flags: bottom simplicial
    - normal:  -0.07905   0.9969 -0.0001687
    - offset: -0.01400428
    - vertices: p8836(v487) p3269(v423) p7468(v373)
    - neighboring facets: f2408 f2321 f2322
- f2321
    - flags: top simplicial
    - normal:  -0.08193   0.9966 -0.0002248
    - offset: -0.01406205
    - vertices: p8836(v487) p2959(v459) p7468(v373)
    - neighboring facets: f2193 f2320 f2323
- f2322
    - flags: bottom simplicial
    - normal:   -0.1168   0.9931 -1.097e-05
    - offset: -0.01474639
    - vertices: p8836(v487) p8381(v458) p3269(v423)
    - neighboring facets: f2190 f2320 f2323
- f2323
    - flags: bottom simplicial
    - normal:   -0.1272   0.9919 -5.016e-06
    - offset: -0.01494603
    - vertices: p8836(v487) p2959(v459) p8381(v458)
    - neighboring facets: f2409 f2322 f2321
- f2325
    - flags: bottom simplicial
    - normal:   -0.1435   0.9897 -0.0001827
    - offset: -0.01526156
    - vertices: p7616(v488) p2959(v459) p210(v309)
    - neighboring facets: f2193 f2414 f2410
- f2329
    - flags: top simplicial
    - normal:   -0.3826   0.9239 -4.48e-06
    - offset: -0.01952702
    - vertices: p4532(v489) p6913(v462) p4912(v374)
    - neighboring facets: f2209 f2457 f2330
- f2330
    - flags: bottom simplicial
    - normal:   -0.3826   0.9239 -3.299e-06
    - offset: -0.01952659
    - vertices: p4532(v489) p6913(v462) p3189(v425)
    - neighboring facets: f2210 f2415 f2329
- f2333
    - flags: bottom simplicial
    - normal:   -0.2164   0.9763 -8.637e-07
    - offset: -0.01663138
    - vertices: p3161(v490) p7398(v372) p210(v309)
    - neighboring facets: f2020 f2334 f2335
- f2334
    - flags: top simplicial
    - normal:   -0.2167   0.9762 -1.146e-05
    - offset: -0.01663731
    - vertices: p3161(v490) p1954(v463) p210(v309)
    - neighboring facets: f2212 f2333 f2335
- f2335
    - flags: bottom simplicial
    - normal:   -0.2169   0.9762 -1.051e-06
    - offset: -0.01664061
    - vertices: p3161(v490) p1954(v463) p7398(v372)
    - neighboring facets: f2337 f2333 f2334
- f2336
    - flags: bottom simplicial
    - normal:    -0.305   0.9524 0.0007395
    - offset: -0.01821676
    - vertices: p9981(v491) p3189(v425) p7398(v372)
    - neighboring facets: f2038 f2337 f2416
- f2337
    - flags: top simplicial
    - normal:   -0.2452   0.9695 5.145e-05
    - offset: -0.01715575
    - vertices: p9981(v491) p1954(v463) p7398(v372)
    - neighboring facets: f2335 f2336 f2454
- f2339
    - flags: top simplicial
    - normal:   -0.6495   0.7604  0.00315
    - offset: -0.02337438
    - vertices: p8692(v492) p5533(v464) p4663(v104)
    - neighboring facets: f2219 f2342 f2340
- f2340
    - flags: bottom simplicial
    - normal:   -0.6832   0.7302 4.079e-05
    - offset: -0.02373479
    - vertices: p8692(v492) p5533(v464) p2260(v378)
    - neighboring facets: f2221 f2344 f2339
- f2341
    - flags: bottom simplicial
    - normal:   -0.7371   0.6758 -1.725e-06
    - offset: -0.02428385
    - vertices: p8692(v492) p4969(v430) p1639(v233)
    - neighboring facets: f2061 f2343 f2344
- f2342
    - flags: bottom simplicial
    - normal:   -0.7374   0.6755 6.386e-06
    - offset: -0.02428692
    - vertices: p8692(v492) p1642(v377) p4663(v104)
    - neighboring facets: f1824 f2339 f2343
- f2343
    - flags: top simplicial
    - normal:   -0.7373   0.6755 2.057e-06
    - offset: -0.02428642
    - vertices: p8692(v492) p1642(v377) p1639(v233)
    - neighboring facets: f2048 f2341 f2342
- f2344
    - flags: top simplicial
    - normal:   -0.7286   0.6849 -3.098e-05
    - offset: -0.02420394
    - vertices: p8692(v492) p4969(v430) p2260(v378)
    - neighboring facets: f2061 f2340 f2341
- f2350
    - flags: top simplicial
    - normal:   -0.8811    0.473 -0.003376
    - offset: -0.02519219
    - vertices: p4471(v494) p3943(v312) p3506(v165)
    - neighboring facets: f2357 f2429 f2351
- f2351
    - flags: top simplicial
    - normal:   -0.9107   0.4131 -0.008711
    - offset: -0.02523846
    - vertices: p4471(v494) p3058(v363) p3943(v312)
    - neighboring facets: f2173 f2350 f2436
- f2354
    - flags: bottom simplicial
    - normal:   -0.8711   0.4912 0.0007729
    - offset: -0.02514381
    - vertices: p3990(v495) p6591(v436) p1174(v387)
    - neighboring facets: f2089 f2358 f2355
- f2355
    - flags: bottom simplicial
    - normal:   -0.8714   0.4906 0.0005741
    - offset: -0.02514191
    - vertices: p3990(v495) p9094(v467) p6591(v436)
    - neighboring facets: f2471 f2354 f2432
- f2357
    - flags: bottom simplicial
    - normal:    -0.843   0.5379 -1.324e-06
    - offset: -0.02504269
    - vertices: p3990(v495) p3943(v312) p3506(v165)
    - neighboring facets: f2350 f2431 f2358
- f2358
    - flags: bottom simplicial
    - normal:   -0.8422   0.5392 2.576e-06
    - offset: -0.02503905
    - vertices: p3990(v495) p1174(v387) p3943(v312)
    - neighboring facets: f2052 f2357 f2354
- f2359
    - flags: bottom simplicial
    - normal:   -0.5531 -0.005726  -0.8331
    - offset: -0.02550823
    - vertices: p2590(v496) p4443(v439) p6672(v337)
    - neighboring facets: f2104 f2360 f2361
- f2360
    - flags: top simplicial
    - normal:   -0.5566 -0.005566  -0.8308
    - offset: -0.02554846
    - vertices: p2590(v496) p108(v470) p6672(v337)
    - neighboring facets: f2243 f2359 f2362
- f2361
    - flags: top simplicial
    - normal:   -0.3492 -0.003615   -0.937
    - offset: -0.02264096
    - vertices: p2590(v496) p4443(v439) p5600(v267)
    - neighboring facets: f2107 f2362 f2359
- f2362
    - flags: bottom simplicial
    - normal:   -0.3493 -0.003493   -0.937
    - offset: -0.02264116
    - vertices: p2590(v496) p108(v470) p5600(v267)
    - neighboring facets: f2246 f2361 f2360
- f2365
    - flags: top simplicial
    - normal:   -0.6757  -0.7372 -1.179e-05
    - offset: -0.0236519
    - vertices: p6739(v497) p8171(v440) p6826(v342)
    - neighboring facets: f2249 f2378 f2375
- f2367
    - flags: bottom simplicial
    - normal:   -0.6218  -0.7832 -0.000117
    - offset: -0.02301614
    - vertices: p442(v498) p8171(v440) p1163(v277)
    - neighboring facets: f2248 f2368 f2369
- f2368
    - flags: top simplicial
    - normal:   -0.6099  -0.7925 -9.475e-06
    - offset: -0.02286465
    - vertices: p442(v498) p4983(v473) p1163(v277)
    - neighboring facets: f2382 f2367 f2369
- f2369
    - flags: bottom simplicial
    - normal:   -0.6233   -0.782 -9.208e-05
    - offset: -0.02303384
    - vertices: p442(v498) p4983(v473) p8171(v440)
    - neighboring facets: f2437 f2367 f2368
- f2375
    - flags: bottom simplicial
    - normal:   -0.6755  -0.7374 -5.291e-07
    - offset: -0.02364927
    - vertices: p8789(v500) p6739(v497) p8171(v440)
    - neighboring facets: f2365 f2438 f2378
- f2377
    - flags: top simplicial
    - normal:   -0.6815  -0.7318 5.21e-05
    - offset: -0.0237162
    - vertices: p8789(v500) p6826(v342) p2780(v74)
    - neighboring facets: f2269 f2440 f2378
- f2378
    - flags: top simplicial
    - normal:   -0.6783  -0.7348 2.256e-05
    - offset: -0.02368034
    - vertices: p8789(v500) p6739(v497) p6826(v342)
    - neighboring facets: f2365 f2377 f2375
- f2379
    - flags: bottom simplicial
    - normal:   -0.6087  -0.7934 -1.536e-06
    - offset: -0.02284967
    - vertices: p8789(v500) p6875(v399) p6253(v343)
    - neighboring facets: f2283 f2441 f2380
- f2380
    - flags: bottom simplicial
    - normal:   -0.6087  -0.7934 -1.682e-06
    - offset: -0.02284986
    - vertices: p8789(v500) p2118(v447) p6875(v399)
    - neighboring facets: f2141 f2379 f2381
- f2381
    - flags: top simplicial
    - normal:   -0.6091  -0.7931 -4.52e-06
    - offset: -0.02285438
    - vertices: p8789(v500) p2118(v447) p1163(v277)
    - neighboring facets: f2141 f2382 f2380
- f2382
    - flags: bottom simplicial
    - normal:   -0.6094  -0.7929 -5.792e-06
    - offset: -0.02285843
    - vertices: p8789(v500) p4983(v473) p1163(v277)
    - neighboring facets: f2368 f2381 f2439
- f2383
    - flags: bottom simplicial
    - normal:   -0.7364  -0.6766 2.717e-06
    - offset: -0.02427751
    - vertices: p1863(v501) p794(v475) p2780(v74)
    - neighboring facets: f2269 f2385 f2384
- f2384
    - flags: top simplicial
    - normal:    -0.738  -0.6748 -1.47e-05
    - offset: -0.02429253
    - vertices: p1863(v501) p794(v475) p7142(v441)
    - neighboring facets: f2271 f2386 f2383
- f2385
    - flags: top simplicial
    - normal:   -0.7372  -0.6757 4.708e-06
    - offset: -0.02428474
    - vertices: p1863(v501) p2957(v474) p2780(v74)
    - neighboring facets: f2267 f2383 f2386
- f2386
    - flags: bottom simplicial
    - normal:   -0.7373  -0.6756 3.261e-06
    - offset: -0.0242858
    - vertices: p1863(v501) p2957(v474) p7142(v441)
    - neighboring facets: f2266 f2384 f2385
- f2388
    - flags: bottom simplicial
    - normal:   -0.9743   0.2253 -1.361e-05
    - offset: -0.0245097
    - vertices: p1978(v502) p1368(v484) p8361(v453)
    - neighboring facets: f2465 f2398 f2390
- f2389
    - flags: bottom simplicial
    - normal:   -0.9716   0.2366 4.061e-05
    - offset: -0.02457213
    - vertices: p1978(v502) p2884(v362) p6791(v298)
    - neighboring facets: f1753 f2390 f2397
- f2390
    - flags: top simplicial
    - normal:    -0.971    0.239 3.648e-05
    - offset: -0.02458493
    - vertices: p1978(v502) p1368(v484) p6791(v298)
    - neighboring facets: f2446 f2389 f2388
- f2393
    - flags: top simplicial
    - normal:   -0.9489   0.3156 0.006248
    - offset: -0.02499469
    - vertices: p8472(v503) p6591(v436) p6791(v298)
    - neighboring facets: f2088 f2447 f2394
- f2394
    - flags: top simplicial
    - normal:   -0.9431   0.3325  0.00322
    - offset: -0.02501392
    - vertices: p8472(v503) p2724(v466) p6591(v436)
    - neighboring facets: f2420 f2393 f2462
- f2395
    - flags: bottom simplicial
    - normal:   -0.9764   0.2158 4.168e-06
    - offset: -0.0244549
    - vertices: p1615(v504) p1444(v485) p2884(v362)
    - neighboring facets: f2312 f2397 f2396
- f2396
    - flags: top simplicial
    - normal:   -0.9765   0.2157 2.961e-06
    - offset: -0.02445408
    - vertices: p1615(v504) p1444(v485) p8361(v453)
    - neighboring facets: f2400 f2398 f2395
- f2397
    - flags: top simplicial
    - normal:   -0.9758   0.2186 4.122e-06
    - offset: -0.02447086
    - vertices: p1615(v504) p1978(v502) p2884(v362)
    - neighboring facets: f2389 f2395 f2398
- f2398
    - flags: bottom simplicial
    - normal:   -0.9758   0.2186 3.684e-06
    - offset: -0.02447083
    - vertices: p1615(v504) p1978(v502) p8361(v453)
    - neighboring facets: f2388 f2396 f2397
- f2399
    - flags: top simplicial
    - normal:   -0.9815   0.1914 -7.802e-05
    - offset: -0.02430486
    - vertices: p3725(v505) p1444(v485) p4999(v452)
    - neighboring facets: f2312 f2401 f2400
- f2400
    - flags: bottom simplicial
    - normal:   -0.9789   0.2042 -3.759e-05
    - offset: -0.02438528
    - vertices: p3725(v505) p1444(v485) p8361(v453)
    - neighboring facets: f2396 f2402 f2399
- f2401
    - flags: top simplicial
    - normal:   -0.9827    0.185 -0.0001458
    - offset: -0.02426421
    - vertices: p3725(v505) p4999(v452) p2128(v417)
    - neighboring facets: f2304 f2402 f2399
- f2402
    - flags: bottom simplicial
    - normal:   -0.9841   0.1776 -0.001013
    - offset: -0.02422467
    - vertices: p3725(v505) p8361(v453) p2128(v417)
    - neighboring facets: f2175 f2401 f2400
- f2403
    - flags: top simplicial
    - normal:   -0.0243   0.9997 1.243e-05
    - offset: -0.01289871
    - vertices: p4300(v506) p6096(v456) p3258(v57)
    - neighboring facets: f2183 f2406 f2404
- f2404
    - flags: top simplicial
    - normal:  -0.02548   0.9997 -5.333e-05
    - offset: -0.01292303
    - vertices: p4300(v506) p80(v486) p6096(v456)
    - neighboring facets: f2318 f2403 f2405
- f2405
    - flags: bottom simplicial
    - normal:  -0.04315   0.9991 -1.027e-05
    - offset: -0.01328172
    - vertices: p4300(v506) p80(v486) p7468(v373)
    - neighboring facets: f2319 f2408 f2404
- f2406
    - flags: bottom simplicial
    - normal:  -0.04378    0.999 4.666e-06
    - offset: -0.01329433
    - vertices: p4300(v506) p9995(v248) p3258(v57)
    - neighboring facets: f1488 f2403 f2407
- f2407
    - flags: bottom simplicial
    - normal:  -0.04378    0.999 4.655e-06
    - offset: -0.01329441
    - vertices: p4300(v506) p3269(v423) p9995(v248)
    - neighboring facets: f2190 f2406 f2408
- f2408
    - flags: top simplicial
    - normal:  -0.04363    0.999 -6.057e-06
    - offset: -0.01329149
    - vertices: p4300(v506) p3269(v423) p7468(v373)
    - neighboring facets: f2320 f2405 f2407
- f2409
    - flags: top simplicial
    - normal:   -0.1303   0.9915 -1.494e-06
    - offset: -0.01500736
    - vertices: p3525(v507) p2959(v459) p8381(v458)
    - neighboring facets: f2323 f2449 f2410
- f2410
    - flags: top simplicial
    - normal:   -0.1312   0.9914 -1.036e-05
    - offset: -0.0150244
    - vertices: p3525(v507) p7616(v488) p2959(v459)
    - neighboring facets: f2325 f2409 f2414
- f2413
    - flags: top simplicial
    - normal:    -0.196   0.9806 -2.383e-05
    - offset: -0.01625404
    - vertices: p3525(v507) p889(v421) p210(v309)
    - neighboring facets: f2020 f2414 f2450
- f2414
    - flags: bottom simplicial
    - normal:   -0.1549   0.9879 -0.0001118
    - offset: -0.01548069
    - vertices: p3525(v507) p7616(v488) p210(v309)
    - neighboring facets: f2325 f2413 f2410
- f2415
    - flags: bottom simplicial
    - normal:   -0.3374   0.9414 -0.0002332
    - offset: -0.01877144
    - vertices: p3127(v508) p4532(v489) p3189(v425)
    - neighboring facets: f2330 f2416 f2458
- f2416
    - flags: top simplicial
    - normal:   -0.3095   0.9509 0.0005035
    - offset: -0.01829379
    - vertices: p3127(v508) p9981(v491) p3189(v425)
    - neighboring facets: f2336 f2415 f2455
- f2420
    - flags: bottom simplicial
    - normal:   -0.9243   0.3816 0.0001395
    - offset: -0.02510195
    - vertices: p8360(v509) p2724(v466) p6591(v436)
    - neighboring facets: f2394 f2422 f2427
- f2422
    - flags: bottom simplicial
    - normal:   -0.9058   0.4236 -1.718e-05
    - offset: -0.02515621
    - vertices: p8360(v509) p6591(v436) p3058(v363)
    - neighboring facets: f2469 f2423 f2420
- f2423
    - flags: top simplicial
    - normal:   -0.9212   0.3891 -4.194e-05
    - offset: -0.02511349
    - vertices: p8360(v509) p5771(v493) p3058(v363)
    - neighboring facets: f2425 f2422 f2428
- f2425
    - flags: bottom simplicial
    - normal:    -0.923   0.3849 -7.212e-05
    - offset: -0.02510624
    - vertices: p7214(v510) p5771(v493) p3058(v363)
    - neighboring facets: f2423 f2461 f2428
- f2427
    - flags: top simplicial
    - normal:    -0.924   0.3825 -1.261e-06
    - offset: -0.02510189
    - vertices: p7214(v510) p8360(v509) p2724(v466)
    - neighboring facets: f2420 f2459 f2428
- f2428
    - flags: bottom simplicial
    - normal:   -0.9238   0.3828 -4.26e-06
    - offset: -0.02510246
    - vertices: p7214(v510) p8360(v509) p5771(v493)
    - neighboring facets: f2423 f2425 f2427
- f2429
    - flags: top simplicial
    - normal:   -0.8699   0.4932 -0.0002268
    - offset: -0.02513553
    - vertices: p7669(v511) p4471(v494) p3506(v165)
    - neighboring facets: f2350 f2431 f2430
- f2430
    - flags: bottom simplicial
    - normal:   -0.8701   0.4929 -0.0002204
    - offset: -0.02513581
    - vertices: p7669(v511) p4471(v494) p9094(v467)
    - neighboring facets: f2466 f2432 f2429
- f2431
    - flags: bottom simplicial
    - normal:   -0.8441   0.5362 4.072e-07
    - offset: -0.02504735
    - vertices: p7669(v511) p3990(v495) p3506(v165)
    - neighboring facets: f2357 f2429 f2432
- f2432
    - flags: top simplicial
    - normal:   -0.8457   0.5336 9.995e-06
    - offset: -0.02505435
    - vertices: p7669(v511) p3990(v495) p9094(v467)
    - neighboring facets: f2355 f2430 f2431
- f2436
    - flags: bottom simplicial
    - normal:   -0.8871   0.4617 -2.527e-06
    - offset: -0.02516145
    - vertices: p428(v512) p4471(v494) p3058(v363)
    - neighboring facets: f2351 f2470 f2468
- f2437
    - flags: top simplicial
    - normal:   -0.6295   -0.777 -5.647e-05
    - offset: -0.02311139
    - vertices: p1817(v513) p4983(v473) p8171(v440)
    - neighboring facets: f2369 f2438 f2439
- f2438
    - flags: bottom simplicial
    - normal:    -0.658   -0.753 -1.884e-05
    - offset: -0.02345155
    - vertices: p1817(v513) p8789(v500) p8171(v440)
    - neighboring facets: f2375 f2437 f2439
- f2439
    - flags: top simplicial
    - normal:   -0.6272  -0.7788 -3.839e-05
    - offset: -0.02308283
    - vertices: p1817(v513) p8789(v500) p4983(v473)
    - neighboring facets: f2382 f2437 f2438
- f2440
    - flags: top simplicial
    - normal:   -0.6662  -0.7458 0.001282
    - offset: -0.02355931
    - vertices: p3050(v514) p8789(v500) p2780(v74)
    - neighboring facets: f2377 f2442 f2441
- f2441
    - flags: bottom simplicial
    - normal:   -0.6087  -0.7934 2.21e-05
    - offset: -0.02285041
    - vertices: p3050(v514) p8789(v500) p6253(v343)
    - neighboring facets: f2379 f2443 f2440
- f2442
    - flags: top simplicial
    - normal:   -0.5738  -0.8188  0.01806
    - offset: -0.02261493
    - vertices: p3050(v514) p2780(v74) p7178(v40)
    - neighboring facets: f350 f2443 f2440
- f2443
    - flags: bottom simplicial
    - normal:   -0.5499  -0.8352 0.006782
    - offset: -0.02214381
    - vertices: p3050(v514) p6253(v343) p7178(v40)
    - neighboring facets: f2136 f2442 f2441
- f2446
    - flags: bottom simplicial
    - normal:    -0.954   0.2998 1.048e-06
    - offset: -0.02486396
    - vertices: p6168(v515) p1368(v484) p6791(v298)
    - neighboring facets: f2390 f2447 f2460
- f2447
    - flags: top simplicial
    - normal:   -0.9538   0.3005 1.316e-05
    - offset: -0.02486663
    - vertices: p6168(v515) p8472(v503) p6791(v298)
    - neighboring facets: f2393 f2446 f2463
- f2448
    - flags: top simplicial
    - normal:    -0.131   0.9914 6.347e-05
    - offset: -0.01502019
    - vertices: p5606(v516) p8381(v458) p7447(v164)
    - neighboring facets: f2189 f2452 f2449
- f2449
    - flags: top simplicial
    - normal:   -0.1305   0.9914 1.553e-06
    - offset: -0.01501143
    - vertices: p5606(v516) p3525(v507) p8381(v458)
    - neighboring facets: f2409 f2448 f2450
- f2450
    - flags: bottom simplicial
    - normal:   -0.1346   0.9909 2.724e-05
    - offset: -0.01509027
    - vertices: p5606(v516) p3525(v507) p889(v421)
    - neighboring facets: f2413 f2451 f2449
- f2451
    - flags: top simplicial
    - normal:    -0.155   0.9879 0.0003887
    - offset: -0.01548508
    - vertices: p5606(v516) p6572(v454) p889(v421)
    - neighboring facets: f2178 f2450 f2453
- f2452
    - flags: bottom simplicial
    - normal:   -0.2254   0.9743 0.003979
    - offset: -0.01683462
    - vertices: p5606(v516) p7398(v372) p7447(v164)
    - neighboring facets: f2097 f2448 f2453
- f2453
    - flags: bottom simplicial
    - normal:   -0.1986   0.9801 0.001446
    - offset: -0.01631574
    - vertices: p5606(v516) p6572(v454) p7398(v372)
    - neighboring facets: f2178 f2452 f2451
- f2454
    - flags: bottom simplicial
    - normal:   -0.2672   0.9636 -3.012e-05
    - offset: -0.01755212
    - vertices: p2979(v517) p9981(v491) p1954(v463)
    - neighboring facets: f2337 f2456 f2455
- f2455
    - flags: bottom simplicial
    - normal:   -0.3001   0.9539 -9.314e-07
    - offset: -0.01813062
    - vertices: p2979(v517) p3127(v508) p9981(v491)
    - neighboring facets: f2416 f2454 f2458
- f2456
    - flags: bottom simplicial
    - normal:   -0.3313   0.9435 -0.0005915
    - offset: -0.01866807
    - vertices: p2979(v517) p1954(v463) p4912(v374)
    - neighboring facets: f2212 f2457 f2454
- f2457
    - flags: top simplicial
    - normal:   -0.3343   0.9425 -0.0004445
    - offset: -0.01871931
    - vertices: p2979(v517) p4532(v489) p4912(v374)
    - neighboring facets: f2329 f2456 f2458
- f2458
    - flags: top simplicial
    - normal:    -0.334   0.9426 -0.0003701
    - offset: -0.01871332
    - vertices: p2979(v517) p3127(v508) p4532(v489)
    - neighboring facets: f2415 f2457 f2455
- f2459
    - flags: top simplicial
    - normal:   -0.9322   0.3621 -6.814e-05
    - offset: -0.02505929
    - vertices: p1417(v518) p7214(v510) p2724(v466)
    - neighboring facets: f2427 f2462 f2461
- f2460
    - flags: top simplicial
    - normal:   -0.9538   0.3004 -8.979e-07
    - offset: -0.02486631
    - vertices: p1417(v518) p6168(v515) p1368(v484)
    - neighboring facets: f2446 f2465 f2463
- f2461
    - flags: bottom simplicial
    - normal:   -0.9276   0.3735 -0.000232
    - offset: -0.02508482
    - vertices: p1417(v518) p7214(v510) p3058(v363)
    - neighboring facets: f2425 f2464 f2459
- f2462
    - flags: bottom simplicial
    - normal:   -0.9492   0.3145  7.2e-05
    - offset: -0.02491883
    - vertices: p1417(v518) p8472(v503) p2724(v466)
    - neighboring facets: f2394 f2459 f2463
- f2463
    - flags: bottom simplicial
    - normal:   -0.9532   0.3023 9.945e-06
    - offset: -0.02487346
    - vertices: p1417(v518) p6168(v515) p8472(v503)
    - neighboring facets: f2447 f2462 f2460
- f2464
    - flags: top simplicial
    - normal:   -0.9393   0.3431 -0.002411
    - offset: -0.02502835
    - vertices: p1417(v518) p8361(v453) p3058(v363)
    - neighboring facets: f2173 f2461 f2465
- f2465
    - flags: top simplicial
    - normal:   -0.9549   0.2969 -0.0005073
    - offset: -0.02485616
    - vertices: p1417(v518) p1368(v484) p8361(v453)
    - neighboring facets: f2388 f2464 f2460
- f2466
    - flags: top simplicial
    - normal:   -0.8861   0.4635 -1.039e-05
    - offset: -0.02516078
    - vertices: p6580(v519) p4471(v494) p9094(v467)
    - neighboring facets: f2430 f2467 f2468
- f2467
    - flags: bottom simplicial
    - normal:   -0.8867   0.4623 1.143e-06
    - offset: -0.0251612
    - vertices: p6580(v519) p428(v512) p9094(v467)
    - neighboring facets: f2472 f2466 f2468
- f2468
    - flags: top simplicial
    - normal:   -0.8868   0.4621 -1.627e-06
    - offset: -0.02516125
    - vertices: p6580(v519) p428(v512) p4471(v494)
    - neighboring facets: f2436 f2466 f2467
- f2469
    - flags: top simplicial
    - normal:   -0.8873   0.4612 -1.547e-06
    - offset: -0.02516167
    - vertices: p8437(v520) p6591(v436) p3058(v363)
    - neighboring facets: f2422 f2470 f2471
- f2470
    - flags: bottom simplicial
    - normal:   -0.8873   0.4612 -1.599e-06
    - offset: -0.02516165
    - vertices: p8437(v520) p428(v512) p3058(v363)
    - neighboring facets: f2436 f2469 f2472
- f2471
    - flags: top simplicial
    - normal:   -0.8843   0.4669 9.729e-05
    - offset: -0.02515986
    - vertices: p8437(v520) p9094(v467) p6591(v436)
    - neighboring facets: f2355 f2469 f2472
- f2472
    - flags: top simplicial
    - normal:   -0.8867   0.4623 2.631e-06
    - offset: -0.0251612
    - vertices: p8437(v520) p428(v512) p9094(v467)
    - neighboring facets: f2467 f2471 f2470
- f2473
    - flags: top simplicial tricoplanar keepcentrum
    - owner of normal & centrum is facet f2473
    - normal:         0       -0        1
    - offset:    -0.0202
    - center: 0.01340668 -0.0002080790000000001 0.0202 
    - vertices: p5732(v137) p3674(v42) p1926(v22)
    - neighboring facets: f657 f2475 f2474
- f2474
    - flags: bottom simplicial tricoplanar
    - owner of normal & centrum is facet f2473
    - normal:         0       -0        1
    - offset:    -0.0202
    - center: 0.01340668 -0.0002080790000000001 0.0202 
    - vertices: p5732(v137) p3674(v42) p192(v4)
    - neighboring facets: f658 f640 f2473
- f2475
    - flags: bottom simplicial tricoplanar
    - owner of normal & centrum is facet f2473
    - normal:         0       -0        1
    - offset:    -0.0202
    - center: 0.01340668 -0.0002080790000000001 0.0202 
    - vertices: p5732(v137) p944(v75) p1926(v22)
    - neighboring facets: f510 f2473 f1368
- f2478
    - flags: top simplicial tricoplanar keepcentrum
    - owner of normal & centrum is facet f2478
    - normal:        -0        0       -1
    - offset:    -0.0194
    - center: -0.0015187462 -0.003356724 -0.0194 
    - vertices: p7585(v335) p9646(v195) p4496(v193)
    - neighboring facets: f937 f2480 f2479
- f2479
    - flags: bottom simplicial tricoplanar
    - owner of normal & centrum is facet f2478
    - normal:        -0        0       -1
    - offset:    -0.0194
    - center: -0.0015187462 -0.003356724 -0.0194 
    - vertices: p7585(v335) p9646(v195) p917(v36)
    - neighboring facets: f934 f1621 f2478
- f2480
    - flags: bottom simplicial tricoplanar
    - owner of normal & centrum is facet f2478
    - normal:        -0        0       -1
    - offset:    -0.0194
    - center: -0.0015187462 -0.003356724 -0.0194 
    - vertices: p7585(v335) p3895(v264) p4496(v193)
    - neighboring facets: f1266 f2478 f1623
- f2483
    - flags: bottom simplicial tricoplanar keepcentrum
    - owner of normal & centrum is facet f2483
    - normal:         1        0        0
    - offset:    -0.0227
    - center: 0.0227 0.0001502707777777777 0.001276488888888889 
    - vertices: p9730(v382) p2991(v287) p9307(v15)
    - neighboring facets: f1411 f2486 f2491
- f2484
    - flags: bottom simplicial tricoplanar
    - owner of normal & centrum is facet f2483
    - normal:         1        0        0
    - offset:    -0.0227
    - center: 0.0227 0.0001502707777777777 0.001276488888888889 
    - vertices: p9730(v382) p5155(v239) p5755(v65)
    - neighboring facets: f1143 f2487 f2494
- f2485
    - flags: bottom simplicial tricoplanar
    - owner of normal & centrum is facet f2483
    - normal:         1        0        0
    - offset:    -0.0227
    - center: 0.0227 0.0001502707777777777 0.001276488888888889 
    - vertices: p9730(v382) p2410(v143) p1502(v25)
    - neighboring facets: f692 f1848 f2488
- f2486
    - flags: top simplicial tricoplanar
    - owner of normal & centrum is facet f2483
    - normal:         1        0        0
    - offset:    -0.0227
    - center: 0.0227 0.0001502707777777777 0.001276488888888889 
    - vertices: p9730(v382) p4733(v212) p9307(v15)
    - neighboring facets: f1025 f2483 f2488
- f2487
    - flags: top simplicial tricoplanar
    - owner of normal & centrum is facet f2483
    - normal:         1        0        0
    - offset:    -0.0227
    - center: 0.0227 0.0001502707777777777 0.001276488888888889 
    - vertices: p9730(v382) p584(v209) p5755(v65)
    - neighboring facets: f1006 f2484 f2491
- f2488
    - flags: bottom simplicial tricoplanar
    - owner of normal & centrum is facet f2483
    - normal:         1        0        0
    - offset:    -0.0227
    - center: 0.0227 0.0001502707777777777 0.001276488888888889 
    - vertices: p9730(v382) p4733(v212) p2410(v143)
    - neighboring facets: f1026 f2485 f2486
- f2489
    - flags: bottom simplicial tricoplanar
    - owner of normal & centrum is facet f2483
    - normal:         1        0        0
    - offset:    -0.0227
    - center: 0.0227 0.0001502707777777777 0.001276488888888889 
    - vertices: p9730(v382) p8587(v319) p6848(v172)
    - neighboring facets: f1554 f2490 f2493
- f2490
    - flags: top simplicial tricoplanar
    - owner of normal & centrum is facet f2483
    - normal:         1        0        0
    - offset:    -0.0227
    - center: 0.0227 0.0001502707777777777 0.001276488888888889 
    - vertices: p9730(v382) p525(v381) p6848(v172)
    - neighboring facets: f1844 f2489 f2494
- f2491
    - flags: top simplicial tricoplanar
    - owner of normal & centrum is facet f2483
    - normal:         1        0        0
    - offset:    -0.0227
    - center: 0.0227 0.0001502707777777777 0.001276488888888889 
    - vertices: p9730(v382) p2991(v287) p584(v209)
    - neighboring facets: f2159 f2487 f2483
- f2492
    - flags: bottom simplicial tricoplanar
    - owner of normal & centrum is facet f2483
    - normal:         1        0        0
    - offset:    -0.0227
    - center: 0.0227 0.0001502707777777777 0.001276488888888889 
    - vertices: p9730(v382) p3138(v318) p3983(v240)
    - neighboring facets: f1550 f2493 f1849
- f2493
    - flags: top simplicial tricoplanar
    - owner of normal & centrum is facet f2483
    - normal:         1        0        0
    - offset:    -0.0227
    - center: 0.0227 0.0001502707777777777 0.001276488888888889 
    - vertices: p9730(v382) p8587(v319) p3983(v240)
    - neighboring facets: f1552 f2492 f2489
- f2494
    - flags: bottom simplicial tricoplanar
    - owner of normal & centrum is facet f2483
    - normal:         1        0        0
    - offset:    -0.0227
    - center: 0.0227 0.0001502707777777777 0.001276488888888889 
    - vertices: p9730(v382) p525(v381) p5155(v239)
    - neighboring facets: f1845 f2484 f2490
- f2497
    - flags: top simplicial tricoplanar keepcentrum
    - owner of normal & centrum is facet f2497
    - normal:        -0       -1       -0
    - offset:    -0.0124
    - center: 0.002164802222222221 -0.0124 -0.0003364885555555558 
    - vertices: p6860(v401) p7684(v327) p2353(v119)
    - neighboring facets: f1594 f2501 f2498
- f2498
    - flags: bottom simplicial tricoplanar
    - owner of normal & centrum is facet f2497
    - normal:        -0       -1       -0
    - offset:    -0.0124
    - center: 0.002164802222222221 -0.0124 -0.0003364885555555558 
    - vertices: p6860(v401) p7684(v327) p3202(v252)
    - neighboring facets: f1591 f2503 f2497
- f2499
    - flags: bottom simplicial tricoplanar
    - owner of normal & centrum is facet f2497
    - normal:        -0       -1       -0
    - offset:    -0.0124
    - center: 0.002164802222222221 -0.0124 -0.0003364885555555558 
    - vertices: p6860(v401) p5926(v219) p6034(v53)
    - neighboring facets: f1216 f2501 f2511
- f2500
    - flags: bottom simplicial tricoplanar
    - owner of normal & centrum is facet f2497
    - normal:        -0       -1       -0
    - offset:    -0.0124
    - center: 0.002164802222222221 -0.0124 -0.0003364885555555558 
    - vertices: p6860(v401) p6081(v329) p3591(v184)
    - neighboring facets: f1599 f2509 f2513
- f2501
    - flags: top simplicial tricoplanar
    - owner of normal & centrum is facet f2497
    - normal:        -0       -1       -0
    - offset:    -0.0124
    - center: 0.002164802222222221 -0.0124 -0.0003364885555555558 
    - vertices: p6860(v401) p2353(v119) p6034(v53)
    - neighboring facets: f868 f2499 f2497
- f2502
    - flags: top simplicial tricoplanar
    - owner of normal & centrum is facet f2497
    - normal:        -0       -1       -0
    - offset:    -0.0124
    - center: 0.002164802222222221 -0.0124 -0.0003364885555555558 
    - vertices: p6860(v401) p1337(v220) p4676(v39)
    - neighboring facets: f1056 f2505 f2506
- f2503
    - flags: bottom simplicial tricoplanar
    - owner of normal & centrum is facet f2497
    - normal:        -0       -1       -0
    - offset:    -0.0124
    - center: 0.002164802222222221 -0.0124 -0.0003364885555555558 
    - vertices: p6860(v401) p3202(v252) p1331(v120)
    - neighboring facets: f1213 f2508 f2498
- f2504
    - flags: bottom simplicial tricoplanar
    - owner of normal & centrum is facet f2497
    - normal:        -0       -1       -0
    - offset:    -0.0124
    - center: 0.002164802222222221 -0.0124 -0.0003364885555555558 
    - vertices: p6860(v401) p1265(v255) p9597(v12)
    - neighboring facets: f1225 f2514 f2509
- f2505
    - flags: bottom simplicial tricoplanar
    - owner of normal & centrum is facet f2497
    - normal:        -0       -1       -0
    - offset:    -0.0124
    - center: 0.002164802222222221 -0.0124 -0.0003364885555555558 
    - vertices: p6860(v401) p5774(v274) p4676(v39)
    - neighboring facets: f1318 f2502 f2510
- f2506
    - flags: bottom simplicial tricoplanar
    - owner of normal & centrum is facet f2497
    - normal:        -0       -1       -0
    - offset:    -0.0124
    - center: 0.002164802222222221 -0.0124 -0.0003364885555555558 
    - vertices: p6860(v401) p1337(v220) p2182(v96)
    - neighboring facets: f1057 f2507 f2502
- f2507
    - flags: top simplicial tricoplanar
    - owner of normal & centrum is facet f2497
    - normal:        -0       -1       -0
    - offset:    -0.0124
    - center: 0.002164802222222221 -0.0124 -0.0003364885555555558 
    - vertices: p6860(v401) p9289(v296) p2182(v96)
    - neighboring facets: f1425 f2506 f2511
- f2508
    - flags: top simplicial tricoplanar
    - owner of normal & centrum is facet f2497
    - normal:        -0       -1       -0
    - offset:    -0.0124
    - center: 0.002164802222222221 -0.0124 -0.0003364885555555558 
    - vertices: p6860(v401) p1655(v328) p1331(v120)
    - neighboring facets: f1596 f2503 f2512
- f2509
    - flags: top simplicial tricoplanar
    - owner of normal & centrum is facet f2497
    - normal:        -0       -1       -0
    - offset:    -0.0124
    - center: 0.002164802222222221 -0.0124 -0.0003364885555555558 
    - vertices: p6860(v401) p1265(v255) p3591(v184)
    - neighboring facets: f1227 f2500 f2504
- f2510
    - flags: top simplicial tricoplanar
    - owner of normal & centrum is facet f2497
    - normal:        -0       -1       -0
    - offset:    -0.0124
    - center: 0.002164802222222221 -0.0124 -0.0003364885555555558 
    - vertices: p6860(v401) p5774(v274) p381(v203)
    - neighboring facets: f1319 f1935 f2505
- f2511
    - flags: bottom simplicial tricoplanar
    - owner of normal & centrum is facet f2497
    - normal:        -0       -1       -0
    - offset:    -0.0124
    - center: 0.002164802222222221 -0.0124 -0.0003364885555555558 
    - vertices: p6860(v401) p9289(v296) p5926(v219)
    - neighboring facets: f1426 f2499 f2507
- f2512
    - flags: bottom simplicial tricoplanar
    - owner of normal & centrum is facet f2497
    - normal:        -0       -1       -0
    - offset:    -0.0124
    - center: 0.002164802222222221 -0.0124 -0.0003364885555555558 
    - vertices: p6860(v401) p1655(v328) p7618(v254)
    - neighboring facets: f1597 f2513 f2508
- f2513
    - flags: top simplicial tricoplanar
    - owner of normal & centrum is facet f2497
    - normal:        -0       -1       -0
    - offset:    -0.0124
    - center: 0.002164802222222221 -0.0124 -0.0003364885555555558 
    - vertices: p6860(v401) p6081(v329) p7618(v254)
    - neighboring facets: f1600 f2512 f2500
- f2514
    - flags: top simplicial tricoplanar
    - owner of normal & centrum is facet f2497
    - normal:        -0       -1       -0
    - offset:    -0.0124
    - center: 0.002164802222222221 -0.0124 -0.0003364885555555558 
    - vertices: p6860(v401) p1649(v346) p9597(v12)
    - neighboring facets: f1686 f2504 f1936
- f2517
    - flags: top simplicial tricoplanar keepcentrum
    - owner of normal & centrum is facet f2517
    - normal:        -1        0       -0
    - offset:    -0.0227
    - center: -0.0227 0.003367977777777778 0.001389465555555555 
    - vertices: p8485(v418) p3013(v197) p8728(v28)
    - neighboring facets: f968 f2523 f2525
- f2518
    - flags: bottom simplicial tricoplanar
    - owner of normal & centrum is facet f2517
    - normal:        -1        0       -0
    - offset:    -0.0227
    - center: -0.0227 0.003367977777777778 0.001389465555555555 
    - vertices: p8485(v418) p6309(v167) p3902(v9)
    - neighboring facets: f1121 f2519 f2524
- f2519
    - flags: top simplicial tricoplanar
    - owner of normal & centrum is facet f2517
    - normal:        -1        0       -0
    - offset:    -0.0227
    - center: -0.0227 0.003367977777777778 0.001389465555555555 
    - vertices: p8485(v418) p6545(v157) p3902(v9)
    - neighboring facets: f1065 f2518 f2523
- f2520
    - flags: top simplicial tricoplanar
    - owner of normal & centrum is facet f2517
    - normal:        -1        0       -0
    - offset:    -0.0227
    - center: -0.0227 0.003367977777777778 0.001389465555555555 
    - vertices: p8485(v418) p8695(v226) p9235(v100)
    - neighboring facets: f1080 f2526 f2008
- f2521
    - flags: top simplicial tricoplanar
    - owner of normal & centrum is facet f2517
    - normal:        -1        0       -0
    - offset:    -0.0227
    - center: -0.0227 0.003367977777777778 0.001389465555555555 
    - vertices: p8485(v418) p1437(v107) p2463(v20)
    - neighboring facets: f498 f2527 f2524
- f2522
    - flags: bottom simplicial tricoplanar
    - owner of normal & centrum is facet f2517
    - normal:        -1        0       -0
    - offset:    -0.0227
    - center: -0.0227 0.003367977777777778 0.001389465555555555 
    - vertices: p8485(v418) p3399(v131) p8284(v71)
    - neighboring facets: f962 f2528 f2525
- f2523
    - flags: bottom simplicial tricoplanar
    - owner of normal & centrum is facet f2517
    - normal:        -1        0       -0
    - offset:    -0.0227
    - center: -0.0227 0.003367977777777778 0.001389465555555555 
    - vertices: p8485(v418) p6545(v157) p8728(v28)
    - neighboring facets: f733 f2517 f2519
- f2524
    - flags: top simplicial tricoplanar
    - owner of normal & centrum is facet f2517
    - normal:        -1        0       -0
    - offset:    -0.0227
    - center: -0.0227 0.003367977777777778 0.001389465555555555 
    - vertices: p8485(v418) p6309(v167) p1437(v107)
    - neighboring facets: f1125 f2521 f2518
- f2525
    - flags: bottom simplicial tricoplanar
    - owner of normal & centrum is facet f2517
    - normal:        -1        0       -0
    - offset:    -0.0227
    - center: -0.0227 0.003367977777777778 0.001389465555555555 
    - vertices: p8485(v418) p3013(v197) p3399(v131)
    - neighboring facets: f963 f2522 f2517
- f2526
    - flags: bottom simplicial tricoplanar
    - owner of normal & centrum is facet f2517
    - normal:        -1        0       -0
    - offset:    -0.0227
    - center: -0.0227 0.003367977777777778 0.001389465555555555 
    - vertices: p8485(v418) p7491(v393) p9235(v100)
    - neighboring facets: f1901 f2520 f2531
- f2527
    - flags: bottom simplicial tricoplanar
    - owner of normal & centrum is facet f2517
    - normal:        -1        0       -0
    - offset:    -0.0227
    - center: -0.0227 0.003367977777777778 0.001389465555555555 
    - vertices: p8485(v418) p4018(v300) p2463(v20)
    - neighboring facets: f1449 f2521 f2529
- f2528
    - flags: top simplicial tricoplanar
    - owner of normal & centrum is facet f2517
    - normal:        -1        0       -0
    - offset:    -0.0227
    - center: -0.0227 0.003367977777777778 0.001389465555555555 
    - vertices: p8485(v418) p4570(v394) p8284(v71)
    - neighboring facets: f1906 f2522 f2532
- f2529
    - flags: bottom simplicial tricoplanar
    - owner of normal & centrum is facet f2517
    - normal:        -1        0       -0
    - offset:    -0.0227
    - center: -0.0227 0.003367977777777778 0.001389465555555555 
    - vertices: p8485(v418) p2637(v366) p4018(v300)
    - neighboring facets: f1776 f2527 f2009
- f2530
    - flags: top simplicial tricoplanar
    - owner of normal & centrum is facet f2517
    - normal:        -1        0       -0
    - offset:    -0.0227
    - center: -0.0227 0.003367977777777778 0.001389465555555555 
    - vertices: p8485(v418) p1164(v338) p4097(v273)
    - neighboring facets: f1637 f2532 f2531
- f2531
    - flags: top simplicial tricoplanar
    - owner of normal & centrum is facet f2517
    - normal:        -1        0       -0
    - offset:    -0.0227
    - center: -0.0227 0.003367977777777778 0.001389465555555555 
    - vertices: p8485(v418) p7491(v393) p1164(v338)
    - neighboring facets: f1903 f2530 f2526
- f2532
    - flags: bottom simplicial tricoplanar
    - owner of normal & centrum is facet f2517
    - normal:        -1        0       -0
    - offset:    -0.0227
    - center: -0.0227 0.003367977777777778 0.001389465555555555 
    - vertices: p8485(v418) p4570(v394) p4097(v273)
    - neighboring facets: f1905 f2530 f2528
- f2535
    - flags: bottom simplicial tricoplanar keepcentrum
    - owner of normal & centrum is facet f2535
    - normal:        -0        1        0
    - offset:    -0.0124
    - center: -0.001744655555555556 0.0124 0.002512442222222222 
    - vertices: p6096(v456) p9458(v247) p5976(v63)
    - neighboring facets: f1194 f2545 f2544
- f2536
    - flags: bottom simplicial tricoplanar
    - owner of normal & centrum is facet f2535
    - normal:        -0        1        0
    - offset:    -0.0124
    - center: -0.001744655555555556 0.0124 0.002512442222222222 
    - vertices: p6096(v456) p7257(v389) p3064(v249)
    - neighboring facets: f1882 f2539 f2552
- f2537
    - flags: bottom simplicial tricoplanar
    - owner of normal & centrum is facet f2535
    - normal:        -0        1        0
    - offset:    -0.0124
    - center: -0.001744655555555556 0.0124 0.002512442222222222 
    - vertices: p6096(v456) p1475(v85) p7515(v14)
    - neighboring facets: f400 f2538 f2541
- f2538
    - flags: top simplicial tricoplanar
    - owner of normal & centrum is facet f2535
    - normal:        -0        1        0
    - offset:    -0.0124
    - center: -0.001744655555555556 0.0124 0.002512442222222222 
    - vertices: p6096(v456) p9841(v419) p7515(v14)
    - neighboring facets: f2011 f2537 f2553
- f2539
    - flags: bottom simplicial tricoplanar
    - owner of normal & centrum is facet f2535
    - normal:        -0        1        0
    - offset:    -0.0124
    - center: -0.001744655555555556 0.0124 0.002512442222222222 
    - vertices: p6096(v456) p3064(v249) p3619(v10)
    - neighboring facets: f1376 f2542 f2536
- f2540
    - flags: bottom simplicial tricoplanar
    - owner of normal & centrum is facet f2535
    - normal:        -0        1        0
    - offset:    -0.0124
    - center: -0.001744655555555556 0.0124 0.002512442222222222 
    - vertices: p6096(v456) p1693(v306) p4848(v117)
    - neighboring facets: f1489 f2544 f2547
- f2541
    - flags: bottom simplicial tricoplanar
    - owner of normal & centrum is facet f2535
    - normal:        -0        1        0
    - offset:    -0.0124
    - center: -0.001744655555555556 0.0124 0.002512442222222222 
    - vertices: p6096(v456) p7612(v214) p1475(v85)
    - neighboring facets: f1558 f2537 f2546
- f2542
    - flags: top simplicial tricoplanar
    - owner of normal & centrum is facet f2535
    - normal:        -0        1        0
    - offset:    -0.0124
    - center: -0.001744655555555556 0.0124 0.002512442222222222 
    - vertices: p6096(v456) p726(v290) p3619(v10)
    - neighboring facets: f1396 f2539 f2546
- f2543
    - flags: top simplicial tricoplanar
    - owner of normal & centrum is facet f2535
    - normal:        -0        1        0
    - offset:    -0.0124
    - center: -0.001744655555555556 0.0124 0.002512442222222222 
    - vertices: p6096(v456) p846(v455) p6012(v162)
    - neighboring facets: f2180 f2550 f2554
- f2544
    - flags: top simplicial tricoplanar
    - owner of normal & centrum is facet f2535
    - normal:        -0        1        0
    - offset:    -0.0124
    - center: -0.001744655555555556 0.0124 0.002512442222222222 
    - vertices: p6096(v456) p9458(v247) p4848(v117)
    - neighboring facets: f1192 f2540 f2535
- f2545
    - flags: top simplicial tricoplanar
    - owner of normal & centrum is facet f2535
    - normal:        -0        1        0
    - offset:    -0.0124
    - center: -0.001744655555555556 0.0124 0.002512442222222222 
    - vertices: p6096(v456) p9473(v324) p5976(v63)
    - neighboring facets: f1580 f2535 f2548
- f2546
    - flags: bottom simplicial tricoplanar
    - owner of normal & centrum is facet f2535
    - normal:        -0        1        0
    - offset:    -0.0124
    - center: -0.001744655555555556 0.0124 0.002512442222222222 
    - vertices: p6096(v456) p726(v290) p7612(v214)
    - neighboring facets: f1397 f2541 f2542
- f2547
    - flags: top simplicial tricoplanar
    - owner of normal & centrum is facet f2535
    - normal:        -0        1        0
    - offset:    -0.0124
    - center: -0.001744655555555556 0.0124 0.002512442222222222 
    - vertices: p6096(v456) p1693(v306) p3350(v230)
    - neighboring facets: f1487 f2183 f2540
- f2548
    - flags: bottom simplicial tricoplanar
    - owner of normal & centrum is facet f2535
    - normal:        -0        1        0
    - offset:    -0.0124
    - center: -0.001744655555555556 0.0124 0.002512442222222222 
    - vertices: p6096(v456) p9473(v324) p470(v177)
    - neighboring facets: f1581 f2549 f2545
- f2549
    - flags: top simplicial tricoplanar
    - owner of normal & centrum is facet f2535
    - normal:        -0        1        0
    - offset:    -0.0124
    - center: -0.001744655555555556 0.0124 0.002512442222222222 
    - vertices: p6096(v456) p9622(v388) p470(v177)
    - neighboring facets: f1879 f2548 f2551
- f2550
    - flags: bottom simplicial tricoplanar
    - owner of normal & centrum is facet f2535
    - normal:        -0        1        0
    - offset:    -0.0124
    - center: -0.001744655555555556 0.0124 0.002512442222222222 
    - vertices: p6096(v456) p2568(v370) p6012(v162)
    - neighboring facets: f2013 f2543 f2553
- f2551
    - flags: bottom simplicial tricoplanar
    - owner of normal & centrum is facet f2535
    - normal:        -0        1        0
    - offset:    -0.0124
    - center: -0.001744655555555556 0.0124 0.002512442222222222 
    - vertices: p6096(v456) p9622(v388) p8508(v325)
    - neighboring facets: f1880 f2552 f2549
- f2552
    - flags: top simplicial tricoplanar
    - owner of normal & centrum is facet f2535
    - normal:        -0        1        0
    - offset:    -0.0124
    - center: -0.001744655555555556 0.0124 0.002512442222222222 
    - vertices: p6096(v456) p7257(v389) p8508(v325)
    - neighboring facets: f1883 f2551 f2536
- f2553
    - flags: bottom simplicial tricoplanar
    - owner of normal & centrum is facet f2535
    - normal:        -0        1        0
    - offset:    -0.0124
    - center: -0.001744655555555556 0.0124 0.002512442222222222 
    - vertices: p6096(v456) p9841(v419) p2568(v370)
    - neighboring facets: f2012 f2550 f2538
- f2554
    - flags: bottom simplicial tricoplanar
    - owner of normal & centrum is facet f2535
    - normal:        -0        1        0
    - offset:    -0.0124
    - center: -0.001744655555555556 0.0124 0.002512442222222222 
    - vertices: p6096(v456) p846(v455) p256(v422)
    - neighboring facets: f2181 f2318 f2543
