3
10000 1594 2391
0.026115 0.010889 0.0190673 
0.00917865 0.009742270000000001 0.0015 
-0.00227035 -0.00474733 0.00524985 
0.026706 -0.0133494 -0.0184839 
0.026782 0.0124 -0.00612287 
0.009606750000000001 0.0154095 -0.0267738 
0.010271 -0.0154071 -0.0287837 
0.0123743 0.0151674 -0.00185643 
0.008576220000000001 -0.0129623 -0.0320586 
-0.00174857 -0.0154646 -0.0167628 
-0.0113925 -0.0094 -0.0231773 
0.0313551 0.0124 -0.0148454 
0.000857973 0.0152643 -0.00381896 
0.0145891 -0.00802041 -0.0303 
-0.0116632 0.0094 -0.0120528 
-0.0181 0.00369854 0.0348522 
-0.0135061 -0.0149083 -0.020034 
-0.0271 -0.00650013 0.0124339 
-0.0181 0.00461603 0.035546 
0.0238348 0.00639842 0.0377684 
0.0324085  0.015 -0.0205361 
-0.0181 -0.008361560000000001 0.0297273 
-0.0128897 -0.010299 0.00458959 
-0.0147877 0.00790738 -0.00526187 
0.00798688 0.007951410000000001 0.00291111 
-0.00595816 -0.00775585 0.0015 
-0.0243859 0.0104225 -0.0125726 
0.0181 0.00147767 0.0335967 
-0.0166 -0.00333867 0.0137237 
0.00918924 -0.0152722 -0.00598941 
-0.00115402 0.0154975 -0.0187233 
-0.0271 0.000582931 -0.000631194 
-0.0213216 0.0124124 -0.008881409999999999 
0.0261481 -0.015 -0.0324944 
-0.0130714 -0.0107112 0.00393397 
0.0221558 0.00675563 0.0250547 
0.0190079 0.0124 -0.0264781 
-0.00462756 0.00366923 0.0015 
-0.0228774 -0.0125482 -0.0115144 
0.0210781 -0.00653231 0.0327241 
0.0280131 0.000247581 0.019137 
-0.0106135 -0.009416519999999999 -0.0119963 
-0.0200594 -0.00274493 -0.008151759999999999 
-0.0249736 0.00669249 0.0308878 
-0.0155909 0.00712083 -0.0165009 
-0.01987 -0.0119973 0.0254257 
0.0049142 0.0155922 -0.0293158 
0.0248644 -0.000144815 0.0049 
0.0299895 0.0103878 -0.0319241 
0.0211031 -0.0050187 0.0388918 
-0.013323 0.0053432 0.0015 
0.0242899 0.009754489999999999 0.0143103 
0.0207047 -0.0124 -0.000425972 
0.0118819 -0.0152953 -0.0210621 
-0.0140802 0.0146134 -0.015989 
-0.0201 0.00747334 0.0291641 
-0.0143403 -0.008300149999999999 0.00595142 
0.0299535 0.0120061 -0.0331272 
-0.00255617 -0.00136334 0.00596843 
0.0270877 0.00876384 0.0218594 
-0.0249504 0.000364181 -0.011812 
0.0220877 -0.00939364 0.0354543 
0.0268329 0.0147513 0.00297954 
-0.0241888 0.0115428 -0.00595596 
-0.0271 -0.00650039 -0.00390864 
0.0290938 -0.0113049 -0.0303 
0.0290334 -0.00925136 -0.0303814 
0.0242382 0.00225237 0.0330099 
0.0181 -0.00877761 0.00714415 
0.0210544 0.002504 0.0049 
0.00415547 0.0124 -0.0150526 
0.0181 -0.00687062 0.00684381 
0.0217897 -0.0119973 0.0244976 
0.0276029 -0.0124 0.000681661 
0.008744500000000001 0.0140243 0.00279297 
-0.00287792 0.0124 -0.00465437 
0.0268097 -0.014556 -0.00459987 
-0.0180687 -0.00469439 -0.000462799 
0.0117778 -0.0104475 -0.0303 
0.0205926 -0.0119686 -0.0344 
-0.008220730000000001 -0.00994688 0.0015 
0.0195564 -0.0130914 -0.00305704 
-0.0166 0.0105711 0.0105028 
0.0181 0.00192382 0.007999849999999999 
0.0230273 -0.0119973 0.00617356 
-0.0140484 0.008631349999999999 -0.00289997 
0.0181 0.00122916 0.0204411 
0.0238816 0.0067112 0.0375404 
0.0181 -0.00978562 0.00345154 
0.024226 -0.0115927 0.0015 
0.0139098 0.0123388 0.0015 
0.0264087 0.0124 -0.0110771 
0.00620865 -0.00752035 0.00513234 
0.0278731 0.008999999999999999 0.0031598 
-0.00112602  -0.02 -0.0137409 
4.56752e-05 0.0154241 -0.0133401 
0.0339621 -0.011167 -0.0344 
-0.00658392 0.00814571 0.0015 
-0.0160266 -0.00669418 -0.00379366 
0.024409 0.00300464 -0.0314 
-0.0110662 0.0094 -0.022893 
-0.00230402 0.0124 -0.0146429 
-0.0219289  0.012 -0.00598932 
0.00683358 0.0154609 -0.0205865 
0.0202078 -0.00988816 0.0347816 
-0.0187552 0.0040221 -0.00045584 
-0.0248471 0.00265935 0.0315246 
-0.00233225 0.0127126 -0.0283752 
-0.007885990000000001 0.0118724 -0.0126638 
-0.0250629 -0.00648157 -0.0115017 
0.0151746 0.0151256 -0.0120265 
-0.0013548 -0.0152774 -0.00777665 
-0.008194760000000001 0.0109393 0.00405701 
0.0284619 -0.008909540000000001 -0.0328 
0.0316423 0.0124 -0.0302305 
-0.0133848 0.00928121 -0.0173375 
0.0181 0.00339165 0.0312295 
0.0343253  0.015 -0.00725408 
-0.0150112 0.000461837 0.007827829999999999 
0.00558854 0.0155267 -0.0243625 
0.00213685 0.0015299 0.0043 
0.0228962 -0.00284971 -0.0344 
-0.00879081 -0.00130272 0.00564675 
0.0181 0.00754263 0.0211882 
0.00561699 -0.0124 -0.0290188 
0.0135669 0.00461769 -0.0329356 
-0.0263737 0.00549693 0.0355932 
0.0203489 0.00473649 0.0390143 
0.0145315 -0.0136088 -0.009979180000000001 
0.0181076 0.011405 -0.0303 
0.0145651  0.007 -0.0310942 
0.0227459 -0.015 -0.0100931 
-0.0222813 -0.000569134 -0.00130751 
0.00156847 -0.0029223 0.00599405 
0.0255062 0.00390291 0.0304637 
0.00458361 0.0124 -0.0135543 
-0.0221753 -0.0119962 -0.000835234 
-0.00375804 0.0146928 -0.0278061 
0.0285566 -0.008999999999999999 0.00290135 
-0.0127115 0.0106533 -0.0233635 
-0.0136243 -0.0137987 -0.022807 
0.0321785  0.015 -0.0188202 
0.0319773 -0.0136858 -0.0344 
0.022649 -0.00317943 0.0210138 
0.0211105 0.007930619999999999 0.014715 
0.0181 -0.0100786 0.0200874 
-0.0265105 -0.00934927 0.0227488 
0.0295875 -0.015 -0.00600326 
-0.0167622 -0.00597381 -0.018956 
0.0221893 0.000199871 -0.0322 
-0.0181 -0.0077627 0.0289066 
-0.0194645 -0.00332757 -0.0106945 
0.0320746 -0.0124 -0.00729359 
-0.0271 0.00169336 0.000664692 
0.0334916 0.00802783 0.00927746 
0.00208563 0.0152741 -0.00335401 
-0.00298438 -0.0124 -0.00762379 
-0.009722110000000001 0.0102191 -0.00754763 
0.0181 -0.00370278 0.0142261 
-0.000721356  -0.02 -0.0161521 
0.00463279 0.0153837 -0.0306146 
-0.0271 -0.00752693 6.196130000000001e-05 
-0.00175749 0.0152617 -0.00791792 
-0.00384893 -0.0124 -0.00154484 
0.00445068 0.0108314 0.00408686 
0.0195009  0.012 0.0208503 
-0.0163635 0.00130735 0.0104671 
0.0257708 0.00225624 0.0328009 
-0.0098476 -0.014117 -0.00352653 
-0.0258299 0.0008450279999999999 0.0382795 
0.0223585 -0.00303237 0.0310495 
-0.0213078 0.00562192 0.0303358 
0.00623483 0.0124 -0.0147443 
0.00754108 0.0124 -0.0184837 
0.00413232 0.00434687 0.0015 
-0.0238885 -0.00406368 0.0255992 
0.0244329 -0.0124 -0.0224357 
0.0181 -0.0016629 0.0122006 
-0.0271 0.000947942 0.0276521 
0.0169938 0.0150299 -0.0035171 
-0.0219206 -0.00523733 -0.0159257 
0.0235535 -0.008050160000000001 0.0034 
0.0125579 0.0124 -0.029091 
0.0167957 0.0124 -0.00156861 
0.0249254 -0.004 0.00418961 
0.0160257 -0.0122416 0.0015 
-0.026673 -0.00161919 -0.00811164 
-0.00924435 0.0106493 -0.0178984 
0.00566457 0.00567723 0.00291612 
-0.0201 -0.00296893 0.0250771 
-0.00842771 -0.0131642 0.00232469 
-0.0181 -0.0119797 0.0236217 
0.0158339 -0.0110313 -0.0371237 
0.021613 -0.015 -0.000845622 
-0.0166 -0.00750086 0.0189994 
-0.0201 0.00479093 0.0252787 
0.0160382 -0.00635764 -0.0339416 
0.00809138 0.0154813 -0.029527 
-0.0190589 0.013029 -0.00927657 
0.00808978 -0.0100285 0.00448864 
-0.0177229 -0.00503307 -0.00491712 
-0.00817531 0.0116119 -0.009313739999999999 
-0.017869 0.011472 -0.0197401 
0.0215112  0.012 0.0170499 
-0.0207472 -0.0119973 -0.00171462 
0.0252981 -0.015 -0.010256 
0.0201 0.00669027 0.030276 
-0.00112776 -0.0153436 -0.0100761 
0.0181 -0.00108268 0.0353443 
-0.0198275  0.012 0.00413827 
-0.00164015 -0.00395968 0.0015 
0.00870954 0.0154405 -0.0260442 
0.0181 -0.009567000000000001 0.00486523 
0.0215922 0.0134684 -0.009297720000000001 
0.009603459999999999 -0.0124 -0.009290980000000001 
-0.0271 0.00113954 0.0113197 
0.033955  0.015 -0.023914 
0.0114945 0.009875399999999999 -0.0315727 
0.0139079 -0.0151915 -0.0153374 
-0.00649445 0.0132349 0.00269744 
-0.0208864 0.0043347 0.0245257 
0.00380084 0.0153666 -0.00687736 
0.0313442 0.00538497 0.0122618 
0.0352 0.0124601 0.000206131 
0.0072322 -0.0124 -0.0239183 
0.0280338 -0.00432732 0.0190801 
-0.00475709 0.0124 -0.0143521 
0.0147494 0.0082494 -0.0303 
-0.0268834 -0.00844556 0.00544908 
0.00302279 0.00584331 0.00536503 
-0.0166 -0.00128 0.0161277 
-0.0181 -0.00470103 0.0294833 
0.0260718 0.0121605 0.0015 
-0.0243089 -0.00294847 0.0347605 
-0.00943807 -0.0147472 -0.0251991 
-0.0157873 0.0143886 -0.0159931 
0.0223361 0.0074 0.0111594 
-5.58685e-05 0.00740524 0.00478806 
-0.008534740000000001 -0.0112882 -0.0215929 
0.0172621 0.011574 -0.0303 
0.0315738 0.0124 -0.000146747 
0.0336147 -0.015 0.00182842 
0.0198948 -0.00348123 0.0335815 
-0.0252007 0.0102606 0.031708 
0.0197113 -0.0038565 0.0317834 
-0.0201 0.00482066 0.0307501 
0.0281368 -0.00969569 -0.0321543 
0.0173514 -0.015043 -0.0268253 
-0.00176874 -0.011273 0.00385554 
0.0173142 -0.0113097 -0.0303 
0.0209325  0.012 0.0186958 
-0.0265846 0.009205929999999999 -0.00202847 
0.0181 -0.00374603 0.0308473 
0.0181 -0.0073826 0.0146623 
-0.0268995 -0.00263001 0.0244293 
-0.00268103 0.0124 -0.00883626 
0.009155669999999999 -0.0124 -0.018955 
-0.0238056 -0.00961392 -0.0134633 
0.0173765 0.014886 -0.0263316 
-0.00774827 -0.0149418 -0.0102353 
0.0120068 0.0153037 -0.0239218 
-0.00152805 -0.0153737 -0.0121914 
0.0247635  0.015 -0.00961943 
-0.0271 0.00582892 0.0173554 
0.0195139 0.00335439 0.0328434 
0.0181551  0.012 0.00939622 
0.0168372 0.0124 -0.013478 
-0.0246811 0.0038136 0.0386038 
0.0305242 0.00662778 0.0135048 
0.0181 -0.00308806 0.0343792 
0.0330273 -0.0149985 -0.0336408 
0.0240073 0.0115003 0.0295642 
-0.0271 0.00581954 0.011744 
0.00658081 -0.0124 -0.0124926 
-0.0181 -0.00397604 0.0253054 
-0.0115558 0.0094 -0.009459840000000001 
0.0236505 0.0124 -0.0104048 
0.0247905 -0.00243161 0.0389342 
0.0334685 -0.0103947 0.0015 
-0.0235832 0.0117704 0.0186293 
0.0283072 -0.0130096 0.00374359 
-0.0203421  0.012 0.00556894 
0.0103809 -0.0117408 0.00402046 
0.000116698 0.0153864 -0.011042 
0.0030271 -0.0193234 -0.0193285 
-0.0181341 0.00208933 0.0243612 
0.0261608 0.0029034 0.0248108 
-0.00289407 0.0119317 0.0015 
0.0302931 0.00100669 -0.0322 
0.0121 -0.0127812 -0.0350428 
-0.0211 -0.00315142 0.0327673 
0.0352 0.0130516 -0.0268855 
0.0187175 0.00939451 0.0100684 
0.0118293 0.0124 -0.0146554 
0.0292845 -0.0124 -0.0285915 
0.0275912 -0.0119972 0.00897237 
0.00548948 0.0154741 -0.0193933 
0.0165009 0.0104185 -0.0303 
-0.0271 -0.00448799 0.0276017 
-0.0220952 -0.000751374 -0.00578463 
0.00649923 -0.0154354 -0.0161433 
-0.0181 -0.00726344 0.0273324 
0.0076169 0.0155019 -0.0300205 
-0.00439367 -0.00517571 0.0050569 
0.0321187 -0.015 -0.0317598 
-0.00964658 0.0102871 -0.0174234 
-0.0259557 -0.0101787 0.0166911 
0.0248048 0.00695098 0.0248595 
-0.0270058 0.007950570000000001 0.000291382 
-0.016408 0.00314703 0.0015 
0.022862  0.015 -0.0104135 
0.0120402 -0.0152949 -0.022047 
0.00740654 -0.0154993 -0.0265635 
0.0259573 -0.0124 -0.00634476 
-0.0271 -0.00515821 0.0288819 
-0.009046800000000001 0.0147853 -0.009902019999999999 
0.0190807 -0.0119973 0.009658079999999999 
0.0110911 0.0124 0.000444992 
0.00308387 -0.0162607 -0.0118157 
0.0181 -0.00403111 0.008584349999999999 
-0.0176913 -0.00506399 -0.0170412 
0.0285752 0.0124 -0.0106209 
0.0329357 -0.00568029 -0.0344 
0.00870451 -0.0124 0.00020773 
0.00957944 0.0124 -0.0145101 
0.0181 -0.00866774 0.0172956 
-0.0271 -0.00246583 0.0251696 
0.0300243 -0.015 -0.0153084 
-0.0268909 -0.000971988 -0.00751024 
-0.00413591 -0.0196959 -0.0115924 
0.0256206 -0.0035587 0.0352631 
0.0181252 0.0115352 -0.0343425 
0.0352 -0.0132847 0.00280786 
0.0318853 -0.0100227 0.00989103 
0.0181 0.000657502 0.0124096 
-0.000210305 -0.0101945 0.00412133 
0.00687627 -0.0124 -0.008932519999999999 
0.0157838 -0.0150796 -0.00489767 
-0.0181 -0.00202143 0.0317944 
-0.00749156 -0.0143818 -0.00207814 
0.0306089 0.0124 -0.0100397 
0.00559212 0.0107082 0.00415017 
0.0202593 0.0142535 -0.034398 
0.0337313 -0.0124 -0.00620802 
0.0117292 0.0153441 -0.0296953 
0.0181 0.0103598 0.0318241 
0.000251736 -0.0124 -0.007940020000000001 
0.00913399 0.0152631 -0.00399423 
-0.0257565 -0.00716444 0.0344939 
-0.0158581 0.0134546 -0.00756004 
-0.0236343 -0.00727911 0.0315851 
0.0124171 -0.0124 -0.00658958 
0.00785079 -0.007818139999999999 0.0050145 
-0.00971762 0.015295 -0.0223841 
0.00782411 -0.015476 -0.0251069 
0.0171779 0.0150436 -0.017923 
0.0126767 -0.0152841 -0.0246842 
0.0169721 -0.0145339 -0.0367135 
-0.0106438 0.0142014 -0.0054465 
0.0115729 -0.0124 -0.0294062 
0.0206747 -0.00613052 0.0219728 
0.00589662 0.014624 0.00201679 
-0.0193128 -0.00388566 -0.0182981 
0.00659703 0.0141421 0.00264094 
0.0191096 0.0148796 -0.0340197 
-0.0221363 0.0123426 -0.015603 
-0.0164407 0.008839130000000001 -0.0208771 
0.0129979 0.0151821 -0.00700792 
-0.0253828 0.0107679 0.000561073 
0.033238 -0.0124 -0.0252912 
0.00773801 0.0124 -0.0244902 
0.0309245 0.000352704 -0.0344 
-0.0270968 0.00707285 0.00608278 
-0.0166 0.00115793 0.0128817 
0.02171 -0.0120565 -0.0303 
0.0242621 0.0124 -0.0104692 
-0.00561318 -0.0165154 -0.0185618 
0.00290038 0.0124 -0.0111531 
0.0307191 -0.00352636 0.0131966 
-0.0123664 0.0094 -0.0145695 
0.0211 -0.00391305 0.0244117 
0.0338179 -0.015 -0.0234455 
-0.0271 0.000956068 0.0228029 
-0.0181 0.00692891 0.0374057 
-0.0271 -0.00307965 0.0151793 
0.000706066 -0.0124 -0.0127931 
0.0218103 -0.0143289 -0.00102755 
0.0280141  0.015 0.00107381 
0.00288901 0.0152283 0.000138904 
0.0264555 0.0136396 -0.0344 
0.0181 -0.00653922 0.0181961 
0.0181 0.00114991 0.0164111 
0.0276513 0.00477133 0.0203568 
-0.000860096 0.00574342 0.00513118 
0.0118147 -0.00979796 -0.0303 
0.0112048 -0.0151993 -0.00223707 
-0.0166 -0.00165686 0.0156681 
-0.0166 0.00646497 0.0158879 
0.0239278  0.012 0.00924465 
0.0062929 -0.0155357 -0.0268294 
0.0152696 0.0151398 -0.0189003 
-0.0219297 0.00267648 -0.0159391 
0.0113053 -0.0124 -0.0100468 
0.0272292 0.00116787 -0.0344 
0.0128492 0.0124 -0.0160019 
0.00222084 -0.0124 -0.00656232 
-0.0165899 0.00614256 -0.00213709 
0.0352 0.00596597 -0.0333833 
0.0172176 0.0128005 -0.00516285 
-0.0140397 -0.00933696 0.00492948 
-0.0152849 0.00742051 0.000285494 
0.0306449 -0.015 -0.0302655 
0.0215973 0.00110093 0.0399436 
0.0257633 -0.00313091 0.0349445 
0.022917 0.00559699 -0.0344 
0.0205827 -0.00337115 0.0332056 
-0.0166 -0.00544224 0.0128449 
0.00708902 0.0150587 0.00113732 
0.033495 -0.00544132 0.00947838 
-0.00961121 -0.010319 -0.009615790000000001 
-0.01154 -0.0122928 0.00231722 
-0.007869559999999999 -0.0111695 0.0015 
-0.024698 0.0112689 0.0147536 
0.0221613  0.015 -0.0005955379999999999 
0.0298888 -0.009793720000000001 -0.0303593 
0.0239282 -0.00128514 0.0395676 
0.0192653 0.000742925 -0.0322 
-0.0152172 -0.0120056 -0.000551049 
0.00375712 -0.00528641 0.0015 
-0.00485535 0.0154461 -0.0199671 
0.0269184 0.0124 -0.009666309999999999 
0.0181 -0.0088941 0.0360396 
0.0289984 -0.015 -0.00113747 
0.0219362 -0.0119973 0.0123811 
0.00581521 0.0124 -0.000325891 
0.0345963 0.0149752 -0.0274627 
0.0351891 0.0143292 -0.0166251 
-0.00189628 -0.0124 -0.018684 
-0.00121667 -0.0124 -0.0159955 
0.0238429 0.0114337 0.0303605 
0.0343776 -0.0124 -0.00134516 
0.0181 -0.00357554 0.009852059999999999 
0.033091  0.015 -0.033024 
0.0289938 0.0134611 0.00356117 
0.030071 -0.012989 -0.0344 
0.0350072 0.00547708 0.00582859 
-0.00174656 -0.0112908 0.0015 
0.0181897 -0.008298109999999999 0.0034 
0.0245616 -0.0022178 -0.0322 
0.0260196 -0.00987528 0.0301025 
-0.0271 -0.00251549 0.0135296 
0.0181 -0.00409415 0.0130336 
-0.0233685 -0.00686543 0.0348521 
-0.0199479 -0.0119973 0.018697 
0.0321004 -0.0124 -0.025288 
0.000495466 0.0124 -0.025337 
0.0139576 0.0152316 -0.0281085 
-0.0246189 -0.0113161 0.000365275 
0.0216017 0.0141973 -0.009289149999999999 
-0.0159196 -0.00679894 -0.0169017 
-0.00404862 0.0104055 0.0015 
0.0181 -0.0105736 0.0218989 
-0.0219298 -0.00373045 0.0353561 
0.0199993 0.00039198 -0.0322 
0.00226653 0.0137224 -0.0300888 
-0.0271 -0.00752939 -0.00133229 
0.0202593 0.0137975 -0.00242413 
-0.0268061 0.00868709 0.0227675 
0.0351951 -0.010904 0.00412549 
-0.0156273 -0.0100233 0.00313878 
0.0202359 -0.0124 -0.000734339 
0.0253227 -0.0122458 0.00405222 
-0.0214672  0.012 0.00764726 
0.0236127 -0.0116672 0.0294781 
0.0145903 -0.0124 -0.0212883 
-0.00184841 0.00554287 0.0015 
0.00642679 0.0124 -0.0155638 
-0.0237122 -0.0122367 -0.010994 
0.0305139 -0.0124 -0.00767036 
-0.00081877 -0.0181072 -0.0205036 
0.0266186 -0.015 -0.0052323 
0.0209063 0.0146105 -0.0099153 
-0.0211 -0.00671681 0.0225044 
-0.0249521 -0.00983157 -0.0116202 
0.0352 -0.014013 -0.0300518 
0.0169756 0.0150304 -0.000531013 
0.013698 0.0149483 -0.00833192 
0.0274071 0.008599880000000001 -0.0303 
-0.0229523 -0.00744236 0.0220172 
0.0230572 -0.00775505 0.0034 
0.00484349 0.0153522 -0.00598755 
-0.0271 -0.00666946 0.0267499 
0.00768918 -0.00765988 0.0044838 
-0.0226703 0.0100453 -0.0149825 
0.0312499 0.0116067 0.0072777 
0.0223447 0.0113109 -0.0303 
-0.0271 -0.00596811 0.00837983 
0.00470268 0.0153133 -0.00283711 
0.0300172 0.0124 -0.0101642 
-0.0222079 0.0119977 -0.00504322 
0.0296511 -0.0124 -0.0146994 
-0.0260112 0.008293200000000001 0.0337678 
0.0351974 0.0142606 -0.017995 
0.0106805 0.0120018 -0.0303 
0.0105193 -0.0124 -0.0225474 
0.01342 -0.011 0.0036144 
-0.009312819999999999 -0.0157984 -0.020185 
0.0302832 0.0119965 0.0042565 
0.0269135 -0.00344559 0.0307097 
0.0319824 -0.0100223 0.0015 
0.00889246 -0.0154161 -0.0213971 
-0.00737893  -0.02 -0.0112649 
-0.023607 -0.00381808 0.0255012 
0.008506329999999999 -0.0153156 -0.009277189999999999 
-0.0196497 0.00987616 -0.0182068 
0.0291187 0.00763435 0.0144735 
-0.0166 -0.00858773 0.0132004 
0.0317685 -0.0124 -0.00266595 
-0.0091012 -0.0107782 0.00133023 
0.0184179 -0.0124 -0.00122793 
-0.00500954 0.00189048 0.00571549 
0.0141178 -0.0125365 -0.0079539 
-0.0262563 0.000770728 -0.0092137 
-0.026405 0.009532840000000001 0.028194 
-0.00828191 -0.00604211 0.0015 
0.00133926 0.0124 -0.012511 
-0.00742287 -0.0057195 0.00492584 
0.0198679 0.00335779 0.0232046 
0.00253355 0.0124 -0.0106518 
0.000316536 -0.0124 -0.0182843 
0.0286947 0.00793865 0.0169248 
-0.00740464 0.0153084 -0.0186578 
-0.00201294 0.0154496 -0.0163523 
0.0276304 0.000230848 0.020646 
-0.0214308 -0.00225067 0.0329708 
0.0211432 0.00733143 0.0316831 
0.0188407 0.0147434 -0.0255659 
0.0301847 0.000897445 0.0140541 
-0.0193114 -0.00378213 0.0340416 
0.0201868 0.00325253 0.0049 
0.0322554 -0.0149251 -0.0339368 
0.0238636 -0.0055409 0.0382763 
0.0210905 0.0125593 -0.0016757 
-0.00592583 -0.0124 -0.0238968 
0.0181 -0.0117662 0.00720086 
0.0181 0.00320714 0.0328822 
0.0116048 -0.011 0.00173397 
-0.0155794 0.00713214 -0.00597739 
-0.0271 0.0031426 0.0268606 
-0.0112085 0.0094 -0.0132484 
0.0142794 -0.00382655 -0.0314 
-0.0119488 0.0103018 -0.0238172 
0.0254211  0.012 0.00907724 
-0.0146788 -0.0109671 0.00231994 
-0.0201 0.0005663620000000001 0.0251221 
0.0181 -0.00609333 0.0284145 
0.0196769 -0.00407817 0.0270079 
-0.00843905 0.00398807 0.00521936 
0.0343894 0.0124 -0.00804532 
-0.0239492 -0.011642 -0.00313304 
0.0235619 -0.0026 -0.0314632 
0.000739151 -0.00326007 0.00583128 
0.0274194 0.00471582 0.0203604 
0.034824 0.0124 -0.0238247 
-0.00115594 -0.0124 -0.0247467 
0.0269905 0.008019739999999999 0.0279088 
0.034676 0.0149508 -0.00018804 
0.0169887 -0.00325231 -0.0314 
-0.0241513 -0.0071668 -0.0129906 
0.024536 0.0111557 0.0114118 
0.015228 -0.008949759999999999 -0.0303 
0.0262885 0.00256594 0.0243157 
-0.0271 -0.00233981 0.008281770000000001 
0.0219979 0.0124 -0.0266892 
0.0271 0.00304734 0.0266176 
0.027796 0.0145496 -0.0343193 
0.02693 0.008447380000000001 0.0241495 
7.782690000000001e-05 0.0124 -0.022585 
0.0261029 -0.0103537 0.0218431 
0.0127282 -0.0124 -0.00498974 
0.0291115 -0.004 0.00457579 
0.032341 0.00487662 -0.0344 
0.00339653 -0.00107201 0.00576644 
0.025459 -0.011976 0.0132775 
0.0127526 0.0124 -0.0259599 
-0.0170884 0.009242739999999999 0.0205686 
0.0201 0.00636384 0.0296417 
0.0151489 -0.0124 -0.0252028 
-0.020791 -0.0119973 0.0217567 
0.0281943 0.000482982 0.0185917 
0.018317 0.00714081 0.0146663 
0.0294308 0.00144109 0.015478 
-0.0201 0.00145675 0.0245772 
0.00708623 0.0105349 0.0015 
-0.0261442 0.00993692 0.0200869 
-0.0110952 -0.0094 0.00136007 
-0.00514376  -0.02 -0.0176098 
0.0271128 0.00153865 0.024788 
0.0132188 0.0124 -0.014461 
0.009969540000000001 -0.01532 -0.012769 
0.0181 0.0031345 0.0085716 
-0.00209323 -0.0142482 0.00206939 
0.0346663 -0.0124 -0.00665521 
-0.008320259999999999 -0.0148631 -0.00991291 
0.0244074 0.00883049 -0.0344 
0.008292280000000001 -0.0154446 -0.0227347 
0.0267838  0.015 0.00211422 
0.0134259 -0.011 0.00264618 
-0.0242946 0.0114919 0.00353092 
0.0188482 -0.0124 -0.0164613 
-0.00562865 -0.0112081 0.00390995 
-0.00377741 0.000348052 0.00296395 
0.0294971 0.0124 -0.00667939 
0.00605166 0.0155272 -0.0251673 
-0.00486751 -0.0157427 -0.0189793 
0.0160246 -0.0124 -0.028224 
0.00565443 -0.0124 -0.0155194 
0.0288505 -0.00752341 0.0034 
0.0149042 -0.0150923 -0.0015991 
-0.0105851 -0.0152548 -0.0239658 
0.0186927 0.00745775 0.0034 
0.0293457 -0.00592642 0.0156555 
0.0181 0.0074952 0.00817823 
-0.0149432 0.0100004 0.00362522 
-0.0142055 0.00847757 -0.00205155 
0.0264842 -0.00123217 0.0373085 
-0.0214823 -0.011253 0.0321501 
0.0253188 0.0124 -0.0246869 
0.00766489 0.0124 -0.00243179 
0.0143349 -0.00122683 -0.0322 
0.0279643 0.0109378 0.0015 
-0.0131501 -0.00316336 0.00625413 
-0.0127081 0.00722834 0.0015 
0.0192507 0.0144347 0.00316782 
-0.016084 0.00528421 0.0015 
0.0124282 0.0153141 -0.0296117 
-0.0166 0.00241883 0.0169814 
0.0181 -0.00493247 0.0254006 
-0.009829030000000001 -0.0101228 -0.0179547 
0.0216677 -0.0119973 0.0259491 
0.0069633 -0.0155069 -0.0257012 
0.0352 -0.0132845 -0.00516421 
-0.0245008 0.00601507 -0.0124604 
0.0220965 -0.0119973 0.0128812 
0.0228828 0.0136727 -0.0138526 
-0.0214991 -0.00133507 -0.0126452 
0.0130783 -0.00633056 -0.0322514 
0.0261416 -0.009938819999999999 0.0254599 
-0.00955225 0.0115906 0.003707 
-0.0271 0.000531819 -0.0058471 
0.0181 0.00996967 0.00450625 
0.0221009 0.00701497 0.0312107 
0.00128561 -0.0152866 -0.00456846 
-0.0181 -0.0070182 0.0333221 
-0.00340575 0.0124 -0.0125473 
0.00266906 -0.004 0.00242424 
0.0263231 -0.0114265 0.015873 
0.0132254 -0.0148491 -0.0225939 
-0.0130971 0.0111458 0.00324605 
0.0272 -0.0141537 -0.000833702 
0.00741483 0.0154432 -0.0198701 
0.0303983 -0.0124 -0.0252607 
0.0327666 -0.00245874 -0.0322 
0.0181 -0.00412282 0.0130114 
0.0159351 0.0150683 -0.00449079 
0.0109719 -0.0124 -0.000114425 
0.0259202 -0.014247 -0.0191914 
0.0205133 0.00272838 0.0049 
-0.0271 -0.00119779 0.00557985 
0.000581738 -0.0124394 -0.0292061 
0.0209595 0.0127883 0.00383301 
-0.0182425 0.0141769 -0.0189914 
0.00384032 -0.0124 -0.0286359 
0.00509025 -0.0124 -0.0268392 
0.0050786 -0.0155181 -0.0216283 
-0.0271 -0.00015079 0.0288614 
0.0205673  0.012 0.0100543 
-0.00114796 0.0037318 0.00558503 
-0.0242824 0.0022759 0.0333057 
0.0239512 0.00689644 0.0373708 
0.0267003 -0.015 -0.0222116 
0.0209872 0.00654953 0.0380425 
-0.0271 -0.00115361 0.030919 
0.0157712 -0.0124 0.000522121 
0.0109547 0.0152314 -0.00503226 
0.00964392 -0.0153153 -0.0115916 
0.0211 -0.00372613 0.034806 
-0.0123236 0.0128399 -0.000101821 
0.0290095 0.00536298 0.0164128 
0.00858888 -0.0153382 -0.0119008 
0.0112465 0.0124 -0.0284757 
-0.0051551 -0.0160513 -0.0207293 
-0.011975 0.0133148 -0.00160223 
0.0252455 0.000600718 0.0049 
-0.0261816 -0.0062738 0.0206985 
0.0303815 0.0124 -0.00193691 
0.0181 -0.009656669999999999 0.0104048 
-0.00948389 0.0142584 -0.0251666 
0.0318283 -0.0124 -0.007980020000000001 
0.00453089 -0.015348 -0.00608126 
0.00154549 0.0124 -0.0118788 
-0.0124829 0.0117219 -0.0235047 
0.00246362 0.00949123 0.00437727 
0.0172647 -0.0141138 -0.0262309 
-0.0181 0.00189929 0.0394188 
0.0261023 -0.00761407 0.0325215 
0.0289412 -0.0122473 -0.0338227 
0.0181 -0.00601042 0.0146349 
-0.00108771 0.0124 -0.0265321 
0.0183391 -0.008946549999999999 -0.0350389 
0.0199094 0.0103809 0.0137187 
-0.023457 -0.00664787 0.0308515 
0.0141186 0.0152134 -0.0247943 
-0.0175341 0.00398385 0.0015 
0.0232844 -0.015 0.00227727 
-0.0127389 -0.00448178 0.00595296 
0.0340034 -0.0122898 -0.0303 
-0.0194132 0.00337772 -0.008947119999999999 
0.0147508 -0.014015 -0.00738401 
-0.0203747 -0.00435482 -0.017562 
0.0211 0.0057417 0.0306439 
0.0266308 0.00894318 0.0034 
-0.0233662 -0.00735178 0.0372718 
0.0121655 -0.0152532 -0.0147312 
-0.0172618 0.00548459 -0.0145868 
-0.0183947 0.0138231 -0.0141346 
0.00699225 0.0134077 0.00324949 
0.0196728 0.0124 -0.0115684 
-0.014713 0.0134358 -0.005853 
-0.0181 -0.0108361 0.0248718 
0.0189345  0.012 0.00733048 
0.0245435 0.00528228 0.020372 
0.000769767 0.0124 2.4627e-05 
-0.0184575 -0.00463646 0.0390644 
-0.0157323 -0.008748270000000001 0.00463646 
-0.0222675 -0.00437673 0.039159 
0.0192029 0.0119132 -0.0303 
-0.00773624 0.0120072 -0.00259889 
0.00251397 0.0152377 -0.00045331 
0.0279911 -0.015 -0.0172634 
0.0187948 0.00460343 0.0246108 
-0.0176556 -0.0119973 0.00798769 
-0.0181 0.00686316 0.0353265 
0.0292264 -0.00455866 0.0034 
0.0181 0.010736 0.0223303 
0.0347783 -0.0111971 0.0015 
0.0181 0.00283093 0.0228578 
0.0216707 -0.0119973 0.0253079 
0.0181 -0.00176675 0.0215127 
0.033983  0.015 -0.00689056 
-0.0271 -9.29902e-05 0.0046923 
0.0342087 -0.00881844 0.00734476 
-0.0271 0.00497732 -0.00382444 
-0.018663 -0.00411244 -0.00985281 
0.0132184 -0.0152673 -0.0280746 
-0.0117486 -0.0141021 -0.00634852 
0.00123866 0.0127355 0.00346527 
-0.0247297 -0.0020472 0.039049 
-0.0211 -0.00680877 0.0227541 
0.0113825 0.010059 -0.0310667 
0.0321911 -0.015 -0.0258857 
-0.00461105 0.0124 -0.0169632 
0.0181 0.00757263 0.0187712 
0.032189 0.0114105 0.00613799 
0.00846743 0.0124 -0.00746427 
-0.00721255 -0.00522024 0.00500909 
-0.0242759 0.00264945 0.0391794 
-0.0223638 0.0119885 0.027714 
-0.0116084 0.013422 -0.0016515 
0.0222639 0.00259472 0.0049 
0.0246085 0.00588218 0.0034 
-0.0166 -0.0061294 0.0179881 
-0.0181 0.008284079999999999 0.033485 
0.0198095  0.015 -0.0320929 
0.0347811 0.00401989 0.00675107 
-0.019144 0.00324045 0.0249 
-0.0181 -0.00770705 0.0270639 
-0.0166167 0.00527475 0.0195066 
0.0273554 -0.015 -0.0102383 
0.002803 -0.0197725 -0.0175286 
0.0295724 0.0124 -0.0119031 
-0.0201668  0.012 0.0160218 
0.0272155  0.015 -0.00353317 
0.021661 0.0145594 -0.0230265 
0.0352 -0.000765362 -0.0328471 
-0.0181 -0.0038035 0.0385798 
0.00758937 -0.0155239 -0.0308996 
0.0346362 -0.00455652 0.00720405 
0.0352 -0.0134545 -0.00357384 
0.0301207 -0.0124 -0.0204468 
-0.0122658 0.0131452 -0.00120526 
0.0201 0.00681327 0.0275843 
-0.00981023 0.0101398 -0.0242538 
-0.0201611 0.00264533 -0.0147573 
0.0256777  0.015 -0.0221532 
-0.00552154 0.0154532 -0.0212268 
-0.0201 0.00500331 0.0267922 
-0.0105822 -0.00944473 -0.00592289 
0.018897  0.012 0.00536712 
-0.00955868 0.011798 -0.0251552 
0.0279021 0.0124 -0.0227848 
0.0228877 -0.00380341 0.0206058 
-0.0166 -0.0100184 0.0195348 
-0.0168913 0.0137523 -0.0113363 
-0.0253783 -0.0107711 -0.00404785 
-0.0255545 0.0106098 0.0250494 
-0.0271 0.00200003 0.00516116 
0.0222537 -0.00933296 0.0015 
-0.0225732 -0.00736011 0.0341628 
0.029332 -0.0122256 -0.0344 
-0.0128351 0.0116196 0.00259722 
-0.0201 0.0119174 0.0256482 
-0.0181 -0.00631885 0.0357865 
0.0222384 -0.0119973 0.0160443 
-0.0117454 0.0094 -0.0185795 
-0.0270414 -0.00451748 0.0257141 
-0.0228505 0.0073382 -0.0147843 
-0.0210692 -0.00443865 0.0391453 
-0.00634693 0.0124 -0.0202874 
-0.0166 -0.0101878 0.0189516 
0.0318388  0.015 0.00202022 
0.0254151 -0.0119973 0.00706051 
0.0314036 -0.000514404 -0.0322 
0.0296613 -0.0124 -0.0193846 
0.0211 0.00427528 0.020844 
-0.0132335 -0.0112266 0.00300794 
0.0215529 0.00507173 0.0257449 
0.0271 -0.0023133 0.0277354 
0.0237471 0.00501058 0.0034 
0.0171294 0.0121298 -0.0341863 
-0.0125728 -0.0105408 -0.0234445 
0.0263454 0.00249311 0.0340676 
0.0152811 -0.0124 -0.00576685 
-0.0226243 -0.0119683 -0.00435795 
0.0181 0.007294 0.0328509 
0.0202266 -0.000774755 -0.0344 
0.0352 -0.0128868 -0.0313997 
-0.0189111 -0.00407157 0.0342856 
-0.0142215 -0.00997783 0.00411828 
0.0244316 0.0076385 0.0232945 
-0.0183109 0.0120305 -0.00378907 
0.009349379999999999 -0.0117001 0.00399884 
0.0235204 -0.0118052 0.024044 
-0.0166 0.0117491 0.0103415 
0.0019567 -0.00210413 0.0043 
0.0274455  0.015 -0.013602 
-0.00299934 -0.0124 -0.00429849 
0.0181 0.0011853 0.0149388 
-0.00424754 0.0154335 -0.0185827 
0.0187206 -0.015 -0.033501 
0.0263383  0.012 0.00590524 
0.0348934 -0.00629712 0.00634997 
0.0181 -0.00884014 0.0340161 
-0.0260677 -0.00703201 0.0351476 
0.0189962 -0.00377102 -0.0314 
-0.0228332 -0.0118542 0.0294126 
-0.0145829 0.0122113 -0.000501043 
0.00418705 0.0155663 -0.0258348 
0.0270971 -0.008848959999999999 0.0215839 
0.0219453 0.0114207 0.0316481 
0.0221986 0.0124 -0.0299768 
0.0175733 -0.0124 -0.00259652 
0.0196453 0.0124233 0.0039805 
0.0192301 0.00576417 -0.0344 
0.00057832 -0.0156418 -0.0272909 
0.0238078 0.0117236 0.0236995 
0.0121267 0.0124 -0.00590022 
0.008551680000000001 -0.0148808 -0.0320147 
0.0230034 0.0141485 -0.0218178 
-0.021036 -0.0119973 0.0260861 
0.0330514  0.015 -0.025698 
-0.0271 -0.00179128 0.009820580000000001 
0.0206639 -0.015 -0.0107997 
0.0282201 -0.00961414 -0.0310759 
0.0134958 -0.0149324 -0.008514020000000001 
0.0181 -0.00887865 0.0319001 
0.0348465 0.0148632 -0.0250193 
-0.00672475 -0.0182531 -0.0101969 
0.0299743 -0.015 -0.0324243 
-0.0229416 -0.009589490000000001 0.0350849 
0.0149313 0.0151775 -0.0276955 
0.00312332 -0.0161088 -0.0190178 
0.0330579 -0.0124 -0.0107982 
0.0298887  0.015 -0.0113771 
0.019599 0.00679129 -0.0314 
-0.0107181 -0.0094 -0.008338480000000001 
-0.0196641 -0.00313208 -0.000510543 
0.0236975 -0.00463602 0.0257297 
0.0187024 0.0114572 0.0315338 
-0.00186657 -0.00232734 0.0015 
0.0242024 0.00179265 -0.0344 
-0.0188473  0.012 -0.00254533 
-0.00991443 -0.00305487 0.0015 
0.00588611 0.00713677 0.00521598 
-0.00526869 0.00607406 0.0015 
-0.0168065 -0.0118574 0.0205685 
0.0182696 -0.0146885 0.00273371 
-0.0240003 -0.00747055 0.0319868 
0.0126453 -0.0109812 -0.0303 
-0.0199268 0.008575279999999999 -0.0179576 
0.016709 -0.00831601 -0.0344084 
0.007536 -0.0153505 -0.0110654 
0.00241452 -0.008091060000000001 0.00469554 
-0.0270023 9.852439999999999e-05 0.0359607 
-0.0197935 0.00573542 0.0216572 
-0.00813852 -0.00517836 0.0015 
0.00612918 0.0124 -0.0238915 
-0.0268793 -0.00319819 0.0358202 
-0.0127169 -0.0094 -0.0138019 
-0.0148157 -0.00428209 0.0015 
-0.000682938 0.0154321 -0.0143754 
0.0126221 0.009403750000000001 -0.0303 
0.0275407 0.0124 -0.00130903 
0.0181 -0.00694967 0.00630603 
0.0225007 -0.00423553 0.0256534 
0.0210571 -0.00470121 0.0214707 
0.0271033 -0.0107504 0.0015 
-0.0156518 -0.00706124 -0.0201836 
0.0181268 0.00497365 0.0313508 
-0.0263172 0.00345685 -0.008991320000000001 
0.0349968 0.0120817 -0.0341318 
0.0280425 -0.00665267 -0.0314 
-0.00752344 -0.0144373 -0.00274269 
0.0282423 0.0109077 -0.0311721 
0.00578852 0.0124 -0.0176701 
0.0116306 0.0124 -0.0119439 
0.0335871 -0.00377634 0.00933485 
0.0153562  0.007 -0.0306255 
-0.00037153 -0.0149951 0.0006912380000000001 
0.00126077  -0.02 -0.0143896 
0.009447260000000001 0.0124 -0.0103096 
-0.009271089999999999 -0.0168186 -0.0184659 
-0.0201 0.00167392 0.0294695 
0.0206085 0.00342947 0.0394953 
0.0185995 -0.0119973 0.0209972 
0.0243461 -0.00251185 0.0391766 
0.0150168 -0.0134255 -0.00714446 
0.0290843 0.00561621 -0.0314 
0.0114531 0.0124 -0.00478447 
0.020228 0.00112 0.0399419 
0.0272 0.0145293 -0.0165069 
0.0203684 -0.00658274 0.0380333 
0.0315937 -0.0124 -0.0263136 
0.0339505  0.015 -0.0129927 
0.0135987 -0.0109168 -0.0370092 
0.0232892 0.0118871 0.0228865 
0.0272 -0.0138726 -0.0168458 
-0.0252182 0.0109053 0.0186423 
0.013556 -0.0136293 -0.00910088 
0.0181 0.00447127 0.0121395 
0.0324059 -0.0124 -0.0213019 
-0.012269 -0.0113012 0.00363966 
0.0150333 -0.0127984 -0.00712961 
-0.0263378 0.00736254 0.0242607 
-0.00618251 0.0124 -0.00500579 
-0.0185966 0.00527774 0.0345143 
0.00581314 -0.00776841 0.00503381 
0.0329007 0.008174020000000001 -0.0303 
-0.0008915 -0.00701058 0.00482135 
-0.023261 0.00898934 -0.0142303 
0.0171944 0.0108517 -0.0303 
0.009892150000000001 -0.0124 -0.0169342 
0.000741437 0.0104899 0.0015 
0.0272 0.0132251 -0.0161075 
0.0215583 -0.011814 0.0300494 
0.0277907 -0.015 -0.0120287 
0.0106511 0.0105604 0.00199535 
-0.0226821 0.0119656 -0.00741791 
-0.0215635 -0.00127207 -0.00624181 
-0.00858518 0.0137357 0.000712409 
-0.0124533 -0.013289 -0.00213832 
-0.0174668 -0.013967 -0.0140045 
-0.00796822 0.00243473 0.0015 
-0.0271 0.000294217 0.013931 
-0.00414939  -0.02 -0.0141227 
-0.0204017 0.00569231 -0.0175306 
-0.0077041 0.0120361 0.00094532 
-0.00924056 -0.0178149 -0.0113257 
0.034693 -0.0149443 -0.0109726 
0.0081361 0.015267 -0.00186478 
0.0272 0.0126354 -0.0145456 
-0.0263037 0.00969856 0.00217273 
-0.0248391 0.0111784 0.0114582 
0.0326997 -0.0110401 -0.0344 
0.00303938 -0.0164702 -0.0189662 
0.00482029 -0.0155947 -0.029488 
0.0141596 0.0140382 0.00282172 
0.0325938 -0.00969886 0.00936084 
0.0181 -0.00679029 0.0153192 
-0.0190865 -0.0119973 0.00669783 
0.0181 -0.00667887 0.00846002 
0.0175658  0.011 0.00249572 
0.0221924 -0.0124 -0.00902941 
0.0184226  0.007 -0.0306419 
-0.008165189999999999 -0.00200383 0.00553958 
0.00502279 -0.0124 -0.0117209 
0.0181 -0.0108438 0.0272939 
-0.0182816 -0.0119973 0.00225427 
0.0234928 0.0117394 0.0291331 
0.0122599 -0.0153083 -0.0259273 
-0.00188185 -0.0152394 -0.00713752 
0.0202158 -0.00489847 0.0214525 
-0.0220692 0.00165106 0.0398819 
0.0160618 0.0124 -5.36306e-05 
0.01906 0.0121875 -0.0343965 
0.0181 0.0091888 0.0211759 
0.0129358 -0.0124 -0.00335475 
-0.0100204 -0.009950509999999999 -0.00372704 
0.00535568 0.009599989999999999 0.0015 
0.0181 -0.00238742 0.0168379 
-0.0151523 -0.0137221 -0.0217953 
0.0263687 0.0131341 -0.0344 
0.0239182 -0.0124 5.95467e-05 
0.007842150000000001 -0.0124 -0.00972923 
-0.0258617 0.00609079 0.0305027 
0.0074819 0.0154073 -0.0165066 
-0.0132365 -0.00473714 0.0015 
-0.00666652 -0.0124 -0.0212655 
-0.023436 0.0071353 0.031367 
0.0270987 -0.0070299 0.0276035 
0.0106791 -0.0153741 -0.0260527 
-0.0181 0.00617947 0.0363861 
0.0212008 -0.0119973 0.0270055 
0.0181 -0.00057182 0.0182233 
0.0106433 -0.0153922 -0.0288499 
0.0188688  0.012 0.00626372 
-0.000599668 0.0124 -0.0213987 
0.03198 -0.0140732 -0.0344 
-0.0271 -0.00226667 0.00911961 
0.0159894 0.00859244 -0.0303 
0.00942952 -0.00936414 0.00371072 
0.00677309 -0.0153752 -0.0121667 
0.0290941 -0.00703472 0.0034 
-0.00350837 -0.0152978 -0.0277588 
-0.0102187 -0.009772029999999999 -0.0198781 
0.024599 0.0100732 0.0331649 
0.0303208 0.00286349 0.0138341 
0.0208137 0.0114525 -0.0344 
-0.0196209 0.0126508 -0.00795643 
-0.0228343 0.00698272 0.0212757 
-0.0138024 0.0124521 -0.000413117 
-0.00732607 0.0123765 -0.00791411 
0.0272 0.0127252 -0.00335362 
-0.0100289 0.00994285 -0.0110253 
0.0244437 0.00225081 0.0230987 
0.0352 0.0108911 0.00290061 
-0.0181322 0.00669318 0.0379472 
-0.0113888 0.0094 -0.0155383 
-0.00040819 0.0144644 0.00193994 
0.0222649 0.0115721 0.0135118 
-0.0267398 0.008851670000000001 0.00531865 
8.79419e-05 0.0152241 -0.00333077 
-0.0271 0.00387041 0.0142011 
0.0232086 -0.00338903 0.0351528 
0.030913 -0.0124 -0.0206101 
0.0316591 -0.0105564 -0.0344 
-0.0101716 -0.0127909 0.00238629 
0.0181 0.00604631 0.00669159 
-0.00501449 -0.017786 -0.0166326 
-0.0268088 -0.00742972 -0.00752978 
-0.0238838 0.00963404 -0.0133285 
0.0305641 -0.015 -0.0169686 
0.0197384 0.00440955 0.024556 
0.0233691 0.000376242 -0.0322 
-0.0232011 -0.0049706 -0.0143503 
-0.0214912 -0.00134281 -0.00680339 
-0.0200896 -0.0119973 0.0164411 
-0.0271 0.00350881 -0.000755556 
0.0265807 0.00911737 -0.0344 
-0.0246894 0.00667268 0.0251282 
0.0264221 0.00983437 0.0224333 
-0.0271 -0.00194727 0.00156436 
0.0229214 -0.015 -0.0114423 
-0.0177454 0.00501099 -0.0116434 
-0.00250933 -0.0124 -0.025012 
-0.0219794 0.000864764 -0.009773540000000001 
0.0337755 0.00501541 0.00902881 
0.0203928 -0.0118587 -0.0344 
-0.0187209 -0.00335329 0.0328686 
0.00370649 -0.0153877 -0.008844960000000001 
0.0260401 -0.0124 -0.009620460000000001 
-0.0271 0.0005194899999999999 0.00982762 
-0.0270471 -0.00251764 0.0352645 
0.0181 -0.0110544 0.0121251 
0.0143545 0.00163563 -0.0335432 
-0.00654038 -0.0147767 -0.0051966 
0.0352 0.013619 -0.0244068 
-0.0249623 0.0110995 0.0231293 
0.0352 -0.0129096 -0.00691732 
-0.0271 0.00148312 0.0236141 
-0.0271 -0.00926127 -0.00433714 
0.0303902  0.015 -0.00571 
-0.0214101 -0.0023469 0.0237654 
0.030145 0.0124 -0.0107867 
0.0320877 -0.007 -0.031343 
0.0113668 -0.0104528 -0.0303 
0.0351535 -0.0120705 -0.0338685 
-0.0265951 -0.009182350000000001 0.0227436 
0.0191 -0.0111954 -0.0371954 
0.00416902 -0.00656137 0.0015 
0.012674 0.0124 -0.00710573 
-0.0138673 0.008808689999999999 -0.000827017 
-0.009260040000000001 -0.0186123 -0.0158815 
0.0352 -0.011051 -0.0314511 
0.0102707 -0.0130889 0.00349976 
0.0343087 0.00658164 -0.0344 
-0.0157757 0.0132478 -0.00615475 
0.0350877 -0.0146087 -0.0108888 
-0.0166 0.0102504 0.00544028 
-0.0192966 0.00764939 -0.0185511 
0.0274662 -0.007903 0.0210362 
-0.00962872 -0.0103032 -0.000461747 
0.00194149 -0.0156365 -0.0280391 
-0.0221746 -0.00893032 0.0360094 
0.0138507 -0.0124 -1.731e-05 
0.0274365 -0.00896257 0.0197665 
-0.0213783  0.012 -0.00209369 
-0.0271 -8.46272e-05 -0.00537672 
-0.0260418 -0.00225222 0.0231068 
0.033687 0.0124 0.000249239 
0.0348893 -0.00152391 -0.0322 
-0.016953 -0.0119973 -0.00216077 
-0.0271 0.00635763 -0.0040034 
0.0109326 -0.0152464 -0.00677537 
0.0352 -0.0134274 -0.0120876 
0.0168396 0.0150734 -0.0293715 
-0.0159628 0.0123312 -0.00232157 
0.00225773 -0.0124 -0.0293678 
0.0289316  0.015 -0.00416404 
0.0269089 -0.00752762 0.0034 
0.0352 -0.0105735 -0.0321597 
0.0195636  0.012 0.0106887 
0.0289267 0.0124 -0.0137308 
0.0233827 -0.00314831 0.0250595 
0.0348805 0.0148388 -0.0303478 
0.0197173 -0.00061801 -0.0344 
0.0349393 0.00397786 -0.0314 
0.008113550000000001 -0.0124 -0.00297658 
0.0202862 -0.015 -0.0304997 
0.0211 0.00627712 0.0317471 
0.00210313 -0.012406 -0.029613 
-0.0268938 -0.0076321 0.0227476 
0.00205168 0.0154474 -0.0132763 
0.023366 0.0074 0.011174 
-0.0231688 -0.011878 0.025554 
0.0254356 -0.0113991 0.0015 
-0.00527125 0.0124 -0.00982832 
0.0284837 0.00740291 0.0110205 
0.0162708 0.0151036 -0.0278318 
0.0344168 -0.0124 -0.00543702 
0.0183506 0.00346959 0.0335534 
0.030814 -0.0109543 0.00972985 
0.020292 0.0124 -0.001191 
0.0321431 -0.015 -0.00435792 
0.0223452 -0.015 -0.0142581 
0.016445 0.000422957 -0.0322 
0.0222317 0.00610544 0.0206104 
0.0181 0.00228234 0.0162792 
0.0340115 -0.015 -0.0232163 
0.0298202 -0.00383989 0.0147351 
-0.018936 6.41008e-05 0.0321961 
-0.00279054 -0.0124 -0.0206536 
-0.00455385 -0.0124 -0.00372454 
0.0262908  0.015 -0.0230093 
-0.00109939 -0.015257 -0.00654898 
0.0344446 0.00509677 0.00769516 
-0.0244986 0.0113831 0.0175117 
0.0286158  0.015 -0.0160149 
0.0183085 0.0104955 0.0105908 
-0.0170092 0.00463574 0.0191429 
0.024609 -0.00814756 -0.0303 
0.0274164 -0.009088260000000001 0.0196272 
-0.0217211 0.00111775 0.0009839829999999999 
0.0211337  0.012 0.009388850000000001 
0.0023763 -0.010155 0.0015 
0.0306754 -0.015 -0.0139664 
0.0305747 -0.000193479 0.0134291 
0.0298224 -0.00166941 0.0147307 
0.0182331 0.0104747 0.0103951 
0.0256434 -0.0143705 0.00319376 
-0.0270984 -0.00703355 0.0254937 
0.0114801 -0.0124 -0.0072577 
0.0352 0.0136237 0.00123607 
0.0181 0.0115897 0.0217907 
0.030559 -0.0124 -0.0201749 
0.0335176 -0.015 -0.0194127 
-0.0271 -0.000640634 0.0253296 
0.0244276 0.0124 -0.0286195 
0.0327757 0.0124 -0.00431513 
-0.0225775 -0.0079399 0.0369525 
0.0323976 0.0026 -0.0321659 
0.00521024 -0.0124 -0.006782 
0.0222499 0.008403519999999999 -0.0344 
0.0138581 0.0152399 -0.0316426 
-0.0211 -0.00454337 0.0251891 
0.0211694 0.00494403 0.02575 
0.0352 -0.0139295 -0.0292426 
0.0326966 0.00442979 0.0034 
-0.0128602 0.0094 -0.0034169 
-0.0249808 -0.0110837 -0.00224666 
0.0331426 0.00726576 0.00994225 
-0.0214281 -0.0120611 -0.00734735 
-0.0128642 -0.0148593 -0.018036 
0.0208679 0.00175553 -0.0322 
-0.0181157 0.0133301 -0.0195438 
0.0147786 -0.0146662 0.00191515 
0.00296876 0.0154851 -0.0163387 
-0.0205745 -0.0112519 0.0321532 
0.0211 -0.00637549 0.0351025 
0.0181 -0.00435758 0.0127926 
0.0327973 -0.00945028 -0.0344 
-0.0101897 -0.00979813 -0.008228360000000001 
0.00886235 -0.0143155 0.00247691 
0.0181 -0.0106969 0.0302143 
0.0173667 0.008827959999999999 -0.0342318 
0.0182647 -0.015 -0.0146367 
0.0291209 -0.00128969 0.0161524 
-0.0266876 0.008977860000000001 0.010008 
-0.00511155 -0.0194101 -0.0206757 
0.0231751 0.0118025 0.0292651 
0.0216562 -0.0136532 -0.009240150000000001 
-0.0101051 -0.009874320000000001 -0.00509371 
-0.0181 -0.00801266 0.0339824 
-0.017446 -0.0073491 -0.020124 
-0.0255029 0.0106577 -0.00211306 
0.0352 0.00405264 0.00353167 
-0.0216662 0.0011715 -0.0106273 
-0.000481972 -0.015085 -0.000294942 
0.0174842 0.0124 -0.0150648 
-0.0180321 0.00473023 -0.0144421 
-0.0271 0.00255537 -0.00522355 
0.0295443 0.0074 0.0125581 
0.0181 0.00147987 0.0207269 
0.0302318  0.015 -0.0212025 
0.0291289 -0.00690369 0.0034 
0.000308316 0.0124 -0.0230007 
0.0201 0.00645744 0.0262502 
0.00595131 -0.00595803 0.00150038 
0.0261948 0.0107391 0.0194674 
-0.0271 0.00483751 0.00755489 
0.0259524 0.00729813 0.0351021 
-0.0224937 0.00663288 0.0308405 
0.019666 -0.00405541 0.0269229 
0.00306461 -0.0173226 -0.0128295 
0.0245962 -0.0132543 0.00364474 
0.0299117 -0.009224069999999999 -0.0303 
0.012762 -0.0124 -0.0120503 
-0.0159332 -0.00407048 0.0015 
0.019654 -0.00517577 0.0345323 
-0.0252209 -0.0108998 -0.000634155 
0.0287167 -0.015 -0.0320803 
0.0215305 -0.0124 -0.00112198 
-0.0186929 0.000922254 0.0399545 
0.0181 -0.00353833 0.00547769 
0.0143787 0.0135568 -0.00771899 
-0.0181 0.0119667 0.0245289 
-0.000440368 -0.015212 -0.0037377 
-0.00982041 -0.0101306 -0.00173795 
0.0264975  0.015 -0.0256637 
0.00157277 -0.0124 -0.0152089 
0.0187486 -0.00685031 -0.0343893 
-0.0132951 0.00459421 0.0015 
0.0209195 -0.009581569999999999 0.0352244 
0.00134951 -0.00051681 0.00657248 
0.0124563 0.00886529 -0.0303 
0.0352 0.0134721 -0.0289303 
0.0333679 0.00237506 -0.0344 
-0.0109913 0.00330915 0.0015 
0.0271 -0.00187194 0.0340152 
-0.0271 0.00132413 0.0119025 
0.0311642 0.0124 -0.0241415 
0.00576929 0.0154544 -0.0173793 
0.0181 -0.00417127 0.00911782 
0.0129432 0.0124 -0.0214458 
-0.007920460000000001 0.0151756 -0.0160529 
-0.00219247 0.014222 0.00209739 
-0.023573 0.00680857 -0.0138287 
-0.0166 0.00876329 0.0143666 
-0.012743 -0.014745 -0.0158651 
-0.0166 -0.007899160000000001 0.015398 
0.00484903 0.0153612 -0.00683045 
-0.0185623 -0.0119973 0.0235717 
0.0255341 0.008594310000000001 0.0342395 
-0.0010131 0.0124 -0.0189011 
-0.023922 -0.00764572 0.02293 
-0.00289854 -0.0124 -0.0218441 
0.0151132 0.0151699 -0.0307601 
0.0212988  0.012 0.0162772 
-0.00559698 0.0150926 -0.009723849999999999 
-0.000897091 -0.0155675 -0.0222359 
0.0315377 -0.015 -0.0144013 
-9.0753e-05 -0.0124 -0.0102048 
-0.0175788 0.00484884 0.0192642 
0.0318506 0.00314852 -0.0344 
-0.0139091 -0.00876774 -0.0131395 
0.0181 -0.0012189 0.0216236 
0.00955744 -0.0127141 -0.0322941 
-0.0254184 -0.00400832 0.03042 
-0.0199817 0.00512507 0.0313606 
0.0237256 0.0124 -0.0132541 
0.00756914 -0.0153572 -0.0118592 
0.0255448 0.000203237 0.0386165 
0.0248935 0.0074 0.0116165 
-0.0246973 -0.011269 0.00272647 
0.0179155 -0.0124 0.00111964 
-0.00488817 -0.009651689999999999 0.0015 
-0.0112098 0.0094 -0.0162726 
0.0223763 0.0121829 -0.0344 
0.0104892 -0.0114641 -0.0319013 
-0.0104062 -0.0145405 -0.008742150000000001 
0.0127652 -0.007880140000000001 -0.0339543 
0.0312613 0.0124 0.00054656 
0.0350732 -0.0124 -0.00324025 
-0.0187446 -0.0119973 0.0210473 
0.0217182 -0.0106844 -0.0344 
-0.000717535 -0.0137612 0.00274328 
-0.0235213 -0.0117873 0.0224281 
0.0239621 -0.0145624 -3.97197e-18 
0.0220641 -0.00740608 0.0034 
-0.0034902 -0.0124 -0.000979581 
0.00476809 0.00639164 0.00535144 
0.000461002 -0.00171794 0.00617853 
-0.00138863 0.0124 -0.0192345 
0.0330197 -0.0110969 0.00468156 
0.0183195 0.00689156 0.0124789 
-0.00473736 -0.00554285 0.00498625 
0.0181 0.00503508 0.00892826 
0.0268845 -0.00952241 -0.0333056 
0.0157767 0.0138046 -0.00646024 
-0.0266908 -0.00896722 0.00254349 
0.0239307  0.015 -0.0222636 
0.0351436 0.0144945 -0.020717 
0.0181 -0.00781144 0.0235824 
0.0117637 -0.0151927 -0.00267512 
0.0118991 -0.0124 -0.0186285 
0.0270907 -0.00879047 0.0217756 
0.0232526 -0.0107063 0.0330827 
0.0181 0.00652184 0.0318782 
0.0109947 0.015343 -0.0240029 
-0.000429642 -0.0199695 -0.0108066 
0.00370759 0.0124 -0.014488 
-0.000529139  -0.02 -0.0138069 
0.013425  0.011 0.00370179 
-0.00204857 0.0124 -0.020142 
-0.0166 -0.00668936 0.009975629999999999 
0.0270793 0.00709809 0.0302339 
-0.0226144 -0.00652714 -0.0150901 
-0.0271 0.00566203 0.0156947 
0.00429609 -0.0124 -0.009985829999999999 
0.0335169 0.0124 -0.0110926 
-0.008078510000000001 -0.0197893 -0.0104512 
0.0282997 0.0124 -0.0293348 
-0.00615339  -0.02 -0.0134394 
0.0181 -0.00401989 0.0252716 
0.0181 0.00478438 0.0313219 
-0.0193492 -0.00344046 -9.134839999999999e-05 
-2.64732e-05 -0.01863 -0.0207257 
0.0133299 -0.0124 -0.0254817 
-0.00257359 0.0152779 -0.00992591 
0.0265275 0.00831116 0.0321832 
-0.0155139 0.0112025 0.00116664 
-0.0203557  0.012 0.00325677 
-0.00601125 -0.0124 -0.0150329 
0.0352 0.0126241 -0.00792118 
0.0203452 -0.00437508 0.0245424 
-0.0176857 0.0134889 -0.0103377 
0.0171422 -0.0150347 -0.00493098 
-0.0181 -0.00966639 0.0214526 
0.0159198 0.0150527 0.000347728 
0.0296175 -0.008999999999999999 0.00290287 
0.0145723 -0.0151801 -0.0208717 
-0.00432092 -0.0191289 -0.0204254 
-0.0258541 0.00226939 0.0326433 
-0.0271 -0.00041692 0.0111097 
-0.024135 0.0115648 0.00691902 
0.0257638 0.00888809 -0.0344 
0.0272582 -0.015 -0.00594647 
0.0352 -0.0138044 -0.0248517 
-0.0269098 0.00835812 0.020998 
0.017792 -0.015011 -0.00464565 
-0.00483555 -0.015539 -0.0239063 
0.0313438  0.015 -0.0034524 
0.00189188 0.0153986 -0.0105782 
0.022806 0.00448248 0.0390638 
-0.022558 0.00826852 -0.0151392 
0.0132324 0.0116121 0.0015 
-0.009572270000000001 0.0150184 -0.0149607 
0.0275243 0.0124 -0.009267289999999999 
-0.0131042 0.00121397 0.0062124 
-0.027092 -0.00724644 0.0173737 
0.0181 -0.00122985 0.0119843 
0.00303338 -0.0189736 -0.0199591 
0.0189329 0.0124 -0.0122036 
0.0125803 0.0124 -0.0270687 
0.0108005 -0.0153988 -0.0316479 
0.0207727  0.012 0.00799973 
0.0152968 0.00267892 -0.033766 
-0.0180697 0.012906 -0.00731628 
0.0101503 -0.0119326 -0.0314112 
0.0061055 -0.0155594 -0.0293461 
0.00635758 -0.0124 -0.027951 
0.0181 0.00569064 0.0213322 
0.0111694 -0.0124 -0.0300041 
0.0240377 0.00237271 0.023848 
0.0236807 -0.00978452 0.0015 
-0.0245685 0.00240279 0.0320573 
0.0181 -0.000815371 0.00866689 
0.0148904 -0.0140135 -0.0377059 
0.0143916 0.0124 -0.00659772 
0.0280473 0.00718759 0.0189937 
0.0284388 0.008850230000000001 0.0168375 
-0.0166 0.00636722 0.0147927 
0.0313217 -0.0124 -0.0255245 
0.00395628 -0.0156123 -0.0293064 
-0.0262729 0.00974674 0.0198872 
0.0181 -0.00742147 0.0111254 
-0.0194545 -0.0133142 -0.0116485 
0.0124676 0.0150495 0.000945315 
0.0300162 -0.0119721 -0.0341156 
0.0181 0.00193912 0.0124008 
0.0115602  0.011 0.00361994 
-0.0270949 0.00721551 0.0202513 
-0.0230024 -0.010892 0.0328091 
-0.00453015 -0.0040741 0.00527371 
0.0252501 -0.0110234 -0.0303 
0.0110182 -0.0127851 0.00366429 
0.0304586 -0.015 -0.0316305 
0.0114675 -0.011204 -0.0328387 
-0.00135924  -0.02 -0.0196927 
-0.00925426 -0.0106404 -0.00857802 
-0.027076 -0.00748092 0.00713416 
0.0131132 0.0124 -0.010611 
-0.0141217 0.0106247 -0.0224817 
0.0140627 -0.0134407 -0.0233478 
-0.0166 -0.00748396 0.0117778 
0.0119451 -0.0124 -0.0299784 
0.0281985 0.00666492 -0.0314 
-0.0264954 -0.00200041 -0.00860709 
-0.0135456 0.00912373 -0.00946904 
-0.0178082 0.000627591 0.0180263 
0.00305269 -0.01663 -0.0156149 
0.0339339 -0.015 -0.0006122980000000001 
0.00137664  -0.02 -0.0134434 
0.00937319 0.0154272 -0.0284746 
-0.0102249 0.009263779999999999 0.00458577 
0.0138088 -0.00895749 -0.0350499 
0.0181 -0.00068523 0.0234032 
-0.0119351 0.00835851 0.00508618 
0.0273851  0.015 -0.00259642 
-0.00994777 -0.0100159 -0.0226937 
-0.00967087 -0.0102653 -0.00886636 
-0.0266236 0.00873615 -0.00800145 
0.0294061 -0.0125139 0.00394388 
-0.0259774 0.0101554 0.0151773 
0.0313039 -0.0143861 0.00318748 
0.0336775 -0.015 0.00116734 
0.0029283 0.0107375 0.00404714 
0.00174948 0.00412011 0.0015 
-0.0202095 -0.00259794 -0.0117314 
-0.0181 -0.00139316 0.0225586 
0.0350912 -0.0107724 0.00464749 
0.00535865 -0.0124 -0.00240144 
-0.00660059 0.008339299999999999 0.00446269 
0.0319876 -0.0124 -0.00744381 
-0.0193256 -0.00121804 0.0015 
-0.0267489 0.00882986 0.026444 
0.00253711 0.0155977 -0.0263548 
0.0252909  0.015 -0.00912195 
-0.0108344 0.000803909 0.00575764 
-0.0268145 -0.00339929 0.0307394 
0.0350969 0.0145926 -0.00991389 
0.0208324 0.00389121 0.0242484 
0.0352 -0.0136013 -0.008931690000000001 
0.0181 0.00458712 0.0116799 
-0.0211 0.00539513 0.0313899 
0.0103604 0.0151828 0.000378111 
-0.0181 -0.000721973 0.0350956 
0.0179878 -0.0150051 -0.0179333 
0.0343502 -0.00967729 -0.0303 
0.0211 0.00292128 0.0234461 
0.0201 0.0117463 0.0263642 
-0.015815 -0.00601201 0.0088085 
0.0181 0.0102318 0.0187006 
0.0317373 -0.0124 -0.00282191 
0.0236313 0.0100018 -0.0303 
0.0296936 -0.0124 -0.01338 
0.026378 -0.014808 -0.00498856 
0.0100395 0.0152 0.00023326 
-0.011899 0.0094 0.00108903 
0.0205843 -0.0119973 0.0256689 
-0.0166 0.00793512 0.0191368 
0.0200487 0.0074 0.0136094 
0.0277032 0.0124 -0.0187813 
0.0300089 0.00418009 0.0034 
0.00645402 0.0152355 0.000333732 
0.00635037 0.0154091 -0.01274 
0.0303344 -0.0124 -0.00549079 
0.0181 -0.00931945 0.0224562 
0.0227881 0.0147173 -0.000147148 
0.0237201 -0.0119973 0.0110995 
-0.0113184 -0.0104001 -0.0241929 
0.0108774 -0.0152643 -0.00876121 
0.0229615  0.015 -0.00989952 
-0.0238076 0.0116994 0.00312692 
0.023264 -0.00307662 0.0394433 
0.0299711 -9.591599999999999e-05 -0.0344 
-0.0210405 -0.0119973 0.00388177 
-0.0271 0.000785522 0.00458388 
0.0207656 -0.0063275 0.0034 
0.0211387  0.012 0.022614 
0.0181 0.0112339 0.0182839 
-0.0127623 -0.0145914 -0.01334 
0.0281453 -0.0124 -0.0235155 
0.020104 -0.0124 -0.00143419 
0.0220552 0.000528415 0.0399805 
-0.0197693 -0.00302905 -0.0112005 
-0.0115338 -0.00963809 0.00476601 
-0.0225173 -0.00661671 0.037985 
0.0335723 0.0143498 -0.0343855 
0.0181104 -0.00586704 0.0034 
-0.021652 0.00305513 0.0310272 
-0.0271 -3.22985e-05 0.0103568 
0.00569607 0.0124 -0.00450019 
0.0237388 -0.0124 -0.0128585 
0.0125281 -0.0151515 -0.000152388 
-0.010575 0.00626172 0.00502565 
-0.0201875  0.012 0.0147371 
-0.0106851 0.0149438 -0.015582 
-0.0203187 -0.00144429 0.0399091 
0.0144144 -0.00457413 -0.0335622 
-0.0181 -0.0113423 0.0269679 
0.00757492 0.0123845 0.00372658 
0.0160182 -0.0081297 -0.0342219 
0.0242329 -0.00916342 0.0015 
0.00219957 0.000506084 0.0043 
0.0223984 -0.00753922 0.0337073 
-0.00877381 0.0139275 -0.000607181 
0.0244816 -0.0119973 0.0123426 
-0.00705898 0.015135 -0.0134494 
-0.0182033  0.012 0.0133813 
0.00299336 -0.0195035 -0.0154012 
-0.0271 0.000419201 0.011922 
0.00306878 -0.0175471 -0.0118541 
0.0211 -0.00404357 0.0348657 
-0.0199562 -0.0127525 -0.0179095 
-0.009236090000000001 -0.0160656 -0.0102809 
0.0264539 -0.015 0.00126015 
0.0259812 0.0124 -0.0208944 
-0.0181 -0.000438282 0.0227082 
0.0346187 -0.00162483 0.0049 
0.0304872  0.015 -0.0328684 
0.0269824 -0.00806775 0.0254292 
-0.0270295 0.007832479999999999 0.0239618 
-0.0113895 0.0133465 -0.00102237 
0.0267379 -0.015 -0.0331351 
0.0169688 -0.0126984 -0.0259644 
0.0347578 0.0124 -0.0263557 
-0.0265992 0.0102055 -0.00584352 
0.0270939 -0.000929803 0.035073 
-0.0181 -0.000907593 0.0202249 
0.0162887 -0.0128576 -0.0115614 
0.00894408 -0.008888760000000001 0.00297219 
-0.0163343 0.00436046 0.0103642 
0.0272 0.0133268 -0.00103713 
-0.0117563 0.0094 -0.00145866 
0.0185419 -0.008999999999999999 0.00298346 
-0.00524616 -0.0160973 -0.0181776 
0.0328227 -0.00389164 -0.0314 
-0.00125289 0.00674865 0.0015 
-0.00151696 0.015616 -0.0262734 
0.0101245 0.0153393 -0.0167287 
-0.0235457 -0.0109285 -0.0138109 
-0.00824005 0.00343223 0.00530311 
0.0207736 0.0124 -0.0106515 
0.0201 0.00123221 0.0251153 
-0.0259115 0.0114238 -0.009656319999999999 
0.0275747 -0.015 -0.00357714 
0.017088 0.0124 -0.0131143 
-0.009241859999999999 0.0106515 -0.0158875 
0.00280024 0.0155036 -0.0177171 
-0.0113224 -0.0132148 -0.00036328 
0.0267141 0.00777934 0.0323526 
0.0232982  0.012 0.0158267 
0.0207512 0.0074335 0.0108361 
0.032251 -0.015 -0.0263135 
0.00936675 0.0124 -0.00970443 
0.0246465 0.00463436 0.0302706 
0.0133506 -0.0124 -0.0264909 
0.0349791 0.0147512 -0.00742924 
0.0295997 -0.0109375 0.0015 
0.0252297 0.00989044 0.0325672 
-0.0181 0.00256219 0.0316539 
0.0339054 -0.015 -0.02649 
-0.00758591 -0.0121426 -0.00396478 
-0.00650646 -0.00561208 0.00494019 
0.0221223 0.007915190000000001 0.0147062 
0.0257612 0.00310561 -0.0344 
-0.0254227 0.00649823 0.0365321 
0.0106312 -0.0124 -0.000363547 
-0.0245259 -0.011369 -0.00769827 
-0.0154972 0.00112353 0.008498210000000001 
-0.0099323 -0.0148514 -0.0126253 
0.025577 0.0124 -0.0202153 
-0.0219793 -0.000864884 -0.00809293 
0.01875  0.015 -6.243070000000001e-05 
0.0327123 -0.007813489999999999 0.0103892 
0.0207669 -0.0006775420000000001 0.0049 
-0.00273387 0.0124 -0.0151202 
-0.00592394 -0.0179416 -0.020611 
0.00370552 -0.0155193 -0.0138249 
0.0161192 -0.00613056 -0.0339599 
0.0325978 -0.00874134 0.0101444 
-0.0223078 -0.0005431499999999999 -0.000505147 
0.000517752 -0.0124338 -0.0291683 
-0.0260839 -0.0100157 0.0172396 
0.0143767 0.0143775 0.00240408 
0.0181 -0.000218203 0.0105934 
0.00247073 0.015084 0.0008612 
-0.0178715  0.012 0.00622402 
0.00439426 0.0124 -0.00395979 
0.00455173 -0.0124 -0.00234849 
0.016305 0.0130161 -0.00598453 
0.0201 0.000142606 0.0288716 
-0.0254162 0.00712885 0.0214571 
0.0229573 -0.0119973 0.00748519 
0.0274454 -0.00162106 -0.0344 
0.0135748 0.0151921 -0.012732 
0.00374031 -0.0124 -0.0110961 
-0.0266541 0.00433244 0.0256763 
-0.0269071 0.00383042 -0.00736365 
-0.0181759 0.00474254 0.0313648 
-0.0109764 0.00133777 0.00569563 
0.0225752 -0.0033237 0.0049 
0.0248259 0.0104445 0.011265 
-0.0128782 -0.0094 -0.0119329 
0.00943548 0.0139796 -0.0322948 
-0.0246069 -0.00450955 0.0383864 
-0.0267526 -0.00352847 0.0253431 
-0.0249595 -0.000768454 -0.011788 
0.00767374 -0.009449580000000001 0.0015 
0.0278711 -0.000160664 0.0196767 
0.0182794 -0.0119973 0.00544602 
0.007953409999999999 -0.0091415 0.0015 
-0.0271 -0.00423418 0.00326423 
-0.0234015 -0.0124751 -0.0118108 
0.0212608 -0.00675692 0.0210476 
0.0189824 -0.0124 -0.0280421 
0.0133582 0.0115468 0.00417679 
-0.00266894 0.0111749 0.00386082 
0.0335669 -0.015 -0.00253452 
-0.0132589 -0.00279208 0.0015 
0.0024929 -0.0124 -0.00247498 
0.0226726 -0.015 -0.00998452 
0.023295 0.0052207 0.0203644 
-0.0153754 -0.0073319 -0.0135044 
0.0352 -0.0135978 -0.0122253 
0.0111105 -0.0152276 -0.00510542 
0.0243306 -0.0124 -0.0110648 
-0.0148393 0.00785691 -0.00701478 
0.0313594 0.000798217 -0.0344 
0.0287169 -3.36801e-05 -0.0322 
0.0181 0.00310896 0.018021 
0.00672837 -0.0124045 0.00369964 
-0.0203767 -0.0119973 -0.00548084 
0.0221595 -0.0124 -0.0276416 
-0.000377072 0.0124 -0.000588303 
-0.0159742 0.00674549 -0.0120137 
-0.0181 -0.00537325 0.0280013 
-0.00265096 -0.0087362 0.00438164 
0.0217891 0.00077688 0.0399645 
0.0244717 -0.015 -0.0122856 
1.56779e-05 0.000410434 0.0043 
0.0205246 0.00647311 0.022566 
0.0201 -0.0009817809999999999 0.0298546 
-0.0105451 -0.0145994 -0.00965825 
0.0316419 0.000445036 -0.0344 
0.0225763 0.00796243 0.0034 
-0.0164517 -0.0136165 -0.009514430000000001 
-0.0228806 -0.0119358 6.7628e-05 
-0.00374368 -0.0124 -0.00411485 
-0.0198567 -0.00294341 -0.0162945 
0.0209757 0.0124 -0.0273816 
-0.0181 0.00129341 0.0386459 
0.00751318 0.0153889 -0.01374 
-0.0061838 0.0124 -0.0107422 
0.0201 -0.00107323 0.0268413 
-0.00555814 0.0124 -0.0226258 
-0.0236675 0.0120909 -0.0136143 
0.0297107 0.0124 -0.0239316 
0.0231291 -0.0119973 0.0054111 
0.0287951 -0.0110656 0.0015 
-0.0260319 0.00562842 0.0204378 
0.033416 -0.00674919 -0.0314 
0.0066674 -0.0124 -0.0145816 
-0.0144335 0.0104731 0.00330475 
-0.0107143 -0.0094 0.000858097 
-0.0201 0.00157388 0.0298149 
0.0309989 -0.0124 -0.020847 
0.0296012 0.00360753 -0.0314 
-0.00473119 -0.0155631 -0.0268383 
-0.0166 0.00780898 0.0141502 
-0.0186933 0.011371 0.0318341 
-0.0271 0.00594423 0.0271396 
-0.00654544 0.00315914 0.0015 
0.0181 0.0040402 0.00961798 
0.0239791 -0.0135792 -0.0344 
-0.0216384 0.00525744 -0.0162373 
-0.009918659999999999 -0.0151167 -0.0170272 
0.0311606 -0.00262503 -0.0314 
-0.0259479 0.0101924 -0.00401726 
0.0184721 -0.0124 -0.00241869 
0.00695036 0.0124 -0.0281664 
0.0270838  0.015 -0.00966416 
0.0289192 0.00232468 -0.0344 
-0.00100363 -0.0190117 -0.0207059 
0.0271888 0.0124 -0.0268404 
-0.0208563 -0.00196463 -0.00469255 
0.0232931 0.0142425 -0.0215569 
-0.00475785 -0.0124 0.00124792 
0.0201 -0.00377691 0.0265335 
0.00217061 0.0152968 -0.00456844 
-0.022234 -0.000615407 -0.0113034 
0.00552709 -0.0153344 -0.00506707 
0.0291704 -0.0119973 0.00682689 
-0.0237129 -0.00685562 0.034862 
0.0227499 -0.0113683 0.0316718 
0.00622427 0.0154457 -0.0177388 
0.0172125 -0.0124 -0.0127248 
-0.00159426 0.0124 -0.00305355 
0.00019027 0.00667594 0.00497173 
-0.0186976 -0.0139175 -0.0154954 
-0.0183536 0.00259303 0.0313015 
0.0181 0.0113007 0.00915562 
0.0149706 -0.00604035 -0.0314 
0.0210914 0.0115949 0.0015 
-0.009047060000000001 -0.00113564 0.00567115 
0.00723751 -0.0121554 0.0015 
0.022676 -0.012057 -0.0344 
0.0181 -0.00874396 0.0297928 
0.0312363  0.015 -0.0297208 
0.021166 0.00470469 0.0302613 
-0.0271 -0.000387672 0.0341648 
-0.0227347 -0.0125491 -0.0148187 
0.0253714 0.00497004 -0.0344 
0.00942868 0.00936332 0.00273571 
-0.00330327 0.0130634 -0.028033 
0.0250562 0.00172747 0.0388819 
0.0100038 0.0153409 -0.0162073 
-0.0271 -0.0015373 0.0203467 
0.0230447 0.00792239 -0.0303 
0.00577002 0.0153968 -0.0108648 
0.0242049 0.00433406 0.0355772 
0.0234055 -0.015 -0.0231953 
0.0211 -0.00485897 0.0312891 
-0.0231286 -0.011888 0.00254273 
0.0323976 0.007983000000000001 0.0034 
-0.0166 0.000419118 0.0168413 
-0.0166 0.00830378 0.0176201 
-0.0240967 0.0115799 0.0240926 
0.0248142 0.00738231 -0.0344 
0.0206948 0.0143542 -0.0343847 
0.00325838 0.00625582 0.00528187 
-0.0183395 0.00653943 0.0331213 
-0.00243849 -0.00487564 0.0052142 
0.00467437 -0.0124 -0.00450837 
0.00401814 -0.015419 -0.0109682 
0.0301668 -0.0100009 -0.0328 
-0.000629201 0.00343101 0.00224391 
0.0346654 0.011648 -0.0343547 
0.00658484 -0.0124 -0.00453579 
0.00246294 -0.00346038 0.0043 
-0.0111091 0.008469529999999999 0.0015 
-0.0106829 0.00329286 0.0054232 
-0.0271 -0.00143981 0.00748254 
0.0143203 0.0124 -0.0291869 
0.0181 0.0119631 0.00740219 
0.0181 0.00576696 0.0173295 
0.00961118 0.0124 -0.00721673 
0.0218363 0.00407328 0.0256022 
0.00718994 0.0124 -0.0237091 
-0.0242024 0.00237633 0.0321413 
-0.0138503 0.00837885 0.00612959 
0.00306293 -0.0170487 -0.0132204 
0.0352 -0.0127544 -0.00654531 
0.00303872 -0.0181157 -0.0188819 
0.00480703 -0.014376 0.00233303 
0.0145144 0.0124 -0.0266324 
-0.0171543 0.01424 -0.0165265 
-0.0181219 0.00791583 -0.0195714 
0.027757 0.000676583 -0.0322 
-0.0217694  0.012 0.0129868 
-0.00723908 -0.000349272 0.00584403 
0.0247589 0.0124 -0.0133055 
0.0111786 -0.015374 -0.029859 
0.00647961 0.0153351 -0.00566487 
0.0343594 -0.0124 -0.000558121 
-0.009702779999999999 0.00913399 0.0015 
0.0291719 0.00591763 0.0034 
0.0200818 -0.00414628 0.0286491 
-0.0165226 0.000334479 0.0112552 
0.0190985 -0.0124 -0.000917708 
-0.0166502  0.012 0.0113607 
0.00487771 -0.0153956 -0.0104812 
0.00655104 0.015298 -0.0022647 
0.0181139 0.00868038 -0.0303 
-0.0163665 0.00567347 0.0103006 
-0.0229779 -0.0119196 0.00644369 
-0.0207154 0.00210254 -0.0141515 
0.0274758  0.007 -0.0304338 
0.0283962 -0.0124 -0.0151479 
-0.0174397 0.0053104 -0.0059916 
0.000529272 0.0155435 -0.0203419 
-0.0214272 0.008494989999999999 -0.0164393 
0.020369 -0.0047201 0.0214682 
0.0208674 0.00749133 0.0142485 
0.026709 -0.00907356 0.024046 
0.0180233 0.00655884 -0.0343297 
0.0321062  0.015 -0.0331672 
0.0309621 -0.0124 -0.0108825 
0.0181833 0.0116151 0.0113208 
0.0258528 0.00727345 0.0315757 
0.0129007 -0.0119695 0.00401726 
0.0285212  0.015 -0.0257943 
0.0181 0.00197175 0.0133681 
0.0238573 -0.013131 -0.0344 
-0.00188848  -0.02 -0.0150991 
0.0300009 0.008999999999999999 0.00213407 
-0.0271 -0.00286001 0.0293395 
0.0152682 -0.008074670000000001 -0.034167 
0.0292677 0.0074 0.013159 
0.0125862 -0.0153128 -0.0317937 
-0.0215216 -0.00307922 0.0310051 
0.017876 0.00314612 -0.0343108 
0.0297658  0.015 -0.0286271 
-0.0210236 0.00406368 0.0392821 
0.00217574  -0.02 -0.016262 
0.0206231 -0.015 -0.027118 
-0.0163527 0.00466984 0.0015 
0.0258517  0.015 -0.00678984 
-0.0137601 0.0149163 -0.0206329 
0.024788 -0.00755093 0.033672 
0.0204572 0.0139392 0.00336803 
0.0155651 0.0124 -0.0113649 
-0.0140913 -0.0102071 0.00391041 
0.0181 0.0110526 0.0184411 
0.0201 -0.00176362 0.0279114 
0.00396541 0.0154083 -0.0105397 
-0.0249393 0.0111151 -0.00225078 
-0.00411708 -0.0154928 -0.0209638 
-0.00773954 0.0153812 -0.0216726 
-0.00293323 -0.0155947 -0.0256098 
0.0262039 0.00912427 0.0015 
0.0239956 0.009324870000000001 0.014715 
-0.00446917 -0.0124 -0.0264513 
0.0160448 0.0150556 -0.00189487 
-0.0238022 -0.00706837 0.0312779 
-0.0072268 0.0148496 -0.00770803 
-0.009579600000000001 0.0103474 -0.0133474 
-0.0183676 0.00440167 -0.0137333 
-0.0166 0.00698012 0.009997280000000001 
-0.0271 0.002581 0.026354 
0.030836 0.0124 -0.0298067 
-0.0147709 0.0143288 -0.0136169 
0.0248088  0.015 -0.0330006 
-0.0181 0.00840432 0.0222268 
-0.019141 -0.0108071 0.0331956 
0.0334929  0.004 0.00442953 
-0.00348422 -0.00119718 0.00592397 
0.00601737 0.0124 -0.0222082 
0.00193042 0.0124 -0.00623701 
0.0181 -0.00677078 0.0247523 
0.0186166 -0.0104419 -0.0303 
0.019703 0.0105929 0.0015 
0.0272 0.0130074 -0.0157281 
-0.0229957 -0.011916 0.00535815 
-0.0161094 -0.00367275 0.0015 
0.0228422 0.0149831 -0.0337624 
0.00370631 0.0124 -0.0143705 
-0.00125294 -0.0124 -0.0186497 
-0.00567135 -0.0124 -0.0153557 
0.0165917 -0.0144388 -0.035892 
-0.0113243 -0.0094 -0.000195167 
-0.0201 0.00752808 0.0301979 
-0.00483485 -0.0152253 -0.0113433 
-0.0211 0.00446394 0.0253204 
-0.0236699 0.00874981 -0.0136605 
0.0275899 -0.009945839999999999 0.0173479 
0.0157229 -0.0136264 -0.0378284 
0.00388038 0.0124818 0.00361129 
-0.0271 0.000518964 0.0128763 
0.0264536 0.00944831 0.0281522 
-0.00376314 -0.0124 -0.0148402 
0.0295125 -0.00184328 -0.0344 
0.0227513 -0.0119973 0.0069801 
-0.0252251 -0.0108997 0.0234773 
-0.0228996 -0.00758812 0.0224848 
-0.0179645 -0.0137785 -0.0131496 
-0.00567328 -0.00471287 0.0015 
0.0317882 0.000551233 0.0049 
0.0237901 -0.010737 0.0326385 
0.0220363 -0.0119973 0.0123526 
0.0311351 -0.0124 -0.00683656 
-0.00548291 -0.0161281 -0.010851 
0.00726501 -0.0153029 -0.00497987 
0.0181 0.0045089 0.0187661 
0.0201682 -0.00127821 -0.0322 
0.0209507 0.009735529999999999 0.0143282 
0.0248244 -0.0124 -0.0226073 
0.0320431 -0.015 -0.0164797 
0.00105836 -0.0153495 -0.00802201 
-0.0147197 -0.00771092 0.00665581 
-0.009597990000000001 0.0103309 -0.0176001 
0.02558 -0.015 -0.0325416 
-0.0181 -0.00359523 0.019533 
0.00267964 0.0124 -0.00456085 
0.0238419 0.00758384 0.0236368 
0.0185209 0.00355103 0.0394545 
0.0113939 0.0119484 0.00397517 
-0.0121018 -0.0145839 -0.0121251 
0.0302769 0.0120886 0.0015 
0.0115955 -0.0146393 -0.0334814 
0.0209464 -0.00625129 0.0338793 
0.0331571 -0.0148016 0.00292712 
0.0133744 0.0152297 -0.0192061 
-0.0171505 0.00582098 0.0198782 
0.00381589 -0.0124 -0.0140593 
0.0190559 -0.00878146 -0.0348739 
-0.0034367 -0.0124 -0.0268449 
0.0201413 0.008999999999999999 0.00192512 
-0.000962165  -0.02 -0.0175102 
-0.00695326 -0.00114535 0.0015 
-0.0213925 0.00465414 0.030268 
-0.0200189 -0.0120559 -0.0178532 
0.032879 -0.015 -0.0138372 
-0.0270199 0.007886829999999999 0.00923919 
0.0306167 -0.015 -0.0277213 
-0.0164126 -0.0114485 -0.000192197 
0.0352 0.0104369 -0.0306161 
0.0243124 -0.0113321 0.0297748 
-0.0271 0.00311406 0.0289843 
0.022557  0.012 0.00681027 
0.0317251  0.015 -0.00360503 
-0.00714958 0.0012926 0.0015 
0.00698992 -0.0147894 0.00175946 
-0.0271 0.000800735 -0.00145902 
-0.0181 0.0014025 0.0365693 
-0.0181 -0.0038028 0.0391925 
-0.0214539 0.0131844 -0.0135724 
0.0271 0.000193615 0.0280511 
0.0268881  0.015 -0.0297244 
-0.0226237 0.00539942 0.0386795 
-0.000427912 -0.0124 0.000934654 
-0.0224826 0.00195049 0.0398128 
-0.0219355 -0.000907722 -0.0130256 
-0.00417916 -0.00817287 0.0015 
0.0213516  0.012 0.00439207 
0.0303378 0.00248235 -0.0344 
-0.008331069999999999 0.0114716 0.00031894 
0.00322446 -0.0124 -0.0128088 
0.0181 0.00264139 0.00700029 
0.0222455 -0.0039476 0.0205452 
0.000362121 0.0124 -0.00829218 
-0.0197034 -0.00622108 0.0382558 
0.0291024 -0.00819244 0.0158119 
0.0309253  0.015 -0.0317908 
0.0211331 -0.0124 -0.0244172 
0.0195324 -0.008999999999999999 0.00318653 
0.021954 -0.00636266 0.0306513 
-0.0201 0.000422013 0.0253959 
-0.0224571 0.00964751 0.0350919 
0.008365650000000001 0.0124 -0.00672644 
0.0181 0.0034421 0.00543295 
0.00596876 0.0154944 -0.022225 
0.0025929 0.0124 -0.00467327 
0.014084 -0.0124 -0.0262999 
-0.00103421 -0.0156422 -0.0276263 
0.026631 -0.00243585 -0.0344 
-0.0196585 0.00947742 0.0311 
0.0137092 0.0144983 0.00222452 
0.0193817  0.012 0.0169054 
-0.0232608 -0.0118589 0.0165516 
-0.009259959999999999 -0.0192303 -0.0159992 
0.0194924  0.012 0.00871738 
-0.0249236 0.00256275 0.0342061 
0.0251019  0.015 -0.0317523 
-0.00766297 0.0120732 -0.0191378 
0.0312445  0.015 -0.0272767 
-0.0269956 0.00445264 -0.00708792 
-0.0254949 -0.0106646 0.0185998 
-0.0166 -0.0102562 0.004924 
0.0265541 -0.015 -0.00967048 
0.027004 0.007334 0.031072 
0.0263571 0.00763793 -0.0303 
-0.0211 0.00646942 0.0309781 
0.00469128 0.0124 -9.110970000000001e-05 
-0.0184888 0.00508873 -0.0192468 
0.0235494 -0.0124 -0.0219696 
0.0154012 0.0124 -0.0175796 
-0.0252915 0.00121603 -0.0112018 
0.0248709 -0.015 -0.0114441 
0.00176006 -0.0124 -0.0160374 
-0.0191886 -0.0119386 0.0291346 
0.029376 -0.00157983 0.0155885 
0.0213152 -0.0119919 0.02834 
0.0181 0.008614490000000001 0.0199308 
-0.00677496 0.00311466 0.00537334 
0.0114432 0.0131117 -0.032826 
0.0181 -0.00214571 0.0203821 
0.0165484 0.0150685 -0.0160425 
0.0325193 -0.015 -0.00386498 
0.0352 -0.0140324 -0.0271893 
-0.0105314 -0.0146181 -0.0098596 
-0.0101541 0.009830169999999999 -0.000547716 
0.0278155  0.012 0.0047057 
0.0183824 -0.00365911 0.0300542 
-0.0201 0.00765355 0.0309013 
0.0350744 0.00738964 0.00543348 
0.0270844 -0.00716407 0.0296615 
0.0312622 -0.015 -0.00296433 
0.0211 -0.00643036 0.0338272 
0.0238406 0.00438131 0.0204123 
-0.0103122 -0.00333726 0.00538991 
-0.0202433  0.012 0.0087554 
-0.0237171 0.0117278 0.0276902 
0.00493864 0.0155911 -0.0292625 
-0.0148226 -0.0140893 -0.0109746 
-0.0193052 0.0137219 -0.0146355 
0.0226914 0.0124 -0.0129654 
-0.0166 -0.0111724 0.0176737 
-0.009254389999999999 -0.0192589 -0.0150933 
-0.0197655 -0.0108293 0.0331529 
0.0237667 0.00470242 -0.0314 
0.0296639 -0.0124 -0.028807 
0.0220714  0.012 0.0158818 
-0.00163297 -0.010167 0.00412497 
-0.0201 0.00470757 0.0288397 
0.0212162 0.0143034 -0.023427 
0.0264014 0.0103751 -0.0328 
0.0160247 -0.00415733 -0.0339375 
0.027386 -0.015 -0.0241777 
-0.0166 0.0102063 0.0182474 
0.0237477 -0.0124 -0.0217414 
-0.0250711 -0.000643292 -0.0116048 
0.0010603 0.00748693 0.0015 
-0.0145746 0.014762 -0.0193208 
0.0233947 0.0124 -0.010419 
0.0254845 -0.00510001 -0.0314 
-0.0181129 -0.0135615 -0.0115817 
-0.0203294  0.012 0.022067 
-0.0166 0.0116922 0.0173013 
0.0255357 -0.00268411 0.0344162 
0.0296003 -0.0117586 0.00878466 
-0.0129342 0.012598 3.90799e-05 
0.0181 0.00797086 0.0177208 
0.0183702 -0.00409079 0.028945 
0.0250422 -0.0116004 0.0184 
0.0181 0.00261264 0.0343965 
-0.0189661 -0.00381558 -0.00175493 
-0.0191635 0.009094339999999999 -0.018666 
0.0288603  0.015 -0.0301458 
0.0115754 0.0124 -0.0084764 
0.0160878 0.0151144 -0.0287085 
0.0310125 0.00222399 -0.0344 
-0.00446576  -0.02 -0.0186097 
0.0254791 -0.0109373 0.0217644 
0.00686005 -0.0153586 -0.0105546 
0.0334615 0.009298809999999999 0.0015 
-0.00375439 0.015039 -0.00493518 
0.00270429 -0.0124 -0.0151243 
-0.0202934 -0.0119973 -0.00209229 
0.0220117 -0.00759694 0.0235723 
-0.0196936 0.00544446 0.0386938 
0.0203778 0.000649962 0.0399727 
-0.008874760000000001 0.0109821 -0.0122733 
0.0282647 -0.00146262 0.0049 
-0.00253536 -0.0124 -0.0228512 
0.00624951 -0.0124 -0.008270090000000001 
0.0236906 -0.00296071 0.0248739 
-0.00712494 0.0124 -0.0181806 
0.0200394 0.00505781 0.0388747 
0.0165031 0.00205376 -0.0322 
0.0197309 -0.0141944 -0.0166906 
-0.0252 -0.0109192 0.0219958 
0.009430289999999999 0.0151182 0.000857007 
0.0316191  0.015 -0.0307432 
-0.009102539999999999 0.0134998 0.00113858 
-0.0201 0.009446970000000001 0.030231 
0.00734809 0.0154766 -0.0231306 
-0.0255084 0.0106304 0.0286396 
0.0269069 0.00283444 -0.0344 
0.0250338 0.00250294 0.0219087 
0.0214118 -0.0129589 -0.00946021 
0.0293514 0.0124 -0.0118637 
0.0232225  0.015 -0.0136843 
-0.00144964 -0.00606531 0.0015 
-0.0128078 0.00449596 0.0059843 
0.0180207 -0.00859442 -0.0303 
0.0181 0.00647307 0.0193468 
-0.02134 0.00149094 -0.00874991 
0.0326921  0.015 -0.0301745 
0.0170109 0.0150456 -0.0150222 
0.0183803 0.00346207 0.0236357 
0.0283277 -0.015 -0.0140052 
-0.000813475 -0.015339 -0.0288234 
-0.0251007 0.007338 0.0361817 
0.0181 -0.000322455 0.0376097 
0.0074195 0.0124 -0.0118802 
0.00589129 0.0124 -0.0221903 
-0.0132623 0.0094 -0.00312939 
0.0117 -0.015295 -0.0198055 
-0.0260478 0.0064424 0.0351989 
0.00339653 -0.000861592 0.0052336 
0.0312841 -0.015 -0.0289091 
0.00295843 0.0124 -0.0106717 
0.0256332 -0.00762115 -0.0344 
0.0323809  0.015 -0.00278274 
0.0247343 0.00681198 0.021098 
0.0281248 0.008999999999999999 0.00239906 
0.0255596  0.015 -0.023171 
-0.0209066 0.01308 -0.0169336 
-0.00339613 -0.0114723 0.0038114 
0.0225823 -0.0119973 0.00785721 
0.0247446  0.015 -0.0264282 
-0.0126218 -0.0149412 -0.019007 
0.00843497 -0.0151772 0.000643524 
-0.00123801 -0.0178377 -0.0136824 
0.0245211 -0.00793948 -0.0344 
0.0181 -0.00232404 0.0116662 
-0.00189462 0.014945 0.000282637 
0.0157771 0.0124 -0.0113441 
0.0325245 0.0140616 0.00331859 
0.034769 -0.00127537 0.00678909 
0.0271 -0.00126514 0.0344112 
0.00832256 0.0150996 0.0009865309999999999 
0.0336298 -0.0124 -0.0122328 
0.0202136 0.0118508 0.0135118 
0.0323953 0.0134958 -0.0344 
0.0199349 0.00241618 0.0245694 
0.0271 -0.0047994 0.0272471 
0.0269079 0.008023809999999999 0.0303346 
0.0181 0.000557611 0.00652118 
0.0119284 0.0124 -0.0207873 
0.0149148 -0.0124 -0.0152355 
0.0277438 0.0124 -0.0138722 
0.0228008 -0.015 -0.0304087 
-0.0181 -0.00316874 0.0387256 
0.00176239 -0.0124 -0.0237735 
0.0277735 0.00454984 0.0200546 
0.0225654 -0.0124 0.00141653 
-0.0271 -0.00192876 0.00795999 
-0.00735662 -0.00295927 0.00539416 
-0.0254298 0.0107241 0.0223324 
0.0308987 0.0026 -0.0317856 
-0.0220971 -0.00757763 0.0335611 
-0.0181 0.0057273 0.024637 
-0.0195432 -0.0133336 -0.0182993 
-5.34053e-05 -0.0153667 -0.009820850000000001 
-0.0245488 0.0113573 -0.00279834 
-0.00900626 0.0150882 -0.0156952 
0.0204048 0.0054917 0.0245554 
-0.00402867 0.00729675 0.00466978 
0.0172037  0.011 0.00239488 
0.0308722 0.008999999999999999 0.00291035 
0.0190867  0.015 -0.0312516 
-0.0142191 0.00247504 0.0015 
0.0345362 0.0026 -0.0317919 
0.011637 -0.0153477 -0.0285492 
-0.0219107  0.012 0.0101902 
-0.0201 0.00705783 0.02679 
-0.0201 0.00847592 0.0261288 
-0.0103464 0.009656980000000001 -0.007851459999999999 
-0.00516996 0.0133471 0.00276119 
0.009518510000000001 0.0153836 -0.0207405 
0.00339653 0.000571796 0.00537729 
-0.0211542 -0.0119973 0.0243139 
0.0289373 -0.015 -0.0219079 
0.00613011 -0.0124 -0.0297366 
0.033621 0.00319221 -0.0314 
0.0147404 -0.0142601 -0.021184 
0.0215823 -0.00669388 0.0350105 
0.0251253 0.00594858 0.0372112 
0.0211 -0.00413116 0.0348519 
-0.0142184 -0.0133289 -0.00456406 
-0.0087159 0.0111251 -0.000112065 
0.0238796 0.00529174 0.0383921 
0.0190829 -0.015 -0.0330442 
0.035007 0.0124 -0.0178704 
0.0252368 -0.015 -0.0335877 
-0.0195657 -0.0119827 0.0285706 
-0.0060368 -0.0148598 -0.00573049 
0.0197459  0.015 -0.0110219 
-0.008449480000000001 -0.011365 -0.00775204 
-0.00914068 -0.0107426 -0.00704732 
-0.0269734 0.00809647 0.0186566 
-0.011163 0.00103378 0.00574568 
0.00657927 -0.0124 -0.0103715 
0.000586689 -0.0124 -0.028111 
0.0312456 -0.0108672 0.009388260000000001 
0.0271 -0.0009649529999999999 0.0296746 
0.00482501 -0.00608546 0.00544028 
0.0143746 0.0125106 -0.0236286 
0.0289274 -0.015 -0.009152560000000001 
-0.024892 0.00244766 0.0240584 
0.00500811 0.011904 0.0015 
-0.008529399999999999 -0.0178877 -0.0101892 
0.0146741 -0.0151071 -0.00419022 
0.0287517 0.0124 -0.0290912 
0.0271 -0.00326129 0.0266671 
-0.00456205 0.0147797 -0.00164958 
0.0163398 -0.0124 -0.00442454 
0.00430202 0.0153717 -0.00738264 
0.0155965 0.0127085 -0.0204131 
0.00542305 0.0151466 -0.0310421 
0.00669504 0.00673876 0.0015 
-0.0234282 -0.0118176 0.000250533 
-0.0192839 0.00237738 0.0314577 
-0.0243174 -0.00456328 0.0385285 
-0.0192407 -0.000164984 0.0321959 
0.0266263 -0.00558011 -0.0344 
-0.0104144 -0.00959574 -0.00165691 
0.0324744 -0.015 -0.0169141 
0.0340377  0.015 -0.0105688 
0.0300272 -0.0121582 -0.0303 
-0.00206292 -0.0151321 -0.00412802 
-0.00387204 0.0124 -0.0202612 
0.0181 -0.00169574 0.00629613 
0.00339653 -0.00284044 0.00586677 
-0.00093629 0.005294 0.0015 
-0.0271 -0.00461422 0.01453 
0.0219265 0.00529137 0.0203742 
-0.008215210000000001  -0.02 -0.011911 
0.0169911 -0.0124 -0.00422466 
0.0212729 0.00699925 0.0347059 
-0.0137959 0.0129603 -0.00227575 
-0.00117533 -0.0151221 -0.00233839 
0.0204337  0.012 0.0200995 
-0.0163066 0.00642002 0.000400647 
-0.0271 -0.00101997 -0.0052889 
-0.0111823 -0.0117916 0.0037023 
-0.0128493 -0.015002 -0.0206004 
0.0271 0.00358678 0.0262262 
0.0218757 -0.00642978 -0.0314 
-0.0165998 0.00293276 0.0122487 
0.0234505 -0.00499026 0.0203511 
-0.0183999 -0.0119973 0.0184296 
0.0137331 0.00595124 -0.033401 
0.0269152 -0.004 0.00351794 
0.0126948 -0.015264 -0.0212622 
0.022181 -0.015 -0.0231752 
-0.0205623 -0.0119925 0.0282243 
0.0288795  0.015 -0.0146966 
0.015604 -0.0141919 -0.0347958 
0.025032 -0.0124 -0.00661279 
0.0219732 0.00100099 -0.0344 
-0.000830064  -0.02 -0.0148481 
-0.0203387 0.012886 -0.0101866 
-0.0230674 -0.00587914 0.030415 
0.0262334 0.0124 -0.0227575 
0.03345 0.00311487 -0.0314 
0.0258018 -0.015 -0.0288513 
0.00263001 -0.0103759 0.0015 
0.0348429 -0.00309728 -0.0342661 
-0.00924064 -0.0179135 -0.0113439 
0.0196243 -0.015 -0.0248619 
0.0287736 -0.00284558 0.0049 
-0.0211 0.00442098 0.0252554 
-0.00917284 -0.0195426 -0.0135355 
0.00362177 -0.0152819 -0.00134087 
-0.022786 0.00351013 0.0253314 
0.0224347 0.013504 -0.0344 
0.00497855 0.0152402 -0.0308589 
0.0189747 0.008161079999999999 0.0148976 
0.00621914 -0.0124 -0.0137279 
-0.0254723 0.009359569999999999 0.0331527 
-0.0181 0.00744129 0.0373458 
0.03034 0.00663259 0.0138003 
0.0187185  0.015 -0.000993095 
-0.0181 0.00557552 0.0367425 
0.0312083 -0.007 -0.0309268 
-0.00916348 -0.0147121 -0.00883576 
0.0207028 -0.0126877 -0.0238892 
-0.0270317 0.007818240000000001 0.0225376 
0.0243044 0.009551530000000001 0.0015 
-0.0181 0.00547596 0.0311757 
0.00274405 -0.00640905 0.00519924 
-0.00781154 0.0119394 -0.00362636 
0.0290122 -0.00802657 0.0161243 
0.00998456 -0.0154016 -0.0259745 
0.0210315 0.00440269 0.0245538 
-0.0215142 0.00410059 0.0256108 
0.0207902 -0.0131473 -0.00194609 
0.011323 0.0153159 -0.0207551 
0.0246814 0.00698599 0.0034 
0.0255947 0.009570779999999999 0.0104398 
-0.00483206 -0.0191347 -0.0102643 
-0.0183689 -0.0119973 0.000151219 
0.013419 -0.0140875 -0.0223738 
0.0294819 -0.00928706 -0.0303 
-0.020247 0.009945219999999999 -0.0176484 
0.0300834 -0.0134218 -0.0344 
0.0184469 -0.00360755 0.0338179 
0.0271 0.00206793 0.0342513 
-0.020222 -0.00480514 0.0313565 
0.0211 0.00581159 0.0253206 
-0.00163061 -0.0105729 0.0015 
0.0312774 -0.0057901 -0.0344 
-0.00277482 0.0124 0.00084488 
-0.0124231 0.00187198 0.0015 
0.0133008 -0.0151941 -0.0113107 
0.012197 0.00851464 -0.0315231 
0.0174557 -0.0124 0.000134522 
0.018379 0.00191217 -0.0343674 
0.0300317 0.00985187 0.0107052 
-0.00871599 0.00747665 0.00469756 
0.0253877 -0.0106947 0.0291439 
0.0276137 0.0124 -0.00397149 
-0.0248436 -0.008535259999999999 -0.0118282 
0.0234034 0.00766716 -0.0303 
-0.0170635 -0.00975788 -0.0204142 
0.0181 0.00155839 0.0345179 
0.0181 0.00221356 0.0205471 
0.0294272 -0.00932711 -0.0328 
0.0152565 0.0135799 -0.0207193 
-0.0220292 -0.0119973 -0.00349668 
0.0241285  0.015 -0.007899629999999999 
-0.00297745 -0.0152574 -0.00964597 
-0.0245372 -0.00689628 0.0310796 
0.00163794 -0.0124 -0.0129546 
0.0192228 -0.0124342 -0.017148 
0.0188516 0.0124 -0.000961355 
-0.00125423  -0.02 -0.0111015 
-0.0205228 0.00105584 0.0015 
-0.0148279 0.00786799 -0.00649331 
-0.0118168 0.00156888 0.00573462 
-0.00835207 -0.0153711 -0.0223706 
0.0015714 0.0156395 -0.0285422 
0.01644 -0.007 -0.0306984 
-0.0224574 0.00623408 0.038234 
0.0181 -0.00730336 0.0144363 
0.0294884  0.015 -0.0125116 
0.00156766 -0.0123306 0.00361416 
-0.0271 -0.00262095 0.00990222 
0.0127949 0.0152616 -0.0213509 
0.00761482 0.0154299 -0.0190382 
-0.0181 -0.0118124 0.0285328 
0.0202353 0.0074 0.0128364 
0.0123973 -0.0124 -0.0157141 
0.0279468 -0.0122636 -0.0344 
-0.0215754 0.00126038 -0.0103943 
-0.0182129 0.00950026 0.0311 
-0.0236957 0.0043797 0.0355872 
0.0164838 0.01507 -0.015172 
-0.00510699 0.0124 -0.0130975 
-0.0102927 -0.0138565 -0.00229228 
-0.009215660000000001 0.0127673 0.00270944 
-0.0207814 0.00203794 -0.00460016 
-0.00998362 0.00998366 -0.0236821 
0.00771352 0.0154742 -0.0251479 
0.0233738 -0.00240596 0.0395763 
-0.00402053 0.0124 -0.0240622 
0.033296 0.0050786 -0.0314 
0.0200489  0.004 0.00390562 
-0.00609082 -0.0124 -0.00039908 
-0.00774872 -0.011996 -0.00271781 
7.55973e-05 -0.0124 0.00110895 
-0.0084469 -0.0113673 -0.0135552 
-0.00509109 -0.00117328 0.0015 
-0.0216728 -0.00223893 -0.0162343 
0.0344867 -0.014995 -0.00279606 
0.0181 -0.008471040000000001 0.0129716 
0.0220666 -0.0119973 0.00450699 
-0.0224146 0.00356637 0.0394389 
-0.0269987 0.009826430000000001 -0.00503902 
0.0147369 0.0124 -0.0109396 
-0.00712823 -0.0124 -0.0133597 
0.0330936 0.005306 -0.0344 
-0.0157097 0.009962550000000001 0.00318004 
0.0123183 -0.0133705 -0.0375893 
-0.0252654 0.0106903 0.0299102 
0.00434845 -0.0153113 -0.00284144 
0.0280868 0.00618769 -0.0344 
-0.00122826 0.0124 -0.0157401 
-0.00482353 0.0129172 0.00316102 
-0.0205423 0.00561197 0.0215944 
0.0294588 0.00762283 0.0034 
0.0340655 -0.0124 -0.0177831 
0.0144835 -0.0143989 -0.00762468 
0.0242267 -0.00764453 0.0231704 
-0.009177050000000001 -0.0160554 -0.0203074 
0.0201 0.00708664 0.0285664 
-0.0199378 -0.00286407 -0.0150646 
0.0152819 0.0151196 -0.0114479 
-0.026504 0.00465649 0.0257324 
0.0219866 0.00595203 0.0354543 
-0.0173512 0.0136097 -0.0108401 
0.00303614 -0.0171407 -0.019487 
-0.00112496 -0.0124 -0.00229952 
0.0181 -0.00470845 0.0139091 
0.0121466 -0.0124 -0.0130306 
-0.0256391 0.00761642 0.0325393 
0.0192961 -0.0134632 -0.0113652 
-0.00591666 0.0124396 -0.0265584 
0.0201 0.0111077 0.0287955 
-0.0250736 -0.0110123 0.0159621 
-0.0199624 -0.0119973 0.00192244 
0.0297625 -0.0124 -0.0279095 
0.0296166 -0.015 -0.000211703 
0.0227592 -0.00247233 0.031882 
-0.0124508 0.0094 -0.0079576 
-0.0186409 0.00413406 0.000838057 
0.0268179  0.015 -0.00831641 
0.0289059 0.0124 -0.00492178 
0.0275923 -0.015 -0.0220454 
-0.00941704 -0.0153231 -0.0225586 
-0.0115116 -0.00473923 0.00543633 
0.00208197 0.0124 -0.00682481 
-0.008778920000000001 0.0126402 -0.0255454 
-0.0138036 -0.0149201 -0.022133 
-0.00533628 -0.00250422 0.0055524 
-0.0136447 0.00902668 -0.0217308 
0.00331379 -0.0124 -0.0192825 
0.0183844 -0.0119973 0.0225572 
-0.0153304 -0.0137808 -0.00914832 
-0.0211 0.00705342 0.0222405 
-0.000521623 -0.0124 -0.0131412 
0.00479334 -0.0154762 -0.0167874 
0.022413 -0.0119841 0.0262684 
-0.0149448 0.0129162 -0.00345697 
0.0272328 0.0124 -0.00561713 
0.0340448 0.0124 -0.00431147 
0.033333 0.0124 -0.0149154 
-0.00690774 0.0125437 -0.0262866 
0.00939123 -0.0153218 -0.0117745 
0.00508897 -0.0154814 -0.0176635 
0.0249657 0.0106873 0.0309689 
0.0222038  0.015 0.00231935 
0.0110747 -0.0124 -0.0219898 
-0.0134705 -0.00919727 0.000234098 
0.0261109  0.015 0.00073014 
-0.00439994 -0.0139548 0.00215484 
0.0352 -0.009011099999999999 -0.0316999 
-0.00969881 -0.00550884 0.005044 
0.0181 0.00383564 0.0179312 
0.0201 0.00207845 0.0244497 
-0.0270518 0.00765893 0.008386340000000001 
-0.0228178 0.0119466 0.00550486 
-0.0183478 -0.00442105 -0.00417985 
-0.0261651 0.009909609999999999 0.008459690000000001 
0.034456 -0.0121541 0.00408926 
0.00773465 0.0154825 -0.027014 
-0.0218015 -0.00225207 0.0330029 
0.0313083 -0.00157344 -0.0322 
-0.00151621 -0.0199906 -0.0200377 
0.0199823 -0.0124 -0.0161061 
0.0271 -0.0023901 0.0272176 
-0.0211785 -0.0119973 0.0250746 
0.00257101 0.0146693 0.00183602 
0.0181 -0.0119192 0.0255501 
0.00888777 0.0124 -0.0112449 
-0.00601589 0.0112927 0.00390017 
0.027928 0.00140896 0.0194565 
-0.0189931 -0.00197654 0.0317041 
-0.0202938 -0.00451453 0.0391174 
-0.00948478 -0.0142611 -0.00413844 
-0.0175919 0.0134006 -0.00962317 
0.0248947 0.0124 -0.0230458 
0.014564 0.000814846 -0.0335976 
-0.0132992 -0.009365 -0.0212423 
-0.0187962 -0.00580806 0.0316013 
-0.00228882 0.0106198 0.00397079 
-0.00301634 -0.00966376 0.00419 
-0.0149819 0.00771718 -0.0179245 
0.0189506 0.00134617 0.0240248 
0.0239523 0.00556885 0.0256759 
-0.00203612 -0.00096241 0.00609659 
-0.008813710000000001 -0.0110371 -0.0154584 
-0.0186294 0.00675674 0.0311 
-0.0247063 0.00634255 0.0306382 
-0.0178151 0.00474729 0.0192064 
-0.0177068 -0.00504877 0.00137777 
-0.0271 0.00548323 0.00378154 
-0.0164476 0.00247241 0.0108483 
0.0265568 0.00670127 0.0308955 
0.0243315 -0.0119973 0.0120751 
0.0030711 -0.0168817 -0.0113097 
0.0243523  0.015 -0.0283177 
-0.0227832 7.75819e-05 -0.000452321 
0.0146279 -0.0150977 -0.00100555 
0.0181885 -0.00625697 0.0338719 
-0.0271 -0.00357631 0.028116 
-0.00388214 0.0124 -0.0252225 
-0.000676403 0.009951110000000001 0.0015 
0.000308645 0.0124 -0.00575647 
-0.0271 -0.0043559 0.008731239999999999 
-0.0202065 -0.0119973 0.0203369 
0.0232089 0.0100227 -0.0303 
0.00339653 0.000285079 0.00451256 
0.0214336 -0.00295678 0.0212325 
-0.0190541 0.00317242 0.0015 
-0.0137438 0.014861 -0.0196547 
-0.0210308 0.0017937 -0.0047683 
-0.0267088 0.00892655 0.00411471 
0.0340554 8.15254e-05 0.008530390000000001 
0.0352 0.0127132 0.00149553 
-0.0258323 0.0103207 0.0178895 
-0.00769706 -0.0120425 -0.008454990000000001 
0.0256955 -0.00576386 -0.0314 
0.0135773 0.0151826 -0.0107655 
-0.0211329 0.00512209 -0.0167871 
0.0329342  0.015 -0.00703744 
0.0181 0.00984646 0.032662 
-0.0227443 0.00626767 0.0305948 
-0.0226412 -0.000216677 -0.0127269 
0.0138972 0.0029464 -0.0314 
-0.0254137 0.00440771 0.0204075 
0.0352 0.0139358 -0.0322017 
0.00687454 -0.0144172 0.00232871 
-0.0266224 0.00973688 -0.00442296 
-0.00688935 0.0143994 -0.0012911 
0.00742204 0.0124 -0.0131259 
0.00411319 0.0155156 -0.02067 
-0.0124316 -0.0139606 -0.00626042 
0.0347329 0.0149273 -0.00976556 
-0.0193093 0.00347949 -0.0133903 
-0.00758685  -0.02 -0.0176308 
-0.0181 0.00762124 0.0322747 
0.0276021 -0.015 -0.0199716 
-0.009423010000000001 -0.0144902 -0.00649292 
-0.0211516 -0.0119973 0.00708556 
0.0181 0.00716559 0.0157452 
0.013535 -0.0112595 0.00429224 
0.0238771 0.00311843 -0.0314 
0.0162933 -0.00327069 -0.0339987 
-0.0271 0.00676858 -0.00482273 
0.0344776 -0.004 0.00355568 
-0.009079739999999999 -0.0112555 0.00391639 
-0.0181 -0.00583475 0.028533 
0.0269391 0.0126787 -0.0182741 
0.00534259 -0.0124 -0.0189249 
-0.0213027  0.012 0.00292664 
0.0338697 -0.015 -0.030623 
0.0201 -0.0035567 0.0265924 
0.0314645 -0.0124 -0.0105403 
-0.0190805 0.000645592 0.0015 
0.0195286 0.0105079 0.0311 
0.0138164 -0.0124 -0.0150675 
0.00264753 -0.0124 -0.0257937 
0.00603068 -0.0154935 -0.0213544 
0.0305398 -0.0124 -0.0189636 
-0.0181 0.00223043 0.0228678 
-0.0244092 -0.00421384 0.0386146 
0.0235975 0.00854005 0.00995451 
-0.0215709  0.012 0.0253342 
0.00417554 -0.0154675 -0.0152707 
0.0279268 -0.0119973 0.00477535 
0.00430769 0.0134648 0.00315122 
0.022424 -0.00317178 0.0049 
0.0336587 -0.0124 -0.000355647 
-0.0262969 0.00189232 -0.009085319999999999 
-0.00207464 -0.00626476 0.00493769 
0.00743149 0.0124 -0.00335667 
-0.00180876 -0.0156287 -0.0272206 
0.0273749 0.00813083 -0.0344 
0.0316937 -0.0124 -0.0241302 
0.0345373  0.004 0.00465384 
-0.00840289 0.0130703 0.00246907 
0.00921728 0.0124 -0.0247992 
0.0251461 -0.00719935 0.0362492 
-0.00709295 -0.0124 -0.0112654 
0.0294741 0.0124 0.000142027 
-0.0177229 -0.0129121 -0.00693878 
-0.0203494 0.0023135 0.0397697 
-0.00486684 -0.00219964 0.00563109 
-0.0267648 0.008791419999999999 0.011334 
0.0216506 0.0124 -0.0252035 
0.0181 -0.0008884710000000001 0.0360124 
0.0271 -0.000885219 0.0282444 
0.00476201 -0.0125303 -0.0307508 
-0.0238281 0.00592337 -0.0134555 
-0.0194202 -0.00335787 0.0228953 
-0.00590135 0.0104602 0.00406402 
0.0286535 0.0111421 0.0114118 
0.0155487 -0.0102085 -0.0363009 
0.0181 -0.00563658 0.014534 
0.0305964  0.015 -0.0107981 
-0.0181 -0.00910301 0.0264763 
0.0338053 -0.015 -0.00714804 
-0.00289724 -0.0153961 -0.0154533 
-0.0239503 -0.000719756 -0.013389 
0.0199981 0.0124 -0.013194 
-0.008159110000000001 0.0116265 -0.0160408 
0.0281054 0.0119737 0.009017310000000001 
0.0187253 0.00154579 0.0398922 
-0.0159553 0.00676395 -0.009700830000000001 
0.00550951 0.0124 -0.0153718 
0.0206585 -0.00101797 0.0399494 
0.0147149 -0.0151686 -0.0195863 
0.0348014 -0.00898972 -0.034292 
0.0183549 0.00535276 0.0387351 
0.0224589 0.0124 -0.0112375 
0.019869 -0.015 -0.0160566 
0.0286901 -0.0119973 0.00599463 
0.0349976 -0.0147309 -0.0113406 
-0.0181 -0.00464676 0.0299517 
0.0176002 0.0124 -0.0148424 
0.00409026 -0.0095996 0.0043885 
0.0221374 -0.00418557 0.0034 
0.0111534 -0.0152613 -0.009656980000000001 
0.000842815  -0.02 -0.0128445 
0.0197546 -0.000368413 0.0238202 
-0.0265223 -0.00728901 0.0243984 
0.017596 0.0114058 -0.0342741 
-0.00611073 0.0124 -0.00887641 
0.0241532 -0.0124451 -0.0207825 
-0.0149014 -0.0136216 -0.00727762 
-0.0101035 0.009875689999999999 -0.0120073 
0.0257367  0.015 -0.0326022 
0.0181 -0.00269369 0.0236245 
0.0251268 0.00304816 0.0049 
0.0227211 0.00681059 0.0210968 
0.00305362 -0.0163732 -0.0170947 
0.0198276 -0.015 -0.028598 
0.0185824 -0.008932860000000001 -0.0303 
0.0185076 0.0106201 0.0139055 
0.0292868 -0.015 -0.0162444 
-0.0194072 -0.00364709 0.0320216 
-0.00772173 -0.0120203 -0.009774629999999999 
-0.0201 0.00116731 0.0292295 
0.0233423 -0.0119973 0.0134439 
-0.0166 -0.0103013 0.0147015 
-0.0166 -0.009670440000000001 0.0157415 
0.00697474 -0.0124 -0.0282235 
0.00462602 0.00466021 0.00483116 
0.0271496 0.0124 -0.00812099 
-0.000342988 0.0059679 0.0015 
0.0181 0.00798841 0.00390574 
0.018484 0.0124 -0.0302786 
-0.00465215 -0.0146756 -0.000519204 
0.0243973 -0.00701236 0.0312077 
0.026486 0.0124 -0.02342 
0.0337356 0.00246456 -0.0344 
-0.0153129 -4.69528e-05 0.00822465 
0.0181 0.00170925 0.00694262 
-0.00795014 -0.0118146 -7.87635e-05 
0.0130105 -0.0151821 -0.00707658 
0.0128205  0.011 0.00276974 
0.0336617 -0.0108783 -0.0344 
0.0143569 0.0147924 -0.0215293 
-0.00372618 0.015162 -0.008171960000000001 
0.0192923 -0.015 0.00150409 
0.0197476 0.00747305 0.0373755 
-0.00031466 0.0153817 -0.0110584 
0.028185 -0.00229235 0.0186247 
0.00587232 -0.015523 -0.0242212 
-0.000770105 -0.0175125 -0.0109444 
-0.00653538 -0.0147408 -0.00456153 
0.0112753 0.0108898 -0.0303 
-0.0214286 0.00731388 0.0375075 
0.0219036 0.0146348 -0.022808 
0.0282519 -0.00635436 0.0184219 
-0.00170964 -0.0104388 0.00406539 
-0.0181 -0.00686732 0.0366495 
-0.0271 -0.000908903 0.0279368 
0.0289421 -0.0124 -0.00600844 
0.0292612 -0.00494285 0.0158187 
-0.022346 -0.00691856 0.0212058 
0.00191983 0.00449154 0.00561345 
0.0299664 -0.0133309 0.00361381 
0.0197283 -0.00411179 0.0271552 
0.00498794 -0.0152946 -0.00140749 
0.0161399 -0.0124 0.00112746 
0.0251949 -0.015 -0.0283274 
-0.008054489999999999 0.008121400000000001 0.0015 
0.0113917 0.0124 0.00148111 
0.021802 -0.015 -0.0252813 
0.00312867 -0.015562 -0.0213075 
0.0211384  0.012 0.0188657 
0.0201677 -0.00849039 -0.0303 
-0.0271 -0.00256095 -0.00253656 
0.00766731 0.0153993 -0.0159486 
-0.0234335 -0.0076407 0.033157 
0.0236821 -0.00523782 0.025733 
0.0291249 -0.00108398 -0.0344 
0.0277282 0.0124 -0.0265502 
-0.0271 -0.00378573 0.00631663 
0.0326528 -0.0124 -0.0159067 
-0.0271 0.00530424 -0.000521171 
0.0352 0.00484902 0.00384084 
-0.0226777 0.0119659 -0.00604933 
0.0153951 -0.0124 -0.0119508 
-0.0221719 -0.0119962 0.00377918 
0.0315544 -0.015 -0.0327668 
0.0203899 -0.0124 -0.0256235 
0.0100742 0.0124 -0.00177007 
0.0226225 -0.0100685 0.0015 
0.0145107 -0.0124 -0.00480427 
0.0338605 -0.015 -0.0269602 
0.00340587 -0.0153161 -0.00367156 
-0.0181 -0.00517738 0.0276481 
-0.0235507 -0.0117799 0.00760286 
0.0201 0.0102461 0.0279985 
0.0126654 0.0151604 -0.00225552 
-0.00469438 0.0154022 -0.0180237 
0.0269853 -0.0124 -0.00740953 
-0.0182855 -0.00353669 0.0302645 
-0.0195488 -0.0136699 -0.0145715 
0.00104118 -0.0150032 -0.0296626 
0.0317527  0.015 -0.015987 
-0.0241316 0.0115658 0.0161473 
0.00928034 0.0153411 -0.0132455 
-0.0231074 -0.0112035 -0.0144026 
-0.00498321 0.0124 -0.0192517 
-0.0166 -0.00263479 0.0146611 
0.0222824  0.015 -0.031757 
0.0145464 -0.0104945 -0.0303 
0.0116218 -0.0151729 -2.69732e-05 
-0.0256399 0.0105307 0.0252098 
0.0346406 0.0149626 -0.0219037 
-0.0263416 -0.0106104 -0.008686630000000001 
0.0257068 -0.0106602 0.0223921 
-0.0141728 -0.00460409 0.0015 
-0.00136038 -0.0155902 -0.0173203 
-0.00857869 0.0112487 -0.0229504 
-0.00486494 -0.0157741 -0.01838 
0.0149892 0.014684 0.00186892 
-0.00779754 0.00186572 0.0015 
0.0201 0.00116128 0.024363 
-0.0245906 0.0113353 0.0123179 
-0.0206075  0.012 0.0199732 
-0.0166 0.010635 0.0190009 
-0.0166 -0.009793609999999999 0.00985223 
0.0212913 -0.008999999999999999 0.00296771 
0.0312564  0.015 0.00203254 
-0.0255372 0.010626 0.00148118 
0.0208491 0.0124 -0.026755 
0.0181 -0.0109787 0.0214213 
0.0138418 0.00324691 -0.0317019 
-0.0270812 -0.00681526 0.0309653 
0.0231784 0.00231246 0.023617 
-0.0271 0.0043052 -0.00357917 
0.0352 0.0117631 -0.0308836 
0.0328704 -0.015 -0.00721396 
0.0181 0.0114118 0.00477107 
0.0235275  0.015 -0.0125212 
-0.00604435 0.0124 -0.0196489 
-0.0249363 -0.00762456 0.022689 
0.0181 -0.0106882 0.0282258 
0.0352 0.00175359 -0.032832 
0.0213767 -0.015 -0.0323247 
0.0294362  0.012 0.00580139 
0.00141419 -0.0109647 0.0015 
0.0308589 -0.0124 -0.00469146 
-0.00457019 -0.0124 -0.00587677 
-0.0271 -0.00775435 -0.00638363 
-0.0261838 -0.00299066 0.031095 
-0.00427211 -0.015061 -0.00645951 
0.00304956 -0.0185317 -0.0163477 
-0.00360345 0.009198 0.00427667 
0.0338529 0.0127368 -0.0344 
-0.0201 -0.000207148 0.0250222 
-0.00572772 -0.0152313 -0.0102173 
0.0352 -0.0127475 -0.00252095 
0.01315 -0.0124 0.0011273 
0.0203491 -0.0124 0.000113725 
0.0134896 0.0124 -0.0113233 
-0.0211 0.00708585 0.0227697 
-0.025116 0.00406946 0.025601 
0.0146954 -0.0137028 0.00314958 
-0.011443 -0.0146436 -0.0117791 
-0.009342019999999999 -0.0105614 -0.00714299 
-0.000203677  -0.02 -0.0178575 
0.007857670000000001 0.0153977 -0.016418 
-0.00161541 -0.0128376 -0.0286836 
-0.0151796 -0.00974918 0.00380224 
-0.0181 -0.00118121 0.0355689 
0.0166535 0.0124611 -0.00567081 
-0.0248927 0.00363237 0.0353059 
-0.0182334 -0.0117969 0.0301453 
0.026952 0.0124 8.34072e-05 
-0.0160392 0.00668186 -0.00148309 
0.0316299  0.015 -0.0302483 
-0.0215664  0.012 -0.0017352 
0.00735434 0.014996 0.00131757 
0.0288806 0.0109829 0.0015 
-0.0181 0.00300903 0.0214407 
-0.00205532 -0.0154531 -0.0165547 
0.00103596 -0.0152009 -0.000859911 
0.0351951 0.014126 0.00282781 
0.0343182 -0.0122763 0.00403986 
0.0140167 0.0124 -0.00130103 
-0.009839199999999999 0.0134446 0.000453337 
-0.00329779 0.0124077 -0.0276041 
-0.0201493 -0.00265693 -0.0133274 
0.0285072 0.00521596 0.0176477 
-0.00773218 -0.0120109 -0.00305779 
-0.0172757 -0.0121673 -0.0202404 
-0.0201374 -0.00266857 -0.00337194 
-0.0271 0.000170024 0.0338556 
-0.00644047 -0.0124 -0.00970005 
0.00977631 0.0150482 -0.0322474 
0.0117642 -0.0122574 0.0015 
0.0328432 -0.010249 0.00824366 
0.0246136 0.014383 -0.0343785 
-0.00484597 -0.015926 -0.0139423 
0.0153384 -0.0123552 -0.0303 
-0.000768347 0.0138509 0.0026565 
0.0181 -0.0071912 0.0303806 
0.0159774 -0.0147516 -0.0343284 
0.0258814 -0.00388162 0.0304725 
0.0286845 -0.009301749999999999 -0.0325547 
-0.0195232 0.008682230000000001 -0.018331 
0.0181 0.00110013 0.0321656 
-0.0134627 0.0146426 -0.015408 
-0.0175455 -0.0129379 -0.00686277 
0.027304 -0.00154456 0.0224979 
-0.0165946 -0.0012073 0.012098 
-0.0102062 -0.00978324 -0.0062653 
-0.018547 -0.0119973 0.0005232770000000001 
0.0219754 0.0033761 0.0307572 
0.00727172 0.0124 -0.0182549 
0.0100123 -0.0124 -0.0191881 
0.0103496 0.0153155 -0.0138783 
0.00711604 -0.0152996 -0.00395653 
-0.0195812 0.000956605 0.0399528 
0.0181532 -0.0098744 -0.0303 
0.0295122 -0.0111084 -0.0314026 
0.0234548 0.0133065 -0.0344 
-0.00868113 -0.0163044 -0.0101886 
0.0352 0.013195 -0.0255536 
0.0187866 0.00116523 0.0399384 
-0.008615690000000001 -0.0112153 -0.0244178 
-0.0191332 -0.0119973 0.0133575 
-0.0271 -0.00271192 0.0192117 
0.008992780000000001 -0.0138585 -0.0321757 
-0.00924614 -0.0183733 -0.01263 
0.0215655 -0.00301762 0.0310656 
-0.00381965 0.0124 -0.0175062 
0.0343674 0.0124 -0.0183322 
-0.0271 0.00394586 0.0267056 
0.0169583 0.0113012 -0.0341506 
-0.0211 0.00559553 0.0310717 
0.00628919 -0.0124 -0.0222196 
-0.0258613 0.0065673 0.0208914 
0.00603974 0.0124 -0.00536032 
0.0118403 0.0127678 -0.0329207 
0.0324656 -0.004 0.00375802 
0.0295945 -0.000907412 -0.0344 
0.0215997 -0.0124 -0.0101776 
-0.00779522 0.0111897 0.0015 
-0.00616392 -0.0124 -0.0112891 
0.030118 0.00739645 0.0133213 
0.0163594 -0.014384 -0.0116251 
0.0249643  0.015 -0.0286754 
-0.0154252 0.00828958 0.0053374 
0.0181 -0.00579075 0.0272665 
-0.0223405 -0.00296323 -0.0154626 
0.0055515 0.0124 -0.00585597 
0.0282599 0.00181706 -0.0344 
0.0341591 -0.004 0.00423167 
-0.0184709 -0.00367753 0.0339176 
0.0240835 0.0124 0.00135662 
-0.0190139 0.00376878 -0.0156554 
0.0067799 -0.0124 -0.022447 
-0.0239506 0.00688762 0.037382 
0.024466 0.00482258 0.0383234 
0.0270774  0.012 0.00416256 
0.0224288 0.00756804 0.0336051 
0.000493956 -0.0124 -0.0051277 
0.00667072 -0.0134714 0.00319913 
-0.0268663 0.008498749999999999 0.0084241 
-0.00409671 0.0124 -0.008055329999999999 
0.00667853 -0.0124 -0.00286992 
0.0181 -0.00547983 0.00532873 
0.0103528 0.0144012 0.00237674 
0.0191637 0.0131347 -0.0252751 
-0.0121468 -0.0102266 0.00483079 
-0.0181 0.00300527 0.0240485 
0.0119855 -0.0153273 -0.027459 
0.00448589 0.0156055 -0.0296093 
0.0274309 -0.00419723 0.0204579 
0.0334796 -0.00785689 -0.0303 
0.0221901 -0.00186409 -0.0344 
0.034267 0.0112969 0.00443559 
0.00939715 -0.0152414 -0.00288748 
0.0158144 0.0128123 0.00375757 
-0.0255582 0.00802244 0.0349231 
0.0323275 -0.0124 -0.0188401 
-0.0271 -0.00212649 0.00535489 
-0.0268411 -0.00857745 0.0216974 
-0.0027083 0.0155819 -0.0249766 
0.0191774 -0.0024505 0.0397374 
0.00530942 0.00532944 0.00290228 
0.0343974 -0.00554486 -0.0344 
-0.0181 -0.009588350000000001 0.022508 
0.0268796 -0.00758433 0.0236395 
0.00836814 0.0111922 0.0015 
0.008949789999999999 0.0124 -0.0225076 
0.0299501 0.013593 0.0035079 
-0.0100419 0.0138119 -0.0016677 
0.00911587 0.0153768 -0.0168058 
-0.00169494 0.00962493 0.0015 
-0.0242515 -0.00886239 -0.0128075 
0.0215573 -0.00611512 -0.0344 
-0.00631658 -0.0124 -0.0223178 
0.0156535 0.0124 -0.000877968 
-0.00709478 -0.0137185 -0.0263597 
0.0181 -0.0108948 0.0308051 
0.00948769 0.0153502 -0.0149107 
0.0181 -0.00312669 0.0200549 
0.0178371 -0.011 0.00373809 
0.0266031 0.000471935 0.0371476 
-0.0181 -0.0102087 0.0301487 
-0.0127934 -0.0147507 -0.0160523 
0.0160573 0.015086 -0.0128917 
0.00647012 -0.0124 -0.00958345 
0.0253424 -0.0129504 -0.00592103 
0.0211 0.00716901 0.031869 
0.0254437 0.008888760000000001 0.0149473 
-0.0181 -0.00395564 0.0296436 
0.00368877 0.0124 -0.0201046 
-0.0166 -0.00610337 0.0193265 
-0.00626504 0.0124 -0.0205262 
0.0299235 -0.00852608 -0.0328 
-0.00893424 -0.0153815 -0.023804 
-0.0226892 0.0112616 0.032011 
0.0271479 -0.008459319999999999 0.0221233 
-0.0188361 0.0039429 -0.00282011 
-0.0151451 0.0075574 -0.0156219 
0.0157538 -0.0151413 -0.0311629 
0.0207388 -0.0124 -0.00183996 
0.0256165 0.010553 0.0277553 
-0.0252973 -0.010841 0.00458863 
0.00509794 0.00512235 0.00218151 
0.0229519 -0.0095472 0.0351473 
0.027665  0.012 0.00487166 
0.0246241 0.0113745 0.0233958 
0.008127550000000001 0.0152923 -0.00469726 
0.0206618 0.0074 0.0132391 
0.0105203 -0.0152329 -0.00446511 
0.0329963 0.0090627 0.0015 
0.0271 -0.00124972 0.0292586 
0.00312269 0.010757 0.0015 
0.0102414 0.015415 -0.0317728 
-0.0164541 -0.0128965 -0.0208564 
-0.00775404 -0.0119912 -0.0126444 
0.0334234 0.00908728 0.0015 
-0.0181906 0.00457505 -0.0159728 
-0.0181 -0.00675633 0.0311894 
0.0218447 0.00457635 0.0390837 
-0.0139591 0.00871886 -0.0187987 
-0.0100375 -0.0030536 0.0015 
0.009226109999999999 0.0153858 -0.0191765 
0.00498587 0.0124 -0.0144478 
0.0208067 0.000809668 0.0049 
-0.00900893 0.0142998 -0.00372001 
0.0316138 0.00266438 0.0118899 
-0.0176055 -0.0140639 -0.0198326 
0.0202296  0.015 -0.0335865 
0.00448698 -0.0126474 -0.0307601 
-0.00625814 -0.00827641 0.0015 
0.00114351 -0.0124 -0.0233117 
-0.0271 -0.00442462 0.00603761 
-0.0271 -0.00684752 0.00632011 
0.00521907 0.0154256 -0.0131106 
0.0263382 -0.0114056 0.0159399 
0.0199554  0.012 0.0202643 
0.0181 -0.00164708 0.0183763 
-0.00789835 0.0118612 -0.0126507 
-0.0249837 0.00407535 0.038307 
0.0289927 -0.000995496 0.0049 
0.0298724 0.00136233 0.0146337 
-0.0159964 0.0133775 -0.00728034 
0.023953 -0.0119973 0.00561642 
-0.009688749999999999 0.0102492 -0.00399474 
0.0287574 0.00349376 0.0049 
-0.0271 -0.00633045 0.00132997 
-0.0271 -0.0054837 0.00987977 
-0.0242964 -0.00626716 0.020695 
0.020864 0.0112532 0.0321551 
-0.00445731 -0.008117030000000001 0.0015 
0.0281892 0.0124 -0.00524024 
-0.0161897 -0.012455 -0.00306115 
-0.0184105 -0.00166868 0.0318517 
0.0191 -0.014799 -0.0368588 
0.0127701 0.0152592 -0.0205813 
-0.0270738 0.00738588 0.0292282 
-0.0199996 -0.00280354 -0.00446851 
-0.0271 -0.00155878 0.0243907 
0.0102669 -0.0124 -0.0183094 
0.0297355 -0.015 -0.00505108 
0.0205403 -0.00992125 -0.0344 
0.00839232 0.0124 -0.024356 
-0.0234969 0.0118001 0.004338 
0.0310805 -0.009099619999999999 -0.0344 
-0.0269782 0.008075000000000001 0.008947109999999999 
-0.0119742 -0.0149573 -0.0181219 
0.0307038 -0.009702240000000001 0.0117858 
-0.0226765 0.0119647 -0.00231926 
0.0201 -0.000177525 0.0293056 
-0.0152414 0.00746314 -0.0106813 
0.0118742 0.0124 -0.00833513 
-0.00953975 -0.0146009 -0.00798519 
0.0139289 0.0124 -0.0136995 
0.0151495 0.0124 -0.00225484 
-0.0126476 0.01487 -0.017843 
-0.0093977 0.0105112 -0.0153282 
0.0117095  0.011 0.00316011 
0.0126807 -0.00741113 -0.03223 
0.0027007 0.015495 -0.0169516 
0.0324073 0.0124 -0.0130306 
0.0226176 -0.0143205 -0.0343907 
0.000112743  -0.02 -0.0124578 
-0.00378727 0.0124 -0.009206590000000001 
-0.0208696 -0.00762964 -0.0170383 
0.0129227 0.0124 -0.0172496 
0.00433366 0.008368509999999999 0.00477411 
0.00519031 -0.0124 -0.0263976 
0.0127858 0.0152392 -0.0163115 
-0.0218326 -0.0131039 -0.0156997 
0.0162647 -0.00059669 -0.0322 
-0.00563672 -0.0166774 -0.0140049 
-0.0271 -0.00325262 0.0187273 
-0.0052607 0.0124 -0.00694845 
0.022977 -0.0147042 -0.0342203 
-0.0190754 -0.00370858 -0.00105914 
-0.0271 0.00692499 0.0110772 
-0.0198393  0.012 -0.00471756 
-0.0201 0.00833941 0.028569 
0.0213213  0.004 0.00451112 
0.0137816 0.0124891 0.00384983 
0.0331103 0.0124 -0.0275276 
-0.0166 0.0076686 0.0201687 
0.0316221 -0.0124 -0.0227548 
-0.0100394 0.00993347 -0.0154297 
0.0154004 0.0151494 -0.0248877 
-0.0270356 0.00649197 0.0252661 
0.0148085 0.0149015 0.00133198 
0.00586071 0.0124 -0.00708256 
-0.0257702 0.0103378 0.0289441 
-0.00485683 -0.0156815 -0.0164826 
0.0308459 0.011433 0.008529429999999999 
0.0314034 -0.0124 -0.024558 
0.00468893 -0.0155409 -0.0232022 
0.025275 -0.0124 -0.0270339 
0.0265658 -0.00360725 0.0352921 
0.0186642 0.0107782 0.0015 
-0.00944396 -0.0155902 -0.0192038 
0.0221929 0.0125351 0.0039353 
0.0317342 -0.015 0.00153526 
0.00397005 0.0124 -0.00930159 
0.0271089  0.015 -0.0278511 
0.0140564 0.0124 -0.00185151 
-0.00166239 0.0155386 -0.0216007 
-0.0166 -0.0117512 0.0163246 
0.0239565  0.012 0.008511589999999999 
0.0186035 -0.00600067 0.0218452 
-0.0211 0.00282229 0.0334794 
0.0301309 0.00562926 -0.0314 
0.00234379 -0.00422893 0.0015 
-0.0271 0.00321837 0.0300052 
0.0126576 0.0124 -0.011998 
0.0257755 0.0106667 0.0219156 
0.0253542  0.015 -0.0332044 
0.0259792 -0.013068 -3.56436e-18 
-0.0110079 0.0150606 -0.0185427 
0.0338824 -0.015 -0.0292676 
0.0338347 -0.0124 -0.0115814 
0.0269704 -0.007 -0.0312007 
0.0315002 -0.015 -0.009243980000000001 
0.0116451 0.0127269 -0.0328738 
-0.0219757  0.012 0.0275427 
0.0181 -0.00242097 0.00720459 
-0.00348941 0.00716382 0.00469443 
0.009299669999999999 0.0153469 -0.0139525 
0.0181 0.00458837 0.0167063 
-0.00481756 -0.0124 -0.00347386 
0.0294764  0.015 -0.0115025 
0.0295394 -0.0124 0.00017382 
0.0268336 0.0105439 0.0015 
0.00434379 -0.0150183 0.00118867 
0.0306584 -0.0124 0.000285191 
0.0352 0.0135299 0.00353135 
0.0188035 -0.00468375 -0.0314 
0.00429808 -0.0153846 -0.00858663 
0.0210703 0.0116664 0.0307708 
0.0212104  0.004 0.00369756 
-0.00352009 -0.00822692 0.00446728 
0.0282549  0.015 -0.00715902 
-0.0171637 0.0131436 -0.00741587 
-0.0219659 -0.0119766 0.0287427 
-0.00759487 0.0152518 -0.0174677 
0.0147156 0.0124 -0.0244853 
0.0181 0.005024 0.0197217 
0.0229978 0.00397185 0.0205348 
-0.0208046 0.00386512 0.021876 
0.0191844 0.0124 -0.025509 
0.0352 -0.00989905 -0.0331374 
0.0118207 -0.0124 -0.0244803 
-0.0123437 0.014994 -0.0194918 
0.0244654 -0.00752314 0.0034 
-0.0166 0.009401079999999999 0.0175407 
-0.0188795 0.00390037 -6.8013e-05 
0.0299379 -0.0124 -0.009338030000000001 
0.0210048 0.008985379999999999 0.0100051 
0.008050989999999999 0.0124 -0.0175588 
0.0116042 -0.0128246 0.00366017 
0.0272698  0.015 0.000196898 
0.0290117  0.015 -0.0239047 
0.00947958 -0.0124 -0.0107995 
0.0314664 0.0124 -0.0103089 
0.022186 0.00712742 0.0214565 
0.0348185 0.008999999999999999 0.0031267 
-0.0128548 0.00158669 0.0015 
-0.018462 -0.0140309 -0.0162469 
-0.0203775 -0.011715 0.0305869 
0.0181 -0.011541 0.0200355 
0.0201 0.00798277 0.025264 
-0.00732429 -0.0123781 -0.0121346 
0.0152552 -0.0151299 -0.0154372 
0.0333568 -0.000651083 0.00966814 
0.0232344 0.000882268 0.039822 
-0.0018699 -0.018495 -0.0119592 
0.0274195 -5.2799e-05 -0.0322 
0.00801325 0.0154352 -0.0202865 
-0.00856082 0.0024451 0.00546671 
0.0147858 -0.0144676 -0.00735244 
-0.0132815 -0.00643391 0.0015 
-0.00149018 -0.00469157 0.0015 
0.033481 -0.00621681 -0.0344 
0.0334365 -0.015 -0.0143845 
0.0351253 0.0145375 -0.0075227 
-0.0271 -0.000138923 0.0347208 
0.0284346 -0.00037777 0.0178678 
0.0183047 -0.015 -0.00303647 
0.0234902 -0.0119973 0.00748683 
0.00426538 -0.0124 -0.00156879 
-0.0169847 -0.0119973 0.00216804 
0.00287017 -0.0197207 -0.0132074 
0.0278256  0.015 -0.0068983 
0.0181 -0.00459173 0.0036864 
0.00253588 0.0124 -0.015287 
0.008515989999999999 -0.009461789999999999 0.0015 
-0.0185599 0.0128429 -0.00759401 
-0.00329296 0.0142377 -0.0279896 
-0.0250036 -0.011067 0.0077973 
-0.0226786 -0.00018009 -0.0126639 
-0.0146826 -0.00801028 -0.0146118 
0.0352 -0.0134242 -0.0334998 
-0.0122965 0.00903351 0.00513934 
0.0220755 -0.00656598 0.0034 
-0.0164234 -0.00630561 -0.00918037 
0.0228876 0.00296831 0.0248806 
0.00644037 0.0124 -0.0245186 
-0.0271 -0.00420538 -0.00553203 
0.0201399 0.00346677 0.0335466 
-0.00401002 -0.00661741 0.00479033 
-0.00617872  -0.02 -0.0139177 
-0.0215123 -0.0119973 0.010526 
0.0262405 0.0124 -0.00776991 
0.0264992 0.00490883 0.0359765 
0.00213955 -0.0155628 -0.021714 
-0.00215146 -0.00220046 0.0015 
0.0186137 0.000187624 0.0399953 
-0.0271 -0.00526968 0.00170187 
-0.0163803 -0.014587 -0.0197318 
0.00230446  0.004 0.00335512 
0.0229856 -0.004935 0.0034 
-0.0221351 0.0119985 0.0257088 
0.0181 -0.0113299 0.0166719 
-0.0200883 0.007957519999999999 0.0369811 
0.0328541 0.0052922 -0.0344 
-0.00376658 0.00758195 0.0015 
0.015709 0.0124 -0.000524298 
0.0197867 0.0124 -0.0301065 
0.0306255 0.008999999999999999 0.00257042 
-0.0166 -0.0113452 0.0111872 
0.0299929 -0.000946384 -0.0322 
0.00928578 0.0111616 0.0015 
0.0315511 -0.00193196 -0.0344 
0.000744818 -0.00335822 0.0043 
0.000623698 -0.0118909 0.0037152 
0.00973717 0.0124 -0.00358198 
0.00741448 0.0124 -0.00304204 
0.0303914 0.00851674 0.0034 
0.00415951 0.0124 -0.0189103 
0.0329391 -5.26872e-06 0.0102257 
-0.00468164 -0.0194697 -0.0206589 
0.0347239 -0.0091401 0.0015 
0.0285842 -0.00661992 -0.0344 
-0.00485714 -0.00513767 0.0015 
0.0275641 -0.0100865 -0.0303 
0.0337408 0.011607 -0.0344 
0.0237503 0.0059021 0.0381178 
0.0248533 -0.0113652 0.0216023 
0.0299381 -0.0124 -0.0036361 
-0.0166 0.00815048 0.0152225 
0.0352 -0.0126995 -0.0255751 
-0.0151468 0.0105838 0.00261997 
0.0181 0.00459764 0.00553045 
0.0223537 -0.007 -0.0305644 
0.0141384 -0.0151084 -0.000245749 
0.0326786 -0.009471540000000001 0.00948327 
0.018993 -0.0127114 -0.0116381 
0.030127  0.015 0.0013808 
0.0316789 -0.0076016 -0.0303 
0.0132645 -0.0152616 -0.0270106 
-0.0247483 -0.0075778 0.0335661 
0.0218137 -0.0119907 0.0284584 
0.0272 -0.013071 -0.000292879 
-0.0257495 -0.0104086 0.00658411 
-0.0212505 -0.0119973 0.0066616 
0.00271099 -0.0156006 -0.0256005 
-0.0179082  0.012 0.0110166 
-0.0181 -0.008550200000000001 0.0228572 
-0.009488069999999999 -0.00920079 0.00450782 
0.00363721 -0.009583950000000001 0.0043597 
-0.0172994 0.014192 -0.01622 
0.0177713 0.0150206 -0.0320665 
0.0279549 -0.00204748 -0.0344 
-0.00153038 -0.0155365 -0.0205371 
0.014907 0.0026 -0.0321322 
0.0209697 -0.00957451 -0.0303 
0.0338151  0.015 -0.0248304 
0.0181 -0.00739129 0.0172117 
0.0281055 0.00558989 -0.0314 
-0.0246419 -0.0113025 -0.00522677 
-0.0203835 -0.00242762 -0.016174 
-0.0211 -0.00619602 0.035242 
0.0125375 -0.0111702 0.00428634 
-0.0109231 0.0094 -0.0190161 
0.0161911 -0.0026 -0.0314315 
-0.008858120000000001 0.0141522 -0.0022848 
0.00214216 0.0124 -0.00637034 
-0.0133233 -0.0140517 -0.0230015 
0.00588357 -0.0124 -0.025617 
-0.0262411 0.00979676 0.0169545 
0.0223248 -0.00145937 0.0049 
-0.0159951 -0.00672501 -0.00556713 
0.0352 0.0136873 -0.024685 
0.0294583 0.0035322 -0.0314 
-0.0183201 -0.00336452 0.0228448 
-0.0252039 0.010917 0.0143421 
0.0271 0.000897439 0.0348897 
-0.0163688 -0.00149765 0.0104894 
-0.0162603 0.00205265 0.0015 
-0.00205559 -0.0195939 -0.0161999 
-0.000494785 -0.0155765 -0.0225891 
0.000349943 0.0153457 -0.0086447 
0.0214785 0.00897968 0.0100029 
0.024116 0.00237362 0.0321499 
0.0269706 -0.00942893 0.0207156 
0.0346536 -0.0124 -0.00023719 
0.0302126 0.00386876 -0.0344 
0.0190308 -0.00477357 0.0313607 
0.000944988 0.0124 -0.016018 
-0.00667913 -0.00614342 0.004841 
0.0237074 -0.008689519999999999 -0.0344 
0.00314482 0.0154939 -0.0171747 
-0.00739188 -0.00803532 0.0015 
-0.0271 0.00585931 0.014571 
-0.0232803 0.0118549 0.009195409999999999 
0.0127742 -0.00797789 -0.0340652 
0.0294983 -0.009383300000000001 -0.0320498 
-0.00114964 -0.0177236 -0.0195745 
0.00652085 0.0153162 -0.00393301 
-0.00526159 0.0124 -0.0260568 
0.0115833 0.0152229 -0.006136 
-0.0233447 -0.0118399 0.00321297 
0.0340314 -0.0101841 -0.0344 
-0.009363669999999999 -0.00766877 0.0015 
0.00647827 0.0153608 -0.00809358 
-0.0271 0.00483882 0.00989137 
0.00598839 -0.011866 0.00384876 
0.0348878 -0.00172751 0.0049 
-0.0221868 -0.00212683 0.0397983 
0.0195447 -0.00736414 -0.0344 
0.0302919 -0.015 0.000366571 
0.000841746 0.0154204 -0.0125131 
-0.0166 -0.0111777 0.0124689 
-0.00450799 -0.0124 -0.0207089 
0.0319135  0.015 -0.0198309 
-0.0157069 -0.00700725 -0.0173745 
0.0149011 0.0129226 -0.00724861 
0.0265084 0.00228303 0.0226402 
-0.0271 -0.00196736 0.0174338 
-0.00510712 0.0155084 -0.0227644 
0.00831402 0.00827176 0.00367415 
0.0276316 0.00522989 -0.0314 
-0.01861 0.0128307 -0.00758969 
0.0259178 0.0136861 -0.0191936 
-0.0102632 -0.0150413 -0.0167288 
-0.0198743 0.00292944 -0.0170749 
0.0187571 -0.00555073 0.0386334 
0.0276227 -0.009576070000000001 0.0015 
0.0169327 -0.0009873449999999999 -0.0341431 
0.00145672 -0.0124 -0.0251306 
-0.0245817 0.0113399 0.0150218 
-0.0250997 -0.0109921 0.0136208 
0.0112091 0.0151918 -0.00111739 
0.0307632 0.00906656 0.0015 
-0.00703072  -0.02 -0.018406 
0.00339681 -0.0124 -0.0206086 
0.0118192 0.0124 -0.0226379 
-0.0271 0.000106069 -0.00211945 
-0.00683921 0.009170879999999999 0.0015 
0.0224356 0.0119859 0.0250868 
-0.0166 0.00661391 0.0119904 
-0.0166 -0.0044172 0.0178258 
0.0187281 -0.00409562 0.028927 
0.00287555 -0.019686 -0.018551 
0.025608 0.00422965 0.0256515 
-0.0238993 -0.000677342 0.0396414 
-0.0113262 0.0142665 -0.00712052 
0.00779688 0.0124 -0.0273146 
0.0348558 -0.0148574 -0.0265059 
0.0235324 -0.015 -0.0317823 
-0.0181 -0.00561051 0.0370887 
0.0175498 0.0124 -0.01566 
-0.00740697 -0.0143127 -0.00135402 
0.0337823 -6.70529e-05 -0.0344 
-0.00661611 0.0151815 -0.0138822 
0.0204255  0.012 0.0178799 
-0.00797227 -0.0199004 -0.0106063 
-0.0259167 -0.00574183 -0.00985169 
0.0212635 0.00471322 0.0390244 
0.0205726  0.012 0.00705547 
0.0327447 0.0124 -0.000391962 
-0.0192844 -0.0140107 -0.0177137 
-0.0243987 0.0074821 0.0338858 
-0.0204706 -0.00429795 0.0391971 
0.0181909 -0.00362281 0.0320576 
0.00753297 0.0107835 0.0015 
0.0352 -0.0124161 -0.0228836 
0.00461703 0.0124 -0.008695329999999999 
-0.008668260000000001 -0.011168 -0.0131092 
-0.0143382 0.0137888 -0.007830210000000001 
-0.00717541 -0.00668341 0.00475467 
-0.00137151  -0.02 -0.0145163 
0.0109075 -0.0124 0.00129501 
0.0181 -0.00614844 0.0250244 
0.00439619 0.00916206 0.0015 
0.0181 0.00131104 0.0395363 
0.0337888 0.0124 -0.0160688 
0.0262786 -0.000708513 0.0049 
-0.0222098 0.00461441 0.0302732 
0.0183167 -0.0141761 0.00299982 
0.0168319 -0.008320279999999999 -0.0303 
0.0271 0.000114681 0.0311433 
0.0188572 0.0149953 -0.0336751 
-0.0133271 -0.00933777 -0.000268293 
0.00659847 -0.0124 -0.0226117 
0.033606 0.00770455 -0.0303 
-0.0158591 -0.00685823 -0.00208003 
-0.007986389999999999 -0.0128532 0.00283817 
0.00100151 0.009939419999999999 0.0041943 
-0.0105435 0.0103639 0.00435147 
-0.00532851 -0.0124 -0.0113395 
0.0119539 0.0117906 0.00404324 
0.00357845 -0.0124 -0.0174895 
-0.0159787 0.00829736 0.00502806 
-0.0241125 0.00544954 0.0381991 
-0.000959759 0.00157864 0.0043 
0.0299292 -0.0124 -0.0201558 
-0.00077784  -0.02 -0.0165374 
-0.0271 0.000254733 0.0209003 
-0.00336302 0.0155511 -0.0235225 
0.0256632 -0.00224518 -0.0344 
-0.0236299 -0.00415241 0.0389857 
-0.0186425 -0.00228817 0.0015 
-0.0258863 0.0102619 0.0247364 
-0.0142276 0.008455860000000001 -0.00320398 
-0.0165321 -0.0113484 -4.72783e-05 
0.0139273 0.0124 -0.00651491 
0.0100454 0.0153783 -0.0236789 
0.0245409 0.00571932 -0.0344 
0.00189507 -0.0124 -0.0228029 
0.0181 -0.000759843 0.0098333 
0.0160976 -0.0150724 -0.0052913 
-0.008023600000000001 -0.0153947 -0.0214676 
0.0319325 0.00367459 -0.0314 
-0.0196374 -0.0124327 -0.0182166 
0.0271 0.00435319 0.0280759 
-0.0044047 -0.00409267 0.00527609 
0.0181 -0.008241709999999999 0.0357267 
0.0181 -0.00858649 0.0292935 
-0.0238801 -0.00524691 0.0356313 
0.00305033 -0.0183285 -0.0161674 
0.0226793 0.0118951 0.0292035 
-0.0253688 -0.00429951 0.0378824 
0.0201 0.0111595 0.0272038 
0.0181 -0.0101954 0.0289528 
-0.007894709999999999 0.0118645 -0.0162562 
0.0122891 -0.0151767 -0.00279426 
0.0252975 -0.0138977 -0.0137907 
-0.0113262 0.0094 0.000206549 
0.0181 0.00731153 0.0237312 
-0.000827086 0.01548 -0.017424 
-0.0270917 -0.00718652 0.00320324 
0.0193753 0.00552577 -0.0314 
-0.00162402 -0.015346 -0.011041 
0.0181 0.00310702 0.0171368 
-0.0208289 -0.0119973 0.0192965 
0.000621046 -0.0199452 -0.0202179 
-0.0106512 0.00802286 0.0015 
-0.0181 0.00182529 0.0333549 
-0.013929 -0.008748270000000001 -0.00208234 
0.0183009 -0.00546281 -0.0314 
-0.0264932 -0.009380319999999999 -0.00238165 
0.0284035 -0.00373868 0.0049 
0.0160512 -0.0150604 -0.00132197 
0.0201385 0.0111424 -0.0303 
-0.0193289 0.0135906 -0.0184284 
-0.0166 0.00246303 0.015098 
0.00201538 -0.0156384 -0.0282799 
0.0223618 0.00238624 0.0049 
-0.0203764 -0.0119973 0.0142136 
-0.0153794 -0.00276401 0.0015 
0.000480681 0.013867 0.00270541 
0.0111837 -0.0153777 -0.0329712 
0.0181 -0.000504984 0.0342453 
0.0112092 0.0118526 0.00400279 
-0.0269411 0.000986434 -0.00736386 
0.008625570000000001 0.0124 -0.00898491 
0.0252856 -0.015 -0.0253955 
0.0233112 -0.0138157 -0.0344 
0.0198341 -0.0125429 -0.00280693 
0.0197989 -0.000682553 -0.0322 
0.0256643 -0.0124 -0.0253834 
-0.00891251 -0.0143564 -0.00413336 
0.0352 0.00387854 -0.0334546 
0.029077 -0.015 -0.00137956 
-0.0185721 -0.00420144 0.000233463 
-0.0166 -0.0116254 0.00857139 
0.0277869 0.0124 -0.0150682 
0.00161402 -0.0198135 -0.0105192 
0.0217732 0.00241329 0.0338749 
0.0302873 -0.0136872 -0.0344 
0.0181 0.00360814 0.0100913 
-0.008780090000000001 -0.0142988 -0.00335742 
-0.0181 0.00983092 0.0217533 
0.0178579 -0.0149963 0.0005079629999999999 
-0.02285 -0.000156198 -0.0141033 
-0.0271 -0.00526696 0.00266876 
0.0301523 -0.015 -0.0222024 
-0.0271 -0.005703 -0.00525845 
-0.025749 0.0104116 0.00469508 
-0.00547011 -0.015488 -0.0224477 
0.000124564 -0.0124 -0.000182841 
0.0286604 -0.00140815 0.0172445 
0.0264159 -0.003071 0.0370122 
-0.0271 0.00206981 0.0155204 
-0.00465673 -0.0124 -0.0172488 
-0.0170649 0.00567741 -0.0005585329999999999 
-0.0159928 -0.00672723 -0.00164882 
-0.0230722 -0.00614386 0.0254697 
0.008130139999999999 0.0124 -0.0134936 
0.0350814 -0.000880713 0.0052576 
0.0218234 -0.0119973 0.00446045 
0.0181 -0.000149921 0.0190548 
0.0185726 -0.0119973 0.011796 
-0.0157837 0.0117923 -0.000481629 
-0.0229312 -0.0119276 0.0198055 
0.0267549  0.015 -0.00759107 
0.00284825 -0.0145332 0.00206182 
-0.0249862 -0.00256223 0.0243057 
0.0178546 0.0136638 -0.00458928 
0.0181 -0.00753189 0.0350966 
0.0247753 0.0118346 0.0170546 
0.0208322 -0.0125887 -0.0156989 
0.0246207 0.0138418 0.00340739 
-0.00615262 -0.0124 -0.00336936 
0.0193422 0.0124 -0.0119748 
-0.009523999999999999 0.0048329 0.005135 
0.00665526 -0.0152852 -0.00147911 
0.00741625 -0.0152923 -0.00387439 
-0.0181 0.000760715 0.0358368 
-0.0106903 0.0149988 -0.0165807 
-0.024028 0.0116087 0.0165759 
0.00655929 -0.0155059 -0.0242112 
-0.0166 -0.0118157 0.0108995 
0.023207 -0.015 -0.0257473 
-0.0201 0.00111621 0.0267052 
-0.00751624 -0.0122053 -0.00380956 
0.0130946 0.015217 -0.014295 
0.0317609  0.015 0.00117835 
-0.0271 -0.00394747 9.35405e-05 
0.00181152 -0.00600102 0.00524486 
-0.016215 -0.00394302 0.0100067 
0.00645642 -0.0124 -0.0178588 
0.023124 -0.000614329 -0.0344 
-0.0271 -0.00632195 -0.000697377 
-0.0210002 -0.0130903 -0.0168233 
0.00580058 -0.0100252 0.00439005 
-0.0270024 0.00170906 0.0357764 
-0.00926564 -0.0162905 -0.0171909 
0.025785 0.0124 -0.0284798 
-0.0181 -0.0051059 0.0299139 
-0.0205233  0.012 0.0153279 
0.0352 -0.0125419 -0.00117024 
-0.0105616 -0.00946321 -0.0209814 
0.0276654 -0.0124 -0.0149319 
0.00596769 0.0124 -0.0278752 
0.0204396 0.00747658 0.0034 
0.0339897 -0.0124 -0.0129694 
0.0352 -0.0135535 -0.00237961 
-0.0157099 -0.0113071 0.00077773 
-0.000277692 -0.00530126 0.0015 
0.0201663  0.015 -0.0132232 
0.0196894 -0.0119973 0.0186986 
-0.00927128 -0.018951 -0.0185108 
-0.0250368 0.011044 0.021215 
0.0347145 0.0124 -0.0173923 
0.0222896  0.015 -0.0261112 
0.0175903 -0.0150304 -0.0272219 
0.0291404 0.0124 0.0011207 
-0.0234575 -0.0105545 0.0332892 
0.00183119 0.0144411 0.00212317 
0.0249113 -0.008999999999999999 0.00315349 
0.008279440000000001 -0.0151848 0.000614711 
0.00785668 0.0113391 0.00405372 
0.028598 0.0111489 0.0015 
0.0271016 -0.000886528 0.0253175 
-0.0223467 0.0119892 0.0253346 
-0.0152479 0.00745671 -0.00216644 
-0.0115476 0.0094 -0.0210329 
-0.008250260000000001 -0.0105899 0.0015 
0.00303652 -0.019115 -0.0193979 
0.0218029 -0.00753929 0.0337071 
0.0154363 0.0151091 -0.0107939 
-0.0178498 -0.0119973 0.011299 
0.00486352 -0.0146917 0.00188332 
0.0248763  0.015 -0.00892602 
-0.0181 -0.0034024 0.0352869 
0.0318282 -0.0074315 -0.0303 
0.0181 -0.00543675 0.0100682 
0.0309387 0.00931885 0.0102024 
0.0350215 0.00334105 0.00573546 
0.028287 -0.0108532 0.0137408 
0.0274224 0.008317969999999999 0.0207793 
0.0299408 -0.0104373 0.0118517 
-0.008366449999999999 -0.0187477 -0.0101899 
0.00113299 -0.0124 -0.0285904 
0.0319477 -0.015 -0.0233022 
0.026429 0.00907115 0.0100398 
-0.00398927 0.0124 0.0013203 
0.0141293 0.0151854 -0.0166242 
0.023434 0.0124 -0.0295465 
-0.00186311 -0.0155834 -0.0240473 
0.0352 -0.0131972 0.000777125 
0.0352 -0.0073145 -0.0309526 
-0.000558929 -0.00349982 0.00309604 
-0.00381943 -0.0154193 -0.0175275 
0.0301508 -0.015 -0.0262999 
0.0181 -0.00193532 0.0366274 
-0.0196502 -0.00585161 0.024371 
-0.00732844 -0.0123744 -0.00770686 
0.0211 0.00287292 0.0322996 
0.01486 -0.0132759 -0.0378284 
-0.00415939 0.0017901 0.0015 
-0.026799 -0.00870574 0.0240183 
-0.0186205 -0.00399963 0.031664 
-0.0105972 -0.0144583 -0.008113220000000001 
-0.000546987 -0.0142008 0.00229022 
-0.0194887 -0.0119973 0.0232136 
-0.0271 -0.00631315 -0.00260861 
-0.00660545 -0.0124 -0.0135901 
0.0184774 -0.00328464 -0.0343738 
-0.02429 -0.0114888 0.0210221 
-0.00673069 0.0124965 0.00331798 
0.0194979 -0.004 0.00431086 
-0.00447692 0.0124 -0.00166889 
0.0225904 0.00522219 -0.0344 
0.0352 -0.00519464 -0.0326161 
0.00906238 -0.0153214 -0.0110507 
-0.00481711 -0.0134561 0.00269217 
-0.00274708 0.0142394 -0.0282167 
-0.00484431 -0.0158936 -0.0135549 
0.0302581 0.0108111 -0.0328 
-0.00837851 -0.00532822 0.00500867 
0.0336224 -0.0124 -0.0299023 
0.0227555  0.012 0.0194156 
-0.005847 0.0124 -0.0217245 
0.030733 0.00470301 0.0131713 
-0.0230927 0.0118978 0.0136904 
-0.0148667 0.0147025 -0.0216171 
0.0188769 0.00774188 -0.0303 
0.0114507 -0.015324 -0.0229278 
0.0210288 0.0100033 -0.0303 
0.00657588 0.0154381 -0.0178798 
-0.0171284 0.00772242 -0.0203544 
0.0301934 0.0035485 -0.0344 
0.0352 -0.0131536 0.00237873 
-0.0187863 0.0134687 -0.011796 
0.0352 -0.0131192 -0.00613963 
0.0228921 -0.00518177 0.0203603 
0.0090329 -0.008975749999999999 0.0017555 
0.00131571 -0.0124 -0.0140505 
0.0181 0.00642432 0.0163074 
-0.00202627 -0.0124 -0.00108296 
0.0234469 0.0137398 -0.0344 
-0.0249683 0.00502437 0.030253 
0.007722 -0.00769383 0.00518375 
-0.0101733 0.0121376 0.0033444 
0.00755506 0.0124004 0.00372123 
0.0216287 0.00902557 0.0358934 
0.00128618 0.0152053 -0.000592543 
0.0340507 -0.0124 -0.0204888 
0.0199133 0.0106654 0.0135118 
-0.00205029 -0.0199335 -0.0149585 
-0.0045866 0.0124 -0.00432461 
-0.00119552 -0.0160148 -0.0140237 
0.00226279 -0.0152266 -0.000207499 
-0.0242579 0.0122484 -0.0119572 
-0.00114462 -0.0124 -0.0196365 
0.000164039 0.0151817 -0.00164615 
0.00254644 -0.0124 -0.00305638 
0.0338542 -0.00465489 0.00890093 
0.00418134 0.0112826 0.0015 
-0.0166 0.008724620000000001 0.00776155 
-0.026021 0.0110533 -0.00826468 
0.0313691  0.015 -0.0237066 
0.0113211 0.0124 -0.0202713 
0.0299148 0.0124 -0.016063 
0.0327981 0.000363303 0.0049 
0.0212734 0.0124 -0.0289314 
-0.0267062 -0.00893012 0.00447568 
-0.0118672 0.0094 -0.0224882 
0.0265788 0.010568 0.0187155 
0.0211 0.00489235 0.0251275 
0.0307718 -0.015 -0.008563960000000001 
0.0266142 0.0037949 0.02061 
0.0320193 -0.00783712 0.0034 
-0.00720565 -0.00152605 0.0015 
0.0344995 0.0124 -0.0273743 
0.0263015 -0.0107172 0.0191153 
-0.0108365 -0.0094 -0.00344631 
0.0254317 -0.00501831 0.0034 
0.00604525 0.0124 -0.009011180000000001 
0.0116799 -0.0153374 -0.0267371 
0.000835974 -0.0151093 0.000445059 
-0.0105844 -0.00944275 -0.0103738 
0.0338275 -0.00457285 -0.0344 
0.0296395 0.00772998 0.0103503 
0.0272179  0.012 0.00497296 
0.00502385 -0.0124 -0.0098227 
0.0181 0.00576244 0.00574719 
-0.0201 0.00282082 0.0259733 
0.0257755  0.015 -0.0328873 
0.0182141 -0.0119973 0.0113228 
-0.0021202 0.0124 -0.0142854 
0.0308403 -0.015 -0.00166486 
0.0007226929999999999 -0.0124 -0.00321926 
-0.0181 0.0050309 0.0356239 
0.0272244 0.00768547 0.0103926 
-0.01713 -0.00561365 -0.0179573 
0.0116916 0.0152704 -0.0146824 
0.0235037 -0.009384999999999999 -0.0344 
0.0264893 0.00785917 0.0102514 
0.0150037 -0.0151276 -0.0107876 
0.0294332 0.0124 -0.0241136 
0.0225299 -0.0146755 0.00304296 
-0.0270864 -0.00730856 0.0270205 
-0.025138 0.00674131 0.0309306 
-0.0181 0.00975146 0.0218363 
-0.0230312 -0.00498525 0.0203518 
0.0276338 -0.00689207 0.0206687 
0.0131868 0.0124 -0.0219118 
0.0315517  0.015 -0.0270905 
-0.00618347 -0.0124 -0.0259364 
0.0334452  0.015 -0.0313104 
-0.0127345 0.0094 -0.0114335 
0.000912127  -0.02 -0.0145002 
0.0181 -0.0103042 0.00969067 
-0.0245028 0.011381 0.0101429 
0.0189403 -0.009929479999999999 -0.0360219 
0.00314061 0.0124 -0.00980145 
0.0187022 -0.00616474 0.0240904 
-0.0128518 0.0139618 -0.00692951 
0.0240962 0.008761339999999999 0.0034 
0.0233684 -0.015 -0.0251931 
0.0306357 -0.009465640000000001 0.0015 
0.00828242 0.0124 -0.00421436 
0.0231131  0.015 -0.0247552 
0.0090157 -0.0152551 -0.00367867 
-0.0271 0.000215262 0.00186785 
0.0217787 0.00404938 -0.0344 
-0.00257115 0.0145148 0.00153914 
0.0135029 -0.00488209 -0.0320533 
0.000644884 0.007833649999999999 0.00470778 
-0.0227755 0.0119508 0.008046920000000001 
-0.0182687 -0.0119973 0.0271407 
-0.0205849 -0.00223033 -0.00127962 
0.0163581 -0.0150602 -0.00374007 
0.0328304 0.00784032 0.0034 
-0.0271 0.00135197 0.0180451 
-0.0201 -0.00230595 0.0262638 
0.0185451  0.012 0.00727462 
-0.00135061 0.0155796 -0.0239191 
0.0224155 -0.00656965 0.0034 
0.014719 0.0124 -0.026618 
0.0233978 0.0149372 0.00271037 
0.0323992 -0.008889330000000001 0.0034 
0.0260958 0.0124 -0.0245307 
0.0151388 0.0036603 -0.0337298 
-0.0103191 -0.00450095 0.00523463 
0.0181 -0.00241376 0.0219876 
0.030379 -0.015 -0.0178988 
-0.0271 -0.00188698 0.012033 
0.0298583  0.015 -0.0222392 
0.0206882 -0.0124 -0.00125371 
-0.0172987 -0.0119973 0.00964548 
0.0252041 -0.00090193 0.0388709 
-0.0201098 0.0122407 -0.00659356 
0.0256393 -0.00550615 0.0303102 
-0.0256259 -0.0105421 0.0244241 
0.0298248 -0.00484268 0.0147261 
0.0284665 -0.00814163 -0.0303 
-0.0217628 -0.0119973 0.00566637 
0.0221521 -0.015 -0.0257013 
-0.0270792 0.00744939 0.0120686 
-0.0124557 -0.00334009 0.0015 
-0.019355 -0.008572369999999999 -0.0185037 
0.0174161 -0.000874809 -0.0322 
0.0271764 -0.009236579999999999 -0.0338589 
-0.00416801  -0.02 -0.0177776 
0.0154719 0.0138826 0.00299069 
0.0259924 -0.0032855 -0.0314 
-0.0123231 -0.0094 -0.008088629999999999 
0.0221967 -0.0144021 -0.0225441 
0.0244923  0.015 -0.0114625 
-0.009785490000000001 -0.0152107 -0.0177529 
0.0307515 -0.015 -0.0271181 
-0.0182456 -0.0119973 0.0126257 
-0.0268659 -0.00849827 0.0255884 
-0.00193819 -0.0124 -0.0111242 
0.0181 0.00911151 0.00458273 
0.0278653 -0.015 -0.00761342 
0.0322796 -0.008056829999999999 -0.0344 
-0.0271 -0.00103332 0.034139 
0.0352 0.013498 -0.00605517 
0.0316235 -0.0114948 -0.0303 
0.0248729 -0.0119858 0.0140384 
-0.008413179999999999 -0.0113977 -0.0167361 
0.023198 -0.0140489 -0.0137907 
0.0246319  0.015 -0.0301781 
0.0109282 -0.0124 -0.00636488 
0.0287537  0.015 -0.0226628 
0.0135563 0.0124 -0.0296 
0.00486545 -0.0155528 -0.0249493 
-0.0265723 -0.009227320000000001 0.0245457 
0.0277635 0.008246379999999999 -0.0303 
-0.00944014 0.014659 -0.00849573 
-0.000176504 -0.0155851 -0.0213629 
-0.0220637 0.0077325 0.0371666 
0.0271 -0.000526006 0.0288684 
-0.0212142 0.0071108 0.0376643 
0.0256037 -0.0112216 -0.0344 
-0.0271 -0.0033957 0.00710739 
0.0018885 0.0124 -0.0226704 
0.00668302 0.0124 -0.0285443 
-0.0226114 -0.0119691 0.008632920000000001 
0.0325091  0.015 -0.0182019 
-0.0271 -0.0024253 0.00811578 
0.0219442 0.00528679 0.0203736 
0.0343708 0.00773531 0.0034 
0.0181 -0.009592949999999999 0.0299174 
0.0241793 -0.008723369999999999 0.0034 
-0.0041837 0.0108094 0.00395664 
0.025414 0.0124 5.5741e-05 
0.0239694 0.0116788 0.0233708 
0.0232487 -0.0104144 0.0015 
-0.0153769 0.00302633 0.0015 
0.00592571 0.0155222 -0.0244124 
0.0181 -0.0117642 0.0244274 
-0.0248726 0.0044722 0.0302927 
0.0281836 -0.008440309999999999 0.0034 
0.0218662  0.015 -0.0302424 
0.03124 0.0124 -0.0214727 
0.0294567 -0.0124 -0.021359 
0.0247022 0.0111711 -0.0303 
0.0206302 -0.015 0.00044532 
0.0201 0.00366504 0.0290496 
0.00908658 0.009028319999999999 0.00365933 
-0.0150509 -0.0135527 -0.00703441 
-0.015683 0.00703061 -0.013797 
0.0104878 0.0124 -0.00667962 
0.0140488 0.007928610000000001 -0.0334725 
0.0192721 0.0139954 -0.003313 
-0.0159676 0.0142073 -0.0141797 
0.0136242 0.0147296 0.00180729 
0.0181 -0.000893151 0.0109545 
0.0298042 -0.00690507 -0.0344 
-0.0181 -0.00905678 0.0237313 
0.00716006 -0.0154222 -0.0164981 
0.0311662 0.0124 -0.0260094 
0.0129849 0.0151999 -0.0097492 
-0.00776179 0.00878523 0.00443091 
0.0193687 0.00430182 0.0249 
0.0229539 -0.015 -0.0231922 
0.017781 0.0128921 -0.0127293 
0.0288574 0.00376357 -0.0344 
0.009410079999999999 -0.0124 -0.0264791 
0.0306983 0.0124 -0.0157272 
0.0299287  0.015 -0.0285487 
0.0262536 -0.015 -0.0296935 
-0.0238861 -0.011665 0.0265243 
0.00147583 0.00449146 0.00558113 
0.0255553 -0.00647159 0.0034 
0.00757125 0.0124 -0.0189193 
0.00407868 -0.0124 -0.0249836 
-0.0210284 0.00182689 -0.0160169 
-0.0171747 -0.0126169 -0.00481313 
0.0352 -0.00451908 -0.0324854 
0.0238687 0.000482772 0.0049 
0.0187677 0.00340285 0.0226425 
-0.00850162 0.015413 -0.0240456 
0.0263691 -0.0100271 -0.0342316 
0.016659 0.00821759 -0.0303 
-0.0181 -0.00618093 0.0340323 
0.00949649 -0.0124 -0.0188464 
-0.00887011 0.0153383 -0.0221018 
-0.0117822 0.0130612 -0.0239289 
-0.0187967 0.00398152 -0.00359351 
-0.0225336 0.0118882 0.0293975 
0.0273142 -0.00904946 -0.0344 
0.01963 -0.0020988 0.0049 
-0.0181597 -0.00540893 0.034481 
0.0181 -0.00925489 0.00646393 
0.0139011 0.00284945 -0.0315509 
0.025386 0.0109889 0.0219096 
-0.016001 0.00714282 0.00696118 
0.0289716 -0.015 -0.010381 
-0.0181 -0.00812977 0.0281037 
0.0199504 0.00452384 0.0249 
-0.00720773 -0.00643464 0.00479834 
0.0181 0.00296755 0.019954 
-0.0202912 -0.0112925 0.0320434 
-0.0166 0.0114592 0.008122320000000001 
0.00628909 0.0154698 -0.0206367 
0.0224709 0.0118242 0.0299174 
-0.0271 0.00673638 0.0118112 
0.0181 -0.00644887 0.0276871 
0.0121341 0.0124 -0.0213781 
0.0144431 -0.0124 -0.00665761 
-0.0201 -0.000519252 0.0247832 
0.0333572  0.015 -0.0287146 
0.00544135 0.0124 0.00107254 
0.0302024 -0.00746788 -0.0344 
-0.00988637 0.0100712 -0.0194059 
-0.0154091 0.00729892 0.00112163 
0.0316543 -0.0114816 0.00708053 
0.0255349 -0.0124 -0.0207608 
0.0218001 -0.00270954 0.0215463 
0.0139927 0.0152262 -0.0267056 
-0.0207723 -0.00364399 0.0239743 
-0.0164365 -0.00990094 0.00279164 
0.00855786 0.0131239 -0.0320575 
0.0117271 0.015323 -0.025606 
-0.00203114 -0.0152089 -0.00638481 
-0.000777356 -0.00328592 0.00179602 
0.0181 -0.00360247 0.0175494 
0.0344743 -0.0103426 -0.0343964 
0.00135333 0.0154917 -0.0165319 
0.015106 -0.0151683 -0.0286767 
-0.00414797 -0.0155891 -0.0260838 
0.0271 -0.00542132 0.030131 
-0.0117759 0.0151264 -0.0234102 
-0.0166 0.00630193 0.0197775 
-0.00470569 0.0124 -0.0211476 
-0.0253469 -0.00722734 0.0216016 
0.0284516  0.015 -0.00283474 
0.0157855 0.015105 -0.016454 
-0.0271 0.0028878 0.00757076 
0.0190505 -0.00134258 -0.0343959 
0.0218349 0.0041208 0.0355167 
-0.0255791 -0.00373055 0.0254566 
-0.0215063 0.00258921 -0.01641 
0.0246852  0.012 0.0109734 
0.0122576 -0.0153055 -0.025314 
0.00661415 0.0124 -0.02508 
-0.00330691 0.0124 -0.0103869 
0.0182677 -0.0138218 0.00308125 
0.0261852 -0.0134287 -3.66275e-18 
-0.0201 0.000956498 0.0244406 
-0.0121156 0.00787158 0.0015 
0.0129476 -0.0124 -0.0130702 
0.0262174 0.00555227 0.0361079 
0.00614708 -0.0124 -0.0152 
0.0133789 0.0115777 -0.0332982 
-0.00985344 -0.0101561 -0.0244597 
-0.0211557 -0.00333454 -0.0167819 
0.0268877 -0.0124 0.000218814 
0.00618274 -0.0124 -0.0157027 
0.0348111 -0.014886 -0.0016589 
0.0211256  0.015 0.000604196 
-0.0264738 0.00942191 0.00584815 
0.015513 -0.0124 -0.0273316 
0.0121 -0.011833 -0.0372096 
0.0327429 0.00663488 0.0034 
0.0215921 -0.0126907 0.00387245 
-0.0148237 -0.0117845 -0.0220304 
0.0286416  0.015 -0.0065087 
-0.0138805 -0.0139378 -0.0226401 
-0.00129103 0.0124 -0.0164678 
0.0146827 -0.0136907 0.00315984 
0.017637 0.0150294 -0.0330393 
0.0285519  0.015 -0.0136478 
0.0297792 0.0124 -0.0199432 
-0.0176839 -0.0119973 -0.00207744 
0.0181905 0.0112414 0.0109917 
0.0202118 0.0074 0.0114863 
0.0240319 -0.00233488 0.0223824 
-0.00923962 -0.017123 -0.0111051 
0.00343507 0.0142777 0.00241629 
-0.00655354 -0.0124 -0.00379539 
0.0289586 -0.00936621 0.0015 
0.0181658 0.00417603 0.0311 
0.0220115 0.00576924 0.0303798 
-0.00430873 -0.0115625 0.00379879 
-0.00388044 -0.00790946 0.00452507 
-0.0142919 0.0147939 -0.0194042 
0.0181 -0.0075405 0.0259099 
0.0284825 0.0111047 -0.0319317 
0.0119011 -0.0152694 -0.0160883 
0.019575 -0.0119973 0.0274058 
-0.0149141 0.0144194 -0.0149227 
-0.0172411 0.00550486 -0.0105675 
-0.000417925 0.0124 -0.0190687 
0.00953474 -0.0124 -0.0194956 
0.0118269 -0.0124 -0.0207389 
-0.0181 -0.00464026 0.036638 
0.00120687 -0.0124 -0.0144399 
0.00534044 0.0153233 -0.0037427 
0.0260253 -0.00630292 0.0358765 
0.0254909 0.00505073 0.0373854 
-0.0103604 0.012897 0.00187748 
-0.0123419 0.0148804 -0.0174721 
-0.0105553 0.00442019 0.0015 
0.0183941 -0.00466804 -0.0314 
0.0319467 -0.015 -0.0165848 
-0.0182238 0.00858012 0.0311 
0.0352 -0.012885 -0.00331882 
-0.0207988 -0.00902641 -0.0170943 
0.00460226 -0.007942050000000001 0.0015 
0.0232216 -0.00319784 0.0350037 
-0.0013105 -0.0160012 -0.0120773 
0.00735964 -0.0124 -0.0105229 
0.0121 -0.0138283 -0.0339911 
-0.0243845 0.0114456 0.00202389 
-0.00728059 -0.0124 -0.0150928 
-0.0227608 -9.95913e-05 0.000118008 
0.00040783 0.0155029 -0.0179301 
0.0281926 0.0142535 0.00324104 
-0.0166 0.00175897 0.0146033 
0.0235613 -0.00497302 -0.0344 
-0.0189981 0.00627089 0.0249 
-0.00498127 -0.0155616 -0.026696 
-0.0205207 0.0104453 -0.0173781 
0.0192509 -0.007886310000000001 -0.0344 
0.0193441 0.00941025 0.0146354 
-0.0217642 -0.00725648 0.0315497 
0.0248654  0.012 0.00448266 
0.0191949 -0.0039468 0.021805 
0.0132326 0.0124 -0.009862889999999999 
0.0300339 -0.0124 -0.0116071 
0.0295939 -0.00408493 0.015174 
-0.0271 0.00159108 0.0279897 
0.0195666 -0.0124 -0.00263858 
-0.019987 -0.00355819 0.0337384 
0.0271 0.00630342 0.027724 
0.0209493 -0.014933 -0.00180281 
-0.008596060000000001 -0.0142041 -0.0256372 
-0.016327 0.00262482 0.0103565 
0.0181 0.00731335 0.008569800000000001 
-0.0137285 -0.014964 -0.0213895 
0.007906649999999999 -0.0124 -0.0113959 
-0.0214076 -0.00276715 -0.0165154 
0.0225495 0.00962066 0.0015 
0.0220142 -0.015 -0.0128902 
0.0181078 0.00637014 0.0322165 
0.0199116 -0.0119973 0.0128406 
-0.0181 -0.009069310000000001 0.0295316 
-0.0141223 -0.00487786 0.00681908 
0.0251456  0.015 -0.0132421 
0.0266157  0.015 -0.0120561 
0.0161243 0.00645244 -0.0314 
0.0127842 0.00851936 -0.033169 
0.00290827 -0.0190027 -0.0102381 
0.00111498 0.0124 -0.0258053 
0.0232184 -0.0124 -0.0131176 
0.00829038 -0.00978565 0.0015 
0.0150792 -0.0150345 0.0007412919999999999 
0.0272 0.0134138 -0.00212563 
0.0282532 0.0117453 0.0106785 
0.0262355 -0.0132071 -0.0189076 
-0.0154451 0.0134247 -0.00680287 
-0.0242252 -0.00763258 0.0332374 
-0.0234988 0.00252143 0.0218732 
0.0138966 -0.00287933 -0.032008 
0.0192957 0.0119604 0.0135118 
0.022573  0.015 0.0009117110000000001 
-0.0271 -0.00243672 0.0303504 
0.0346453 -0.0124 -0.0257955 
0.0200474 0.00571404 0.021646 
0.0317981 0.0026 -0.0318566 
0.0316026 0.0124 -0.00283321 
0.034097 0.0124 -0.00498701 
0.0198173 0.0124 -0.015785 
-0.0197541 -0.00304398 -0.0090849 
0.0253178 0.010924 0.0232478 
0.0232461 -0.0118716 0.0240551 
-0.00921927 -0.0186611 -0.0201874 
-0.0271 -0.00396104 -3.00555e-05 
-0.0271 -0.00583837 -0.00342841 
-0.00126827 -0.0124 -0.0185511 
0.0102406 -0.0120183 -0.0303 
-0.0166 -0.0105418 0.008386070000000001 
-0.0243908 -0.00242157 0.0338949 
-0.0152055 -0.0133515 -0.0060126 
-0.00256985 0.015127 -0.005118 
0.0181 0.00298643 0.0354219 
-0.00625286 0.0124 -0.00701522 
0.0227342 -0.0124 -0.0132767 
0.0231476 -0.015 -0.0313407 
0.0347349 -0.0124 -0.0035207 
0.0182396 0.008049509999999999 0.00942349 
-0.008783890000000001 -0.0110639 -0.0123097 
0.00771037 0.015302 -0.00463012 
0.0127417 -0.00726385 -0.0325959 
0.0181 -0.00656187 0.0182455 
0.0346863 -0.014947 -0.0151416 
0.0341693 -0.00474764 0.0083068 
-0.00307707 0.00103387 0.00204801 
0.00793861 0.00790414 0.00305286 
-0.0152019 0.0123743 -0.00166258 
-0.0227346 -0.00350046 0.0352256 
0.000131179 0.0124 -0.008692200000000001 
-0.0199104 -0.00397389 0.0293501 
0.016917 -0.00864008 -0.0347325 
-0.00850093 -0.0142067 -0.00217374 
0.0268667  0.015 -0.0323669 
-0.0159848 0.0041282 0.009420120000000001 
0.0253681 0.00260351 0.0384516 
0.0184281 0.000740724 0.0049 
0.0201 0.007836839999999999 0.0286835 
-0.0156387 0.0145742 -0.0182193 
0.0330632 -0.0124 -0.00526106 
-0.0201 0.0047597 0.0298566 
0.0340874 -0.015 0.000375657 
0.00400689 0.0138182 -0.0306697 
0.0181 -0.00663349 0.0249222 
-0.00673721 -0.00897862 0.00435108 
-0.0210504 0.0110815 -0.0168134 
0.00413386 0.009957290000000001 0.0015 
-0.00195245 0.0155063 -0.019809 
0.00736856 0.0124 -0.0254341 
-0.0245828 0.01132 0.0285634 
0.0327024 -0.0124 -0.0143029 
0.0258515 0.0117657 0.0149058 
0.0322901 0.009407560000000001 -0.0344 
0.0241787 -0.00307882 0.0249961 
0.00356825 0.0124 -0.0200477 
0.0178982 -0.0127252 -0.0264146 
0.025121 -0.00270862 0.0215478 
0.0275155 -0.0124 -0.0194111 
0.0151815 0.0124 -0.0114042 
0.00211407 -0.0140824 -0.0300584 
0.0304669  0.015 -0.0325182 
0.0238708 0.00329483 0.0209201 
0.0110211 0.0153652 -0.028584 
-0.0271 -0.00531781 0.00839991 
0.0250629 -0.00741272 0.0219467 
-0.0180739 0.00468932 -0.000705466 
0.031843 -0.015 -0.007008 
0.0291537  0.012 0.00532568 
0.0314429 -0.008999999999999999 0.00226453 
-0.00445418 -0.0107571 0.0039642 
-0.0201283 -0.00361686 0.0221674 
0.0132512 -0.00897768 -0.0350701 
0.0181 -0.00708539 0.0288152 
0.0265971 0.00580045 -0.0314 
-0.0173828 -0.0109341 -0.0201601 
-0.00325095 -0.015124 -0.00604783 
0.0272 -0.0135325 -0.0156293 
0.0352 0.0129067 -0.00861115 
0.00706102 -0.0124 -0.0144402 
0.00769589 0.0154981 -0.0298644 
-0.0146035 0.0117604 -0.0221482 
-0.0154547 0.00725426 -0.00267408 
0.0352 0.00608302 -0.031593 
0.00205663 -0.0130323 -0.0300289 
0.0080254 0.0124 -0.00268893 
0.0204378 -0.0117883 0.030196 
0.000658571 0.00645427 0.00504425 
0.0350177 0.00757038 -0.0341078 
-0.0138226 0.00411012 0.0066849 
0.000923575 -0.0199411 -0.0202293 
0.008291079999999999 -0.0152667 -0.00295089 
0.0201 0.008430780000000001 0.0254992 
-0.00957847 -0.0101116 0.0015 
0.00278626  0.004 0.00405231 
0.0194946 0.0106026 0.0311 
0.000219011 0.0124 -0.0188952 
0.0266334 -0.007 -0.0310184 
-0.0270644 -0.00756814 0.00990856 
-0.0173355 0.00541236 -0.0161368 
0.0257925 -0.00303629 0.0211457 
0.0159342 0.0151263 -0.0330289 
-0.00640942 0.0124 -0.020497 
0.0314627 0.00884892 -0.0344 
0.0321276 -0.00608953 0.0112004 
0.0190036 -0.00587976 0.0384525 
-0.0198391 -0.00412917 0.0315772 
0.00282825 0.01169 0.0015 
-0.0119941 0.00543875 0.00549604 
0.0210363 -0.00514721 0.0388294 
-0.0251088 -0.0109858 0.0177545 
0.0112507 0.010279 -0.031008 
0.0244065 -0.015 -0.0335358 
0.0198022 -0.013605 -0.0247002 
-0.009901449999999999 0.0100745 -0.0243303 
0.0274059 0.00504021 0.0034 
-0.0104336 -0.0151083 -0.0243779 
0.0292915 0.0122268 -0.0343642 
-0.000208954 -0.0124 -0.0140956 
0.0248303 -0.00574872 0.0355278 
-0.0178531 0.0049055 -0.00983007 
0.0106825 -0.0124 -0.0153455 
0.018854 0.0124 0.00126147 
0.0102424 -0.015388 -0.0254455 
-4.16397e-05 -0.0124 -0.0230107 
0.0133006 0.0056437 -0.0329914 
0.0324211 -0.0124 -0.0233415 
0.00722284 0.0072032 0.00354262 
0.013507 0.00588536 -0.0333322 
-0.0271 -0.00636706 0.0257488 
0.0197659 -0.00661726 0.0380087 
-0.0196219 0.00497751 -0.0182765 
0.0295765 -0.008556589999999999 0.0146536 
0.0159708 0.0151004 -0.0175335 
0.0166065 0.0145431 -0.00571311 
0.0341705 0.00202015 -0.0344 
0.0304114 -0.0124 -0.00952684 
0.01917  0.012 0.0139212 
0.0181 -0.0112782 0.0101708 
-0.0201 0.00731189 0.0303459 
0.0118745 0.0152918 -0.0201226 
0.0256818 -0.0119754 0.0128719 
0.00652448 0.015447 -0.0190845 
0.0181 -0.000550531 0.0366105 
-0.0199157  0.012 0.0207717 
-0.0176687 -0.012386 -0.0044186 
0.0294174 -0.0124 -0.0178537 
-0.0262888 0.008986539999999999 0.0316895 
0.00931937 -0.0129889 0.00353221 
-0.0271 -0.00296852 0.0158331 
0.0315792  0.015 -0.0186395 
-0.0224446 0.0125275 -0.0152161 
0.0240647 0.00481255 -0.0344 
-0.0114322 -0.0094 -0.00831692 
-0.00238215 -0.0124 -0.0253674 
0.0305882 -0.0113762 -0.0303 
0.009982359999999999 0.009905519999999999 0.00440098 
-0.0254411 0.00444216 0.0377388 
-0.0022891 0.0147117 0.00112316 
0.009295110000000001 -0.009232519999999999 0.00237991 
-0.0214903 -0.00655936 -0.0163944 
-0.0181 0.0028202 0.0204094 
0.0178054 -0.0120864 -0.0378284 
-0.0249215 0.0111264 -0.00199619 
0.00287777 -0.00440342 0.00574928 
-0.0133601 0.00930537 -0.019706 
-0.0041497 -0.0152933 -0.0130887 
0.0255201 -0.00593345 0.0368295 
0.00452702 0.0154848 -0.0174182 
-0.0051255 -0.0124 -0.0176217 
-0.0181 0.00822663 0.0330624 
0.0268478 -0.015 -0.0335586 
-0.0166 0.00589778 0.0164876 
-0.0193319 0.0119881 -0.018498 
0.0151505 -0.0129819 -0.00702407 
-0.018604 -0.0119973 0.0162533 
0.0237626 -0.00369235 0.0391141 
0.0291499 -0.0107179 0.0125688 
-0.0207231 -0.00209499 0.00115504 
-0.0163246 -0.00988904 0.00287822 
0.027084 -0.00746338 0.0252819 
0.0154774 -0.0060515 -0.0338129 
-0.0166 0.0115255 0.0119925 
0.00858016 -0.0154661 -0.0275563 
0.0240223 -0.00610884 0.0378623 
0.0244381 -0.00123826 0.0393364 
0.0286498 0.011186 -0.0319568 
0.0105259 0.0124 -0.0167072 
0.0316938 -0.000432246 0.0117827 
-0.0193325 0.0135768 -0.0134796 
-0.0205394 0.00515201 -0.0173978 
0.0296521 0.00614038 0.0150387 
0.00609809 0.0155406 -0.0268144 
-0.0046796 -0.0155485 -0.0242102 
0.0293067 -0.0124 -0.0290953 
0.0230662 0.00127606 0.0398329 
0.0226733 0.0110311 0.0326008 
0.0163194 -0.007 -0.0305742 
0.0189545 0.0124 -0.0013601 
-0.0178582 -0.00490053 -0.00357604 
-0.00756937 -0.0128298 0.00293999 
-0.0194528 0.010229 -0.0183957 
-0.0229311 -0.0119274 0.0265379 
0.0187499  0.012 0.0179814 
0.0214212 -0.00405454 0.0354958 
-0.00555206 -0.0171893 -0.0156548 
0.0134674 -0.0124 -0.00774181 
0.0317393 0.0124 -0.0140705 
-0.00299565 0.00111361 0.00429321 
0.0349889 0.00738467 0.00593814 
-0.0193324 0.00452524 0.0311 
0.0182459 0.00496504 0.0389144 
0.0232133 -0.015 0.00204878 
0.0272 -0.0138533 -0.0154039 
-0.0222718 0.00646352 0.0307154 
-0.0183192  0.012 0.0222257 
-0.0141684 0.00851386 -0.0137573 
-0.0157567 -0.014602 -0.0188238 
0.022281  0.012 0.010344 
-0.0184229 -0.00434758 -0.0104692 
0.0248506 -0.00425788 -0.0344 
0.014296 -0.0130393 0.00360768 
0.0287062 -0.015 -0.000473422 
-0.013889 -0.00346001 0.00675627 
-0.0233935 0.00225846 0.0232498 
0.0168994 0.0136194 -0.00544935 
-0.0181 -0.00890373 0.031906 
0.0332663 -0.0124 -0.0194732 
0.0201 0.00566659 0.0279646 
-0.0258011 -0.00612835 0.0363357 
0.0271 7.56478e-05 0.0282077 
0.0349014 0.0148232 -0.000967935 
0.0126539 -0.0152488 -0.0176321 
0.0261106 0.00138256 0.0378737 
-0.016102 0.0142698 -0.0151403 
0.0190132 -0.00525004 -0.0314 
0.0342032 0.00740526 0.00818961 
-0.0201 0.0114637 0.0268026 
0.0165055 -0.0150548 -0.00330347 
-0.0271 -0.00141679 0.0256201 
0.00275611 0.0155683 -0.0237578 
0.0327082 -0.015 -0.0332587 
0.0023851 0.0131282 0.00330282 
0.0229668 -0.015 -0.008381359999999999 
0.0156708 0.01512 -0.0331901 
-0.0058054 -0.00420601 0.0015 
0.0322736 0.00831178 0.0034 
0.0291533 0.0124 -0.0199101 
-0.0271 -0.000163959 0.0214607 
-0.0106004 0.0116399 -0.0245949 
0.0277288 -0.00870606 -0.0332053 
-0.0144101 0.008277120000000001 -0.00715162 
-0.00471364 -0.0180886 -0.0150745 
0.0314706  0.015 -0.0116548 
-0.018345 -0.0140843 -0.0166582 
0.0181 0.0100255 0.0328474 
0.023654 0.0120943 -0.0344 
-0.0142217 0.008461649999999999 -0.00407326 
0.0182552 0.0124 -0.00157686 
0.00178437 -0.00762016 0.0015 
0.003043 -0.0164924 -0.0179198 
0.0256384 -0.0124 -0.0137871 
-0.0268397 0.008554020000000001 0.0286319 
0.0201 -0.00152294 0.0307029 
-0.00110272 0.00584177 0.0015 
0.0299109 -0.0106614 0.0115079 
-0.00834939 0.00629684 0.0015 
0.0290145 -0.0118878 0.0015 
-0.0265605 0.00762046 0.0226576 
-0.00773942 -0.0120043 -0.0118286 
-0.00278047 -0.0124 -0.0229388 
-0.0270009 0.00741184 0.0309166 
0.0046972 -0.0155372 -0.0228124 
0.0074682 -0.0124 -0.008370819999999999 
-0.0143259 0.00835964 -0.0144636 
0.0154733 0.0127604 -0.0108272 
-0.0187059 0.00709754 -0.0190808 
0.0161481 0.0150186 -0.0199165 
0.0327667 -0.004 0.00447245 
0.00215575 0.015627 -0.0282437 
-0.0155791 -0.00713237 -0.0197889 
0.0313762 -0.0124 -0.028305 
-0.00709832 0.0124 -0.0214255 
0.0271543 0.0125867 -0.00428963 
0.00234397 0.0155512 -0.0212466 
0.0289012 -0.015 -0.0112794 
0.0181 -0.0026773 0.0219064 
0.0304233  0.015 -0.00473459 
-0.0242811 -0.0116242 -0.00870568 
0.0314583 -0.015 -0.0273339 
-0.0150909 -0.00761048 -0.00951844 
-0.022554 0.00503502 0.035646 
0.0214167  0.012 0.00886559 
-0.0271 -0.000160462 0.0281299 
-0.00507306 -0.00139511 0.0015 
0.0141443 -0.00418855 -0.0314 
0.0321533  0.015 -0.0226865 
-0.0239489 -0.0116422 -0.00374813 
-0.00787294 0.0118841 -0.0251561 
0.00847914 0.015393 -0.0171282 
0.0296519  0.015 -0.00350618 
-0.00461008 0.00437898 0.0015 
0.0173639 -0.0124 -0.0279356 
-0.0170188 -0.0138324 -0.0121981 
0.0345396 8.477779999999999e-05 0.0049 
-0.00627442 0.0147376 -0.00404095 
-0.019056 0.00405499 0.0311 
0.0129363 -0.0124 -0.0188264 
-0.0139413 0.0140064 -0.022606 
-0.0248562 -0.0111644 0.00545279 
-0.0107989 0.00369535 0.00539236 
-0.0136271 0.00904392 0.00085917 
-0.00552578 -0.0172286 -0.0150298 
-0.000845175 -0.0124 -0.0217068 
0.026106 -0.00520891 0.036508 
0.009161529999999999 0.0152522 -0.00279986 
-0.000481401 -0.00735219 0.00476083 
0.0265649 0.0028589 0.0213441 
0.0133991 0.0124 0.00121443 
-0.00336121 -0.0121929 0.0015 
0.0220892 -0.0131205 0.00369879 
-0.0211 -0.00269581 0.033624 
0.0271 0.00196629 0.0306459 
-0.0181 -0.008211120000000001 0.0287034 
0.0226723 0.0074 0.0126199 
-0.0229432 0.00484009 0.020355 
0.017535 0.0145713 -0.0126835 
0.0136536 0.0152065 -0.0164059 
-0.020209 -0.00557028 0.0215771 
0.0300563  0.015 -0.0126546 
0.0285265  0.015 -0.0274328 
0.00640558 -0.0155005 -0.0231834 
-0.0180898 -0.0128698 -0.00716401 
0.0178604 -0.0113709 0.00440001 
0.034129 0.00730753 0.00834879 
-0.00854399 -0.0117775 -0.0255811 
0.0299565 -0.00273204 0.0049 
0.0181 0.00191612 0.00527221 
0.0344441 -0.0124 -0.0162672 
0.0245326 -0.0141578 -0.0204408 
0.00141482 -0.0156691 -0.0212966 
0.0213603 0.0106649 0.0334767 
-0.00579185 -0.00928696 0.00426969 
0.00976288 0.0124 -0.00382085 
-0.00119915 -0.0160165 -0.0167123 
-0.0132851 -0.0130093 -0.00189431 
0.008212469999999999 0.0154519 -0.0244152 
0.00597041 0.0155617 -0.0294754 
0.0174878 -0.015038 -0.0316809 
0.0332649  0.015 -0.00454163 
0.0164141 -0.0150582 -0.00357248 
-0.0271 0.00304673 0.0260231 
0.0221442 -0.00721938 -0.0303 
0.0301254  0.015 -0.0302855 
0.0260745 -0.00701993 0.0034 
-0.0245561 -0.0114718 -0.008391330000000001 
0.00091643 0.0124 -0.0182541 
-0.0262753 -0.009962240000000001 -0.00886462 
0.0350838 -0.0146149 -0.00898495 
0.0123371 -0.0147341 0.00182781 
-0.0193692 -0.00342083 0.00119686 
0.0308236 0.00943105 -0.0337792 
-0.00441078 0.0124 -0.0126232 
0.00799939 -0.0124 -0.000393296 
0.0152423 0.0124784 0.00388949 
0.0331905 0.00829454 -0.0303 
-0.0212916 0.00153829 -0.00186241 
-0.0271 -0.00565282 0.0123122 
0.0325073 -0.00167176 -0.0322 
0.0247764 -0.00666655 0.0034 
0.0282252  0.015 -0.0302777 
-0.0255949 0.0105728 0.0258753 
0.0143937 -0.0151756 -0.0173658 
0.0270384 -0.00198971 -0.0322 
-0.0271 -0.0094623 -0.0047239 
0.0248644 0.00873031 0.009950779999999999 
0.0209607 -0.0124 -0.023674 
0.0333413  0.015 -0.0070883 
0.0323613 0.0124 -0.0187158 
0.0230041 0.0119951 0.0191124 
0.0158606 0.0131888 -0.00638466 
0.00232854 -0.0124 -0.0162155 
-0.0053076 -0.0174907 -0.0180079 
0.0190566 0.010482 0.0015 
0.0181 0.009359350000000001 0.0333022 
0.0286709 -0.00337724 0.0172227 
0.0272 0.0144989 -0.00109843 
0.0232013 -0.0139235 -3.79772e-18 
0.0086433 -0.0154132 -0.0198513 
-0.0203543  0.012 0.0046442 
0.0260922 -0.00240548 0.0377076 
-0.000525682 0.0155488 -0.0214537 
-0.0181 -0.00634052 0.0279062 
0.0303816 -0.015 -0.0135105 
0.0295299 0.0074 0.01213 
0.0274624 0.0124 0.00105876 
0.0289785 0.008999999999999999 0.00236822 
0.0141527 -0.0144676 0.00226939 
0.0347076 0.00538177 0.0034 
-0.00151915 -0.0124 -0.0231051 
0.0199068 0.0149915 0.00251546 
0.0181 -0.0105822 0.0239851 
0.000690558 -0.0124 -0.0123028 
-0.0266357 0.000435458 -0.00825683 
-0.0211246 0.00170179 -0.00773254 
-0.00472034 0.000457752 0.0015 
-0.0181 -0.00437899 0.0192331 
0.0319457 -0.0124 -0.012943 
0.0204639 0.0074 0.0135581 
0.0172648 0.0150355 -0.0141926 
-0.0252748 -0.00324031 0.0383597 
0.0211 -0.00594517 0.0216979 
0.0221241 0.00478466 0.025743 
-0.0256118 0.0036719 0.0378905 
0.0148724 -0.0151006 -0.00383708 
0.021048  0.012 0.0251772 
0.0334334 -0.0125696 0.00392136 
-0.00464889 -0.0124 -0.0140423 
-0.0256595 0.00904598 0.0333315 
-0.0192801 0.0035081 -0.0163432 
0.0235899 0.00612058 -0.0344 
0.00261913 0.0124 -0.0244239 
-0.0232114 -0.0120928 -0.0142588 
0.0109845 0.0146333 0.00202923 
-0.0258081 0.00662654 -0.0100594 
0.0181 -0.0104932 0.00230505 
-0.0271 0.00431331 0.029124 
-0.0257539 -0.010409 0.0252269 
0.0118196 0.0152809 -0.0174407 
0.0191584 -0.0119973 0.00649982 
0.0125918 -0.0124 -0.00137061 
0.0194658 0.0143767 -0.025003 
-0.0133593 -2.858e-05 0.00635706 
-0.0247877 0.00423471 0.0303469 
0.0205577 -0.015 -0.0121771 
0.0352 -0.0141656 -0.008052490000000001 
0.0159716 0.0111134 0.0015 
-0.009132059999999999 0.0107504 -0.0202897 
-0.0146402 0.0104806 -0.0221332 
0.0181 -0.0005844790000000001 0.039385 
0.0349061 0.0124 -0.0280961 
0.0147065 0.0151027 -0.00375468 
-0.00469539  -0.02 -0.0117061 
0.0239544 -0.0119973 0.0133862 
0.008251939999999999 -0.0154105 -0.0182092 
0.0162423 -0.011 0.00297742 
-0.0212482 -0.00492242 0.0302509 
0.0190605 0.00611353 0.0249 
-0.0100065 -0.010007 -0.024354 
-0.0271 0.0055151 0.0137292 
-0.0225547 -0.0119758 0.026942 
0.0133773 0.0152667 -0.0319571 
-0.0112234 -0.0142241 -0.00652355 
-0.0191371 -0.0119973 0.0144779 
0.0182254 0.0124 -0.0272289 
0.0286259 0.0124 -0.00284923 
0.0267952 -0.008999999999999999 0.00218353 
-0.0151902 -0.0116898 -0.0217753 
0.0280115 0.00956737 0.0104365 
-0.0166 -0.00566712 0.015784 
0.026454 0.0117621 0.0135118 
0.0223893  0.015 -0.0305317 
-0.0197949 0.00412939 0.0311 
0.00155205 0.0155841 -0.0233542 
-0.0246682 0.0116472 -0.00922862 
0.000538803 -0.00428849 0.0015 
0.0340102 -0.015 -0.0110869 
0.0118252 -0.0152432 -0.010262 
-0.0215528 -0.00190206 -0.0162108 
-0.0181 -0.00225138 0.0218508 
-0.0260615 0.00759763 0.0324308 
-0.0271 -0.00129962 0.00709314 
0.0301113  0.015 -0.0172709 
0.000531511 -0.0124 -0.0234558 
0.008136539999999999 -0.0152717 -0.00319045 
0.034937 -0.0147922 -0.029964 
0.0193728 0.0149959 0.00247768 
0.0269543 0.00609646 0.0254945 
0.00590088 0.0109085 0.0015 
0.0203033  0.012 0.00628566 
0.0138447 -0.0151544 -0.00717408 
-0.0270529 0.00257931 0.0351937 
0.0302477 -0.0096694 0.0124797 
0.0193899  0.012 0.0081134 
-0.0266717 -0.0090134 -0.00132557 
0.0142242 -0.0151307 -0.00562072 
-0.024982 -0.00566178 0.0303459 
-0.0192974 0.0034912 -0.0133233 
0.0191 -0.009916660000000001 -0.0358316 
-0.0077147 -0.0190502 -0.0101927 
-0.0184878 -0.00428395 0.00119284 
-0.0212185 -0.0098885 0.0347884 
0.0198246 -0.0116922 -0.0303 
0.0248677  0.012 0.00661418 
-0.0152554 0.00567167 0.00794041 
0.0153106 -0.0141721 -0.00687997 
0.0319314 0.0133989 -0.0344 
0.0346487 -0.0124 -0.0162743 
-0.0193911 -0.00638743 0.0237503 
0.00221402 -0.004 0.00154274 
-0.00441185 -0.0124 -0.00223877 
0.0281033 0.00831076 -0.0303 
0.0270429 -0.00465264 0.0203673 
0.0184703 -0.00374095 0.0319029 
0.030084 -0.015 -0.0072725 
0.0283177  0.015 -0.0127496 
0.0150654 -0.0151391 -0.0163077 
0.0345965 -0.00314367 0.0049 
0.0184985 0.00333342 -0.0314 
-0.0271 -0.00391143 0.0168486 
-0.0181 0.00913454 0.0213102 
-0.0156912 -0.007839580000000001 0.00582585 
0.0319138  0.015 -0.0191971 
0.00787673 -0.0124 -0.011595 
0.011248 0.0124 -0.00457463 
0.00919508 0.0102629 0.0015 
0.0200076 -0.00826234 0.0034 
0.0202462 -0.0132603 0.00364233 
0.0252277 -0.015 -0.0226448 
-0.0194301 -0.0119973 0.0141429 
0.0237996 -0.00247476 0.0340233 
0.0306417  0.015 -0.0299426 
0.0188203 0.009133169999999999 0.0249 
-0.0171945 -0.0119973 0.0161701 
-0.0141113 -0.008569790000000001 0.00136289 
-0.0122435 0.00150129 0.0015 
-0.00101722 -0.00407538 0.0015 
0.0204296 0.00700502 -0.0303 
0.00454927 0.0153547 -0.00606038 
0.0257895 -0.0142269 -0.0193091 
0.0181 -0.00435995 0.00380474 
-0.00257636 0.0124 -0.007972379999999999 
0.0300837 -0.008995029999999999 0.0134243 
0.0308451  0.015 -0.0240608 
0.0196455 0.00556232 0.0034 
-0.00439689 -0.0124 -0.0125219 
0.0105109 0.0114262 -0.0312222 
0.0203096  0.012 0.0198578 
0.0106693 0.0152311 -0.004268 
0.008910950000000001 0.0153499 -0.0131988 
-0.0102749 0.0097214 -0.008764900000000001 
0.00220587 -0.013312 -0.0300818 
0.0218332 -0.00962404 -0.0303 
0.0160245 0.0145973 -0.00623712 
0.0259364  0.012 0.0108443 
0.0233167  0.015 -0.0257073 
0.008921800000000001 0.0124 -0.0279062 
-0.0163697 0.00374112 0.01051 
0.0229712 -0.00443152 0.0204015 
-0.0201789 0.0119989 0.0280332 
-0.0181 0.00685087 0.02221 
-0.0167462 0.007854460000000001 0.0205686 
0.00704471 -0.0124 -0.0117792 
0.0335043 -0.0114126 -0.0344 
0.0181 -0.00742026 0.00377793 
-0.0117376 -0.012669 -0.0239532 
0.00365137 0.0153121 -0.00334898 
-0.009408039999999999 -0.0153548 -0.0235354 
0.0200865 -0.00726863 -0.0344 
0.00212749 0.0154091 -0.011009 
-0.00395092 0.0124 -0.00491705 
0.0181 0.000396843 0.00536806 
0.0138495 0.0147819 -0.00819551 
0.00879249 -0.0124 -0.00399157 
0.0121175 -0.0152391 -0.0113613 
-0.0181 -0.000740947 0.0374121 
-0.0108209 -0.0150015 -0.0168695 
-0.0222327 0.0100124 -0.0155131 
-0.0250275 0.0047071 0.025739 
0.00749716 -0.0152732 -0.00121846 
0.0236391 0.0147983 -0.0341309 
0.0172769 -0.0150503 -0.0302669 
-0.0181 -0.00652433 0.029837 
0.00496899 -0.0154693 -0.016371 
-0.0181 -0.00938366 0.0253156 
0.0267885 -0.015 -0.0193999 
-0.0173793 0.0139004 -0.0132694 
-0.0181 -0.00149472 0.0208332 
0.011552 0.0124 -0.00513414 
-0.0009700690000000001 0.0139054 0.00258877 
0.0255428 -0.0124 -0.023547 
0.0116618 -0.0124 -0.0260536 
0.0267277  0.015 -0.00997191 
0.0250445 0.0104823 0.0314253 
-0.0175458 -0.00520643 -0.0146826 
0.0243344 0.00679459 0.0210821 
0.0181 0.0095625 0.00735527 
-0.00204581 0.0152474 -0.00776924 
0.0298439 0.00876569 -0.0328 
0.026244 0.00338967 0.0252532 
0.0324564 -0.015 -0.00486444 
-0.0181 -0.00628313 0.0241651 
0.0271 -0.00163966 0.0339557 
-0.0193454 -0.00344413 -0.0103292 
0.0295527 -0.0124 -0.0292111 
0.00252295 0.00846799 0.0015 
-0.000186219 0.0124 -0.00517148 
0.0310506  0.015 -0.00300026 
0.0140774 0.0151423 -0.00657144 
0.0181 0.000418546 0.0063913 
-0.0161217 -0.0138294 -0.0107733 
0.0137005 -0.014403 0.00236937 
0.0228752 0.000904767 0.0398919 
-0.00234599 0.0112912 0.00383373 
-0.00640461 0.0114254 0.0015 
-0.0166 0.00657846 0.0192084 
0.0247985  0.012 0.00898706 
0.00772142 0.0124 -0.00322415 
-0.0145341 0.0133959 -0.00536072 
0.0170597 -0.0150377 -0.00316064 
-0.0166 0.0100547 0.0134797 
-0.00366432 -0.0153519 -0.0147454 
0.0230995 0.008656799999999999 0.0361461 
0.0106636 0.0151266 0.000731045 
0.0181 -0.0113576 0.0258038 
0.0125361 0.0124 -0.0184348 
0.00555085 -0.0149015 -0.0311626 
-0.0174303  0.012 0.00404664 
-0.0133524 0.009312930000000001 -0.00702606 
-0.0201 7.08451e-05 0.0250825 
0.00180352 0.0124 -0.00272715 
0.000855709 0.0124 -0.0249865 
-0.000299408 -0.0155152 -0.0288328 
0.018567 0.0147687 -0.0120216 
0.0277876 0.0124 -0.0037294 
0.00778097 0.0128652 0.00355566 
0.0210706 -0.015 -0.0237888 
0.0172062 -0.0124 -0.0186043 
-0.00487374 -0.0179303 -0.0165208 
-0.00619241 -0.0168488 -0.0204883 
0.0181 -0.00172169 0.0382423 
0.013191 -0.0151404 -0.00194776 
0.0186049  0.012 0.0153813 
0.0191616 -0.00336287 0.0228574 
0.0026645 -0.004 0.00201644 
0.0323678 0.008999999999999999 0.00157756 
-0.0166 -0.0047553 0.0187556 
0.0181 0.00542481 0.00758843 
0.0270966 0.0024759 0.0346279 
-0.0102308 -0.00976114 -0.00634259 
0.0181 -0.0108251 0.00235328 
-0.0255909 0.0105764 0.0264297 
-0.0181 -0.00722245 0.0317977 
0.00758874 0.0142006 -0.031785 
-0.0204131 0.00239861 -0.00100053 
-0.0209184 -0.0119973 0.0176729 
0.0214412 -0.0048307 0.0203553 
-0.0143946 0.0139064 -0.008862190000000001 
0.0241668 0.0148146 0.00291147 
0.0331737 -0.00600882 0.0034 
-0.00603956 -0.00234314 0.0015 
0.0247159 -0.0124 -0.0221813 
0.0233812 0.00601915 -0.0344 
0.0191251 0.0124 -0.00188008 
0.0128026 0.0151723 -0.00464938 
0.0205636 -0.0119973 0.0134403 
0.0223479  0.015 -0.0325931 
0.000477657 -0.00957036 0.0015 
-0.0181 0.00137449 0.0192021 
0.00134972 0.00442161 0.0015 
0.0265869 0.0087788 0.0034 
0.0352 -0.00239231 -0.0324226 
0.00788696 0.0153057 -0.00551831 
0.00835348 -0.0124 -0.0288392 
-0.0165547 7.70721e-05 0.0115172 
0.0211 0.00597459 0.0248803 
-0.0271 0.000861814 0.0163471 
0.00505099 -0.0108553 0.00410077 
-0.0166 0.00986854 0.0173834 
-0.00157176 0.0155214 -0.0204805 
0.0268772 0.00898647 0.0225799 
-0.00660571 -0.00359651 0.00528984 
0.0213042 -0.0128702 -0.0233477 
0.0162472 0.0124 -0.000854705 
-0.019579 0.00439878 0.0215483 
6.71174e-06 -0.0162508 -0.0206281 
0.010211 -0.0124 -0.0247496 
0.00337356 0.0155324 -0.0204919 
-0.0203879 0.0115462 0.031254 
0.0181 -0.00122291 0.0387715 
0.0174763 0.0138444 -0.00492994 
0.0074586 -0.0155015 -0.027105 
0.0270244 -0.000671241 -0.0344 
-0.023491 0.00132723 -0.0140173 
-0.000144897 0.00646148 0.00500653 
-0.00623437 -0.0124 -0.00967194 
0.0204832  0.015 -0.0117465 
0.0181 0.0100578 0.008247590000000001 
-0.0232713 -0.0116583 -0.0141818 
0.0279024  0.015 -0.00259439 
0.00464858 0.0046823 0.00187619 
0.0320411  0.015 -0.0105786 
-0.0172851 0.00129314 0.0180841 
0.0143083 0.0151553 -0.0109346 
0.0139407 -0.0124 -0.000789926 
-0.0271 0.000914013 0.0142202 
0.000437304 -0.0170914 -0.0207154 
-0.00940856 -0.0105014 -0.00175536 
-0.0211876 -0.0130452 -0.0123157 
-0.0258165 -0.00324421 0.0350421 
0.00178932 0.0124 -0.0279433 
-0.0238638 -0.00249002 -0.0134861 
0.0139944 0.0151622 -0.0098569 
0.015241 -0.0124 0.00149236 
-0.0249174 -0.0111274 0.0226854 
-0.021749 -0.00429007 0.0256669 
-0.0211978 0.00163012 -0.00599804 
0.008743219999999999 -0.0154485 -0.0257139 
0.0232544 0.011773 0.0293564 
-0.0243433 -0.0114642 0.0015371 
0.0315332 -0.0118412 0.0015 
-0.016086 -0.0128902 -0.00472418 
-0.0063103 -0.014602 -0.0267098 
0.0350564 0.0146573 -0.0111476 
-0.0251145 0.00569311 0.0355448 
0.0187107 -0.0139027 -0.0118922 
-0.0211 -0.00332025 0.0211462 
0.0101535 0.0113258 0.00413302 
0.0244265 -0.00786775 0.0362752 
-0.0122153 -0.00668566 0.00541303 
-0.0254792 -0.00739792 0.0356931 
0.0245446 0.0149747 -0.0337981 
-0.0245231 -0.00274273 0.024605 
0.00178834 0.00392881 0.00574304 
0.0352 0.0134159 -0.0166428 
0.0151711 -0.0151627 -0.0279871 
0.0217995 0.0118896 0.0114118 
0.0267638 0.0124 -0.0124594 
0.0171897 0.0150246 -0.000211407 
-0.0229766 -0.00262569 0.0343226 
0.0350436 -0.0146744 -0.0262117 
0.0337286  0.015 -0.0325749 
-0.00239923 -0.0155808 -0.0242491 
-0.0181 -0.00987449 0.0265072 
0.00349152 -0.0124 -0.0230676 
-0.00149382 -0.0181032 -0.0131068 
0.0238403 0.00892183 -0.0344 
0.0181 0.00682247 0.0330351 
0.0181 -0.000784209 0.0202298 
0.0254591 -0.0074407 0.0220125 
-0.0271 0.00135186 0.0132343 
0.00320381 0.015439 -0.0127773 
0.00537066 0.0124 -0.0198919 
-0.00952771 -0.0103942 -0.0231144 
0.00729715 -0.0124 -0.00371525 
-0.0235026 0.0117981 0.007845990000000001 
0.0199933 -0.00766252 -0.0303 
0.0280799 -0.00194886 -0.0322 
0.0124941 0.0124 -0.00322883 
-0.0271 -0.008621180000000001 -0.00541378 
-0.00962208 0.0140701 -0.0029057 
-0.0201428 -0.00141277 0.0015 
-0.0198754  0.012 0.018474 
0.018742 0.000678325 0.0321411 
0.016535 0.0150705 -0.0168692 
-0.0110482 -0.0094 -0.0119295 
-0.017677 -0.0119973 0.0109095 
0.0256573  0.004 0.00418062 
0.0181 -0.00219017 0.0348606 
-0.00279725 -0.0124 -0.0130073 
-0.0206429  0.012 -0.00277976 
0.0181 0.00502754 0.0156412 
-0.0271 0.00613704 -0.00320294 
0.028928 -0.0147352 -0.0341944 
0.0149208 0.0151049 -0.00532307 
0.00370057 0.0153851 -0.008276489999999999 
-0.0271 -0.000569456 0.00142009 
0.0260293 -0.00761661 -0.0303 
0.0221376 -0.0121796 -0.0303 
0.0223769 -0.009772660000000001 0.0015 
-0.0149879 0.0138538 -0.00933849 
0.0212118 -0.0119973 0.024138 
-0.0201 0.0104706 0.0259498 
-0.0253544 0.00715861 0.0246028 
-0.0105568 -0.00946759 -0.008666099999999999 
-0.0227152 0.0119573 0.0117656 
-0.00395462 0.0154134 -0.0173706 
0.0199202 0.0112927 0.032058 
0.0346595 0.0149564 -0.008597219999999999 
-0.0123589 -0.0094 -3.32521e-05 
0.0175126 0.008288240000000001 -0.0342601 
0.0143656 0.0151765 -0.0172452 
-0.0167024 0.00783615 0.0205686 
0.0148201 0.0151505 -0.0161531 
-0.0226465 -0.0119641 0.0242563 
0.00418485 0.0154336 -0.0130296 
-0.0163145 -0.0143884 -0.0168204 
-0.0267984 -0.008707380000000001 0.0210596 
-0.0271 0.001554 -0.00457932 
0.0243004 -0.0112148 0.0015 
0.0191139  0.012 0.00448227 
-0.019595 0.00251665 0.0313604 
-0.0271 0.00568789 0.00701472 
-0.00198454 0.015108 -0.00347716 
0.0211 0.00367866 0.0347222 
-0.0211 0.00655716 0.0320968 
0.0339633  0.015 -0.0299447 
-0.0227444 0.00303771 0.0310437 
-0.0261255 0.00996061 0.0230749 
0.0238057 0.00764085 0.0232646 
-0.0105201 0.0144471 -0.00785664 
-0.0121897 0.000282652 0.0015 
0.0315061  0.015 -0.0153748 
-0.0271 0.00224077 0.0336917 
-0.0209364 -0.0126991 -0.009865280000000001 
0.0278008 0.00740009 0.0110882 
0.0287069 0.0124 -0.0154204 
0.0200301 0.00434437 0.0215708 
0.00590279 -0.015471 -0.0184833 
0.0251948 -0.00713075 0.0214597 
-0.00420156 0.0124 -0.023475 
0.0278271 0.00343555 0.0198472 
0.0141501 -0.00634214 -0.0335005 
0.024603 -0.0119973 0.013542 
0.0267107 -0.0092193 0.0231648 
-0.0120693 0.0094 -0.008450869999999999 
0.0238439 -0.015 -0.012812 
0.0245285 0.00760824 0.0225788 
0.0268919 0.00858513 0.0240824 
0.0152454 0.0151587 -0.0329884 
0.0134419 -0.011 0.00243468 
0.00163088 -0.0155885 -0.0235717 
-0.00600185 0.00214892 0.0015 
0.0239511 0.000579602 0.0396158 
0.0183711 -0.00570785 0.0385542 
0.0181 -0.00928184 0.0205497 
0.0255681 0.0124076 -0.0344 
-0.0217763  0.012 0.0200056 
0.0191686 0.00720827 -0.0343997 
-0.0181 0.0115505 0.031227 
-0.0201 0.00509293 0.0273645 
-0.0166 -0.00713608 0.0177277 
-0.026779 -0.00316346 0.0349735 
0.0181 -0.00795623 0.0363486 
-0.009618089999999999 0.0103128 -0.00517084 
-0.0181 -0.00312179 0.0350635 
0.00513181 0.0155033 -0.0219209 
0.034339 -0.015 -0.0166621 
0.0230286 -0.00349101 -0.0344 
0.0228597 -0.00394704 0.0354541 
0.0208945 -0.0124 -0.000166139 
-0.0103856 -0.0135622 -0.000764659 
0.0129637 -0.0124 -0.0200011 
0.00968333 0.0124 0.000436304 
0.0182202 0.00346396 0.0323597 
0.0201 0.00654006 0.0306367 
0.0185687  0.015 -0.00224668 
-0.0108027 0.0137889 -0.00257684 
-0.0254437 0.00729938 0.0243795 
-0.0181667  0.012 0.003544 
0.0251849 -0.01194 -0.0344 
0.0346868 0.00559789 -0.0314 
-0.0173543  0.012 0.00594387 
0.00313796 0.00812944 0.0015 
0.0244168 -0.015 -0.0234348 
-0.0271 0.00592043 0.0192685 
0.0286908 0.000573732 -0.0322 
0.0335949 -0.0124 -0.0237558 
0.00772627 -0.0154599 -0.0224182 
0.0288059 -0.015 -0.0224929 
0.0164626 -0.0150767 -0.0175672 
0.017376 -2.93744e-05 -0.0342317 
0.0338951 -0.004 0.00357914 
0.0181602 -0.00243052 -0.0343442 
0.000525161 0.0124 -0.028639 
-0.0160603 -0.00666116 -0.0201973 
0.0202953 0.000962516 0.0399523 
-0.0181 -0.00534074 0.035089 
0.0208956  0.015 -0.0121548 
0.0202229 -0.0124 -0.00219806 
0.0107421 0.015251 -0.00675388 
-0.0158623 -0.00930049 0.00394353 
0.00327055 0.0124 -0.0177231 
0.0183021  0.012 0.0214787 
0.0329584 0.00343634 0.0102025 
-0.0197658 0.00216364 0.024404 
0.0293392 -8.555640000000001e-05 0.0049 
0.0115824 0.0151688 0.000203669 
-0.009948530000000001 -0.0153269 -0.023587 
-0.00431342 -0.0185001 -0.0150623 
0.0326394  0.015 -0.0231044 
-0.0201 0.008622579999999999 0.0301017 
-0.00630882 0.0124 -0.0118616 
-0.0129177 -0.0094 -0.0128554 
-0.0235568 0.0032565 -0.0138946 
0.020074 -0.00560217 0.0386084 
0.0242467 -0.00515459 0.0034 
0.0311251  0.015 -0.0218727 
-0.00779836 0.0119513 -0.000551269 
0.0274642 -0.00171354 0.0214762 
0.0234059 -0.0074978 0.0320608 
0.0035605 0.0153089 -0.00319086 
0.0188547 0.00343032 0.0334465 
0.0181 -0.0017511 0.0127069 
0.0215208 0.0006532140000000001 0.0399725 
-0.0221524 0.00945227 -0.0156167 
0.0352 -0.013778 -0.0151897 
0.0192467 -0.008961709999999999 0.0359769 
0.00488159 0.0154727 -0.016872 
0.0278738 -0.015 -0.0188174 
0.0258077  0.015 0.0008621049999999999 
0.006086 -0.0124 -0.00111334 
0.00199234 0.0124 -0.0280362 
0.0258734 -0.00230643 0.0235978 
0.0181 -0.0015134 0.0143956 
-0.009021329999999999 0.0108501 -0.0068852 
-0.00493655 -0.00448888 0.0015 
0.0308383 0.009466560000000001 -0.0342799 
-0.0246711 0.0117592 -0.0097456 
-0.0271 0.00251997 -0.00611336 
0.00331999 0.00680656 0.00515241 
-0.0265062 -0.00765509 0.0333875 
0.0185473 -0.015 -0.0334455 
-0.0194246 -0.0119628 0.0289021 
0.0193621 0.00586909 0.0342591 
-0.0215449 -0.0119973 0.0210766 
-0.0256574 0.0105117 0.0132332 
-0.0257839 0.00795327 -0.0100783 
0.0273182 -0.00100928 0.022393 
-0.0251079 -0.00757697 -0.0114049 
0.0181 0.00512175 0.0380899 
-0.0202072 0.00260022 -0.0109708 
0.0278689 -0.00631806 0.0196848 
0.0174225 -0.0150134 0.000408081 
0.0304787 -0.015 -0.000747688 
-0.009129200000000001 0.010753 -0.0167616 
-0.0194231 0.00868204 0.0249 
0.0187549 0.0105018 0.0015 
0.0156135 -0.0151379 -0.0275732 
0.0134041 -0.0152202 -0.017433 
0.00375065 0.0156124 -0.029017 
-0.00485008 -0.0155397 -0.0149047 
-0.0172296 0.0134953 -0.00971489 
0.010615 -0.0108095 0.00433481 
0.0223813 -0.015 -0.0300229 
0.00261956 -0.0124 -0.0214966 
0.0207484 -0.000478556 0.0399822 
-0.0213351 0.0115213 0.0313284 
-0.0191693 -0.0119973 0.00388857 
-0.0266068 -0.009159240000000001 0.0171644 
-0.0131458 0.00418136 0.0015 
0.0184259 0.00393755 0.0393247 
0.0129692 0.0152788 -0.0271895 
0.0200465 0.00505371 0.0249 
-0.0184692 0.00340683 0.0311 
0.0236214 -0.0124 -0.0223134 
0.0232287 0.00235701 0.033697 
-0.020502  0.012 0.0269561 
0.021741 -0.015 -0.0140297 
0.0294879 0.0124 -0.029089 
0.00765821 -0.0123711 0.00373387 
0.026156 -0.015 -0.0229264 
0.032644 -0.00610592 0.0034 
0.0026682 0.0124 -0.0223074 
0.0347846 -0.0149012 -0.0334541 
-0.0147751 0.0143564 -0.0139483 
0.0189248 0.0119073 -0.0303 
0.0220719 -0.0124 -0.0120304 
-0.00935156 -0.0105528 -0.0158351 
0.00282075 0.0153862 -0.008813990000000001 
0.000777457 -0.00764694 0.00474855 
0.0267578 0.0119663 0.0111695 
0.00618538 -0.00883836 0.00475525 
0.00133621 -0.0105563 0.0015 
-0.009909090000000001 0.0100508 0.0010223 
-0.00706854 -0.0124 -0.0245738 
0.0299869 0.0115529 -0.0328 
0.0284327 -0.00427253 0.0178735 
0.0257307 -0.00244625 0.0240601 
0.0237367 -0.00508456 0.0034 
0.0211961  0.015 -0.0321333 
0.0312164 -0.00955259 0.0112497 
-0.0271 -0.00310448 0.00957213 
0.0212034 -0.0143384 -0.0343875 
0.0181 0.008029059999999999 0.0195793 
0.00578342 0.0154314 -0.0139825 
-0.00205532 -0.0188256 -0.0161352 
0.0325551  0.015 -0.0297595 
0.0317812 -0.0124 -0.0281287 
-0.0271 0.00461708 0.0192517 
0.00840188 -0.0124 -0.008372839999999999 
0.0271076 0.00863881 0.021999 
0.0138519 -0.0116825 0.00415451 
-0.00472884 -0.0124 -0.0236755 
0.020399 -0.00414437 0.0315675 
0.0312402 0.0124 -0.0261297 
-0.0144448 -0.0136707 -0.00699015 
0.00984051 -0.0136142 -0.0324098 
0.0295199 0.00139459 0.0153029 
-0.0240928 -0.0115812 0.0232197 
0.0106531 -0.0124 -0.00614739 
-0.0271 -8.183230000000001e-05 0.00921801 
0.00384241 0.00764718 0.00495554 
0.00062046 0.0151243 0.000266893 
0.0227272 0.0124 -0.0092277 
0.0352 -0.00921839 -0.0334962 
0.0270853 -0.011141 0.0153023 
0.0010824 -0.00674636 0.0049811 
0.00386949 0.008712330000000001 0.0046573 
0.0181 -0.00882258 0.0354973 
0.0296501 -0.015 -0.0227742 
0.0164914 -0.00101792 -0.0322 
0.0347432 0.0149225 -0.0173586 
-0.00259248 -0.0124 -0.00438906 
0.0181 -0.00278358 0.0213828 
-0.0265574 0.00925903 0.0144461 
-0.0265326 -0.00930571 0.0216322 
0.0298112 -0.015 -0.00741911 
0.0186472  0.012 0.0214285 
-0.0271 0.0069949 0.0160063 
-0.00490296 0.0124 -0.0189321 
0.0126677 0.0124 -0.0203687 
-0.0146576 -0.00252247 0.00744353 
0.00137593 -0.0124 -0.0287979 
-0.008476579999999999 0.00636803 0.0015 
-0.0181 -0.00283255 0.0324379 
0.0174225 0.0150429 -0.0330688 
0.008988629999999999 -0.0124 -0.0239803 
0.0172209 0.0150231 -0.0336096 
0.0351317 -0.0145227 -0.0162111 
-0.0257309 0.00707845 0.0247103 
-0.0198845 -0.0119973 0.0269349 
0.0200756 0.0008698170000000001 -0.0344 
-0.0271 0.0066951 0.019627 
0.0181 0.00164112 0.0346766 
-0.0234194 0.00643664 0.0352022 
0.0181 -0.00580731 0.0313019 
0.0352 0.0135344 -0.0230466 
0.0181 -0.00392283 0.0198854 
0.0220383 -0.0128949 -0.00082232 
0.0347264 -0.0124 0.00146783 
0.0187587 0.00953763 0.0146941 
0.0259751  0.012 0.00797778 
-0.0211 0.00647415 0.0238616 
-0.0114852 0.0094 -0.00787935 
-0.0226137 -0.0119685 0.0200128 
0.00733955 -0.0124 -0.0259181 
0.0181 0.00471978 0.00848611 
0.00875718 -0.01415 0.0026648 
-0.0150465 -0.00765396 -0.014384 
-0.00726774 0.0124 -0.00366389 
0.023196 -0.006359 -0.0314 
0.00341929 -0.0123191 0.00365047 
0.0102196 0.0124 -0.0295772 
-0.00878059 -0.0110669 -0.00605886 
-0.020291 -0.0119973 0.0199847 
0.008275920000000001 0.0152983 -0.00577218 
0.0352 0.0141059 -0.0294451 
-0.0217495 0.00528787 -0.0161169 
0.0253009 -0.00465915 0.0257327 
0.0247211 0.0148136 -0.0137907 
-0.00180825 -0.0152495 -0.00741463 
-0.0248273 0.00766772 0.0361299 
-0.0235459 -0.00376227 0.0254731 
0.0342279 0.0115524 0.0015 
0.0289589 -0.00656093 -0.0314 
0.0132436 -0.00658895 -0.0332582 
-0.00487622  -0.02 -0.0110804 
-0.0116155 -0.0094 -0.0179168 
0.0323138 0.0103449 0.0089116 
0.0272 -0.0145989 -5.01403e-05 
0.021568 -0.015 -0.000335222 
0.00418342 0.00422679 0.002489 
-0.0209284 0.0133452 -0.0140221 
0.0189845 0.00335224 0.0328926 
0.0100436 -0.0124 -0.0174431 
0.0149048 0.007981510000000001 -0.0303 
-0.00226161 -0.0155558 -0.0222649 
-0.00823107 -0.0115617 -0.0139204 
0.0199928 -0.015 -0.0272478 
0.00371777 -0.015478 -0.0102758 
0.0221242 -0.00626867 0.0206953 
0.0130611 -0.0124 -0.00160291 
-0.0195468 -0.00482499 -0.0183479 
0.0183389 -0.0120954 0.00411297 
0.0121 -0.0135057 -0.0335694 
-0.0232765 0.0037683 -0.0142777 
-0.0243323 0.0071583 0.0345027 
-0.0213481 -0.0132617 -0.0162545 
0.0259783 -0.0104085 0.0222969 
0.0258959  0.015 -0.0283902 
-0.0271 -0.00032597 0.0321206 
0.0135681 0.0152504 -0.0275852 
0.02617 0.0137508 -0.0189666 
-0.0017206 0.00834554 0.0045161 
0.00208564 -0.0188917 -0.0102346 
0.0181 -0.0119444 0.00941285 
0.0185041 0.009504759999999999 0.0149601 
0.020497 -0.0140203 -0.0102839 
0.0181142 -0.0119973 0.0208821 
0.0206848 0.0125498 -0.0239055 
-0.00149707 -0.0180997 -0.0146717 
-0.00776993 0.0119769 -0.0113172 
0.0210103 -0.015 -0.0283466 
0.0232338  0.015 -0.0334272 
-0.00165058 0.0124 -0.00940448 
-0.00485111 -0.0154034 -0.0182434 
0.0346136  0.004 0.004117 
0.00272008 0.0110415 0.0015 
-0.00557874 -0.000523533 0.0015 
0.0108834 -0.0143868 -0.0328237 
-0.0151658 -0.00753712 -0.0201077 
-0.00869312 0.0153835 -0.0232829 
-0.00403583 0.0151379 -0.008093009999999999 
0.0351997 -0.0142117 -0.0146397 
0.0162178 0.015107 -0.0283784 
0.0196273 -0.00116452 0.0049 
0.00728586 0.0153217 -0.00564556 
0.0245536 -0.00354244 0.0253537 
-0.0260975 0.0100005 0.008476549999999999 
-0.00732912 0.00247573 0.0015 
-0.00440921 0.0121529 0.0036059 
0.00293114 0.0154913 -0.0168183 
-0.0194865  0.012 0.0236098 
0.018716 -0.004 0.00460881 
-0.0108436 0.0094 -0.0114615 
-0.0058352 -0.0143391 -0.026941 
-0.0181 0.00408288 0.0195894 
0.0256414 0.0124 -0.00949469 
0.00259921 -0.00902731 0.00444258 
0.0311795 0.0124 -0.0250966 
0.0181 -0.000113813 0.0353836 
0.0309186 -0.00781076 -0.0303 
0.00474344 0.0153979 -0.0101682 
0.00757056 0.0145705 -0.0317782 
0.0337664  0.015 -0.0288236 
-0.0132409 0.0142727 -0.0103999 
0.0188882 0.00350938 0.0311 
0.0346041 -0.0149735 -0.0101741 
-0.0159681 -0.008007139999999999 0.00541859 
0.0288279 -0.00674499 0.0168508 
-0.0171714 0.00421381 0.0189413 
-0.00487192 0.0124 -0.0244637 
-0.0241467 0.00753882 0.0367554 
0.028108 0.00971062 -0.0328 
0.0201 0.0068849 0.0300135 
0.00752091 -0.0124 -0.0215583 
0.028401 0.00918719 0.0101031 
0.0308696  0.015 -0.028672 
0.00594545 0.015364 -0.007943860000000001 
-0.0227908 -0.00346368 -0.0149067 
0.0235556 -0.0075659 0.0336118 
0.0183636 0.00774611 0.009794519999999999 
0.0338492 -0.015 -0.027234 
0.0124175 0.009181460000000001 -0.0303 
-0.009052269999999999 0.00105288 0.0015 
0.00418651 0.0155758 -0.0266049 
0.0112785 -0.0124 -0.0142856 
0.0306433 0.00224867 0.0133173 
0.0232821 0.0124 0.000634579 
0.0270582  0.015 0.000260228 
-0.0249045 0.00489477 0.0302521 
0.0116393 0.00962146 -0.0306114 
-0.0162753 -0.00727163 0.00648493 
0.00304164 -0.0194273 -0.0104428 
-0.0181 -0.0006403030000000001 0.0377287 
0.00338879 -0.0124 -0.0218734 
0.0277837 -0.015 -0.0151417 
0.0181 -0.009861089999999999 0.0240183 
-0.00361794 -0.0124 -0.0006969329999999999 
-0.0245249 -0.0113695 0.018694 
0.0167818 -0.0150611 -0.0175177 
-0.0178824 -0.0105296 -0.0197544 
-0.0208766 -0.009895269999999999 -0.0170084 
-0.0166587  0.012 0.0197507 
0.000294184 -0.0124 -0.0284064 
0.033847 0.0103015 0.00521802 
-0.00048353 -0.00755988 0.00471021 
-0.0247711 -0.00740429 0.0318268 
-0.0231974 0.00225635 0.0228989 
0.0195484 0.00276846 -0.0314 
0.0348733 0.00115835 -0.0322 
0.0271 -0.00425585 0.0288442 
0.0215264 -0.0127854 -0.009356959999999999 
0.0237435 -0.00313201 0.0309568 
0.0343416 0.00309092 -0.0344 
-0.00912081 -0.00249611 0.0015 
0.0230098 -0.00656136 -0.0344 
-0.0210237 -0.0119973 -0.00297151 
0.007829600000000001 0.00779739 0.00305095 
0.0299473 0.0111552 0.0015 
-0.0166 -0.00660106 0.0103467 
0.0315837 -4.69243e-05 -0.0322 
-0.0199285 -0.00385315 -0.0179959 
0.0262952 0.0141796 -0.0137907 
-0.0123969 -0.0094 0.00149012 
-0.0271 0.00100744 0.0172612 
0.0140624 -0.0124 -0.00694308 
-0.0168707  0.012 0.0148673 
-0.0157439 -0.00326158 0.008931329999999999 
0.00707568 -0.0114472 0.0015 
-0.016436 -0.0145477 -0.0203097 
-0.0117846 -0.0094 -0.0191585 
0.00278207 0.0124 -0.0190831 
-0.00560033 0.009637069999999999 0.0015 
0.0197767 0.00575243 0.0343337 
-0.0220287 -0.00764827 0.0329836 
0.018112 0.008630850000000001 0.0363329 
-0.0200744 0.0113294 0.0319436 
0.0243285  0.012 0.00781691 
0.0255924 -0.0107861 0.0222406 
0.0294231 0.00520275 0.0034 
0.0338219 -0.0102598 -0.0303 
-0.00998246 -0.009984700000000001 -0.0116327 
0.0183954 0.00698732 0.0117527 
0.0159735 0.0124 -0.0300124 
-0.0211984 -0.00739906 0.0340854 
0.00486671 -0.0154593 -0.0305934 
0.0314306 0.0124 -0.0104101 
0.0311368 -0.0052955 0.012546 
0.0256612 0.008076450000000001 0.0147983 
0.0243648 -0.00355134 0.0253591 
0.023241 0.009944440000000001 0.0107927 
0.0347058 -0.00117032 0.0049 
-0.0270517 -0.00173126 0.0354594 
-0.00923853 -0.0194142 -0.0177136 
0.0280489 0.0124 -0.0102832 
-0.00203867 -0.0199446 -0.0122424 
0.0205754 -0.0112066 -0.0303 
-0.00211317 -0.008614119999999999 0.00441954 
-0.0136179 0.0147967 -0.0183301 
0.0323104 0.00435014 0.0109776 
0.0137609 -0.0151552 -0.0068838 
-0.00408879 -0.0124 -0.0221085 
0.00150036  -0.02 -0.012886 
-0.0271 -0.0023655 0.00202845 
0.0204033 0.00762422 0.0104613 
0.0181 -0.00817521 0.00458279 
0.0177566 -0.0140184 -0.0184682 
0.00601219 -0.0124 -0.0270485 
0.0163423 0.0124 -0.0143589 
0.0141405 -0.0131047 -0.0234178 
0.0140258 -0.0120096 0.0015 
0.0119444 -0.01517 -0.000587796 
0.00700869 -0.0154543 -0.0196758 
0.0113191 -0.011 0.00161042 
-0.0215609 0.00189126 -0.0161997 
0.0193075  0.015 -0.0278402 
-0.0166466 0.00608705 -0.0183957 
-0.0234393 0.000947433 -0.0140981 
0.0203201 -0.0080994 -0.0303 
0.026877 0.0109509 0.0164647 
-0.0181 -0.00716282 0.0226552 
0.0224389 0.00278622 0.0313383 
0.0199143 0.00878864 0.0034 
-0.0227475 0.0119542 0.00652767 
-0.00972523 0.008820329999999999 0.0015 
0.0231112  0.012 0.00916141 
-0.0271 0.000915188 0.00647112 
0.0231683 -0.00371138 -0.0344 
0.0239599 -0.0135719 -0.0137907 
0.0309369 0.0118565 0.00615659 
0.0237294 -0.0022952 0.0324609 
-0.0212078 -0.00162038 -0.00859151 
-0.0225672 -0.0119752 -0.00260785 
0.007877189999999999 -0.0124 -0.0109219 
0.0324013 0.0124 -0.00532443 
0.0258395 0.008999999999999999 0.00171427 
0.0204119 0.000388409 0.0399895 
-0.0262972 0.009708609999999999 0.00359121 
-0.0166 -0.00240461 0.0163339 
0.0138342 -0.00329757 -0.0316019 
0.0342788 -0.0116644 0.0015 
0.028218  0.015 -0.0133801 
-0.0271 -0.00180831 0.00679939 
0.0304884 -0.0124 -0.0192159 
0.0246388 -0.0124 -0.0242584 
-0.0241446 0.00650341 -0.0129932 
0.0181115 -0.00662107 0.0034 
-0.0271 -0.00597998 0.0192756 
0.0276231 -0.00283833 0.0049 
-0.019461  0.012 0.0244368 
0.0181 -0.00802808 0.0292473 
0.0325046 -0.0110668 -0.0303 
-0.0127903 0.0115786 0.00272136 
0.0123478 0.008192980000000001 -0.030521 
-0.017203 0.00554215 -0.00538598 
-0.0230753 -0.00742747 0.0340192 
0.0201 0.00302992 0.0282755 
0.00414159 0.00418583 0.00436031 
0.00574413 0.0143759 0.0023565 
0.00293365 -0.0191317 -0.0102382 
-0.000464358 0.0155591 -0.0220442 
0.030462  0.015 -0.0233276 
0.0181 -0.00325169 0.0152991 
0.0191 -0.0147903 -0.0377957 
-0.0181 0.00152443 0.0335298 
0.0221774 0.0132665 -0.0144877 
-0.0223806 -0.0119869 0.0134582 
0.0190389 -0.0119973 0.0167903 
-0.000110494 -0.0124 -0.0212417 
0.0308696 -0.0124589 -0.0344 
0.00832429 0.0154844 -0.0311545 
0.00250131 -0.00757235 0.00484979 
0.013988 -0.0133942 -0.008070809999999999 
0.0352 -0.0044297 -0.0319472 
-0.0271 0.00185809 0.0101951 
0.0167193 0.008544380000000001 -0.0303 
0.0157408 -0.0116942 -0.0377866 
-0.0151491 -0.0016628 0.008006889999999999 
0.0262937 -0.0124 -0.03016 
0.0221437 -0.0124 -0.0243665 
-0.009526710000000001 0.0131292 0.00203976 
-0.0181 -0.00122936 0.0221195 
0.01652 -0.0122243 0.00402333 
0.0181 0.00358985 0.00518255 
0.0261495 -0.00243427 0.0319739 
0.023579 -0.0119973 0.0116596 
0.0352 -0.00488615 0.00375892 
0.0219356  0.015 -0.0331754 
0.0223241 -0.000523967 -0.0344 
-0.0161484 -0.00657492 -0.0192635 
-0.01058 -0.00729653 0.00489032 
0.0181 0.00905715 0.0164081 
0.0139008 -0.0137661 -0.0347405 
0.0241082 -0.00681626 0.021102 
-0.017335 0.00502344 0.0015 
0.0181 0.00268084 0.02342 
0.0187809 -0.014162 0.00326828 
-0.0271 0.00709161 -0.000363214 
0.0285635 -0.00381651 0.0174793 
0.0267379 -0.004 0.0048959 
0.0176698 -0.0150195 -0.0130656 
0.0208612 -0.00468295 0.0345269 
0.00292162 -0.0196197 -0.0184353 
0.0181 0.00879106 0.00591848 
0.0352 -0.00761223 -0.0308108 
-0.0209597 -0.0119973 -0.000826349 
0.0137209 0.00740412 -0.0303 
-0.0271 -0.00142996 0.0232627 
-0.00432044 0.0139374 0.00219221 
0.00885435 -0.0124 -0.0200748 
0.0328037 -0.0050116 0.0103886 
0.0298194 0.0124 -0.0214656 
-0.0266852 -0.008976659999999999 0.028345 
0.0286705 -0.0124 -0.00258414 
0.0181 -0.000176002 0.0104409 
0.021976  0.015 -0.0294231 
-0.0169517 -0.00578822 -0.008457869999999999 
-0.0170359 -0.0125177 -0.0204256 
-0.00396727 -0.0124 -0.0111593 
0.0317294  0.015 -0.0190049 
-0.0231508 -0.00212186 0.0396816 
0.0209899 -0.0142986 -0.0236307 
-0.0144663 -0.00690308 0.00686343 
0.008052719999999999 -0.0152544 -0.000241459 
-0.023859 -0.011677 0.0156155 
0.0349485 0.00312964 0.00612219 
-0.0234941 -0.0117979 0.008408469999999999 
-0.00397634 0.01365 -0.0277295 
0.0263732 0.000325841 0.0375789 
0.00738502 0.0124 -0.00660142 
0.028647 0.00528789 0.0172659 
0.029826 0.010336 0.0015 
0.0350662 -0.000156226 0.00537391 
-0.00723989 0.0154233 -0.0225913 
0.0316511 0.0124 -0.0285033 
0.0269073 0.00338106 -0.0344 
0.0271 0.00226251 0.0340633 
0.0181 0.00348629 0.00947636 
0.0219238 0.0106009 0.0336014 
0.0129464 0.00695917 -0.0330782 
0.0226281 0.00369 0.0049 
-0.0271 -0.00477052 0.0262981 
-0.0130683 -0.0122367 -0.0231531 
-0.0221856 0.000662807 -0.00730967 
-0.0227732 -0.00258617 0.0342511 
0.0287031 -0.015 -0.0266502 
0.0154045 0.0124 -0.0173676 
-0.024989 0.0034476 0.0385201 
-0.00501412 -0.0124 -0.0252081 
0.0333372 -0.00716488 0.009683550000000001 
-0.00124917 -0.0178428 -0.0151319 
0.0202136 0.00429267 0.0245083 
0.0300896 0.0111386 0.0102355 
0.0103388 -0.0153169 -0.0139231 
0.00446521 0.015296 -0.00182414 
-0.0258065 0.0064984 0.0351615 
-0.0194788 -0.0119973 0.00654682 
-0.0236627 0.00740897 0.0219366 
0.0162986 -0.0150515 -0.000661467 
0.0181 0.00172166 0.0397595 
0.0352 0.0134214 0.0023876 
0.0181 -0.00189417 0.0119671 
0.0300985 -0.0124 -0.0152994 
0.0352 0.0104875 -0.0330959 
0.0192621  0.015 -9.54707e-05 
0.0330167 -0.0116162 0.0015 
-0.00552034 0.0143396 -0.0270804 
0.0224816 -0.00729986 0.0243775 
0.034474 -0.000946603 0.00762372 
-0.009736180000000001 -0.0102065 -0.0119178 
-0.0201 0.003865 0.030195 
-0.000762963 -0.0140112 0.00249183 
-0.00634716 0.0154872 -0.0237619 
-0.00451412 0.0149003 -0.00362976 
0.0181 -0.000237673 0.0221397 
0.00302271 -0.0124 -0.0295905 
-0.0183986 0.00437129 -0.0135806 
-0.0166 -0.0114659 0.000836753 
-0.00245561 0.0130731 0.0031841 
0.0333306 -0.015 -0.00841241 
0.0181 -0.00268903 0.0215939 
0.02335 -0.0118506 0.0239181 
0.00481552 0.0154751 -0.0170014 
-0.00467509 0.0124 -0.0130944 
0.0335176 -0.015 -0.00665531 
-0.0251609 0.0109516 0.00446965 
0.031126 0.0124 -0.00735883 
0.0181 0.000358241 0.00714498 
0.0298101 0.0034285 0.0049 
-0.00694648 -0.0124 -0.00108405 
0.00459839 0.009506570000000001 0.0015 
0.0184227 0.0124 -0.0138011 
0.0254355 0.00694037 0.0311267 
-0.00958261 0.0150131 -0.0148647 
0.0161013 -0.0150913 -0.0159216 
0.0181 -0.00642813 0.0137519 
0.0157034 -0.0151465 -0.0324494 
0.0341632 -0.0124 0.000742727 
0.0333258  0.015 -0.0254463 
-0.00268263 -0.0126194 0.00343034 
-0.00375067 -0.0124 -0.00195352 
-0.0228352 0.00344208 0.0208124 
-0.0269057 0.00837126 0.00864126 
0.0112444 0.0151888 -0.0008674759999999999 
-0.00798073  -0.02 -0.0153982 
0.00201296 -0.0152475 -0.0017229 
-0.0201 -0.00338176 0.0274894 
0.0290964 -0.007867519999999999 0.0160106 
0.0274373 0.00819568 0.0208565 
-0.0137265 0.008946549999999999 -0.0039194 
-0.0201776 -0.009007650000000001 -0.0177195 
0.00999647 -0.0124 -0.0253741 
0.00130405 0.00221467 0.0043 
0.0181 0.00276584 0.0164998 
0.0240098 0.00256473 0.0316896 
0.0258663 -0.0119973 0.00765269 
0.0191 -0.0138638 -0.0366146 
0.008684799999999999 -0.0153232 -0.0104745 
0.0246932 -0.015 -0.0274999 
0.0291649 -0.015 -0.0126755 
0.00658609 -0.0124 -0.008024389999999999 
0.0241519 0.010276 0.0332647 
0.0303721 0.000825791 0.0137536 
0.0324341 0.00487176 0.0034 
0.019377 -0.0118772 0.0296847 
-0.0271 0.00517763 0.000771004 
0.0308059 -0.00830652 -0.0303 
0.00427941 -0.0156047 -0.0292619 
-0.0248212 -0.00315824 0.0309327 
-0.009115349999999999 0.014432 -0.00535137 
-0.0148679 -0.012365 -0.00128121 
-0.0265612 -0.00357791 0.0207259 
-0.0135583 -0.0149893 -0.0216443 
-0.00508416 -0.0189496 -0.020651 
-0.0234316 0.00256464 0.0342098 
0.00636018 -0.0113387 0.0015 
0.0181 -0.00390062 0.0305189 
0.0193537 0.00607812 0.0241844 
0.0258106 -0.00643447 0.0360989 
-0.0211 0.00447976 0.0312955 
0.0341164 -0.015 -0.0199734 
0.00455424 -0.0124 -0.0112155 
-0.00632203 -0.0124 -0.0110936 
0.0292908 -0.0124 -0.0256501 
0.0172613 -0.0083905 -0.0344829 
-0.0201 0.00910358 0.0254007 
-0.0166232 0.00610997 -0.0121132 
0.008310100000000001 -0.0124 -0.0103965 
0.0142355 -0.01259 -0.0216386 
-0.0166 0.00384451 0.0126112 
-0.00733441 -0.012369 -0.0239358 
-0.0271 -0.00542611 0.000754363 
0.0287007 -0.0124 -0.0259742 
-0.0271 -0.00389681 0.0197104 
0.0191 -0.00972202 -0.0346901 
0.015084 0.0151679 -0.026146 
0.031222 0.00533502 -0.0344 
0.0211 -0.00365993 0.0247231 
0.0211 -0.00520789 0.0313318 
0.0170383 0.0124 -0.016837 
0.0300024 -0.0124 -0.0176401 
-0.00940763 -0.0153805 -0.0141181 
0.0180231 -0.007 -0.0312638 
0.0191 -0.0118503 -0.0350968 
-0.02146 -0.0119973 0.019779 
0.0211 -0.00716191 0.0219609 
0.0300655 -0.008999999999999999 0.0025619 
-0.0182235 -0.0119973 0.0221804 
0.0270021 0.00796724 0.0279078 
-0.0271 -0.000865132 0.0303311 
-0.0247346 0.0037142 0.0353494 
0.025574 -0.0107225 0.0230077 
0.0258186 -0.0103353 0.0262447 
0.0339271 -0.00969737 0.00679884 
0.0133005 -0.0152695 -0.0301964 
0.0229252 -0.008999999999999999 0.00291869 
-0.0166 0.0116349 0.00467038 
-0.000605005 -0.0195171 -0.0206574 
0.0303782 -0.003234 -0.0314 
-0.0077533  -0.02 -0.018228 
0.0131895 -0.00694881 -0.0332625 
0.0292945 0.0114111 -0.0328 
0.0287492 0.00870814 0.0162532 
0.0342105 -0.015 -0.0273631 
-0.00594343 0.00292655 0.0015 
-0.0229429 -0.0119256 0.00233441 
0.0271781 -0.015 -0.0120943 
-0.0013642 -0.00707733 0.0015 
0.0121 -0.00953115 -0.0353449 
0.00230122 0.0124 -0.011996 
0.0294959 -0.011118 -0.0313687 
-0.021139 0.00494324 0.0389248 
0.0174369 0.0150226 -0.0047105 
0.0157232 -0.0124 -0.0141378 
-0.0177124 -0.00504329 -1.79539e-05 
-0.0215127 -0.00132176 -0.00637006 
0.0323025 0.0124 -0.0267902 
0.0261639  0.015 -0.0229597 
0.0150332 0.000150616 -0.0322 
0.0271337  0.015 -0.0321392 
0.00226305 0.00237475 0.0062178 
0.0339834 0.0124 0.000892723 
-0.0266125 -0.009147850000000001 0.00411549 
0.0269431  0.015 -0.0290004 
0.00156116 0.00333834 0.0043 
-0.00217023 -0.00832075 0.0015 
-0.00600728 0.0152957 -0.0158903 
-0.0243874 0.00344046 -0.0126879 
0.027074 -0.0114848 0.0139533 
0.0348121 0.00221444 -0.0322 
0.0217369 -0.00278082 -0.0344 
-0.0118595 -0.0133122 -0.0014893 
0.000375696 0.00656129 0.0015 
-0.0107334 0.0094 -0.0111169 
-0.0166 -0.00926717 0.016622 
0.0190595 -0.00253125 0.0049 
-0.0270817 0.00742662 0.0147694 
-0.0234884 -0.00391439 0.0304589 
-0.00574778 -0.0163393 -0.0205805 
-0.0100831 0.0060632 0.0015 
0.0181 0.00268771 0.0354489 
-0.0271 0.00631679 0.00541282 
-0.0161806 0.00654332 -0.00807269 
0.0135987 -0.0134993 -0.008421349999999999 
0.0181 -0.00546322 0.0253896 
0.0345287 -0.00135845 0.00749093 
0.0181 0.00449847 0.0123527 
-0.00255147 -0.015166 -0.00587552 
0.0181 0.00286115 0.00660244 
0.00339653 -0.000654828 0.00570702 
-0.0182636  0.012 0.0037072 
0.0290985 -0.0124 -0.0147852 
0.00225946 0.0124 -0.0170345 
-0.0174024  0.012 0.0159651 
0.00438538 0.0154348 -0.0132719 
0.0197742 -0.015 -0.000362253 
-0.0223046 0.000546294 -0.00505298 
0.000336459 -0.004 0.00296676 
0.0323556 0.008999999999999999 0.00285036 
0.0109739 -0.0153252 -0.0199648 
0.0181 -0.00137379 0.0196114 
-0.0115284 0.0094 -0.0109532 
-0.0201 -0.00243156 0.0312477 
-0.0132805 -0.0122964 0.000579266 
0.0240104 -0.015 3.42315e-05 
0.0133804 0.0130964 -0.008942739999999999 
0.0155563 0.0122623 -0.0303 
-0.0255953 -0.00822378 0.0346295 
-0.0166 0.0108046 0.00233228 
0.0212798 -0.0147954 -0.00150523 
-0.0271 0.00421183 -0.00475825 
-0.0271 -0.00212999 -0.00435867 
-0.0251434 -0.00727256 0.0361897 
0.0261939 -0.00758389 0.0224611 
-0.024777 0.0112203 0.00116846 
0.0224265 0.0119906 0.023342 
0.000482698 -0.0156352 -0.0267555 
0.020724 0.00335186 0.0329982 
-0.0200721 -0.0114928 0.0314304 
0.0191725 -0.0111311 -0.0303 
-0.0204178 0.00507734 0.0388638 
0.0219277 0.008999999999999999 0.00186514 
0.0029019 -0.0168232 -0.0203756 
0.00944821 0.0124 -0.0079696 
0.0168051 -0.0150793 -0.0314825 
-0.019692  0.012 0.00593176 
-0.00133332 0.0124 -0.0171053 
-0.026356 0.00556676 0.0358339 
0.0205809  0.015 -0.0279084 
-0.0271 0.00453001 0.000971649 
-0.0181 0.00891926 0.0323748 
-0.0174969  0.012 0.00242092 
0.0194478 -0.007842099999999999 -0.0303 
-0.00136315 -0.015831 -0.0179671 
0.0352 -0.0127706 -0.0246692 
0.0119951 0.0134292 -0.0329589 
0.0262967 0.009506489999999999 0.0145446 
0.0271 -0.00187539 0.0255412 
-0.00752046 -0.0121426 0.0015 
0.00481902 0.0153661 -0.00726441 
0.0201 0.000283303 0.031574 
-0.021171  0.012 0.0235862 
0.0280494 0.008999999999999999 0.00328784 
-0.00703412 0.0124 -0.0223661 
-0.0152179 0.00748608 -0.0206145 
0.0187262 -0.00473615 0.0345339 
-0.0218753 -0.00718477 0.0245629 
-0.0171926 -0.0143275 -0.0175369 
0.020667 0.00428831 0.021594 
-0.0211 0.00535939 0.0307269 
0.0190541 0.00505573 0.0345451 
-0.0122531 0.0137132 -0.0041367 
0.0251933 -0.0124 -0.0109646 
-0.000634241 -0.0124 -0.0161147 
0.00496404 -0.0154306 -0.013008 
0.00343817 -0.0120998 0.0015 
-0.0105101 0.00601379 0.0015 
-0.0100508 -0.0145304 -0.008028479999999999 
-0.0192942 -0.0119973 0.009891570000000001 
-0.0201926 0.00575655 0.0385195 
-0.00553898 -0.0171956 -0.0134081 
0.0327719 0.0124 -0.00225188 
0.0178653 -0.000432959 -0.0343083 
0.0100856 -0.0152599 -0.032234 
-0.0232998 -0.00605674 0.0381729 
-0.0228539 0.011942 0.00489345 
-0.0120186 -0.0094 -0.0230881 
0.0294983 0.00628839 -0.0344 
-0.00667721 0.000420529 0.00587338 
-0.0256911 -0.00486019 0.0372754 
0.0261422 -0.00561551 0.0361917 
0.0181 0.00184058 0.0179778 
-0.00606526 -0.0154517 -0.0216946 
-0.0199311 -0.00338669 0.0233851 
-0.0269415 -0.00239521 -0.00731813 
0.0211364 -0.00373496 0.0394017 
0.0303067 -0.0124 -0.0203656 
0.0210968 0.00352901 0.0223177 
-0.0134873 0.00280348 0.00646121 
-0.0166 -0.0112555 0.00576747 
0.00410931 0.0124 -0.0242653 
0.0238068 -0.015 -0.0102968 
0.0340623 0.0124 -0.0137789 
0.0229541 0.00125518 0.0398595 
0.0244276 -0.0124 -0.0245099 
0.0204367 -0.00335351 0.0229642 
0.0252779 0.00117391 -0.0322 
0.0271055 -0.0009941030000000001 0.025058 
-0.0250474 -0.00300516 0.034822 
0.0352 -0.0117511 0.00251323 
-0.0207984 0.0114916 -0.0170771 
0.0121 -0.0104376 -0.0355841 
0.0271065 -0.00303355 0.0250059 
0.0249506 -0.0111174 0.0245584 
0.00273916 0.000758113 0.0043 
-0.0201 0.00214934 0.0275068 
-0.0271 0.00436822 0.0152122 
0.0279442 0.0124 -0.0298428 
-0.00612679 -0.0124 -0.00426978 
0.0121 -0.0101789 -0.0335734 
0.0121085 0.0152748 -0.0183473 
0.0183006 -0.008999999999999999 0.00292472 
0.0270343 -0.0135778 -3.70341e-18 
0.0324285 -0.0121589 0.0015 
0.0044824 -0.0124 -0.0107977 
0.0248199 -0.00716652 0.0314087 
-0.00505561 0.0141838 0.00159962 
0.0245312 -0.00752032 0.0321322 
-0.0188603  0.012 -0.000547155 
0.014038 -0.0133982 -0.009534880000000001 
0.0181 -0.0014655 0.0169013 
0.0216904 -0.00456014 -0.0344 
-0.0186143 -0.0119973 0.009881549999999999 
0.0264284 -0.00817153 0.0034 
0.00129232 -0.004 0.00332446 
0.0124707 -0.0124 -0.0147237 
-0.00529375 0.0155228 -0.0236027 
-0.000612967 0.011796 0.0015 
0.0203548 -0.014376 -0.0242025 
0.0181 -0.002289 0.0242732 
-0.000564248 0.0124 -0.0122798 
0.0181 -0.008732439999999999 0.0319989 
0.0062289 0.0124 -0.0296086 
0.0336817 0.00946608 0.0015 
0.00647878 -0.0152014 0.000557821 
0.0268078 0.00235223 0.0363544 
0.00295244 0.0133358 0.00319751 
0.00742033 0.0106964 0.0015 
0.0284711 0.0124 -0.0120071 
0.0271632 0.00952364 0.0145284 
0.007818449999999999 -0.0124 -0.0289164 
0.00623843 -0.0155568 -0.0306207 
0.0264972 -0.008916510000000001 0.0308683 
0.0181 0.00397536 0.0350784 
0.00342308 0.0156197 -0.0292037 
0.006727 0.0133316 -0.0315255 
0.0340624 0.0141487 0.00328337 
-0.0271 -0.00681072 0.00574349 
0.0007720510000000001 -0.0124 -0.0136718 
0.0192579 -0.015 -0.0276343 
0.0262075 -0.00984691 0.0278984 
0.00462881 -0.0124 -0.0218719 
0.0270735 0.00750221 0.0258035 
-0.00487264 -0.0156143 -0.0201805 
-0.0133312 0.0149304 -0.0225077 
0.0177681 0.0014053 -0.0322 
0.0290821 0.0124 -0.0271475 
-0.0166485 0.0145598 -0.0197407 
-0.0189069 0.0136791 -0.0188044 
-0.0228375 -0.00248275 0.0219574 
0.0251892 0.0104871 0.0310368 
0.0163703 0.0055211 -0.0314 
0.0318524 0.00159484 -0.0322 
-0.0271 -0.00307016 -0.000808765 
0.0219535 -0.0115724 0.0311395 
-0.0271 0.00555933 0.00124726 
0.00121725 -0.0124 -0.00332483 
-0.008427250000000001 -0.0150001 -0.0123103 
0.0105501 0.0152293 -0.00374474 
0.009565250000000001 -0.0153148 -0.0113755 
-0.00894067 0.0122726 -0.0254663 
-0.0156442 0.00706866 -0.00617907 
-0.00713437 0.0154982 -0.0253479 
0.0128949 0.0152254 -0.0145352 
0.0137791 -0.0115429 -0.0376353 
-0.0181 -0.0095348 0.0217082 
0.0104327 -0.0103466 0.00264811 
-0.00837769 0.0114296 -0.0109843 
0.0232347 0.00462967 0.0389127 
0.0106391 0.0124 -0.0296448 
-0.000611371 0.0144887 -0.0291009 
0.0220564 -0.00262518 0.0315782 
-0.00234119 -0.0147334 0.00104292 
0.0298606 -0.0124 0.00055322 
0.0278089 0.0074 0.013112 
0.0181 0.00186875 0.0384125 
0.0346882 0.0149462 -0.0250332 
-0.0271 -0.00281207 0.0282107 
-0.0187788 -0.0135356 -0.0123415 
0.0102359 0.0104457 0.0015 
-0.0110581 -0.0094 -0.020171 
0.010512 0.0124 -0.009379780000000001 
-0.0211 0.00734773 0.0334747 
0.0201 0.0008645150000000001 0.0304749 
-0.0151653 -0.0136908 -0.00820474 
0.0181 -0.00851067 0.0260878 
-0.007954559999999999 0.000903805 0.005729 
0.0210073 0.0124 -0.0006421 
-0.0269806 0.00806404 0.0206896 
0.025085 -0.011888 0.0154952 
-0.0244553 0.00722902 -0.0125147 
0.00377838 -0.0124 -0.0140561 
-0.0145994 -0.00809177 -0.0193682 
0.027055 0.00748639 0.0294617 
0.0297286  0.007 -0.031162 
0.0202855 -0.0147533 -0.0242649 
0.0342111  0.015 -0.0309036 
-0.0194214 -0.009704580000000001 0.0350442 
-0.0211 0.00337166 0.0248622 
-0.00840495 0.0114051 -0.0170453 
-0.0267201 0.00290142 -0.007926870000000001 
0.0250128 0.0124 -0.00712434 
-0.0181 0.00768902 0.0345317 
0.008638359999999999 -0.009328039999999999 0.0015 
0.00329064 0.0124 -0.0237348 
-0.0224753 0.000379126 -0.0134254 
0.0278507 0.00981949 0.0169046 
0.0221283 -0.00257326 0.0243278 
0.0148616 0.0124 -0.00621232 
-0.0207409 0.00498427 0.0345482 
-0.0181 -0.008188010000000001 0.0319578 
0.0262596 -0.008810429999999999 0.0034 
-0.0267574 -0.00880887 0.00862111 
0.0160897 0.00502943 -0.0314 
0.0302076 -0.0106412 -0.0328 
0.0324497  0.015 -0.0250784 
-0.0157475 -0.0069675 -0.00553168 
0.0202396 -0.0119089 0.02945 
-0.0166 -0.0118092 0.0105998 
0.0102818 0.0124 -0.00146477 
-0.0127885 -0.00525289 0.0015 
-0.0166 -0.00678165 0.0167037 
-0.0106453 0.0122881 0.00318812 
0.026275 0.0142892 -0.018872 
0.0265889 0.009234559999999999 0.0248039 
0.0348846 -0.00709397 0.0063725 
0.0344214 -0.008999999999999999 0.00312291 
0.02613 0.00270041 0.0049 
0.0327325 -0.0124 -0.0282647 
-0.0234764 0.0118038 0.0249558 
0.0117409 -0.0124 -0.008042809999999999 
-0.0202722 0.0133351 -0.0129743 
0.0219921 -0.0119099 0.0294519 
-0.0201 0.007901119999999999 0.0287066 
0.00467063 0.0155635 -0.0262013 
0.0352 0.0127397 -0.0228265 
0.0199336 0.0114087 0.0316888 
-0.0182323 -0.00453416 -0.0126943 
0.0242844 -0.015 -0.0208342 
-0.0228612 0.00860288 -0.0147553 
0.00287011 -0.015615 -0.0271854 
0.00149283 0.00591219 0.00523685 
-0.0156493 0.00706368 -0.00315224 
0.00333733 0.0124 -0.0270358 
0.0330486 -0.0124 -0.00734872 
0.0181 -0.00101347 0.0135657 
0.022182 0.00719966 0.0314602 
-0.0136772 0.00899484 -0.00486279 
-0.0235387 -0.0117819 0.0212062 
0.0305314 -0.00407303 -0.0344 
0.0274753 0.00759649 0.0212539 
-0.00777463 0.0119726 -0.00588638 
-0.019354 0.0103869 0.0339918 
-0.0196232 -0.013883 -0.0176442 
-0.0166 -0.0101941 0.0168595 
-0.0247228 -0.0112526 0.00445442 
0.0231248 -0.00541849 0.0034 
0.0281666 -0.00531986 0.0034 
0.0151288 -0.007 -0.0313105 
-0.0181 -0.00598348 0.0274445 
-0.0136495 -0.00474507 0.0015 
0.012243 -0.011 0.00270306 
-0.0227521 0.00721506 0.0344143 
-0.0191677 -0.0125495 -0.00689616 
0.0303263 0.0103942 0.0109619 
-0.0157989 -0.0140667 -0.0123035 
0.0181 -0.00467071 0.0184181 
-0.0182071 -0.0138903 -0.0144643 
0.0215803  0.012 0.0058513 
0.0201 -0.00275273 0.0300625 
-0.0213716 -0.0119973 0.0160668 
-0.00786561 0.0118907 0.00126014 
0.0305654 0.0117876 0.00743578 
0.028811 0.0124 -0.00226081 
0.0273385 0.0124 -0.00211789 
0.00476458 0.0047959 0.00201943 
-0.009246239999999999 -0.0163669 -0.0126548 
0.0178018 0.0125136 -0.0127106 
0.0272184 0.0124 -0.0172386 
0.0149036 -0.0150886 -0.000499916 
0.0181 -0.0100104 0.0163882 
0.0201 -0.00326673 0.0296079 
0.000371419 0.0146307 -0.0294514 
-0.0165567 0.00133885 0.0115424 
0.0118742 0.0152605 -0.0140363 
0.0181 0.00510265 0.00540269 
-0.00195726 -0.0010995 0.006074 
0.00717924 -0.0124 -0.0289336 
-0.0183927 -0.0119973 0.0269866 
0.00150721 -0.0124 -0.0201837 
-0.0169259 0.0120939 -0.00253841 
0.0203119 -0.015 -0.0146879 
0.0321861 -0.0132445 0.00364871 
-0.0203864 0.00273966 -0.0171759 
0.0269511 0.00841019 0.0149452 
0.0160591 -0.015018 -0.0113547 
-0.009240490000000001 -0.0171006 -0.0113098 
0.0185895 0.013392 -0.0343822 
0.0241158 -0.00561877 0.0381112 
0.0351582 -0.0144544 -0.00834145 
-0.0215479 -0.00340128 0.0395027 
0.00908964 -0.0124 -2.17004e-06 
0.0181 -0.0102529 0.0168747 
-0.00337373 0.0124 -0.0223136 
-0.009491400000000001 0.00159324 0.00562394 
0.0191 -0.014306 -0.0362351 
-0.0265643 -0.0037952 0.0254903 
0.0113104  0.011 0.00234676 
0.0267627 -0.0124338 -0.0184328 
0.0225179 0.00265494 0.0244685 
-0.0237238 0.0092882 -0.0135732 
-0.0124156 -0.0118519 0.00250381 
-0.0271 -0.000443921 -0.00322008 
0.0314012 0.0124 -0.000377331 
0.0239544 -0.00255514 0.0341915 
0.0202266 0.00466471 -0.0344 
0.00144775 0.0124 -0.0185001 
-0.0181 -0.0110084 0.0296719 
-0.018731 -0.00404583 -0.0107744 
0.0187913 0.0120714 -0.0343884 
0.0227471 -0.00829273 -0.0303 
-0.0181 0.00416233 0.0352873 
-0.0212978 -0.00555104 0.0303201 
-0.00361529 0.0155166 -0.0215663 
0.0151219 -0.0124 -0.00291846 
-0.0245841 -0.0103975 0.0325021 
0.0130735 -0.0124 -0.009474410000000001 
0.00314253 -0.0103265 0.00413565 
0.0236903 -0.015 -0.0293473 
0.0348251 0.00814164 0.0060231 
0.00541304 0.0154621 -0.0172262 
0.00239812 0.0124 -0.0187295 
-0.0271 0.00261537 0.0200819 
0.000295984 -0.0189266 -0.0207271 
0.0219801 -0.0124 -0.0238942 
-0.0201 -0.00106476 0.0307201 
0.0239093 -0.0119973 0.00886984 
0.0350189 -0.0124 -0.00609788 
-0.0166 0.0111602 0.008341029999999999 
0.025397 0.00289891 0.0311951 
0.0297658 0.0120955 -0.0337109 
0.019308 -0.015 0.00136112 
-0.00149632 -0.0124 -0.000359218 
-0.0250281 -0.00171523 -0.0116549 
0.0352 0.00940555 0.00240389 
-0.000769303 0.0154013 -0.0125334 
-0.00405811 -0.00567565 0.0015 
-0.00951897 0.0134487 -0.0251606 
-0.0182239 -0.0130781 -0.00859824 
0.0201 -0.00098471 0.0249262 
0.0195049 -0.015 0.000749193 
0.0148894 0.0124 -0.0182019 
-0.00433283 -0.015174 -0.00927678 
-0.0240318 -0.010422 -0.0131203 
0.0185164 -0.00038184 0.0238214 
-0.0201 0.00471874 0.0282819 
0.0181 -0.000262549 0.0212413 
0.0350494 -0.00604618 0.00540191 
-0.0119516 -0.0140779 -0.00646671 
-0.0125233 -0.0094 -0.0109725 
-0.000725677 -0.0124 -5.73534e-05 
0.0190621 -0.0124 -0.00073036 
0.0281387 -0.015 -0.0259776 
-0.0104035 0.00730903 0.0015 
0.0296259 -0.015 -0.0301185 
-0.0112223 0.0104152 0.00446797 
-0.0234814 0.00339257 0.0351553 
0.0137868 -0.0124 -0.0150993 
-0.0153531 -0.0082696 0.00540279 
0.0181 -0.0101965 0.0023616 
0.0272803 0.011333 0.0141635 
0.0211819 -0.00491503 -0.0344 
0.0112534 0.0153354 -0.0245312 
0.0346013 -0.00352679 -0.0314 
-0.0222114 0.0119951 0.00893967 
0.0124177 -0.0124 -0.0259708 
0.0208153 -0.015 -0.00153915 
0.0280679 0.00470899 -0.0344 
0.00175806 0.0124 -0.0187768 
0.0149297 0.00838564 -0.0336799 
-0.0171276 -0.00319132 0.0185306 
0.0191 -0.0112064 -0.0353837 
0.00704248 0.0124 -0.0206529 
0.0342331 0.013227 -0.0344 
0.00692733 -0.015301 -0.00352562 
-0.00594082 0.01363 0.00231271 
0.0194853  0.015 0.000226111 
0.00208275  0.004 0.00168885 
-0.0164862 0.00672876 -0.0206948 
0.0181 0.0101962 0.009155979999999999 
-0.00327622 0.0151771 -0.00775652 
-0.027096 0.00709245 0.008652699999999999 
-0.0211 -0.0062772 0.0317383 
-0.0133045 -0.009359869999999999 -0.0005101939999999999 
-0.0188823 -0.0117257 0.0305155 
0.0201 -0.00195125 0.0302227 
0.0108941 -0.0125726 0.00374697 
0.0248637 -0.00558678 0.037653 
-0.0051695 0.0149374 -0.00548272 
0.0338589 0.0124 -0.008703310000000001 
0.0181 0.000230552 0.00881619 
-0.0271 -0.00612539 0.0050187 
-0.00716807 0.0129475 0.00288821 
0.007994660000000001 -0.0151831 0.000650046 
-0.0245486 0.00716467 -0.0123606 
0.0244049 0.00741146 0.0139783 
0.00800347 -0.0152949 -0.00600398 
0.0282892  0.015 -0.0230449 
-0.00204489 -0.0124 -0.0247884 
0.00599 -0.0134363 -0.0313056 
0.0207846 -0.0128344 -0.0157418 
0.0197266 -0.00985274 -0.0303 
-0.00644595 -0.0154396 -0.0217831 
-0.00415179 -0.0198115 -0.0153053 
-0.0215307 0.00928704 -0.0163199 
-0.0115221 -0.0127761 0.000983135 
0.022041 -0.00535393 -0.0314 
-0.0201 0.000416416 0.0318705 
0.0238873 -0.015 -0.0263201 
0.0312923  0.015 -0.00492514 
0.0207182 -0.0050189 0.0388915 
0.00339653 -0.00224296 0.00599617 
0.0205248 -0.0119172 0.0293587 
-0.0014847 -0.0154434 -0.0154469 
0.0273055 -0.015 -0.00447274 
0.0181 -0.00528858 0.0142212 
-0.0069696 -0.0120048 0.0015 
0.035178 0.008661139999999999 0.00450291 
0.0339694 -0.015 -0.00525463 
0.0201846 0.00341246 0.0333898 
0.0248824 -0.0124 0.000785748 
0.018582 -0.0148234 -0.0120081 
-0.00651778 -0.0178761 -0.0206964 
0.0102987 0.0124 -0.0235984 
0.0261751 0.00491214 0.0356481 
-0.00585596 -0.012132 0.00358466 
0.0183308 0.0124 -0.00175853 
-0.0181 -0.00570506 0.0245781 
-0.0233225 0.0118471 -0.00628709 
0.0309794 0.0105228 -0.0328564 
-0.0086132 -0.0112176 -0.00443294 
0.0338882 -0.0124 -0.0023397 
0.0215223 -0.0119973 0.00435029 
-0.0162947 0.00340244 0.0102579 
0.00675371 -0.0124 -0.0232435 
0.0236088 0.00724723 0.0315337 
-0.00149105 -0.0181143 -0.0113202 
0.00525681 0.0124 -0.00704313 
-0.0181 -0.00434644 0.0313405 
0.0262619 -0.0029196 0.0248293 
0.0243558 0.007374 0.0242375 
-0.00262484 -0.0124 -0.0269024 
0.029771 -0.00134527 0.0148304 
0.0172432 0.0112193 -0.0303 
0.0212937 -0.000414652 -0.0322 
0.0267878 -0.0124 -0.009801580000000001 
0.033661 0.0124 -0.0160596 
0.012892 -0.0151436 -0.0007153110000000001 
0.011919 -0.011 0.00177373 
0.00994781 -0.0141151 0.00271237 
0.0181 -0.0117212 0.0295038 
-0.0271 0.00403274 0.019616 
0.0352 -0.0124244 -0.0300557 
-0.0191797 0.00360643 -0.00294539 
-0.017386 0.00536294 -0.00345752 
0.013493 0.015127 -0.00128828 
-0.0117451 -0.013716 -0.00343641 
-0.0201 0.00745391 0.0295395 
0.0272329 0.000542169 0.0230843 
-0.0166 0.00743621 0.0198243 
0.0196195 -0.00326928 0.0253684 
0.0293857 -0.0124 -0.0251454 
0.0341262  0.015 -0.0252847 
0.024188 -0.0075461 0.0223145 
-0.0222173 0.000631801 -0.008459889999999999 
0.0171946 0.0150245 -0.00367926 
0.0268637 0.00652527 0.0252423 
0.0347618 -0.0124 -0.0222039 
0.0274083 -0.015 -0.0242261 
0.0228755 0.0121658 -0.0303 
0.033991 -0.0139642 0.00335791 
-0.00148782 -0.0124 -0.0100584 
0.0201141 -0.015 -0.00179531 
0.0117916 0.0152511 -0.0113662 
0.00672205 0.0153131 -0.00384606 
0.0181 0.00753508 0.0204664 
0.0215042 -0.015 -0.0311171 
0.021943 -0.00315441 0.0349638 
-0.00336978 0.0128012 0.00331221 
-0.008688629999999999 -0.0128327 -0.0255978 
-0.00303056 0.0124 -0.008624720000000001 
0.00285397 0.0154175 -0.0107782 
0.0209438 -0.009775799999999999 0.034945 
0.00810519 -0.0154827 -0.0273712 
-0.0271 0.008499909999999999 -0.00152798 
0.032883 -0.0129318 -0.0344 
0.0320255 0.0146689 0.0030479 
0.0265295 0.0108026 0.0180321 
0.00233313 0.0140233 -0.0301068 
0.0257814 -0.00276931 0.0345411 
0.0320593 0.0124 -0.00350273 
-0.008860399999999999 -0.00427057 0.0015 
0.0320106 0.0124 -0.00559565 
-0.0219962 -0.0121932 -0.008637509999999999 
0.03515 -0.0113776 -0.033878 
-0.0171658 -0.0119973 0.0187827 
0.0323667 0.0101111 0.0015 
-0.022327 0.000524391 -0.00632252 
0.0352 -0.0139964 0.0019484 
0.0181 0.00488563 0.0156055 
0.0298007 -0.00730212 -0.0344 
0.0198467 -0.0124 -0.000849525 
0.0208396 -0.00893129 -0.0303 
0.0181 0.0115089 0.0166799 
-0.0271 -0.00556465 0.0189706 
0.0270938 0.0135888 -0.0137907 
0.007822610000000001 -0.0130859 0.003451 
-0.0166 -0.00206187 0.0144008 
-0.0092385 -0.0164167 -0.0108449 
-0.0201 0.00543455 0.0274378 
0.0334683 0.0124 -6.06275e-05 
0.0342047 -0.012702 0.00386789 
0.027262 0.008999999999999999 0.00169502 
0.0337569 -0.000384084 -0.0344 
0.0179781 -0.00269553 -0.0314 
0.0168388 -0.0150445 -0.00291152 
0.0349592 0.014772 -0.008441890000000001 
-0.0156451 0.00706773 -0.0143838 
0.00112968 -0.0124 -0.0240575 
0.0110633 0.0124 -0.019749 
0.020535 -0.0120973 0.0015 
0.0271 -0.0007863119999999999 0.0277229 
-0.00614583 0.0153807 -0.0193089 
0.0328089  0.015 -0.0135402 
0.0213883  0.012 0.00903113 
0.024556 -0.0118791 0.0170589 
0.0268088 0.000558348 0.0366512 
0.0180773 -0.00915268 -0.0303 
0.00225867 0.0124 -0.0201259 
0.0329084  0.015 -0.00708688 
-0.00629855 0.0125162 -0.0265249 
0.0284976  0.012 0.00616832 
0.0181 -0.00324807 0.0222377 
0.0200378 -0.0108537 -0.0344 
-0.0170315 -0.00571012 -0.0127437 
0.00508151 -0.0155116 -0.0209257 
0.0125931 -0.0153164 -0.0330879 
0.0272252 -0.0113112 -0.0335063 
0.009425340000000001 0.0120011 0.0015 
0.0240177 -0.001636 0.0394917 
0.0227467 0.0119574 0.0244935 
0.0196938 -0.00608329 0.0034 
-0.000230153 -0.0144366 -0.029238 
-0.0145215 -0.00816805 -0.00649694 
-0.000843709 -0.0124 -0.0128429 
-0.025645 -0.00662575 0.0209363 
0.0107025 -0.0124 0.00111505 
0.0268037 0.0106156 0.0178586 
0.0271 -0.00696678 0.0284971 
0.0220137 -0.0119973 0.0116637 
0.0229063 0.0119459 0.0233864 
-0.0171404 0.00560347 -0.0190451 
0.0265047 -0.0100343 0.0210295 
-0.0211344 0.00251642 0.0242177 
0.0139885 -0.0152189 -0.0257331 
0.0101393 0.0119281 0.0015 
0.0348413 -0.0124 -0.0137224 
0.0181911 -0.015 -0.0129652 
0.0248464 0.0105954 0.0114074 
0.0139878 -0.0150289 -0.009489650000000001 
0.0181 -0.00733657 0.00544045 
0.0305083  0.015 -0.0160819 
0.0252005 -0.00462043 -0.0314 
0.0271478 0.00647823 -0.0344 
0.0342834 0.0124 -0.0289459 
-0.00804566 -0.0117286 -0.00224716 
-0.0191015 -0.0119386 -0.0187073 
-0.0181 -0.00278171 0.0248043 
0.0289385  0.015 -0.00669849 
-0.0136301 0.00904102 -0.0188057 
0.0138665 -0.0152152 -0.0213219 
-0.0267012 0.00894489 0.00501898 
0.0292269  0.012 0.00507045 
-0.0145038 -0.00576196 0.0015 
0.0324577  0.015 -0.0308073 
-0.008225349999999999 -0.0115668 -0.00998811 
-0.0143019 -0.00931601 -0.0223748 
0.0201 -0.00186558 0.0275501 
-0.0271 0.00653163 0.00413517 
-0.0205708  0.012 0.0270768 
0.0181628 -0.00544412 -0.0343469 
-0.0271 0.00356016 0.00140762 
0.0181 -0.0012009 0.0149876 
0.00325947 -0.00401609 0.0015 
0.0177543 -0.0150157 -0.0146068 
-0.0261767 0.009893849999999999 0.00406966 
-0.0266282 -0.00161057 0.0369679 
-0.014521 -0.012589 -0.00167619 
0.0264925 -0.00151996 0.0372526 
-0.00621507 0.0050515 0.00506108 
0.0156622 0.01505 0.000504709 
-0.0200887 -0.00592527 0.0316835 
-0.0210619 -0.00176325 -0.0133895 
-0.0212549 -0.0119973 0.0230163 
0.0315222  0.015 -0.0274005 
-0.00480328 0.0124 -0.0169112 
0.0305049 -0.000154464 0.0135412 
0.0244006 0.0124 -0.0126401 
-0.00263292 0.0124 -0.00491091 
0.0224502  0.015 -0.0116372 
-0.0271 -0.00919556 -0.0056216 
0.0212281 0.00257429 0.0217717 
0.0152512 0.0151182 -0.0107479 
-0.00986362 0.0149965 -0.0248358 
-0.00924881 0.0106453 -0.00376323 
-0.0181 0.00669426 0.0334653 
-0.009402590000000001 -0.0147478 -0.0252172 
-0.0143479 0.00833804 -0.00785716 
-0.0166 -0.00926511 0.0184917 
-0.0256169 0.0113086 -0.00886166 
-0.0248233 0.00748994 0.0338636 
-0.014584 0.008106850000000001 -0.00863414 
0.0230902 -0.000814793 0.039868 
0.0196481 -0.0119973 0.0213998 
0.00383007 -0.0131537 -0.0306272 
0.0330159 -0.00438536 0.0034 
0.0281041 -0.00109571 -0.0322 
0.00946578 -0.0153322 -0.0130547 
-0.0181536 0.0111575 -0.0195169 
0.0279366 0.0124 -0.008231570000000001 
0.0215609 0.00982296 0.0142457 
-0.0271 0.00630595 0.00482952 
-0.00306852 -0.0124 -0.000941833 
0.0325338 0.0015357 0.0049 
-0.0157696 0.00694587 -0.0035264 
0.0217457 0.0050825 -0.0314 
0.0352 0.00402274 -0.0333922 
0.0218663 0.00686326 0.0249548 
0.019651 0.0107007 0.0114118 
-0.00964344 0.0140808 -0.00301511 
-0.0235857 -0.00724534 0.034369 
0.0185261 -0.015 -0.00385834 
0.0204323 0.0109356 -0.0303 
0.0125402 -0.011 0.00195646 
0.0196236 -0.0119973 0.0173257 
0.00984606 0.0152869 -0.00857582 
0.00290272 0.015327 -0.00513798 
-0.0132986 0.00467569 0.0015 
0.0181 -0.0119726 0.00890118 
-0.00413627 -0.0191182 -0.0116767 
0.00306182 -0.0185969 -0.0134814 
0.0116671 -0.0152282 -0.00730774 
0.0216957 0.00254582 0.0317259 
-0.0166 0.00686039 0.00745767 
0.008594829999999999 -0.0124 -0.0305002 
0.0145693 -0.0124 -0.0193238 
0.0304154 0.0074 0.012113 
-0.0211 0.00398364 0.0349175 
-0.0246097 0.0113243 0.0195836 
-0.0166 -0.0111785 0.0153538 
-0.0211 -0.00646425 0.0238726 
-0.00110284 -0.0160427 -0.0172445 
-0.0232526 0.0118651 -0.008341960000000001 
0.0258716 -0.0107291 0.0209098 
-0.0271 -0.00469291 -0.000676116 
-0.0217165 0.00704564 0.0377094 
0.00393629 0.0076605 0.0015 
-0.0166 0.00564254 0.0159417 
0.0206543 0.00488213 0.0345468 
0.0170884 -0.0124 -0.0287982 
0.0147642 -0.0151616 -0.0183061 
0.0202032 0.0124 -0.0268183 
0.0352 0.0141512 -0.0195321 
0.00326651 0.0152628 -0.000686022 
0.0304963 -0.0124 -0.00536151 
0.0272 0.0134344 -0.0029177 
0.0274755 -0.0124 -0.0291085 
0.0181 0.00173558 0.0392706 
-0.0181 0.00277527 0.0313312 
0.0267222 -0.00135642 0.0367899 
0.00248967 -0.0193848 -0.0102584 
0.0206297 0.00355796 0.0337379 
0.0211 -0.00707706 0.034607 
-0.0271 0.00621792 -0.00159624 
-0.0251117 -0.00764854 0.0229952 
0.024065  0.015 -0.0281094 
-0.000466659 0.000523555 0.00638532 
0.0208234  0.012 0.016911 
-0.0218869 -0.0074575 0.0339452 
0.0239119 0.0124 -0.0112432 
-0.00118566 0.00273785 0.00579556 
-0.0271 0.00467128 0.00899379 
-0.0227302 0.0119578 0.00175794 
-0.00313262 -0.0124 -0.00212376 
-0.0239298 0.00533073 0.0302792 
0.0181 -0.00349083 0.00515105 
0.0301931 -0.015 -0.0244405 
-0.0204369 -0.00237531 -0.00657601 
-0.00483284 -0.0155993 -0.0108717 
-0.0181 -0.00113445 0.0231874 
0.0024178 0.0124 -0.0223711 
0.0195079 0.00741931 0.0311 
-0.0270483 -0.00967639 -0.00667696 
0.0162914 0.0124 -0.017561 
-0.0271 -0.00204086 0.0234052 
0.0201 0.00524323 0.0291279 
0.0146503 -0.011 0.00321925 
0.0165962 -0.0144025 -0.0118382 
0.0250623 -0.0144442 -3.93972e-18 
0.0330629 0.00265493 0.0100716 
0.00591915 0.0131679 0.00336552 
0.00864521 -0.0152651 -0.00392864 
0.0267873 0.0104449 0.0112653 
0.0341594 0.000328112 -0.0322 
0.0201588 -0.0036069 0.0338169 
0.0186562 0.0124 -0.00326836 
0.00715039 0.0124 0.000911758 
-0.0200538 -0.00204 0.0398171 
0.0328504 -0.00302255 0.0049 
-0.02153 -0.00926533 -0.0163279 
0.0268637 0.009059060000000001 0.0224303 
0.0104596 0.0146303 0.00203688 
-0.0181937 0.00342198 0.0235205 
0.00696744 -0.0154492 -0.0189881 
-0.0168028 0.00593407 0.000769734 
0.0213361 -0.015 0.00123317 
0.0280793 -0.015 -0.00348578 
-0.00128869 -0.00518991 0.00521009 
-0.00410618 -0.0124 -0.0120526 
0.0181 0.009333839999999999 0.0248152 
0.0214794 -0.00724648 -0.0344 
0.0261312 0.0134029 0.0035847 
0.008716089999999999 0.0086655 0.00464231 
-0.0271 -0.00220196 0.009653149999999999 
0.0244123 -0.011139 -0.0344 
0.0201 -0.00395581 0.0284602 
-0.0242904 -0.0114898 0.0175257 
0.00403304 -0.0124 -0.00336806 
-0.0211 -0.0047531 0.0213739 
0.00817667 -0.0124 -0.02247 
-0.0135577 -0.009430559999999999 -0.0226071 
0.00973309 -0.0154072 -0.0252291 
-0.0251244 0.00763355 0.0358721 
-0.0207466 0.0123118 -0.00770146 
-0.0166 -0.00216296 0.0160996 
0.00342092 0.0155331 -0.0207756 
0.009246209999999999 0.0153089 -0.0095713 
-0.00779661 0.0119528 -0.00351729 
0.0335086 0.0144086 0.00317837 
-0.0134678 -0.0145565 -0.0141234 
0.00524573 0.0153348 -0.0046816 
0.0199794 -0.015 -0.0110551 
0.00439382 0.0138125 -0.0308002 
0.0186513 0.0140149 -0.0257364 
0.0336144 -0.00249881 0.00929054 
0.0181 -0.00451195 0.00541154 
-0.000421047 0.0124 -0.0256767 
0.0181 -0.00061583 0.0237785 
-0.0149323 0.00776577 -0.0026227 
-0.0181 -0.00494318 0.0361797 
0.0110046 -0.0153514 -0.0244821 
0.0346693 0.0124 -0.0244727 
0.0291045 -0.008999999999999999 0.00320801 
-0.0203754 -0.0119973 0.0191306 
0.00536867 -0.0124 -0.00018264 
0.0351292 0.0145289 -0.00132517 
0.012245 -0.0151715 -0.00182501 
-0.021267 -0.0119973 0.0159861 
0.0287168 -0.0119973 0.00507754 
-0.0237991 0.0117024 -0.00796235 
-0.00206492 -0.0189418 -0.0183812 
-0.00521121 -0.0124 -0.00461992 
-0.00341367 0.0149422 -0.00235174 
0.0112281 0.0152087 -0.00312254 
0.0228553  0.015 -0.0314926 
-0.0253732 0.00230588 0.0225132 
-0.0257279 0.0104347 0.00303619 
-0.00613018 -0.0149502 -0.00747575 
0.0342484 0.0124 -0.008354220000000001 
0.0263913  0.007 -0.03138 
-0.008649479999999999 -0.00399318 0.0015 
0.0222196 0.00301814 0.0348345 
0.0290695 -0.00297881 0.0162748 
-0.0178629 -0.012456 -0.00492463 
-0.0269205 -0.00461043 0.0203742 
-0.0107599 -0.014136 -0.024489 
0.0339309 -0.015 -0.0266093 
0.0352 0.0118486 -0.0331677 
0.0258055  0.012 0.00568247 
-0.00234601 -0.0147238 0.00107144 
-0.00538394 0.015301 -0.0150438 
-0.0258617 0.00609942 0.0206077 
0.0221306 0.00317016 0.0309218 
0.0168722 0.0124 -0.0294512 
0.00456277 -0.00978647 0.0015 
-0.00733105 -0.0147691 -0.006501 
0.0215155 0.00744807 0.0107865 
0.0256005  0.007 -0.0313895 
0.0240981 -0.00758535 0.022476 
0.00820194 -0.0124 -0.0250918 
-0.0242062 -0.011532 0.0276681 
0.029603  0.015 -0.0254061 
-0.00791759 0.0148235 -0.00851379 
-0.0268084 0.00369841 -0.00764579 
0.00335523 -0.00919699 0.0015 
0.00306448 -0.0164723 -0.0128584 
0.0181 -0.0103166 0.014529 
0.0242844 -0.0114986 0.0250013 
0.0327457  0.015 -0.0247639 
0.0106666 0.0152925 -0.0118579 
-0.009087939999999999 -0.0107901 -0.0052058 
-0.0271 -0.00689027 0.0138335 
0.0212719 0.008516370000000001 0.03645 
0.0326059 -0.0112617 0.00558652 
0.0116665 -0.0152829 -0.0171333 
0.0182558 -0.015 -0.0319527 
-0.0166 0.00119118 0.0153099 
-0.0271 -0.00346829 0.00210515 
0.0165333 -0.0134657 -0.0378284 
0.00979023 0.0124 -0.00497796 
0.0351918 -0.0143099 -0.0126494 
-0.0136634 0.0090084 -0.00379284 
0.0135716 0.0151508 -0.00531954 
0.019961  0.012 0.00964509 
0.00551387 0.0124 -0.0225954 
0.0191693 0.00428625 0.0034 
0.0184977 -0.0135098 -0.0120841 
0.0193349 -0.00666937 0.0034 
0.00135354 0.0153556 -0.0085474 
-0.0181 0.00733249 0.0221019 
-0.0266261 -0.009120939999999999 0.00622677 
0.0213783 0.000713729 0.0049 
-0.0210473  0.012 0.0123318 
0.0335302  0.015 -0.0265758 
0.0218026 -0.00431649 0.0303272 
-0.0181 0.00751003 0.0229542 
0.0347101 -0.0036066 -0.0314 
0.0174846 -0.0142413 -0.0378284 
0.0138506  0.007 -0.0305873 
0.0160145 -0.008995629999999999 -0.035088 
-0.0265667 -0.00923559 0.0281123 
0.02148 0.00230499 0.0334827 
0.0181 -0.00142426 0.0136408 
0.0288678 -0.0043291 0.0034 
-0.00360798 -0.0108432 0.0015 
-0.0166 -0.008045689999999999 0.00957044 
0.00508131 0.0153166 -0.00310834 
0.0224889 0.0113413 0.0318463 
-0.009270749999999999 -0.0190847 -0.0183855 
0.017142 -0.00612289 -0.0341886 
0.0303891 0.0132192 0.00365893 
-0.0181 -0.0024266 0.0208891 
-0.020163 -0.00161942 0.0015 
0.0352 -0.0100485 -0.0334165 
-0.0166294 -0.0123088 -0.0207209 
-0.00239496 0.0132286 -0.0283738 
-0.00179389 0.0150232 -0.000944208 
0.0221627 0.0132483 0.00364716 
-0.0166 -0.00888103 0.00584474 
0.0287632 0.0124 -0.013014 
0.0121 -0.0118378 -0.0348163 
0.0280616 0.0124 -0.00576026 
-0.00842714 -0.014049 -0.000926304 
0.0349494 0.0147813 -0.000552256 
0.0271487 0.0124 -0.0262331 
-0.00401914 0.00863483 0.0015 
0.0350071 0.0124 -0.0137571 
0.0264359 0.00764774 0.0329037 
0.0152647 0.0124 0.0009228180000000001 
0.00500358 -0.0124 -0.0303168 
0.0283373 -0.00172612 0.018163 
0.0182215 -0.0034263 0.0225663 
0.009273200000000001 0.0124 -0.0202155 
0.0123959 0.0124 -0.0185489 
-0.0182963 0.00199793 0.0243085 
0.0327294 -0.0124 -0.0117063 
0.00554418 -0.0141823 -0.0311673 
0.0189276  0.012 0.0177691 
-0.0257374 0.00454618 0.0373758 
0.0347529 -0.0149177 0.000122145 
0.0181 0.0112118 0.0174425 
-0.0181 -0.009242759999999999 0.0330138 
0.0318775 0.00712099 0.0114391 
-0.0190249  0.012 0.0214703 
-0.0266591 0.00709341 0.021409 
0.0201 -0.00106417 0.0286846 
-0.0166 0.0104286 0.008352780000000001 
0.0185226 -0.0035067 0.02374 
-0.0171797 -0.00486615 0.0015 
-0.00959114 0.005618 0.00502866 
-0.0181 -0.000700346 0.0358382 
0.0191 -0.0125233 -0.0353657 
0.00858489 0.0153011 -0.0317128 
0.0072274 -0.0124 -0.00636067 
0.0181 -0.0043649 0.00476666 
0.032885 0.0124 -0.0190299 
-0.007857869999999999 0.0150743 -0.0132809 
-0.00484031 -0.0148637 -0.00362369 
-0.00321524 -0.0124 -0.0255592 
0.0352 -0.0141973 -0.0240074 
-0.0116379 0.0122163 -0.0240113 
0.0111055 -0.0146771 -0.0330802 
0.0153754 0.0124 -0.0262602 
-0.0238477 0.009880089999999999 -0.0133799 
-0.0271 0.000953872 0.00707757 
0.0130188 -0.0124 -0.0138451 
-0.0125886 0.0142787 -0.009381820000000001 
-0.00707972 -0.008597499999999999 0.0015 
-0.009522320000000001 0.0149981 -0.0144356 
-0.0169995 -0.00574144 -0.0040927 
0.009952000000000001 -0.0149427 0.00140167 
0.0352 0.0122547 0.00261651 
-0.0271 0.00560669 0.0196717 
-0.0214928 0.00763558 0.0332146 
-0.00175871 -0.0124 0.000524096 
0.0316091 0.0116311 0.00636568 
-0.000971812 -0.017545 -0.0179978 
0.0123508 -0.0124 -0.0224629 
0.0296276 0.00630707 0.0150866 
0.008015609999999999 -0.0124 -0.00874436 
0.0201 -0.00283108 0.0295438 
-0.0184345 -0.00433622 -0.00214679 
-0.0170245 0.0044291 0.0190404 
0.0335596 0.00640934 -0.0344 
0.0254214 -0.0118371 0.0015 
0.000142067 -0.00556134 0.0015 
0.0250449 -0.00583786 0.0255986 
0.0187775 0.00397768 0.0311 
0.0352 -0.0139832 -0.00129167 
0.0157834 0.0124 -0.00602164 
0.00861723 -0.0124 -0.00591523 
0.0102478 -0.0124 -0.0294673 
-0.0055709 0.0124 -0.0116527 
0.0114637 0.0124 -0.0164152 
-0.00257068 0.0124 -0.0191703 
-0.021158 -0.0104832 0.0338314 
-0.0191568 -0.009265229999999999 -0.0186773 
-0.0249492 0.00279053 0.0313327 
0.009378630000000001 0.014854 0.00162398 
0.0306111 -0.012213 -0.0344 
0.0271 -0.00147623 0.0269275 
0.0168422 -0.00769744 -0.0341238 
-0.00734776  -0.02 -0.0145164 
-0.0236861 0.00643592 0.0207987 
-0.0200669 -0.00536206 0.0215044 
0.0129507 0.0151832 -0.00694192 
0.015396 -0.0127006 -0.0205937 
0.0321417  0.015 -0.0287951 
0.0124149 0.0152955 -0.0253267 
0.0343064  0.015 -0.0234266 
0.0352 0.0127452 -0.0307151 
0.00845052 0.0124 -0.00385285 
0.0246316 -0.015 -0.00886702 
0.00444232 0.0124 -0.0178043 
-0.00729308 -0.0124 -0.0127436 
0.00899901 -0.0154407 -0.0259909 
0.0181 0.00947506 0.0189063 
0.0262169 0.00440373 0.0204066 
0.0191275 0.0125979 -0.0172339 
0.0193599 0.00399966 0.0049 
0.0131419 -0.0124 -0.00102853 
0.00193503 -0.0148062 -0.0300033 
-0.0271 0.00269215 0.00168421 
0.0255356 -0.0117538 0.0157253 
-0.0170109 0.00282815 0.0184138 
0.021369 -0.0111219 0.0015 
0.0201 -0.000731399 0.0308498 
-0.0209352 -0.00531044 0.0387553 
0.0151771 0.0124 -0.00422912 
-0.009459270000000001 0.0104558 -0.0229613 
0.00126333 0.0124 -0.00962559 
0.0352 -0.013284 -0.0234114 
0.0119432 0.0124 -0.0196559 
0.0181 -0.00125779 0.034479 
0.0247964 -0.00769856 -0.0303 
-0.0054758 0.00405102 0.0015 
0.0321023 -0.00292743 -0.0314 
-0.00671661 -0.0143776 -0.0265228 
0.0339647 0.0108154 -0.0344 
-0.0271 -0.00945198 -0.00638646 
0.0196549 0.0107696 -0.0344 
-0.00986628 -0.00818058 0.00468737 
-0.008468689999999999 0.0113477 -0.0154086 
-0.024817 0.00703224 0.0312319 
0.024003 0.00950381 0.0346763 
-0.0105333 0.0132137 -0.0246332 
0.0141169 0.015184 -0.0160789 
0.0272 0.0137861 -0.000710576 
0.0274768 0.0124 -0.0218868 
0.0159471 0.0124 -0.00303414 
-0.0271 0.00566113 0.01198 
0.029449  0.015 -0.0226356 
-0.00447655 0.015178 -0.009967200000000001 
-0.0166 0.00971553 0.0145039 
0.0219948 0.00754579 0.0223135 
0.0296949  0.015 -0.0290269 
0.0200472 0.00653112 0.0228156 
0.0345348 -0.0149885 -0.000119103 
-0.0166 -0.008260719999999999 0.00960508 
0.00821792 -0.0124 -0.0075877 
0.0146883 0.0124 -0.00104722 
0.0220083 -0.00919243 0.035699 
0.0350067 -3.62943e-05 -0.0322 
0.0140495 -0.0152132 -0.0249237 
-0.00336796 -0.00201667 0.0015 
0.0219882 -0.0139994 0.00334372 
-0.0120009 0.0135486 -0.00286364 
0.030054 0.0124 -0.00445812 
-0.0140969 -0.0145178 -0.0147317 
-0.0190717 -0.0119973 0.000492241 
-0.0271 0.00168896 0.015175 
-0.0271 0.00825125 -0.00221009 
0.0069071 -0.00713664 0.0015 
-0.0166 -0.0101461 0.00621782 
-0.00603706 0.0143574 0.000324233 
-0.0244506 -0.0114087 -0.00277454 
-0.0101912 -0.00979673 -0.00618915 
-0.0264942 0.009379439999999999 0.0181587 
0.0181 -0.00453807 0.0249067 
0.0352 -0.0134653 -0.00612928 
0.0269395 0.0074 0.0128759 
0.0233365 0.008939010000000001 0.0357538 
-0.0254727 0.008823640000000001 -0.0106853 
0.00603206 -0.00677635 0.0015 
0.0350535 0.0124 -0.0264328 
-0.026693 0.0105264 -0.00700494 
0.0181 0.000529519 0.0189532 
0.00961205 0.0124 -0.0102691 
-0.0231018 -0.0118926 0.0209654 
0.0330758 -0.015 -0.000222356 
0.0178937 -0.0150075 -0.00142419 
0.0339891 0.009532209999999999 0.00696172 
0.009003850000000001 -0.0153076 -0.0094416 
-0.0242287 -0.0115213 0.00224394 
0.0181 0.00204836 0.0207178 
0.0118793 -0.0152603 -0.0140729 
0.0346541 -0.00400295 -0.0314 
0.00622882 -0.0153764 -0.0111805 
0.0255888 0.0142646 -4.83471e-18 
0.00290286 -0.0196676 -0.0153514 
0.0179764 0.0124 -0.00241045 
0.0197587 0.00255538 0.0049 
0.0216743 -0.00114112 -0.0322 
-0.0178227 -0.00493526 -0.00360261 
0.0259752 0.00945295 -0.0303 
0.0258544 -0.00483663 -0.0314 
-0.0261717 0.00540256 0.0302887 
-0.0211 0.00312647 0.0342553 
-0.0229268 0.000429326 0.0399186 
0.0245419 0.00698614 -0.0344 
-0.0225939 0.0119733 0.0102103 
0.0188915 0.00179081 0.0317947 
0.0051514 0.0124 -0.0143399 
0.0181 -0.00655225 0.0261413 
0.0242397 -0.0109976 0.0314167 
0.0215733 0.00516455 0.0203594 
-0.007910520000000001  -0.02 -0.0175084 
-0.00085118 0.00426794 0.0015 
0.0351716 0.014411 -0.000984003 
0.0205417 0.00785421 0.0102549 
-0.0166 0.0111523 0.00172602 
0.00221004 0.0143948 -0.0300681 
0.0163958 0.00151975 -0.0340191 
0.00357751 0.015541 -0.0226024 
0.0272 0.0132483 -0.00160033 
-0.0199699 0.00392257 0.0317231 
0.0351576 -0.00477853 0.0034 
0.0181 0.00625485 0.0314156 
-0.0045731 0.00959755 0.0015 
0.0190925 -0.00345221 0.0335114 
0.0184388 0.0124 -0.0151132 
0.0234608 0.0124 -0.0221493 
-0.0257168 -0.0104443 0.009600310000000001 
0.0280717 0.0124 -0.000371469 
0.0339918 -0.0124 -0.00445046 
-0.0271 -0.00309482 0.0299249 
0.0181 -0.00235136 0.0164602 
0.00531647 -0.0153608 -0.00715966 
0.0113484 0.0124 -0.0106706 
0.008049870000000001 -0.0154824 -0.0269904 
-0.026802 -0.008696779999999999 0.00121888 
-0.000219435 0.00383228 0.00337202 
2.21457e-06 -0.0121831 0.00363544 
-0.000934245 -0.014786 0.00122149 
-0.0181 0.00512815 0.0374064 
0.0349508 0.0124 -0.0228361 
0.0339635 -0.0124 -0.0100676 
0.0315592 -0.015 -0.0132982 
0.0194202  0.015 -0.0276188 
0.0307873 0.0124 -0.0137471 
0.0296729 -0.00461807 0.0150208 
0.0107766 0.015221 -0.00337071 
-0.0225413 -0.0119778 0.021768 
-0.0173419 0.00540614 -0.0145575 
-0.0271 -0.00468803 0.0276993 
0.0282011 -0.015 -0.0109306 
-0.0271 0.00243425 -0.0026178 
0.0167863  0.011 0.00180474 
-0.020907  0.012 0.0179451 
0.00165378 -0.0155744 -0.0224567 
-0.0166 0.0111056 0.00262114 
0.0297448 -0.0124 -0.0162422 
-0.0220067 -0.0119973 -0.00388523 
0.0304866 0.00390465 0.0135674 
-0.0214117 -0.00545067 0.0302979 
0.0210346 0.00287731 0.0396394 
0.0270759 0.00748042 0.0265538 
-0.0080082 -0.0117623 -0.0114649 
-0.0134112 -0.0127874 -0.00114905 
0.0231745 -0.00374214 0.0206369 
0.0306556 -0.015 -0.00244445 
0.0233933 -0.00559109 0.0034 
-0.026409 -0.00650734 -0.008661540000000001 
-0.0198324  0.012 0.0204665 
-0.00757718 0.00392111 0.0015 
-0.0036787 -0.0144719 0.0013388 
5.07812e-05 0.00104877 0.0043 
0.0191665 -0.0119973 0.0047068 
0.0181 -0.00390811 0.0125885 
0.0271 -0.000924163 0.0319907 
0.0336894 -0.0124 -0.0158309 
0.0271 0.00395328 0.0300154 
0.0181 0.00426264 0.0385315 
-0.0167121 0.0120618 -0.0206596 
0.0116467 -0.0124 -0.0213991 
0.0242989 -0.0107109 0.0321327 
-0.0271 -0.00259325 0.00470094 
0.0181 -0.0101509 0.0134721 
0.0182511 0.00305405 -0.0314 
-0.0188433 0.00393585 -0.000146649 
-0.0190007 -0.0119973 0.00426458 
0.0271494 8.96291e-05 0.0049 
0.0229108 0.010145 -0.0303 
0.022928 -0.0102771 -0.0344 
-0.0219109 -0.00508989 -0.0159381 
-0.0017897 0.00455028 0.0015 
0.00832957 -0.0124 -0.00200311 
-0.0241177 -0.00728272 0.0369828 
0.0119132 -0.009091200000000001 -0.0311422 
-0.0271 0.00266189 0.00235406 
-0.00315821 -0.0124 0.00106355 
0.0246158 -0.008999999999999999 0.00239419 
0.0181 -0.00134169 0.0187595 
0.00787387 0.0124 -0.0157815 
-0.0250953 -0.00736018 0.0361633 
0.0121 -0.009809969999999999 -0.0333554 
-0.00363415 -0.0154131 -0.017054 
-0.0109332 -0.0148174 -0.0138358 
0.0181 0.00532198 0.0195055 
-0.008373530000000001 -0.00719533 0.00471414 
-0.0201 0.00723353 0.0289882 
0.0285143 -0.001173 0.0049 
-0.0186731 -0.0119973 0.0249453 
-0.0166 0.008517510000000001 0.00938366 
0.0109268 0.0124 -0.0170313 
0.0237317 0.00912348 0.0015 
-0.00528627  -0.02 -0.0123885 
0.000378737 -0.0124 -0.0229061 
0.0333614 0.008999999999999999 0.00162511 
-0.00374222 0.0149867 -0.0278508 
0.0292024 -0.00826088 -0.0328475 
-0.0170995 0.00564349 -0.012139 
0.0202601 -0.00767217 -0.0344 
0.032559 0.00699714 -0.0314 
0.0309751 0.0105558 -0.0331687 
0.021254 -0.0119973 0.020738 
0.0230366 0.0135457 -0.0344 
0.0181 -0.00640219 0.0178075 
-0.024361 -0.0114539 0.0275793 
-0.020551 0.00535669 0.0245973 
0.0068596 0.0100306 0.00442395 
0.0302221  0.015 -0.0300108 
0.0276556 -0.0061031 0.0205355 
0.0207683 0.0141519 0.00328209 
-0.00359787 -0.0056036 0.00500201 
0.0181 -0.00371625 0.0116088 
-0.0181 -5.52825e-05 0.0201068 
0.0218114 0.00267395 0.0396884 
0.0278998 0.00602347 -0.0314 
-0.0163351 -0.0125434 -0.00353379 
0.0274047 0.0124 -0.0285021 
-0.00698253 -0.0124 -0.0165467 
0.0276512 0.00280035 -0.0314 
-0.00223691 -0.015011 -0.00175987 
0.0207386 0.0135034 -0.0344 
-0.0141139 -0.008567190000000001 -0.011102 
0.0201 0.00271705 0.0271326 
-0.0181 0.00110717 0.0237188 
0.0166568 -0.0113952 -0.0303 
-0.0271 0.000640754 0.0194669 
-0.00184197 -0.0184654 -0.0121582 
0.00443546 0.0153556 -0.00609841 
-0.0247204 0.0107927 -0.0120006 
-0.0242139 0.0115312 0.009645219999999999 
0.0341192 0.0141375 0.00328788 
-0.00102133 -0.0176163 -0.0133518 
-0.0204276 0.00335166 -0.0175178 
0.015078  0.007 -0.030877 
0.008091630000000001 0.015471 -0.0275311 
0.00717276 0.0124 -0.0167252 
0.0181 -0.010225 0.0139204 
-0.0222385 -0.0119914 0.0266669 
-0.00427753 0.0127822 -0.0276056 
0.0255911 0.009106970000000001 0.0100573 
0.0324564 -0.0149987 0.00243767 
-0.0201887 0.000577088 0.0015 
0.0255867 -0.00411156 -0.0344 
0.0249025 0.00205059 0.0389439 
-0.0223159 -0.011919 -0.0153977 
-0.00513657 -0.0124 -0.00545871 
0.0226734 0.0119666 0.0247484 
0.0252116 0.000203814 0.0389064 
-0.0147159 -0.0121265 -0.0221012 
-0.0114317 0.008228640000000001 0.00494595 
-0.0109064 0.0094 -0.00351312 
-0.01518 -0.00752323 -0.0035351 
0.0283675 -0.00154398 0.0180713 
0.0245391 0.0037796 0.0254821 
0.0181 0.0103662 0.0204852 
-0.0271 0.00501444 0.00246868 
0.0150772 0.0124 -0.0141097 
0.0121108 -0.0124 -0.0121879 
0.0327608 -0.0120903 0.0015 
0.0158141 0.0150452 0.0005202819999999999 
-0.01208 -0.0147698 -0.0150889 
-0.00104808 -0.000793633 0.0043 
0.0222445 0.0012781 -0.0322 
0.0184286 0.00337222 0.0311 
0.0298231 -0.008999999999999999 0.00297482 
0.0146346 -0.0135838 -0.0212793 
0.000434917 0.0100532 0.00415919 
0.0299194 -0.015 -0.0205433 
-0.0184971 0.0042769 -0.0183534 
-0.00543298 -0.0011075 0.00580365 
0.0290155 -0.0131888 -0.0344 
-0.0127257 -0.009770620000000001 -0.0233322 
0.00679208 0.0151159 -0.0314216 
0.0245315 0.00782388 0.0146485 
0.0339424 -0.00314548 0.00875095 
0.0181 0.0112384 0.0317163 
-0.0200869 0.00271801 -0.00775523 
0.00989609 -0.015162 0.000596315 
0.0264739 -0.015 -0.0294971 
-0.019676 -0.00312046 -0.0144056 
-0.009794229999999999 0.00249859 0.00548405 
0.014122 -0.0124 -0.00325601 
0.0271373 0.0124 -0.0293627 
0.0336254 0.00168161 -0.0322 
0.0117698 0.009380599999999999 -0.0318882 
0.000806544 -0.009380299999999999 0.00432779 
-0.0109216 0.0094 -0.0182141 
0.007923380000000001 0.0124 -0.0306338 
-0.00717191 0.008876210000000001 0.0015 
0.00199337 -0.0124 -0.000602611 
0.0181 -0.00745799 0.013877 
0.008109679999999999 -0.0124 -0.0066312 
0.0108329 -0.0118509 0.0015 
-0.0141375 -0.00332849 0.0015 
0.0281588  0.015 -0.0238039 
-0.00107366 0.0153754 -0.0116494 
-0.0214866 0.00764844 0.023084 
-0.0271 -0.0067761 0.00104131 
-0.0264425 -0.00562639 -0.008612150000000001 
-0.0104084 0.009601220000000001 0.000582388 
0.00437186 0.00995009 0.00433118 
0.0241782 -0.00691284 0.0034 
-0.0271 -0.00153684 0.00984937 
0.0181 -0.000892668 0.0340729 
-0.0270062 0.00051431 0.0359246 
0.0229359  0.007 -0.0304293 
-0.0169273 -0.00581214 0.00127776 
-0.0255223 -0.00446276 0.0376483 
0.0269354 -0.00351051 0.0354863 
0.0284951 -0.00284832 0.0176844 
-0.0141808 -0.00479991 0.0015 
0.0301896 -0.012656 -0.0344 
-0.0166 0.00545615 0.0184396 
0.00134338 0.0009243 0.00648552 
-0.00137653 0.0124 0.000702747 
0.0352 -0.0131386 -0.026173 
0.00751263 0.0124 -0.0230352 
0.00258201 -0.0153194 -0.00475591 
0.0183369  0.012 0.0109245 
0.0352 -0.0067053 -0.0325195 
0.0273499 0.000643111 0.022175 
0.0230745 -0.00430652 0.0355701 
0.0192322 0.00637736 0.0223309 
0.0151885 -0.0124 -0.0291195 
-0.0181 -0.00254881 0.0318843 
0.0201 0.00243292 0.0288565 
0.0127186 0.0152609 -0.0325543 
-0.0181 -0.00289027 0.0186884 
0.0341767 -0.015 -0.00270111 
-0.0271 0.00374834 0.0260064 
0.00596039 0.0155472 -0.0271766 
0.0240407 0.00722078 0.034408 
0.000781971  0.004 0.00236684 
0.0291838  0.015 -0.00574291 
0.0271 -0.00293406 0.0270482 
0.0261125 0.0117594 0.0143487 
0.00497566 -0.00811343 0.0015 
-0.00689216 -0.0016711 0.00562546 
0.0181 -0.0107205 0.0251976 
0.030428 0.0124 -0.00785862 
-0.00780474 0.00258462 0.0015 
-0.0181 -0.00769621 0.0305381 
0.0169341 -0.0110528 0.0015 
0.0244245  0.015 -0.0289513 
0.0329848  0.015 -0.00971696 
0.0309081 -0.0106179 0.0102323 
0.0295361 0.00389185 0.0152688 
-0.00601331 -0.0124 -0.00192599 
0.0329688  0.015 -0.0205276 
0.0106093 -0.0124 -0.0106442 
-0.0271 -0.00757599 -0.00423959 
0.0281977 0.0115411 -0.0303 
0.0197619 -0.00113476 -0.0322 
-0.00380051 -0.0124 -0.024441 
0.00338711 0.00399198 0.00588946 
0.0352 0.0122211 -0.0329951 
0.0352 0.0122627 -0.0323932 
0.0188104 0.00309395 0.0395864 
0.00263581 0.0119514 0.0037286 
-0.0181 -0.00759252 0.0318365 
0.0328324 -0.000873031 0.0049 
-0.0230801 -0.0119 -0.00731067 
0.0272 0.0133368 -0.00274411 
0.0317272 -0.0124 -0.00527471 
-0.0231046 -0.0125546 -0.0118328 
0.0191749 0.00335998 0.0232212 
-0.00635931 0.00447436 0.00515522 
0.0181 0.00361895 0.0319305 
0.0218127 -0.000838409 0.039969 
0.0181 -0.00398491 0.00663845 
-0.00533499 0.0149612 -0.027149 
0.0331811 -0.0026 -0.0315811 
0.025697 -0.0104673 0.0260435 
0.00185669 0.015526 -0.0188707 
-0.0175063 -0.00675319 0.0205686 
0.0105169 -0.0153693 -0.0241893 
-0.0243246 0.00233151 0.0392332 
-0.026991 0.00801719 0.009184579999999999 
-0.00249325 0.0137098 0.00267384 
0.0245976 0.0110766 0.0303403 
0.0249946 0.00707727 0.0365112 
-0.00480801 -0.00748761 0.0015 
0.023842 0.0124 -0.0288113 
0.023675 0.0124 0.00109421 
0.0172858 0.0124 -0.0133968 
0.00574323 0.0124 -0.0126555 
0.0351499 0.0127071 0.00386582 
-0.00751039 -0.0149384 -0.00976715 
0.0259052 0.00681982 0.035631 
0.0265401  0.015 -0.0225845 
0.0218182 0.0026 -0.0317025 
0.0144639 -0.0124 -0.0253616 
0.0330004 0.0106314 0.00707666 
0.009567920000000001 -0.0124 0.00110848 
0.0244419 -0.0124 -0.0241178 
0.0234478 -0.0119973 0.0142178 
-0.0245828 -0.0113371 0.008051819999999999 
-0.0212513 -0.009780850000000001 0.0349412 
0.0154424 0.0151492 -0.0276269 
0.025175 -0.015 -0.009251280000000001 
0.00212211 -0.0124 -0.0182576 
0.0228041 -0.007 -0.0312539 
-0.00598274 -0.0124 -0.00293587 
0.0246042 -0.0124 0.000357558 
0.0307751 -0.0124 -0.0151454 
-0.00793815 0.0118254 -0.0131071 
0.00544372 -0.0124 -0.021318 
0.0201 0.00541504 0.0279072 
0.0327929 -0.00249492 0.0104017 
0.00606882 -0.0111481 0.00407297 
-0.0135415 0.000385198 0.0015 
0.0269578  0.015 -0.0044696 
0.0083687 -0.0119521 0.00388646 
-0.0258125 -0.0103397 0.00316622 
-0.0181 0.00630755 0.0214943 
0.0271 0.000673644 0.0339017 
-0.0263366 0.00426313 0.025661 
0.0262488 0.00535444 0.0257177 
-0.0265551 0.00589974 -0.00829123 
-0.0145496 0.0112832 0.00180856 
0.0305561  0.015 -0.00934135 
0.000181586 0.0152069 -0.00248755 
0.0235286 -0.0119973 0.0048877 
-0.00935746 0.0105475 -0.00493106 
0.018273  0.012 0.00509832 
0.0271 0.00559354 0.025845 
0.00443609 -0.00872972 0.0015 
-0.0144776 0.008211110000000001 -0.0133254 
0.0352 0.009571710000000001 -0.0326668 
-0.0138155 0.009520000000000001 0.00486888 
0.0226181 -5.06476e-06 0.0049 
-0.0211849 -0.0102656 0.034205 
-0.00100463 0.000909846 0.0043 
0.0252655 -0.00669521 -0.0314 
0.0270944 -0.00711423 0.0283798 
-0.0194291  0.012 0.00382385 
0.0337295  0.015 -0.0284574 
0.00386071 0.0124 -0.0150112 
0.000418845 -0.0039877 0.0043 
0.0181676 0.008628449999999999 0.0363356 
-0.0166 -0.00288975 0.0133491 
-0.0220977 -0.00680317 0.0250105 
0.0093781 -0.0153006 -0.00944597 
0.00276073 -0.0124 -0.0154392 
-0.0205164 -0.0119973 0.000637613 
0.0346977 0.0149423 -0.0140761 
-0.00631407 0.0124 -0.0196436 
0.0125568 -0.0151555 -0.0010268 
-0.00526883 -0.0124 -0.0190047 
-0.00412782 0.0152266 -0.0106278 
0.0134205 -0.0142341 -0.0227696 
0.0286723 0.00483999 -0.0344 
0.0215717 0.00432963 0.0034 
0.023991 -0.00227155 0.0332726 
-0.0271 0.00214069 0.0218115 
0.0312892 -0.00604274 0.012339 
0.0103557 -0.0124 -0.0220775 
0.0268059 0.008393309999999999 0.0302357 
0.0128171 0.0152661 -0.0225561 
-0.022168 -0.0081402 -0.0156097 
-0.0166 0.0048544 0.0140785 
0.0201 0.00496252 0.0283652 
-0.0100459 0.0148296 -0.0124803 
0.0352 0.009153390000000001 -0.0323697 
0.0145306 -0.0151101 -0.0039282 
0.0185647  0.015 -0.0330458 
-0.0250027 0.00107691 0.0390095 
0.008398630000000001 -0.0106174 0.00431663 
0.0266728 0.00262462 0.0049 
-0.0233638 0.0118306 0.0281708 
-0.00386554 -0.0151797 -0.00865554 
0.00830035 -0.0144151 -0.0319679 
-0.0249326 -0.008296390000000001 -0.0116822 
0.008461420000000001 -0.0148656 0.00161128 
-0.0166 0.00625517 0.0129131 
0.0211 -0.0065837 0.0248235 
-0.00417176 -0.0193095 -0.0199765 
0.0145156 0.00730143 -0.0335837 
0.0295966 -0.0124 -0.0183817 
0.0130293 0.00701897 -0.0303 
0.0175961 -0.0113522 -0.0374446 
0.023911 0.0101631 0.0015 
0.0221714  0.015 -0.025612 
0.00695744 0.0124 -0.005284 
0.0342229 -0.00986338 -0.0303 
0.0125549 -0.0153204 -0.0337446 
0.0260844 -0.0140468 -0.00525299 
0.0298145 -0.015 -0.027975 
-0.0181 -0.00653739 0.035709 
-0.0211747 -0.00170031 -0.0159058 
0.00181426 0.0155694 -0.0223528 
-0.0271 -0.00889679 -0.00601245 
0.0137918 0.00350347 -0.0314736 
0.0295871 0.0124 -0.0270428 
0.00958938 -0.0152376 -0.00295985 
-0.0144962 -0.00819283 -0.0122089 
0.0181 0.00165253 0.008266859999999999 
0.007857090000000001 0.0122082 0.0015 
-0.024064 0.0112104 0.0309309 
-0.00527083 0.0152862 -0.0143386 
0.0216242 -0.0124 -0.0116925 
-0.0268937 -0.00840813 0.0121664 
-0.0271 0.000648479 -0.00617672 
-0.0263956 -0.00352059 0.0253381 
0.0181 0.00140028 0.0228587 
-0.0181 0.00457412 0.0359109 
0.000573644 0.00981372 0.00421856 
-0.0264255 0.009507069999999999 -0.0008498410000000001 
0.0201605  0.012 0.0260264 
0.0352 -0.013168 -0.0323328 
0.00865084 0.0154665 -0.030773 
0.0109814 0.0153109 -0.0172908 
0.0167831 0.000543624 -0.0341082 
-0.0181818 -0.0135103 -0.0112522 
0.0181 0.00614909 0.0357474 
-0.0173873 0.00698745 0.0205686 
0.0287674 0.00481348 -0.0314 
0.00258817 0.0152413 -0.000547851 
0.0181 -0.0027501 0.0175581 
-0.0215665  0.012 0.0202131 
-0.00525557 0.0124 -0.00944737 
-0.0134027 -0.007917789999999999 0.00587443 
0.0256794 -0.0124479 -0.00561764 
0.0130573 0.00967961 -0.0303 
0.0112431 0.0145233 0.00220574 
0.0231239 0.0124 -0.0243608 
-0.025415 -0.0107387 0.00482508 
0.0348672 0.014849 -0.0256495 
-0.0271 -0.00532535 -0.00358519 
0.0236834 -0.0124 -0.0290631 
-0.00766887 -0.0120679 -0.00404498 
0.0237953  0.015 -0.0111564 
0.0211358 0.0036468 0.0049 
0.0181 0.00640806 0.0247009 
-0.0270928 0.00716473 0.00575433 
-0.0118607 0.0145692 -0.011556 
0.0349415 -0.0124 -0.0160839 
-0.0166 0.0077984 0.0185549 
-0.0182308 -0.0119973 0.0134684 
-0.0181 -0.00308748 0.0371506 
0.0303897 -0.00622124 0.0137288 
-0.007904400000000001 -0.0178584 -0.020692 
-0.00617183 0.0151843 -0.0131638 
0.008948299999999999 0.0124 -0.00310828 
-0.0261152 -0.009973579999999999 0.025424 
0.008735 0.0124 -0.00437443 
-0.0180169  0.012 0.0117543 
0.0181 -0.00764716 0.0163512 
-0.0240176 -0.00240064 0.0338353 
0.0285598 0.0124 -0.021731 
-0.008980699999999999 -0.0108867 -0.0162231 
0.0107838 -0.015186 0.000220809 
-0.00129193 0.0124 -0.0228511 
-0.0123004 0.0094 -0.0134824 
0.001206 0.00487228 0.00546886 
0.0179659 -0.0136417 -0.0182797 
0.0226597 -0.00735078 0.0218208 
-0.00779987 -0.0119499 -0.0235576 
0.0201 0.00488725 0.0264007 
-0.0253033 -0.00225379 0.0328572 
0.008444129999999999 -0.0124 -0.0236187 
0.034639 0.0149633 -0.00225879 
-0.00204322 -0.0187876 -0.0133069 
-0.0157681 -0.00694732 -0.00289683 
0.018589 -0.0124 -0.0168959 
-0.0266823 -0.00898797 -0.000592207 
0.0255457 -0.0124 -0.00703315 
-0.013056 0.0148593 -0.0183934 
0.0263882 0.0124 -0.024323 
0.0153011 -0.0124 -0.0053144 
0.00609971 -0.00610336 0.00167343 
0.0261904 0.00234541 0.0237616 
0.024124 0.0107693 0.0321997 
0.027558 0.0124 -0.0243279 
-0.0271 -0.00203211 0.00320303 
1.1656e-05 0.0124 -0.0229129 
0.0211 0.00386766 0.0255205 
0.0285061 -0.00681993 0.0176509 
0.0132752 -0.0151645 -0.00583633 
0.0175557 -0.0150148 0.000184836 
-0.0268047 -0.008052500000000001 -0.00752076 
-0.0207044  0.012 0.0177497 
0.0332869 0.0124 -0.0153434 
-0.0251634 0.0111199 -0.0076309 
0.0111178 -0.0124 -0.00692009 
0.0204559 -0.0127067 0.00386598 
-0.0246775 0.0113478 -0.00800533 
0.00628676 -0.0152644 4.16222e-05 
0.0181 0.00414431 0.00669761 
0.0211031 0.0124005 0.0039897 
0.0230761 0.00756865 0.0237038 
0.0321143 -0.0124 -0.0186611 
0.00205312 -0.00248428 0.00614641 
0.0123522 -0.0124 -0.00511928 
-0.0166 -0.0116639 -0.000103278 
-0.0201134 -0.0119973 -0.00307802 
0.0114734 -0.0108952 -0.0303 
0.0213441 0.008999999999999999 0.0025323 
0.0217914 -0.0119973 0.00475145 
0.0108152 -0.0144883 0.00225571 
0.0259548 0.00705033 0.0034 
-0.0203695 -0.0135543 -0.0148199 
-0.0206035  0.012 0.00177154 
0.0127193 -0.0151457 4.35998e-05 
-0.0252543 -0.0108737 0.00208554 
-0.0221491 0.0129175 -0.0128086 
0.0232203 0.00728667 -0.0303 
-0.0262883 0.009722649999999999 0.0247177 
0.0204561  0.015 -0.0320534 
-0.0201 0.00154259 0.0295853 
0.0275697  0.015 -0.0327828 
0.0201 0.00160953 0.0291468 
0.0201 -0.00166695 0.029398 
-0.0185808 0.0134959 -0.0117144 
-0.0201 -0.00373701 0.0273079 
0.0146836 0.0108373 -0.0303 
-0.0148225 -0.00959251 -0.0220358 
0.0225851 0.00232552 0.0323242 
0.00253676 0.0124 -0.00328562 
0.000459109 0.00719989 0.0015 
-0.008511970000000001 -0.015388 -0.0232889 
0.00109755 0.0124 -0.00330069 
0.00512225 -0.0124 -0.008661800000000001 
-0.0229989 -0.009671000000000001 -0.0145605 
0.0268222 -0.00609422 0.0034 
0.00572582 -0.0154038 -0.0122783 
0.00285169 0.0125724 -0.0301643 
0.00796615 -0.0124 -0.008710890000000001 
-0.02331 0.0118483 0.013981 
0.0289532 -0.015 -0.011255 
-0.0194894 0.00384354 0.0317953 
-0.0271 0.00178809 0.0138843 
0.0152353 -0.0125822 -0.00694769 
0.0265353 -0.009015240000000001 0.0302423 
0.020333 0.0139585 0.00336021 
0.009607610000000001 -0.0152269 -0.00137791 
0.0314378 0.00326442 0.0121325 
0.0218991  0.012 0.026357 
0.0178822 -0.015 -0.0288095 
0.01295 -0.0152885 -0.0302681 
-0.0271 0.0064192 -0.00129851 
-0.0271 -0.00317968 -0.00486966 
-0.0228384 -0.00764118 0.0232595 
-0.0256549 -0.010512 0.00272328 
-0.0231383 -0.00370918 0.035345 
-0.00637249 -0.0154924 -0.026131 
0.0221461  0.015 -0.0258652 
-0.00960751 0.0151604 -0.0186637 
0.008516340000000001 -0.009430010000000001 0.00469201 
0.029199 0.011422 0.0015 
-0.0254051 -0.0107463 0.0257887 
0.0287076 0.00567009 0.0034 
-0.0211 0.00496579 0.0349894 
0.0261215 0.0124 -0.00988463 
0.000418284 0.0124 -0.00509438 
-0.0271 0.00350871 0.00790857 
-0.0182913 0.00485063 0.0311 
0.00580463 -0.0154736 -0.0185063 
-0.0227416 -0.00689211 -0.0149238 
-0.00561345 -0.0124 -0.00066064 
-0.0181 -0.00530123 0.0351216 
-0.00367027 -0.00538809 0.0015 
-0.0243493 -0.00305591 0.0348736 
0.0197868 -0.0131491 -0.00284951 
-0.000460743 0.0124 -0.0222729 
-0.000109327 0.0154488 -0.0149779 
0.0121263 0.0151985 -0.00519085 
-0.0187849 -0.00645874 0.0324199 
0.0114181 -0.0124 -0.0263278 
-0.0189121 -0.00595823 0.0218093 
0.0263039 0.00259423 0.0373418 
-0.0064072 -0.00166926 0.00565251 
-0.0200322  0.012 0.00504913 
-0.00139041 -0.0156185 -0.0261991 
0.0151213 -0.0151608 -0.0264678 
0.0191 -0.0146629 -0.0373691 
0.0262036 -0.008870289999999999 -0.0344 
0.0344261 0.000131948 0.0049 
-0.0271 0.00128533 0.00662645 
0.0181 0.0031331 0.0144881 
0.00271331 -0.004 0.00394412 
-0.0174741  0.012 -0.000696608 
0.0135406 0.0147353 0.00179648 
-0.0260763 0.0100272 0.0127731 
0.000385078 0.0156527 -0.0280774 
0.0352 0.009077979999999999 0.0036274 
0.00430287 -0.0113956 0.0015 
0.0271 0.00117922 0.0302508 
-0.00646334 0.0066496 0.00476005 
0.0124851 0.0152261 -0.0114519 
0.0309227 0.007877439999999999 -0.0303 
-0.009520280000000001 -0.0104008 -0.0184664 
-0.0252417 0.0108881 0.008971959999999999 
0.0201 -0.00383229 0.0281802 
0.0346927 -0.0124 -0.0258607 
0.0201 0.00476602 0.0304769 
-0.0190563 0.0103378 -0.0187522 
0.0315458 -0.009016949999999999 0.0112646 
-0.0200029  0.012 0.0136774 
0.00263539 0.000230191 0.00681886 
0.014961 -0.0124 -0.0106185 
0.0233837 -0.0147271 0.00300119 
-0.010322 -0.000945056 0.0015 
0.0288321 -0.00565654 0.0034 
-0.00205582 0.0124 -0.0142061 
-0.0103968 -0.009611659999999999 -0.00645504 
0.0300259 0.00666748 0.0143287 
0.0352 -0.009632679999999999 0.00256037 
0.0347957 -0.0148953 -0.0230362 
0.0236338 0.00536918 0.0034 
-0.00809204 0.0116868 -0.0206619 
-0.0166 0.009627449999999999 0.00927618 
-0.0271 -0.00685795 0.00642494 
0.0256536 0.0104809 0.0288085 
0.00546808 0.00548482 0.00398973 
0.0301649 0.0124 -0.00976934 
-0.0166 -0.00835722 0.00704652 
-0.02277 -9.0511e-05 -0.00633399 
-0.00621066 -0.00499413 0.00505366 
0.0256558 0.00153119 -0.0322 
-0.0107102 -0.00573279 0.00511867 
-0.0271 -0.0024067 -0.00329012 
0.0266594 0.0136143 -0.0344 
-0.0152425 0.00746202 -0.0168823 
0.0132152 -0.0124 -0.0174625 
0.0275464 -0.0124 5.62418e-06 
0.00170014 -0.00987269 0.0015 
-0.0225804 -0.00027617 -0.0119259 
0.0193723 0.0125306 -0.0250872 
-0.0126405 0.0130158 -0.0011244 
0.0320968 0.0124 -0.0186974 
-0.0182371 0.00452946 -0.0174198 
0.0258181 -0.015 -0.0335276 
-0.0242257 0.00158403 -0.0129657 
0.0181 -0.00576337 0.0189713 
0.0159812 0.00314314 -0.0339239 
-0.0203786 -0.00557467 0.0215789 
0.0181 -0.0118742 0.0155834 
0.0220774 0.00275136 0.0345165 
0.0102222 -0.0152788 -0.008830050000000001 
-0.0186765 0.00787735 0.0311 
0.0251988 -0.015 -0.0296806 
0.0352 0.00946923 0.00200625 
0.0193223 -0.00538113 0.0034 
-0.0156653 -0.0119924 -0.0214409 
-0.0113036 0.0094 -0.0160198 
-0.0256058 0.0105631 -0.000863403 
0.0235918 -0.015 -0.0281348 
-0.0197994 0.0138179 -0.0175837 
0.0029707 -0.0195347 -0.017611 
0.0221335 -0.0110374 0.0326926 
0.00462723 0.0154137 -0.0115585 
0.0266182 -0.009392309999999999 0.0231832 
-0.0118657 -0.0094 -0.0173334 
0.0269964 0.009757419999999999 -0.0303 
-0.0271 -0.00242082 0.00122755 
0.0222392 -0.00152997 -0.0322 
0.0279176  0.004 0.00408855 
0.0309462 -0.00459586 -0.0344 
0.0136577 0.0125477 -0.008368179999999999 
0.00140277 -0.00268798 0.0043 
-0.00424926 0.0148354 -0.00203499 
0.0201 0.00690588 0.0308289 
-0.00398739 -0.0147186 -0.0277552 
-0.0156552 0.000816861 0.0015 
0.0115752 0.0153251 -0.0249047 
0.0346011 -0.00821758 -0.0303 
-0.0211 -0.00301912 0.0329262 
0.0243886 0.0124 -0.0289229 
0.0314235 0.0124 -0.0217285 
-0.0142015 -0.0148587 -0.0203946 
0.0285904  0.015 -0.028692 
0.022932 -0.00849833 -0.0303 
-0.00208538 -0.0156083 -0.0279471 
0.00705061 0.0124 -0.000518633 
0.01246 0.015243 -0.0148245 
0.0181 0.00445498 0.0386422 
-0.0181 0.00222341 0.0203827 
0.00238412 -0.0153202 -0.00510349 
-0.00116786 0.00290351 0.00324457 
0.026293 0.00419615 0.025641 
0.0341029 -0.00109275 0.008437099999999999 
0.0281735 -0.00355165 0.0186595 
0.0181 0.009438210000000001 0.0338015 
0.0235959 -0.00572087 0.0382762 
0.0275966 -0.0118139 0.0112908 
0.0263995 -0.000372225 0.0049 
-0.0206708 -0.00214622 -0.00609193 
0.0270354 0.00785366 -0.0303 
-0.00614715 0.0124 -0.0170229 
-0.02048 -0.0119973 0.0235278 
-0.00553071 0.0124 -0.0106521 
0.0110865 0.0124 -0.00745042 
0.0321029 0.0148748 -0.0340283 
0.0301895 -0.0124 -0.0238109 
0.0285067 -0.00513494 0.0176491 
0.0320016 0.00700566 0.0113412 
0.0197433 0.0124 -0.0156639 
0.0347255 0.0149307 -0.0121212 
-0.0141631 0.0101648 0.00391599 
0.0262214 -0.00865614 0.0326387 
0.00352372 0.0124 -0.0276016 
-0.0121324 0.0147737 -0.0152706 
-0.0120761 -0.0148851 -0.0170585 
0.0252163 -0.00903266 -0.0303 
0.0269615 -0.0149118 -0.0339638 
0.00592474 0.0124 -0.0300324 
0.0205287 0.0100764 -0.0303 
0.0352 -0.0141457 -0.0123248 
0.0010411 -0.0124 -0.000348828 
-0.0204137 -0.0119973 0.00869077 
0.023674  0.015 -0.0289871 
0.0241883 -0.00649215 0.0307337 
-0.0195094 -0.00328352 0.000323043 
0.0185628 0.00866363 -0.0343789 
0.0263177 0.0101767 0.0215128 
0.0158517 -0.0026 -0.0321526 
0.0243003 0.00253241 0.0218521 
0.0252795 -0.004 0.0046653 
-0.00837546 0.0143002 -0.0027447 
0.029186 -0.00066695 0.0049 
0.0347995 -0.0148931 -0.0264916 
-0.02216 0.00648934 0.0208328 
-0.0195947 -0.00651637 0.023369 
0.0352 0.00810571 -0.0304044 
-0.0259674 -0.0101636 0.00181136 
0.0226743 -0.0083377 0.0365692 
0.00228651 -0.0156233 -0.0271831 
-0.00306408 0.012493 -0.0279105 
-0.018988  0.012 0.010148 
-0.00120968 -0.0124 -0.0169301 
0.0186285  0.004 0.0040067 
0.0316437 -0.00157994 0.011852 
0.0277637  0.015 -0.00841531 
-0.0263562 -0.009408079999999999 0.0299777 
0.0135978 -0.0124 -0.0258135 
0.0250156 0.00485625 0.0379338 
0.0281251  0.015 -0.00177059 
0.0237235 -0.00670526 -0.0344 
0.00740067 0.0124 -0.0231768 
-0.00908313 -0.0183185 -0.0204115 
-0.0192319 0.009723280000000001 0.0350148 
-0.00924816 -0.0172962 -0.0131041 
0.0272804 -0.00702462 -0.0344 
-0.010778 -0.0001551 0.00584722 
0.0137946 0.0151862 -0.013211 
0.0148316 -0.0151412 -0.0122202 
-0.0105831 -0.00944389 -0.0229587 
0.00432684 0.0124 -0.00924793 
-0.0251599 -0.00354704 0.035256 
-0.017038 -0.00570373 -0.00400517 
-0.0129628 0.0105699 0.00420489 
0.00551718 -0.0154653 -0.0168658 
0.0264761 -0.00444785 0.0362921 
0.00701978 -0.0147695 0.00179693 
-0.0181 -0.00693045 0.0320594 
0.0198903 -0.015 0.00161668 
0.0181 -0.0105105 0.00303115 
0.0248855 -0.00368765 0.0206645 
0.0176355 -0.0143766 0.00238641 
0.019919 0.0124 -0.0285581 
0.00439501 -0.0124 -0.00407715 
0.0193207 0.00310178 0.0311 
0.00970738 -0.0107187 0.00432846 
0.0341954  0.015 -0.0140337 
-0.0271 0.008145650000000001 -0.00596524 
-0.00390917 -0.00184045 0.0015 
-0.00918827 -0.0106998 -0.0170888 
-0.0122374 -0.008342799999999999 0.00520415 
0.0028754 -0.0131708 0.00329085 
0.0206012 0.00391413 0.0393333 
-0.0271 -0.005274 0.00605777 
0.0321312  0.015 -0.00522412 
0.0302263  0.004 0.00409852 
-0.0227957 -0.009243980000000001 -0.0148241 
0.0278787 0.0044305 -0.0344 
0.0185468 -0.00407193 0.0290154 
-0.009258509999999999 -0.016505 -0.0155236 
-0.0250756 -0.0110118 0.0227257 
-0.0212907 -0.00383889 0.0393655 
0.0118656 0.0124 -0.00478163 
-0.0271 0.00418447 0.00073076 
0.00882465 0.0124 -0.00825524 
0.0227336 0.0140474 -0.0139869 
0.0107833 0.0153632 -0.0264413 
0.02324 -0.00278512 0.0313397 
-0.00428223 0.0124 -0.0261823 
0.0254055 0.00479962 0.0034 
0.00114489 -0.0153821 -0.00966642 
-0.0102866 0.00971086 -0.0109121 
0.0240024 0.00228654 0.0333865 
-0.0102372 0.0150879 -0.017884 
0.020338 0.0124 -0.0268861 
-0.00521935 0.00749808 0.00463442 
0.015373 -0.000370697 -0.0337837 
-0.0235535 -0.00618716 0.0254471 
-0.0181 -0.0066984 0.0230968 
-0.0125505 -0.0094 -0.012578 
-0.00626528 0.0124 -0.008744460000000001 
-0.0271 -0.00217918 0.016342 
0.0352 0.014181 -0.0284721 
-0.0254456 -0.0107105 0.0048337 
0.0290419 0.0119196 0.008480329999999999 
0.0142194 -0.0151159 -0.00314821 
0.0306038 -0.0106257 -0.0303 
0.0169826 0.0121033 0.0015 
0.00985893 0.0123225 -0.0318928 
0.00519881 -0.0152933 -0.0013222 
-0.0101659 -0.0145584 -0.008549289999999999 
0.00649597 -0.0124 -0.00796325 
-0.0157205 -0.00699395 -0.00577558 
0.0341173 0.0124 -0.0302312 
-0.013714 0.00789255 0.00609325 
0.0250734 0.0129995 -4.06856e-18 
-0.00213465 0.0125182 -0.0282998 
-0.00955947 -0.0089257 0.0015 
-0.00532986 -0.0061077 0.00486645 
-0.0222135 -0.00659673 -0.015573 
0.0181 -0.00976104 0.024567 
-0.00753492 -0.00659072 0.00477649 
0.0255532 -0.0124 -0.0211818 
0.0239869 -0.000250741 0.0396118 
0.0108365 0.0153088 -0.0159381 
0.0181 -0.00490985 0.0118501 
-0.009246839999999999 -0.0171281 -0.0127949 
0.0263269 -0.014881 -0.0050346 
-0.0240913 -0.0115818 0.0234645 
-0.019347 0.00265155 0.0015 
0.0159178 0.0124 -0.000420137 
0.0181 -0.00846119 0.009854119999999999 
-0.0261171 -0.008150930000000001 0.0337264 
0.0272878 -0.0102742 0.0174296 
-0.00925144 -0.0182802 -0.0138696 
-0.0143654 -0.00914949 -0.0223208 
0.00763387 -0.0124 -0.0173825 
-0.00471995 -0.0154773 -0.0209074 
-0.00672713 -0.00638972 0.0015 
-0.0255834 -0.0105831 0.0213287 
-0.009891779999999999 -0.0100664 -0.00545029 
0.0352 -0.0139921 -0.003873 
0.0274461 -0.0124 -0.000657503 
0.00324492 -0.0124 -0.0132321 
-0.00571842 0.0129982 0.003022 
-0.00638703 0.0151362 -0.0122815 
0.0164764 0.0124573 -0.0340394 
-0.0181 -0.00520258 0.0356524 
-0.0181569 -0.0142821 -0.0185935 
-0.0265973 0.00667128 0.0251293 
-0.0271 -0.00227917 0.00784461 
0.008849610000000001 -0.0124 -0.0234153 
-0.0271 0.00182154 0.00366986 
0.0280122 -0.015 -0.0138847 
0.0213356 0.00324779 0.0350438 
0.0298272 0.0106976 0.0111644 
-0.0157307 0.0138543 -0.010451 
-0.0251809 0.008714690000000001 -0.011248 
-0.0250515 0.0110346 0.00687301 
0.00317116 0.0124 -0.00553182 
0.0350396 0.00405958 0.00562506 
-0.0106995 -0.0151054 -0.0190196 
-0.00290333 0.00210353 0.0015 
-0.0166 -0.0110146 0.0154938 
0.0227075 -0.00397312 -0.0344 
0.000848437 -0.0181414 -0.0207294 
-0.00704285 0.0141526 0.00039955 
0.02591 -0.0053646 0.0257163 
-0.00421531 0.0153867 -0.01671 
-0.0205872 0.00422551 -0.017356 
-0.0169003 0.00583862 -0.0187027 
-0.00486323 -0.0160004 -0.0151473 
-0.0264407 0.00502457 0.0360368 
0.0229158 -0.00749799 0.0372746 
0.0352 0.0138934 -0.0111493 
0.00400172 -0.0124 -0.000110666 
0.0352 0.0141727 -0.00175835 
-0.0271 -0.0051119 -0.00403893 
-0.0166 0.0106757 0.00177753 
-0.015036 0.00766425 -0.0203546 
-0.0184097 0.00647944 0.0235144 
0.009685900000000001 -0.0124 -0.0196439 
0.0193065 0.0113637 0.0318332 
-0.0211584 -0.0119973 -0.00112084 
0.00714446 0.015518 -0.0296637 
0.00387665 0.0134961 0.00312006 
-0.0263493 -0.00962783 0.0208711 
-0.0052351 0.00598784 0.00489907 
0.0313129 0.0121844 -0.0303 
-0.0223684 -0.0119895 -0.00592988 
0.0282964 -0.015 -0.0334908 
0.0125674 0.0148955 -0.0329893 
0.000685581  -0.02 -0.0183371 
-0.010454 -0.00473963 0.00521694 
0.0294035 0.0147283 0.00300039 
-0.0246158 0.008242050000000001 0.0357556 
-0.0181 0.00463112 0.0381261 
0.0196258 -0.0119973 0.0166273 
-0.0136836 -0.00639013 0.00626795 
-0.0025941 -0.00175307 0.00588253 
-0.0180416 0.0101597 -0.0196149 
0.033336 -0.0103035 0.00708642 
0.00190261 0.0153748 -0.00925606 
-0.000364355 0.0152171 -0.00376178 
-0.0166 -0.00895285 0.0100784 
-0.0265297 0.00990447 -0.00822644 
-0.0271 -0.00689452 0.0152208 
0.0350736 -0.0124 -0.0153943 
-0.0211 0.0037782 0.0315933 
0.00131792 0.00983068 0.00423208 
0.0222523  0.015 -0.0266001 
0.0302361 0.00552306 0.0034 
-0.0181 -0.00348019 0.0210357 
0.0191 -0.0131138 -0.0370133 
0.025946 -0.00876704 -0.0303 
-0.0172638 -0.0119973 0.0111498 
-0.0218868 0.00674691 0.0250621 
0.0342567 -0.00320009 0.0049 
-0.0227463 -0.00421222 0.025646 
-0.0208523 -0.0103845 -0.0170258 
0.0232694 -0.0110569 0.0015 
0.0321354 0.00438783 0.0034 
-0.0216554 -0.0119973 -0.00534484 
-0.00111631 -0.0124 -0.0202733 
0.0188312 0.0124 -0.0258811 
-0.00923673 -0.0160403 -0.0104291 
-0.0142472 -0.00125419 0.00703613 
-0.0271 0.00273347 0.00842352 
0.0123684 -0.0151975 -0.0062127 
-0.0148173 -0.00461695 0.0015 
0.0144714 0.0122085 0.00397584 
-0.0138379 0.0122273 0.000215243 
0.00535554 -0.0127534 0.00354635 
0.0341309 0.0124 -0.0202423 
-0.008575259999999999 -0.0153727 -0.0250965 
0.0279586 0.0124 -0.00110862 
0.0181797 -0.0119973 0.0275764 
0.03161 -0.015 -0.0052364 
-0.02453 -0.00941869 0.034345 
0.00735071 0.015322 -0.00585658 
0.0279209 -0.0119973 0.008274170000000001 
0.0318077  0.015 -0.013512 
0.0286899 0.0124 -0.0301612 
0.0181 0.00279305 0.0228698 
0.00955277 -0.0127555 -0.0323078 
0.0254692  0.015 0.00120841 
0.0108005 0.0117177 0.0015 
0.0256644 0.00503858 0.0034 
0.0182443 -0.0119881 0.0285005 
-0.0271 0.00280998 0.00504207 
-0.0181 -0.000645365 0.0395659 
-0.0194598 0.010278 0.0341736 
-0.0111436 0.0094 -0.0217334 
0.0314769 0.0124 -0.00199429 
-0.0181 0.008605160000000001 0.0211282 
-0.0209803 -0.00184318 -0.0101759 
-0.0166 -0.00693752 0.0116027 
-0.0120277 -0.00574104 0.00546613 
0.00608558 0.0075895 0.0050958 
0.0306481 -0.00928997 -0.0303 
0.0100041 -0.0124 -0.0241428 
-0.0271 0.0064405 0.00231479 
-0.0167088 -0.0119973 0.0177696 
0.0212275 -0.0128812 -0.015343 
0.0181 0.00489747 0.0201657 
0.0194968 0.0145178 -0.0111845 
0.0300506 0.000715653 -0.0322 
0.00239369 -0.0048312 0.0015 
0.00706062 -0.0154529 -0.0311413 
0.0201352 -0.00238574 0.0049 
0.0266158 0.009106690000000001 0.0015 
0.0297643 0.0120177 -0.0328 
0.0231526 0.0106266 0.0135118 
0.0247046 -0.0026 -0.0317422 
0.0286391 0.00946353 0.0103385 
-0.00312089 -0.0124 -0.0108672 
0.0192993 -0.0136588 -0.0170791 
0.0270846 0.00872419 -0.0303 
0.0251628 0.0131202 -0.00608272 
0.0293831 -0.00716078 0.0155689 
0.0199603 0.00612257 -0.0314 
0.00268646 0.0155969 -0.0264707 
0.0124668 0.0151439 0.000287028 
0.00273078 0.0124 -0.0146371 
-0.0247418 -0.000456505 0.039224 
-0.0138177 0.00885731 -0.008880280000000001 
-0.00840808 -0.00667481 0.0015 
-0.008381909999999999 0.0139728 -0.000344891 
0.0181 -0.00432701 0.0311572 
0.031115 -0.015 -0.0199894 
-0.0185431 -0.00548986 -0.0192331 
0.0237999 0.0139411 0.00336724 
-0.00826409 -0.015415 -0.0241234 
0.0265685 -0.00187183 0.0370341 
0.0302829 -0.015 -0.0211405 
0.0138332 -0.00374296 -0.0332834 
0.000563526 -0.0139436 0.00263305 
0.0100545 -0.0153639 -0.0202379 
0.0291544 0.00531316 0.0160719 
0.0211 0.00676463 0.0211236 
0.023126 -0.0117158 0.029957 
0.00487674 0.00490574 0.00402344 
-0.023163 0.00266618 0.0343868 
0.0352 0.0134732 -0.0119201 
-0.0251009 0.0109981 0.00212158 
0.0296316 0.013818 0.003417 
0.0228923 -0.00119698 -0.0344 
-0.00544538 -0.0162716 -0.0138362 
0.0351948 -0.00617063 -0.0314 
0.0319266 -0.010278 0.00951978 
-0.0271 0.00196976 0.00112321 
0.0181 0.00431911 0.0175066 
-0.00760851  -0.02 -0.0118838 
0.0262702 -0.0101236 0.0220443 
0.0264556 -0.00945002 0.0260009 
0.0131091 0.0124 -0.00100735 
0.0181 -0.00708599 0.027416 
0.035194 -0.0135006 0.0030918 
0.0352 -0.0100729 0.00348158 
-0.000731426 -0.0152467 -0.00553819 
0.0140268 0.0151116 -0.00151392 
0.0325588 0.0117464 0.0015 
0.0270393  0.015 -0.0259236 
0.0140947 -0.000320901 -0.0324174 
0.0321376 -0.0124 -0.00350292 
0.0128627 -0.0152901 -0.0292623 
-0.0152245 0.00464885 0.0015 
0.0184786 -0.00541101 0.0387008 
0.0283369 -0.008999999999999999 0.00275275 
0.0181 0.00548736 0.0213741 
0.0257737 0.0102408 -0.0344 
0.0187696 -0.0124 -0.0136473 
0.0181 0.00110899 0.0385055 
0.0137952 0.00350207 -0.0322246 
-0.0254063 -0.00804591 0.0351169 
0.00578311 0.0153106 -0.00284431 
0.0211 -0.00266827 0.0342358 
0.0140046 -0.00820895 -0.0303 
0.026367 -0.00363028 0.0368786 
0.0026865 -0.008720169999999999 0.0015 
0.0271 -0.00308948 0.0262332 
-0.0199061  0.012 0.0159215 
-0.0271 0.00184908 0.0108227 
-0.00857309 0.0112537 -0.0210011 
0.00432679 -0.015513 -0.0195664 
0.0267839 -0.0118823 -0.0344 
0.0136289 0.0124 -0.0142815 
0.0181 0.00337431 0.010846 
0.0203908 0.0136155 -0.0160964 
-0.0216059 -0.00123048 -0.00166199 
-0.00117291 -0.0124 -0.00357915 
0.0198487 -0.00477415 -0.0344 
-0.009007859999999999 0.0117232 0.00365071 
0.0304683 -0.015 -0.00455854 
0.021537 -0.015 -0.00020469 
0.0134782 -0.0124 -0.0213942 
0.0204655  0.012 0.0223288 
0.00846912 0.0143899 0.00238365 
0.0181 -0.00280906 0.0197668 
-0.0181 -0.000126807 0.0209965 
0.0339849 -0.0124 -6.65522e-05 
-0.0032476 -0.0156236 -0.0272322 
0.0283715 -0.0124 -0.0274513 
-0.0190532 0.00424439 -0.0186134 
0.0297697 0.0127911 0.00383187 
-0.024456 -0.00743423 0.0340047 
-0.0133704 0.0149865 -0.0212022 
-0.0215645 -0.0111063 -0.0162713 
0.0283098 0.00314871 -0.0314 
0.0135009 -0.0124 -0.0137516 
-0.00124453  -0.02 -0.0174669 
-0.0254708 -0.000240932 -0.010892 
0.0181 0.00959513 0.0200071 
0.0308657 0.0124 -0.0133097 
-0.00071824 -0.0155603 -0.0214733 
-0.0203643 -0.0119973 0.00235496 
-0.0153742 -0.00733301 -0.0022724 
0.0245554 -0.00653735 -0.0314 
-0.00394659 -0.0145171 0.00112964 
0.0345681 -0.008999999999999999 0.00159226 
-0.0180392 -0.00854213 0.0205685 
-0.0166 0.0117448 0.000899419 
-0.0257579 0.0104019 0.011332 
0.00211162 0.0155592 -0.0217321 
0.0195948 -0.0145276 -0.0110963 
0.0236824 0.00463882 0.0356295 
0.0240693 -0.011471 0.0296208 
-0.00729674 -0.0148525 -0.0078914 
0.00101074 0.008174229999999999 0.0046516 
0.0252011  0.015 0.000665411 
0.0321564  0.015 -0.0075034 
0.034948 0.00652029 0.00612445 
0.0201 0.00155858 0.025053 
0.0351772 0.0124 -0.009839499999999999 
0.0156812 0.0150802 -0.00519429 
0.0193933 0.00610145 0.0340589 
0.0179989 0.0121491 0.00408884 
-0.0166 -0.0106372 0.0199621 
0.00729978 0.0154552 -0.0206902 
-0.0270244 0.00779153 0.029032 
-0.0248807 0.011152 0.00814436 
0.0178074 0.0123329 -0.0343049 
0.0198759 0.0124 -0.0255489 
0.0216016  0.015 -0.0259067 
0.00296653 0.0124 -0.0133398 
0.0121647 0.0124 -0.0197935 
-0.009613979999999999 0.0103165 -0.0160721 
0.0263747 0.009452439999999999 0.0295872 
-0.0181 -0.000231178 0.0211003 
0.0197844  0.012 0.0215414 
0.00106017 -0.00243139 0.0043 
-0.0253739 0.0107761 8.086909999999999e-05 
-0.009728779999999999 -0.014369 -0.00561346 
0.0181 -0.00191761 0.0365119 
0.0326509 -0.00658455 -0.0314 
0.0166727 -0.0124 -0.014281 
-0.0146198 0.0145281 -0.0156902 
0.0308322  0.015 -0.0242486 
0.035078 -0.008392739999999999 -0.0303 
0.0302271 -0.015 -0.0237171 
-0.0271 0.00699789 0.0186222 
0.00142307 -0.0198999 -0.0203184 
-0.00579582 -0.0124 0.000271412 
-0.00278439 -0.0124 -0.008358579999999999 
-0.00765372 -0.0132969 -0.0261053 
-0.00274088 0.0151386 -0.0057491 
0.0324393 -0.00245175 0.010825 
0.0218084 0.00397617 0.0304333 
0.00358228 -0.0124 -0.0116851 
0.0202701 -0.012922 -0.0344 
-0.0210614 0.00405607 -0.0168741 
0.0269723 0.0118688 0.0015 
0.0181 0.0101353 0.0212656 
-0.00550757 0.0139112 0.00199074 
-0.0251929 0.00357082 0.0253701 
0.03086 -0.015 0.00128685 
0.0304677 -0.0045915 0.0136026 
-0.014191 -0.00577369 0.00675683 
-0.0190493 0.0136404 -0.0135859 
-0.0208164 0.0063615 0.0336996 
-0.0229439 0.0103028 -0.0146269 
-0.0126998 0.012968 -0.0009998120000000001 
0.0102614 -0.0124 -0.0232325 
0.024881  0.012 0.00702287 
-0.0251529 -0.0109529 0.0172364 
0.0265153 0.00464025 0.0360955 
0.00318754 -0.0156209 -0.0283631 
0.0265219  0.015 -0.031905 
0.0204194  0.012 0.008877929999999999 
0.0267484 -0.0008187 0.0367859 
-0.0264961 -0.009374789999999999 0.00702504 
0.00711434 -0.0124 -0.00252203 
-0.00818587 0.0153133 -0.0201321 
0.003792 0.00852284 0.0047072 
0.0309239  0.015 -0.0202284 
-0.00924004 -0.0168076 -0.0112049 
-0.00361606 -0.000506056 0.00323727 
0.0050257 -0.0155337 -0.0232288 
0.0281153 0.00296585 -0.0314 
0.0196185  0.015 -0.0137585 
-0.0212714 -0.0119973 0.0271323 
0.0264699 0.00371877 0.0366494 
 0.035 0.0147285 -0.0187761 
0.032067 0.00612876 -0.0314 
-0.00193866 -0.00462302 0.00529338 
0.0244661 0.00312427 -0.0314 
0.0352 0.0139904 -0.0011054 
0.0348963 0.00463125 0.00633809 
0.0211 -0.00444824 0.0306489 
0.0250033 -0.00471683 -0.0344 
0.0315555 0.00158592 0.0049 
0.0276547  0.015 -0.0208155 
0.0211 0.00637711 0.0310534 
-0.0149201 0.00777773 -0.0149767 
-0.0224408 -0.0040565 0.0255969 
0.0196302 -0.00335483 0.0229339 
-0.0167915 -0.00594515 -0.0152662 
0.0181 -0.00136043 0.0222081 
0.0239864 -0.00534311 0.0257192 
-0.000398599 -0.0149755 0.000762618 
0.014034 -0.00171093 -0.0330287 
-0.0271 0.000352447 0.00493203 
0.009472059999999999 0.011012 0.0015 
-0.0101453 -0.0122298 0.00326508 
-0.0162656 -0.00639295 0.009852629999999999 
0.0250562  0.015 -0.00983552 
0.0209337 0.0141251 0.00329292 
0.0349185 -0.0148092 0.00192037 
0.0318273 -0.015 -0.0334779 
-0.000662734 -0.0124 -0.0116403 
0.0255869 0.0106001 0.0247379 
-0.0187835 -0.00520811 0.021472 
0.0328819 0.0115812 -0.0344 
0.0243862 -0.0115253 0.022713 
0.0290788 0.0124 -0.0231644 
-0.0110619 0.0094 -0.00149454 
-0.0181 -0.00524404 0.0300801 
0.00688904 -0.0124 -0.0113363 
0.0143261 -0.0142485 -0.0235849 
-0.0221916 -0.000656982 -0.0125629 
-0.0211 0.00484538 0.0250843 
-0.0205591 -0.0119973 0.008657629999999999 
0.00248982 0.0156369 -0.0294531 
-0.0046012 -0.0124 -0.0263528 
-0.0271 -0.00473687 0.0167976 
0.0101034 -0.0124 -0.0294468 
0.0342146 -0.015 -0.02502 
-0.0271 -0.00286814 0.00239464 
0.0230885  0.015 -0.0131437 
0.016542 0.0124 -0.0166745 
-0.00754207 0.015273 -0.0179288 
-0.0166 0.009640340000000001 0.0193258 
0.0252899 0.0138048 -0.019759 
-0.0181 -0.00797435 0.0261208 
-0.0236551 0.00754416 0.0223084 
0.0290999  0.015 -0.011857 
0.0239435 -0.0124 -0.0100597 
0.0126863 -0.0124 -0.00772328 
0.0283 -0.015 -0.0177664 
-0.0271 0.00532199 0.0166813 
0.0152735 -0.0151577 -0.0281271 
0.0269799 -0.008999999999999999 0.00244255 
0.00605344 0.0124 -0.0130836 
-0.00558186 -0.0160746 -0.0106784 
0.00608206 0.0124 -0.0252958 
-0.0181 -0.000119901 0.0209085 
-0.0217081 0.00809585 -0.01613 
-0.00792313 -0.00666064 0.00477611 
0.0201 -1.13085e-05 0.0264254 
0.020767 0.0124 -0.0249935 
-0.0166 0.00353445 0.0148772 
-0.0166 0.00607629 0.0125637 
0.019033 -0.00523038 0.0214752 
0.0240653 -0.00463664 0.0356292 
-0.00263898 0.0126323 -0.0282138 
0.009591270000000001 -0.0124 -0.0008245699999999999 
-0.0181 -0.00642326 0.0373641 
-0.0199211 -0.00366232 0.0320018 
0.00427763 -0.00646496 0.00529588 
-0.0261325 -0.00225326 0.0330301 
0.030117 0.008999999999999999 0.00228524 
-0.0231578 -0.0118804 0.0217777 
-0.0185061 -0.0119973 0.00361693 
-0.0166 0.00817622 0.0156245 
0.0255478 -0.0115455 0.0172781 
-0.0162683 0.0142341 -0.0149975 
0.0188685 -9.33057e-05 0.0399898 
-0.00119205 -0.0150031 0.000258124 
0.0209257 -0.0119973 0.0232267 
0.0102606 0.0124 -0.0281843 
-0.00888241 -0.00461404 0.00514296 
-0.0177534 -0.00500313 0.000656987 
0.0198931 -0.000671987 0.0321423 
0.0199212 0.00858717 -0.0344 
7.58642e-05 -0.00249229 0.00594846 
0.0341992 0.00552086 0.00824803 
0.0209818 0.009764460000000001 0.0143009 
0.030701 -0.00443975 -0.0344 
0.0206253 0.0115478 0.0114118 
0.0181 0.00570027 0.0188525 
-0.0216629 0.00274704 0.0214899 
-0.0271 0.0044821 0.0278592 
-0.00550228 -0.00322388 0.0015 
-0.00105329 -0.0124 -0.00488417 
-0.0235712 0.00549869 0.038401 
0.0194095  0.012 0.0149222 
0.0237796 -0.0119973 0.014204 
0.00058584 0.00425487 0.00557385 
0.026616 -0.0149902 -0.00477432 
0.0269286  0.012 0.00886518 
0.0275371 -0.0100032 -0.0303 
-0.0166 -0.00612121 0.0137912 
-0.0139565 0.0107098 0.0032938 
-0.0183748 0.00992902 -0.0193507 
0.0325273  0.015 -0.0233367 
-0.0230181 -0.00728574 0.031596 
-0.0256325 -0.00821304 0.034589 
-0.00773806  -0.02 -0.0176078 
-0.0183482 -0.0119973 0.0129823 
-0.0271 -0.000305164 0.0155793 
0.0239311  0.012 0.0108664 
-0.0232648 -0.0118571 0.0262242 
0.0284898 -0.0124 -0.0286616 
0.0258022 -0.00267421 0.0245004 
0.0180983 0.0110485 -0.03434 
0.0201 0.000636401 0.0244257 
0.0128859 -0.0151849 -0.00688668 
-0.0271 0.00125336 0.0304402 
0.0225632 -0.0139789 0.00335199 
0.0185043 -0.00012924 0.0049 
-0.00339308 0.0152579 -0.0103952 
-0.0266448 0.0025054 0.0367251 
0.0130701 0.0124 -0.00677105 
-0.00834289 -0.0119692 0.00354687 
-0.0198325 0.00296714 -0.000157247 
0.0239925 -0.00428947 0.0256668 
-0.0222444 0.0125565 -0.0107613 
0.00820647 -0.0152906 -0.00596053 
0.0284784 0.00954877 0.010419 
0.0201 0.00603003 0.0303658 
-0.0189381 -0.00350589 0.0336379 
0.0201621 -0.00953038 0.0352881 
-0.00758675 0.0110568 0.0015 
0.03048 0.00890759 -0.0333756 
-0.0247732 0.00691233 -0.011989 
0.0262383 -0.0101552 -0.0331068 
0.0155719 -0.007 -0.0303137 
-0.020878 -0.0119973 0.000825796 
0.0265432 0.00907559 0.010042 
0.0159375 -0.0124921 -0.0112452 
-0.0127313 0.0142757 -0.0095843 
-0.0246199 0.0113181 0.0174509 
-0.0150579 -0.0106906 0.00251336 
-0.0015193 0.0152136 -0.00558473 
-0.0169444 -0.00170795 0.0015 
-0.016508 0.00973106 0.00299357 
-0.009278720000000001 -0.000443633 0.0015 
-0.0271 0.00392185 0.0194921 
-0.00467493 0.00754383 0.00462204 
0.0189604  0.012 0.0176157 
0.0237974 -0.0124 -0.00875217 
0.0268091 -0.01199 0.0103635 
0.00273831 0.0152661 -0.0017767 
-0.0166 0.00257584 0.0141425 
0.0128258 -0.0124 -0.0162915 
0.0267002 0.0124 -0.0226479 
0.0181 -0.00084016 0.0174362 
0.0188402 0.0142765 0.00322892 
0.0316112  0.015 -0.0140031 
-0.0136823 -0.008989840000000001 -0.000941357 
0.0331617 -0.00597336 -0.0314 
0.0272 0.0138511 -0.00175407 
-0.0166 0.00134215 0.0123394 
-0.0140993 0.00946876 -0.0225047 
0.0289026 0.00715163 -0.0303 
0.0177478 -0.0143223 -0.0184761 
0.0182337  0.012 0.0141235 
0.0268565 0.00690341 0.0211891 
0.0106693 0.0124 -0.0279271 
0.00176018 0.015544 -0.0202549 
0.0042714 0.012853 -0.0307588 
0.0212007 -0.0133818 -0.00157647 
0.00742012 -0.0144212 0.00233658 
-0.0226702 -0.011961 0.0258102 
-0.0271 -0.00539677 0.00552355 
-0.0271 -0.00428123 0.00580908 
0.000399756 -0.0151667 -0.000750758 
-0.00383161 0.0155782 -0.0255093 
0.0210309  0.015 -0.00129929 
-0.000255865 -0.0124 -0.0180825 
0.0352 -0.0140716 -0.000530594 
-0.00331639 0.0124 -0.00132755 
0.0198914 -0.008999999999999999 0.00221595 
-0.018717 0.0040595 3.9222e-05 
0.0201157 -0.00628856 -0.0344 
0.0111271 -0.0124 -0.0210161 
0.0135693 0.00457568 -0.0317192 
0.0157068 0.0118384 0.00415802 
0.0117962 -0.015169 -2.56227e-05 
0.0154718 0.0151475 -0.0275541 
-0.0181 -0.00559189 0.0204929 
0.0181 0.00136262 0.0135431 
-0.0184201 0.00512862 0.0249 
0.0100659 -0.0153037 -0.0112034 
0.0211948  0.015 -0.0239898 
-0.0208467 -0.013417 -0.0144467 
-0.0181 -0.000181014 0.0213726 
-0.019286 0.00350236 -0.00926189 
-0.00513625 0.00211648 0.0015 
-0.0101402 0.000191513 0.0015 
0.018105 0.00478668 0.0311 
-0.0226427 0.000645897 -0.0147728 
0.027105 0.0136224 0.00349603 
0.0127373 0.0124 -4.18115e-05 
0.024586 -0.0124 -0.012835 
-0.00438469 -0.0151848 -0.00971311 
0.0292566 -0.0124 0.000860083 
-0.0166 0.00595496 0.0175491 
-0.00227775 -0.0124 -0.00506048 
0.0181 0.00522158 0.0082977 
0.0352 0.0124665 -0.0297036 
0.0251381 -0.0119973 0.0114237 
-0.0211396  0.012 -0.00178252 
-0.021106 0.0009832090000000001 0.0015 
0.0165995 0.011443 0.00433665 
0.000931755 0.0155075 -0.0178235 
0.0117753 0.0124 -0.00282165 
0.0140743 0.000942364 -0.0328374 
-0.0166 0.00694731 0.0181011 
0.0249719 0.0124 -0.0283949 
0.0132248 0.0124 -0.0154496 
0.0222252 -0.0022859 0.0325179 
0.0265796 -0.0116247 0.0142225 
0.0181345 0.009972099999999999 -0.0303 
-0.024283 0.0114973 0.0107463 
0.0181 -0.00687255 0.035181 
-0.0271 -0.00658468 0.0180239 
-0.0166 0.0118881 0.017988 
0.0127437 0.009894170000000001 -0.0303 
0.0077931 0.0110332 0.0015 
0.0181 0.00472416 0.0117428 
-0.0183711 0.00643402 0.0381251 
-0.00317375 -0.0149861 -0.00286531 
-2.9854e-05  0.004 0.00388168 
0.0203693 0.0102046 0.034294 
0.00672449 0.0124 -0.0219107 
-0.00991993 0.010041 0.000832161 
0.0352 -0.0136845 -0.00879138 
0.0181813 0.00393758 0.0311 
-0.0118227 -0.0151559 -0.0224652 
-0.00620094 -0.0161965 -0.020732 
-0.0173423 -0.0112851 0.0205686 
0.0316416 -0.0013058 -0.0344 
0.0300286 0.00659138 -0.0314 
0.0128091 0.010099 -0.0331685 
0.0168987 -0.0150737 -0.0315415 
0.0137178 0.0124 0.00043207 
0.0181 -0.0115671 0.0177704 
-0.00688086 -0.00616283 0.00484028 
0.0088512 0.0123166 0.0015 
0.0271 0.00450848 0.0260337 
-0.0271 0.000288724 0.0120251 
0.0109281 -0.0139396 0.00289843 
-0.0106754 0.0149307 -0.0153404 
-0.0198608 0.0104777 -0.0180025 
0.00621678 0.008903629999999999 0.0015 
-0.008913880000000001 -0.0109469 -0.0241872 
-0.00614822 0.00569012 0.00493472 
0.0181 -0.00517835 0.0269534 
0.0236049 -0.00118739 -0.0344 
0.025643 0.0124 -0.0278239 
0.0198115 0.000283287 -0.0344 
-0.0271 -0.00750223 -0.00102629 
-0.0218286  0.012 0.00479785 
-0.00131729 -0.0152522 -0.00671743 
0.00175952 0.0124 -0.00426673 
0.0141106 0.008172250000000001 -0.0303 
0.0307033 0.0124 -0.0185406 
0.0129385 0.0124 -0.0267214 
0.02772 -0.0115 0.0126681 
-0.0246752 -0.00564625 0.0377561 
-0.0165865 -0.00652492 0.0115082 
0.00339653 0.00164713 0.00480747 
-0.024567 -0.0026118 0.0244008 
-0.0191513 0.0108929 0.0330162 
-0.0271 -0.00321679 0.0258864 
0.027122 -0.008521229999999999 0.022159 
-0.0233391 -0.012644 -0.0135723 
0.0269219 -0.0099556 0.0015 
0.00589589 -0.0124 -0.0126813 
0.00319814 -0.0159414 -0.0127236 
-0.00530825 0.0124729 -0.0268999 
0.0223642 0.007958099999999999 0.0034 
-0.0223229 0.00467197 0.0257344 
0.009857329999999999 -0.0154403 -0.0318811 
-0.0146565 0.008035860000000001 -0.0015825 
-0.00764266 0.0143315 -0.00186688 
-0.0247093 0.00738815 0.0242088 
0.0352 0.0126401 -0.0261482 
0.0215977 -0.00474474 0.0302587 
-0.0162901 0.00523804 0.0100916 
-0.00261879 -0.00136834 0.0043 
0.0243577  0.012 0.0112225 
0.0319823 0.00883784 -0.0303 
0.00235377 -0.0124 -0.0110948 
-0.0233494 0.0118396 0.00281331 
0.0131752 0.0152715 -0.0280475 
0.0181 -0.00386035 0.0129829 
0.0223837 -0.0124 -0.0262472 
0.00653655 0.0155439 -0.0302213 
0.0242001 -0.00585619 0.0304072 
0.00339575 0.0153651 -0.00700442 
-0.0181 -0.00165638 0.0371047 
-0.0238986 0.00568072 0.0355484 
-0.00454548 -0.0151054 -0.00792315 
0.018305 0.0137876 -0.0122576 
0.027655 -0.0124 -0.0261146 
-0.0181 0.0007231680000000001 0.0374407 
0.0216979 -0.00884562 -0.0344 
0.0104441 -0.01517 -0.0324889 
0.0300079 0.0074 0.0116249 
0.00538768 -0.0124 0.000243515 
0.000170544 -0.00760033 0.0015 
-0.0147381 0.00386142 0.00753695 
0.0181 0.00637901 0.0209087 
-0.0133534 -0.0129909 -0.00189882 
0.0181 0.007985529999999999 0.00600784 
-0.0205271 -0.00228691 -0.0157584 
0.0225088 -0.0129348 0.00377384 
-0.0270819 -0.00728421 0.0293457 
-0.0271 0.00522413 0.0179796 
0.0151579 -0.0124 -0.0162555 
0.0223456 -0.00739499 -0.0344 
0.0104386 -0.0124 -0.0290466 
0.009810309999999999 0.0124 -0.0093656 
0.0328277 -0.0124 -0.020891 
0.023474 -0.0118412 0.0229174 
0.0322353 -0.015 -0.016587 
0.0215542 -0.015 -0.0259341 
-0.0166 0.008852209999999999 0.0165004 
0.0285578  0.004 0.00421806 
0.0134949 0.0152343 -0.0217203 
0.00302457 0.0153036 -0.00352933 
0.0101956 -0.0124 -0.000394884 
-0.00622322 -0.0040899 0.00521113 
0.0160965 0.0151142 -0.0290664 
0.0181 0.00612356 0.0183363 
0.0181 -0.00408439 0.00734669 
-0.00459539 -0.0193373 -0.0206254 
0.0224246 0.000482487 0.0399684 
0.000542029 -0.0136413 0.00290308 
-0.0122063 -0.009393200000000001 0.0015 
-2.44404e-05 -0.0155722 -0.022042 
0.0181 -0.00763502 0.0118076 
0.0274751 0.00270756 0.0214165 
0.0302387 0.00418253 -0.0314 
0.0207807 -0.00166122 -0.0344 
-0.0271 0.00510264 -0.00367018 
0.00230095 0.0154694 -0.014598 
-0.0168532 0.00588468 -0.0166203 
-0.0211286 0.0126873 -0.0100413 
0.0264536 -0.00811018 0.0328488 
0.0190017 -0.015 -0.0124802 
0.0238584 0.0073433 -0.0303 
-0.0271 0.00580924 0.0276847 
-0.008712259999999999 0.0143754 -0.00403329 
-0.016583 0.00289468 0.0118565 
0.0267732 -0.00915027 0.0228467 
0.0209019 0.0103139 -0.0344 
0.0344234 0.0149995 -0.0176368 
0.0308013  0.015 -0.0149244 
-0.0166 0.0102669 0.0181017 
-0.016132 0.0115371 -0.00015714 
-0.024654 -0.0112937 0.020865 
0.0227434 -0.015 -0.009784269999999999 
0.0172406 0.0150505 -0.0283752 
0.0201 -0.00153014 0.0247902 
-0.00415763 -0.0196928 -0.0166702 
0.00250818 -0.0199632 -0.0113806 
-0.00886238 0.0109932 -0.00577414 
-0.00396953 -0.0147887 -0.000735455 
0.0246407  0.015 -0.0317654 
-0.009427939999999999 0.0144511 -0.00608775 
0.0233269 0.0124 -0.00990765 
-0.0183052 0.0101652 0.0311 
0.0334428 0.00746239 0.009513189999999999 
-0.00508899  -0.02 -0.0145723 
0.0277682 -0.0124 -0.0141575 
-0.017939 0.00771651 -0.0197208 
-0.00726351 0.0145208 -0.00326794 
-0.00997878 -0.00998801 -0.00342006 
0.0134596 0.00569098 -0.0332774 
0.0200843 -0.0026 -0.0314799 
-0.0200238 0.00361079 0.022177 
-0.0181953 -0.0119973 0.0170672 
-0.0105727 0.0131657 0.000692681 
-0.0271 -0.00263849 0.01512 
0.0342326 -0.00449231 -0.0344 
0.0183722 -0.0124 -0.00198485 
0.009871629999999999 0.0124 -0.00518994 
-0.0261902 0.00235255 0.0223172 
0.0291583  0.015 -0.0060515 
0.0210285 -0.0114437 -0.0303 
0.00343258 0.008637229999999999 0.00465943 
0.0200058 -0.0128653 -0.016443 
0.000654602 0.0124 -2.67872e-05 
0.0162988 0.0126835 -0.0115705 
0.0271 0.000233073 0.0331574 
-0.0271 -0.000918439 0.0162536 
-0.0117405 0.0094 -0.0219794 
-0.0224004 -0.0119849 0.0225477 
0.0317061 -0.0124 -0.0100217 
0.0245286 -0.00379633 0.0254912 
0.0332721 -0.0109569 0.00457296 
-0.0225694 0.000287035 -0.0121618 
0.031128 -0.000327879 0.0049 
0.024926 -0.0063133 0.0371479 
-0.0222728 0.00600049 0.0354348 
0.0283284  0.015 -0.0117467 
-0.0230008 0.011918 0.0102843 
-0.0165306 -0.00118233 0.0015 
0.0340647 -0.00495971 -0.0314 
0.0292191 -0.0135656 -0.0344 
0.0271556 -0.008999999999999999 0.0031058 
0.0341495 -0.0013486 0.00834556 
-0.0168474 -0.00589036 -0.00483038 
0.00430941 0.0116699 0.0015 
0.0181 -0.0118222 0.0241712 
0.0181 0.00165973 0.0114147 
0.00160765 -0.00231577 0.0043 
-0.00874612 -0.0175297 -0.0101883 
0.0222107 0.0074 0.012675 
0.0264937 0.0124 -0.0297768 
-0.000708138 0.0124 -0.0102276 
-0.0205238 -0.0119973 0.000460428 
0.0293602 -0.0124 -0.00423384 
0.0340063 -0.00366346 -0.0344 
0.021567 -0.0119973 0.00482541 
0.032115 -0.015 -0.00530957 
0.0186881 -0.0142041 -0.0176295 
-0.00785309 -0.0134137 0.00211783 
-0.0220343 -0.0119973 0.011442 
-0.0256156 0.00465282 0.0257319 
0.011853 -0.0124 -0.0103532 
0.00894752 -0.0124 -0.0164243 
0.0271783 0.00103637 0.0236591 
0.0348406 0.0117662 0.0015 
-0.0173577 -0.0119973 0.00079583 
0.0283063 0.009530169999999999 -0.0327009 
0.00425724 -0.00808846 0.00483155 
0.013958 -0.0107521 -0.0368445 
-0.0105817 -0.00888245 0.0015 
-0.0166 0.00851182 0.0201528 
0.034957 -0.0147742 -0.0298728 
-0.0181 -0.008349489999999999 0.025779 
0.0278367 -0.0119664 -0.0344 
0.0230598 0.00751847 0.0337763 
0.0226652 0.00851582 0.009957779999999999 
-0.000275476 -0.0124 -0.00148648 
-0.0269317 0.008284720000000001 0.0274288 
-0.0166 0.00332476 0.0130368 
0.0324456 -0.015 0.000381905 
0.00388801 0.0124 -0.0193963 
-0.00100921 0.008199440000000001 0.00457016 
-0.0133761 -0.0143221 -0.0111612 
-0.0271 -0.00382376 0.00562737 
-0.0271 0.00646834 0.0267973 
-0.0261713 0.009901129999999999 -0.002886 
-0.0188572 0.00707205 0.0376883 
0.0336944  0.015 -0.0290422 
0.00524991 0.0155386 -0.0249073 
0.0289779 0.008999999999999999 0.00215391 
0.00378277 0.008118780000000001 0.00482038 
-0.0169877 -0.0119973 0.00758692 
-0.00657727 0.0151996 -0.014287 
0.0201075 -0.0119973 0.0144496 
0.0351875 -0.00503652 -0.0337408 
0.0149684 0.00372473 -0.0336905 
0.0347643 -0.01382 -0.0343116 
0.023391 -0.00275765 0.0246257 
0.00150533 -0.000816375 0.00651158 
0.0151088 -0.0151619 -0.0266056 
-0.00415818 -0.00640449 0.0048312 
0.0352 0.013496 -0.00659226 
-0.0166 -0.00333377 0.0179273 
0.0206615 0.000690782 0.0049 
-0.0216427 0.00423087 0.0355514 
0.010265 -0.0124 -0.00621927 
0.0151214 0.0151278 -0.0119073 
-0.0239372 -0.0106782 0.0326267 
0.00198472 -0.0124 -0.0141502 
-0.0271 -0.00369765 0.0150077 
-0.0150388 0.0125017 -0.00191998 
-0.0250009 -0.00717314 -0.0115911 
-0.0124106 -0.0118735 0.0024636 
-0.0203509  0.012 0.0124491 
0.00831106 0.0124 -0.0300154 
0.0227346 0.0124 -0.0111441 
-0.022928 0.0119306 0.0143937 
-0.0201339 -0.00467738 0.0313733 
-0.0218458 -0.0118287 0.0299935 
-0.0238126 0.00485924 0.0203542 
-0.0252844 0.00227146 0.0233724 
-0.0264734 0.009519980000000001 -0.00367259 
-0.0166799 -0.0109018 -0.0206985 
0.00141564 -0.00434495 0.0015 
-0.0235863 0.0117723 0.0010764 
-0.00396729 0.00154554 0.0015 
0.0223305 -0.00227567 0.0234084 
-0.000679089 -0.0124 -0.0116547 
0.0214358 0.0129791 0.00375593 
0.0182553 -0.0119973 0.0122769 
0.0286821  0.015 -0.000336252 
0.0192509 0.00918276 0.0311 
0.00226774 0.00503257 0.00550721 
0.0224495  0.012 0.019212 
-0.024824 -0.0111854 0.00448701 
0.0270712 0.0124 -0.029972 
-0.0139786 -0.008699749999999999 -0.0201694 
0.0013007 -0.015637 -0.0274967 
0.00981139 0.0127721 -0.032387 
-0.0271 -0.00148824 0.0325107 
-0.00829184 -0.00711627 0.0015 
0.027705 -0.015 -0.0065868 
0.0181 0.011408 0.0159932 
0.0177239 0.0139115 -0.0184976 
0.0181 -0.00659773 0.0148938 
0.0181 -0.00167613 0.0173719 
-0.0271 0.00470338 -0.00539295 
0.00972949 0.0152602 -0.00519232 
-0.00631429 -0.00643823 0.00478596 
0.0184618  0.015 -0.015605 
0.0204775 -0.00700867 -0.0303 
0.0181 0.00485536 0.0167284 
-0.0181 0.000716215 0.0326452 
0.0265952 0.009651119999999999 0.0221103 
0.0181 -0.0028423 0.0174785 
0.0270702 -0.0142478 -0.0343982 
0.0191177 0.00940819 0.0102658 
-0.0248511 -0.00162527 -0.0119512 
-0.0181 0.00295207 0.0243715 
0.0219919 -0.008999999999999999 0.0031346 
0.0201 0.008772449999999999 0.0262144 
0.0181 0.00542289 0.0147075 
0.00651092 -0.0155078 -0.0242937 
-0.00168908 0.0124 -0.0277949 
-0.0207341 -0.00662444 -0.0171848 
-0.0221246 0.0119989 0.0192659 
0.0172109 -0.011 0.00391611 
-0.0184219 -0.0119973 0.0177968 
0.0187391  0.015 -0.0127746 
-0.0271 0.00263464 -0.00673907 
-0.00724921 -0.0146438 -0.00459859 
0.0247447 0.00605305 0.0304871 
0.026272 0.0124 -0.0262861 
0.023764 0.0119495 0.018329 
-0.000285981 0.00460198 0.00544026 
-0.00189647 0.00219 0.00222343 
0.0011985  -0.02 -0.0158761 
0.0224255 0.00718888 0.0215446 
0.0181 -0.00251383 0.0235977 
0.0186699 -0.00079243 0.023879 
0.0303113 -0.0106418 0.0015 
0.0203642 0.00936552 -0.0303 
-0.0042201 -0.0149424 -0.00375787 
0.0175068 -0.015027 -0.0139965 
0.0249934 -0.0124 -0.0246674 
0.0252816 -0.0102454 0.0015 
-0.0264391 0.00948415 -0.00192436 
-0.0166 0.008186000000000001 0.0203877 
0.00204261 -0.00450146 0.0015 
0.0130189 0.0143801 0.00240482 
-0.0181 -0.00163453 0.0386914 
0.0301277 0.0124261 -0.0344 
-0.0201 0.000459588 0.0269622 
0.00295811 0.00403802 0.0058325 
0.0262691 -0.0119973 0.00565309 
0.0307274 0.0124 -0.0244684 
-0.0181 -0.00205647 0.0240341 
0.0326095 -0.0124 -0.0137472 
0.0216792 -0.00243446 0.0319735 
0.0144775 0.015098 -0.000513114 
0.0190944 -0.0119973 0.0211276 
-0.0271 -0.00317135 -0.00377528 
-0.0220222 -0.0029956 0.0211901 
-0.00406765 -0.0154576 -0.0193165 
0.0181 -0.00210161 0.012725 
0.00931878 0.0124 -0.00621431 
-0.0172256 0.00396612 0.0015 
-0.0130058 0.0149171 -0.0192913 
0.028048 0.0107174 -0.0323369 
-0.00806661 -0.00622611 0.0015 
0.00104049 -0.00190768 0.00618838 
0.018129 -0.0009809790000000001 0.0239187 
-0.0166 0.000592821 0.0157809 
-0.0185644 -0.00420901 -0.00384282 
0.0238549 0.00452191 0.0257146 
0.0218192 0.00183898 0.0049 
0.0193088 -0.00419601 0.0279686 
0.0209146 0.00466664 0.0313752 
-0.023458 -0.00764721 0.0231085 
0.0248103 -0.00528149 0.0034 
0.0352 -0.0130626 -0.00509114 
0.0181 -0.0108894 0.0178748 
-0.0140578 -0.00862214 -0.0182488 
-0.0183935 0.0104897 0.0338194 
-0.00499308 -0.0148071 -0.00291621 
0.0211 0.00684144 0.0223548 
0.0273491 0.00432105 -0.0344 
0.0321051 -0.00660305 0.0034 
-0.00163083 0.0124 -0.0147696 
0.0228635 -0.00489591 -0.0344 
-0.0271 5.47708e-05 0.0107772 
0.0105762 0.0124 -0.000306829 
-0.00619496 -0.011022 0.0015 
0.0129067 -0.0152388 -0.0174957 
0.0345168 -0.00805442 -0.0303 
-0.010878 0.00553046 0.0015 
-0.00277467 -0.0154842 -0.0189977 
-0.0187831 0.00905657 0.0358565 
0.0177268 -0.0150135 -0.00182248 
0.00220871 -0.0124 -0.00391466 
-0.0271 -0.00547988 0.00145724 
-0.00319896 0.01541 -0.0161276 
-0.00903122 -0.0149365 -0.0124751 
0.0317474  0.015 -0.0300792 
0.0225124 -0.015 -0.0264878 
0.0191 -0.0114354 -0.0350391 
-0.0219508 -0.000933013 -0.0149743 
-0.00502138 -0.0177637 -0.0112892 
0.0201 -0.000186448 0.0243192 
0.00261993 0.0152383 -0.0003117 
0.0250931 0.0109999 0.0271344 
0.0220792 -0.00382954 0.0205942 
-0.0247357 0.00538006 0.0302857 
-0.0114029 0.0128439 -0.024146 
-0.0143826 -0.00830411 -0.0157195 
-0.0270948 0.00711804 0.0151092 
0.0341002 -0.0124 -0.0302781 
-0.0201 0.00455251 0.0309835 
-0.00512155 0.0155131 -0.0229679 
0.0271 -0.00177176 0.033778 
0.0181 0.00447937 0.00736243 
0.0328166 -0.007838060000000001 -0.0344 
0.0278067 0.0110272 0.0015 
0.0180136 0.0150023 0.000116579 
-0.00289919 -0.0127618 0.00334991 
0.00137561 -0.00472089 0.0015 
-0.0204979 -0.0119313 -0.0173814 
-0.0200345 0.00992592 0.0311 
0.009659859999999999 -0.0124 -0.00469405 
0.02646 0.00845748 0.0321817 
-0.00418418 0.0155485 -0.0239141 
0.00565787 -0.00567067 0.00476255 
0.0192183 -0.0119973 0.00573761 
-0.00203016 0.0124 -0.0209318 
-0.0201 0.009694070000000001 0.0269124 
0.00174347 0.0124 -0.01843 
0.0313894 -0.0148605 -0.0340506 
0.0197615 -0.0145405 -0.0247368 
0.025696 -0.0075124 0.0337959 
-0.0267635 -0.00228817 0.0234994 
-0.0171846 0.00676507 -0.0203205 
0.0222624 -0.015 -0.0130675 
0.009841569999999999 0.0124 -0.0214644 
0.0194362 0.0059115 0.0316729 
0.0181 -0.00245168 0.0139244 
0.0181 -0.0029063 0.0162495 
0.00777377 0.0124 -0.00698948 
0.0145971 -0.0124 -0.016645 
0.029292  0.015 -0.0158399 
-0.00646498 -0.0111829 0.0039412 
0.000160114 -0.0124 -0.0159112 
0.0250867  0.015 -0.0135566 
0.0249251 0.009697020000000001 -0.0344 
0.00807096 0.0124 -0.0228957 
0.0334228  0.015 -0.0132486 
0.00286681 -0.0124 -0.0209778 
-0.0252455 0.00518069 0.0203603 
-0.0143886 -0.00829826 -0.00686519 
0.0235693 -0.0124 -0.0254999 
0.0345326 0.0149888 -0.0151096 
0.0160336 0.0150351 0.000559088 
0.0181 -0.00137038 0.0124568 
-0.0212832 -0.00154652 -0.0133951 
-0.00779948 -0.0119503 -0.00506331 
-0.0181 0.00429364 0.0213816 
0.0181 0.00303087 0.0381272 
-0.0248884 0.00292626 0.0387468 
-0.0261853 -0.00987914 0.0128343 
-0.0152613 -0.0138744 -0.00981746 
0.00486499 0.0153222 -0.00349262 
-0.0246428 -0.0113012 0.0205482 
-0.0181 -0.00595713 0.0350289 
-0.0201 -0.00415854 0.0281001 
-0.0180848 -0.0134649 -0.0107304 
-0.0145988 -0.0139615 -0.00953032 
-0.0208656 -0.00195549 -0.0110143 
0.0181 -0.00806929 0.00409999 
0.00826376 0.0152489 -0.000105032 
0.024879 0.00549847 0.0256915 
-0.0196638 -0.0119973 0.0162427 
0.0189636 -0.0127193 -0.0116645 
0.00193594 0.0124 -0.0134827 
0.0307336 0.00306369 0.0049 
-0.00742449 -0.0150697 -0.0261271 
0.0151033  0.007 -0.030979 
0.0181 0.00442071 0.0205211 
-0.0109001 0.000426553 0.00581265 
0.0283066 0.00464501 0.0182484 
-0.0271 0.00535527 0.02001 
0.0341527 0.00348447 -0.0344 
0.00268627 -0.00103037 0.00660392 
0.0318194 -0.0142185 -0.0343993 
-0.00735508 -0.0121116 0.00352862 
0.0207782 -0.00143656 -0.0322 
0.00915874 0.0124 -0.0205642 
-0.00561593 -0.0170026 -0.0112765 
-0.0052565 0.0149576 -0.00599557 
0.0221465 0.0124 -0.000424952 
0.0351897 -0.0143263 0.000140084 
-0.0158369 -0.0031801 0.0015 
0.0189053 -0.0065382 0.0228694 
0.0352 -0.0138553 -0.0242126 
-0.0128761 -0.0094 -0.0195292 
0.0327157 -0.015 -0.0222494 
0.0235368 0.0124 -0.0246765 
0.0125717 -0.0151895 -0.00603321 
0.00466178 -0.0154255 -0.0122658 
0.0200572 -0.015 -0.0020239 
-0.0258903 0.0102573 -0.00319955 
0.0138404 0.0124 -0.0160991 
0.0271 0.00642528 0.0290901 
0.0317084 -0.0124 -0.0061181 
-0.014719 0.0107239 0.00269902 
-0.0271 0.00179469 -0.00619276 
-0.008355710000000001 0.0114494 -0.019091 
-0.000341967 0.00954406 0.00426354 
-0.0192223 -0.0119973 0.0170744 
0.000793581 -0.0124 0.000798882 
-0.00406561 0.0124 -0.00358496 
-0.00146549 -0.0155655 -0.0224185 
0.0290434 -0.00600819 0.0163372 
0.0222506 0.0106716 0.0334492 
-0.00770376 -0.0120365 -0.0164724 
0.000859061 -0.0124 -0.0222918 
-0.00170698 0.0124 -0.0172972 
-0.0200674 -0.00273709 -0.00431199 
0.0181 0.00967996 0.0335563 
-0.0127043 0.00890468 0.00534406 
0.0103981 -0.0152657 -0.00776882 
-0.0190465 0.0139784 -0.0166188 
0.0305763 0.0124 -0.0225465 
0.0189477 -0.0117326 0.0305055 
0.0231667 0.0118802 0.0277168 
-0.00753038 0.0121926 0.000370115 
-0.0247601 0.0112281 0.0271763 
0.0146333 -0.0139492 -0.0352186 
-0.0264199 -0.00626676 0.0305943 
0.000526612 0.000281372 0.00653856 
0.0190505 -0.0119961 0.0278721 
0.0246447 -0.0112219 -0.0303 
0.0275744 0.0124 -0.0244451 
0.0352 0.0131353 -0.0166707 
0.0190495 0.00554608 0.0249 
-0.026111 0.009983499999999999 -0.00195116 
-0.0269138 -0.00834288 0.00429964 
-0.0234343 0.0114083 0.0310502 
-0.000863371 -0.0156395 -0.0273141 
-0.00888362 -0.0123422 0.00318562 
0.0181 0.0035518 0.009518850000000001 
0.0199187 -0.0123584 0.0015 
0.0257133 0.00703972 0.0247588 
-0.0201 -0.000857795 0.0305916 
0.0343798 0.0124 -0.0150188 
0.0242739 0.00444315 0.0034 
-0.00352908 -0.000453765 0.00607691 
0.0148746 -0.008932030000000001 -0.0303 
-0.0109365 -0.00714425 0.00497114 
-0.00187844  -0.02 -0.0164522 
0.0201 0.009904639999999999 0.0300577 
-0.0166 -0.00973415 0.0089912 
-0.0222458 0.0119936 0.0255037 
0.0211 0.00470662 0.0355655 
0.0135239 0.0124 -0.00706274 
-0.00734247 0.0149612 -0.00987502 
-0.0181 0.0036502 0.03437 
0.0198165 -0.00994798 0.0346945 
0.0184815 0.0124 -0.0284109 
0.0214441 -0.00370415 -0.0314 
0.0185629 0.00777179 0.0371395 
-0.0271 0.00431797 0.009156289999999999 
-0.00363095 -0.0153155 -0.0132523 
-0.0225446 -0.0119772 0.0247288 
0.00339653 5.24714e-05 0.00608684 
-0.0243857 -0.0114414 0.0270573 
-0.0160019 0.00963784 -0.0212053 
-0.000310934 0.0124 -0.0174328 
0.0178428 -0.0150117 -0.0170544 
-0.0154602 0.0131867 -0.00541275 
-0.000744656 -0.00325892 0.0043 
-0.000191471 0.0154291 -0.0138205 
-0.0193749 0.0127711 -0.008239089999999999 
0.0181 -0.00726169 0.0232938 
0.0194455 -0.00603617 -0.0314 
-0.0105301 0.009491599999999999 -0.0171656 
-0.0206418 -0.00558109 0.0215816 
-0.0125125 0.0120328 0.00201092 
0.0181 -0.00257495 0.0246593 
0.0310455 -0.00364345 0.0126722 
-0.008326409999999999 -0.0114758 -0.0142041 
-0.0181833 -0.0119973 0.0105417 
-0.0232453 -0.00728901 0.0243984 
-0.0181 0.00294371 0.0313341 
0.0199379 0.00557326 0.0344217 
-0.0188324 -0.00394653 -0.000723414 
0.0271 0.0014197 0.0345101 
0.0352 0.0137986 -0.0328977 
0.000577288 0.0124 -0.0122978 
0.028678 -0.015 -0.0171633 
-0.0183238 0.00444457 -0.017121 
0.0314905 -0.0124 -0.0279055 
-0.0271 -0.00365394 0.00314726 
0.0185435 -0.0119973 0.0126053 
-0.0241499 0.0101538 0.0335175 
0.0289742 -0.015 -0.0333519 
0.0260939 -0.0124 -0.0263567 
0.0181 -0.00368408 0.00795307 
0.0301335 0.0118966 -0.0332168 
0.0181 0.0115241 0.00435789 
0.025029 -0.00538163 0.0302859 
-0.0271 0.000152085 -0.0006413499999999999 
-0.0222885 0.00308589 0.0210995 
-0.0105103 0.00288532 0.00546888 
-0.0271 0.00708048 -0.00180267 
0.0233335 -0.0119973 0.00606215 
0.0181 -0.00556475 0.0182421 
-0.0244321 0.00233203 0.0237052 
-0.0143403 -0.0143975 -0.0137048 
-4.3392e-05 0.0154636 -0.0158424 
-0.009200359999999999 0.0106889 -0.0244641 
0.0251654 0.00618247 0.0370213 
0.0254869 0.00547467 0.0256968 
0.0308857 -0.00812734 0.0034 
0.0218255 0.0124 -0.000703947 
0.00193805 -0.0124 -0.0122127 
-0.0271 -0.00227089 -0.0042214 
-0.00554279 -0.0124 -0.00755921 
-0.0260654 -0.00468725 0.0356359 
0.0152147 -0.0151677 -0.0304077 
-0.0235984 0.00294342 0.03938 
0.0305575 -0.015 -0.0328928 
0.0299875 -0.00465544 -0.0344 
0.032576 -0.015 0.0023227 
-0.00209345 -0.0124991 -0.0283092 
-0.008224840000000001 0.0115673 -0.00575202 
-0.00989425 0.0100641 -0.00766525 
-0.0181 0.0114112 0.0223783 
-0.0271 -0.00155863 0.00372413 
-0.0026301 -0.00147159 0.00277887 
0.00537619 -0.0153365 -0.00522355 
0.0203902 -0.0124 -0.0156338 
-0.00735728 0.00555269 0.00495332 
-0.0072918 0.0151573 -0.0144508 
0.00241686 -0.00329212 0.0043 
0.0344014 -0.0124 -0.01285 
-0.00688221 0.015074 -0.0115304 
-0.000975184 -0.015274 -0.00701651 
0.00737427 -0.0152962 -0.00433075 
0.021589 0.0022549 0.0330678 
-0.0190865 0.0101602 -0.018726 
-0.0084837 0.0113342 -0.007910749999999999 
0.0271062 -0.0104331 0.0175154 
-0.0247338 -0.011246 0.00208912 
0.026479 -0.0124 -0.0274022 
-0.0166178 0.00611525 -0.0111429 
0.0317361 0.0124 -0.00424232 
-0.0125773 0.0094 -0.0114725 
0.00950872 0.015299 -0.009105480000000001 
-0.0031741 -0.0123453 0.0015 
0.017549 0.0125416 -0.0186551 
0.0197189 -0.00729332 -0.0303 
-0.0233055 -0.00623749 0.0254209 
0.0217042 0.0119996 0.0280093 
0.009632470000000001 -0.0153446 -0.0146509 
-0.0270218 -0.007875999999999999 0.0173707 
0.0298058 0.00503882 0.0034 
0.0248482  0.012 0.0064839 
0.0205991 -0.00373061 0.0339853 
0.0127763 -0.0152095 -0.0102362 
-0.0252765 -0.00720769 0.0344292 
-0.00389547 0.00477459 0.0015 
0.0317756 0.00729498 -0.0344 
-0.0185739 -0.00419972 -0.00383716 
0.0255185  0.015 -0.0278035 
0.000844597  -0.02 -0.0111419 
0.0181 0.0050546 0.0357655 
0.0210021 0.00830346 0.0100109 
0.0127663 -0.0146171 0.00203856 
-0.0260014 -0.0039315 -0.00970943 
0.0296005 -0.0124 -0.0220127 
0.0133834 -0.0124 -0.0171097 
0.00161026 -0.0115558 0.0015 
0.0279917 -0.007 -0.0306616 
-0.0267081 0.00315718 -0.00795209 
-0.0146692 -0.0128214 -0.00275541 
0.0252629 -0.0124 -0.0122268 
0.00724986 0.0124 -0.0136313 
0.0201 0.0049155 0.0265367 
-0.0271 0.008478299999999999 -0.00204194 
-0.000901924  -0.02 -0.0149378 
0.0347527 0.0124 -0.0161379 
0.0201 0.009613709999999999 0.0253108 
0.00118929 -0.0124 -0.00384569 
-0.0209711  0.012 0.00129151 
0.022844 -0.0119973 0.0172732 
0.00204379 -0.00175658 0.00632672 
0.0254581 0.00971257 0.0143499 
0.013591 -0.0124 -0.016591 
0.012503 0.0079472 -0.0328933 
-0.0202677 -0.00251372 0.0015 
0.00761693 0.0154822 -0.0259562 
0.0032362 -0.0152825 -0.00175337 
-0.0154525 -0.00725636 -0.0174606 
-0.0210604 -0.00626609 0.0221415 
0.0352 0.0116394 0.00369037 
0.0131362 0.0102446 -0.0332468 
-0.0144331 0.00825469 -0.0213382 
0.026235 0.00642983 0.0253078 
0.0307933 -0.0124 -0.008095939999999999 
0.0181 0.00265034 0.0348579 
0.0155709 0.00600447 -0.0338298 
0.0161841 -0.0124 -0.00511099 
0.0334241 -0.00253322 -0.0344 
0.0122171 0.0124 -0.0200114 
0.0243123 0.0126865 -0.0206392 
-0.0221709 0.0119503 0.0289831 
0.0140172 0.0151736 -0.0123797 
0.00322627 -0.0132735 -0.0304251 
0.0252592 -0.004 0.00463815 
0.0241987 -0.0124 -0.029587 
-0.025727 0.00387756 -0.0103004 
0.0195541 0.00263919 0.0312628 
0.0181 0.00489879 0.0122335 
-0.0188004 -0.00426943 0.0343977 
-0.0220269  0.012 0.0101537 
-0.0199754 0.00737951 0.0311 
-0.00238571 -0.0150113 -0.00202896 
0.029133 0.0074 0.0132467 
-0.0014355 -0.0151468 -0.00336037 
-0.0214685  0.012 0.00701203 
0.0103951 0.0153375 -0.018212 
0.0232898 0.0124 -0.0270778 
0.0233228 0.00750638 0.0106438 
0.0321564  0.015 -0.0303606 
0.00204966 0.0124 -0.0271129 
0.00948915 -0.0118361 0.00396057 
0.0151083 -0.0134922 -0.0208527 
0.0181 -0.00256263 0.00687839 
0.033982 -0.015 -0.0114515 
0.0104943 0.0142226 -0.0325848 
0.0352 0.012594 -0.0122045 
-0.00302982 0.00557072 0.00504616 
0.0065234 -0.0124 -0.0202565 
-0.0165905 -0.00614267 -0.0199035 
0.034512 -0.00164554 -0.0343914 
0.0149884 0.0124 -0.000652648 
0.0304491 0.00742308 -0.0303 
0.0319322 -0.0115321 0.00615614 
0.0177435 -0.0150162 -0.0130597 
-0.0110367 0.011102 0.00414447 
0.0158324 -0.0150785 -0.00498265 
-0.0271 0.00113435 -0.00414117 
0.0194267 -0.0147078 -0.0169644 
-0.010297 0.00970148 -0.00461463 
-0.0132826 0.009381270000000001 -0.00723014 
0.00942376 0.0153035 -0.00940882 
0.0227009 -0.00225982 0.032719 
0.0327729 -0.00279214 -0.0344 
-0.000782555  -0.02 -0.0190654 
0.025969 -0.007 -0.0304032 
-0.0197901 -0.0119973 0.0245188 
0.0185593 -0.00402106 0.0292054 
0.023318 0.000844104 -0.0322 
-0.0162964 -0.0140376 -0.0128301 
0.0199359 0.0124 -0.0248774 
-0.0201 0.00367808 0.0276157 
-0.0182314 0.000198765 0.0015 
0.0158294 0.008103539999999999 -0.0303 
-0.0167566 0.00760111 -0.0206464 
-0.0115462 -0.0094 -0.00694639 
-0.00169563 0.0124 -0.0243798 
-0.0104116 -0.00959834 -0.00750555 
-0.0257722 -0.0107962 -0.0100308 
0.02837 0.00252518 0.0180633 
0.0201649 0.00785522 0.0102543 
0.0291786 0.0123742 -0.0344 
0.00328298 -0.0124 -0.00734564 
-0.0164824 0.0038355 0.0110199 
0.0223284  0.015 -0.0279905 
0.0186185  0.012 0.008230380000000001 
-0.0271 0.00430187 -0.00475601 
-0.0212515 0.00157754 -0.0106854 
0.0181922 -0.0119973 0.0256037 
-0.0232501 0.0114013 0.031233 
-0.0101506 -0.009833349999999999 -0.0077451 
0.0133951 0.0133966 -0.00860465 
-0.00113277 0.00763515 0.00470409 
-0.012204 -0.0131881 -0.00134217 
0.0317155 -0.0102009 0.0015 
-0.0154918 0.0102476 -0.021564 
-0.025723 0.00755789 0.0336479 
0.024196 0.008999999999999999 0.00308776 
0.0231025 -0.00596555 -0.0314 
0.0156475 -0.0151442 -0.0302608 
0.0140785 -0.008426039999999999 -0.0345184 
-0.00309714 0.015274 -0.010604 
-0.0181 -0.00421478 0.024631 
-0.0271 0.00447156 -0.00445058 
-0.0166 -0.0106525 0.00823693 
0.0240007 -0.007955780000000001 0.0034 
0.0337988 -0.015 -0.000230586 
0.00460784 -0.00464241 0.00379665 
-0.0182669 -0.0119973 0.0226856 
0.00762657 -0.015405 -0.0158624 
-0.0131427 -0.00100441 0.00623406 
0.0309795 0.0124 -0.0223069 
-0.0241444 -0.00228923 -0.0130795 
-0.0202037 -0.0114964 -0.0176805 
-0.0206598 0.000611667 0.0399808 
0.0292622 0.0124 -0.0230066 
0.0212876 -0.0124 -0.0270948 
0.0181 0.00163047 0.0130159 
-0.008997679999999999 0.013178 0.0021654 
0.0200869 -0.004 0.00408768 
0.00791411 0.0153897 -0.0153884 
0.0343145 0.0135154 0.00353926 
0.0196411 0.0140803 0.00331102 
0.00965006 -0.009580109999999999 0.00369801 
0.0142699 0.015158 -0.0111675 
0.0349852 0.0147447 -0.00475804 
0.0170349 0.0124 -0.00466782 
-0.00393306 0.00454483 0.0015 
0.010731 0.0124 -0.0143699 
-0.0166 0.008292310000000001 0.00490744 
0.0263006  0.015 -0.0223359 
-0.0103801 -0.009548610000000001 0.0015 
-0.0166 0.00662857 0.0135746 
0.00197746 -0.0152736 -0.00319327 
0.0339465 0.007999320000000001 0.00851124 
0.0292397 0.00579141 0.0034 
0.00293078 0.0156024 -0.0272154 
0.0311753 -0.00307376 0.0049 
0.0326091  0.015 -0.0154843 
0.0281692  0.015 -0.0248281 
0.0301458 0.0124 -0.00286661 
0.0140076 -0.0131832 -0.0232981 
0.0156452 -0.0124 -0.0180626 
0.0181571 -0.0114649 0.0315358 
-0.0153026 -0.00845623 0.00519592 
0.0301545 -0.008783020000000001 0.0034 
-0.0241599 0.0115537 0.0261186 
-6.09417e-05 0.0124 -0.013776 
0.0352 0.0124742 -0.023543 
0.0276006 0.008999999999999999 0.00195612 
0.0267903 -0.015 -0.0320412 
0.0197392 -0.00352286 0.0336705 
-0.0131233 0.00859711 0.0015 
0.0292505 -0.015 -0.00627955 
0.0313715 0.008869419999999999 -0.0344 
0.0223355 -0.0144011 -0.0224192 
-0.0115576 -0.00217038 0.0015 
0.0181 -0.00120444 0.0168138 
0.0191 -0.0113077 -0.0363719 
0.0185259 -0.00659739 -0.0314 
-0.00100189 -0.0151914 -0.00408201 
0.0251897 -0.00270896 -0.0344 
0.0320767 -0.015 -0.00744832 
-0.0105037 0.0095154 -0.0169791 
-0.00240277 -0.0152632 -0.008933780000000001 
-0.008414100000000001  -0.02 -0.0172988 
-0.0117763 -0.00618437 0.00531726 
-0.0133762 0.00235287 0.0015 
0.0180944 -0.0150002 -1.60424e-05 
0.00117664 -0.0124 -0.0285891 
0.0195328 -0.00283038 0.0396606 
0.0153047 -0.0151159 -0.0107067 
0.009094069999999999 0.009035649999999999 0.00400006 
-0.0267328 0.00447359 0.035666 
-0.0183709 0.0115526 0.0312326 
0.0169996 -0.00105848 -0.0341582 
0.00302682 -0.0193443 -0.018576 
-0.0271 0.00374327 -0.00414564 
0.0260012 -0.0119973 0.00749601 
-0.000126646 -0.0062635 0.0015 
0.0181 -0.000900452 0.0126135 
-0.004073 0.0124 4.01086e-06 
-0.0131409 -0.0010263 0.00623315 
0.0146056 -0.0124 -0.00312645 
0.0352 0.0106685 -0.0316004 
-0.0211 -0.00450258 0.0304398 
-0.0271 -0.00584444 0.0260625 
-0.0033269 0.0124 -0.000604211 
-0.0248347 -0.00320234 0.0350077 
-0.0179108 -0.0119973 0.0105339 
-0.00330092 -0.0124 -0.00178873 
0.022326 0.0144572 -0.00863705 
0.026824 -0.00291018 -0.0344 
0.0188509 0.00493736 0.0249 
0.0243929 0.0114379 0.0279769 
0.0239364 0.00612507 0.0206201 
-0.026975 0.00239103 0.0357246 
0.0249094 0.00472826 0.0034 
0.00109801 -0.0124 -0.00322943 
0.0288326  0.015 -0.00631354 
-0.0166 -0.008106510000000001 0.0133602 
0.00183156 0.0124 -0.00532594 
0.0350136 0.0015475 0.0049 
-0.000503477 -0.0124 -0.0142692 
0.0201 -0.00242334 0.0246256 
0.0238209 0.011953 0.0180048 
-0.0209644 0.0132039 -0.0168079 
-0.0165411 -0.00619038 0.000353109 
0.0283367 0.00126959 0.0049 
0.0304316 0.00569228 0.0136541 
-0.0128049 -0.0144148 -0.0232986 
0.0273851  0.015 -0.008355619999999999 
0.008193860000000001 -0.0142467 0.00255409 
-0.0271 -0.00261237 0.00438716 
0.0272 -0.0143801 -0.00178749 
0.0125724 0.0105208 -0.0303 
0.0336531 0.0124 -0.0230951 
-0.024316 -0.0066716 -0.0127448 
0.0317259 -0.015 -0.0313629 
0.0189774 -0.0134396 -0.0254428 
-0.0197386 -0.00548069 0.0344584 
0.0250374 -0.00761853 0.0234446 
0.018592 0.0124 -0.0282045 
0.00381254 -0.0153933 -0.009215070000000001 
-0.00532308 0.0152242 -0.0126954 
-0.0092354 0.00757947 0.0015 
-0.00385678 0.0066635 0.00480003 
0.0217335 -0.0124 -0.0247002 
0.0304297  0.015 -0.0322962 
0.024419 0.0124 -0.0219303 
0.0119441 0.0124 -0.0129299 
0.00217385 0.00582007 0.00530885 
-0.0199153 -0.00586766 0.0384587 
0.00154279 -0.0135099 0.00303541 
0.0326149 -0.0069988 0.0034 
0.00118654 0.0124 -0.0111447 
0.0235087 -0.00843587 0.0362259 
0.008392200000000001 0.0152813 -0.00417395 
0.0269517 -0.00099537 -0.0344 
-0.0181 0.00267639 0.0358789 
-0.0166 -0.00539986 0.0167376 
0.0132075 -0.0151415 -0.00220081 
-0.0255685 -0.0105946 -0.000141771 
0.00598211 0.0059882 0.00501353 
0.00156058 -0.0124 -0.00400923 
0.0279483 -0.015 0.000702788 
0.0335623  0.004 0.00378062 
0.00361698 0.0124 -0.0121491 
0.0332619 0.00508107 0.0034 
-0.00795306 -0.011812 3.86912e-05 
0.0186685 -0.0138088 -0.0257209 
0.0291245 0.000290851 0.0161438 
0.0210917 0.0124 -0.0114417 
0.0189997  0.012 0.0205327 
-0.0230975 0.0045222 0.0203858 
-0.0166 0.0110581 0.0162394 
0.0245269 -0.0124 -0.00670827 
-0.00354163 -0.0055293 0.00502027 
-0.00912498 0.015122 -0.0167964 
-0.0240225 -0.01005 0.0337926 
0.0272 0.0133742 -0.00219 
0.0119112 0.0153074 -0.0239499 
0.00697327 -0.0124 -0.00649182 
0.0348106 -0.00248065 0.00665893 
0.0258808 0.00627447 0.0353014 
-0.00503187 0.00556558 0.00498567 
0.0104845 0.0119164 -0.032561 
-0.00769692 -0.0120426 -0.0252169 
-0.00554129 -0.0163924 -0.0157586 
0.0251145 -0.0113956 0.0199072 
-0.000303381 0.00320597 0.00576445 
0.0198759 0.0109084 0.0329999 
0.013404 -0.0152064 -0.0145554 
0.0250113 0.013129 0.00369536 
0.012088 -0.0124 -0.00497999 
0.0238881  0.004 0.00423582 
0.0304709 -0.0116024 -0.0332113 
0.00164132 0.010036 0.0015 
-0.0267063 0.00482434 -0.00789726 
0.0216069 0.00377428 0.0206209 
-0.00640659 -0.0149075 -0.00723337 
0.0156756 -0.0129214 -0.020342 
0.0201 -0.000611901 0.0244876 
0.0181 0.00421581 0.0388138 
0.0181 0.00498047 0.008052729999999999 
-0.0210698 0.00175551 -0.00796725 
0.0181 -0.000467946 0.0203779 
0.0351923 -0.00683869 0.00425649 
-0.00571698 0.0108374 0.00399088 
0.014313 -0.0149579 -0.0215688 
0.0181775  0.012 0.024767 
0.00366843 -0.0124 -0.0180335 
-0.00746327 -0.00964478 0.0015 
-0.009252979999999999 -0.0173317 -0.0142303 
-0.0127276 0.00395978 0.0015 
0.00593375 -0.0155587 -0.0284982 
0.0243097 -0.0124 -0.0089204 
0.0157388 0.0124 -0.02659 
0.0059486 0.0154595 -0.0188543 
-0.0161544 0.0128784 -0.0047619 
0.0181 -0.00148035 0.0224357 
-0.0186432 0.0108512 0.0331011 
0.034191 -0.007 -0.0307441 
-0.0141167 -0.0066237 0.00657799 
0.0121162 0.0124 -0.0279382 
-0.0200572 -0.00408127 0.0289806 
0.0323618 -0.004 0.00396258 
-0.00522642 0.0155736 -0.0261664 
-0.0137481 0.0146224 -0.0155327 
0.0352 -0.0125997 -0.0283353 
0.00634627 -0.0150997 0.0009878059999999999 
0.0318272  0.015 -0.0275867 
-0.0166 -0.0107424 0.0104109 
-0.0151048 -0.00524232 0.0015 
-0.00479648 0.00967577 0.00419905 
-0.0166 0.00309247 0.0183634 
0.0333546 -0.00381715 -0.0314 
0.0186091 -0.0142844 0.00316923 
0.01541 0.0151507 -0.0272259 
0.0271905 -0.00748084 -0.0303 
-0.00390797 0.0152507 -0.0108867 
0.0155561 0.015141 -0.025122 
0.0352 0.0110424 0.00238995 
0.00569017 0.0057023 0.00289595 
-0.020188 -0.0119973 0.0118071 
0.00802579 0.0154618 -0.0249744 
0.0187342 -0.00404779 0.0268944 
-0.0271 -0.000676421 0.00107647 
0.0321271  0.015 -0.0181626 
-0.000985697 -0.0126808 -0.0288739 
-0.0166 -0.0114455 0.0154131 
0.0186958 -0.0124 -0.0277196 
-0.0166 -0.0066003 0.0193304 
0.00718955 -0.0124 -0.00149284 
-0.0181 0.00382016 0.0193622 
-0.012616 0.0094 -0.0222347 
0.0191995 -0.015 -0.0269518 
0.0173612 -0.00383452 -0.0342311 
0.0352 0.0130258 -0.0196077 
0.0227474 -0.0143885 -0.000183819 
0.0187101 -0.0138384 -0.00381898 
-0.0271 -0.00261403 0.00462757 
0.0336063 -0.00186614 0.0049 
0.0266234 -0.00709541 0.0246889 
-0.0120378 0.0139598 -0.00569984 
0.0110275 -0.0128745 -0.032727 
0.00183152 0.0124 -0.0166862 
-0.0270825 -0.00739783 0.011209 
0.0121405 -0.0124 -0.0186471 
0.0181 0.0009867350000000001 0.0163648 
0.0352 0.0137482 -0.00636027 
0.0217639 -0.0068702 0.0310524 
-0.009691109999999999 0.0149666 -0.0141871 
0.0159664 0.0150766 -0.00616602 
-0.0112837 -0.0127821 0.00122347 
-0.0186572 -0.0119973 0.0233454 
0.0312913 -0.007 -0.0303986 
-0.00628227 0.0154318 -0.0215135 
0.0351865 0.00404597 -0.0337457 
0.0241816 -0.0119973 0.00515506 
0.0271 -0.00563207 0.0278459 
-0.00134922 -0.008160840000000001 0.00453147 
0.0301882 0.0124 -0.00440516 
-0.0268893 0.00552805 0.025685 
0.0235753  0.015 0.00219727 
0.0301174 0.00278825 0.0049 
-0.0198812 -0.00291946 -0.00216783 
-0.02248 0.0126059 -0.0113106 
-0.0203905 -0.00242069 -0.0106361 
0.0255631 0.0124 -0.0132682 
-0.0271 -0.00224616 -0.00656342 
0.020584 -0.0119973 0.00465684 
0.00197611 -0.000696169 0.00660375 
0.0224009 0.00187082 0.0398296 
0.0317207 -0.0124 -0.02422 
0.0201411 -0.0124 -0.0263995 
0.0257678 0.00230961 -0.0322 
0.0201 -2.25231e-05 0.0283242 
0.0323058 -0.0113179 0.00632948 
0.00214709 0.0144668 0.00210816 
0.0103693 0.0133238 -0.0325538 
-0.0185666 0.0114469 0.031583 
0.0352 -0.00623249 -0.0323014 
0.0258958 0.00254814 0.0379213 
-0.00600788 -0.0124 -0.0189887 
0.0181 0.007875500000000001 0.0215725 
0.0147895 -0.0114601 -0.0375525 
-0.0115633 -0.00187072 0.0015 
-0.024545 0.00351093 0.0352332 
0.00904778 -0.00911489 0.0015 
0.02653 -0.009311130000000001 0.027317 
0.0230128 -0.0111572 0.0015 
0.0145765 -0.0030934 -0.0314 
-0.0136472 0.00589798 0.00630856 
0.0211 0.00363495 0.0247994 
-0.0161169 -0.008098879999999999 -0.0211275 
0.0246201 -0.015 -0.0290176 
-0.0201 -0.00109243 0.0319017 
0.0102724 0.0153607 -0.0216924 
0.0263237 -0.015 -0.0305304 
0.0208767 0.0118195 0.0015 
-0.025134 -0.0109661 0.00937342 
0.018524 -0.0119973 0.0156658 
0.0130168 0.008474249999999999 -0.0303 
-0.008471029999999999  -0.02 -0.018579 
-0.0117034 0.0083029 0.0015 
0.0305462  0.015 0.000133641 
-0.0181 -0.00807281 0.0215567 
0.0271 0.00258893 0.0265124 
0.0351895 -0.0143262 -0.0282545 
-0.0192949 0.00349359 -0.00564358 
-0.0270993 0.00701642 0.00235113 
0.0139182 -0.0152005 -0.017993 
0.0181 -0.00300779 0.0113609 
0.027742 -0.0124 0.000223108 
-0.00367526 -0.0153907 -0.016247 
0.0208614 -0.015 -0.0117559 
0.0125636 0.0152425 -0.0154374 
-0.0248063 0.0112386 -0.00771177 
0.0188532 -0.009678010000000001 0.0350843 
-0.00279061 0.00598267 0.00496693 
0.0228416  0.012 0.00756762 
0.00913689 0.0124 -0.0171648 
0.0129777 0.0152688 -0.0244291 
-0.0120007 0.0142202 -0.00770914 
-0.0254375 -0.00589137 0.0354799 
-0.0166 -0.00675563 0.0118879 
0.0187531 0.00275776 -0.0343838 
-0.0181 0.00945998 0.0327919 
-0.0204598 0.00417035 0.0244466 
0.00895632 0.008900750000000001 0.00382327 
0.0115721 -0.0151329 0.000605281 
-0.0261883 0.009878059999999999 0.0152332 
-0.00924532 -0.0157593 -0.0203934 
0.007849689999999999 -0.0124 -0.0294809 
-0.0271 -0.00173254 0.00648196 
0.0181 0.00996235 0.00613716 
-0.017917 -0.00206518 0.0182186 
0.0352 -0.0139256 -0.0273845 
-0.0262672 -0.00975852 0.0255141 
0.031759 -0.0038419 0.0049 
-0.0181 -0.00700397 0.0273177 
0.0255238 0.0089432 0.0337434 
0.0293708 0.00655102 0.0155911 
0.0104593 -0.0124 -0.0274854 
0.0271521 -0.0112396 -0.0331043 
-0.000493431 0.0156476 -0.0275227 
-0.00608394 -0.0143651 0.000196052 
-0.00604382 -0.0124 -0.0235793 
-0.021804 -0.0116219 0.0309722 
0.0126005 0.0124 -0.000181784 
-0.009256800000000001 -0.0193414 -0.0180817 
0.0254502 0.0113239 0.0191402 
-0.0257463 -0.0104122 -0.00517891 
-0.0201835 0.00262348 -0.0070394 
-0.0268983 0.008395049999999999 0.000575979 
0.00952718 0.0154107 -0.0264217 
0.0136535 -0.0152507 -0.030269 
-0.0256721 0.00764561 0.032855 
0.0295731 -0.00612233 0.0152143 
-0.0181 -0.010941 0.0311042 
-0.00584232 -0.0150019 -0.007878430000000001 
0.0268464 -0.015 -0.009802389999999999 
0.0236339 -0.00586643 0.0304104 
0.00531874 -0.0153149 -0.00334639 
-0.0181 -0.00510929 0.0249403 
-0.00607467 -0.0182902 -0.0102027 
0.0290102 0.00549179 0.0164111 
-0.0210494 -0.00177552 -0.00660347 
0.021617 -0.0100618 0.0015 
0.0350357 -0.0129399 0.00377178 
0.0156258 0.000783664 -0.0322 
0.0211 0.00645432 0.0341806 
0.0128351 -0.0124 -0.0195666 
0.00279557 -0.0124 -0.0207481 
0.0351924 0.0143068 -0.0075974 
0.0216232 -0.015 -0.000879943 
0.00420056 -0.0154893 -0.0172618 
0.00888657 0.0152724 -0.0044303 
0.0291356 0.008095 0.0158134 
0.0242267 0.00388635 0.0388412 
0.0126832 -0.0145703 -0.0343284 
-0.0199932 0.00280977 -0.008976100000000001 
-0.0271 0.00443247 0.0289402 
0.020747  0.012 0.0136373 
0.0193796 0.00133936 -0.0322 
-0.0210228 0.00180151 -0.0120208 
-0.0236925 -0.0117367 -0.00851938 
0.0266627 0.0076133 0.0226111 
0.0181522 0.0124 -0.0280295 
0.0246736 -0.0143906 0.00318563 
0.0285959 0.01182 0.0015 
-0.025679 0.00226634 0.033233 
-0.0189988 -0.00391397 0.0317308 
-0.0125734 0.0122925 0.0013049 
-0.0225979 -0.00236581 0.0222751 
0.0205093  0.015 0.00228026 
0.012915 -0.00988288 -0.0359753 
0.015754 -0.0124 -0.00321011 
0.0255872 0.00272359 0.0314238 
0.008837569999999999 -0.0124 -0.0224847 
0.0181 -0.00269984 0.00741153 
-0.0166 0.009923919999999999 0.0152377 
-0.0244603 -0.00203781 0.0392087 
-0.0271 -0.00272519 0.00901106 
-0.0038757 0.0124 -0.0252948 
0.0231323 0.0105826 0.033391 
-0.0251405 0.00488616 0.020353 
0.029137  0.015 -0.00722273 
0.0277023 0.0101498 0.0166278 
-0.00299969 -0.0104802 0.00403553 
0.0257535 -0.015 -0.0228531 
-0.0132876 -0.00679009 0.00594826 
0.0263631 0.00960574 0.026598 
-0.022129 -0.0119965 0.0235588 
0.0326372 0.00155971 -0.0344 
0.00854774 0.015465 -0.0297239 
0.00175671 -0.0124 -0.0147739 
-0.0266064 -0.00253214 0.0242479 
0.0211 0.00497656 0.0213981 
-0.00885944 -0.0109959 -0.00806687 
0.0146786 0.00423478 -0.0336238 
-0.0241014 -0.007962250000000001 -0.0130539 
0.0352 0.0127619 -0.0265632 
0.0170005 0.00485448 -0.0341591 
0.00476429 0.0124 -0.0229674 
0.0188636 0.007071 0.0249 
0.0333414 0.0103788 -0.0344 
0.00192346 -0.0146502 -0.0299987 
-0.00581357 0.0144752 -0.000328952 
-0.0120454 -0.0126155 0.000904487 
-0.0224185 -0.00756822 0.0237022 
-0.0167034 0.00315965 0.0015 
-0.0131535 0.0073488 0.00579806 
-0.019283 -0.00377128 0.0241302 
0.0201967  0.012 0.023939 
0.000104906 0.00557347 0.0015 
-0.0271 0.00184376 0.0282777 
0.013986 -0.0151316 -0.00458664 
0.0294678 -0.00236393 0.0049 
-0.0271 0.00548138 0.0267812 
0.0335629 0.010446 0.00595637 
-0.0191943 -0.0140305 -0.0174525 
-0.0201 0.000652453 0.0315835 
0.0201 0.008411470000000001 0.0293381 
-0.000780237 0.0124 -0.0127466 
-0.00160044 0.0124 -0.012985 
0.00934745 -0.0153403 -0.013685 
0.0186404 -0.0145643 -0.0119556 
0.0298903 -0.0124 -0.008617710000000001 
0.0224089 -0.0124 -0.0271625 
0.00712611 -0.0124 -0.002882 
0.0181 0.00116107 0.037971 
0.00305204 -0.0173223 -0.0157675 
-0.0265787 -0.00951782 -0.00811922 
-0.0141384 0.00827753 0.0015 
-0.0225084 0.00588635 0.0384244 
-0.0183525 0.00627889 0.0221616 
0.0126648 0.0152593 -0.0196997 
0.01404 0.0124 -0.00646204 
0.0285405 0.0074 0.0126909 
0.0201 -0.00220517 0.030454 
0.0352 0.0140236 -0.00240644 
0.0288935 -0.0107331 0.0015 
-0.0190356  0.012 0.0187799 
0.0339904 -0.0124 -0.0299014 
0.008279190000000001 -0.0152439 5.76055e-05 
0.00629645 -0.0124 -0.0268726 
0.0320542 -0.000710709 -0.0322 
0.0319674 0.0124 -0.00142886 
-0.0243633 -0.00227002 0.022739 
0.0126667 0.0152452 -0.0166192 
-0.0271 0.000676245 0.0019521 
0.00507805 0.0124 -0.0201438 
0.0216733 -0.015 -0.02722 
0.0328338 0.00834816 0.00996085 
-0.00384147 -0.0124 -0.0204267 
0.0177531 0.00835285 -0.0303 
0.00649759 -0.0155317 -0.0271535 
-0.0125609 0.0094 -0.0226602 
-0.0164876 -0.0134005 -0.008098599999999999 
0.0211539 0.0123011 0.00402986 
0.0310645 0.00317076 -0.0344 
0.0212428 0.0108546 0.0015 
0.0212761 -0.015 0.0015811 
0.026595 -0.0124 -0.0093729 
0.00591968 -0.0124 -0.0192207 
-0.0139406 0.00895526 -0.0222582 
0.0109444 -0.0124 -0.0223652 
0.0225483  0.012 0.0137598 
-0.0213808 0.0121431 -0.007664 
0.0103707 0.0153578 -0.0218957 
0.0203923 0.0124 -1.99466e-05 
0.0173815 0.0149487 -0.0188059 
0.0123819 0.0124 -0.0134768 
0.0237905  0.015 -0.0276115 
-0.0147539 0.0138821 -0.00922098 
0.0272714 -0.00159708 -0.0322 
0.0232628 -0.00337324 0.0393577 
0.0182546 0.00776776 -0.0343551 
0.0316678 -0.007900559999999999 0.0116852 
0.0210558 0.0118233 0.0300505 
0.01006 0.0124 -0.0297948 
-0.0159491 -0.00677009 -0.00622917 
-0.0104817 -0.009535190000000001 -0.0125608 
-0.00213458 -0.0149668 -0.000601167 
0.0181 -0.010984 0.0102701 
0.0252884 -0.0119973 0.00418192 
-0.00258931 0.00362988 0.0015 
0.0324197 0.0114063 0.00527486 
-0.00685969 0.0124 -0.0223569 
0.0132324 0.0151482 -0.00327383 
-0.00753313 -0.0121901 -0.00759262 
0.0201 0.00457978 0.0279958 
0.0241452 -0.015 -0.0251578 
0.0185171 0.00496611 0.0246495 
0.0201 -0.000129061 0.0240674 
-0.0211 -0.00687602 0.0238232 
0.0220363 0.0119335 0.0292017 
-0.00950785 0.010412 0.000469704 
-0.0166 5.84163e-05 0.0138659 
-0.0105473 0.0023504 0.0015 
0.0294444 -0.0121981 -0.0335584 
0.0181 -0.0082372 0.032065 
-0.00697653 -0.0154722 -0.02438 
0.0199879 -0.0111655 -0.0303 
0.0351926 -0.00651636 0.00424198 
0.0268723 0.0124 -0.0255642 
-0.0211 -0.00481208 0.0352345 
0.0352 -0.0110451 0.00150207 
0.0275833 -0.0124 -0.00383569 
-0.00626303 0.0124 -0.00905862 
-0.0107181 -0.0149371 -0.0155164 
-0.0269314 -0.008283560000000001 0.00477066 
0.0202047  0.012 0.0267005 
0.0211 0.00621191 0.0345684 
-0.0200441 0.00921256 -0.0178434 
0.0211 -0.00321806 0.0223185 
-0.00794541 -0.0118189 -0.00205261 
0.0294727 0.0119988 0.00659819 
0.0307611 0.00501973 0.0034 
0.0322124 -0.00332054 -0.0314 
0.0259602 0.0104529 0.0221307 
0.0265629 0.0127609 -0.00482215 
0.0138035 -0.0124 -0.0236721 
-0.00518561 -0.0124 -0.0214579 
-0.0201 0.00836021 0.0292793 
-0.019741 -0.00305673 -0.00714502 
0.0181 -0.009378610000000001 0.0153535 
0.0201 0.00275513 0.0288809 
0.03391 -0.00453854 0.0034 
-0.0271 -0.00189358 0.00340734 
-0.0226255 0.0119692 0.00113389 
0.0211 0.00334138 0.0250247 
0.0255957  0.012 0.008186280000000001 
0.0183276  0.004 0.00426948 
0.0298887 -0.0124 -0.0139825 
0.0188073 -0.00391367 0.0218316 
-0.0147698 -0.0147171 -0.0189173 
0.0185501 -0.0110756 0.0326127 
-0.00465408 0.0153604 -0.0163154 
-0.0243206 -0.011473 0.0186713 
-0.0166 -0.0103243 0.00763742 
-0.0246285 -0.00675431 0.0309429 
0.0249455 0.00710794 0.0345713 
-0.0059585 0.0145358 -0.0268961 
0.0221667 0.00139891 0.0399115 
-0.0255801 -0.0105862 0.0160189 
0.0137177 0.0147997 -0.00924647 
-0.00162905 0.00708934 0.0015 
0.0329243 -0.00122829 0.0102435 
-0.0225831 0.0119747 0.0217323 
-0.0271 -0.00523065 0.0170025 
0.00515857 -0.00518172 0.00538254 
0.0352 -0.0131778 -0.0109587 
0.0268501  0.007 -0.030938 
0.0181 -0.011292 0.0257411 
0.00150172 0.0124 0.000450497 
0.0185693 0.0141976 0.00318622 
-0.00386102 -0.0124 -0.0178905 
-0.0248658 0.011108 0.0289993 
0.0271 0.00595242 0.0260498 
-0.0271 -0.00412896 0.0169276 
0.0352 -0.00460828 0.00340596 
0.0222216 0.00958852 0.0351886 
0.0119406 0.0152482 -0.0119154 
0.00613484 0.0131329 0.00338957 
-0.00101798  -0.02 -0.0160937 
-0.0117656 0.0122418 0.00220094 
0.00252686 -0.0124 -0.00351781 
0.0106869 -0.0153056 -0.0142951 
-0.00396122 0.008430190000000001 0.0015 
0.0310068 0.0119282 0.00442295 
0.00972463 -0.0124 -0.0124316 
0.0181 0.0106728 0.00770897 
0.00301117 0.0124 -0.00235906 
-0.00564138 0.0155132 -0.0237374 
-0.017101 0.0140686 -0.0202899 
0.0265052 0.00681162 0.0309945 
0.010885 0.0124 -0.0142345 
0.0314675 -0.0124 -0.0140545 
-0.0237387 0.00688831 0.0249277 
0.0352 -0.0112136 0.00169982 
0.0155605 0.0150687 -0.0021349 
-0.0224248 0.0128949 -0.0130302 
-0.0146472 -0.00804493 -0.0113412 
0.020217 -0.00639299 -0.0314 
0.0202388  0.012 0.00579158 
-0.0190773 -0.00370672 -0.0161974 
0.00365768 -0.0155857 -0.0187254 
0.0315309 -0.0124 -0.0022241 
-0.0266524 -0.00906005 -6.46826e-05 
0.00335385 0.01475 0.00174075 
0.00805792 0.0154222 -0.0189647 
-0.00865664 -0.0199383 -0.0106825 
0.0188777  0.015 -0.0118626 
0.0185425 -0.00393919 0.0294455 
-0.0271 0.000512543 -0.00670101 
0.0150478 0.000297948 -0.0337088 
0.0267262 -0.008829399999999999 0.0289334 
-0.0271 0.00157004 0.0316828 
-0.0252804 0.00756356 0.0237253 
-0.0145181 0.0137856 -0.008072950000000001 
-0.0271 -0.00269092 -0.00293437 
0.0345237 -0.0108785 -0.0303 
0.000351793 0.0141645 0.00238801 
0.0352 0.0137167 -0.00945214 
0.00785161 0.015323 -0.00733689 
-0.0271 -0.000669268 0.0144757 
0.008846690000000001 0.0124 -0.021663 
-0.0271 -0.00289518 0.00582847 
0.000519664  -0.02 -0.0175135 
0.00677411 -0.0154496 -0.0185026 
0.0271202 0.00118844 -0.0322 
0.0268576 0.00404358 0.0205072 
0.0203904 -0.0014313 0.0399049 
0.027734 -0.0104099 -0.0325274 
0.0332216 0.0104575 0.0069983 
-0.0251497 -0.0109828 -0.00710815 
0.0118731 -0.015238 -0.00974147 
-0.0107484 0.00928815 0.00465083 
-0.0181 -0.0017137 0.032968 
-0.0179132 0.00484671 -0.0139262 
0.00602849 0.0143964 0.00233737 
0.0299616 0.009977410000000001 -0.0303119 
-0.00984527 -0.0101082 -0.0241915 
0.0158375 -0.0118226 -0.0303 
-0.0205042 -0.00230939 -0.00433052 
-0.00492401 0.00410159 0.00528997 
0.0233362 0.0114158 0.0114118 
0.0198244 0.00341676 0.023504 
-0.01498 -0.010096 0.003461 
-0.0248245 -0.00592849 -0.0119095 
0.00653051 -0.0124 -0.0226968 
0.0257884  0.015 -0.0261781 
-0.0252516 -0.00635211 0.0368183 
-0.0151238 -0.0075783 -0.00902038 
-0.0186259 -0.0119973 0.0110724 
0.0298355 -0.00546251 -0.0344 
-0.0159373 -0.00678166 -0.0147569 
-0.0181 -0.00198226 0.0374739 
-0.0214073 -0.0119973 0.0120781 
0.015489 -0.0026 -0.0318225 
0.0237642 0.00652199 -0.0344 
0.0145244 -0.0124 -0.0166074 
0.00562547 0.0153457 -0.0059856 
-0.0166 0.009582719999999999 0.014612 
-0.0267783 -0.00260089 0.0243799 
-0.0221477 0.0126689 -0.0112647 
-0.011425 -0.00427767 0.00547419 
0.0223696  0.015 -0.031377 
0.0266553 0.0139747 -0.00473888 
-0.0225675 0.0101358 0.0343622 
-0.0240511 0.00612332 0.0254804 
0.0271 0.00324235 0.0257246 
0.0181 0.00578522 0.00821963 
0.0234924 0.0117994 0.0264599 
0.032595 0.0113689 0.00456635 
-0.0201 -0.000358879 0.0304723 
0.00585839 0.00586704 0.00273897 
0.0227268 -0.00226896 0.022747 
0.0191653 0.00111488 -0.0322 
0.00194143 0.0107579 0.0015 
-0.0204275 0.0117417 0.0304239 
0.0257076 -0.00441787 -0.0314 
-0.00483688 -0.0154077 -0.0118167 
-0.0166 -0.0118341 0.0125115 
-0.0271 0.002467 0.0197374 
0.0201536 -0.0124 -0.0126043 
-0.0209255 -0.00189685 -0.014441 
-0.0208295 -0.0123814 -0.008130460000000001 
0.00776417 -0.0124 -0.0114178 
0.0262403 0.00899779 0.0318589 
0.0271778 -0.0111379 0.0150942 
0.0352 0.0133766 -0.00435911 
0.0190772 0.0018841 0.0049 
-0.0160405 0.00955425 -0.0211783 
0.000191326 -0.0124 -0.0101691 
-0.00566556 -0.019239 -0.0102031 
0.00929176 -0.00922924 0.00181324 
0.0202469 0.0110237 0.0114118 
0.0257751 0.000763075 -0.0344 
-0.0182736 -0.0030546 0.0395935 
-0.0230835 0.0109785 0.0325669 
-1.39384e-05 0.0155966 -0.0240193 
0.0160462 -0.0124 -0.0157783 
-0.0070284 -0.0124 -0.00775493 
0.00236396 -0.0157412 -0.0102358 
0.0208707 -0.0124 2.61085e-05 
-0.0251818 -0.0107383 -0.0111982 
0.0131155 -0.0124 -0.0143626 
-0.009242210000000001 0.0151069 -0.0166064 
-0.0271 -0.00420367 0.0195302 
0.0112596 -0.011 0.00301419 
0.00578124 0.0154395 -0.0150845 
0.0246135 -0.008216930000000001 -0.0303 
-0.0181 -0.0045593 0.0297168 
0.00222243 -0.0124 -0.00125007 
0.0170512 0.0123903 0.00396859 
-0.0112576 0.0142266 -0.0065979 
0.0181 0.00867654 0.00803655 
-0.0225611 -0.000295116 -0.00471489 
-0.0155516 0.00715929 -0.0189238 
0.0222482 0.00226986 0.0227402 
-0.0141497 -0.009479130000000001 -0.0224772 
0.0211 0.00509858 0.0305338 
-0.0181 0.00208225 0.0381991 
-0.0261495 0.00536954 0.0356152 
0.0254332 0.00532459 0.0356211 
0.00184199 -0.0124 -0.008007719999999999 
0.0301421  0.015 -0.00655382 
0.0181 0.00474942 0.00535001 
-0.009332 0.0105704 -0.0224615 
-0.00188085 -0.0152578 -0.007862829999999999 
0.0272855 0.00111205 -0.0344 
-0.000112093 0.015458 -0.0155445 
0.00835819 -0.0124 -0.00255785 
0.00350693 0.0153271 -0.00442444 
0.0276216 -0.00929083 -0.0328 
0.0307212 -0.0124 -0.019981 
0.0164236 0.00428568 -0.0314 
0.00494306 0.0153064 -0.00224166 
-0.0271 0.00316625 0.0111833 
-0.0009805110000000001 -0.00359863 0.0056038 
0.0277879 0.008661429999999999 -0.0336297 
-0.0255598 -0.0106059 0.0257355 
0.0312201 -0.00704143 0.0124333 
-0.0197179 0.00451131 0.0215124 
-0.0110052 0.0150601 -0.0185239 
0.00562816 -0.0153408 -0.00549449 
0.0220995  0.012 0.00422219 
-0.0228777 0.00318759 0.0309058 
-0.0137763 0.00811401 0.0015 
-0.0181 -0.00438345 0.027721 
-0.0257277 0.00244405 -0.0103348 
-0.0009714 0.0030959 0.00294972 
0.0226852  0.012 0.00910847 
0.014953 -0.0114889 -0.0303 
-0.0205272 -0.0119973 0.00339521 
0.0178845 -0.0145252 -0.0264269 
0.00275324 0.0124 0.000903163 
-0.0233466 -0.00457103 -0.0141657 
-0.0260233 -0.0100922 0.0041872 
0.00473391 -0.00476587 0.00156898 
0.0185051 -0.00335438 0.0328436 
0.000127158 0.0154839 -0.0169642 
0.0345406 -0.0124 -0.015812 
-0.0111897 -0.000162333 0.0015 
0.0258506 -0.00245651 -0.0344 
0.024762 0.0138069 -0.0137907 
-0.0166 0.003985 0.0176096 
0.0209745 -0.0119973 0.0138589 
0.0285526  0.015 -0.0218213 
-0.008322889999999999 -0.011479 0.00127738 
-0.0165153 -0.0117051 -0.000953208 
-0.0204348 -0.00871153 -0.0174561 
0.009005279999999999 0.0152592 -0.0032083 
0.000595571 -0.0175582 -0.0102282 
-0.0249734 0.00193391 -0.0117461 
-0.00560855 -0.0150792 -0.00917984 
0.0194462 -0.0037185 0.0299513 
0.0348282 -0.0124 -0.0282082 
-0.0271 0.000936751 -0.000456021 
-0.00223744 0.0149555 -0.000427896 
0.0277171 0.0112558 0.0015 
0.0161417  0.007 -0.0308749 
0.0171368 0.0150559 -0.0279888 
0.0242672 -0.0119973 0.0138884 
0.00220475 0.0124 -0.009857950000000001 
-0.00446459 0.0124 -0.00539293 
0.010892 -0.0153144 -0.017648 
0.0193917 -0.00825354 -0.0303 
0.0293196 -0.015 -0.00858826 
-0.0201 0.00298038 0.0284619 
0.00481759 -0.0124 -0.0190434 
-0.0201 0.00411582 0.0290226 
-0.0270497 0.00770124 0.0188562 
-0.0194061 0.00338471 -0.0169969 
-0.0181 0.00688704 0.0226539 
0.0303297 0.008267999999999999 -0.0344 
-0.0018058 0.0152166 -0.00617099 
0.0181 0.00248495 0.0101258 
-0.00565014 0.00225315 0.0015 
5.46109e-05 0.0153462 -0.00886208 
-0.0123827 -0.00517385 0.0015 
-0.0214137 -0.0014187 -0.0070227 
-0.0212036 -0.00162449 -0.00842769 
0.0336296 -0.0028831 -0.0344 
0.0164484 -0.0124 -0.0165689 
0.008092719999999999 -0.0124 -0.00772899 
0.0209167  0.015 -0.0321841 
0.0291931 0.0124 -0.0239424 
-0.0183055 -0.0119973 0.0124717 
0.0234806 0.0102767 0.0111065 
-0.000775746 0.0124 -0.0107452 
-0.0219214 -0.0058582 -0.015919 
-0.0128844 -0.0094634 -0.0229606 
0.00675707 -0.0124 0.000370366 
0.0253452 0.0101181 -0.0344 
-0.0271 0.00664419 0.0157986 
0.0137203 0.00790514 -0.0303 
0.0344914 0.0124 -0.0272594 
0.0220542 0.0106804 -0.0303 
-0.0173231 0.0129694 -0.00667784 
-0.0260274 -0.0100868 -0.00270235 
0.0274387 0.0124 0.00116352 
-0.0201 0.009609909999999999 0.0251778 
0.0202778 0.00648981 0.0325184 
0.0167829 0.0139926 -0.019345 
0.02926 0.0074 0.013205 
0.0211586 -0.0044084 0.0391508 
-0.0254789 0.0106797 0.00106073 
-0.0181 -0.00068859 0.0218523 
0.0344573  0.004 0.00429853 
0.0345165 0.00157232 -0.0343908 
-0.0243436 -0.00637202 0.0375232 
0.0193276 -0.015 -0.0154436 
-0.0121068 -0.0128211 0.000209506 
0.0296011 0.0108829 0.0015 
0.0218477 0.00725563 0.0244517 
0.0228199 -0.00594178 0.0255598 
-0.0132697 -0.00939395 -0.013539 
0.0181 -0.00260385 0.00747134 
0.0181 0.00957653 0.00353978 
-0.0228689 -0.00190097 -0.0148297 
0.0219886 0.000224235 -0.0344 
-0.00695116 -0.0153189 -0.0261537 
0.027231 -0.0124 -0.0142585 
0.0338619 -0.00902001 -0.0344 
0.0310746  0.015 -0.0117302 
0.021547 0.00887722 0.0034 
0.0181 0.000608537 0.0346228 
-0.00209404 -0.0155974 -0.0252033 
-0.0268159 -0.008622619999999999 -0.00746987 
0.00139449  0.004 0.00304101 
0.033506 -0.0126918 0.00387202 
-0.0191772 -0.00630144 0.0239035 
0.0347667 -0.0149107 -0.00218125 
0.0181667 0.00700153 -0.0343466 
-0.00180849 -0.0124 -0.0184688 
0.0313104 -0.015 -0.00132216 
-0.0257285 -0.00915528 -0.0101654 
0.027862 -0.015 -0.0301768 
-0.008572450000000001 0.0147727 -0.00881944 
-0.00404796 -0.0140125 -0.0277161 
-0.00477349 0.0153479 -0.015999 
-0.0166 0.00688442 0.0108264 
-0.0218814 0.00268432 0.0396913 
0.0258082 -0.00329067 0.0251798 
0.020124 0.0119745 -0.0303 
0.008938720000000001 0.0153221 -0.0102151 
0.0106548 -0.0124 -0.0111796 
0.0261065 -0.015 -0.0196711 
-0.0271 0.00810727 -0.0016338 
0.0255634 -0.00639378 0.0207698 
-0.0058325 0.00547479 0.00498652 
0.0315646 0.00595439 0.0119582 
-0.00496361 -0.0178232 -0.0131836 
-0.0271 -0.00311365 -0.00578798 
0.0269513 -0.00255172 0.034185 
0.0330784 0.0124 -0.0010036 
0.0352 0.007587 -0.032289 
-0.007855030000000001 -0.00189228 0.00556102 
0.0164328 -0.0124 -0.0266689 
-0.011778 -0.00706188 0.00520214 
0.0189053 -0.00407397 0.0290078 
-0.00541581 0.008587880000000001 0.00440973 
0.00305258 -0.0178781 -0.0156429 
-0.015541 -0.0049127 0.0015 
-0.0203227 0.00248716 0.000279049 
0.0201 0.00278766 0.0268805 
0.0275672 -0.00251195 0.0209407 
-0.00339605 0.0154051 -0.0162252 
0.00315018 -0.0124 -0.0257774 
-0.0204216 0.00239027 -0.009701 
0.00328607 -0.0153909 -0.009101400000000001 
0.009625979999999999 0.0153713 -0.0192157 
0.0285241 0.0040486 -0.0344 
0.0194068 -0.0119973 0.0276064 
-0.0166 -0.00973123 0.0170382 
-0.0258085 -0.00400316 0.037538 
0.0278689  0.015 -0.0284324 
0.030767 -0.015 -0.0307973 
-0.0201 0.0118849 0.027937 
-0.0271 0.00150586 0.000392521 
0.0178666 0.009838929999999999 -0.0303 
0.026824 0.00353038 0.0253462 
-0.0154239 0.00728434 -0.008302510000000001 
0.028149  0.015 -0.0164434 
-0.0107258 -0.0148161 -0.0134396 
-0.0234517 -0.0118608 -0.00881621 
-0.0187782 -0.0119973 0.000590906 
-0.0255402 -0.0106247 0.0229227 
-0.00303645 0.008865120000000001 0.00435242 
-0.0258049 -0.0103486 0.0100184 
0.0190282 -0.0118249 0.0015 
-0.0256678 -0.00496127 0.0257498 
0.0316777 0.0124 -0.0239799 
-0.0106349 -0.0151499 -0.0241815 
0.0224 -0.0130797 -0.008570370000000001 
-0.0221771 -0.0119955 0.0150614 
-0.00907003 0.0108063 -0.0179824 
0.0298793 -0.000790687 -0.0344 
-0.009690529999999999 0.008397170000000001 0.0015 
0.0187286 0.0144523 -0.0343455 
0.0258651  0.015 -0.00604604 
-0.022017  0.012 -0.00107731 
-0.0241947 -0.00474238 0.0302588 
0.000737212 -0.0176797 -0.0102289 
-0.0121098 0.0145476 -0.0117269 
0.0156902 0.00455644 -0.0338571 
-0.0208336 0.0116631 0.0308197 
0.0144902 -0.00366508 -0.0335787 
-0.0181 0.00780498 0.0211126 
0.0349412 0.0141049 0.00323407 
0.0147704 0.0151439 -0.0122413 
-0.00979732 0.0101514 -0.019976 
-0.00386836 -0.0044317 0.00523228 
-0.0221658 -0.0031499 -0.0156652 
-0.00426615 -0.0186891 -0.0199446 
-0.0254441 0.010711 0.0228793 
0.0298792 -0.00754701 -0.0303 
-0.0126743 0.0094 0.00145501 
-0.0153986 -0.0130735 -0.00477022 
0.0181 -0.0118609 0.00775365 
0.00362127 0.0124 -0.0161641 
0.0249172 0.009118589999999999 0.0343733 
-0.020174 0.0128438 -0.009717 
0.0351499 0.0100211 0.00482468 
0.009357829999999999 0.0151649 0.000631295 
0.0281093 -0.0119973 0.00768844 
0.0103871 0.0153278 -0.0163908 
0.0183538 0.00781492 -0.0343645 
0.032378 -0.00655935 0.0108999 
-0.0219831 0.0100418 -0.0158082 
0.00417004 0.0124 -0.0164419 
0.0285955  0.015 -0.0262685 
-0.0239296 0.00377818 0.0206191 
0.0181 0.00614973 0.009699859999999999 
0.0263349 -0.0138912 -0.0344 
0.0352 0.0141439 -0.00140006 
0.0125211 0.0152872 -0.0245163 
0.0150654 0.0026 -0.0320442 
0.0296558 0.00627408 0.0034 
0.018589 -0.00287231 0.0310618 
0.0326463 0.0124 -0.0117595 
0.00225025 0.0153382 -0.00690648 
0.0295991 -0.00362926 -0.0344 
0.0305381 0.009925450000000001 -0.0328 
0.0181 0.00242396 0.0184031 
-0.020346 -0.00246429 -0.00268504 
-0.00485457 0.0149332 -0.00483104 
-0.0213627 0.00747131 0.0240117 
0.019645 -0.0124 -0.028607 
0.0121106 -0.0152861 -0.021067 
-0.00597215 -0.005517 0.00496704 
0.0232369 -0.00823048 -0.0303 
0.0255523 0.0054387 0.0356047 
-0.008303100000000001 0.0114968 -0.0171981 
-0.009414509999999999 0.00466098 0.0015 
-0.0271 -0.00626677 0.0157896 
0.0030349 -0.018734 -0.0197753 
0.0219624 -0.00983093 -0.0303 
-0.00344071 -0.0153454 -0.0142101 
-0.0171636 0.00558072 -0.00936522 
0.02249  0.012 0.018256 
0.0061328 0.0124 -0.00718287 
0.00105183 0.0124 -0.0270252 
0.0139808 0.0124 -0.0106831 
-0.0190937 -0.0041098 0.0216901 
-0.0187342 -0.0141464 -0.0180803 
-0.0271 -0.00258823 -0.000255271 
0.0248205 -0.00563468 0.0376563 
-0.0258962 -0.00283543 0.0213747 
0.0272 0.013764 -0.0176122 
0.00469693 -0.0153405 -0.00555433 
-0.0224352 0.00514234 0.0388187 
-0.011413 0.0152014 -0.0229554 
-0.0220365 -0.0107999 -0.0157371 
-0.0216187 -0.0128342 -0.011597 
0.0260765 -0.00328426 0.0251748 
-0.0264571 -0.00887537 0.0312142 
0.0216466 -0.0119973 0.009895269999999999 
-0.0166 0.00899019 0.0161183 
0.0115436 -0.0152355 -0.00777126 
-0.0152895 0.00818939 0.00555567 
0.000214628  -0.02 -0.0182124 
0.00306558 -0.0181742 -0.012602 
0.0112866 0.0153263 -0.0227693 
0.0201 0.00677237 0.0254795 
0.0317958 0.00796551 0.0034 
-0.0166 -0.001419 0.013394 
0.00535124 0.015446 -0.0148615 
-0.0147553 -0.0116275 0.000863835 
0.00336112 -0.0124 -0.0128158 
0.0133557 -0.0152416 -0.0219278 
0.00260645 -0.004 0.00284992 
-0.0153442 -0.00736244 -0.00350011 
-0.0257224 0.0104407 0.0152285 
-0.0134103 -0.009414250000000001 -0.0225378 
0.0342106 -0.00239569 0.008225669999999999 
0.0233874 -0.000562127 0.0398102 
-0.00473537 -0.0180683 -0.015559 
0.0263995 -0.0117294 0.0139608 
-0.026217 -0.009831960000000001 0.00971678 
-0.00325067 0.0045515 0.00524038 
-0.012475 0.0094 -0.00999243 
-0.0201 -0.00111671 0.0300555 
-0.0201 0.0101553 0.0290333 
0.00378626 -0.00782831 0.0015 
-0.0221766 0.0119967 0.023805 
0.0110731 0.014002 -0.0327388 
0.0256095 -0.00656149 0.0034 
0.0183432  0.015 -0.028522 
0.0312857 -0.009311140000000001 0.0113777 
0.0252423 -0.014095 -0.0137907 
0.0304363 -0.0124 -0.00456349 
0.0260246 -0.00296097 0.0212279 
-0.0194649 -0.00332713 -0.00188088 
0.0330596 -0.0149927 0.00250598 
0.0006181719999999999 -0.0155562 -0.0102283 
0.0205995 -0.0114786 0.0314915 
-0.0204106 -0.0135254 -0.017239 
-0.0201 -0.00389594 0.0294246 
0.0250151 -0.00396081 0.0205385 
-0.00205658 -0.0199441 -0.01643 
-0.0259309 0.00548466 -0.0098297 
-0.00880512 0.0144762 -0.00534281 
0.0254538 0.0138797 0.00339207 
-0.00958445 0.0103431 -0.00579536 
-0.0173205 0.00542706 -0.000905946 
-0.00262871 0.0124 -0.011729 
0.00272173 -0.0182366 -0.0102373 
-0.0220165 -0.00315668 0.0309342 
0.0209002 -0.000706705 -0.0344 
-0.0175462 -0.00698504 -0.0200458 
0.000171138 0.0124 -0.0138098 
0.014635 0.0151138 -0.00520308 
-0.0271 -0.00637996 0.00441299 
0.0195389 -0.0102513 0.0342268 
-0.0178335 -0.00492473 -0.00770941 
0.022507 -0.00231997 0.0236536 
-0.0183352 -0.00949269 0.035335 
-0.0181 -0.00432402 0.0251496 
0.0191147 -0.0132792 -0.0115285 
0.0248466 -0.0135811 -0.0344 
-0.0260901 0.00709548 -0.009417500000000001 
0.0339098 -0.0124 -0.0239669 
0.0336134 0.000108196 0.0049 
-0.00734808 0.0115014 0.00384253 
0.00391831 -0.0124 -0.00876187 
0.0185537 0.00282439 -0.0343757 
-0.00134265 0.0124 -0.0231425 
0.00129083 0.0124 -0.0233411 
0.0106049 0.0153553 -0.0233586 
-0.0271 0.00563916 0.0259695 
-0.0201 0.000535729 0.0287988 
0.0228818 -0.015 -0.008605089999999999 
-0.00994511 0.0148345 -0.0123833 
0.0187816  0.015 -0.0142285 
-0.0166 -0.0101026 0.0165206 
0.0277211  0.015 -0.0110865 
0.0189538 -0.015 -0.0323428 
0.025351 0.00232364 0.0323326 
0.0290355  0.015 -0.0259529 
0.0169015 0.0124 -0.00521314 
-0.00747907 0.0153784 -0.0257504 
-0.00166434 -0.0154661 -0.0167556 
-0.0129188 -0.0140233 -0.023248 
-0.0261832 0.00988493 0.00121867 
0.0245484 -0.0119973 0.00649746 
0.0322186 -0.0093525 -0.0344 
-0.015206 0.00749777 -0.0050952 
0.0205831  0.012 0.0223792 
0.029523 -0.005209 0.0153116 
-0.000255789 0.00377323 0.00564342 
0.023246 0.0102529 -0.0344 
0.018299 -0.005158 0.0034 
-0.00411321 -0.0155588 -0.0241679 
0.0212328 -0.0131734 -0.0344 
-0.0237969 -0.00842307 0.0361093 
-0.00403995 9.095569999999999e-05 0.00339128 
0.0294835 0.00216859 -0.0322 
-0.0210478 -0.00365277 0.0338853 
-0.0166 -0.00448579 0.0145093 
0.0259224 -0.00247442 0.024127 
0.00443209 0.0153242 -0.00370867 
-0.0109391 0.0136239 -0.0244078 
-0.0192279  0.012 0.000297154 
0.0222301 0.0119774 0.028392 
0.0181 -0.00318385 0.0234809 
0.0181 0.00385268 0.00722298 
0.0201 0.00877669 0.0286549 
-0.0133876 -2.06043e-05 0.00637397 
-0.0193865 -0.00340391 0.00044712 
0.0260422 0.00416321 -0.0344 
0.0236594 -0.0117322 0.0285182 
0.0242163 -0.00153966 0.0394193 
0.0196643 -0.000786419 0.0049 
-0.0166 -0.000971425 0.0177505 
-0.0188455 -0.0119973 0.0179284 
0.0215582 0.0131554 -0.00125454 
0.0239124 0.00873787 0.0034 
0.0222737 -0.0149023 -0.0224748 
0.023047 0.00503592 -0.0344 
0.0201 0.00372496 0.0266427 
0.0142626 0.0124 0.0013288 
0.00337323 0.00348631 0.0060299 
0.023916 -0.00758906 0.0236095 
0.0352 -0.0131804 -0.0046046 
0.0331193  0.015 -0.0192035 
-0.0193948 -0.00339583 -0.0119598 
-0.0271 -0.00294318 0.0101365 
0.00792026 0.0124 -0.0125914 
0.0181 0.00465534 0.035393 
-0.00505433 -0.0124 -0.0228943 
-0.00163627 -0.0150798 -0.00221859 
-0.0247157 -0.0119412 -0.0106427 
0.0181 -0.00767549 0.0248047 
0.0265218 -0.00952588 0.0234754 
0.00232663 -0.0191252 -0.0207296 
0.0125578 0.0124 -0.0288446 
-0.0165034 0.009634220000000001 -0.0208269 
0.00924901 0.0154103 -0.0239491 
0.0228328 -0.00680983 0.0210961 
-0.0271 0.001571 0.0339786 
-0.0166 0.009944379999999999 0.009805639999999999 
-0.0268611 -0.00851418 0.00899581 
-0.0216122 -0.0119973 0.0177294 
0.00177447 -0.013697 -0.0299403 
0.0295308 0.00532642 -0.0344 
-0.0258759 0.0103765 -0.00573457 
0.00619674 0.00697458 0.0015 
-0.0173918 -0.0138233 -0.0201307 
0.0352 -0.00787244 -0.0327746 
0.0217562 -0.0134153 -0.0344 
0.0241679 0.0147488 -0.0341818 
0.0334047 -0.0124 -0.00323437 
0.0273353 0.008999999999999999 0.00162686 
0.00728914 0.0154498 -0.0202488 
0.0168235 -0.0144967 -0.0350849 
0.0146464 -0.0124 -0.026639 
0.0279764 -0.0109282 0.0141308 
0.0347791 0.00883772 0.0034 
-0.00390371 -0.0143427 0.00157633 
-0.0168462 -0.0118825 -0.02057 
-0.0166 0.009237250000000001 0.009532560000000001 
-0.0190877 0.013941 -0.0163347 
0.00395923 -0.0109343 0.00400116 
-0.0137987 0.008875920000000001 -0.00395401 
0.0238117 -0.00621117 0.0305654 
-0.0220627 -0.00418047 -0.0157733 
0.012157  0.011 0.00194949 
0.0288387 0.0119882 0.00782973 
-0.0231562 -0.0118812 0.00793696 
0.0341119 -0.0124 -0.018046 
-0.00167506 -0.00475395 0.0015 
0.0135223 -0.0152432 -0.0255478 
0.0352 -0.0129573 -0.0179194 
0.0220837 -0.015 -0.0254248 
-0.0255434 -0.0106217 0.0204782 
0.0351552 -0.00658846 0.00458485 
0.0288675 -0.0124 -0.0195288 
0.0335728  0.015 -0.0303702 
0.0193484 0.008495580000000001 0.0034 
0.0284423 -0.015 0.000486216 
0.0193897 -0.00603101 0.021873 
0.0251822 -0.0124 -0.0122705 
0.0127784 0.0124 -0.0270278 
-0.0222309 0.00304565 -0.0155915 
-0.008782949999999999 -0.00735047 0.0015 
0.0185738 -0.00625656 -0.03438 
0.0217218 -0.00304722 -0.0314 
-0.00791476 -0.0118465 -0.0132489 
-0.019624 -0.0119973 0.0120143 
3 8607 4737 1518 
3 820 1803 7216 
3 5715 767 7001 
3 5951 8607 1518 
3 5951 920 8607 
3 9109 5291 1407 
3 9109 8077 9419 
3 8685 8168 5230 
3 855 8290 9419 
3 9514 4428 5921 
3 4724 7332 6693 
3 8489 1803 820 
3 9323 4406 820 
3 117 566 820 
3 342 5304 1518 
3 5304 342 9729 
3 5304 4168 1518 
3 4168 5951 1518 
3 5951 4168 5291 
3 7325 575 1518 
3 7325 1817 2942 
3 4094 9063 920 
3 9063 4094 6072 
3 5291 4960 8268 
3 4960 5291 270 
3 1768 5951 5291 
3 5951 1768 920 
3 4724 2933 8941 
3 1725 7630 5722 
3 7282 2933 1336 
3 1725 7282 1336 
3 7282 1725 5722 
3 1725 6622 7630 
3 5291 7751 270 
3 7751 4960 270 
3 2230 9109 9419 
3 5800 8168 8685 
3 7630 5800 5722 
3 9844 5800 7630 
3 5800 9844 8168 
3 8290 3114 9419 
3 3114 1339 9419 
3 1339 3114 8543 
3 1742 4428 8077 
3 6840 1460 7647 
3 1460 6840 5793 
3 8151 3933 7647 
3 8151 7332 3933 
3 2567 7332 4724 
3 332 6076 7647 
3 7817 6076 8510 
3 7817 6622 6693 
3 6622 7817 7630 
3 7817 9844 7630 
3 6076 7817 7647 
3 7332 7817 6693 
3 7817 8151 7647 
3 8151 7817 7332 
3 5134 4960 8168 
3 1803 7665 7216 
3 439 566 2787 
3 6241 1494 388 
3 1494 8489 820 
3 4406 1494 820 
3 5732 5304 9729 
3 5712 3866 5715 
3 1760 342 1518 
3 342 1760 9729 
3 5291 6405 1407 
3 6405 1887 1407 
3 4168 6405 5291 
3 7832 160 2942 
3 7832 820 7216 
3 1817 442 2942 
3 442 1817 7325 
3 4737 442 1518 
3 442 7325 1518 
3 364 5024 9729 
3 4727 7325 2942 
3 4727 364 7325 
3 920 6355 8607 
3 9063 6355 920 
3 1096 9063 6072 
3 1096 6072 8268 
3 3861 5291 8268 
3 1768 2261 920 
3 2261 4094 920 
3 6060 7282 9864 
3 7282 6060 2933 
3 9846 7282 5722 
3 7282 9846 9364 
3 2030 7282 9364 
3 1899 1725 1336 
3 1899 6622 1725 
3 6622 1899 6693 
3 2933 1899 1336 
3 1899 4724 6693 
3 1899 2933 4724 
3 6408 5340 7366 
3 5340 9806 7366 
3 9806 5340 2737 
3 9806 5893 7366 
3 1437 522 4409 
3 8077 8783 2718 
3 8783 1437 2718 
3 4428 8783 8077 
3 8783 4428 9514 
3 9851 522 9559 
3 483 9514 5921 
3 4428 1571 5921 
3 9109 2452 5291 
3 5821 5084 9109 
3 5197 5821 9109 
3 511 2230 9419 
3 9154 3114 8290 
3 9154 855 1422 
3 855 9154 8290 
3 9154 9846 5722 
3 8543 9154 5722 
3 3114 9154 8543 
3 964 1339 8543 
3 964 8543 5722 
3 5800 964 5722 
3 964 5800 8685 
3 1339 964 8685 
3 855 8279 1422 
3 5893 8279 855 
3 5893 6736 7366 
3 6736 7182 7366 
3 851 5925 5793 
3 851 5793 6104 
3 7797 851 6104 
3 7332 5466 3933 
3 2567 5466 7332 
3 9765 3081 2787 
3 7506 9765 2787 
3 4364 7817 8510 
3 9844 241 8168 
3 7817 241 9844 
3 8168 241 6565 
3 241 7817 6565 
3 9114 484 4960 
3 9114 8243 4736 
3 8243 9114 4960 
3 2368 8168 6565 
3 5134 2368 6565 
3 2368 5134 8168 
3 5134 4030 4960 
3 8489 9546 1803 
3 9546 7665 1803 
3 7665 9546 7216 
3 9323 4482 4406 
3 4482 1494 4406 
3 435 8159 5764 
3 1887 3557 1407 
3 5732 3557 5304 
3 3557 4168 5304 
3 9912 4314 3821 
3 8541 5715 7001 
3 2802 575 9729 
3 1760 2802 9729 
3 575 2802 1518 
3 2802 1760 1518 
3 9012 7832 7216 
3 7832 9012 9891 
3 6241 9012 4897 
3 6727 9891 6902 
3 6727 7832 9891 
3 7832 6727 160 
3 5298 7832 2942 
3 442 5298 2942 
3 575 9961 9729 
3 9961 364 9729 
3 9961 575 7325 
3 6858 4727 2942 
3 364 1876 5024 
3 1876 4727 5024 
3 4727 1876 364 
3 7521 5732 9729 
3 5024 7521 9729 
3 6858 7521 5024 
3 484 3147 4960 
3 4960 3147 8268 
3 3147 1096 8268 
3 9639 1768 5291 
3 4094 2597 6072 
3 2261 2597 4094 
3 6072 2597 8268 
3 2597 1768 8268 
3 2597 2261 1768 
3 8848 3836 9364 
3 9846 8848 9364 
3 626 2030 9364 
3 626 9154 1422 
3 2030 1865 7282 
3 8119 491 2737 
3 8119 5340 3733 
3 5340 8119 2737 
3 9705 6164 4416 
3 6164 9705 907 
3 7664 6712 7568 
3 7076 6408 7366 
3 907 4917 2737 
3 4917 9806 2737 
3 1437 8689 522 
3 522 2558 4409 
3 2558 919 4409 
3 9851 9871 522 
3 9871 2558 522 
3 2558 9871 919 
3 6547 6270 9422 
3 6270 9259 9658 
3 9259 6270 2718 
3 6270 7076 2718 
3 6408 6270 5340 
3 7397 6593 2372 
3 483 4925 9514 
3 4923 9851 9559 
3 9871 4923 1575 
3 4923 9871 9851 
3 4694 1571 4428 
3 9651 4011 9109 
3 4011 9651 4122 
3 4011 5197 9109 
3 4096 7751 5291 
3 8168 1835 5230 
3 4960 1835 8168 
3 7751 1835 4960 
3 4096 1835 7751 
3 1835 4096 7522 
3 1428 2452 9109 
3 1428 4096 2452 
3 4096 1428 7522 
3 9109 3018 8077 
3 5084 3018 9109 
3 3018 1742 8077 
3 1742 3018 3491 
3 3018 5084 3491 
3 5084 9847 3491 
3 9847 5084 5821 
3 1339 5063 9419 
3 5063 511 9419 
3 8279 3515 1422 
3 8964 5893 7568 
3 8964 8279 5893 
3 8964 3515 8279 
3 6368 5893 855 
3 6368 6736 5893 
3 6368 855 9419 
3 1504 8875 6900 
3 7385 6840 7647 
3 6840 6247 5793 
3 3711 4396 277 
3 7775 3159 3081 
3 3159 7775 3886 
3 2910 5693 6104 
3 5693 7775 3081 
3 9753 5693 3081 
3 5693 4215 6104 
3 5693 9753 4215 
3 1460 468 7647 
3 468 1460 5793 
3 5925 468 5793 
3 468 332 7647 
3 5995 9753 3081 
3 9753 5995 8992 
3 851 3536 5925 
3 9753 2016 4215 
3 8715 5995 3081 
3 851 5353 4215 
3 4173 5466 2567 
3 566 6431 2787 
3 7729 2985 2372 
3 2985 4277 4487 
3 4277 2985 7729 
3 4056 2023 7001 
3 523 3038 4153 
3 523 6593 3038 
3 6593 523 2372 
3 8726 4482 9323 
3 4482 8726 1494 
3 1494 8726 388 
3 8726 4999 388 
3 4999 8726 6424 
3 8726 1386 6424 
3 9306 8726 9323 
3 8726 9306 9488 
3 8875 9440 6900 
3 2602 4364 4736 
3 4364 2602 7817 
3 8243 2602 4736 
3 2602 8243 7817 
3 9114 5867 8510 
3 5867 4364 8510 
3 3314 4481 4960 
3 4481 8243 4960 
3 4481 3314 7817 
3 8243 4481 7817 
3 7817 6447 6565 
3 6447 5134 6565 
3 5382 9546 8489 
3 1494 5382 8489 
3 5382 1494 6241 
3 5382 6241 4897 
3 439 4714 566 
3 8159 8471 117 
3 8471 8159 435 
3 4314 701 3821 
3 4314 3584 9402 
3 3584 5712 5715 
3 7963 4314 8800 
3 7963 9529 4314 
3 8425 9912 3821 
3 4561 8425 3821 
3 8425 4561 1500 
3 697 9370 6902 
3 9912 697 4314 
3 3866 7696 5715 
3 8726 7696 1386 
3 5715 7696 767 
3 7696 8726 767 
3 3614 4999 6424 
3 9151 9012 7216 
3 9012 9151 4897 
3 9546 9151 7216 
3 5382 9151 9546 
3 9151 5382 4897 
3 9891 5730 3866 
3 9012 5730 9891 
3 6727 5738 5850 
3 5298 2878 7832 
3 2878 5298 442 
3 2878 442 4737 
3 5764 2878 4737 
3 8159 2878 5764 
3 2878 8159 117 
3 2878 117 820 
3 7832 2878 820 
3 364 4576 7325 
3 4576 9961 7325 
3 9961 4576 364 
3 4727 4250 5024 
3 4250 6858 5024 
3 6858 4250 4727 
3 160 6460 2942 
3 6460 6858 2942 
3 7521 6460 2799 
3 6460 7521 6858 
3 1096 8266 9063 
3 3147 8266 1096 
3 9639 8755 1768 
3 1768 8755 8268 
3 8755 3861 8268 
3 3861 8755 5291 
3 8755 9639 5291 
3 104 6060 9864 
3 8577 104 9864 
3 4903 6569 9867 
3 1113 4903 9867 
3 4903 1113 1189 
3 6929 1113 9867 
3 1262 6929 9867 
3 879 8964 7568 
3 8964 879 3515 
3 6929 879 1113 
3 3515 879 1422 
3 9154 5586 9846 
3 5586 8848 9846 
3 8848 5586 3836 
3 5586 626 3836 
3 626 5586 9154 
3 3836 1207 9364 
3 1207 626 9364 
3 626 1207 3836 
3 5220 4487 6836 
3 5220 3131 4487 
3 8119 1180 491 
3 6712 5580 9460 
3 9640 6712 9460 
3 7182 9550 7366 
3 9550 7076 7366 
3 9550 7182 2718 
3 4917 7462 9806 
3 9806 7462 5893 
3 1437 6830 2718 
3 6830 9259 2718 
3 9259 6830 1437 
3 8783 3323 1437 
3 3323 8689 1437 
3 6270 5642 9422 
3 5642 6270 9658 
3 9259 5642 9658 
3 7076 9144 6408 
3 9144 6270 6408 
3 6270 9144 7076 
3 8341 1987 7397 
3 1987 8341 3421 
3 5642 8341 9422 
3 8341 5642 3421 
3 9871 7535 919 
3 7535 9871 1575 
3 6593 7535 1575 
3 1987 7535 7397 
3 7535 6593 7397 
3 1629 3421 4409 
3 1629 1987 3421 
3 2901 483 5921 
3 8922 2901 5921 
3 2316 8922 2042 
3 4925 2316 2042 
3 2316 4925 483 
3 2901 2316 483 
3 2316 2901 8922 
3 568 8922 5921 
3 2023 3612 9409 
3 3612 4056 1575 
3 4056 3612 2023 
3 6691 4314 9402 
3 4314 6691 8800 
3 6144 5168 7620 
3 5168 9860 7620 
3 1544 8438 3491 
3 1544 8818 8438 
3 2377 9109 1407 
3 2377 7305 9109 
3 3557 2377 1407 
3 2377 3557 5732 
3 2377 4561 6353 
3 2377 2212 5850 
3 4561 2377 1500 
3 5738 2377 5850 
3 7521 2377 5732 
3 8750 2377 7521 
3 2377 5738 6727 
3 2377 8425 1500 
3 8425 2377 9912 
3 2377 6727 6902 
3 2377 697 9912 
3 9370 2377 6902 
3 697 2377 9370 
3 1699 9651 9109 
3 7305 1699 9109 
3 2377 1699 7305 
3 9723 4011 4122 
3 3233 701 4314 
3 9529 3233 4314 
3 2452 3402 5291 
3 3402 4096 5291 
3 4096 3402 2452 
3 2330 1339 8685 
3 2330 5063 1339 
3 6368 9942 6736 
3 9942 8077 2718 
3 8077 9942 9419 
3 9942 6368 9419 
3 7182 9942 2718 
3 6736 9942 7182 
3 1504 5643 8875 
3 2358 1504 6900 
3 4182 541 7316 
3 2358 4182 1504 
3 935 4182 2358 
3 4182 935 277 
3 7104 439 2787 
3 1282 9147 2787 
3 7385 3449 6840 
3 7779 2910 6104 
3 5793 7779 6104 
3 6247 7779 5793 
3 7623 6247 6840 
3 3449 7623 6840 
3 1301 3711 6779 
3 3711 1301 4396 
3 1301 5356 4396 
3 468 7648 332 
3 7648 468 5314 
3 445 851 4215 
3 445 3536 851 
3 2016 445 4215 
3 445 2016 3536 
3 2016 3456 5925 
3 9986 9753 8992 
3 9986 2016 9753 
3 9986 3456 2016 
3 3456 9986 5925 
3 468 9986 8992 
3 9986 468 5925 
3 3536 7490 5925 
3 7490 2016 5925 
3 2016 7490 3536 
3 5995 2687 8992 
3 8715 2687 5995 
3 468 2687 5314 
3 7721 851 7797 
3 7721 5353 851 
3 5353 7721 4215 
3 4215 7721 6104 
3 7721 7797 6104 
3 8206 4173 2567 
3 8206 2567 4724 
3 6626 7506 2787 
3 6626 6333 1331 
3 6431 6333 2787 
3 6333 6626 2787 
3 2088 6593 1575 
3 6593 2088 3038 
3 4277 4268 4153 
3 4268 523 4153 
3 4268 4277 7729 
3 523 4268 2372 
3 8557 7030 7001 
3 7030 4056 7001 
3 243 7030 8614 
3 7030 9508 8614 
3 9508 7030 8557 
3 9508 8794 2924 
3 8794 9508 8557 
3 7104 9211 4202 
3 9508 9477 8614 
3 9477 9508 2924 
3 8074 9477 2924 
3 3839 9306 9323 
3 4714 3839 566 
3 3839 4714 439 
3 3839 9323 820 
3 566 3839 820 
3 5204 8074 2924 
3 4943 5204 2924 
3 2890 9440 8875 
3 9440 1528 6900 
3 5595 1597 6446 
3 6164 169 4416 
3 169 7614 4416 
3 5025 9114 4736 
3 5025 5867 9114 
3 5867 5025 4364 
3 6467 484 9114 
3 5110 6467 9114 
3 6388 9114 8510 
3 5110 6388 8510 
3 6388 5110 9114 
3 4030 978 4960 
3 978 6447 4960 
3 978 4030 5134 
3 6447 978 5134 
3 3314 3893 7817 
3 3893 6447 7817 
3 9891 6181 6902 
3 6181 697 6902 
3 6181 9891 3866 
3 697 6181 4314 
3 5712 6181 3866 
3 3584 6181 5712 
3 6181 3584 4314 
3 4999 3605 388 
3 3614 3605 4999 
3 4799 3614 6424 
3 7696 9553 1386 
3 9553 4799 6424 
3 1386 9553 6424 
3 2270 6460 160 
3 6727 2270 160 
3 6460 2270 2799 
3 2270 6727 5850 
3 2212 2270 5850 
3 5130 7521 2799 
3 5130 8750 7521 
3 5130 2377 8750 
3 2377 5130 2212 
3 407 6355 9063 
3 3429 407 9063 
3 5001 3429 9063 
3 8266 5001 9063 
3 5001 8266 3147 
3 6569 7931 9867 
3 7931 1262 9867 
3 3388 9705 4416 
3 7358 4903 1189 
3 4903 7358 6569 
3 2933 7358 8941 
3 6569 7358 2933 
3 1962 941 1517 
3 1113 9905 1189 
3 879 9905 1113 
3 6712 9905 7568 
3 9905 879 7568 
3 491 314 2737 
3 314 3738 2737 
3 903 6164 907 
3 5220 903 907 
3 903 5220 6836 
3 1082 3738 3131 
3 5220 1082 3131 
3 3738 1082 2737 
3 1082 907 2737 
3 1082 5220 907 
3 1180 4380 491 
3 4380 1180 8119 
3 4380 8119 3733 
3 4380 6270 6547 
3 5340 4380 3733 
3 6270 4380 5340 
3 722 1517 1189 
3 9905 722 1189 
3 7076 4433 2718 
3 4433 9550 2718 
3 9550 4433 7076 
3 853 7462 4917 
3 853 4917 907 
3 5893 7906 7568 
3 7462 7906 5893 
3 853 7906 7462 
3 3323 7701 8689 
3 7701 4925 2042 
3 522 7701 9559 
3 8689 7701 522 
3 4925 7701 9514 
3 328 9259 1437 
3 328 5642 9259 
3 328 1437 4409 
3 3421 328 4409 
3 5642 328 3421 
3 919 6950 4409 
3 6950 7535 4409 
3 7535 6950 919 
3 1451 7535 1987 
3 1629 1451 1987 
3 7535 1451 4409 
3 1451 1629 4409 
3 8922 1638 2042 
3 1638 60 2042 
3 1571 257 5921 
3 642 60 5535 
3 4137 5079 7620 
3 3612 7280 9409 
3 8541 7280 5715 
3 7280 8541 7001 
3 2023 7280 7001 
3 7280 2023 9409 
3 5716 1204 9402 
3 1204 6691 9402 
3 6776 1742 3491 
3 1742 6776 4428 
3 9847 2155 3491 
3 2155 1544 3491 
3 234 2377 6353 
3 1033 2377 9651 
3 1699 1033 9651 
3 1033 1699 2377 
3 4561 9893 6353 
3 9893 4561 3821 
3 701 9893 3821 
3 3233 9893 701 
3 2956 2155 9847 
3 5197 2956 5821 
3 2956 9847 5821 
3 6691 8586 8800 
3 8586 9501 8800 
3 9501 8586 6691 
3 8779 6691 8452 
3 8779 9501 6691 
3 8779 9100 9501 
3 9501 9100 8800 
3 9303 5643 1504 
3 9303 7316 49 
3 9303 4182 7316 
3 4182 9303 1504 
3 7104 4589 1035 
3 4320 4173 4396 
3 625 5356 2910 
3 7779 625 2910 
3 5356 625 4396 
3 625 7779 6247 
3 5356 7202 2910 
3 7202 5693 2910 
3 1240 6912 1282 
3 1240 1282 2787 
3 3159 1240 3081 
3 1240 3159 3886 
3 3081 1240 2787 
3 6912 9751 1282 
3 9751 9147 1282 
3 9331 468 8992 
3 2687 9331 8992 
3 9331 2687 468 
3 4190 8206 4724 
3 541 4190 7316 
3 8206 5965 4173 
3 4396 5965 277 
3 4173 5965 4396 
3 5965 4182 277 
3 1134 435 5764 
3 1134 7432 1331 
3 1134 4737 8607 
3 1134 5764 4737 
3 1134 1331 7792 
3 6626 9180 7506 
3 6333 3130 1331 
3 1331 4719 7792 
3 7093 8471 435 
3 7093 4784 566 
3 7093 566 117 
3 8471 7093 117 
3 2717 7093 435 
3 7093 2717 4784 
3 2985 6062 2372 
3 4809 8256 2985 
3 3131 4809 4487 
3 4809 2985 4487 
3 4056 9385 1575 
3 9385 2088 1575 
3 7030 9385 4056 
3 8249 7729 2372 
3 4268 8249 2372 
3 8249 4268 7729 
3 8074 8976 9006 
3 9211 8533 4202 
3 8533 8976 4202 
3 4618 87 681 
3 8395 8074 9006 
3 8976 8395 9006 
3 3839 6415 859 
3 6415 3839 439 
3 6415 7104 4202 
3 7104 6415 439 
3 3823 8794 8557 
3 3823 8726 9488 
3 8794 3823 2924 
3 3823 4943 2924 
3 3823 8557 7001 
3 767 3823 7001 
3 8726 3823 767 
3 1701 4943 4684 
3 1701 5204 4943 
3 8879 3084 888 
3 3084 859 888 
3 3084 3839 859 
3 3839 3084 9306 
3 9736 8879 4684 
3 4943 9736 4684 
3 9736 3084 8879 
3 9736 3823 9488 
3 3823 9736 4943 
3 9306 9736 9488 
3 3084 9736 9306 
3 6285 2890 8875 
3 2890 6285 9440 
3 6285 1528 9440 
3 1597 4163 6446 
3 3360 4163 1597 
3 501 4277 4153 
3 501 5595 4277 
3 4424 501 4153 
3 4277 8878 4487 
3 5595 8878 4277 
3 4364 1107 4736 
3 1107 5025 4736 
3 5025 1107 4364 
3 4441 6467 5110 
3 4441 5110 8510 
3 6447 9662 4960 
3 3893 9662 6447 
3 8421 6241 388 
3 3605 8421 388 
3 9802 9553 7696 
3 9802 7696 3866 
3 9553 9802 4799 
3 9802 353 4799 
3 5730 9802 3866 
3 2270 6804 2799 
3 6804 2270 2212 
3 6804 5130 2799 
3 5130 6804 2212 
3 61 7931 6569 
3 7931 61 1262 
3 61 6569 2933 
3 6060 61 2933 
3 1262 61 6060 
3 735 6535 1517 
3 6535 733 49 
3 733 2462 49 
3 2462 733 6535 
3 5643 3329 7411 
3 2462 3329 5643 
3 2462 9635 49 
3 9635 2462 5643 
3 9635 9303 49 
3 9303 9635 5643 
3 1636 3388 4416 
3 9208 7614 3311 
3 7503 7358 1189 
3 7503 941 7316 
3 4190 7503 7316 
3 7358 7503 8941 
3 7503 4724 8941 
3 7503 4190 4724 
3 4115 6535 49 
3 4115 4891 6535 
3 4891 4115 941 
3 7316 4115 49 
3 941 4115 7316 
3 6535 8937 1517 
3 8937 1962 1517 
3 8937 4830 1962 
3 4891 4830 6535 
3 4830 8937 6535 
3 6503 1865 2030 
3 6503 6963 9864 
3 6503 626 1422 
3 626 6503 2030 
3 879 6503 1422 
3 6963 6503 879 
3 7282 6503 9864 
3 1865 6503 7282 
3 4497 8577 9864 
3 6963 4497 9864 
3 4497 104 8577 
3 4497 879 6929 
3 4497 6963 879 
3 104 4497 6060 
3 4497 1262 6060 
3 4497 6929 1262 
3 722 5632 1517 
3 5632 722 9640 
3 5632 735 1517 
3 735 5632 3367 
3 5632 9640 2216 
3 3367 5632 2216 
3 722 6705 9640 
3 6705 722 9905 
3 9640 6705 6712 
3 6705 9905 6712 
3 4726 6712 7664 
3 4726 5580 6712 
3 7906 4726 7664 
3 4726 7906 853 
3 5580 4726 9460 
3 5575 7664 7568 
3 7906 5575 7568 
3 5575 7906 7664 
3 9666 8783 9514 
3 7701 9666 9514 
3 9666 3323 8783 
3 9666 7701 3323 
3 8329 1638 8922 
3 9227 568 5921 
3 1687 3612 1575 
3 6504 6144 7620 
3 5079 6504 7620 
3 6504 2155 6144 
3 5189 5079 4137 
3 1544 5189 8818 
3 5189 719 8818 
3 8911 7280 3612 
3 8911 1687 4157 
3 1687 8911 3612 
3 671 5716 9402 
3 3584 671 9402 
3 671 3584 5715 
3 7280 671 5715 
3 2058 4179 4137 
3 7697 6776 3491 
3 8438 7697 3491 
3 5169 7697 8438 
3 8818 8336 8438 
3 719 8336 8818 
3 257 2588 5921 
3 6776 9649 4428 
3 5168 4081 9860 
3 4081 2795 9860 
3 2795 4081 5168 
3 2377 8495 9651 
3 234 8495 2377 
3 9651 8495 4122 
3 8495 234 4122 
3 8915 234 6353 
3 9893 8915 6353 
3 8915 9893 3233 
3 234 8915 4122 
3 3902 8915 3233 
3 8915 3902 1010 
3 1010 6780 3900 
3 3902 6780 1010 
3 6780 3902 9529 
3 140 3233 9529 
3 3902 140 9529 
3 140 3902 3233 
3 9860 1223 8452 
3 1223 8779 8452 
3 2795 1223 9860 
3 1010 7276 2943 
3 7276 9100 2943 
3 9100 8294 2943 
3 9100 7148 8800 
3 7148 7963 8800 
3 7963 7148 9529 
3 6780 7148 3900 
3 7148 6780 9529 
3 2434 7104 2787 
3 4589 2434 2787 
3 2434 4589 7104 
3 4589 1590 1035 
3 1590 9751 1035 
3 9751 1590 9147 
3 9147 1590 2787 
3 1590 4589 2787 
3 7668 3449 7385 
3 4320 7668 7385 
3 3449 7668 4396 
3 7668 4320 4396 
3 5638 4320 7385 
3 3933 5638 7647 
3 5638 7385 7647 
3 5466 5638 3933 
3 4173 5638 5466 
3 4320 5638 4173 
3 7623 6166 6247 
3 6166 625 6247 
3 625 6166 4396 
3 6166 3449 4396 
3 6166 7623 3449 
3 1301 4239 5356 
3 4239 7202 5356 
3 5693 7791 7775 
3 7202 7791 5693 
3 7775 7791 3886 
3 6117 935 2358 
3 425 6117 2358 
3 6190 2358 6900 
3 6190 425 2358 
3 7453 4829 6779 
3 3192 2864 2184 
3 3192 1383 681 
3 2864 9185 2184 
3 6920 1240 3886 
3 1240 6920 6912 
3 5449 7104 1035 
3 5449 9211 7104 
3 5866 4190 541 
3 4182 5866 541 
3 5965 5866 4182 
3 4190 9797 8206 
3 9797 5965 8206 
3 5866 9797 4190 
3 9797 5866 5965 
3 2515 1134 8607 
3 1134 2515 7432 
3 1134 5744 435 
3 5744 2717 435 
3 4784 5744 566 
3 2717 5744 4784 
3 6094 1134 7792 
3 1134 6094 6431 
3 502 7432 7506 
3 9180 502 7506 
3 1588 6094 7792 
3 8830 6333 6431 
3 8830 4719 6333 
3 6094 8830 6431 
3 1588 8830 6094 
3 4719 8830 7792 
3 8830 1588 7792 
3 1470 3130 6333 
3 4719 1470 6333 
3 3130 1470 1331 
3 1470 4719 1331 
3 4237 1134 6431 
3 4237 6431 566 
3 2522 4237 566 
3 6062 1421 8256 
3 8256 1421 2985 
3 1421 6062 2985 
3 8699 7397 2372 
3 6062 8699 2372 
3 9385 2378 2088 
3 2088 2378 3038 
3 2378 7030 243 
3 2378 9385 7030 
3 3038 2378 4153 
3 2378 243 4153 
3 6415 2978 859 
3 8976 2978 4202 
3 2978 6415 4202 
3 4618 679 87 
3 6552 9751 6912 
3 9751 6552 1035 
3 6552 5449 1035 
3 5449 6552 9211 
3 9389 4618 3604 
3 9389 8533 9211 
3 8533 5366 8976 
3 8395 5366 8034 
3 5366 9389 8034 
3 9389 5366 8533 
3 5820 7581 9477 
3 5820 9477 8074 
3 8395 5820 8074 
3 5820 8395 8034 
3 7581 5820 8034 
3 6233 3755 681 
3 3755 2650 681 
3 6616 6908 8640 
3 6908 6616 3311 
3 3169 6380 8580 
3 6380 2650 8580 
3 4618 6380 3604 
3 6380 4618 681 
3 2650 6380 681 
3 8409 9389 3604 
3 9477 1969 8614 
3 1969 7525 8614 
3 9086 8879 888 
3 1701 9086 888 
3 8879 9086 4684 
3 9086 1701 4684 
3 243 2273 4153 
3 2273 4424 4153 
3 2273 243 8614 
3 7525 2273 8614 
3 4163 4419 6446 
3 5595 2885 1597 
3 501 2885 5595 
3 2885 501 4424 
3 2273 2885 4424 
3 2885 2273 7525 
3 8878 8901 4487 
3 7502 5595 6446 
3 7502 8878 5595 
3 267 7894 8640 
3 7894 267 3360 
3 6076 7980 8510 
3 7980 4441 8510 
3 9662 7240 4960 
3 7240 9662 3893 
3 5684 8421 3605 
3 5684 9012 6241 
3 8421 5684 6241 
3 5684 5730 9012 
3 5684 3605 5730 
3 3815 9802 5730 
3 3605 3815 5730 
3 7782 3820 3614 
3 3820 7782 353 
3 4799 7782 3614 
3 353 7782 4799 
3 5348 735 3367 
3 5348 9208 3311 
3 9208 5348 3367 
3 6616 5348 3311 
3 3329 817 7411 
3 817 3329 2462 
3 817 735 7411 
3 817 2462 6535 
3 735 817 6535 
3 3388 6839 9705 
3 6839 5637 9705 
3 5637 6839 3388 
3 4235 853 907 
3 9705 4235 907 
3 5637 4235 9705 
3 4235 5637 9460 
3 4726 4235 9460 
3 4235 4726 853 
3 9640 8070 2216 
3 8070 1636 2216 
3 8070 9640 9460 
3 1636 8070 3388 
3 5637 8070 9460 
3 8070 5637 3388 
3 2550 3367 2216 
3 2550 9208 3367 
3 1636 2550 2216 
3 2550 1636 4416 
3 4136 7503 1189 
3 7503 4136 941 
3 1517 4136 1189 
3 941 4136 1517 
3 1962 4111 941 
3 4830 4111 1962 
3 4111 4891 941 
3 4111 4830 4891 
3 6760 1687 1575 
3 1687 6760 26 
3 1998 7487 7701 
3 60 1998 2042 
3 1998 7701 2042 
3 8731 4923 9559 
3 7701 6590 9559 
3 7487 6590 7701 
3 6590 8731 9559 
3 8731 6590 4923 
3 4923 6590 1575 
3 6590 6760 1575 
3 6760 6590 7487 
3 1276 5245 959 
3 1687 1276 959 
3 1276 1687 1885 
3 5972 5758 26 
3 26 5758 5535 
3 5758 642 5535 
3 2155 3721 5079 
3 3721 6504 5079 
3 6504 3721 2155 
3 3380 2155 5079 
3 5189 3380 5079 
3 2155 3380 1544 
3 3380 5189 1544 
3 8911 3411 7280 
3 671 3411 5716 
3 3411 671 7280 
3 3411 1204 5716 
3 3411 4179 1204 
3 1788 8178 1204 
3 6691 8178 8452 
3 1204 8178 6691 
3 8178 9860 8452 
3 9860 8178 7620 
3 8178 1788 7620 
3 7903 1788 1204 
3 4179 7903 1204 
3 7697 9803 6776 
3 3013 5169 8438 
3 8336 3013 8438 
3 3890 8336 719 
3 3890 7499 7760 
3 3890 3013 8336 
3 3013 3890 5169 
3 2588 9566 5245 
3 9649 9566 4428 
3 9566 9649 5245 
3 8817 9227 5921 
3 2588 8817 5921 
3 9227 8817 568 
3 568 8817 8922 
3 8817 8329 8922 
3 8329 8817 1638 
3 1638 8817 60 
3 2855 9649 6776 
3 2855 9803 9743 
3 9803 2855 6776 
3 5245 5082 959 
3 7770 1687 959 
3 5082 7770 959 
3 1687 7770 4157 
3 7770 493 4157 
3 9649 9994 5245 
3 2855 9994 9649 
3 9994 2855 9743 
3 2417 2956 5197 
3 2417 8915 2956 
3 4011 2417 5197 
3 9723 2417 4011 
3 2417 9723 4122 
3 8915 2417 4122 
3 9958 8915 1010 
3 8915 9958 2956 
3 9958 1010 2943 
3 9958 2943 5345 
3 2956 9958 2155 
3 2795 9958 5345 
3 2155 9958 6144 
3 9958 5168 6144 
3 9958 2795 5168 
3 2318 9100 8779 
3 1223 2318 8779 
3 2318 8294 9100 
3 8294 2318 5345 
3 2318 2795 5345 
3 2318 1223 2795 
3 2943 9970 5345 
3 9970 8294 5345 
3 8294 9970 2943 
3 7276 4463 9100 
3 4463 7148 9100 
3 7148 4463 3900 
3 4463 1010 3900 
3 4463 7276 1010 
3 4239 9088 7202 
3 9088 7791 7202 
3 4191 3711 277 
3 3711 4191 6779 
3 4191 7453 6779 
3 6190 9826 425 
3 9826 7453 425 
3 7453 9826 4829 
3 5736 3192 2184 
3 3192 5736 1383 
3 9185 5736 2184 
3 3192 19 2864 
3 87 19 681 
3 19 3192 681 
3 1383 2948 681 
3 2948 2079 681 
3 9078 6745 1383 
3 2948 6745 933 
3 6745 2948 1383 
3 6745 2571 9672 
3 4201 9078 1383 
3 5736 4201 1383 
3 4201 5736 9185 
3 4201 6775 4829 
3 4201 9185 6775 
3 5744 6977 566 
3 2522 7330 5008 
3 7330 5744 5008 
3 7330 6977 5744 
3 7330 2522 566 
3 6977 7330 566 
3 436 502 9180 
3 436 6626 1331 
3 436 9180 6626 
3 7432 436 1331 
3 502 436 7432 
3 876 2522 5008 
3 876 4237 2522 
3 5744 876 5008 
3 876 5744 1134 
3 9389 6589 4618 
3 6589 6552 6912 
3 6552 6589 9211 
3 6589 9389 9211 
3 679 6589 6912 
3 6589 679 4618 
3 4347 8395 8976 
3 5366 4347 8976 
3 4347 5366 8395 
3 2657 3755 6233 
3 2650 2657 8580 
3 3755 2657 2650 
3 1952 6616 8640 
3 6616 8819 1528 
3 6971 6380 3169 
3 8409 6971 3169 
3 6380 6971 3604 
3 6971 8409 3604 
3 7581 7373 9477 
3 7373 1969 9477 
3 7373 7581 8034 
3 9389 7373 8034 
3 8409 7373 9389 
3 1969 7373 8409 
3 5804 1701 888 
3 5804 7512 1701 
3 859 5804 888 
3 7512 5804 859 
3 2978 4783 859 
3 4783 7512 859 
3 7512 4783 1701 
3 1701 4783 5204 
3 5204 4783 8074 
3 4783 8976 8074 
3 4783 2978 8976 
3 169 6998 7614 
3 7614 6998 3311 
3 6998 6908 3311 
3 3753 2657 6233 
3 3753 8409 3169 
3 3753 1969 8409 
3 3753 3169 8580 
3 2657 3753 8580 
3 2885 2104 1597 
3 2863 7894 3360 
3 2863 3360 1597 
3 2104 2863 1597 
3 4487 3493 6836 
3 8901 3493 4487 
3 7921 8901 8878 
3 7502 7921 8878 
3 7921 3493 8901 
3 7921 4419 169 
3 3493 7921 6836 
3 4419 7921 6446 
3 7921 7502 6446 
3 7921 169 6164 
3 7921 903 6836 
3 903 7921 6164 
3 3360 2968 4163 
3 267 2968 3360 
3 2968 4419 4163 
3 6908 766 8640 
3 766 267 8640 
3 7353 3893 3314 
3 7353 7240 3893 
3 7353 3314 4960 
3 7240 7353 4960 
3 9802 5108 353 
3 3815 5108 9802 
3 5108 3820 353 
3 3820 5108 3614 
3 5108 3605 3614 
3 5108 3815 3605 
3 5348 3274 735 
3 6285 3274 1528 
3 9507 3274 8875 
3 3274 6285 8875 
3 3274 6616 1528 
3 3274 5348 6616 
3 757 2550 4416 
3 2550 757 9208 
3 7614 757 4416 
3 9208 757 7614 
3 7934 5972 26 
3 6760 7934 26 
3 9583 1998 60 
3 1998 9583 7487 
3 7934 9583 5972 
3 9583 6760 7487 
3 9583 7934 6760 
3 9583 5758 5972 
3 642 9583 60 
3 5758 9583 642 
3 7265 1276 1885 
3 7265 2588 5245 
3 1276 7265 5245 
3 1687 7265 1885 
3 60 7265 5535 
3 7265 26 5535 
3 7265 1687 26 
3 8817 7265 60 
3 7265 8817 2588 
3 7228 4179 2058 
3 7228 7903 4179 
3 1788 4282 7620 
3 7903 4282 1788 
3 4282 4137 7620 
3 4282 2058 4137 
3 4282 7228 2058 
3 7228 4282 7903 
3 9803 9620 9743 
3 9620 9803 7697 
3 9566 4707 4428 
3 4707 9566 2588 
3 4707 4694 4428 
3 4694 4707 1571 
3 4707 257 1571 
3 4707 2588 257 
3 7770 5807 493 
3 5807 7770 5082 
3 9994 816 5245 
3 816 5082 5245 
3 5807 816 493 
3 816 5807 5082 
3 401 9994 9743 
3 9185 4042 6775 
3 4042 4239 1301 
3 4042 9088 4239 
3 679 2180 87 
3 2180 19 87 
3 19 2180 2864 
3 6117 9922 935 
3 935 9922 277 
3 9922 4191 277 
3 9922 6117 425 
3 7453 9922 425 
3 4191 9922 7453 
3 2948 3324 2079 
3 5519 3324 2948 
3 4942 1514 6900 
3 1528 4942 6900 
3 8819 4942 1528 
3 6889 9672 933 
3 2592 6745 9078 
3 2592 2571 6745 
3 4201 5651 9078 
3 4237 7059 1134 
3 7059 876 1134 
3 876 7059 4237 
3 2571 1002 9672 
3 1002 1952 9672 
3 2592 1002 2571 
3 1952 1002 6616 
3 1002 8819 6616 
3 5264 8819 1514 
3 8819 5264 3162 
3 4942 5264 1514 
3 5264 4942 3162 
3 1669 412 1514 
3 8819 1669 1514 
3 1669 8819 412 
3 1002 2823 8819 
3 6310 2885 7525 
3 6310 2104 2885 
3 5058 6310 7525 
3 2104 6310 5058 
3 5139 2104 5058 
3 5139 2863 2104 
3 5139 5058 7525 
3 1969 5139 7525 
3 3753 5139 1969 
3 2863 5139 3753 
3 2968 5375 4419 
3 5375 2968 267 
3 735 5868 7411 
3 3274 5868 735 
3 5868 3274 9507 
3 5868 5643 7411 
3 5868 9507 8875 
3 5643 5868 8875 
3 975 6764 4137 
3 6764 975 7499 
3 6764 5189 4137 
3 5189 6764 719 
3 6764 3890 719 
3 3890 6764 7499 
3 2119 8911 4157 
3 5658 2119 4052 
3 2119 3411 8911 
3 3411 2119 4179 
3 4179 2298 4137 
3 2298 975 4137 
3 7499 3957 7760 
3 3957 5658 7760 
3 2298 3957 975 
3 3957 2298 4179 
3 2119 3957 4179 
3 3957 2119 5658 
3 816 1384 493 
3 1384 816 9994 
3 3876 3890 7760 
3 365 2119 4157 
3 2119 365 4052 
3 493 365 4157 
3 1384 365 493 
3 1746 4042 1301 
3 4042 1746 6775 
3 1746 1301 6779 
3 4829 1746 6779 
3 6775 1746 4829 
3 4042 3934 9088 
3 7791 3934 3886 
3 9088 3934 7791 
3 2863 2337 7894 
3 2337 9261 7894 
3 2337 2863 3753 
3 2337 3753 6233 
3 5519 5588 2079 
3 127 5519 2079 
3 3324 127 2079 
3 127 3324 5519 
3 7402 2948 933 
3 7876 8819 3162 
3 4942 7876 3162 
3 7876 4942 8819 
3 6673 6745 9672 
3 6889 6673 9672 
3 6745 6673 933 
3 6673 6889 933 
3 9371 2592 9078 
3 412 9371 1514 
3 9371 1002 2592 
3 5651 9371 9078 
3 4608 9826 6190 
3 766 8478 267 
3 8478 5375 267 
3 8478 766 6908 
3 6998 8478 6908 
3 5375 8478 4419 
3 4419 8478 169 
3 8478 6998 169 
3 975 4196 7499 
3 4196 3957 7499 
3 3957 4196 975 
3 4166 6287 3890 
3 6287 7697 5169 
3 3890 6287 5169 
3 5658 2508 7760 
3 2508 5658 4052 
3 2367 4166 3890 
3 2367 401 9743 
3 2367 3876 401 
3 2367 6287 4166 
3 2367 9620 7697 
3 6287 2367 7697 
3 365 5982 4052 
3 4901 1384 9994 
3 7368 3934 4042 
3 7368 9185 2864 
3 7368 4042 9185 
3 2180 7368 2864 
3 3934 7368 2180 
3 8631 3934 2180 
3 6920 8631 6912 
3 8631 6920 3886 
3 3934 8631 3886 
3 8631 679 6912 
3 8631 2180 679 
3 8031 6233 681 
3 8031 2337 6233 
3 9261 1950 7894 
3 9801 1950 9261 
3 7894 1950 8640 
3 2371 1952 8640 
3 1952 2371 9672 
3 1950 2371 8640 
3 2371 1950 9801 
3 9672 2371 933 
3 2829 9371 412 
3 9371 2829 1002 
3 2829 2823 1002 
3 8819 2829 412 
3 2823 2829 8819 
3 8139 9371 5651 
3 4608 8139 5651 
3 9371 8139 1514 
3 8139 4608 6190 
3 1514 8139 6900 
3 8139 6190 6900 
3 4608 3120 9826 
3 9826 3120 4829 
3 3120 4201 4829 
3 3120 5651 4201 
3 3120 4608 5651 
3 3876 3976 3890 
3 3976 2367 3890 
3 2367 3976 3876 
3 2367 6702 9620 
3 6702 2367 9743 
3 1812 5982 3876 
3 1812 3876 7760 
3 2508 1812 7760 
3 1812 2508 4052 
3 5982 1812 4052 
3 4573 365 1384 
3 4901 4573 1384 
3 4573 4901 365 
3 3876 5054 401 
3 5982 5054 3876 
3 9759 5982 365 
3 4901 9759 365 
3 9759 5054 5982 
3 5054 9759 401 
3 401 9759 9994 
3 9759 4901 9994 
3 5627 8031 681 
3 2337 5627 9261 
3 8031 5627 2337 
3 1834 9801 5519 
3 1834 2371 9801 
3 1834 5519 2948 
3 7402 1834 2948 
3 1834 7402 933 
3 2371 1834 933 
3 9620 180 9743 
3 180 6702 9743 
3 6702 180 9620 
3 2079 2598 681 
3 2598 5627 681 
3 2071 9801 9261 
3 5627 2071 9261 
3 9801 2071 5519 
3 2071 5588 5519 
3 2598 2071 5627 
3 5588 2071 2079 
3 2071 2598 2079 
3 6405 3557 1887 
3 3557 6405 4168 
3 2230 2330 9109 
3 2330 8685 5230 
3 2330 1428 9109 
3 1835 2330 5230 
3 511 2330 2230 
3 2330 1835 7522 
3 1428 2330 7522 
3 5063 2330 511 
3 8699 6547 9422 
3 8699 314 491 
3 8699 4380 6547 
3 8341 8699 9422 
3 8699 4809 3131 
3 3738 8699 3131 
3 8699 8341 7397 
3 314 8699 3738 
3 4380 8699 491 
3 8699 6062 8256 
3 4809 8699 8256 
3 9765 7980 3081 
3 6355 7980 8607 
3 2687 7980 5314 
3 7980 5001 3147 
3 7980 6076 332 
3 7980 3147 484 
3 7980 8715 3081 
3 7980 9765 7506 
3 7980 2515 8607 
3 7648 7980 332 
3 407 7980 6355 
3 7980 7648 5314 
3 7980 2687 8715 
3 7432 7980 7506 
3 6467 7980 484 
3 7980 407 3429 
3 5001 7980 3429 
3 4441 7980 6467 
3 2515 7980 7432 
Vertices and facets:
- p4737(v23): 0.034 0.015 -0.033
  neighbors: f86 f856 f1901 f1900 f2854 f2855
- p8607(v15): 0.035 0.014 -0.033
  neighbors: f86 f256 f873 f255 f2854 f3407 f4423 f4430
- p1518(v9): 0.034 0.014 -0.034
  neighbors: f86 f468 f484 f857 f472 f255 f470 f832 f856 f1307 f1308
- p1803(v46): 0.0066 0.015 -0.0023
  neighbors: f197 f755 f412 f1231 f1233
- p820(v12): 0.032 0.015 0.002
  neighbors: f775 f197 f1905 f412 f774 f421 f431 f842 f1904 f2404 f2405
- p7216(v4): 0.00039 0.016 -0.028
  neighbors: f197 f1236 f842 f1309 f755 f1883 f1885
- p5715(v52): -0.017 0.015 -0.02
  neighbors: f822 f227 f1871 f1291 f1844 f1869 f2669 f3201 f3202
- p767(v47): -0.022 0.012 0.028
  neighbors: f1872 f227 f1871 f2960 f2961
- p7001(v7): -0.023 0.012 0.028
  neighbors: f2352 f227 f2351 f2672 f1291 f1716 f2670 f2959 f2960
- p5951(v58): 0.034 0.013 -0.034
  neighbors: f255 f256 f473 f472 f512 f514
- p920(v29): 0.035 0.012 -0.034
  neighbors: f499 f874 f256 f514 f873 f887 f888
- p9109(v72): -0.0085 -0.02 -0.019
  neighbors: f318 f2149 f624 f1027 f325 f1039 f1530 f1017 f1552 f1556 f1528 f1555 f2148 f2169 f2170 f4399 f4401
- p5291(v28): 0.019 -0.015 -0.038
  neighbors: f504 f512 f318 f473 f1942 f612 f503 f838 f836 f883 f1017 f1359 f1541 f1941 f2186 f2187
- p1407(v14): 0.015 -0.014 -0.038
  neighbors: f837 f836 f318 f1262 f2148 f2151
- p8077(v39): -0.023 -0.013 -0.014
  neighbors: f962 f958 f661 f325 f1555 f1557 f2201 f2202
- p9419(v18): -0.0087 -0.02 -0.011
  neighbors: f640 f646 f325 f1583 f348 f624 f1041 f1582 f1597 f2202 f2203
- p8168(v74): 0.0025 -0.02 -0.011
  neighbors: f635 f1219 f336 f1217 f749 f1202 f630 f1204 f1546 f1547
- p8685(v73): 0.00084 -0.02 -0.011
  neighbors: f1056 f630 f336 f1055 f2198 f4400
- p5230(v37): 0.0015 -0.02 -0.013
  neighbors: f336 f1546 f4400 f4402
- p855(v76): -0.023 -0.012 0.029
  neighbors: f1048 f1058 f348 f1057 f1047 f1595 f1597
- p8290(v38): -0.022 -0.012  0.03
  neighbors: f640 f348 f1044 f1048
- p4428(v77): -0.023 -0.012 -0.014
  neighbors: f990 f963 f352 f962 f661 f1512 f2690 f3253 f3719 f4037 f4039
- p9514(v69): -0.025 -0.011 -0.011
  neighbors: f987 f352 f963 f1489 f2620 f3157 f3158
- p5921(v35): -0.024 -0.01 -0.013
  neighbors: f352 f990 f987 f2069 f2068 f2084 f2644 f3164 f3244 f3721 f3722
- p7332(v82): 0.026 -0.0087 0.033
  neighbors: f700 f698 f377 f741 f739 f1134 f1135
- p4724(v81): 0.024 -0.0079 0.036
  neighbors: f921 f920 f377 f700 f518 f2309 f2838 f3100 f3101
- p6693(v32): 0.024 -0.011 0.032
  neighbors: f377 f739 f733 f918 f920
- p8489(v89): 0.0083 0.015 -0.00011
  neighbors: f774 f412 f1231 f1819 f1820
- p9323(v91): 0.022 0.012 0.029
  neighbors: f1758 f1772 f421 f1247 f2401 f2404
- p4406(v90):  0.02 0.015 0.0025
  neighbors: f421 f775 f1247 f1248
- p566(v93): 0.035 0.015 -0.00019
  neighbors: f431 f2875 f768 f3414 f2405 f1830 f1699 f2402 f2874 f3441 f3440 f3849 f3854 f3855
- p117(v48): 0.034 0.015 -0.0073
  neighbors: f1835 f431 f1904 f1903 f2875 f2876
- p342(v100):  0.02 0.014 -0.034
  neighbors: f469 f468 f832 f833
- p5304(v53): 0.016 -0.012 -0.038
  neighbors: f790 f469 f470 f468 f1263 f1264
- p9729(v27): 0.019 0.014 -0.034
  neighbors: f469 f1331 f1306 f833 f858 f790 f1330 f1305 f1342 f1344
- p4168(v101): 0.018 -0.012 -0.038
  neighbors: f470 f473 f472 f838 f1264 f4396
- p575(v104): 0.028 0.015 -0.034
  neighbors: f1307 f484 f1305 f1330 f1332
- p7325(v55): 0.032 0.015 -0.034
  neighbors: f864 f488 f857 f484 f855 f862 f1332 f1906 f1907
- p1817(v105): 0.032 0.015 -0.033
  neighbors: f488 f852 f855
- p2942(v54):  0.01 0.015 -0.032
  neighbors: f488 f840 f1328 f1327 f852 f862 f1334 f1912 f1913
- p9063(v108): 0.035 0.004 -0.034
  neighbors: f500 f499 f878 f874 f2526 f2525 f1935 f2528 f2529
- p4094(v107): 0.035 0.0076 -0.034
  neighbors: f500 f499 f888 f1362 f1363
- p6072(v57): 0.035 -0.011 -0.034
  neighbors: f500 f881 f878 f1362 f1364
- p4960(v109): 0.035 -0.015 -0.033
  neighbors: f1548 f1223 f503 f504 f749 f1357 f1810 f614 f1809 f1210 f1213 f1356 f1547 f2476 f2475 f3033 f3573 f3967 f3968
- p8268(v5): 0.035 -0.014 -0.034
  neighbors: f1365 f883 f503 f881 f1358 f1357 f1364 f1939 f1940
- p270(v26): 0.033 -0.015 -0.034
  neighbors: f504 f612 f614
- p1768(v110): 0.035 0.012 -0.034
  neighbors: f514 f512 f887 f1366 f1365 f1359 f1938 f1939
- p2933(v111): 0.023 -0.0095 0.035
  neighbors: f921 f919 f543 f518 f892 f2554 f2553 f3059 f3060
- p8941(v6): 0.024 -0.0084 0.036
  neighbors: f518 f2553 f3099 f3100
- p1725(v115): 0.023 -0.011 0.032
  neighbors: f546 f544 f538 f550 f916 f917
- p7630(v63): 0.023 -0.012  0.03
  neighbors: f538 f634 f550 f633 f736 f737
- p5722(v16): 0.022 -0.012 0.031
  neighbors: f546 f906 f1050 f633 f538 f1049 f1053 f1054
- p7282(v116): 0.022 -0.011 0.033
  neighbors: f907 f546 f543 f544 f892 f891 f906 f912 f1400 f3122 f3123
- p1336(v62): 0.023 -0.011 0.033
  neighbors: f543 f544 f916 f919
- p6622(v117): 0.024 -0.011 0.031
  neighbors: f736 f733 f550 f917 f918
- p7751(v130): 0.0014 -0.02 -0.02
  neighbors: f612 f1541 f614 f1548 f1549
- p2230(v132): -0.0082 -0.02 -0.012
  neighbors: f624 f1041 f4399 f4403
- p5800(v134): 0.022 -0.012 0.029
  neighbors: f630 f634 f635 f633 f1054 f1055
- p9844(v133): 0.033 -0.015 0.0025
  neighbors: f635 f634 f737 f1202 f1203
- p3114(v136): -0.02 -0.012 0.031
  neighbors: f640 f647 f646 f1044 f1051
- p1339(v137): -0.00043 -0.02 -0.011
  neighbors: f1056 f646 f647 f1052 f1582 f2198 f2199
- p8543(v75): 0.019 -0.012 0.031
  neighbors: f1051 f1050 f647 f1052 f1053
- p1742(v140): -0.023 -0.013 -0.015
  neighbors: f1558 f661 f1557 f2688 f2690
- p1460(v146): 0.035 -0.011 0.0046
  neighbors: f692 f693 f1661 f1662
- p6840(v80): 0.027 -0.0035 0.035
  neighbors: f1614 f692 f693 f1632 f2242 f2253 f2254
- p7647(v11): 0.035 -0.014 0.0031
  neighbors: f724 f1614 f696 f1664 f740 f692 f738 f1661 f3323 f3324
- p5793(v79): 0.035 -0.0071 0.0064
  neighbors: f693 f1132 f1632 f1131 f1663 f1662 f2245 f2246
- p8151(v147): 0.026 -0.0081 0.033
  neighbors: f696 f698 f740 f741
- p3933(v42): 0.026 -0.0063 0.036
  neighbors: f698 f696 f1134 f3323 f3325
- p2567(v148): 0.025 -0.0072 0.036
  neighbors: f1135 f700 f1690 f2308 f2309
- p6076(v153): 0.035 -0.014 0.0019
  neighbors: f738 f724 f732 f3571 f4426
- p332(v59): 0.035 -0.013 0.0028
  neighbors: f724 f1664 f2280 f4426 f4431
- p7817(v154): 0.035 -0.015 0.0019
  neighbors: f1800 f741 f1196 f732 f733 f1812 f1205 f736 f737 f738 f739 f740 f1811 f1798 f1203 f1816 f2481 f2482
- p8510(v86): 0.035 -0.014 0.00014
  neighbors: f732 f1802 f1196 f1801 f2473 f2472 f3032 f3571 f3572
- p5134(v156): 0.035 -0.015 -0.01
  neighbors: f1219 f749 f1218 f1223 f1817 f2477 f2478
- p7665(v158): 0.0058 0.015 -0.0028
  neighbors: f755 f1233 f1236
- p439(v160): 0.024 0.011  0.03
  neighbors: f2230 f768 f2403 f1830 f2951 f2953
- p2787(v43): 0.035 0.014 0.0028
  neighbors: f1142 f768 f1699 f2326 f2325 f1141 f3311 f2827 f2230 f2232 f2320 f2824 f3310 f3316 f3317
- p1494(v161): 0.0065 0.015 0.00033
  neighbors: f1248 f775 f774 f772 f1760 f1759 f1820 f1821
- p6241(v159): 0.0033 0.015 -0.00069
  neighbors: f1822 f772 f1314 f1821 f3036 f3578 f3579
- p388(v22): 0.0029 0.015 0.00014
  neighbors: f1761 f772 f1760 f2490 f3036 f3037
- p5732(v164): 0.014 -0.012 -0.038
  neighbors: f1342 f1263 f790 f2152 f2160
- p5712(v172): -0.013 0.015 -0.023
  neighbors: f1844 f822 f2487 f2488
- p3866(v99): -0.012 0.015 -0.023
  neighbors: f2487 f1869 f1888 f822 f2485 f3044 f3047
- p1760(v174): 0.021 0.014 -0.034
  neighbors: f832 f833 f1306 f1308
- p6405(v175): 0.017 -0.014 -0.038
  neighbors: f836 f837 f838 f4395 f4396
- p1887(v102): 0.016 -0.014 -0.038
  neighbors: f837 f1262 f4395
- p7832(v176): 0.0025 0.016 -0.029
  neighbors: f840 f1327 f842 f1320 f1319 f1310 f1309 f1898 f1905
- p160(v103): 0.0046 0.015 -0.031
  neighbors: f1912 f840 f1320 f2513 f2514
- p442(v178): 0.033 0.015 -0.033
  neighbors: f852 f1328 f857 f855 f856 f1899 f1900
- p364(v179): 0.019 0.015 -0.034
  neighbors: f858 f1341 f864 f1331 f1339 f1906 f1908
- p5024(v106): 0.017 0.015 -0.034
  neighbors: f1340 f858 f1339 f1345 f1344 f1909 f1910
- p4727(v180): 0.025 0.015 -0.034
  neighbors: f862 f1341 f864 f1334 f1340 f1909 f1911
- p6355(v182): 0.035 0.012 -0.033
  neighbors: f873 f874 f2525 f4423 f4432
- p1096(v183): 0.035 -0.012 -0.034
  neighbors: f881 f878 f1358 f1935 f1937
- p3861(v184): 0.034 -0.01 -0.034
  neighbors: f883 f1940 f1941
- p2261(v185): 0.035 -0.0031 -0.034
  neighbors: f888 f887 f1363 f1366
- p6060(v186): 0.021 -0.0098 0.035
  neighbors: f891 f892 f1945 f3061 f3060 f3129 f3130
- p9864(v31):  0.02 -0.01 0.034
  neighbors: f1946 f891 f1945 f3122 f3117 f3124 f3125
- p9846(v188): 0.021 -0.011 0.031
  neighbors: f1049 f906 f907 f1391 f1993 f1994
- p9364(v61): 0.019 -0.011 0.033
  neighbors: f907 f912 f1391 f1390 f1395 f1998 f1999
- p2030(v189): -0.02 -0.011 0.033
  neighbors: f1400 f1395 f912 f3116 f3119
- p1899(v190): 0.024 -0.011 0.033
  neighbors: f916 f917 f918 f919 f920 f921
- p6408(v195): -0.027 -0.0092 0.028
  neighbors: f943 f1429 f1465 f2049 f2050
- p5340(v121): -0.027 -0.009 0.028
  neighbors: f949 f1413 f1412 f943 f948 f1465 f2594 f2595
- p7366(v33): -0.026 -0.0094  0.03
  neighbors: f950 f1068 f943 f948 f1067 f1429 f2022 f2023
- p9806(v196): -0.026 -0.0089 0.031
  neighbors: f948 f949 f950 f1436 f2026 f2027
- p2737(v118): -0.027 -0.0068 0.031
  neighbors: f2579 f1436 f1413 f949 f1410 f1435 f2578 f2586 f2587
- p5893(v138): -0.025 -0.01 0.033
  neighbors: f1596 f1067 f950 f1058 f1595 f1591 f1590 f2027 f2610 f2611
- p1437(v197): -0.026 -0.002 -0.0086
  neighbors: f2034 f955 f1443 f959 f2036 f2035 f2032 f2626 f2628
- p522(v122): -0.026 0.00077 -0.0092
  neighbors: f967 f955 f1449 f1456 f1443 f1455 f2618 f2619
- p4409(v67): -0.027 0.00044 -0.0083
  neighbors: f2632 f1450 f955 f2629 f1449 f2064 f2628 f2631 f2636 f2637
- p8783(v198): -0.026 -0.011 -0.01
  neighbors: f958 f959 f963 f962 f2035 f3157 f3159
- p2718(v17): -0.026 -0.011 -0.0087
  neighbors: f2204 f2033 f959 f2032 f1463 f958 f1462 f2024 f2201 f2600 f2601
- p9851(v199): -0.026 0.0055 -0.0098
  neighbors: f1455 f967 f1495 f1499
- p9559(v13): -0.026 0.0024 -0.01
  neighbors: f1495 f967 f2618 f3643 f3646 f3648
- p483(v203): -0.025 -0.0098 -0.012
  neighbors: f987 f2068 f1489 f2073 f2074
- p1571(v204): -0.024 -0.011 -0.014
  neighbors: f990 f1512 f2644 f4040 f4041
- p2452(v209): -0.0015 -0.02 -0.02
  neighbors: f1017 f1553 f1552 f2186 f2188
- p5084(v211): -0.021 -0.013 -0.016
  neighbors: f1559 f1027 f1556 f1560 f1561
- p5821(v131): -0.02 -0.014 -0.018
  neighbors: f1027 f1039 f1561 f2745 f2746
- p5197(v213): -0.016 -0.015 -0.02
  neighbors: f2745 f1039 f1530 f3751 f3753
- p511(v214): -0.0074 -0.02 -0.011
  neighbors: f1041 f1583 f4403 f4406
- p9154(v215): -0.022 -0.012 0.031
  neighbors: f1044 f1397 f1051 f1047 f1048 f1049 f1050 f1993 f1997
- p1422(v10): -0.023 -0.011 0.033
  neighbors: f1397 f1047 f1057 f1991 f1586 f3118 f3120
- p964(v216): 0.022 -0.012  0.03
  neighbors: f1052 f1053 f1054 f1055 f1056
- p8279(v217): -0.024 -0.011 0.033
  neighbors: f1057 f1058 f1586 f1591 f1592
- p6736(v219): -0.024 -0.011 0.028
  neighbors: f1596 f1067 f1068 f2200 f2205
- p7182(v139): -0.025 -0.011 0.026
  neighbors: f2024 f1068 f2022 f2204 f2205
- p851(v232): 0.035 -0.0063 0.0063
  neighbors: f1673 f1133 f1131 f1132 f2283 f1685 f2282 f2303 f2304
- p5925(v228): 0.035 -0.006 0.0054
  neighbors: f1673 f1131 f1663 f2288 f2294 f2292 f2295 f2296
- p6104(v20): 0.027 0.00056 0.037
  neighbors: f1658 f1653 f1133 f1132 f2245 f2244 f2306 f2307
- p7797(v145): 0.035 0.0046 0.0063
  neighbors: f1133 f2303 f2307
- p5466(v233): 0.026 -0.0064 0.036
  neighbors: f1134 f1135 f1690 f3325 f3326
- p9765(v234): 0.035 0.014 -0.0014
  neighbors: f1141 f1142 f4422 f4429
- p3081(v83): 0.035 0.014 0.0035
  neighbors: f1680 f1651 f1668 f1141 f1654 f1657 f2825 f2827 f4422 f4428
- p7506(v149): 0.035 0.014 -0.0018
  neighbors: f1142 f2320 f2861 f3419 f3420 f4429 f4435
- p4364(v244): 0.035 -0.015 -0.009
  neighbors: f1798 f1196 f1797 f1802 f2467 f3026 f3028
- p241(v246): 0.034 -0.015 0.0018
  neighbors: f1202 f1203 f1204 f1205
- p6565(v21): 0.035 -0.015 -0.00012
  neighbors: f1218 f1205 f1204 f1217 f1816 f1817
- p484(v247): 0.035 -0.014 -0.03
  neighbors: f1210 f1356 f2470 f4427 f4436
- p9114(v155): 0.035 -0.014 -0.028
  neighbors: f1213 f1210 f1212 f2465 f1801 f2471 f2464 f2470 f2472 f2474
- p8243(v248): 0.035 -0.015 -0.03
  neighbors: f1212 f1213 f1800 f1799 f1810 f1812
- p4736(v45): 0.035 -0.015 -0.026
  neighbors: f1799 f1212 f1797 f2464 f3026 f3027
- p2368(v249): 0.034 -0.015 -0.0028
  neighbors: f1217 f1218 f1219
- p4030(v250): 0.035 -0.015 -0.015
  neighbors: f1223 f2475 f2477
- p9546(v253): 0.0049 0.015 -0.0022
  neighbors: f1819 f1231 f1236 f1233 f1885 f1886
- p4482(v256): 0.019 0.015 0.0025
  neighbors: f1247 f1248 f1758 f1759
- p8159(v258): 0.034 0.015 -0.018
  neighbors: f1837 f1835 f1257 f1902 f1903
- p435(v257): 0.035 0.015 -0.027
  neighbors: f2878 f2872 f1837 f1257 f2852 f3409 f3411
- p5764(v162): 0.034 0.015 -0.031
  neighbors: f1902 f1901 f1257 f2852 f2855
- p3557(v259): 0.015 -0.013 -0.038
  neighbors: f1264 f1262 f1263 f2151 f2152 f4395 f4396
- p9912(v263): -0.011 0.014 -0.024
  neighbors: f1863 f1286 f1855 f2164 f2166
- p4314(v260): -0.014 0.014 -0.023
  neighbors: f1850 f2121 f2185 f1840 f2184 f1863 f1848 f1286 f2120 f1841 f2486 f2489
- p3821(v95): -0.012 0.013 -0.024
  neighbors: f1286 f1840 f1857 f1855 f2732 f2733
- p8541(v264): -0.019 0.014 -0.017
  neighbors: f1291 f2669 f2670
- p2802(v267): 0.025 0.014 -0.034
  neighbors: f1305 f1306 f1307 f1308
- p9012(v268): -0.0052 0.016 -0.026
  neighbors: f1309 f1310 f1884 f1883 f1314 f1889 f3578 f3580
- p9891(v173): -0.0075 0.015 -0.026
  neighbors: f1319 f1889 f1310 f1318 f1888 f2483 f2485
- p4897(v157): 0.0036 0.015 -0.0032
  neighbors: f1822 f1314 f1884 f1887
- p6727(v269): -0.0037 0.015 -0.028
  neighbors: f1318 f1319 f1320 f1897 f2165 f2162 f2514 f2517
- p6902(v49): -0.0053 0.015 -0.027
  neighbors: f2167 f1318 f1861 f2165 f2483 f2484
- p5298(v271): 0.0083 0.015 -0.031
  neighbors: f1327 f1328 f1898 f1899
- p9961(v272): 0.024 0.015 -0.034
  neighbors: f1330 f1331 f1332 f1907 f1908
- p6858(v273): 0.013 0.015 -0.033
  neighbors: f1334 f1911 f1910 f1345 f1913 f1916
- p1876(v274): 0.023 0.015 -0.034
  neighbors: f1339 f1340 f1341
- p7521(v275): 0.013 0.015 -0.033
  neighbors: f1342 f1916 f1344 f1345 f1915 f2161 f2160 f2520 f2521
- p3147(v277): 0.035 -0.013 -0.033
  neighbors: f1357 f1937 f1358 f1356 f2530 f4425 f4427
- p9639(v278): 0.035 0.0016 -0.034
  neighbors: f1359 f1938 f1942
- p2597(v279): 0.035 -0.009 -0.034
  neighbors: f1362 f1363 f1364 f1365 f1366
- p8848(v284): 0.018 -0.011 0.032
  neighbors: f1390 f1391 f1994 f1995
- p3836(v114): -0.02 -0.011 0.032
  neighbors: f1996 f1390 f1995 f1998 f2000
- p626(v285): -0.021 -0.011 0.032
  neighbors: f1997 f1395 f2000 f1397 f1996 f1999 f3118 f3119
- p1865(v286): -0.019 -0.011 0.033
  neighbors: f1400 f3116 f3123
- p8119(v288): -0.027 -0.0073 0.029
  neighbors: f1413 f1410 f2013 f1412 f2591 f2592
- p491(v191): -0.027 -0.0067 0.027
  neighbors: f1410 f2013 f2578 f2590 f4410 f4417
- p3733(v64): -0.027 -0.0085 0.026
  neighbors: f1412 f2592 f2594
- p9705(v290): -0.026 -0.004 0.038
  neighbors: f2541 f1422 f1421 f3606 f3605 f3609 f3610
- p6164(v289): -0.027 -0.0016 0.037
  neighbors: f2460 f1422 f2580 f1421 f3954 f3956
- p4416(v120): -0.025 -0.0032 0.038
  neighbors: f1421 f3088 f2461 f2541 f2460 f3623 f3983 f3985
- p907(v193): -0.027 -0.0032 0.036
  neighbors: f1422 f1435 f2588 f2581 f2580 f2587 f2607 f3608 f3609
- p6712(v291): -0.025 -0.0074 0.036
  neighbors: f2019 f3141 f2015 f1427 f2575 f3140 f3142 f3143
- p7664(v194): -0.025 -0.008 0.035
  neighbors: f1427 f3144 f3142 f3148 f3150
- p7568(v119): -0.025 -0.0094 0.034
  neighbors: f1590 f1427 f1988 f2576 f2575 f2610 f3148 f3149
- p7076(v292): -0.026 -0.01 0.025
  neighbors: f2051 f1429 f1463 f2023 f2049 f2600 f2602
- p4917(v293): -0.027 -0.0077 0.033
  neighbors: f2026 f1436 f1435 f2603 f2607
- p8689(v295): -0.026 -0.0039 -0.0097
  neighbors: f1443 f2036 f2615 f2619
- p2558(v296): -0.026 0.0019 -0.0091
  neighbors: f1449 f1450 f1456 f1457
- p919(v200): -0.026 0.0035 -0.009
  neighbors: f1450 f1457 f2059 f2631 f2633
- p9871(v297): -0.026 0.0071 -0.0094
  neighbors: f1499 f1498 f1457 f1455 f1456 f2059 f2060
- p6270(v298): -0.027 -0.0097 -0.0067
  neighbors: f1458 f2051 f2050 f1461 f1462 f1463 f2043 f1465 f2042 f2593 f2595
- p6547(v66): -0.027 -0.0095 -0.0064
  neighbors: f1458 f2593 f4409 f4411
- p9422(v34): -0.027 0.00051 -0.0067
  neighbors: f2042 f1458 f2055 f4409 f4412
- p9259(v294): -0.027 -0.0095 -0.0081
  neighbors: f2034 f1462 f1461 f2033 f2044 f2626 f2627
- p9658(v124): -0.027 -0.0086 -0.0075
  neighbors: f1461 f2043 f2044
- p6593(v301): -0.027 0.011 -0.007
  neighbors: f1479 f2063 f1729 f1728 f2061 f2341 f2342
- p7397(v202): -0.027 0.0081 -0.006
  neighbors: f2062 f2053 f1479 f2063 f3446 f4415
- p2372(v125): -0.027 0.0098 -0.005
  neighbors: f1707 f2349 f1479 f1729 f2889 f2900 f2899 f3446 f3447
- p4925(v303): -0.025 -0.0076 -0.011
  neighbors: f1489 f2073 f2072 f2616 f2620
- p4923(v304): -0.026 0.008 -0.01
  neighbors: f1498 f1495 f1499 f3643 f3649 f3650
- p1575(v51): -0.026 0.011 -0.0097
  neighbors: f2095 f2895 f1498 f3174 f3637 f2061 f2060 f2341 f2894 f3650 f3651
- p4694(v306): -0.023 -0.012 -0.014
  neighbors: f1512 f4039 f4040
- p4011(v310): -0.0092 -0.019 -0.02
  neighbors: f1528 f1529 f1530 f2174 f3753 f3754
- p9651(v207): -0.007 -0.015 -0.026
  neighbors: f1529 f2727 f1528 f2169 f2726 f3268 f3270
- p4122(v129): -0.01 -0.015 -0.024
  neighbors: f2174 f3271 f1529 f3270 f3275 f3755 f3756
- p4096(v313): 0.00092 -0.02 -0.02
  neighbors: f1541 f1554 f1550 f1549 f1553 f2187 f2188
- p1835(v314): 0.0022 -0.02 -0.016
  neighbors: f1546 f1547 f1548 f1549 f1550 f4402 f4404
- p7522(v210): 0.00069 -0.02 -0.018
  neighbors: f1550 f1554 f4404 f4405
- p1428(v315): -0.0014 -0.02 -0.02
  neighbors: f1552 f1553 f1554 f4401 f4405
- p3018(v316): -0.022 -0.013 -0.016
  neighbors: f1555 f1556 f1557 f1558 f1559
- p3491(v8): -0.021 -0.013 -0.017
  neighbors: f2142 f1560 f1559 f1558 f2688 f2716 f2715 f3229 f3230
- p9847(v317): -0.02 -0.014 -0.017
  neighbors: f1560 f1561 f2715 f2743 f2746
- p5063(v320): -0.0049 -0.02 -0.011
  neighbors: f1582 f1583 f2199 f4406
- p3515(v321): -0.023 -0.011 0.033
  neighbors: f1586 f1592 f1989 f1991
- p8964(v322): -0.024 -0.01 0.034
  neighbors: f1590 f1591 f1592 f1988 f1989
- p6368(v323): -0.024 -0.012 0.028
  neighbors: f1595 f1596 f1597 f2200 f2203
- p1504(v324): 0.023 -0.0031 0.039
  neighbors: f1600 f2207 f2224 f2212 f2767 f2770
- p8875(v220):  0.02 -0.0028  0.04
  neighbors: f3980 f1781 f1600 f2207 f2429 f2985 f3979 f4153 f4154
- p6900(v78): 0.022 -0.00084  0.04
  neighbors: f4097 f2434 f2212 f1600 f1781 f3353 f4094 f4337 f4338
- p7385(v326): 0.026 -0.0044 0.036
  neighbors: f2242 f3319 f1614 f3318 f3322 f3324
- p6247(v329): 0.027 -0.0014 0.037
  neighbors: f1632 f2246 f2253 f2785 f3328 f3329
- p3711(v330): 0.025 -0.0009 0.039
  neighbors: f1633 f2257 f2255 f3789 f3790
- p4396(v222): 0.026 -0.0024 0.038
  neighbors: f3321 f1633 f2258 f3320 f2846 f2257 f2777 f2783 f2845 f3330 f3331
- p277(v142): 0.025 -0.0024 0.039
  neighbors: f2847 f2227 f1633 f2845 f3789 f4073 f4074
- p3159(v333): 0.026 0.0049 0.036
  neighbors: f1652 f1651 f2825 f2826
- p7775(v227): 0.027 0.0046 0.036
  neighbors: f1652 f1654 f1651 f3337 f3339
- p3886(v143): 0.026 0.0056 0.036
  neighbors: f1652 f3391 f3339 f2826 f4211 f4305 f4306
- p5693(v334): 0.027 0.0024 0.036
  neighbors: f1653 f1654 f1659 f1658 f1657 f2791 f3337 f3338
- p2910(v224): 0.027 0.00047 0.037
  neighbors: f2782 f1653 f2244 f2781 f2790 f2791
- p9753(v229): 0.035  0.01 0.0048
  neighbors: f1659 f1668 f1669 f1657 f1677 f2289 f2290
- p4215(v41): 0.035 0.0074 0.0059
  neighbors: f1659 f2284 f1658 f1685 f2282 f1677 f2305 f2306
- p468(v335): 0.035 -0.011 0.0041
  neighbors: f2281 f1661 f1662 f1663 f1664 f2294 f2293 f2280 f2302 f2835 f2837
- p5995(v336): 0.035 0.0087 0.0045
  neighbors: f1669 f1668 f1680 f2298 f2299
- p8992(v144): 0.035 -0.0068 0.0043
  neighbors: f2293 f2289 f1669 f2298 f2835 f2836
- p3536(v337): 0.035 0.0033 0.0057
  neighbors: f1673 f2285 f2283 f2295 f2297
- p2016(v338): 0.035 0.0074 0.0054
  neighbors: f2285 f2288 f2291 f1677 f2284 f2290 f2296 f2297
- p8715(v339): 0.035 0.012 0.0037
  neighbors: f1680 f2299 f4428 f4434
- p5353(v340): 0.035 0.0031 0.0061
  neighbors: f1685 f2304 f2305
- p4173(v341): 0.026 -0.0059 0.037
  neighbors: f2846 f2777 f2308 f1690 f2844 f3326 f3327
- p6431(v343): 0.035 0.015 -0.00055
  neighbors: f3429 f1699 f2325 f3418 f3427 f3439 f3440
- p2985(v344): -0.027 0.0074 0.029
  neighbors: f1713 f2889 f2893 f1707 f1712 f2891 f3443 f3444
- p7729(v236): -0.027 0.0078 0.029
  neighbors: f1707 f1713 f2347 f2899 f2901
- p4277(v345): -0.027 0.0074 0.031
  neighbors: f2347 f1713 f1712 f2345 f3009 f3008 f3014 f3015
- p4487(v192): -0.027 0.0026 0.035
  neighbors: f1712 f2005 f2893 f2004 f2892 f3014 f3556 f3945 f3946
- p4056(v346): -0.025 0.011 0.029
  neighbors: f2352 f2096 f1716 f2095 f2894 f2897
- p2023(v169): -0.024 0.012 0.028
  neighbors: f2096 f1716 f2092 f2672 f2673
- p523(v348): -0.026 0.0095 0.028
  neighbors: f1724 f1729 f1728 f2346 f2349
- p3038(v237): -0.026  0.01 0.029
  neighbors: f1728 f2342 f1724 f3449 f3452
- p4153(v150): -0.026 0.009 0.032
  neighbors: f3010 f3453 f2345 f2346 f1724 f3008 f3452 f3528 f3529
- p8726(v354): -0.022 0.012 0.029
  neighbors: f1773 f1758 f1759 f1760 f1761 f1762 f1772 f1767 f1872 f1870 f2955 f2961
- p4999(v170): 0.00062 0.015 0.00027
  neighbors: f1762 f1761 f1873 f2490 f2491
- p6424(v98): -0.0018 0.015 -0.00094
  neighbors: f2499 f1767 f1762 f1873 f2504 f2505
- p1386(v171): -0.0096 0.015 -0.015
  neighbors: f1767 f1870 f2503 f2505
- p9306(v355): 0.021 0.012  0.03
  neighbors: f2401 f1773 f1772 f2974 f2980 f2981
- p9488(v241): -0.02 0.012  0.03
  neighbors: f1773 f2955 f2978 f2980
- p9440(v357):  0.02 -0.0014  0.04
  neighbors: f1781 f2429 f2434 f2986 f2987
- p2602(v360): 0.035 -0.015 -0.011
  neighbors: f1797 f1798 f1799 f1800
- p5867(v361): 0.035 -0.014 -0.0083
  neighbors: f1801 f1802 f2465 f2467
- p4481(v363): 0.035 -0.015 -0.03
  neighbors: f1809 f1810 f1811 f1812
- p3314(v245): 0.035 -0.015 -0.027
  neighbors: f1811 f1809 f2481 f3965 f3967
- p6447(v364): 0.035 -0.015 0.00012
  neighbors: f1817 f2478 f2476 f1816 f2482 f3033 f3035
- p5382(v365): 0.0045 0.015 -0.0018
  neighbors: f1819 f1820 f1821 f1822 f1886 f1887
- p4714(v367): 0.023 0.012 0.029
  neighbors: f1830 f2402 f2403
- p8471(v368): 0.035 0.015 -0.015
  neighbors: f1837 f1835 f2872 f2876
- p701(v369): -0.012 0.012 -0.024
  neighbors: f1840 f2184 f2733 f2734
- p3584(v370): -0.015 0.015 -0.022
  neighbors: f1841 f1844 f2489 f2488 f3200 f3201
- p9402(v25): -0.017 0.014 -0.02
  neighbors: f2687 f2120 f1841 f2686 f3198 f3200
- p7963(v372): -0.014 0.0095 -0.023
  neighbors: f1848 f1850 f3304 f3307
- p8800(v165): -0.015  0.01 -0.022
  neighbors: f2121 f2763 f1848 f2750 f2749 f3303 f3304
- p9529(v371): -0.014 -0.0095 -0.022
  neighbors: f3287 f1850 f2185 f3285 f3286 f3307 f3309
- p8425(v374): -0.011 0.013 -0.024
  neighbors: f1855 f1858 f1857 f2163 f2164
- p4561(v311): -0.012 -0.013 -0.024
  neighbors: f2158 f2154 f1858 f1857 f2729 f2732
- p1500(v167): -0.011 -0.01 -0.024
  neighbors: f1858 f2158 f2163
- p697(v375): -0.0095 0.014 -0.025
  neighbors: f2168 f2166 f1861 f1863 f2484 f2486
- p9370(v262): -0.006 0.015 -0.027
  neighbors: f1861 f2167 f2168
- p7696(v376): -0.013 0.015 -0.021
  neighbors: f2503 f1872 f1869 f1870 f1871 f3043 f3044
- p3614(v377): 0.00016 0.015 -0.0016
  neighbors: f1873 f2499 f2491 f3590 f3588 f3972 f3973
- p9151(v379): -0.00049 0.016 -0.028
  neighbors: f1883 f1884 f1885 f1886 f1887
- p5730(v380): -0.0071 0.015 -0.025
  neighbors: f1888 f1889 f3581 f3580 f3047 f3582 f3585
- p5738(v381): -0.00061 0.014 -0.029
  neighbors: f1897 f2159 f2162
- p5850(v177): 0.00037 0.015 -0.029
  neighbors: f2159 f1897 f2156 f2517 f2518
- p2878(v382): 0.0045 0.016 -0.03
  neighbors: f1898 f1899 f1900 f1901 f1902 f1903 f1904 f1905
- p4576(v383): 0.024 0.015 -0.034
  neighbors: f1906 f1907 f1908
- p4250(v384): 0.016 0.015 -0.033
  neighbors: f1909 f1910 f1911
- p6460(v385): 0.0086 0.015 -0.032
  neighbors: f1912 f1913 f1916 f1915 f2513 f2515
- p2799(v181): 0.0098 0.015 -0.032
  neighbors: f2520 f1915 f2515 f3053 f3055
- p8266(v390): 0.035 -0.005 -0.034
  neighbors: f1935 f1937 f2529 f2530
- p8755(v391): 0.035 -0.0016 -0.034
  neighbors: f1938 f1939 f1940 f1941 f1942
- p104(v392):  0.02 -0.0099 0.035
  neighbors: f1946 f1945 f3126 f3129
- p8577(v280):  0.02 -0.0099 0.035
  neighbors: f1946 f3124 f3126
- p4903(v397): 0.019 -0.009 0.036
  neighbors: f1968 f1969 f1973 f2551 f2552
- p6569(v281): 0.022 -0.0092 0.036
  neighbors: f2554 f2552 f2531 f1968 f3057 f3059
- p9867(v113): -0.018 -0.0095 0.035
  neighbors: f1969 f1968 f1983 f1977 f2531 f2532
- p1113(v283): -0.022 -0.0089 0.036
  neighbors: f1977 f1969 f1973 f1990 f2573 f2574
- p1189(v187): -0.023 -0.0079 0.037
  neighbors: f1973 f3096 f2551 f2598 f2573 f2596 f3625 f3627
- p6929(v398): -0.021 -0.0098 0.035
  neighbors: f1990 f1977 f1983 f3127 f3131
- p1262(v393): 0.021 -0.0096 0.035
  neighbors: f2532 f3061 f1983 f3058 f3130 f3131
- p879(v399): -0.023 -0.0096 0.035
  neighbors: f3121 f2576 f1991 f1988 f1989 f1990 f2574 f3120 f3127 f3128
- p5586(v400): -0.02 -0.011 0.031
  neighbors: f1993 f1994 f1995 f1996 f1997
- p1207(v401): -0.021 -0.011 0.032
  neighbors: f1998 f1999 f2000
- p5220(v403): -0.027 -0.0017 0.035
  neighbors: f2004 f2005 f2583 f2581 f2585 f2588
- p6836(v19): -0.027 0.00051 0.036
  neighbors: f2583 f3945 f2004 f3951 f3955
- p3131(v287): -0.027 -0.00014 0.035
  neighbors: f2585 f2584 f2005 f2892 f4413 f4414
- p1180(v404): -0.027 -0.007 0.025
  neighbors: f2013 f2590 f2591
- p5580(v405): -0.025 -0.0073 0.036
  neighbors: f2015 f3143 f3146
- p9460(v65): -0.025 -0.0064 0.037
  neighbors: f2015 f3146 f3612 f2019 f3611 f3616 f3618
- p9640(v406): -0.024 -0.0064 0.038
  neighbors: f3136 f3140 f2019 f3133 f3138 f3614 f3616
- p9550(v407): -0.026 -0.011 0.026
  neighbors: f2022 f2023 f2024 f2601 f2602
- p7462(v408): -0.026 -0.0082 0.034
  neighbors: f2026 f2027 f2603 f2611 f2614
- p6830(v409): -0.026 -0.0056 -0.0086
  neighbors: f2032 f2033 f2034
- p3323(v410): -0.026 -0.0057 -0.0099
  neighbors: f2035 f2036 f2615 f3159 f3160
- p5642(v411): -0.027 -0.0024 -0.0073
  neighbors: f2056 f2042 f2043 f2044 f2055 f2627 f2630
- p9144(v412): -0.026 -0.0098 0.026
  neighbors: f2049 f2050 f2051
- p8341(v413): -0.027 0.0026 -0.0067
  neighbors: f2053 f2054 f2055 f2056 f4412 f4415
- p1987(v300): -0.027 0.0045 -0.0071
  neighbors: f2054 f2053 f2062 f2065 f2634 f2635
- p3421(v201): -0.027 0.00099 -0.0074
  neighbors: f2056 f2065 f2054 f2064 f2629 f2630
- p7535(v414): -0.027 0.0099 -0.0082
  neighbors: f2063 f2633 f2059 f2060 f2061 f2062 f2632 f2634 f2636
- p1629(v415): -0.027 0.0038 -0.0074
  neighbors: f2064 f2065 f2635 f2637
- p2901(v416): -0.024 -0.0089 -0.013
  neighbors: f2068 f2069 f2074 f2075
- p8922(v302): -0.024 -0.0067 -0.013
  neighbors: f3162 f2069 f2075 f2084 f2071 f2638 f3724 f3725
- p2316(v417): -0.025 -0.0085 -0.012
  neighbors: f2071 f2072 f2073 f2074 f2075
- p2042(v126): -0.025 -0.00064 -0.012
  neighbors: f2072 f2639 f2071 f2616 f2638 f3641 f3642
- p568(v419): -0.024 -0.0072 -0.013
  neighbors: f2084 f3164 f3723 f3724
- p3612(v421): -0.024 0.012 -0.012
  neighbors: f2668 f2092 f2095 f2096 f3174 f3193 f3197
- p9409(v97): -0.022 0.013 -0.013
  neighbors: f2092 f2668 f2673
- p6691(v425): -0.017 0.012 -0.021
  neighbors: f2751 f2120 f2121 f2687 f2753 f2749 f2752 f3689 f3690
- p5168(v428): -0.018 -0.011 -0.02
  neighbors: f2133 f2131 f3267 f3265 f3764 f3765
- p6144(v308): -0.019 -0.012 -0.019
  neighbors: f3183 f3181 f2131 f3763 f3764
- p7620(v206): -0.019 -0.0055 -0.019
  neighbors: f2133 f3182 f2662 f2131 f3181 f3693 f3692 f4027 f4029
- p9860(v426): -0.018 -0.007 -0.02
  neighbors: f3266 f2133 f3294 f3265 f3289 f3691 f3692
- p1544(v430): -0.02 -0.013 -0.018
  neighbors: f2716 f2142 f2146 f3187 f3668 f3669
- p8438(v127): -0.02 -0.012 -0.017
  neighbors: f2146 f2142 f3231 f3230 f3233 f3703 f3704
- p8818(v427): -0.02 -0.011 -0.018
  neighbors: f2146 f3188 f3187 f3233 f3234
- p2377(v431): 0.012 -0.013 -0.038
  neighbors: f2148 f2149 f2168 f2151 f2152 f2523 f2154 f2522 f2156 f2172 f2158 f2159 f2160 f2161 f2162 f2163 f2164 f2165 f2166 f2167 f2728 f2721 f2726 f3268 f3269
- p7305(v309): -0.0021 -0.016 -0.028
  neighbors: f2149 f2170 f2172
- p6353(v208): -0.011 -0.014 -0.024
  neighbors: f2721 f2154 f2729 f3272 f3273
- p2212(v388): 0.0054 0.015 -0.031
  neighbors: f2518 f2156 f2523 f3054 f3056
- p8750(v386):  0.01 0.014 -0.033
  neighbors: f2161 f2521 f2522
- p1699(v432): -0.0047 -0.016 -0.027
  neighbors: f2169 f2170 f2172 f2727 f2728
- p9723(v433): -0.011 -0.015 -0.024
  neighbors: f2174 f3754 f3755
- p3233(v434): -0.013 -0.014 -0.023
  neighbors: f3277 f2184 f2734 f2185 f3274 f3286 f3288
- p3402(v435): 0.00062 -0.02 -0.02
  neighbors: f2186 f2187 f2188
- p2330(v437): -0.0013 -0.02 -0.011
  neighbors: f2198 f2199 f4399 f4400 f4401 f4402 f4403 f4404 f4405 f4406
- p9942(v438): -0.025 -0.012 -0.011
  neighbors: f2200 f2201 f2202 f2203 f2204 f2205
- p5643(v439): 0.021 -0.0037 0.039
  neighbors: f3074 f2207 f3078 f3076 f2767 f3072 f4152 f4154
- p2358(v440): 0.023 -0.0024  0.04
  neighbors: f2225 f2212 f2224 f3349 f3348 f3353 f3354
- p4182(v442): 0.024 -0.0037 0.039
  neighbors: f2227 f2223 f2224 f2225 f2770 f2769 f2847 f3400 f3401
- p541(v325): 0.024 -0.0055 0.038
  neighbors: f2840 f2223 f3398 f3400
- p7316(v221): 0.024 -0.0057 0.038
  neighbors: f2769 f3098 f2840 f2768 f2223 f3097 f3105 f3106
- p935(v441): 0.024 -0.0025 0.039
  neighbors: f2227 f2225 f3348 f4072 f4073
- p7104(v443): 0.024 0.011 0.032
  neighbors: f2772 f3312 f2230 f2371 f2953 f2952 f3310 f3394 f3395
- p9147(v444): 0.026 0.0089 0.034
  neighbors: f2232 f2829 f3315 f3316
- p1282(v223): 0.026 0.0086 0.034
  neighbors: f2824 f2823 f2232 f2828 f2829
- p3449(v446): 0.026 -0.0031 0.037
  neighbors: f2242 f2254 f3320 f3318 f3331 f3332
- p7779(v447): 0.027 -0.00082 0.037
  neighbors: f2244 f2245 f2246 f2782 f2785
- p7623(v448): 0.027 -0.0019 0.037
  neighbors: f2254 f2253 f3328 f3332
- p1301(v449): 0.026 0.0002 0.039
  neighbors: f2255 f2258 f2257 f4061 f3333 f4203 f4205
- p6779(v225): 0.025 0.0002 0.039
  neighbors: f3791 f2255 f3790 f3358 f4205 f4206
- p5356(v331): 0.026 0.00033 0.038
  neighbors: f2258 f2783 f2781 f2790 f3333 f3334
- p7648(v453): 0.035 -0.01 0.0035
  neighbors: f2280 f2281 f4431 f4433
- p5314(v230): 0.035 -0.0049 0.0038
  neighbors: f2281 f2302 f4424 f4433
- p445(v454): 0.035 0.0055 0.0058
  neighbors: f2282 f2283 f2284 f2285
- p3456(v455): 0.035 -0.00088 0.0053
  neighbors: f2288 f2291 f2292
- p9986(v456): 0.035 -0.0066 0.0046
  neighbors: f2289 f2290 f2291 f2292 f2293 f2294
- p7490(v457): 0.035 0.0041 0.0056
  neighbors: f2295 f2296 f2297
- p2687(v458): 0.035 0.0048 0.0038
  neighbors: f2298 f2299 f2302 f2836 f2837 f4424 f4434
- p7721(v459): 0.035 0.0065 0.0061
  neighbors: f2303 f2304 f2305 f2306 f2307
- p8206(v460): 0.025 -0.0063 0.037
  neighbors: f2308 f2309 f2838 f2844 f3402 f3403
- p6626(v462): 0.035 0.014 -0.00098
  neighbors: f2320 f2326 f2324 f2861 f3857 f3858
- p6333(v463): 0.035 0.015 -0.0013
  neighbors: f2326 f2866 f2324 f2325 f3428 f3427 f3433 f3434
- p1331(v342): 0.035 0.014 -0.021
  neighbors: f2856 f2324 f3436 f2853 f3435 f2866 f2870 f3857 f3859
- p2088(v467): -0.026 0.011 0.029
  neighbors: f2895 f2341 f2342 f3448 f3449
- p4268(v468): -0.027 0.0086 0.029
  neighbors: f2345 f2346 f2347 f2349 f2900 f2901
- p7030(v469): -0.024 0.011 0.031
  neighbors: f2355 f2351 f2352 f2353 f2354 f2897 f3450 f3451
- p8557(v238): -0.023 0.011 0.031
  neighbors: f2355 f2351 f2357 f2954 f2959
- p243(v349): -0.025  0.01 0.032
  neighbors: f2353 f3453 f3450 f3528 f3530
- p8614(v85): -0.024  0.01 0.034
  neighbors: f2354 f2353 f2387 f3515 f3514 f3530 f3531
- p9508(v350): -0.023 0.011 0.033
  neighbors: f2357 f2355 f2356 f2354 f2387 f2390
- p8794(v470): -0.023 0.011 0.031
  neighbors: f2356 f2357 f2954 f2957
- p2924(v151): -0.023 0.011 0.032
  neighbors: f2391 f2356 f2390 f2420 f2419 f2957 f2958
- p9211(v473): 0.023 0.011 0.033
  neighbors: f2371 f3469 f2908 f3395 f3472 f3868 f3869
- p4202(v44): 0.023 0.011 0.033
  neighbors: f2909 f2908 f2371 f2952 f3459 f3460
- p9477(v475): -0.023  0.01 0.034
  neighbors: f2391 f2390 f3484 f2387 f3483 f3514 f3898 f3899
- p8074(v471): -0.019 0.011 0.033
  neighbors: f2419 f3485 f2391 f2904 f2924 f3484 f3912 f3913
- p3839(v477): 0.022 0.012  0.03
  neighbors: f2951 f2401 f2402 f2403 f2404 f2405 f2948 f2973 f2974
- p5204(v479): -0.02 0.011 0.032
  neighbors: f2968 f2419 f2420 f3911 f3912
- p4943(v478): -0.021 0.012 0.031
  neighbors: f2968 f2420 f2958 f2967 f2976 f2979
- p2890(v482): 0.019 -0.0025  0.04
  neighbors: f2429 f2985 f2986
- p1528(v483): -0.02 -0.0014  0.04
  neighbors: f3981 f2987 f3886 f2434 f3978 f4097 f4098
- p5595(v486): -0.026 0.0056 0.036
  neighbors: f3549 f3009 f2454 f3015 f3548 f3559 f3560
- p1597(v485): -0.025 0.0065 0.037
  neighbors: f2999 f2454 f3548 f3005 f3931 f3937 f3938
- p6446(v359): -0.026 0.0045 0.037
  neighbors: f2454 f3533 f2999 f3559 f3952 f3953
- p169(v487): -0.026 0.00085 0.038
  neighbors: f3954 f3916 f2461 f2460 f3950 f4265 f4266
- p7614(v484): -0.025 -0.00046 0.039
  neighbors: f2461 f3094 f3919 f3916 f3985 f3986
- p5025(v488): 0.035 -0.015 -0.016
  neighbors: f2464 f2465 f2467 f3027 f3028
- p6467(v489): 0.035 -0.014 -0.024
  neighbors: f2471 f2470 f3030 f4436 f4439
- p5110(v362): 0.035 -0.014 -0.015
  neighbors: f2471 f2474 f2473 f3030 f3032
- p6388(v490): 0.035 -0.014 -0.013
  neighbors: f2472 f2473 f2474
- p978(v491): 0.035 -0.015 -0.011
  neighbors: f2475 f2476 f2477 f2478
- p3893(v492): 0.035 -0.015 -0.0017
  neighbors: f3035 f2482 f2481 f3574 f3965 f3966
- p6181(v493): -0.0099 0.015 -0.025
  neighbors: f2483 f2484 f2485 f2486 f2487 f2488 f2489
- p3605(v494): 0.0013 0.015 -0.00059
  neighbors: f2490 f2491 f3581 f3577 f3037 f3585 f3973 f3974
- p4799(v495): -0.002 0.015 -0.0035
  neighbors: f2504 f2499 f3046 f3045 f3590 f3591
- p9553(v496): -0.011 0.015 -0.019
  neighbors: f2505 f2504 f2503 f3043 f3045
- p2270(v498): 0.005 0.015 -0.031
  neighbors: f2513 f2514 f2515 f2518 f2517 f3053 f3054
- p5130(v499): 0.0076 0.015 -0.032
  neighbors: f2523 f2520 f2521 f2522 f3055 f3056
- p407(v500): 0.035 0.006 -0.033
  neighbors: f2525 f2526 f4432 f4437
- p3429(v389): 0.035 0.0039 -0.033
  neighbors: f2526 f2528 f4437 f4438
- p5001(v501): 0.035 -0.0092 -0.033
  neighbors: f2528 f2529 f2530 f4425 f4438
- p7931(v502):  0.02 -0.0095 0.035
  neighbors: f2531 f2532 f3057 f3058
- p3388(v504): -0.025 -0.0043 0.038
  neighbors: f3088 f3607 f2541 f3605 f3617 f3619
- p7358(v506): 0.023 -0.0083 0.037
  neighbors: f2554 f2551 f2552 f2553 f3096 f3099
- p1962(v508): -0.02 -0.0062 0.038
  neighbors: f3108 f2561 f3113 f3629 f3630
- p941(v396):  0.02 -0.0066 0.038
  neighbors: f3097 f3628 f3626 f3106 f2561 f3104 f3629 f3631
- p1517(v282): -0.023 -0.0066 0.038
  neighbors: f2561 f3108 f3134 f3107 f3065 f2596 f3132 f3627 f3628
- p9905(v510): -0.024 -0.0084 0.036
  neighbors: f2576 f2598 f2573 f2574 f2575 f3139 f3141
- p314(v511): -0.027 -0.0052 0.029
  neighbors: f2578 f2579 f4410 f4416
- p3738(v402): -0.027 -0.001 0.034
  neighbors: f2579 f2584 f2586 f4414 f4416
- p903(v512): -0.027 9.9e-05 0.036
  neighbors: f2580 f2581 f2583 f3955 f3956
- p1082(v513): -0.027 -0.0025 0.035
  neighbors: f2584 f2585 f2586 f2587 f2588
- p4380(v514): -0.027 -0.0095 -0.0047
  neighbors: f2590 f2591 f2592 f2593 f2594 f2595 f4411 f4417
- p722(v515): -0.023 -0.0074 0.037
  neighbors: f2596 f3133 f2598 f3132 f3138 f3139
- p4433(v516): -0.026 -0.01 0.025
  neighbors: f2600 f2601 f2602
- p853(v517): -0.026 -0.007 0.035
  neighbors: f2603 f2614 f3145 f2607 f3608 f3613
- p7906(v518): -0.026 -0.0082 0.035
  neighbors: f2610 f2611 f3145 f2614 f3144 f3149 f3150
- p7701(v519): -0.025 -0.00024 -0.011
  neighbors: f2615 f2616 f3160 f2618 f2619 f2620 f3642 f3158 f3640 f3646 f3647
- p328(v520): -0.027 -0.00097 -0.0075
  neighbors: f2626 f2627 f2628 f2629 f2630
- p6950(v521): -0.027 0.0059 -0.0083
  neighbors: f2631 f2632 f2633
- p1451(v522): -0.027 0.0087 -0.008
  neighbors: f2634 f2635 f2636 f2637
- p1638(v523): -0.025 -0.00077 -0.012
  neighbors: f2638 f2639 f3162 f3726 f3727
- p60(v418): -0.025 0.00036 -0.012
  neighbors: f3641 f3998 f3992 f3727 f2639 f2652 f4004 f4007
- p257(v524): -0.024 -0.0096 -0.013
  neighbors: f2644 f3244 f4041 f4042
- p642(v526): -0.025 0.006 -0.012
  neighbors: f2652 f3660 f3998 f3999
- p5535(v205): -0.024 0.0034 -0.013
  neighbors: f3660 f3659 f2652 f4004 f4005
- p5079(v528): -0.02 -0.0048 -0.018
  neighbors: f3664 f2662 f3182 f3186 f3663 f3666 f3667
- p4137(v422): -0.02 0.005 -0.018
  neighbors: f3225 f2662 f3186 f4030 f4029 f4157 f4155 f4169 f4170
- p7280(v529): -0.02 0.014 -0.018
  neighbors: f3193 f3202 f2668 f2669 f2670 f2673 f2672 f3670 f3672
- p1204(v531): -0.018 0.013 -0.02
  neighbors: f2687 f2686 f3675 f3674 f3690 f3688 f3694 f3695
- p5716(v423): -0.019 0.014 -0.019
  neighbors: f2686 f3198 f3671 f3674
- p6776(v532): -0.022 -0.012 -0.015
  neighbors: f2688 f3229 f2690 f3702 f3253 f3729 f3731
- p2155(v536): -0.02 -0.013 -0.018
  neighbors: f3665 f3668 f3666 f3663 f2715 f2716 f2743 f3183 f3761 f3763
- p234(v537): -0.0094 -0.015 -0.025
  neighbors: f2721 f3271 f3269 f3272 f3275
- p1033(v538): -0.0035 -0.015 -0.028
  neighbors: f2726 f2727 f2728
- p9893(v539): -0.013 -0.014 -0.023
  neighbors: f2729 f2734 f2733 f2732 f3273 f3274
- p2956(v541): -0.018 -0.014 -0.02
  neighbors: f3752 f3751 f2746 f2745 f2743 f3758 f3761
- p8586(v542): -0.016 0.0096 -0.021
  neighbors: f2749 f2750 f2751
- p9501(v436): -0.016 0.0096 -0.021
  neighbors: f2751 f2750 f2753 f2759 f2763
- p8779(v543): -0.017 0.0076 -0.021
  neighbors: f2752 f2753 f2759 f3290 f3766 f3767
- p8452(v307): -0.017 0.0068 -0.02
  neighbors: f3290 f3289 f2752 f3689 f3691
- p9100(v544): -0.016 -0.0081 -0.021
  neighbors: f3768 f2759 f3303 f3296 f3300 f2763 f3766 f3775 f3776
- p9303(v545): 0.023 -0.0034 0.039
  neighbors: f2770 f2767 f2768 f2769 f3077 f3078
- p49(v141): 0.021 -0.005 0.039
  neighbors: f3077 f3075 f3069 f3070 f2768 f3102 f3105
- p4589(v546): 0.025  0.01 0.031
  neighbors: f3312 f2772 f3311 f3313 f3317
- p1035(v327): 0.025  0.01 0.033
  neighbors: f3314 f2772 f3313 f3394 f3466 f3467
- p4320(v547): 0.026 -0.0052 0.037
  neighbors: f3321 f3319 f2777 f3322 f3327
- p625(v548): 0.026 -0.0012 0.037
  neighbors: f2781 f2782 f2783 f2785 f3329 f3330
- p7202(v549): 0.026 0.0026 0.037
  neighbors: f3338 f2791 f3334 f2790 f3780 f3786
- p1240(v554): 0.026 0.0073 0.035
  neighbors: f2827 f2823 f2824 f2825 f2826 f3391 f3392
- p6912(v452): 0.025 0.0071 0.037
  neighbors: f2823 f3464 f3870 f3392 f2828 f3867 f4304 f4307
- p9751(v555): 0.025 0.0091 0.034
  neighbors: f2828 f2829 f3314 f3315 f3464 f3466
- p9331(v556): 0.035 -0.0065 0.0042
  neighbors: f2835 f2836 f2837
- p4190(v557): 0.024 -0.0061 0.038
  neighbors: f2838 f3398 f2840 f3101 f3098 f3402 f3404
- p5965(v558): 0.025 -0.0056 0.038
  neighbors: f2844 f2845 f2846 f2847 f3401 f3403 f3405
- p1134(v559): 0.035 0.015 -0.03
  neighbors: f3418 f2852 f2853 f2854 f2855 f2856 f3408 f3439 f3417 f3407 f3409 f3865 f4112 f4113
- p7432(v461): 0.035 0.014 -0.028
  neighbors: f2853 f3408 f3419 f3859 f3860 f4435 f4440
- p7792(v235): 0.035 0.015 -0.019
  neighbors: f2870 f2856 f3417 f3425 f3431 f3432
- p9180(v560): 0.035 0.014 -0.0076
  neighbors: f3420 f2861 f3856 f3858
- p3130(v561): 0.035 0.015 -0.0075
  neighbors: f2866 f3433 f3435
- p4719(v562): 0.035 0.015 -0.011
  neighbors: f3431 f2870 f3428 f3434 f3436
- p7093(v563): 0.035 0.015 -0.0023
  neighbors: f2872 f2876 f2874 f2875 f2878 f2879
- p4784(v464): 0.035 0.015 -0.0086
  neighbors: f2874 f2879 f3414 f3415
- p2717(v564): 0.035 0.015 -0.022
  neighbors: f2879 f2878 f3411 f3415
- p6062(v566): -0.027 0.0085 -0.0015
  neighbors: f2889 f3444 f3442 f3447 f4418
- p4809(v567): -0.027 0.0022 0.034
  neighbors: f2891 f2892 f2893 f4413 f4419
- p8256(v466): -0.027 0.0065 0.027
  neighbors: f2891 f3442 f3443 f4418 f4419
- p9385(v568): -0.025 0.011 0.029
  neighbors: f2894 f2895 f2897 f3448 f3451
- p8249(v569): -0.027 0.0083 0.027
  neighbors: f2899 f2900 f2901
- p8976(v570):  0.02 0.011 0.033
  neighbors: f2926 f2909 f2904 f3459 f3873 f3478 f3872 f3913 f3914
- p9006(v239): -0.019 0.011 0.033
  neighbors: f2904 f2924 f2926
- p8533(v571): 0.022 0.011 0.033
  neighbors: f2908 f2909 f3472 f3478 f3482
- p4618(v572): 0.023 0.0087 0.036
  neighbors: f2914 f3503 f3502 f3470 f3463 f3866 f3871
- p87(v474): 0.024 0.0067 0.038
  neighbors: f3806 f2914 f3463 f4069 f4070
- p681(v226): 0.021 0.0065 0.038
  neighbors: f2914 f3368 f3492 f3807 f3504 f3809 f3491 f3503 f3806 f3808 f4309 f4369 f4384 f4385
- p8395(v573): -0.018  0.01 0.034
  neighbors: f3480 f3486 f2924 f2926 f3485 f3872 f3874
- p6415(v578): 0.022 0.011 0.032
  neighbors: f2948 f2953 f2952 f2951 f3458 f3460
- p859(v353): 0.022 0.011 0.032
  neighbors: f2973 f2948 f2972 f3458 f3907 f3906 f3908 f3909
- p3823(v579): -0.023 0.012 0.029
  neighbors: f2954 f2955 f2961 f2957 f2958 f2959 f2960 f2978 f2979
- p1701(v580): -0.019 0.011 0.032
  neighbors: f3905 f2968 f2967 f3904 f3527 f3525 f3910 f3911
- p4684(v356): -0.02 0.012 0.031
  neighbors: f2967 f2976 f2975 f3526 f3527
- p3084(v581): 0.021 0.012 0.031
  neighbors: f2974 f2973 f2971 f2972 f2977 f2981
- p8879(v480): -0.018 0.012 0.031
  neighbors: f2977 f2971 f2975 f3524 f3526
- p888(v240): 0.019 0.011 0.032
  neighbors: f3525 f2972 f2971 f3524 f3904 f3906
- p9736(v582): -0.021 0.012 0.031
  neighbors: f2975 f2976 f2977 f2978 f2979 f2980 f2981
- p6285(v583): -0.02 -0.002  0.04
  neighbors: f2986 f2987 f2985 f3978 f3980
- p4163(v586): -0.025 0.0044 0.038
  neighbors: f3533 f2999 f3005 f3957 f3959
- p3360(v587): -0.024 0.0054 0.038
  neighbors: f3937 f3569 f3005 f3934 f3957 f3958
- p501(v588): -0.026 0.0083 0.034
  neighbors: f3008 f3009 f3010 f3549 f3552
- p4424(v584): -0.026 0.009 0.033
  neighbors: f3529 f3010 f3552 f3553
- p8878(v589): -0.027 0.0045 0.036
  neighbors: f3014 f3015 f3560 f3556 f3947 f3948
- p1107(v591): 0.035 -0.015 -0.011
  neighbors: f3026 f3027 f3028
- p4441(v592): 0.035 -0.014 -0.0081
  neighbors: f3030 f3032 f3572 f4439
- p9662(v593): 0.035 -0.015 -0.0022
  neighbors: f3033 f3035 f3573 f3574
- p8421(v594): 0.0026 0.015 -0.00031
  neighbors: f3036 f3037 f3577 f3579
- p9802(v596): -0.011 0.015 -0.023
  neighbors: f3043 f3044 f3045 f3046 f3047 f3582 f3969 f3970
- p353(v497): -0.0097 0.015 -0.022
  neighbors: f3591 f3589 f3046 f3969 f3971
- p6804(v598): 0.0068 0.015 -0.031
  neighbors: f3053 f3054 f3055 f3056
- p61(v599): 0.022 -0.0094 0.035
  neighbors: f3057 f3058 f3059 f3060 f3061
- p735(v600): -0.022 -0.0044 0.039
  neighbors: f3604 f3592 f3135 f3065 f3134 f3602 f3976 f4149 f4150
- p6535(v394): -0.021 -0.0053 0.039
  neighbors: f3071 f3065 f3103 f3102 f3115 f3069 f3107 f3114 f3603 f3604
- p733(v601): -0.018 -0.0046 0.039
  neighbors: f3069 f3070 f3071
- p2462(v503): -0.02 -0.0045 0.039
  neighbors: f3074 f3076 f3071 f3075 f3070 f3601 f3603
- p3329(v602): -0.02 -0.0043 0.039
  neighbors: f3072 f3074 f3600 f3601
- p7411(v40): -0.021 -0.0038 0.039
  neighbors: f3602 f3600 f3072 f4149 f4152
- p9635(v603): 0.021 -0.0044 0.039
  neighbors: f3075 f3076 f3077 f3078
- p1636(v605): -0.025 -0.0045 0.038
  neighbors: f3617 f3615 f3088 f3622 f3623
- p9208(v606): -0.024 -0.002 0.039
  neighbors: f3594 f3593 f3621 f3094 f3984 f3986
- p3311(v358): -0.024 -0.00068  0.04
  neighbors: f3498 f3094 f3595 f3593 f3919 f3920
- p7503(v607): 0.023 -0.0075 0.037
  neighbors: f3101 f3096 f3097 f3098 f3099 f3100 f3625 f3626
- p4115(v608): 0.021 -0.0051 0.039
  neighbors: f3102 f3103 f3104 f3105 f3106
- p4891(v507):  0.02 -0.0056 0.039
  neighbors: f3103 f3104 f3114 f3631 f3632
- p8937(v609): -0.02 -0.0059 0.038
  neighbors: f3107 f3108 f3113 f3115
- p4830(v610): 0.018 -0.0057 0.039
  neighbors: f3115 f3114 f3113 f3630 f3632
- p6503(v611): -0.021 -0.01 0.034
  neighbors: f3116 f3117 f3118 f3119 f3120 f3121 f3122 f3123
- p6963(v509): -0.021 -0.01 0.034
  neighbors: f3121 f3117 f3125 f3128
- p4497(v612): -0.021 -0.0099 0.035
  neighbors: f3124 f3125 f3126 f3127 f3128 f3129 f3130 f3131
- p5632(v613): -0.023 -0.0061 0.038
  neighbors: f3132 f3133 f3134 f3135 f3136 f3137
- p3367(v505): -0.024 -0.0042 0.039
  neighbors: f3137 f3135 f3594 f3592 f3620 f3621
- p2216(v395): -0.024 -0.0046 0.039
  neighbors: f3137 f3615 f3614 f3136 f3620 f3622
- p6705(v614): -0.024 -0.0073 0.037
  neighbors: f3138 f3139 f3140 f3141
- p4726(v615): -0.025 -0.0074 0.036
  neighbors: f3142 f3143 f3144 f3145 f3146 f3612 f3613
- p5575(v616): -0.026 -0.0082 0.035
  neighbors: f3148 f3149 f3150
- p9666(v618): -0.026 -0.0092 -0.01
  neighbors: f3157 f3158 f3159 f3160
- p8329(v619): -0.025 -0.0016 -0.012
  neighbors: f3162 f3725 f3726
- p9227(v620): -0.024 -0.008 -0.013
  neighbors: f3164 f3721 f3723
- p1687(v622): -0.024 0.012 -0.014
  neighbors: f3197 f3655 f3638 f3174 f3740 f3737 f3196 f3654 f3637 f4003 f4006
- p6504(v624): -0.019 -0.0093 -0.019
  neighbors: f3181 f3182 f3183 f3664 f3665
- p5189(v625): -0.02 -0.0039 -0.018
  neighbors: f3669 f3186 f3187 f3188 f3667 f4157 f4158
- p719(v527): -0.02 -0.0044 -0.018
  neighbors: f3709 f3188 f3234 f4158 f4159
- p8911(v626): -0.021 0.013 -0.017
  neighbors: f3196 f3670 f3193 f3197 f4161 f4164
- p4157(v305): -0.022 0.013 -0.015
  neighbors: f3196 f3741 f3740 f4161 f4195 f4201
- p671(v627): -0.018 0.014 -0.019
  neighbors: f3198 f3202 f3200 f3201 f3671 f3672
- p4179(v631): -0.019 0.012 -0.018
  neighbors: f3225 f3675 f4169 f4165 f4024 f3695 f4026 f4175 f4176
- p2058(v630): -0.019 0.0091 -0.019
  neighbors: f3225 f4024 f4030 f4031
- p7697(v632): -0.022 -0.011 -0.016
  neighbors: f3702 f3231 f3230 f3229 f4034 f4273 f4286 f4287
- p5169(v533): -0.021 -0.0099 -0.017
  neighbors: f3231 f3703 f3716 f4273 f4274
- p8336(v633): -0.021 -0.0066 -0.017
  neighbors: f3704 f3233 f3234 f3709 f3712
- p2588(v634): -0.024 -0.00072 -0.013
  neighbors: f4008 f3722 f4001 f3244 f3718 f4038 f4042
- p9649(v635): -0.023 -0.0019 -0.015
  neighbors: f3253 f3720 f3719 f3729 f3742 f3744
- p4081(v637): -0.017 -0.011 -0.02
  neighbors: f3265 f3266 f3267
- p2795(v535): -0.017 -0.012 -0.02
  neighbors: f3267 f3294 f3765 f3266 f3762 f3770 f3771
- p8495(v638): -0.0074 -0.015 -0.026
  neighbors: f3268 f3269 f3270 f3271
- p8915(v639): -0.013 -0.014 -0.023
  neighbors: f3272 f3273 f3274 f3275 f3756 f3277 f3280 f3752 f3757 f3758
- p3902(v540): -0.014 -0.014 -0.023
  neighbors: f3280 f3285 f3277 f3283 f3287 f3288
- p1010(v319): -0.015 -0.014 -0.022
  neighbors: f3759 f3283 f3295 f3282 f3280 f3757 f3778 f3779
- p6780(v640): -0.015 -0.012 -0.022
  neighbors: f3282 f3283 f3285 f3308 f3309
- p3900(v261): -0.015 -0.012 -0.022
  neighbors: f3308 f3282 f3777 f3778
- p140(v641): -0.014 -0.014 -0.023
  neighbors: f3286 f3287 f3288
- p1223(v642): -0.017 -0.0073 -0.02
  neighbors: f3289 f3290 f3294 f3767 f3771
- p7276(v643): -0.016 -0.012 -0.021
  neighbors: f3295 f3296 f3775 f3779
- p2943(v318): -0.016 -0.013 -0.021
  neighbors: f3300 f3760 f3296 f3295 f3759 f3772 f3774
- p8294(v644): -0.017 -0.011 -0.021
  neighbors: f3769 f3300 f3768 f3773 f3774
- p7148(v645): -0.015 -0.0096 -0.022
  neighbors: f3303 f3304 f3309 f3308 f3307 f3776 f3777
- p2434(v646): 0.025 0.011 0.031
  neighbors: f3310 f3311 f3312
- p1590(v647): 0.025 0.0099 0.033
  neighbors: f3313 f3314 f3315 f3316 f3317
- p7668(v648): 0.026 -0.0036 0.037
  neighbors: f3318 f3319 f3320 f3321
- p5638(v649): 0.026 -0.0056 0.036
  neighbors: f3322 f3323 f3324 f3325 f3326 f3327
- p6166(v650): 0.026 -0.0015 0.037
  neighbors: f3328 f3329 f3330 f3331 f3332
- p4239(v651): 0.026 0.0014 0.038
  neighbors: f3333 f3334 f3780 f4061 f4062
- p7791(v652): 0.026 0.0037 0.037
  neighbors: f3337 f3338 f3339 f3786 f4211 f4212
- p6117(v654): 0.024 -0.0016 0.039
  neighbors: f3348 f3349 f4072 f4075
- p425(v551): 0.024 -0.0013  0.04
  neighbors: f3354 f3349 f3795 f3794 f4075 f4076
- p6190(v655): 0.023 -0.00081  0.04
  neighbors: f3353 f3354 f4257 f3794 f4336 f4338
- p7453(v656): 0.024 -0.00025  0.04
  neighbors: f3358 f3796 f3791 f3795 f4076 f4077
- p4829(v450): 0.024 0.00058  0.04
  neighbors: f3796 f3358 f4207 f3842 f4206 f4340 f4341
- p3192(v657): 0.024 0.0059 0.038
  neighbors: f3368 f3365 f3801 f3800 f3805 f3807
- p2864(v653): 0.024 0.0048 0.038
  neighbors: f4071 f3378 f3805 f3365 f4299 f4301
- p2184(v332): 0.024 0.0053 0.038
  neighbors: f3365 f3378 f3800 f3802
- p1383(v552): 0.023 0.0045 0.039
  neighbors: f3827 f3801 f3368 f3825 f3808 f3839 f3840
- p9185(v659): 0.024 0.0039 0.039
  neighbors: f3802 f3378 f3843 f3841 f4058 f4299 f4300
- p6920(v662): 0.026 0.0068 0.036
  neighbors: f3392 f3391 f4304 f4305
- p5449(v663): 0.024  0.01 0.033
  neighbors: f3395 f3394 f3467 f3469
- p5866(v664): 0.024 -0.0056 0.038
  neighbors: f3398 f3401 f3400 f3404 f3405
- p9797(v665): 0.025 -0.0056 0.038
  neighbors: f3402 f3403 f3404 f3405
- p2515(v666): 0.035 0.014 -0.032
  neighbors: f3407 f3408 f4430 f4440
- p5744(v667): 0.035 0.015 -0.025
  neighbors: f3409 f3853 f3411 f3415 f3849 f3414 f3852 f3864 f3865
- p6094(v668): 0.035 0.015 -0.0084
  neighbors: f3418 f3417 f3425 f3429 f3430
- p502(v669): 0.035 0.014 -0.018
  neighbors: f3419 f3420 f3856 f3860
- p1588(v670): 0.035 0.015 -0.0074
  neighbors: f3425 f3430 f3432
- p8830(v671): 0.035 0.015 -0.0048
  neighbors: f3427 f3428 f3429 f3430 f3431 f3432
- p1470(v672): 0.035 0.015 -0.0099
  neighbors: f3433 f3434 f3435 f3436
- p4237(v673): 0.035 0.015 -0.00097
  neighbors: f3441 f3440 f3439 f3862 f4112 f4114
- p2522(v565): 0.035 0.015 -0.0098
  neighbors: f3854 f3441 f3851 f3861 f3862
- p1421(v674): -0.027 0.0072  0.02
  neighbors: f3442 f3443 f3444
- p8699(v675): -0.027 0.0085 -0.002
  neighbors: f3446 f3447 f4409 f4410 f4411 f4412 f4413 f4414 f4415 f4416 f4417 f4418 f4419
- p2378(v676): -0.025 0.011  0.03
  neighbors: f3448 f3449 f3450 f3451 f3452 f3453
- p2978(v677): 0.021 0.011 0.032
  neighbors: f3459 f3458 f3460 f3908 f3914
- p679(v678): 0.024 0.0069 0.037
  neighbors: f3871 f3463 f3870 f4069 f4307 f4308
- p6552(v679): 0.024 0.0095 0.035
  neighbors: f3464 f3469 f3466 f3467 f3867 f3868
- p9389(v680): 0.022 0.0096 0.035
  neighbors: f3470 f3482 f3472 f3506 f3869 f3866 f3481 f3901 f3902
- p3604(v351): 0.022 0.009 0.036
  neighbors: f3502 f3470 f3506 f3896 f3897
- p5366(v681): 0.022 0.011 0.034
  neighbors: f3478 f3482 f3480 f3481 f3873 f3874
- p8034(v472):  0.02  0.01 0.034
  neighbors: f3487 f3481 f3480 f3486 f3900 f3901
- p5820(v682): -0.019  0.01 0.034
  neighbors: f3483 f3484 f3485 f3486 f3487
- p7581(v574): -0.019  0.01 0.034
  neighbors: f3487 f3483 f3898 f3900
- p3755(v683): -0.021 0.0071 0.038
  neighbors: f3492 f3491 f3875 f3880
- p6233(v476): -0.022 0.007 0.038
  neighbors: f3875 f3491 f3924 f4218 f4309 f4310
- p2650(v575):  0.02 0.0075 0.037
  neighbors: f3492 f3504 f3501 f3879 f3880
- p6616(v684): -0.023 0.00043  0.04
  neighbors: f3498 f3595 f3882 f3982 f3497 f3886 f3981 f4121 f4122
- p6908(v590): -0.024 0.0023 0.039
  neighbors: f3920 f3497 f3498 f3962 f4262 f4263
- p8640(v243): -0.024 0.0029 0.039
  neighbors: f3497 f3568 f3963 f3882 f3962 f4316 f4320 f4322
- p6380(v685): 0.021 0.0085 0.036
  neighbors: f3504 f3500 f3501 f3502 f3503 f3894 f3896
- p3169(v577): -0.02 0.008 0.037
  neighbors: f3895 f3894 f3500 f3925 f3927
- p8580(v352): 0.019 0.0078 0.037
  neighbors: f3501 f3500 f3879 f3927 f3928
- p8409(v686): -0.019 0.0091 0.036
  neighbors: f3897 f3506 f3903 f3895 f3902 f3925 f3926
- p1969(v687): -0.022 0.0096 0.035
  neighbors: f3903 f3899 f3515 f3514 f3926 f4140 f4141
- p7525(v585): -0.025 0.0082 0.036
  neighbors: f4135 f3554 f3531 f3515 f4133 f4139 f4140
- p9086(v689): -0.019 0.011 0.032
  neighbors: f3524 f3525 f3526 f3527
- p2273(v690): -0.025 0.0094 0.033
  neighbors: f3528 f3529 f3530 f3531 f3553 f3554
- p4419(v691): -0.026 0.0037 0.038
  neighbors: f3533 f3952 f3950 f4144 f3959 f4264 f4265
- p2885(v694): -0.026 0.008 0.035
  neighbors: f3548 f3549 f3554 f3553 f3552 f3931 f4133 f4134
- p8901(v695): -0.027 0.0024 0.036
  neighbors: f3946 f3556 f3947 f3949
- p7502(v696): -0.026 0.005 0.036
  neighbors: f3559 f3560 f3948 f3953
- p267(v697): -0.025 0.0038 0.039
  neighbors: f3963 f3568 f3569 f3958 f4145 f4260 f4261
- p7894(v692): -0.024 0.0055 0.038
  neighbors: f3569 f3934 f3568 f4216 f4215 f4314 f4316
- p7980(v698): 0.035 -0.014 -0.00053
  neighbors: f3571 f3572 f4422 f4423 f4424 f4425 f4426 f4427 f4428 f4429 f4430 f4431 f4432 f4433 f4434 f4435 f4436 f4437 f4438 f4439 f4440
- p7240(v699): 0.035 -0.015 -0.023
  neighbors: f3573 f3574 f3966 f3968
- p5684(v700): -0.0053 0.016 -0.024
  neighbors: f3577 f3578 f3579 f3580 f3581
- p3815(v701): -0.0085 0.015 -0.024
  neighbors: f3582 f3585 f3970 f3974
- p7782(v702): -0.0082 0.015 -0.02
  neighbors: f3588 f3589 f3590 f3591
- p3820(v597): -0.0089 0.015 -0.022
  neighbors: f3589 f3588 f3971 f3972
- p5348(v703): -0.023 -0.0021  0.04
  neighbors: f3592 f3593 f3594 f3595 f3976 f3982
- p817(v704): -0.021 -0.0044 0.039
  neighbors: f3600 f3601 f3602 f3603 f3604
- p6839(v705): -0.026 -0.0045 0.038
  neighbors: f3605 f3606 f3607
- p5637(v604): -0.026 -0.0049 0.037
  neighbors: f3611 f3607 f3606 f3610 f3618 f3619
- p4235(v706): -0.026 -0.0061 0.036
  neighbors: f3608 f3609 f3610 f3611 f3612 f3613
- p8070(v707): -0.025 -0.0056 0.038
  neighbors: f3614 f3615 f3616 f3617 f3618 f3619
- p2550(v708): -0.024 -0.0042 0.039
  neighbors: f3620 f3621 f3622 f3623 f3983 f3984
- p4136(v709):  0.02 -0.0066 0.038
  neighbors: f3625 f3626 f3627 f3628
- p4111(v710): 0.019 -0.0059 0.038
  neighbors: f3629 f3630 f3631 f3632
- p6760(v711): -0.025 0.011 -0.012
  neighbors: f3652 f3651 f3637 f3638 f3991 f3995 f3996
- p26(v420): -0.024  0.01 -0.013
  neighbors: f3638 f3991 f3659 f3658 f3990 f4005 f4006
- p1998(v712): -0.025 0.0012 -0.011
  neighbors: f3642 f3640 f3641 f3992 f3993
- p7487(v617): -0.025 0.0087 -0.011
  neighbors: f3647 f3652 f3640 f3993 f3995
- p8731(v713): -0.026 0.0039 -0.01
  neighbors: f3643 f3648 f3649
- p6590(v714): -0.025 0.0088 -0.011
  neighbors: f3646 f3647 f3648 f3649 f3650 f3651 f3652
- p1276(v715): -0.024 0.0068 -0.014
  neighbors: f3653 f3654 f3655 f4000 f4002
- p5245(v534): -0.023 0.00095 -0.014
  neighbors: f4002 f3720 f4001 f3653 f3718 f3734 f3742 f4046 f4048
- p959(v525): -0.023 0.009 -0.014
  neighbors: f3734 f3654 f3653 f3737 f3738
- p1885(v621): -0.024 0.0087 -0.014
  neighbors: f3655 f4000 f4003
- p5758(v716): -0.024 0.0072 -0.013
  neighbors: f3658 f3659 f3660 f3997 f3999
- p5972(v623): -0.025 0.0072 -0.012
  neighbors: f3990 f3658 f3994 f3997
- p3721(v717): -0.019 -0.0086 -0.019
  neighbors: f3663 f3664 f3665
- p3380(v718): -0.02 -0.012 -0.018
  neighbors: f3666 f3667 f3668 f3669
- p3411(v719): -0.019 0.014 -0.018
  neighbors: f3670 f3671 f3672 f3675 f3674 f4164 f4165
- p8178(v722): -0.018 0.0077 -0.02
  neighbors: f3688 f3689 f3690 f3691 f3692 f3693
- p1788(v629): -0.018 0.0079 -0.02
  neighbors: f3693 f3688 f3694 f4027 f4028
- p7903(v723): -0.018 0.0099 -0.019
  neighbors: f3694 f3695 f4026 f4028 f4032
- p9803(v724): -0.022 -0.011 -0.016
  neighbors: f3702 f3731 f3730 f4033 f4034
- p3013(v725): -0.021 -0.0076 -0.017
  neighbors: f3703 f3704 f3712 f3716
- p3890(v726): -0.021 -0.0033 -0.017
  neighbors: f3709 f4274 f3711 f3712 f3716 f4159 f4272 f4160 f4190 f4280 f4344 f4345
- p7499(v720): -0.021 0.0042 -0.017
  neighbors: f3711 f4160 f4156 f4171 f4267 f4268
- p7760(v628): -0.021 0.0041 -0.017
  neighbors: f3711 f4172 f4190 f4171 f4277 f4351 f4352
- p9566(v727): -0.023 -0.0046 -0.014
  neighbors: f3720 f3718 f3719 f4037 f4038
- p8817(v728): -0.024 -0.0023 -0.013
  neighbors: f3721 f3722 f3723 f3724 f3725 f3726 f3727 f4007 f4008
- p2855(v729): -0.022 -0.003 -0.015
  neighbors: f3729 f3730 f3731 f3744 f3745
- p9743(v424): -0.022 -0.0031 -0.016
  neighbors: f4052 f3745 f3730 f4033 f4281 f4349 f4381 f4382
- p5082(v730): -0.023 0.0038 -0.014
  neighbors: f3734 f4045 f3738 f4048 f4050
- p7770(v731): -0.023  0.01 -0.015
  neighbors: f3737 f3738 f3741 f3740 f4044 f4045
- p493(v636): -0.023  0.01 -0.015
  neighbors: f3741 f4044 f4049 f4186 f4201 f4202
- p9994(v732): -0.022 0.003 -0.016
  neighbors: f3742 f4187 f3744 f3745 f4046 f4052 f4293 f4366 f4367
- p2417(v733): -0.014 -0.015 -0.022
  neighbors: f3751 f3752 f3753 f3754 f3755 f3756
- p9958(v734): -0.017 -0.014 -0.02
  neighbors: f3757 f3758 f3759 f3760 f3761 f3762 f3763 f3764 f3765
- p5345(v128): -0.017 -0.013 -0.02
  neighbors: f3762 f3760 f3770 f3769 f3772 f3773
- p2318(v735): -0.017 -0.0098 -0.02
  neighbors: f3766 f3767 f3768 f3769 f3770 f3771
- p9970(v736): -0.017 -0.012 -0.021
  neighbors: f3772 f3773 f3774
- p4463(v737): -0.015 -0.012 -0.022
  neighbors: f3775 f3776 f3777 f3778 f3779
- p9088(v738): 0.026 0.0025 0.038
  neighbors: f3780 f3786 f4062 f4208 f4212
- p4191(v739): 0.024 -0.0012 0.039
  neighbors: f3791 f3790 f3789 f4074 f4077
- p9826(v740): 0.023 -0.00056  0.04
  neighbors: f3794 f3795 f3796 f4257 f4339 f4340
- p5736(v741): 0.023 0.0046 0.039
  neighbors: f3800 f3801 f3802 f3840 f3841
- p19(v742): 0.024 0.0064 0.038
  neighbors: f3807 f3805 f3806 f4070 f4071
- p2948(v743): 0.022 0.0046 0.039
  neighbors: f3808 f3809 f4089 f3827 f3826 f4087 f4234 f4377 f4378
- p2079(v658):  0.02 0.0051 0.039
  neighbors: f3809 f4232 f4227 f4087 f4231 f4384 f4393 f4394
- p6745(v746): 0.022 0.0027  0.04
  neighbors: f3825 f3826 f3827 f4103 f3835 f4102 f4244 f4246
- p9078(v661): 0.022 0.0019  0.04
  neighbors: f4108 f3839 f3825 f4102 f4248 f4253
- p933(v451): 0.021 0.0034 0.039
  neighbors: f4234 f3826 f4324 f4099 f4247 f4246 f4379 f4380
- p2571(v748): -0.02 0.0023  0.04
  neighbors: f4103 f3835 f4115 f4117
- p9672(v576): -0.022 0.0027  0.04
  neighbors: f4245 f4116 f4244 f3835 f4099 f4115 f4321 f4324
- p4201(v749): 0.023 0.0013  0.04
  neighbors: f3839 f3840 f3841 f3842 f3843 f4108 f4341 f4342
- p6775(v550): 0.025 0.0021 0.039
  neighbors: f4058 f3843 f3842 f4204 f4207
- p6977(v750): 0.035 0.015 -0.014
  neighbors: f3849 f3853 f3855
- p7330(v751): 0.035 0.015 -0.012
  neighbors: f3851 f3852 f3853 f3854 f3855
- p5008(v465): 0.035 0.015 -0.017
  neighbors: f3852 f3851 f3861 f3864
- p436(v752): 0.035 0.014 -0.017
  neighbors: f3856 f3857 f3858 f3859 f3860
- p876(v753): 0.035 0.015 -0.025
  neighbors: f3861 f3862 f3865 f3864 f4113 f4114
- p6589(v754): 0.023 0.0089 0.036
  neighbors: f3866 f3867 f3868 f3869 f3870 f3871
- p4347(v755): 0.021 0.011 0.033
  neighbors: f3872 f3873 f3874
- p2657(v756): -0.021 0.0073 0.038
  neighbors: f3875 f3880 f3879 f3924 f3928
- p1952(v757): -0.022 0.002  0.04
  neighbors: f4121 f3882 f4116 f4320 f4321
- p8819(v758): -0.021 0.00061  0.04
  neighbors: f3886 f4098 f4132 f4129 f4124 f4122 f4128 f4123 f4243 f4241 f4331 f4332
- p6971(v759): 0.018 0.0086 0.036
  neighbors: f3894 f3895 f3896 f3897
- p7373(v760): -0.019 0.0097 0.035
  neighbors: f3898 f3899 f3900 f3901 f3902 f3903
- p5804(v761):  0.02 0.011 0.032
  neighbors: f3904 f3905 f3906 f3907
- p7512(v688): 0.019 0.011 0.032
  neighbors: f3907 f3905 f3909 f3910
- p4783(v762):  0.02 0.011 0.032
  neighbors: f3908 f3909 f3910 f3911 f3912 f3913 f3914
- p6998(v763): -0.025 0.0011 0.039
  neighbors: f3920 f3916 f3919 f4263 f4266
- p3753(v764): -0.022 0.0077 0.037
  neighbors: f3928 f3927 f3926 f3924 f3925 f4142 f4141 f4217 f4218
- p2104(v765): -0.025 0.0073 0.036
  neighbors: f3938 f4136 f3931 f4134 f4137 f4138
- p2863(v766): -0.024 0.0069 0.037
  neighbors: f3934 f4142 f4138 f3937 f3938 f4215 f4217
- p3493(v767): -0.027 0.0017 0.036
  neighbors: f3946 f3945 f3949 f3951
- p7921(v768): -0.027 0.0025 0.037
  neighbors: f3947 f3948 f3949 f3950 f3951 f3952 f3953 f3954 f3955 f3956
- p2968(v769): -0.025 0.0041 0.038
  neighbors: f3957 f3958 f3959 f4144 f4145
- p766(v770): -0.024 0.0026 0.039
  neighbors: f3962 f3963 f4260 f4262
- p7353(v771): 0.035 -0.015 -0.026
  neighbors: f3965 f3966 f3967 f3968
- p5108(v772): -0.0087 0.015 -0.023
  neighbors: f3969 f3970 f3971 f3972 f3973 f3974
- p3274(v773): -0.022 -0.0021  0.04
  neighbors: f3982 f3976 f3981 f3978 f3979 f3980 f4150 f4151
- p9507(v242): -0.018 -0.0031  0.04
  neighbors: f3979 f4151 f4153
- p757(v774): -0.025 -0.002 0.039
  neighbors: f3983 f3984 f3985 f3986
- p7934(v775): -0.025 0.0069 -0.012
  neighbors: f3991 f3990 f3994 f3996
- p9583(v776): -0.025 0.0019 -0.012
  neighbors: f3992 f3993 f3994 f3995 f3996 f3997 f3998 f3999
- p7265(v777): -0.024 0.0016 -0.013
  neighbors: f4000 f4001 f4002 f4003 f4004 f4005 f4006 f4007 f4008
- p7228(v780): -0.019  0.01 -0.019
  neighbors: f4024 f4026 f4031 f4032
- p4282(v781): -0.019 0.0071 -0.019
  neighbors: f4027 f4028 f4029 f4030 f4031 f4032
- p9620(v782): -0.022 -0.0059 -0.016
  neighbors: f4033 f4034 f4286 f4347 f4381 f4383
- p4707(v783): -0.024 -0.0025 -0.013
  neighbors: f4037 f4038 f4039 f4040 f4041 f4042
- p5807(v784): -0.023 0.0086 -0.015
  neighbors: f4045 f4044 f4049 f4050
- p816(v785): -0.023 0.0073 -0.015
  neighbors: f4046 f4050 f4048 f4049 f4186 f4187
- p401(v786): -0.022 0.0027 -0.016
  neighbors: f4282 f4052 f4360 f4281 f4365 f4366
- p4042(v787): 0.025 0.0026 0.038
  neighbors: f4062 f4058 f4208 f4204 f4061 f4203 f4298 f4300
- p2180(v788): 0.025 0.0059 0.037
  neighbors: f4071 f4070 f4069 f4302 f4301 f4303 f4308
- p9922(v789): 0.024 -0.0015 0.039
  neighbors: f4072 f4073 f4074 f4075 f4076 f4077
- p3324(v791): 0.021 0.0047 0.039
  neighbors: f4087 f4089 f4232 f4233
- p5519(v744): -0.021 0.0049 0.039
  neighbors: f4089 f4377 f4233 f4231 f4227 f4375 f4390 f4391
- p4942(v793): 0.021 -0.00048  0.04
  neighbors: f4094 f4098 f4126 f4097 f4125 f4242 f4243
- p1514(v553): 0.022 0.00053  0.04
  neighbors: f4249 f4128 f4123 f4094 f4125 f4127 f4335 f4337
- p6889(v794): 0.019 0.0031  0.04
  neighbors: f4099 f4245 f4247
- p2592(v795): 0.019 0.0015  0.04
  neighbors: f4102 f4103 f4117 f4248 f4251
- p5651(v796): 0.023 0.0013  0.04
  neighbors: f4253 f4108 f4334 f4333 f4342 f4343
- p7059(v797): 0.035 0.015 -0.026
  neighbors: f4112 f4113 f4114
- p1002(v798): -0.022 0.0017  0.04
  neighbors: f4115 f4116 f4117 f4122 f4121 f4132 f4251 f4329 f4330
- p5264(v799):  0.02 0.00039  0.04
  neighbors: f4123 f4124 f4125 f4126
- p3162(v745): 0.019 0.00019  0.04
  neighbors: f4126 f4124 f4241 f4242
- p1669(v800): 0.022 0.00078  0.04
  neighbors: f4127 f4128 f4129
- p412(v747): 0.022 0.0011  0.04
  neighbors: f4129 f4249 f4127 f4328 f4331
- p2823(v801): -0.02 0.00096  0.04
  neighbors: f4132 f4330 f4332
- p6310(v802): -0.025 0.0076 0.036
  neighbors: f4133 f4134 f4135 f4136
- p5058(v693): -0.025 0.0077 0.036
  neighbors: f4136 f4135 f4137 f4139
- p5139(v803): -0.024 0.0075 0.037
  neighbors: f4137 f4138 f4139 f4140 f4141 f4142
- p5375(v804): -0.025 0.0034 0.039
  neighbors: f4145 f4144 f4261 f4264
- p5868(v805): -0.022 -0.0034  0.04
  neighbors: f4149 f4150 f4151 f4152 f4153 f4154
- p6764(v806): -0.02 0.0034 -0.018
  neighbors: f4155 f4156 f4157 f4158 f4159 f4160
- p975(v778): -0.02 0.0057 -0.018
  neighbors: f4156 f4170 f4155 f4174 f4267 f4269
- p2119(v807): -0.021 0.013 -0.017
  neighbors: f4161 f4177 f4163 f4164 f4165 f4176 f4195 f4196
- p5658(v779): -0.021 0.011 -0.017
  neighbors: f4163 f4177 f4172 f4277 f4278
- p4052(v721): -0.021 0.011 -0.017
  neighbors: f4278 f4196 f4163 f4290 f4353 f4354
- p2298(v808): -0.02 0.0099 -0.018
  neighbors: f4170 f4169 f4174 f4175
- p3957(v809): -0.021  0.01 -0.017
  neighbors: f4171 f4172 f4177 f4174 f4175 f4176 f4268 f4269
- p1384(v812): -0.023 0.0083 -0.015
  neighbors: f4186 f4187 f4202 f4293 f4355 f4356
- p3876(v813): -0.022 0.0026 -0.016
  neighbors: f4190 f4282 f4346 f4344 f4351 f4350 f4360 f4361
- p365(v814): -0.022 0.012 -0.016
  neighbors: f4195 f4196 f4290 f4202 f4201 f4357 f4355 f4362 f4363
- p1746(v815): 0.025 0.0017 0.039
  neighbors: f4203 f4204 f4205 f4206 f4207
- p3934(v816): 0.025 0.0051 0.037
  neighbors: f4208 f4302 f4298 f4211 f4212 f4303 f4306
- p2337(v817): -0.022 0.0062 0.038
  neighbors: f4215 f4216 f4217 f4218 f4310 f4371 f4372
- p9261(v790): -0.023 0.0059 0.038
  neighbors: f4315 f4216 f4314 f4371 f4388 f4389
- p5588(v819): -0.02 0.0051 0.039
  neighbors: f4227 f4391 f4393
- p127(v820):  0.02 0.0047 0.039
  neighbors: f4231 f4232 f4233
- p7402(v821): 0.021 0.0039 0.039
  neighbors: f4234 f4378 f4379
- p7876(v823): 0.019 -9.3e-05  0.04
  neighbors: f4241 f4242 f4243
- p6673(v824): 0.021 0.0029  0.04
  neighbors: f4244 f4245 f4246 f4247
- p9371(v825): 0.022 0.0014  0.04
  neighbors: f4248 f4249 f4329 f4251 f4253 f4328 f4333 f4335
- p4608(v826): 0.023 0.0009  0.04
  neighbors: f4336 f4334 f4257 f4339 f4343
- p8478(v827): -0.025 0.0029 0.039
  neighbors: f4260 f4261 f4262 f4263 f4264 f4265 f4266
- p4196(v828): -0.021 0.0052 -0.017
  neighbors: f4267 f4268 f4269
- p6287(v829): -0.022 -0.0093 -0.016
  neighbors: f4274 f4273 f4272 f4285 f4287
- p4166(v811): -0.021 -0.0066 -0.016
  neighbors: f4272 f4280 f4285
- p2508(v830): -0.021 0.0051 -0.017
  neighbors: f4277 f4278 f4352 f4353
- p2367(v831): -0.022 -0.0022 -0.016
  neighbors: f4287 f4280 f4281 f4282 f4346 f4345 f4285 f4286 f4347 f4349
- p5982(v832): -0.022 0.0093 -0.016
  neighbors: f4354 f4361 f4290 f4350 f4362 f4364
- p4901(v833): -0.022 0.0095 -0.016
  neighbors: f4293 f4356 f4357 f4363 f4367
- p7368(v834): 0.025 0.0049 0.038
  neighbors: f4298 f4299 f4300 f4301 f4302
- p8631(v835): 0.025 0.0062 0.037
  neighbors: f4303 f4304 f4305 f4306 f4307 f4308
- p8031(v836): -0.018 0.0064 0.038
  neighbors: f4309 f4310 f4369 f4372
- p1950(v837): -0.023 0.0054 0.039
  neighbors: f4314 f4315 f4316 f4322 f4323
- p9801(v818): -0.022 0.0051 0.039
  neighbors: f4323 f4376 f4315 f4375 f4388 f4390
- p2371(v838): -0.022 0.0036 0.039
  neighbors: f4324 f4323 f4320 f4321 f4322 f4376 f4380
- p2829(v839): 0.019 0.0012  0.04
  neighbors: f4328 f4329 f4330 f4331 f4332
- p8139(v840): 0.022 0.00048  0.04
  neighbors: f4333 f4334 f4335 f4336 f4337 f4338
- p3120(v841): 0.023 0.00088  0.04
  neighbors: f4339 f4340 f4341 f4342 f4343
- p3976(v842): -0.021 -0.0028 -0.017
  neighbors: f4344 f4345 f4346
- p6702(v843): -0.022 -0.0051 -0.016
  neighbors: f4347 f4349 f4382 f4383
- p1812(v844): -0.021 0.0085 -0.016
  neighbors: f4350 f4351 f4352 f4353 f4354
- p4573(v845): -0.022  0.01 -0.016
  neighbors: f4355 f4356 f4357
- p5054(v846): -0.022 0.0053 -0.016
  neighbors: f4361 f4360 f4364 f4365
- p9759(v847): -0.022  0.01 -0.016
  neighbors: f4362 f4363 f4364 f4365 f4366 f4367
- p5627(v848): -0.02 0.0058 0.039
  neighbors: f4385 f4369 f4372 f4371 f4389 f4392
- p1834(v849): -0.021 0.0041 0.039
  neighbors: f4375 f4376 f4377 f4378 f4379 f4380
- p180(v850): -0.022 -0.0052 -0.016
  neighbors: f4381 f4382 f4383
- p2598(v851): 0.018 0.0054 0.039
  neighbors: f4384 f4385 f4392 f4394
- p2071(v852): -0.02 0.0054 0.039
  neighbors: f4388 f4389 f4390 f4391 f4392 f4393 f4394
- f86
    - flags: bottom simplicial
    - normal:     0.555   0.7665  -0.3232
    - offset: -0.0407437
    - center: 0.03416696666666667 0.0143828 -0.03328603333333333 
    - vertices: p4737(v23) p8607(v15) p1518(v9)
    - neighboring facets: f255 f856 f2854
- f197
    - flags: bottom simplicial
    - normal:  0.009854   0.9999  0.01139
    - offset: -0.01533503
    - vertices: p1803(v46) p820(v12) p7216(v4)
    - neighboring facets: f842 f755 f412
- f227
    - flags: top simplicial
    - normal:   -0.1394   0.9895  0.03683
    - offset: -0.0160019
    - vertices: p5715(v52) p767(v47) p7001(v7)
    - neighboring facets: f2960 f1291 f1871
- f255
    - flags: top simplicial
    - normal:    0.6868    0.412  -0.5988
    - offset: -0.04955987
    - vertices: p5951(v58) p8607(v15) p1518(v9)
    - neighboring facets: f86 f472 f256
- f256
    - flags: top simplicial
    - normal:    0.7248   0.3435  -0.5972
    - offset: -0.04989995
    - center: 0.03480996666666667 0.01303576666666667 -0.03380983333333334 
    - vertices: p5951(v58) p920(v29) p8607(v15)
    - neighboring facets: f873 f255 f514
- f318
    - flags: top simplicial
    - normal:   -0.1693  -0.8625  -0.4768
    - offset: -0.02754383
    - center: 0.008506456666666665 -0.01626793333333334 -0.0313602 
    - vertices: p9109(v72) p5291(v28) p1407(v14)
    - neighboring facets: f836 f2148 f1017
- f325
    - flags: top simplicial
    - normal:   -0.4444  -0.8958 -0.003446
    - offset: -0.02174501
    - center: -0.01348892333333333 -0.01752743333333334 -0.01427793333333333 
    - vertices: p9109(v72) p8077(v39) p9419(v18)
    - neighboring facets: f2202 f624 f1555
- f336
    - flags: bottom simplicial tested
    - normal:   0.02338  -0.9997 0.008789
    - offset: -0.01991558
    - center: 0.001617712333333333 -0.01998773333333334 -0.01180283333333333 
    - vertices: p8168(v74) p8685(v73) p5230(v37)
    - neighboring facets: f4400 f1546 f630
    - ridges:
- f348
    - flags: top simplicial
    - normal:  -0.07546  -0.9823   0.1714
    - offset: -0.01840807
    - vertices: p855(v76) p8290(v38) p9419(v18)
    - neighboring facets: f640 f1597 f1048
- f352
    - flags: bottom simplicial
    - normal:   -0.8517 -0.06382  -0.5201
    - offset: -0.02795732
    - vertices: p4428(v77) p9514(v69) p5921(v35)
    - neighboring facets: f987 f990 f963
- f377
    - flags: bottom simplicial
    - normal:    0.5988  -0.6688   0.4406
    - offset: -0.03587135
    - vertices: p7332(v82) p4724(v81) p6693(v32)
    - neighboring facets: f920 f739 f700
- f412
    - flags: top simplicial
    - normal:  0.009162   0.9998  0.01547
    - offset: -0.01532052
    - vertices: p8489(v89) p1803(v46) p820(v12)
    - neighboring facets: f197 f774 f1231
- f421
    - flags: top simplicial
    - normal:  0.004004   0.9935   0.1135
    - offset: -0.01525975
    - vertices: p9323(v91) p4406(v90) p820(v12)
    - neighboring facets: f775 f2404 f1247
- f431
    - flags: bottom simplicial
    - normal:   0.02191   0.9997 0.005874
    - offset: -0.01570554
    - vertices: p566(v93) p117(v48) p820(v12)
    - neighboring facets: f1904 f2405 f2875
- f468
    - flags: top simplicial
    - normal:  -5.679e-06   0.1295  -0.9916
    - offset: -0.03595401
    - vertices: p342(v100) p5304(v53) p1518(v9)
    - neighboring facets: f470 f832 f469
- f469
    - flags: bottom simplicial
    - normal:   -0.0168   0.1324  -0.9911
    - offset: -0.03563657
    - vertices: p342(v100) p5304(v53) p9729(v27)
    - neighboring facets: f790 f833 f468
- f470
    - flags: bottom simplicial
    - normal:  0.004004   0.1268  -0.9919
    - offset: -0.03606159
    - center: 0.02237283333333333 -0.0031436 -0.03666683333333333 
    - vertices: p4168(v101) p5304(v53) p1518(v9)
    - neighboring facets: f468 f472 f1264
- f472
    - flags: top simplicial
    - normal:   0.09828  0.07066  -0.9926
    - offset: -0.03844615
    - vertices: p4168(v101) p5951(v58) p1518(v9)
    - neighboring facets: f255 f470 f473
- f473
    - flags: bottom simplicial
    - normal:    0.1296  0.05005  -0.9903
    - offset: -0.03916356
    - vertices: p4168(v101) p5951(v58) p5291(v28)
    - neighboring facets: f512 f838 f472
- f484
    - flags: bottom simplicial
    - normal:   0.01086   0.5831  -0.8123
    - offset: -0.03666433
    - vertices: p575(v104) p7325(v55) p1518(v9)
    - neighboring facets: f857 f1307 f1332
- f488
    - flags: bottom simplicial
    - normal:  0.009604   0.9895  -0.1439
    - offset: -0.01992466
    - vertices: p1817(v105) p7325(v55) p2942(v54)
    - neighboring facets: f862 f852 f855
- f499
    - flags: bottom simplicial tested
    - normal:    0.9139 0.002075  -0.4059
    - offset: -0.0458624
    - center: 0.035067 0.007899350000000001 -0.0339951 
    - vertices: p9063(v108) p4094(v107) p920(v29)
    - neighboring facets: f888 f874 f500
- f500
    - flags: top simplicial tested
    - normal:    0.9114 0.001373  -0.4115
    - offset: -0.04596131
    - center: 0.03511806666666667 7.958333333333371e-05 -0.0339105 
    - vertices: p9063(v108) p4094(v107) p6072(v57)
    - neighboring facets: f1362 f878 f499
- f503
    - flags: bottom simplicial tested
    - normal:    0.2084  -0.6053  -0.7682
    - offset: -0.04196783
    - center: 0.02954963333333334 -0.01450383333333333 -0.03518713333333334 
    - vertices: p4960(v109) p5291(v28) p8268(v5)
    - neighboring facets: f883 f1357 f504
- f504
    - flags: top simplicial tested
    - normal:   0.08817  -0.9354  -0.3424
    - offset: -0.02846121
    - center: 0.02897063333333333 -0.01489666666666667 -0.03496353333333333 
    - vertices: p4960(v109) p5291(v28) p270(v26)
    - neighboring facets: f612 f614 f503
- f512
    - flags: top simplicial
    - normal:    0.1811  0.02137  -0.9832
    - offset: -0.04030462
    - vertices: p1768(v110) p5951(v58) p5291(v28)
    - neighboring facets: f473 f1359 f514
- f514
    - flags: bottom simplicial
    - normal:     0.461   0.1009  -0.8817
    - offset: -0.04744399
    - vertices: p1768(v110) p5951(v58) p920(v29)
    - neighboring facets: f256 f887 f512
- f518
    - flags: bottom simplicial
    - normal:    0.4239  -0.7312   0.5345
    - offset: -0.03549681
    - vertices: p2933(v111) p4724(v81) p8941(v6)
    - neighboring facets: f3100 f2553 f921
- f538
    - flags: top simplicial
    - normal:    0.1023  -0.9703   0.2191
    - offset: -0.02029559
    - vertices: p1725(v115) p7630(v63) p5722(v16)
    - neighboring facets: f633 f546 f550
- f543
    - flags: top simplicial
    - normal:   0.08234  -0.8639    0.497
    - offset: -0.02760457
    - vertices: p7282(v116) p2933(v111) p1336(v62)
    - neighboring facets: f919 f544 f892
- f544
    - flags: bottom simplicial
    - normal:    0.1382  -0.9146   0.3799
    - offset: -0.02557416
    - vertices: p7282(v116) p1725(v115) p1336(v62)
    - neighboring facets: f916 f543 f546
- f546
    - flags: top simplicial
    - normal:    0.0267  -0.9461   0.3228
    - offset: -0.02158678
    - vertices: p7282(v116) p1725(v115) p5722(v16)
    - neighboring facets: f538 f906 f544
- f550
    - flags: bottom simplicial
    - normal:    0.2737  -0.9292   0.2483
    - offset: -0.0246559
    - vertices: p6622(v117) p1725(v115) p7630(v63)
    - neighboring facets: f538 f736 f917
- f612
    - flags: bottom simplicial tested
    - normal:   0.05395  -0.9718  -0.2295
    - offset: -0.02407951
    - center: 0.01785012333333333 -0.0165629 -0.03058496666666667 
    - vertices: p7751(v130) p5291(v28) p270(v26)
    - neighboring facets: f504 f614 f1541
- f614
    - flags: top simplicial tested
    - normal:   0.07393  -0.9799  -0.1851
    - offset: -0.0233675
    - center: 0.02307832333333333 -0.01659986666666667 -0.02913776666666667 
    - vertices: p7751(v130) p4960(v109) p270(v26)
    - neighboring facets: f504 f612 f1548
- f624
    - flags: top simplicial tested
    - normal:   -0.1253  -0.9921 0.004807
    - offset: -0.02081421
    - center: -0.008447626666666666 -0.01997943333333333 -0.01372416666666666 
    - vertices: p2230(v132) p9109(v72) p9419(v18)
    - neighboring facets: f325 f1041 f4399
    - ridges:
- f630
    - flags: top simplicial
    - normal:   0.04644   -0.984   0.1719
    - offset: -0.01780405
    - vertices: p5800(v134) p8168(v74) p8685(v73)
    - neighboring facets: f336 f1055 f635
- f633
    - flags: bottom simplicial
    - normal:   0.07941  -0.9771   0.1972
    - offset: -0.01919278
    - vertices: p5800(v134) p7630(v63) p5722(v16)
    - neighboring facets: f538 f1054 f634
- f634
    - flags: bottom simplicial
    - normal:    0.0999  -0.9831   0.1535
    - offset: -0.01842656
    - vertices: p5800(v134) p9844(v133) p7630(v63)
    - neighboring facets: f737 f633 f635
- f635
    - flags: top simplicial
    - normal:   0.09182  -0.9844   0.1503
    - offset: -0.01817047
    - vertices: p5800(v134) p9844(v133) p8168(v74)
    - neighboring facets: f1202 f630 f634
- f640
    - flags: bottom simplicial
    - normal:  -0.002721  -0.9809   0.1947
    - offset: -0.01750072
    - vertices: p3114(v136) p8290(v38) p9419(v18)
    - neighboring facets: f348 f646 f1044
- f646
    - flags: bottom simplicial
    - normal:  -0.0007749  -0.9808   0.1952
    - offset: -0.01747615
    - center: -0.009821260666666666 -0.0172076 0.0030326 
    - vertices: p1339(v137) p3114(v136) p9419(v18)
    - neighboring facets: f640 f1582 f647
- f647
    - flags: top simplicial
    - normal:  -3.414e-05  -0.9807   0.1955
    - offset: -0.01747076
    - vertices: p1339(v137) p3114(v136) p8543(v75)
    - neighboring facets: f1051 f1052 f646
- f661
    - flags: top simplicial
    - normal:   -0.8346  -0.3432  -0.4308
    - offset: -0.02966634
    - vertices: p1742(v140) p4428(v77) p8077(v39)
    - neighboring facets: f962 f1557 f2690
- f692
    - flags: bottom simplicial
    - normal:    0.9516  -0.1244    0.281
    - offset: -0.03603915
    - center: 0.03240686666666667 -0.009261170000000001 0.01440853 
    - vertices: p1460(v146) p6840(v80) p7647(v11)
    - neighboring facets: f1614 f1661 f693
- f693
    - flags: top simplicial
    - normal:    0.9598 -0.07321   0.2711
    - offset: -0.03572801
    - center: 0.03230373333333334 -0.007125626666666667 0.01550209666666667 
    - vertices: p1460(v146) p6840(v80) p5793(v79)
    - neighboring facets: f1632 f1662 f692
- f696
    - flags: top simplicial
    - normal:    0.8895  -0.3258   0.3203
    - offset: -0.03669493
    - vertices: p8151(v147) p3933(v42) p7647(v11)
    - neighboring facets: f3323 f740 f698
- f698
    - flags: top simplicial
    - normal:    0.7782  -0.4847   0.3994
    - offset: -0.03763616
    - vertices: p8151(v147) p7332(v82) p3933(v42)
    - neighboring facets: f1134 f696 f741
- f700
    - flags: top simplicial
    - normal:    0.6179  -0.6479   0.4454
    - offset: -0.03634931
    - vertices: p2567(v148) p7332(v82) p4724(v81)
    - neighboring facets: f377 f2309 f1135
- f724
    - flags: bottom simplicial tested
    - normal:    0.9999  -0.0133  0.01101
    - offset: -0.03540238
    - center: 0.035198 -0.0135939 0.00261602 
    - vertices: p6076(v153) p332(v59) p7647(v11)
    - neighboring facets: f1664 f738 f4426
    - ridges:
- f732
    - flags: top simplicial
    - normal:    0.9429  -0.3285  0.05455
    - offset: -0.03789507
    - center: 0.03510273333333334 -0.0143773 0.001336284666666667 
    - vertices: p7817(v154) p6076(v153) p8510(v86)
    - neighboring facets: f3571 f1196 f738
- f733
    - flags: top simplicial
    - normal:    0.4988   -0.818   0.2863
    - offset: -0.03008324
    - vertices: p7817(v154) p6622(v117) p6693(v32)
    - neighboring facets: f918 f739 f736
- f736
    - flags: bottom simplicial
    - normal:    0.2988  -0.9267   0.2279
    - offset: -0.02459619
    - vertices: p7817(v154) p6622(v117) p7630(v63)
    - neighboring facets: f550 f737 f733
- f737
    - flags: top simplicial
    - normal:    0.1498  -0.9739   0.1705
    - offset: -0.01998243
    - vertices: p7817(v154) p9844(v133) p7630(v63)
    - neighboring facets: f634 f736 f1203
- f738
    - flags: bottom simplicial
    - normal:    0.9331  -0.3282   0.1472
    - offset: -0.0377244
    - vertices: p7817(v154) p6076(v153) p7647(v11)
    - neighboring facets: f724 f740 f732
- f739
    - flags: bottom simplicial
    - normal:    0.6505  -0.6879    0.322
    - offset: -0.03351959
    - vertices: p7817(v154) p7332(v82) p6693(v32)
    - neighboring facets: f377 f733 f741
- f740
    - flags: top simplicial
    - normal:     0.823  -0.4651    0.326
    - offset: -0.03625331
    - vertices: p7817(v154) p8151(v147) p7647(v11)
    - neighboring facets: f696 f738 f741
- f741
    - flags: bottom simplicial
    - normal:     0.818  -0.4735   0.3265
    - offset: -0.03620427
    - vertices: p7817(v154) p8151(v147) p7332(v82)
    - neighboring facets: f698 f739 f740
- f749
    - flags: top simplicial
    - normal:    0.1537  -0.9881 -0.001877
    - offset: -0.02013283
    - center: 0.02396562666666667 -0.01661263333333333 -0.01833626666666667 
    - vertices: p5134(v156) p4960(v109) p8168(v74)
    - neighboring facets: f1547 f1219 f1223
- f755
    - flags: bottom simplicial
    - normal:  0.007363   0.9999  0.01198
    - offset: -0.01531759
    - vertices: p7665(v158) p1803(v46) p7216(v4)
    - neighboring facets: f197 f1236 f1233
- f768
    - flags: top simplicial
    - normal:    0.2816   0.9368   0.2077
    - offset: -0.02373204
    - center: 0.031238 0.0135035 0.01100009 
    - vertices: p439(v160) p566(v93) p2787(v43)
    - neighboring facets: f1699 f2230 f1830
- f772
    - flags: bottom simplicial
    - normal:  -0.004197   0.9992  0.03987
    - offset: -0.01520947
    - vertices: p1494(v161) p6241(v159) p388(v22)
    - neighboring facets: f3036 f1760 f1821
- f774
    - flags: top simplicial
    - normal:  0.005681   0.9985  0.05393
    - offset: -0.01526775
    - vertices: p1494(v161) p8489(v89) p820(v12)
    - neighboring facets: f412 f775 f1820
- f775
    - flags: bottom simplicial
    - normal:  0.003115   0.9957  0.09215
    - offset: -0.01522146
    - vertices: p1494(v161) p4406(v90) p820(v12)
    - neighboring facets: f421 f774 f1248
- f790
    - flags: top simplicial
    - normal:  -0.06562   0.1376  -0.9883
    - offset: -0.03470352
    - center: 0.01608283333333333 -0.002928266666666666 -0.03658913333333334 
    - vertices: p5732(v164) p5304(v53) p9729(v27)
    - neighboring facets: f469 f1342 f1263
- f822
    - flags: top simplicial
    - normal:   -0.1565   0.9861 -0.05557
    - offset: -0.01806021
    - vertices: p5712(v172) p3866(v99) p5715(v52)
    - neighboring facets: f1869 f1844 f2487
- f832
    - flags: top simplicial
    - normal:  -1.682e-05    0.131  -0.9914
    - offset: -0.03596853
    - vertices: p1760(v174) p342(v100) p1518(v9)
    - neighboring facets: f468 f1308 f833
- f833
    - flags: bottom simplicial
    - normal:   -0.0108   0.1767  -0.9842
    - offset: -0.03615453
    - vertices: p1760(v174) p342(v100) p9729(v27)
    - neighboring facets: f469 f1306 f832
- f836
    - flags: bottom simplicial
    - normal:  -0.06816   -0.258  -0.9637
    - offset: -0.03893899
    - vertices: p6405(v175) p5291(v28) p1407(v14)
    - neighboring facets: f318 f837 f838
- f837
    - flags: top simplicial
    - normal:  -0.06197  -0.1775  -0.9822
    - offset: -0.03859848
    - center: 0.01603263333333333 -0.0139604 -0.03778756666666667 
    - vertices: p6405(v175) p1887(v102) p1407(v14)
    - neighboring facets: f1262 f836 f4395
    - ridges:
- f838
    - flags: bottom simplicial
    - normal:   0.01926 -0.002868  -0.9998
    - offset: -0.03819889
    - center: 0.01813 -0.013706 -0.0378175 
    - vertices: p6405(v175) p4168(v101) p5291(v28)
    - neighboring facets: f473 f836 f4396
    - ridges:
- f840
    - flags: top simplicial
    - normal:  -0.07647   0.9355   -0.345
    - offset: -0.02459921
    - vertices: p7832(v176) p160(v103) p2942(v54)
    - neighboring facets: f1912 f1327 f1320
- f842
    - flags: top simplicial
    - normal:   0.01288   0.9999 0.008223
    - offset: -0.01542496
    - vertices: p7832(v176) p820(v12) p7216(v4)
    - neighboring facets: f197 f1309 f1905
- f852
    - flags: bottom simplicial
    - normal:   0.01314   0.9958 -0.09036
    - offset: -0.01835603
    - vertices: p442(v178) p1817(v105) p2942(v54)
    - neighboring facets: f488 f1328 f855
- f855
    - flags: top simplicial
    - normal:   0.02093   0.9894  -0.1439
    - offset: -0.02028619
    - vertices: p442(v178) p1817(v105) p7325(v55)
    - neighboring facets: f488 f857 f852
- f856
    - flags: bottom simplicial
    - normal:     0.244   0.9058  -0.3463
    - offset: -0.03309801
    - vertices: p442(v178) p4737(v23) p1518(v9)
    - neighboring facets: f86 f857 f1900
- f857
    - flags: top simplicial
    - normal:    0.2392   0.9064  -0.3483
    - offset: -0.03301175
    - vertices: p442(v178) p7325(v55) p1518(v9)
    - neighboring facets: f484 f856 f855
- f858
    - flags: top simplicial
    - normal:   -0.1104    0.663  -0.7404
    - offset: -0.03294488
    - vertices: p364(v179) p5024(v106) p9729(v27)
    - neighboring facets: f1344 f1331 f1339
- f862
    - flags: top simplicial
    - normal:    0.0083   0.9877  -0.1561
    - offset: -0.02027049
    - vertices: p4727(v180) p7325(v55) p2942(v54)
    - neighboring facets: f488 f1334 f864
- f864
    - flags: top simplicial
    - normal:  7.714e-05   0.9183   -0.396
    - offset: -0.02713556
    - vertices: p4727(v180) p364(v179) p7325(v55)
    - neighboring facets: f1906 f862 f1341
- f873
    - flags: bottom simplicial tested
    - normal:    0.9795  0.02766  -0.1997
    - offset: -0.04142981
    - center: 0.03513226666666668 0.0125763 -0.03339906666666666 
    - vertices: p6355(v182) p920(v29) p8607(v15)
    - neighboring facets: f256 f4423 f874
    - ridges:
- f874
    - flags: bottom simplicial tested
    - normal:    0.9791  0.01335  -0.2031
    - offset: -0.04135838
    - center: 0.03512776666666667 0.009325423333333334 -0.03368173333333333 
    - vertices: p6355(v182) p9063(v108) p920(v29)
    - neighboring facets: f499 f873 f2525
- f878
    - flags: top simplicial
    - normal:    0.9488 0.0004633  -0.3158
    - offset: -0.04404418
    - center: 0.03516333333333333 -0.006467376666666666 -0.03383073333333333 
    - vertices: p1096(v183) p9063(v108) p6072(v57)
    - neighboring facets: f500 f881 f1935
- f881
    - flags: top simplicial
    - normal:    0.7611 -0.005048  -0.6486
    - offset: -0.04878381
    - center: 0.0350226 -0.0124227 -0.03401936666666668 
    - vertices: p1096(v183) p6072(v57) p8268(v5)
    - neighboring facets: f1364 f1358 f878
- f883
    - flags: top simplicial
    - normal:    0.2174 -0.005668  -0.9761
    - offset: -0.04112779
    - vertices: p3861(v184) p5291(v28) p8268(v5)
    - neighboring facets: f503 f1940 f1941
- f887
    - flags: bottom simplicial
    - normal:    0.5566 0.001708  -0.8308
    - offset: -0.04785539
    - vertices: p2261(v185) p1768(v110) p920(v29)
    - neighboring facets: f514 f888 f1366
- f888
    - flags: top simplicial
    - normal:    0.6922 -0.0006327  -0.7217
    - offset: -0.04885024
    - vertices: p2261(v185) p4094(v107) p920(v29)
    - neighboring facets: f499 f887 f1363
- f891
    - flags: top simplicial
    - normal:   0.03545  -0.8638   0.5026
    - offset: -0.02674893
    - vertices: p6060(v186) p7282(v116) p9864(v31)
    - neighboring facets: f3122 f1945 f892
- f892
    - flags: bottom simplicial
    - normal:   0.04692  -0.8607   0.5069
    - offset: -0.02711032
    - vertices: p6060(v186) p7282(v116) p2933(v111)
    - neighboring facets: f543 f3060 f891
- f906
    - flags: top simplicial
    - normal:   0.01862   -0.946   0.3237
    - offset: -0.02143596
    - vertices: p9846(v188) p7282(v116) p5722(v16)
    - neighboring facets: f546 f1049 f907
- f907
    - flags: bottom simplicial
    - normal:  0.002389  -0.9397   0.3421
    - offset: -0.02160879
    - vertices: p9846(v188) p7282(v116) p9364(v61)
    - neighboring facets: f912 f1391 f906
- f912
    - flags: top simplicial
    - normal:  0.0001732  -0.9052    0.425
    - offset: -0.02388922
    - vertices: p2030(v189) p7282(v116) p9364(v61)
    - neighboring facets: f907 f1395 f1400
- f916
    - flags: top simplicial
    - normal:    0.2324  -0.9097   0.3441
    - offset: -0.02652566
    - vertices: p1899(v190) p1725(v115) p1336(v62)
    - neighboring facets: f544 f919 f917
- f917
    - flags: top simplicial
    - normal:    0.2782  -0.9134   0.2972
    - offset: -0.02612434
    - vertices: p1899(v190) p6622(v117) p1725(v115)
    - neighboring facets: f550 f916 f918
- f918
    - flags: bottom simplicial
    - normal:    0.3633  -0.8749   0.3203
    - offset: -0.02848995
    - vertices: p1899(v190) p6622(v117) p6693(v32)
    - neighboring facets: f733 f920 f917
- f919
    - flags: bottom simplicial
    - normal:    0.3646  -0.7883   0.4957
    - offset: -0.03331513
    - vertices: p1899(v190) p2933(v111) p1336(v62)
    - neighboring facets: f543 f916 f921
- f920
    - flags: top simplicial
    - normal:      0.51  -0.7165    0.476
    - offset: -0.03536188
    - vertices: p1899(v190) p4724(v81) p6693(v32)
    - neighboring facets: f377 f918 f921
- f921
    - flags: top simplicial
    - normal:     0.455  -0.7361   0.5011
    - offset: -0.03508455
    - vertices: p1899(v190) p2933(v111) p4724(v81)
    - neighboring facets: f518 f920 f919
- f943
    - flags: top simplicial
    - normal:   -0.8871  -0.4579  0.05776
    - offset: -0.02942084
    - center: -0.02653603333333333 -0.009206776666666664 0.02881166666666667 
    - vertices: p6408(v195) p5340(v121) p7366(v33)
    - neighboring facets: f948 f1429 f1465
- f948
    - flags: bottom simplicial
    - normal:   -0.9226  -0.3758  0.08662
    - offset: -0.0304495
    - vertices: p9806(v196) p5340(v121) p7366(v33)
    - neighboring facets: f943 f950 f949
- f949
    - flags: top simplicial
    - normal:   -0.9563  -0.2793  0.08589
    - offset: -0.03046231
    - center: -0.02674116666666667 -0.008222429999999999 0.03017483333333333 
    - vertices: p9806(v196) p5340(v121) p2737(v118)
    - neighboring facets: f1413 f1436 f948
- f950
    - flags: top simplicial
    - normal:   -0.7045  -0.6709   0.2316
    - offset: -0.03182035
    - vertices: p9806(v196) p5893(v138) p7366(v33)
    - neighboring facets: f1067 f948 f2027
- f955
    - flags: top simplicial
    - normal:   -0.9295 -0.0005164  -0.3687
    - offset: -0.02780314
    - center: -0.02646246666666667 -0.0002647413333333334 -0.00869254 
    - vertices: p1437(v197) p522(v122) p4409(v67)
    - neighboring facets: f1449 f2628 f1443
- f958
    - flags: bottom simplicial
    - normal:   -0.7956  -0.5465  -0.2615
    - offset: -0.02902748
    - vertices: p8783(v198) p8077(v39) p2718(v17)
    - neighboring facets: f2201 f959 f962
- f959
    - flags: top simplicial
    - normal:   -0.9214 -0.01287  -0.3885
    - offset: -0.02778134
    - vertices: p8783(v198) p1437(v197) p2718(v17)
    - neighboring facets: f2032 f958 f2035
- f962
    - flags: bottom simplicial
    - normal:   -0.8504  -0.3216  -0.4164
    - offset: -0.0295656
    - vertices: p8783(v198) p4428(v77) p8077(v39)
    - neighboring facets: f661 f958 f963
- f963
    - flags: top simplicial
    - normal:   -0.8611  -0.2415  -0.4475
    - offset: -0.02928772
    - vertices: p8783(v198) p4428(v77) p9514(v69)
    - neighboring facets: f352 f3157 f962
- f967
    - flags: top simplicial
    - normal:   -0.9092 0.008376  -0.4162
    - offset: -0.02771432
    - vertices: p9851(v199) p522(v122) p9559(v13)
    - neighboring facets: f2618 f1495 f1455
- f987
    - flags: top simplicial
    - normal:   -0.8562  -0.0233  -0.5161
    - offset: -0.0275905
    - vertices: p483(v203) p9514(v69) p5921(v35)
    - neighboring facets: f352 f2068 f1489
- f990
    - flags: bottom simplicial
    - normal:    -0.824 -0.01876  -0.5663
    - offset: -0.02742761
    - vertices: p1571(v204) p4428(v77) p5921(v35)
    - neighboring facets: f352 f2644 f1512
- f1017
    - flags: bottom simplicial tested
    - normal:   -0.0739  -0.9307  -0.3583
    - offset: -0.02589673
    - center: 0.003037586666666666 -0.0182603 -0.0254708 
    - vertices: p2452(v209) p9109(v72) p5291(v28)
    - neighboring facets: f318 f2186 f1552
- f1027
    - flags: bottom simplicial
    - normal:   -0.4832  -0.8472   -0.221
    - offset: -0.02514232
    - vertices: p5084(v211) p5821(v131) p9109(v72)
    - neighboring facets: f1039 f1556 f1561
- f1039
    - flags: top simplicial
    - normal:   -0.4713  -0.8038  -0.3631
    - offset: -0.02681379
    - vertices: p5197(v213) p5821(v131) p9109(v72)
    - neighboring facets: f1027 f1530 f2745
- f1041
    - flags: top simplicial tested
    - normal:  -0.03033  -0.9988  0.03926
    - offset: -0.01975691
    - center: -0.008083593333333333 -0.01997943333333333 -0.01128613333333333 
    - vertices: p511(v214) p2230(v132) p9419(v18)
    - neighboring facets: f624 f1583 f4403
    - ridges:
- f1044
    - flags: top simplicial
    - normal:  -0.007923  -0.9783   0.2071
    - offset: -0.01795532
    - vertices: p9154(v215) p3114(v136) p8290(v38)
    - neighboring facets: f640 f1048 f1051
- f1047
    - flags: top simplicial
    - normal:   -0.1796  -0.9488   0.2598
    - offset: -0.02299068
    - vertices: p9154(v215) p855(v76) p1422(v10)
    - neighboring facets: f1057 f1397 f1048
- f1048
    - flags: bottom simplicial
    - normal:  -0.09828  -0.9728   0.2098
    - offset: -0.0199451
    - vertices: p9154(v215) p855(v76) p8290(v38)
    - neighboring facets: f348 f1044 f1047
- f1049
    - flags: top simplicial
    - normal:  0.000107  -0.9662   0.2579
    - offset: -0.01921348
    - vertices: p9154(v215) p9846(v188) p5722(v16)
    - neighboring facets: f906 f1050 f1993
- f1050
    - flags: bottom simplicial
    - normal:  0.0001631  -0.9697   0.2443
    - offset: -0.01883143
    - vertices: p9154(v215) p8543(v75) p5722(v16)
    - neighboring facets: f1053 f1049 f1051
- f1051
    - flags: bottom simplicial
    - normal:  5.153e-05   -0.972   0.2351
    - offset: -0.01857521
    - vertices: p9154(v215) p3114(v136) p8543(v75)
    - neighboring facets: f647 f1050 f1044
- f1052
    - flags: top simplicial
    - normal:  0.003313   -0.981    0.194
    - offset: -0.01749154
    - vertices: p964(v216) p1339(v137) p8543(v75)
    - neighboring facets: f647 f1053 f1056
- f1053
    - flags: top simplicial
    - normal:  0.006927  -0.9768    0.214
    - offset: -0.01811941
    - vertices: p964(v216) p8543(v75) p5722(v16)
    - neighboring facets: f1050 f1054 f1052
- f1054
    - flags: bottom simplicial
    - normal:   0.05497  -0.9789    0.197
    - offset: -0.0186695
    - vertices: p964(v216) p5800(v134) p5722(v16)
    - neighboring facets: f633 f1053 f1055
- f1055
    - flags: top simplicial
    - normal:   0.03059  -0.9832     0.18
    - offset: -0.01768396
    - vertices: p964(v216) p5800(v134) p8685(v73)
    - neighboring facets: f630 f1056 f1054
- f1056
    - flags: bottom simplicial
    - normal:   0.02461  -0.9828   0.1829
    - offset: -0.01763882
    - center: 0.007324418333333332 -0.01726116666666668 0.002700300000000003 
    - vertices: p964(v216) p1339(v137) p8685(v73)
    - neighboring facets: f2198 f1055 f1052
- f1057
    - flags: bottom simplicial
    - normal:   -0.2621  -0.9319   0.2509
    - offset: -0.02441111
    - vertices: p8279(v217) p855(v76) p1422(v10)
    - neighboring facets: f1047 f1586 f1058
- f1058
    - flags: bottom simplicial
    - normal:   -0.4206   -0.889   0.1808
    - offset: -0.02546093
    - vertices: p8279(v217) p5893(v138) p855(v76)
    - neighboring facets: f1595 f1057 f1591
- f1067
    - flags: bottom simplicial
    - normal:   -0.6243  -0.7691   0.1368
    - offset: -0.02778927
    - vertices: p6736(v219) p5893(v138) p7366(v33)
    - neighboring facets: f950 f1068 f1596
- f1068
    - flags: top simplicial
    - normal:   -0.6589   -0.747  0.08902
    - offset: -0.02706194
    - vertices: p6736(v219) p7182(v139) p7366(v33)
    - neighboring facets: f2022 f1067 f2205
- f1131
    - flags: top simplicial
    - normal:     0.987 -0.006355   0.1607
    - offset: -0.03549966
    - center: 0.03494246666666667 -0.00647909 0.006041460000000001 
    - vertices: p851(v232) p5925(v228) p5793(v79)
    - neighboring facets: f1663 f1132 f1673
- f1132
    - flags: top simplicial
    - normal:     0.966 -0.003359   0.2585
    - offset: -0.03536984
    - vertices: p851(v232) p5793(v79) p6104(v20)
    - neighboring facets: f2245 f1133 f1131
- f1133
    - flags: bottom simplicial
    - normal:    0.9662 2.384e-05   0.2578
    - offset: -0.03535086
    - vertices: p851(v232) p7797(v145) p6104(v20)
    - neighboring facets: f2307 f1132 f2303
- f1134
    - flags: bottom simplicial
    - normal:    0.7487  -0.5139   0.4188
    - offset: -0.03774945
    - vertices: p5466(v233) p7332(v82) p3933(v42)
    - neighboring facets: f698 f3325 f1135
- f1135
    - flags: bottom simplicial
    - normal:    0.7209  -0.5412    0.433
    - offset: -0.03771987
    - vertices: p5466(v233) p2567(v148) p7332(v82)
    - neighboring facets: f700 f1134 f1690
- f1141
    - flags: top simplicial tested
    - normal:         1 0.009636   0.0012
    - offset: -0.03533295
    - center: 0.03519836666666666 0.01393326666666667 0.001653033333333333 
    - vertices: p9765(v234) p3081(v83) p2787(v43)
    - neighboring facets: f2827 f1142 f4422
    - ridges:
- f1142
    - flags: bottom simplicial tested
    - normal:    0.9999  0.01522 0.001223
    - offset: -0.03540943
    - center: 0.03519836666666667 0.01414753333333333 -0.0001102000000000001 
    - vertices: p9765(v234) p7506(v149) p2787(v43)
    - neighboring facets: f2320 f1141 f4429
    - ridges:
- f1196
    - flags: top simplicial
    - normal:    0.8794   -0.476 0.004849
    - offset: -0.03776688
    - vertices: p4364(v244) p7817(v154) p8510(v86)
    - neighboring facets: f732 f1802 f1798
- f1202
    - flags: bottom simplicial
    - normal:    0.1136  -0.9881   0.1037
    - offset: -0.01883009
    - vertices: p241(v246) p9844(v133) p8168(v74)
    - neighboring facets: f635 f1204 f1203
- f1203
    - flags: bottom simplicial
    - normal:    0.1353  -0.9833   0.1215
    - offset: -0.01952122
    - vertices: p241(v246) p7817(v154) p9844(v133)
    - neighboring facets: f737 f1202 f1205
- f1204
    - flags: bottom simplicial
    - normal:    0.1335  -0.9894  0.05725
    - offset: -0.01943472
    - vertices: p241(v246) p8168(v74) p6565(v21)
    - neighboring facets: f1217 f1205 f1202
- f1205
    - flags: top simplicial
    - normal:    0.1404  -0.9883  0.06048
    - offset: -0.01965243
    - vertices: p241(v246) p7817(v154) p6565(v21)
    - neighboring facets: f1816 f1204 f1203
- f1210
    - flags: bottom simplicial tested
    - normal:    0.9585  -0.2817 -0.04349
    - offset: -0.03899417
    - center: 0.03505803333333334 -0.01441346666666667 -0.0305868 
    - vertices: p484(v247) p9114(v155) p4960(v109)
    - neighboring facets: f1213 f1356 f2470
- f1212
    - flags: bottom simplicial
    - normal:    0.9012  -0.4334 -0.009503
    - offset: -0.03818867
    - vertices: p8243(v248) p9114(v155) p4736(v45)
    - neighboring facets: f2464 f1799 f1213
- f1213
    - flags: top simplicial
    - normal:    0.9294  -0.3678 -0.03169
    - offset: -0.03886858
    - vertices: p8243(v248) p9114(v155) p4960(v109)
    - neighboring facets: f1210 f1810 f1212
- f1217
    - flags: top simplicial
    - normal:    0.1536  -0.9881 -0.0003608
    - offset: -0.02011565
    - vertices: p2368(v249) p8168(v74) p6565(v21)
    - neighboring facets: f1204 f1218 f1219
- f1218
    - flags: bottom simplicial
    - normal:    0.1558  -0.9878 -0.0004001
    - offset: -0.02018456
    - vertices: p2368(v249) p5134(v156) p6565(v21)
    - neighboring facets: f1817 f1217 f1219
- f1219
    - flags: top simplicial
    - normal:    0.1536  -0.9881 -0.0004348
    - offset: -0.02011648
    - vertices: p2368(v249) p5134(v156) p8168(v74)
    - neighboring facets: f749 f1217 f1218
- f1223
    - flags: bottom simplicial
    - normal:    0.2457  -0.9693 -0.001105
    - offset: -0.02302783
    - vertices: p4030(v250) p5134(v156) p4960(v109)
    - neighboring facets: f749 f2475 f2477
- f1231
    - flags: bottom simplicial
    - normal:  0.005486   0.9998  0.01838
    - offset: -0.0152895
    - vertices: p9546(v253) p8489(v89) p1803(v46)
    - neighboring facets: f412 f1233 f1819
- f1233
    - flags: top simplicial
    - normal:  0.005432   0.9999  0.01454
    - offset: -0.01529881
    - vertices: p9546(v253) p7665(v158) p1803(v46)
    - neighboring facets: f755 f1231 f1236
- f1236
    - flags: bottom simplicial
    - normal:  0.004097   0.9999  0.01268
    - offset: -0.01529687
    - vertices: p9546(v253) p7665(v158) p7216(v4)
    - neighboring facets: f755 f1885 f1233
- f1247
    - flags: bottom simplicial
    - normal:  0.0001324   0.9935   0.1138
    - offset: -0.01518303
    - vertices: p4482(v256) p9323(v91) p4406(v90)
    - neighboring facets: f421 f1248 f1758
- f1248
    - flags: top simplicial
    - normal:  0.0005771   0.9942   0.1076
    - offset: -0.01518664
    - vertices: p4482(v256) p1494(v161) p4406(v90)
    - neighboring facets: f775 f1247 f1759
- f1257
    - flags: bottom simplicial
    - normal:   0.07452   0.9972 -0.001155
    - offset: -0.01754337
    - center: 0.03441026666666667 0.01499156666666667 -0.02533436666666667 
    - vertices: p8159(v258) p435(v257) p5764(v162)
    - neighboring facets: f2852 f1902 f1837
- f1262
    - flags: bottom simplicial tested
    - normal:   -0.0675  -0.1662  -0.9838
    - offset: -0.03841805
    - center: 0.01515776666666667 -0.0136386 -0.03778756666666666 
    - vertices: p3557(v259) p1887(v102) p1407(v14)
    - neighboring facets: f837 f2151 f4395
    - ridges:
- f1263
    - flags: bottom simplicial tested
    - normal:  -0.07165   0.0662  -0.9952
    - offset: -0.0357043
    - center: 0.0147933 -0.012171 -0.03775009999999999 
    - vertices: p3557(v259) p5732(v164) p5304(v53)
    - neighboring facets: f790 f1264 f2152
- f1264
    - flags: top simplicial tested
    - normal:  -0.01376  0.03407  -0.9993
    - offset: -0.03714604
    - center: 0.0161354 -0.01235216666666667 -0.03781446666666666 
    - vertices: p3557(v259) p4168(v101) p5304(v53)
    - neighboring facets: f470 f1263 f4396
    - ridges:
- f1286
    - flags: top simplicial
    - normal:    -0.511  0.03473  -0.8589
    - offset: -0.02702623
    - vertices: p9912(v263) p4314(v260) p3821(v95)
    - neighboring facets: f1840 f1855 f1863
- f1291
    - flags: top simplicial
    - normal:   -0.2016   0.9791  0.02752
    - offset: -0.01706758
    - vertices: p8541(v264) p5715(v52) p7001(v7)
    - neighboring facets: f227 f2670 f2669
- f1305
    - flags: top simplicial
    - normal:  -0.001087   0.3532  -0.9355
    - offset: -0.03721603
    - vertices: p2802(v267) p575(v104) p9729(v27)
    - neighboring facets: f1330 f1306 f1307
- f1306
    - flags: bottom simplicial
    - normal:  -0.001105   0.3519   -0.936
    - offset: -0.0372137
    - vertices: p2802(v267) p1760(v174) p9729(v27)
    - neighboring facets: f833 f1305 f1308
- f1307
    - flags: bottom simplicial
    - normal:  0.0004726   0.3268  -0.9451
    - offset: -0.0372029
    - vertices: p2802(v267) p575(v104) p1518(v9)
    - neighboring facets: f484 f1308 f1305
- f1308
    - flags: top simplicial
    - normal:  1.068e-05   0.2091  -0.9779
    - offset: -0.03662605
    - vertices: p2802(v267) p1760(v174) p1518(v9)
    - neighboring facets: f832 f1307 f1306
- f1309
    - flags: top simplicial
    - normal:  -0.03748   0.9969 -0.06879
    - offset: -0.01752166
    - vertices: p9012(v268) p7832(v176) p7216(v4)
    - neighboring facets: f842 f1883 f1310
- f1310
    - flags: bottom simplicial
    - normal:   -0.1382   0.9419  -0.3062
    - offset: -0.02340387
    - vertices: p9012(v268) p7832(v176) p9891(v173)
    - neighboring facets: f1319 f1889 f1309
- f1314
    - flags: bottom simplicial
    - normal:  -0.01377   0.9998  0.01678
    - offset: -0.01520271
    - vertices: p9012(v268) p6241(v159) p4897(v157)
    - neighboring facets: f1822 f1884 f3578
- f1318
    - flags: top simplicial
    - normal:   -0.3066   0.6748  -0.6713
    - offset: -0.02995663
    - vertices: p6727(v269) p9891(v173) p6902(v49)
    - neighboring facets: f2483 f2165 f1319
- f1319
    - flags: top simplicial
    - normal:   -0.2255   0.8035   -0.551
    - offset: -0.02823117
    - vertices: p6727(v269) p7832(v176) p9891(v173)
    - neighboring facets: f1310 f1318 f1320
- f1320
    - flags: bottom simplicial
    - normal:   -0.2338   0.7663  -0.5984
    - offset: -0.02902599
    - vertices: p6727(v269) p7832(v176) p160(v103)
    - neighboring facets: f840 f2514 f1319
- f1327
    - flags: top simplicial
    - normal:  -0.06529   0.9488  -0.3089
    - offset: -0.02377354
    - vertices: p5298(v271) p7832(v176) p2942(v54)
    - neighboring facets: f840 f1328 f1898
- f1328
    - flags: bottom simplicial
    - normal:   0.01444   0.9976 -0.06721
    - offset: -0.01766179
    - vertices: p5298(v271) p442(v178) p2942(v54)
    - neighboring facets: f852 f1327 f1899
- f1330
    - flags: bottom simplicial
    - normal:  -0.00321   0.5278  -0.8494
    - offset: -0.03673948
    - vertices: p9961(v272) p575(v104) p9729(v27)
    - neighboring facets: f1305 f1331 f1332
- f1331
    - flags: top simplicial
    - normal:  -0.009534   0.6117  -0.7911
    - offset: -0.03583082
    - vertices: p9961(v272) p364(v179) p9729(v27)
    - neighboring facets: f858 f1330 f1908
- f1332
    - flags: top simplicial
    - normal:  0.005057   0.6288  -0.7775
    - offset: -0.03597425
    - vertices: p9961(v272) p575(v104) p7325(v55)
    - neighboring facets: f484 f1907 f1330
- f1334
    - flags: top simplicial
    - normal:  0.005111    0.984  -0.1778
    - offset: -0.02087188
    - vertices: p6858(v273) p4727(v180) p2942(v54)
    - neighboring facets: f862 f1913 f1911
- f1339
    - flags: bottom simplicial
    - normal:  -0.002575   0.9401  -0.3408
    - offset: -0.02553409
    - vertices: p1876(v274) p364(v179) p5024(v106)
    - neighboring facets: f858 f1340 f1341
- f1340
    - flags: top simplicial
    - normal:  -0.002293   0.9435  -0.3314
    - offset: -0.02527146
    - vertices: p1876(v274) p4727(v180) p5024(v106)
    - neighboring facets: f1909 f1339 f1341
- f1341
    - flags: bottom simplicial
    - normal:  -0.002523   0.9399  -0.3415
    - offset: -0.0255537
    - vertices: p1876(v274) p4727(v180) p364(v179)
    - neighboring facets: f864 f1339 f1340
- f1342
    - flags: top simplicial
    - normal:   -0.2012   0.1606  -0.9663
    - offset: -0.03174191
    - vertices: p7521(v275) p5732(v164) p9729(v27)
    - neighboring facets: f790 f1344 f2160
- f1344
    - flags: bottom simplicial
    - normal:   -0.1176   0.6535  -0.7478
    - offset: -0.03292429
    - vertices: p7521(v275) p5024(v106) p9729(v27)
    - neighboring facets: f858 f1342 f1345
- f1345
    - flags: bottom simplicial
    - normal:   -0.1038    0.779  -0.6183
    - offset: -0.03069797
    - vertices: p7521(v275) p6858(v273) p5024(v106)
    - neighboring facets: f1910 f1344 f1916
- f1356
    - flags: bottom simplicial tested
    - normal:    0.9612  -0.2718 -0.04641
    - offset: -0.03903882
    - center: 0.03506153333333334 -0.0141128 -0.03233523333333333 
    - vertices: p3147(v277) p484(v247) p4960(v109)
    - neighboring facets: f1210 f1357 f4427
    - ridges:
- f1357
    - flags: bottom simplicial tested
    - normal:    0.8976  -0.2634  -0.3534
    - offset: -0.04697021
    - center: 0.0349163 -0.01404846666666667 -0.03375516666666667 
    - vertices: p3147(v277) p4960(v109) p8268(v5)
    - neighboring facets: f503 f1358 f1356
- f1358
    - flags: top simplicial tested
    - normal:     0.895 -0.08835  -0.4373
    - offset: -0.04733776
    - center: 0.03503926666666667 -0.0131049 -0.0338933 
    - vertices: p3147(v277) p1096(v183) p8268(v5)
    - neighboring facets: f881 f1357 f1937
- f1359
    - flags: top simplicial
    - normal:    0.2153 0.0003164  -0.9765
    - offset: -0.04101733
    - vertices: p9639(v278) p1768(v110) p5291(v28)
    - neighboring facets: f512 f1942 f1938
- f1362
    - flags: bottom simplicial
    - normal:    0.7574 -0.00263  -0.6529
    - offset: -0.04877299
    - vertices: p2597(v279) p4094(v107) p6072(v57)
    - neighboring facets: f500 f1364 f1363
- f1363
    - flags: bottom simplicial
    - normal:    0.7453 -0.002318  -0.6667
    - offset: -0.04882171
    - vertices: p2597(v279) p2261(v185) p4094(v107)
    - neighboring facets: f888 f1362 f1366
- f1364
    - flags: bottom simplicial
    - normal:    0.7559 -0.003149  -0.6547
    - offset: -0.0487849
    - vertices: p2597(v279) p6072(v57) p8268(v5)
    - neighboring facets: f881 f1365 f1362
- f1365
    - flags: top simplicial
    - normal:    0.4452 0.0002136  -0.8954
    - offset: -0.04619837
    - vertices: p2597(v279) p1768(v110) p8268(v5)
    - neighboring facets: f1939 f1364 f1366
- f1366
    - flags: top simplicial
    - normal:    0.4787 0.0004874   -0.878
    - offset: -0.04676315
    - vertices: p2597(v279) p2261(v185) p1768(v110)
    - neighboring facets: f887 f1365 f1363
- f1390
    - flags: top simplicial
    - normal:  0.0002702  -0.9405   0.3399
    - offset: -0.02150571
    - vertices: p8848(v284) p3836(v114) p9364(v61)
    - neighboring facets: f1998 f1391 f1995
- f1391
    - flags: bottom simplicial
    - normal:  0.0008854  -0.9405   0.3397
    - offset: -0.02151143
    - vertices: p8848(v284) p9846(v188) p9364(v61)
    - neighboring facets: f907 f1390 f1994
- f1395
    - flags: top simplicial
    - normal:  -0.0004237  -0.9209   0.3898
    - offset: -0.02290458
    - vertices: p626(v285) p2030(v189) p9364(v61)
    - neighboring facets: f912 f1999 f3119
- f1397
    - flags: top simplicial
    - normal:  -0.08584  -0.9438    0.319
    - offset: -0.02272227
    - vertices: p626(v285) p9154(v215) p1422(v10)
    - neighboring facets: f1047 f3118 f1997
- f1400
    - flags: bottom simplicial
    - normal:  0.0005716  -0.8906   0.4547
    - offset: -0.02470819
    - vertices: p1865(v286) p2030(v189) p7282(v116)
    - neighboring facets: f912 f3123 f3116
- f1410
    - flags: top simplicial tested
    - normal:   -0.9999 -0.01242  0.00403
    - offset: -0.02728835
    - center: -0.0270877 -0.006922976666666667 0.0290203 
    - vertices: p8119(v288) p491(v191) p2737(v118)
    - neighboring facets: f2578 f1413 f2013
- f1412
    - flags: top simplicial tested
    - normal:   -0.9704  -0.2404  0.02189
    - offset: -0.02867458
    - center: -0.02687766666666666 -0.008253046666666666 0.0277597 
    - vertices: p8119(v288) p5340(v121) p3733(v64)
    - neighboring facets: f2594 f2592 f1413
- f1413
    - flags: bottom simplicial tested
    - normal:   -0.9592  -0.2716  0.07904
    - offset: -0.03027385
    - center: -0.02694943333333333 -0.007692043333333333 0.029552 
    - vertices: p8119(v288) p5340(v121) p2737(v118)
    - neighboring facets: f949 f1410 f1412
- f1421
    - flags: top simplicial
    - normal:   -0.7782  -0.1197   0.6165
    - offset: -0.04370637
    - vertices: p9705(v290) p6164(v289) p4416(v120)
    - neighboring facets: f2460 f2541 f1422
- f1422
    - flags: bottom simplicial
    - normal:   -0.8707  -0.1902   0.4536
    - offset: -0.04025949
    - center: -0.02643866666666666 -0.002937306666666666 0.03677536666666667 
    - vertices: p9705(v290) p6164(v289) p907(v193)
    - neighboring facets: f2580 f3609 f1421
- f1427
    - flags: bottom simplicial
    - normal:   -0.5057   -0.645    0.573
    - offset: -0.0381578
    - vertices: p6712(v291) p7664(v194) p7568(v119)
    - neighboring facets: f3148 f2575 f3142
- f1429
    - flags: top simplicial
    - normal:   -0.7938  -0.6073  0.03341
    - offset: -0.02763563
    - center: -0.02634603333333333 -0.00953908333333333 0.027838 
    - vertices: p7076(v292) p6408(v195) p7366(v33)
    - neighboring facets: f943 f2023 f2049
- f1435
    - flags: bottom simplicial
    - normal:     -0.97   -0.174   0.1699
    - offset: -0.03271613
    - center: -0.02682223333333334 -0.005889513333333334 0.033391 
    - vertices: p4917(v293) p907(v193) p2737(v118)
    - neighboring facets: f2587 f1436 f2607
- f1436
    - flags: top simplicial
    - normal:    -0.953  -0.2728   0.1316
    - offset: -0.03174463
    - vertices: p4917(v293) p9806(v196) p2737(v118)
    - neighboring facets: f949 f1435 f2026
- f1443
    - flags: bottom simplicial
    - normal:   -0.9176 -0.007837  -0.3975
    - offset: -0.02774842
    - vertices: p8689(v295) p1437(v197) p522(v122)
    - neighboring facets: f955 f2619 f2036
- f1449
    - flags: bottom simplicial
    - normal:   -0.9305 0.008218  -0.3661
    - offset: -0.02781201
    - vertices: p2558(v296) p522(v122) p4409(v67)
    - neighboring facets: f955 f1450 f1456
- f1450
    - flags: top simplicial
    - normal:   -0.9315 0.009768  -0.3637
    - offset: -0.02781742
    - vertices: p2558(v296) p919(v200) p4409(v67)
    - neighboring facets: f2631 f1449 f1457
- f1455
    - flags: bottom simplicial
    - normal:   -0.9172  0.01127  -0.3983
    - offset: -0.02776047
    - vertices: p9871(v297) p9851(v199) p522(v122)
    - neighboring facets: f967 f1456 f1499
- f1456
    - flags: top simplicial
    - normal:     -0.92  0.01155  -0.3918
    - offset: -0.02777398
    - vertices: p9871(v297) p2558(v296) p522(v122)
    - neighboring facets: f1449 f1455 f1457
- f1457
    - flags: bottom simplicial
    - normal:   -0.9201  0.01158  -0.3914
    - offset: -0.02777485
    - vertices: p9871(v297) p2558(v296) p919(v200)
    - neighboring facets: f1450 f2059 f1456
- f1458
    - flags: bottom simplicial tested
    - normal:   -0.9852 -0.005403  -0.1712
    - offset: -0.02784388
    - center: -0.02708276666666666 -0.006205275666666666 -0.006588143333333333 
    - vertices: p6270(v298) p6547(v66) p9422(v34)
    - neighboring facets: f4409 f2042 f2593
    - ridges:
- f1461
    - flags: top simplicial tested
    - normal:   -0.9497 -0.02532   -0.312
    - offset: -0.02801717
    - center: -0.0268143 -0.009272276666666667 -0.007422016666666666 
    - vertices: p6270(v298) p9259(v294) p9658(v124)
    - neighboring facets: f2044 f2043 f1462
- f1462
    - flags: bottom simplicial tested
    - normal:   -0.9486   -0.043  -0.3136
    - offset: -0.02816749
    - center: -0.0266562 -0.00993487 -0.007827603333333334 
    - vertices: p6270(v298) p9259(v294) p2718(v17)
    - neighboring facets: f2033 f1463 f1461
- f1463
    - flags: top simplicial tested
    - normal:   -0.7795  -0.6261  0.01686
    - offset: -0.02703141
    - center: -0.0265017 -0.01008679 0.003353469999999999 
    - vertices: p6270(v298) p7076(v292) p2718(v17)
    - neighboring facets: f2600 f1462 f2051
- f1465
    - flags: bottom simplicial tested
    - normal:    -0.903  -0.4294  0.01794
    - offset: -0.02845827
    - center: -0.02676673333333333 -0.009296213333333333 0.01659344666666667 
    - vertices: p6270(v298) p6408(v195) p5340(v121)
    - neighboring facets: f943 f2595 f2050
- f1479
    - flags: bottom simplicial
    - normal:   -0.9866   0.1204  -0.1105
    - offset: -0.02837561
    - center: -0.02693056666666667 0.009499493333333334 -0.006003066666666668 
    - vertices: p6593(v301) p7397(v202) p2372(v125)
    - neighboring facets: f3446 f1729 f2063
- f1489
    - flags: bottom simplicial
    - normal:   -0.8669 -0.01232  -0.4983
    - offset: -0.02754277
    - vertices: p4925(v303) p483(v203) p9514(v69)
    - neighboring facets: f987 f2620 f2073
- f1495
    - flags: top simplicial
    - normal:   -0.9037  0.01071   -0.428
    - offset: -0.02769994
    - vertices: p4923(v304) p9851(v199) p9559(v13)
    - neighboring facets: f967 f3643 f1499
- f1498
    - flags: bottom simplicial
    - normal:   -0.9147  0.01546  -0.4038
    - offset: -0.02777759
    - vertices: p4923(v304) p9871(v297) p1575(v51)
    - neighboring facets: f2060 f3650 f1499
- f1499
    - flags: top simplicial
    - normal:   -0.9138  0.01354  -0.4059
    - offset: -0.02776031
    - vertices: p4923(v304) p9871(v297) p9851(v199)
    - neighboring facets: f1455 f1495 f1498
- f1512
    - flags: top simplicial
    - normal:   -0.8117 -0.008415   -0.584
    - offset: -0.02726988
    - vertices: p4694(v306) p1571(v204) p4428(v77)
    - neighboring facets: f990 f4039 f4040
- f1528
    - flags: bottom simplicial
    - normal:   -0.2571  -0.7982  -0.5448
    - offset: -0.02826348
    - vertices: p4011(v310) p9651(v207) p9109(v72)
    - neighboring facets: f2169 f1530 f1529
- f1529
    - flags: top simplicial
    - normal:   -0.3286  -0.7652  -0.5536
    - offset: -0.0284847
    - vertices: p4011(v310) p9651(v207) p4122(v129)
    - neighboring facets: f3270 f2174 f1528
- f1530
    - flags: top simplicial
    - normal:   -0.4374  -0.7807  -0.4464
    - offset: -0.02761164
    - vertices: p4011(v310) p5197(v213) p9109(v72)
    - neighboring facets: f1039 f1528 f3753
- f1541
    - flags: top simplicial
    - normal:   0.03584  -0.9684  -0.2469
    - offset: -0.0243377
    - center: 0.007148881666666666 -0.01821043333333333 -0.02611446666666667 
    - vertices: p4096(v313) p7751(v130) p5291(v28)
    - neighboring facets: f612 f2187 f1549
- f1546
    - flags: bottom simplicial tested
    - normal:    0.0281  -0.9996 0.005622
    - offset: -0.0199615
    - center: 0.002061426666666667 -0.01998773333333333 -0.01350953333333333 
    - vertices: p1835(v314) p8168(v74) p5230(v37)
    - neighboring facets: f336 f4402 f1547
    - ridges:
- f1547
    - flags: bottom simplicial tested
    - normal:     0.153  -0.9882 -0.002967
    - offset: -0.02014561
    - center: 0.01315617333333333 -0.01828813333333333 -0.02036556666666666 
    - vertices: p1835(v314) p4960(v109) p8168(v74)
    - neighboring facets: f749 f1546 f1548
- f1548
    - flags: bottom simplicial tested
    - normal:    0.1293  -0.9904 -0.04844
    - offset: -0.02087744
    - center: 0.01279447 -0.01826703333333333 -0.02334483333333333 
    - vertices: p1835(v314) p7751(v130) p4960(v109)
    - neighboring facets: f614 f1547 f1549
- f1549
    - flags: bottom simplicial tested
    - normal:   0.07531  -0.9964 -0.03856
    - offset: -0.02071924
    - center: 0.001507461666666667 -0.019947 -0.01893656666666666 
    - vertices: p1835(v314) p4096(v313) p7751(v130)
    - neighboring facets: f1541 f1548 f1550
- f1550
    - flags: top simplicial tested
    - normal:   0.03685   -0.999 -0.02646
    - offset: -0.02048989
    - center: 0.001261632 -0.01998036666666667 -0.01827613333333333 
    - vertices: p1835(v314) p4096(v313) p7522(v210)
    - neighboring facets: f1554 f4404 f1549
    - ridges:
- f1552
    - flags: top simplicial tested
    - normal:  -0.003982  -0.9997 -0.02543
    - offset: -0.02049949
    - center: -0.00378216 -0.01999686666666667 -0.01943646666666667 
    - vertices: p1428(v315) p2452(v209) p9109(v72)
    - neighboring facets: f1017 f4401 f1553
    - ridges:
- f1553
    - flags: top simplicial tested
    - normal:   0.01751  -0.9992 -0.03519
    - offset: -0.02065377
    - center: -0.0006506250000000001 -0.01997723333333333 -0.01998656666666667 
    - vertices: p1428(v315) p4096(v313) p2452(v209)
    - neighboring facets: f2188 f1552 f1554
- f1554
    - flags: bottom simplicial tested
    - normal:   0.01904  -0.9994 -0.02871
    - offset: -0.02052773
    - center: 8.330533333333326e-05 -0.01998036666666666 -0.0194197 
    - vertices: p1428(v315) p4096(v313) p7522(v210)
    - neighboring facets: f1550 f4405 f1553
    - ridges:
- f1555
    - flags: bottom simplicial
    - normal:    -0.479  -0.8645  -0.1523
    - offset: -0.02417746
    - vertices: p3018(v316) p9109(v72) p8077(v39)
    - neighboring facets: f325 f1557 f1556
- f1556
    - flags: bottom simplicial
    - normal:   -0.4812  -0.8588  -0.1759
    - offset: -0.02452029
    - vertices: p3018(v316) p5084(v211) p9109(v72)
    - neighboring facets: f1027 f1555 f1559
- f1557
    - flags: top simplicial
    - normal:   -0.7297  -0.5572  -0.3963
    - offset: -0.02945451
    - vertices: p3018(v316) p1742(v140) p8077(v39)
    - neighboring facets: f661 f1555 f1558
- f1558
    - flags: bottom simplicial
    - normal:   -0.7556  -0.3333  -0.5638
    - offset: -0.02971733
    - vertices: p3018(v316) p1742(v140) p3491(v8)
    - neighboring facets: f2688 f1559 f1557
- f1559
    - flags: top simplicial
    - normal:   -0.7546   -0.337  -0.5631
    - offset: -0.02973052
    - vertices: p3018(v316) p5084(v211) p3491(v8)
    - neighboring facets: f1560 f1558 f1556
- f1560
    - flags: bottom simplicial
    - normal:   -0.7097  -0.4247  -0.5621
    - offset: -0.02991966
    - vertices: p9847(v317) p5084(v211) p3491(v8)
    - neighboring facets: f1559 f2715 f1561
- f1561
    - flags: top simplicial
    - normal:   -0.5083  -0.8195  -0.2645
    - offset: -0.02602019
    - vertices: p9847(v317) p5084(v211) p5821(v131)
    - neighboring facets: f1027 f2746 f1560
- f1582
    - flags: bottom simplicial tested
    - normal:  -0.00168  -0.9905   0.1376
    - offset: -0.01829293
    - center: -0.004654167333333333 -0.01996926666666667 -0.0108565 
    - vertices: p5063(v320) p1339(v137) p9419(v18)
    - neighboring facets: f646 f1583 f2199
- f1583
    - flags: top simplicial tested
    - normal:  -0.006695  -0.9958  0.09081
    - offset: -0.01894331
    - center: -0.006970596666666666 -0.01997943333333333 -0.01100926666666666 
    - vertices: p5063(v320) p511(v214) p9419(v18)
    - neighboring facets: f1041 f1582 f4406
    - ridges:
- f1586
    - flags: bottom simplicial
    - normal:   -0.2747  -0.8896    0.365
    - offset: -0.02798211
    - vertices: p3515(v321) p8279(v217) p1422(v10)
    - neighboring facets: f1057 f1991 f1592
- f1590
    - flags: top simplicial
    - normal:   -0.4921  -0.7627   0.4196
    - offset: -0.03366588
    - vertices: p8964(v322) p5893(v138) p7568(v119)
    - neighboring facets: f2610 f1988 f1591
- f1591
    - flags: top simplicial
    - normal:   -0.4285  -0.8081   0.4041
    - offset: -0.0320707
    - vertices: p8964(v322) p8279(v217) p5893(v138)
    - neighboring facets: f1058 f1590 f1592
- f1592
    - flags: top simplicial
    - normal:   -0.3666    -0.83   0.4204
    - offset: -0.03135349
    - vertices: p8964(v322) p3515(v321) p8279(v217)
    - neighboring facets: f1586 f1591 f1989
- f1595
    - flags: top simplicial
    - normal:   -0.4295  -0.8861   0.1744
    - offset: -0.02543935
    - vertices: p6368(v323) p5893(v138) p855(v76)
    - neighboring facets: f1058 f1597 f1596
- f1596
    - flags: top simplicial
    - normal:   -0.5153  -0.8424   0.1574
    - offset: -0.02654427
    - vertices: p6368(v323) p6736(v219) p5893(v138)
    - neighboring facets: f1067 f1595 f2200
- f1597
    - flags: top simplicial
    - normal:   -0.3198  -0.9443  0.07731
    - offset: -0.02077082
    - vertices: p6368(v323) p855(v76) p9419(v18)
    - neighboring facets: f348 f2203 f1595
- f1600
    - flags: top simplicial
    - normal:   0.04369  -0.2015   0.9785
    - offset: -0.04023214
    - vertices: p1504(v324) p8875(v220) p6900(v78)
    - neighboring facets: f1781 f2212 f2207
- f1614
    - flags: top simplicial
    - normal:     0.933  -0.1997   0.2994
    - offset: -0.03645741
    - vertices: p7385(v326) p6840(v80) p7647(v11)
    - neighboring facets: f692 f3324 f2242
- f1632
    - flags: bottom simplicial
    - normal:    0.9602 -0.06875   0.2706
    - offset: -0.03570933
    - vertices: p6247(v329) p6840(v80) p5793(v79)
    - neighboring facets: f693 f2246 f2253
- f1633
    - flags: top simplicial
    - normal:    0.6793   -0.154   0.7176
    - offset: -0.04515144
    - vertices: p3711(v330) p4396(v222) p277(v142)
    - neighboring facets: f2845 f3789 f2257
- f1651
    - flags: bottom simplicial
    - normal:    0.9346   0.1894    0.301
    - offset: -0.03652448
    - vertices: p3159(v333) p7775(v227) p3081(v83)
    - neighboring facets: f1654 f2825 f1652
- f1652
    - flags: top simplicial
    - normal:    0.8326   0.2653   0.4862
    - offset: -0.04085769
    - vertices: p3159(v333) p7775(v227) p3886(v143)
    - neighboring facets: f3339 f2826 f1651
- f1653
    - flags: bottom simplicial
    - normal:    0.9178  0.06532   0.3917
    - offset: -0.03899667
    - vertices: p5693(v334) p2910(v224) p6104(v20)
    - neighboring facets: f2244 f1658 f2791
- f1654
    - flags: top simplicial
    - normal:    0.9435   0.1538   0.2936
    - offset: -0.0363282
    - vertices: p5693(v334) p7775(v227) p3081(v83)
    - neighboring facets: f1651 f1657 f3337
- f1657
    - flags: bottom simplicial
    - normal:    0.9576  0.08756   0.2746
    - offset: -0.03586034
    - vertices: p5693(v334) p9753(v229) p3081(v83)
    - neighboring facets: f1668 f1654 f1659
- f1658
    - flags: top simplicial
    - normal:    0.9628  0.04461   0.2664
    - offset: -0.03559984
    - vertices: p5693(v334) p4215(v41) p6104(v20)
    - neighboring facets: f2306 f1653 f1659
- f1659
    - flags: top simplicial
    - normal:     0.962  0.05433   0.2677
    - offset: -0.03564897
    - vertices: p5693(v334) p9753(v229) p4215(v41)
    - neighboring facets: f1677 f1658 f1657
- f1661
    - flags: bottom simplicial tested
    - normal:    0.9727 -0.08613   0.2153
    - offset: -0.03606306
    - center: 0.03516009999999999 -0.01172566666666667 0.003954926666666666 
    - vertices: p468(v335) p1460(v146) p7647(v11)
    - neighboring facets: f692 f1664 f1662
- f1662
    - flags: top simplicial tested
    - normal:    0.9779 -0.04123    0.205
    - offset: -0.03571222
    - center: 0.03505696666666667 -0.009590123333333332 0.005048493333333334 
    - vertices: p468(v335) p1460(v146) p5793(v79)
    - neighboring facets: f693 f1663 f1661
- f1663
    - flags: bottom simplicial tested
    - normal:    0.9878 -0.01125   0.1556
    - offset: -0.03552882
    - center: 0.03504303333333333 -0.008014716666666666 0.005299966666666667 
    - vertices: p468(v335) p5925(v228) p5793(v79)
    - neighboring facets: f1131 f1662 f2294
- f1664
    - flags: top simplicial tested
    - normal:    0.9998 -0.006782  0.01597
    - offset: -0.03532964
    - center: 0.03519636666666667 -0.0125631 0.003341716666666667 
    - vertices: p468(v335) p332(v59) p7647(v11)
    - neighboring facets: f724 f1661 f2280
- f1668
    - flags: top simplicial
    - normal:    0.9983  0.00699  0.05764
    - offset: -0.03543874
    - center: 0.03517596666666668 0.01073738 0.004286313333333333 
    - vertices: p5995(v336) p9753(v229) p3081(v83)
    - neighboring facets: f1657 f1680 f1669
- f1669
    - flags: bottom simplicial
    - normal:     0.996 -0.0004974  0.08908
    - offset: -0.03543496
    - center: 0.0351734 0.00394785 0.004528026666666666 
    - vertices: p5995(v336) p9753(v229) p8992(v144)
    - neighboring facets: f2289 f2298 f1668
- f1673
    - flags: bottom simplicial
    - normal:    0.9868 -0.00281   0.1616
    - offset: -0.03547851
    - vertices: p3536(v337) p851(v232) p5925(v228)
    - neighboring facets: f1131 f2295 f2283
- f1677
    - flags: bottom simplicial
    - normal:    0.9859  0.01038   0.1671
    - offset: -0.03556396
    - vertices: p2016(v338) p9753(v229) p4215(v41)
    - neighboring facets: f1659 f2284 f2290
- f1680
    - flags: top simplicial tested
    - normal:    0.9992  0.00329  0.03911
    - offset: -0.03535551
    - center: 0.03519266666666666 0.01127681333333333 0.00390821 
    - vertices: p8715(v339) p5995(v336) p3081(v83)
    - neighboring facets: f1668 f4428 f2299
    - ridges:
- f1685
    - flags: bottom simplicial
    - normal:    0.9822 -0.001204   0.1878
    - offset: -0.03547265
    - vertices: p5353(v340) p851(v232) p4215(v41)
    - neighboring facets: f2282 f2305 f2304
- f1690
    - flags: top simplicial
    - normal:    0.6664  -0.4643   0.5834
    - offset: -0.04124706
    - vertices: p4173(v341) p5466(v233) p2567(v148)
    - neighboring facets: f1135 f2308 f3326
- f1699
    - flags: bottom simplicial
    - normal:    0.6216   0.7763   0.1053
    - offset: -0.03313892
    - center: 0.03494016666666667 0.01461936666666666 0.0006958379999999994 
    - vertices: p6431(v343) p566(v93) p2787(v43)
    - neighboring facets: f768 f2325 f3440
- f1707
    - flags: bottom simplicial tested
    - normal:   -0.9923   0.1241 0.006661
    - offset: -0.02797501
    - center: -0.0270323 0.008334613333333333 0.01774039333333333 
    - vertices: p2985(v344) p7729(v236) p2372(v125)
    - neighboring facets: f2899 f2889 f1713
- f1712
    - flags: bottom simplicial
    - normal:   -0.9979  0.04822  0.04235
    - offset: -0.02861184
    - center: -0.02704253333333333 0.005792343333333334 0.0317795 
    - vertices: p4277(v345) p2985(v344) p4487(v192)
    - neighboring facets: f2893 f3014 f1713
- f1713
    - flags: top simplicial
    - normal:   -0.9893   0.1401  0.04056
    - offset: -0.02900456
    - vertices: p4277(v345) p2985(v344) p7729(v236)
    - neighboring facets: f1707 f2347 f1712
- f1716
    - flags: top simplicial
    - normal:    -0.366   0.9279  0.07054
    - offset: -0.0215159
    - vertices: p4056(v346) p2023(v169) p7001(v7)
    - neighboring facets: f2672 f2352 f2096
- f1724
    - flags: top simplicial
    - normal:   -0.8287   0.5481   0.1132
    - offset: -0.03029919
    - vertices: p523(v348) p3038(v237) p4153(v150)
    - neighboring facets: f3452 f2346 f1728
- f1728
    - flags: top simplicial
    - normal:   -0.7956   0.6054   0.0236
    - offset: -0.02744353
    - vertices: p523(v348) p6593(v301) p3038(v237)
    - neighboring facets: f2342 f1724 f1729
- f1729
    - flags: bottom simplicial
    - normal:   -0.8945   0.4466  0.01993
    - offset: -0.02843866
    - vertices: p523(v348) p6593(v301) p2372(v125)
    - neighboring facets: f1479 f2349 f1728
- f1758
    - flags: top simplicial
    - normal:  -0.0001855   0.9935   0.1139
    - offset: -0.0151769
    - vertices: p8726(v354) p4482(v256) p9323(v91)
    - neighboring facets: f1247 f1772 f1759
- f1759
    - flags: bottom simplicial
    - normal:  -0.000412   0.9935   0.1135
    - offset: -0.01517224
    - vertices: p8726(v354) p4482(v256) p1494(v161)
    - neighboring facets: f1248 f1760 f1758
- f1760
    - flags: bottom simplicial
    - normal:  -0.007813   0.9943   0.1062
    - offset: -0.01513388
    - vertices: p8726(v354) p1494(v161) p388(v22)
    - neighboring facets: f772 f1761 f1759
- f1761
    - flags: top simplicial
    - normal:  -0.04131   0.9962  0.07732
    - offset: -0.01506108
    - vertices: p8726(v354) p4999(v170) p388(v22)
    - neighboring facets: f2490 f1760 f1762
- f1762
    - flags: bottom simplicial
    - normal:  -0.06933   0.9961  0.05507
    - offset: -0.01503658
    - vertices: p8726(v354) p4999(v170) p6424(v98)
    - neighboring facets: f1873 f1767 f1761
- f1767
    - flags: top simplicial
    - normal:  -0.08299   0.9955  0.04571
    - offset: -0.01506133
    - vertices: p8726(v354) p1386(v171) p6424(v98)
    - neighboring facets: f2505 f1762 f1870
- f1772
    - flags: top simplicial
    - normal:  -0.0002583   0.9917   0.1285
    - offset: -0.01558008
    - vertices: p9306(v355) p8726(v354) p9323(v91)
    - neighboring facets: f1758 f2401 f1773
- f1773
    - flags: bottom simplicial
    - normal:  -0.0006499   0.9896   0.1441
    - offset: -0.01601527
    - vertices: p9306(v355) p8726(v354) p9488(v241)
    - neighboring facets: f2955 f2980 f1772
- f1781
    - flags: bottom simplicial
    - normal:   0.03651  -0.1936   0.9804
    - offset: -0.04014447
    - vertices: p9440(v357) p8875(v220) p6900(v78)
    - neighboring facets: f1600 f2434 f2429
- f1797
    - flags: top simplicial
    - normal:    0.8007  -0.5991 0.0002007
    - offset: -0.03684498
    - vertices: p2602(v360) p4364(v244) p4736(v45)
    - neighboring facets: f3026 f1799 f1798
- f1798
    - flags: bottom simplicial
    - normal:    0.7917  -0.6109 0.001115
    - offset: -0.03669383
    - vertices: p2602(v360) p4364(v244) p7817(v154)
    - neighboring facets: f1196 f1800 f1797
- f1799
    - flags: bottom simplicial
    - normal:    0.7577  -0.6526 -0.0001354
    - offset: -0.0361334
    - vertices: p2602(v360) p8243(v248) p4736(v45)
    - neighboring facets: f1212 f1797 f1800
- f1800
    - flags: top simplicial
    - normal:    0.7108  -0.7034 8.635e-05
    - offset: -0.03523651
    - vertices: p2602(v360) p8243(v248) p7817(v154)
    - neighboring facets: f1812 f1798 f1799
- f1801
    - flags: bottom simplicial
    - normal:    0.9712  -0.2383 -7.68e-06
    - offset: -0.03758995
    - center: 0.03517913333333333 -0.01436896666666667 -0.01215195533333333 
    - vertices: p5867(v361) p9114(v155) p8510(v86)
    - neighboring facets: f2472 f1802 f2465
- f1802
    - flags: top simplicial
    - normal:    0.9024   -0.431 0.003158
    - offset: -0.03792849
    - vertices: p5867(v361) p4364(v244) p8510(v86)
    - neighboring facets: f1196 f1801 f2467
- f1809
    - flags: bottom simplicial
    - normal:    0.5979  -0.8016 -0.001074
    - offset: -0.03277789
    - vertices: p4481(v363) p3314(v245) p4960(v109)
    - neighboring facets: f3967 f1810 f1811
- f1810
    - flags: top simplicial
    - normal:    0.6872  -0.7265 -0.007319
    - offset: -0.03497309
    - vertices: p4481(v363) p8243(v248) p4960(v109)
    - neighboring facets: f1213 f1809 f1812
- f1811
    - flags: top simplicial
    - normal:    0.6247  -0.7809 -5.387e-05
    - offset: -0.03337755
    - vertices: p4481(v363) p3314(v245) p7817(v154)
    - neighboring facets: f2481 f1812 f1809
- f1812
    - flags: bottom simplicial
    - normal:     0.669  -0.7433 -8.138e-06
    - offset: -0.03436726
    - vertices: p4481(v363) p8243(v248) p7817(v154)
    - neighboring facets: f1800 f1811 f1810
- f1816
    - flags: bottom simplicial
    - normal:    0.2758  -0.9607  0.03256
    - offset: -0.02392068
    - vertices: p6447(v364) p7817(v154) p6565(v21)
    - neighboring facets: f1205 f1817 f2482
- f1817
    - flags: top simplicial
    - normal:    0.3081  -0.9514 0.0007039
    - offset: -0.02489815
    - vertices: p6447(v364) p5134(v156) p6565(v21)
    - neighboring facets: f1218 f1816 f2478
- f1819
    - flags: top simplicial
    - normal:  0.0007418   0.9997  0.02575
    - offset: -0.01524727
    - vertices: p5382(v365) p9546(v253) p8489(v89)
    - neighboring facets: f1231 f1820 f1886
- f1820
    - flags: bottom simplicial
    - normal:  -0.0004959   0.9996  0.02848
    - offset: -0.01523562
    - vertices: p5382(v365) p1494(v161) p8489(v89)
    - neighboring facets: f774 f1819 f1821
- f1821
    - flags: top simplicial
    - normal:  -0.000574   0.9996  0.02855
    - offset: -0.01523511
    - vertices: p5382(v365) p1494(v161) p6241(v159)
    - neighboring facets: f772 f1822 f1820
- f1822
    - flags: top simplicial
    - normal:   -0.0115   0.9998  0.01705
    - offset: -0.0152103
    - vertices: p5382(v365) p6241(v159) p4897(v157)
    - neighboring facets: f1314 f1887 f1821
- f1830
    - flags: bottom simplicial
    - normal:    0.2262   0.9553   0.1902
    - offset: -0.02209214
    - vertices: p4714(v367) p439(v160) p566(v93)
    - neighboring facets: f768 f2402 f2403
- f1835
    - flags: bottom simplicial
    - normal:   0.08105   0.9967 0.0007178
    - offset: -0.01772754
    - vertices: p8471(v368) p8159(v258) p117(v48)
    - neighboring facets: f1903 f2876 f1837
- f1837
    - flags: top simplicial
    - normal:    0.1096    0.994 -0.000529
    - offset: -0.01869245
    - vertices: p8471(v368) p8159(v258) p435(v257)
    - neighboring facets: f1257 f2872 f1835
- f1840
    - flags: bottom simplicial
    - normal:   -0.5216 0.002657  -0.8532
    - offset: -0.02659611
    - vertices: p701(v369) p4314(v260) p3821(v95)
    - neighboring facets: f1286 f2733 f2184
- f1841
    - flags: bottom simplicial
    - normal:   -0.5498   0.3479  -0.7594
    - offset: -0.02970477
    - vertices: p3584(v370) p4314(v260) p9402(v25)
    - neighboring facets: f2120 f3200 f2489
- f1844
    - flags: top simplicial
    - normal:    -0.224   0.9646  -0.1393
    - offset: -0.02052339
    - vertices: p3584(v370) p5712(v172) p5715(v52)
    - neighboring facets: f822 f3201 f2488
- f1848
    - flags: top simplicial
    - normal:   -0.5594 0.0009741  -0.8289
    - offset: -0.02655045
    - vertices: p7963(v372) p4314(v260) p8800(v165)
    - neighboring facets: f2121 f3304 f1850
- f1850
    - flags: top simplicial
    - normal:   -0.5444 0.0002307  -0.8388
    - offset: -0.02655535
    - vertices: p7963(v372) p9529(v371) p4314(v260)
    - neighboring facets: f2185 f1848 f3307
- f1855
    - flags: top simplicial
    - normal:   -0.4954 0.003045  -0.8686
    - offset: -0.02666267
    - vertices: p8425(v374) p9912(v263) p3821(v95)
    - neighboring facets: f1286 f1857 f2164
- f1857
    - flags: bottom simplicial
    - normal:   -0.4968 -4.145e-05  -0.8679
    - offset: -0.02661996
    - vertices: p8425(v374) p4561(v311) p3821(v95)
    - neighboring facets: f2732 f1855 f1858
- f1858
    - flags: top simplicial
    - normal:   -0.4962 -5.192e-05  -0.8682
    - offset: -0.02662127
    - vertices: p8425(v374) p4561(v311) p1500(v167)
    - neighboring facets: f2158 f2163 f1857
- f1861
    - flags: top simplicial
    - normal:   -0.4449   0.1249  -0.8868
    - offset: -0.02831826
    - vertices: p697(v375) p9370(v262) p6902(v49)
    - neighboring facets: f2167 f2484 f2168
- f1863
    - flags: bottom simplicial
    - normal:   -0.4996   0.1199  -0.8579
    - offset: -0.02803822
    - vertices: p697(v375) p9912(v263) p4314(v260)
    - neighboring facets: f1286 f2486 f2166
- f1869
    - flags: bottom simplicial
    - normal:   -0.1485   0.9879 -0.04464
    - offset: -0.01773717
    - vertices: p7696(v376) p3866(v99) p5715(v52)
    - neighboring facets: f822 f1871 f3044
- f1870
    - flags: bottom simplicial
    - normal:  -0.08332   0.9955  0.04562
    - offset: -0.01506562
    - vertices: p7696(v376) p8726(v354) p1386(v171)
    - neighboring facets: f1767 f2503 f1872
- f1871
    - flags: bottom simplicial
    - normal:   -0.1112    0.993  0.04041
    - offset: -0.01551176
    - vertices: p7696(v376) p5715(v52) p767(v47)
    - neighboring facets: f227 f1872 f1869
- f1872
    - flags: top simplicial
    - normal:  -0.09238   0.9948  0.04398
    - offset: -0.01521043
    - vertices: p7696(v376) p8726(v354) p767(v47)
    - neighboring facets: f2961 f1871 f1870
- f1873
    - flags: top simplicial
    - normal:  -0.06446   0.9969  0.04529
    - offset: -0.01504938
    - vertices: p3614(v377) p4999(v170) p6424(v98)
    - neighboring facets: f1762 f2499 f2491
- f1883
    - flags: top simplicial
    - normal:  -0.02379   0.9993 -0.02848
    - offset: -0.01643253
    - vertices: p9151(v379) p9012(v268) p7216(v4)
    - neighboring facets: f1309 f1885 f1884
- f1884
    - flags: bottom simplicial
    - normal:  -0.01111   0.9998  0.01577
    - offset: -0.01521617
    - vertices: p9151(v379) p9012(v268) p4897(v157)
    - neighboring facets: f1314 f1887 f1883
- f1885
    - flags: bottom simplicial
    - normal:  0.002391   0.9999  0.01298
    - offset: -0.01528779
    - vertices: p9151(v379) p9546(v253) p7216(v4)
    - neighboring facets: f1236 f1883 f1886
- f1886
    - flags: bottom simplicial
    - normal:  -0.008393   0.9998   0.0153
    - offset: -0.01522829
    - vertices: p9151(v379) p5382(v365) p9546(v253)
    - neighboring facets: f1819 f1885 f1887
- f1887
    - flags: top simplicial
    - normal:  -0.009045   0.9998  0.01542
    - offset: -0.01522503
    - vertices: p9151(v379) p5382(v365) p4897(v157)
    - neighboring facets: f1822 f1884 f1886
- f1888
    - flags: bottom simplicial
    - normal:   -0.1468   0.9754  -0.1646
    - offset: -0.0203355
    - vertices: p5730(v380) p9891(v173) p3866(v99)
    - neighboring facets: f2485 f3047 f1889
- f1889
    - flags: bottom simplicial
    - normal:   -0.1192   0.9749  -0.1881
    - offset: -0.0207269
    - vertices: p5730(v380) p9012(v268) p9891(v173)
    - neighboring facets: f1310 f1888 f3580
- f1897
    - flags: bottom simplicial
    - normal:   -0.3497   0.1303  -0.9277
    - offset: -0.02910064
    - vertices: p5738(v381) p6727(v269) p5850(v177)
    - neighboring facets: f2517 f2159 f2162
- f1898
    - flags: bottom simplicial
    - normal:    0.0119   0.9987 -0.04872
    - offset: -0.01708166
    - vertices: p2878(v382) p5298(v271) p7832(v176)
    - neighboring facets: f1327 f1905 f1899
- f1899
    - flags: top simplicial
    - normal:   0.01678   0.9992 -0.03663
    - offset: -0.01675272
    - vertices: p2878(v382) p5298(v271) p442(v178)
    - neighboring facets: f1328 f1900 f1898
- f1900
    - flags: top simplicial
    - normal:   0.01809   0.9995 -0.02568
    - offset: -0.01643945
    - vertices: p2878(v382) p442(v178) p4737(v23)
    - neighboring facets: f856 f1901 f1899
- f1901
    - flags: bottom simplicial
    - normal:   0.02011   0.9998 -0.005806
    - offset: -0.01586423
    - center: 0.02414186333333333 0.01520183333333333 -0.03102926666666667 
    - vertices: p2878(v382) p5764(v162) p4737(v23)
    - neighboring facets: f2855 f1900 f1902
- f1902
    - flags: bottom simplicial
    - normal:   0.02035   0.9998 -0.000288
    - offset: -0.0157021
    - vertices: p2878(v382) p8159(v258) p5764(v162)
    - neighboring facets: f1257 f1901 f1903
- f1903
    - flags: top simplicial
    - normal:   0.02018   0.9998 0.0001425
    - offset: -0.01568863
    - vertices: p2878(v382) p8159(v258) p117(v48)
    - neighboring facets: f1835 f1904 f1902
- f1904
    - flags: top simplicial
    - normal:    0.0169   0.9998  0.00453
    - offset: -0.01554478
    - vertices: p2878(v382) p117(v48) p820(v12)
    - neighboring facets: f431 f1905 f1903
- f1905
    - flags: bottom simplicial
    - normal:   0.01613   0.9999 0.005188
    - offset: -0.01552203
    - vertices: p2878(v382) p7832(v176) p820(v12)
    - neighboring facets: f842 f1904 f1898
- f1906
    - flags: bottom simplicial
    - normal:  -9.477e-05   0.8054  -0.5927
    - offset: -0.0321463
    - vertices: p4576(v383) p364(v179) p7325(v55)
    - neighboring facets: f864 f1907 f1908
- f1907
    - flags: top simplicial
    - normal:  0.001773    0.726  -0.6876
    - offset: -0.03425615
    - vertices: p4576(v383) p9961(v272) p7325(v55)
    - neighboring facets: f1332 f1906 f1908
- f1908
    - flags: bottom simplicial
    - normal:  -0.005472   0.6879  -0.7258
    - offset: -0.03482248
    - vertices: p4576(v383) p9961(v272) p364(v179)
    - neighboring facets: f1331 f1906 f1907
- f1909
    - flags: bottom simplicial
    - normal:  0.0007147   0.9749  -0.2226
    - offset: -0.02213861
    - vertices: p4250(v384) p4727(v180) p5024(v106)
    - neighboring facets: f1340 f1910 f1911
- f1910
    - flags: top simplicial
    - normal:  -0.009555    0.966  -0.2584
    - offset: -0.02303346
    - vertices: p4250(v384) p6858(v273) p5024(v106)
    - neighboring facets: f1345 f1909 f1911
- f1911
    - flags: bottom simplicial
    - normal:  0.001707    0.978  -0.2088
    - offset: -0.02174355
    - vertices: p4250(v384) p6858(v273) p4727(v180)
    - neighboring facets: f1334 f1909 f1910
- f1912
    - flags: bottom simplicial
    - normal:  -0.07684   0.9348  -0.3468
    - offset: -0.02464217
    - vertices: p6460(v385) p160(v103) p2942(v54)
    - neighboring facets: f840 f1913 f2513
- f1913
    - flags: top simplicial
    - normal:   -0.0774   0.9027  -0.4233
    - offset: -0.02657232
    - vertices: p6460(v385) p6858(v273) p2942(v54)
    - neighboring facets: f1334 f1912 f1916
- f1915
    - flags: bottom simplicial
    - normal:   -0.1309   0.7511  -0.6471
    - offset: -0.03088917
    - vertices: p6460(v385) p7521(v275) p2799(v181)
    - neighboring facets: f2520 f2515 f1916
- f1916
    - flags: top simplicial
    - normal:   -0.1175   0.7801  -0.6145
    - offset: -0.03041492
    - vertices: p6460(v385) p7521(v275) p6858(v273)
    - neighboring facets: f1345 f1913 f1915
- f1935
    - flags: bottom simplicial
    - normal:    0.9668 -3.149e-05  -0.2557
    - offset: -0.04264458
    - center: 0.03517583333333333 -0.004353683333333334 -0.033785 
    - vertices: p8266(v390) p1096(v183) p9063(v108)
    - neighboring facets: f878 f2529 f1937
- f1937
    - flags: bottom simplicial
    - normal:     0.991 -0.002364  -0.1337
    - offset: -0.03939352
    - center: 0.03518033333333333 -0.01017707333333333 -0.03370303333333333 
    - vertices: p8266(v390) p3147(v277) p1096(v183)
    - neighboring facets: f1358 f1935 f2530
- f1938
    - flags: bottom simplicial
    - normal:     0.246 -0.0001634  -0.9693
    - offset: -0.04182593
    - vertices: p8755(v391) p9639(v278) p1768(v110)
    - neighboring facets: f1359 f1939 f1942
- f1939
    - flags: bottom simplicial
    - normal:    0.2774 -0.0005487  -0.9608
    - offset: -0.04261626
    - vertices: p8755(v391) p1768(v110) p8268(v5)
    - neighboring facets: f1365 f1940 f1938
- f1940
    - flags: top simplicial
    - normal:    0.2737 -0.0006333  -0.9618
    - offset: -0.04252409
    - vertices: p8755(v391) p3861(v184) p8268(v5)
    - neighboring facets: f883 f1939 f1941
- f1941
    - flags: bottom simplicial
    - normal:     0.216 -0.0003749  -0.9764
    - offset: -0.04103453
    - vertices: p8755(v391) p3861(v184) p5291(v28)
    - neighboring facets: f883 f1942 f1940
- f1942
    - flags: top simplicial
    - normal:    0.2158 -0.0001197  -0.9764
    - offset: -0.04102853
    - vertices: p8755(v391) p9639(v278) p5291(v28)
    - neighboring facets: f1359 f1941 f1938
- f1945
    - flags: top simplicial
    - normal:  0.008441  -0.8413   0.5405
    - offset: -0.02728876
    - vertices: p104(v392) p6060(v186) p9864(v31)
    - neighboring facets: f891 f1946 f3129
- f1946
    - flags: bottom simplicial
    - normal:  0.008255  -0.8412   0.5407
    - offset: -0.02728954
    - vertices: p104(v392) p8577(v280) p9864(v31)
    - neighboring facets: f3124 f1945 f3126
- f1968
    - flags: top simplicial
    - normal:  -3.401e-05  -0.7696   0.6386
    - offset: -0.0298698
    - vertices: p4903(v397) p6569(v281) p9867(v113)
    - neighboring facets: f2531 f1969 f2552
- f1969
    - flags: bottom simplicial
    - normal:  -7.99e-05  -0.7682   0.6402
    - offset: -0.02991433
    - vertices: p4903(v397) p1113(v283) p9867(v113)
    - neighboring facets: f1977 f1968 f1973
- f1973
    - flags: top simplicial
    - normal:  4.564e-05  -0.6896   0.7242
    - offset: -0.03223538
    - vertices: p4903(v397) p1113(v283) p1189(v187)
    - neighboring facets: f2573 f2551 f1969
- f1977
    - flags: top simplicial
    - normal:  -0.00612  -0.7849   0.6196
    - offset: -0.02945763
    - vertices: p6929(v398) p1113(v283) p9867(v113)
    - neighboring facets: f1969 f1983 f1990
- f1983
    - flags: bottom simplicial
    - normal:  -0.00016  -0.8065   0.5913
    - offset: -0.0285519
    - vertices: p6929(v398) p1262(v393) p9867(v113)
    - neighboring facets: f2532 f1977 f3131
- f1988
    - flags: top simplicial
    - normal:   -0.3402  -0.7591    0.555
    - offset: -0.03455629
    - vertices: p879(v399) p8964(v322) p7568(v119)
    - neighboring facets: f1590 f2576 f1989
- f1989
    - flags: bottom simplicial
    - normal:   -0.2685  -0.8142   0.5147
    - offset: -0.03202579
    - vertices: p879(v399) p8964(v322) p3515(v321)
    - neighboring facets: f1592 f1991 f1988
- f1990
    - flags: bottom simplicial
    - normal:   -0.0392  -0.7979   0.6015
    - offset: -0.02965333
    - vertices: p879(v399) p6929(v398) p1113(v283)
    - neighboring facets: f1977 f2574 f3127
- f1991
    - flags: bottom simplicial
    - normal:   -0.1154  -0.8608   0.4957
    - offset: -0.02829421
    - vertices: p879(v399) p3515(v321) p1422(v10)
    - neighboring facets: f1586 f3120 f1989
- f1993
    - flags: bottom simplicial
    - normal:  -7.176e-05  -0.9625   0.2714
    - offset: -0.01959441
    - vertices: p5586(v400) p9154(v215) p9846(v188)
    - neighboring facets: f1049 f1994 f1997
- f1994
    - flags: top simplicial
    - normal:  -0.000102  -0.9569   0.2903
    - offset: -0.02012447
    - vertices: p5586(v400) p8848(v284) p9846(v188)
    - neighboring facets: f1391 f1993 f1995
- f1995
    - flags: bottom simplicial
    - normal:  -0.0001625  -0.9506   0.3105
    - offset: -0.02068828
    - vertices: p5586(v400) p8848(v284) p3836(v114)
    - neighboring facets: f1390 f1996 f1994
- f1996
    - flags: top simplicial
    - normal:  -0.003823  -0.9509   0.3094
    - offset: -0.02072887
    - vertices: p5586(v400) p626(v285) p3836(v114)
    - neighboring facets: f2000 f1995 f1997
- f1997
    - flags: bottom simplicial
    - normal:  -0.008547  -0.9536    0.301
    - offset: -0.02059103
    - vertices: p5586(v400) p626(v285) p9154(v215)
    - neighboring facets: f1397 f1993 f1996
- f1998
    - flags: bottom simplicial
    - normal:  0.0001488  -0.9378   0.3472
    - offset: -0.02171109
    - vertices: p1207(v401) p3836(v114) p9364(v61)
    - neighboring facets: f1390 f1999 f2000
- f1999
    - flags: top simplicial
    - normal:  -0.0001291  -0.9299   0.3678
    - offset: -0.02229128
    - vertices: p1207(v401) p626(v285) p9364(v61)
    - neighboring facets: f1395 f1998 f2000
- f2000
    - flags: bottom simplicial
    - normal:  -4.739e-05   -0.938   0.3467
    - offset: -0.02170267
    - vertices: p1207(v401) p626(v285) p3836(v114)
    - neighboring facets: f1996 f1998 f1999
- f2004
    - flags: top simplicial tested
    - normal:   -0.9971 0.004419  0.07619
    - offset: -0.02966687
    - center: -0.02703693333333334 0.00045412 0.0355259 
    - vertices: p5220(v403) p4487(v192) p6836(v19)
    - neighboring facets: f3945 f2583 f2005
- f2005
    - flags: top simplicial tested
    - normal:   -0.9972 0.004315  0.07452
    - offset: -0.02961103
    - center: -0.0270682 0.0002363756666666667 0.03512463333333333 
    - vertices: p5220(v403) p3131(v287) p4487(v192)
    - neighboring facets: f2892 f2004 f2585
- f2013
    - flags: bottom simplicial tested
    - normal:   -0.9999 -0.01566 0.003264
    - offset: -0.02728827
    - center: -0.02709343333333333 -0.00699574 0.02719643333333334 
    - vertices: p1180(v404) p8119(v288) p491(v191)
    - neighboring facets: f1410 f2590 f2591
- f2015
    - flags: bottom simplicial
    - normal:   -0.5708  -0.5078   0.6453
    - offset: -0.04139642
    - vertices: p5580(v405) p6712(v291) p9460(v65)
    - neighboring facets: f2019 f3146 f3143
- f2019
    - flags: top simplicial
    - normal:   -0.5316  -0.5179   0.6702
    - offset: -0.04138958
    - vertices: p9640(v406) p6712(v291) p9460(v65)
    - neighboring facets: f2015 f3616 f3140
- f2022
    - flags: bottom simplicial
    - normal:   -0.6844  -0.7252  0.07628
    - offset: -0.02714581
    - vertices: p9550(v407) p7182(v139) p7366(v33)
    - neighboring facets: f1068 f2023 f2024
- f2023
    - flags: top simplicial
    - normal:   -0.7605  -0.6481  0.04024
    - offset: -0.02734696
    - vertices: p9550(v407) p7076(v292) p7366(v33)
    - neighboring facets: f1429 f2022 f2602
- f2024
    - flags: top simplicial
    - normal:   -0.6749  -0.7378  0.01542
    - offset: -0.02547137
    - vertices: p9550(v407) p7182(v139) p2718(v17)
    - neighboring facets: f2204 f2601 f2022
- f2026
    - flags: bottom simplicial
    - normal:   -0.8375  -0.4843    0.253
    - offset: -0.03435411
    - vertices: p7462(v408) p4917(v293) p9806(v196)
    - neighboring facets: f1436 f2027 f2603
- f2027
    - flags: bottom simplicial
    - normal:   -0.7143  -0.6408   0.2815
    - offset:   -0.03337
    - vertices: p7462(v408) p9806(v196) p5893(v138)
    - neighboring facets: f950 f2611 f2026
- f2032
    - flags: bottom simplicial
    - normal:   -0.9227 -0.01292  -0.3852
    - offset: -0.02778976
    - vertices: p6830(v409) p1437(v197) p2718(v17)
    - neighboring facets: f959 f2033 f2034
- f2033
    - flags: top simplicial
    - normal:   -0.9315 -0.01343  -0.3634
    - offset: -0.02783736
    - vertices: p6830(v409) p9259(v294) p2718(v17)
    - neighboring facets: f1462 f2032 f2034
- f2034
    - flags: bottom simplicial
    - normal:   -0.9325  -0.0131  -0.3611
    - offset: -0.02783953
    - vertices: p6830(v409) p9259(v294) p1437(v197)
    - neighboring facets: f2626 f2032 f2033
- f2035
    - flags: bottom simplicial
    - normal:   -0.9205 -0.01248  -0.3905
    - offset: -0.02777553
    - vertices: p3323(v410) p8783(v198) p1437(v197)
    - neighboring facets: f959 f2036 f3159
- f2036
    - flags: top simplicial
    - normal:   -0.9204 -0.01235  -0.3908
    - offset: -0.02777447
    - vertices: p3323(v410) p8689(v295) p1437(v197)
    - neighboring facets: f1443 f2035 f2615
- f2042
    - flags: bottom simplicial
    - normal:   -0.9745 -0.005474  -0.2245
    - offset: -0.02790939
    - center: -0.02702993333333334 -0.003853019 -0.006898700000000001 
    - vertices: p5642(v411) p6270(v298) p9422(v34)
    - neighboring facets: f1458 f2055 f2043
- f2043
    - flags: top simplicial
    - normal:   -0.9551 -0.01205   -0.296
    - offset: -0.02792722
    - vertices: p5642(v411) p6270(v298) p9658(v124)
    - neighboring facets: f1461 f2044 f2042
- f2044
    - flags: bottom simplicial
    - normal:    -0.944 -0.01101  -0.3297
    - offset: -0.02787257
    - vertices: p5642(v411) p9259(v294) p9658(v124)
    - neighboring facets: f1461 f2043 f2627
- f2049
    - flags: bottom simplicial
    - normal:   -0.8116  -0.5837  0.02391
    - offset: -0.02762537
    - vertices: p9144(v412) p7076(v292) p6408(v195)
    - neighboring facets: f1429 f2050 f2051
- f2050
    - flags: top simplicial
    - normal:    -0.825  -0.5648  0.01858
    - offset: -0.02765642
    - vertices: p9144(v412) p6270(v298) p6408(v195)
    - neighboring facets: f1465 f2049 f2051
- f2051
    - flags: bottom simplicial
    - normal:   -0.8129  -0.5822  0.01824
    - offset: -0.02749817
    - vertices: p9144(v412) p6270(v298) p7076(v292)
    - neighboring facets: f1463 f2049 f2050
- f2053
    - flags: top simplicial tested
    - normal:   -0.9851   0.0239  -0.1702
    - offset: -0.02790679
    - center: -0.0270652 0.005077643333333334 -0.006597410000000001 
    - vertices: p8341(v413) p1987(v300) p7397(v202)
    - neighboring facets: f2062 f4415 f2054
    - ridges:
- f2054
    - flags: bottom simplicial tested
    - normal:   -0.9656 0.005528  -0.2601
    - offset: -0.0279342
    - center: -0.02701223333333333 0.002691238 -0.007063616666666667 
    - vertices: p8341(v413) p1987(v300) p3421(v201)
    - neighboring facets: f2065 f2056 f2053
- f2055
    - flags: bottom simplicial tested
    - normal:   -0.9731 -0.004133  -0.2304
    - offset: -0.02791247
    - center: -0.02704716666666667 0.0002506576666666667 -0.006919403333333333 
    - vertices: p8341(v413) p5642(v411) p9422(v34)
    - neighboring facets: f2042 f4412 f2056
    - ridges:
- f2056
    - flags: top simplicial tested
    - normal:   -0.9711 -0.003114  -0.2388
    - offset: -0.02791691
    - center: -0.0269942 0.0004086213333333334 -0.007140353333333333 
    - vertices: p8341(v413) p5642(v411) p3421(v201)
    - neighboring facets: f2630 f2054 f2055
- f2059
    - flags: bottom simplicial
    - normal:   -0.9269  0.01393   -0.375
    - offset: -0.02781389
    - vertices: p7535(v414) p9871(v297) p919(v200)
    - neighboring facets: f1457 f2633 f2060
- f2060
    - flags: top simplicial
    - normal:   -0.9242  0.01709  -0.3814
    - offset: -0.0278269
    - vertices: p7535(v414) p9871(v297) p1575(v51)
    - neighboring facets: f1498 f2061 f2059
- f2061
    - flags: bottom simplicial
    - normal:   -0.9582   0.1821  -0.2208
    - offset: -0.02903979
    - vertices: p7535(v414) p6593(v301) p1575(v51)
    - neighboring facets: f2341 f2060 f2063
- f2062
    - flags: bottom simplicial
    - normal:   -0.9756  0.03819  -0.2163
    - offset: -0.02803957
    - vertices: p7535(v414) p1987(v300) p7397(v202)
    - neighboring facets: f2053 f2063 f2634
- f2063
    - flags: top simplicial
    - normal:   -0.9801  0.09026   -0.177
    - offset: -0.02835076
    - vertices: p7535(v414) p6593(v301) p7397(v202)
    - neighboring facets: f1479 f2062 f2061
- f2064
    - flags: top simplicial
    - normal:    -0.944  0.01131  -0.3298
    - offset: -0.02787165
    - vertices: p1629(v415) p3421(v201) p4409(v67)
    - neighboring facets: f2629 f2637 f2065
- f2065
    - flags: top simplicial
    - normal:   -0.9444  0.01131  -0.3286
    - offset: -0.02787404
    - vertices: p1629(v415) p1987(v300) p3421(v201)
    - neighboring facets: f2054 f2064 f2635
- f2068
    - flags: top simplicial
    - normal:   -0.8552 -0.01655  -0.5181
    - offset: -0.02752111
    - vertices: p2901(v416) p483(v203) p5921(v35)
    - neighboring facets: f987 f2069 f2074
- f2069
    - flags: bottom simplicial
    - normal:   -0.8392 -0.009142  -0.5438
    - offset: -0.02739671
    - vertices: p2901(v416) p8922(v302) p5921(v35)
    - neighboring facets: f2084 f2068 f2075
- f2071
    - flags: top simplicial
    - normal:   -0.8576 -0.01016  -0.5143
    - offset: -0.02747468
    - vertices: p2316(v417) p8922(v302) p2042(v126)
    - neighboring facets: f2638 f2072 f2075
- f2072
    - flags: bottom simplicial
    - normal:   -0.8584 -0.01023  -0.5128
    - offset: -0.02747964
    - vertices: p2316(v417) p4925(v303) p2042(v126)
    - neighboring facets: f2616 f2071 f2073
- f2073
    - flags: top simplicial
    - normal:   -0.8586 -0.01038  -0.5126
    - offset: -0.02748167
    - vertices: p2316(v417) p4925(v303) p483(v203)
    - neighboring facets: f1489 f2074 f2072
- f2074
    - flags: bottom simplicial
    - normal:   -0.8573 -0.01083  -0.5147
    - offset: -0.02747887
    - vertices: p2316(v417) p2901(v416) p483(v203)
    - neighboring facets: f2068 f2073 f2075
- f2075
    - flags: top simplicial
    - normal:   -0.8572 -0.01051  -0.5148
    - offset: -0.02747591
    - vertices: p2316(v417) p2901(v416) p8922(v302)
    - neighboring facets: f2069 f2071 f2074
- f2084
    - flags: top simplicial
    - normal:   -0.8391 -0.009135  -0.5439
    - offset: -0.02739653
    - vertices: p568(v419) p8922(v302) p5921(v35)
    - neighboring facets: f2069 f3164 f3724
- f2092
    - flags: bottom simplicial
    - normal:   -0.3238    0.946  0.01684
    - offset: -0.01923956
    - vertices: p3612(v421) p2023(v169) p9409(v97)
    - neighboring facets: f2673 f2668 f2096
- f2095
    - flags: top simplicial
    - normal:   -0.4268   0.9042  0.01729
    - offset: -0.02122161
    - vertices: p3612(v421) p4056(v346) p1575(v51)
    - neighboring facets: f2894 f3174 f2096
- f2096
    - flags: bottom simplicial
    - normal:   -0.4115   0.9112  0.01758
    - offset: -0.02093351
    - vertices: p3612(v421) p4056(v346) p2023(v169)
    - neighboring facets: f1716 f2092 f2095
- f2120
    - flags: top simplicial
    - normal:   -0.5904  0.03414  -0.8064
    - offset: -0.02693827
    - vertices: p6691(v425) p4314(v260) p9402(v25)
    - neighboring facets: f1841 f2687 f2121
- f2121
    - flags: bottom simplicial
    - normal:   -0.5815  0.01437  -0.8134
    - offset: -0.02669631
    - vertices: p6691(v425) p4314(v260) p8800(v165)
    - neighboring facets: f1848 f2749 f2120
- f2131
    - flags: bottom simplicial
    - normal:   -0.6475 -0.006064   -0.762
    - offset: -0.02669639
    - vertices: p5168(v428) p6144(v308) p7620(v206)
    - neighboring facets: f3181 f2133 f3764
- f2133
    - flags: top simplicial
    - normal:   -0.6348 -0.003305  -0.7726
    - offset: -0.02665023
    - vertices: p5168(v428) p9860(v426) p7620(v206)
    - neighboring facets: f3692 f2131 f3265
- f2142
    - flags: top simplicial
    - normal:   -0.7169 -0.02482  -0.6968
    - offset: -0.02710125
    - vertices: p1544(v430) p8438(v127) p3491(v8)
    - neighboring facets: f3230 f2716 f2146
- f2146
    - flags: top simplicial
    - normal:   -0.7057 -0.009881  -0.7085
    - offset: -0.02689687
    - vertices: p1544(v430) p8818(v427) p8438(v127)
    - neighboring facets: f3233 f2142 f3187
- f2148
    - flags: top simplicial
    - normal:   -0.2278  -0.8147  -0.5333
    - offset: -0.02813135
    - vertices: p2377(v431) p9109(v72) p1407(v14)
    - neighboring facets: f318 f2151 f2149
- f2149
    - flags: top simplicial
    - normal:   -0.2356  -0.8083  -0.5395
    - offset: -0.0281863
    - vertices: p2377(v431) p7305(v309) p9109(v72)
    - neighboring facets: f2170 f2148 f2172
- f2151
    - flags: bottom simplicial
    - normal:   -0.0862  -0.1667  -0.9822
    - offset: -0.03808839
    - vertices: p2377(v431) p3557(v259) p1407(v14)
    - neighboring facets: f1262 f2148 f2152
- f2152
    - flags: top simplicial
    - normal:  -0.09542  0.05125  -0.9941
    - offset: -0.03550741
    - vertices: p2377(v431) p3557(v259) p5732(v164)
    - neighboring facets: f1263 f2160 f2151
- f2154
    - flags: top simplicial
    - normal:   -0.4933 -0.01113  -0.8698
    - offset: -0.0267653
    - vertices: p2377(v431) p4561(v311) p6353(v208)
    - neighboring facets: f2729 f2721 f2158
- f2156
    - flags: top simplicial
    - normal:   -0.3104   0.1408  -0.9401
    - offset: -0.02963233
    - vertices: p2377(v431) p2212(v388) p5850(v177)
    - neighboring facets: f2518 f2159 f2523
- f2158
    - flags: bottom simplicial
    - normal:   -0.4932 -0.0007918  -0.8699
    - offset: -0.02663637
    - vertices: p2377(v431) p4561(v311) p1500(v167)
    - neighboring facets: f1858 f2163 f2154
- f2159
    - flags: bottom simplicial
    - normal:   -0.3489   0.1212  -0.9293
    - offset: -0.02901223
    - vertices: p2377(v431) p5738(v381) p5850(v177)
    - neighboring facets: f1897 f2156 f2162
- f2160
    - flags: bottom simplicial
    - normal:   -0.2284   0.1583  -0.9606
    - offset: -0.03117886
    - vertices: p2377(v431) p7521(v275) p5732(v164)
    - neighboring facets: f1342 f2152 f2161
- f2161
    - flags: bottom simplicial
    - normal:   -0.2383    0.158  -0.9583
    - offset: -0.03097179
    - vertices: p2377(v431) p8750(v386) p7521(v275)
    - neighboring facets: f2521 f2160 f2522
- f2162
    - flags: top simplicial
    - normal:   -0.3517   0.1197  -0.9284
    - offset: -0.02896733
    - vertices: p2377(v431) p5738(v381) p6727(v269)
    - neighboring facets: f1897 f2165 f2159
- f2163
    - flags: top simplicial
    - normal:   -0.4931 -3.713e-05    -0.87
    - offset: -0.0266287
    - vertices: p2377(v431) p8425(v374) p1500(v167)
    - neighboring facets: f1858 f2158 f2164
- f2164
    - flags: bottom simplicial
    - normal:   -0.4925 0.0007038  -0.8703
    - offset: -0.02663962
    - vertices: p2377(v431) p8425(v374) p9912(v263)
    - neighboring facets: f1855 f2166 f2163
- f2165
    - flags: top simplicial
    - normal:   -0.4029  0.08478  -0.9113
    - offset: -0.02815902
    - vertices: p2377(v431) p6727(v269) p6902(v49)
    - neighboring facets: f1318 f2167 f2162
- f2166
    - flags: top simplicial
    - normal:   -0.4708  0.02504  -0.8819
    - offset: -0.02701615
    - vertices: p2377(v431) p697(v375) p9912(v263)
    - neighboring facets: f1863 f2164 f2168
- f2167
    - flags: bottom simplicial
    - normal:   -0.4175  0.07357  -0.9057
    - offset: -0.02791646
    - vertices: p2377(v431) p9370(v262) p6902(v49)
    - neighboring facets: f1861 f2165 f2168
- f2168
    - flags: bottom simplicial
    - normal:   -0.4432  0.05266  -0.8949
    - offset: -0.02747521
    - vertices: p2377(v431) p697(v375) p9370(v262)
    - neighboring facets: f1861 f2167 f2166
- f2169
    - flags: top simplicial
    - normal:   -0.2559  -0.7986  -0.5448
    - offset: -0.02826101
    - vertices: p1699(v432) p9651(v207) p9109(v72)
    - neighboring facets: f1528 f2170 f2727
- f2170
    - flags: bottom simplicial
    - normal:   -0.2408  -0.8054  -0.5417
    - offset: -0.02821064
    - vertices: p1699(v432) p7305(v309) p9109(v72)
    - neighboring facets: f2149 f2169 f2172
- f2172
    - flags: bottom simplicial
    - normal:   -0.2442  -0.7986  -0.5501
    - offset: -0.02834774
    - vertices: p1699(v432) p2377(v431) p7305(v309)
    - neighboring facets: f2149 f2170 f2728
- f2174
    - flags: top simplicial
    - normal:   -0.3673  -0.7592  -0.5373
    - offset: -0.02840038
    - vertices: p9723(v433) p4011(v310) p4122(v129)
    - neighboring facets: f1529 f3755 f3754
- f2184
    - flags: top simplicial
    - normal:   -0.5241 0.0004613  -0.8517
    - offset: -0.02656565
    - vertices: p3233(v434) p701(v369) p4314(v260)
    - neighboring facets: f1840 f2185 f2734
- f2185
    - flags: bottom simplicial
    - normal:   -0.5353 0.0001171  -0.8447
    - offset: -0.02655886
    - vertices: p3233(v434) p9529(v371) p4314(v260)
    - neighboring facets: f1850 f2184 f3286
- f2186
    - flags: bottom simplicial
    - normal:  -0.003664  -0.9585   -0.285
    - offset: -0.02487705
    - vertices: p3402(v435) p2452(v209) p5291(v28)
    - neighboring facets: f1017 f2187 f2188
- f2187
    - flags: top simplicial
    - normal:  0.002501  -0.9603   -0.279
    - offset: -0.0247953
    - vertices: p3402(v435) p4096(v313) p5291(v28)
    - neighboring facets: f1541 f2186 f2188
- f2188
    - flags: bottom simplicial
    - normal:   0.00724  -0.9866  -0.1627
    - offset: -0.02297292
    - vertices: p3402(v435) p4096(v313) p2452(v209)
    - neighboring facets: f1553 f2186 f2187
- f2198
    - flags: top simplicial tested
    - normal:   0.00188  -0.9952  0.09767
    - offset: -0.01881766
    - center: -0.0002797583333333334 -0.01998983333333334 -0.01101666666666667 
    - vertices: p2330(v437) p1339(v137) p8685(v73)
    - neighboring facets: f1056 f4400 f2199
    - ridges:
- f2199
    - flags: top simplicial tested
    - normal:  0.0005898  -0.9949   0.1012
    - offset: -0.01877253
    - center: -0.002186697333333333 -0.01998983333333334 -0.01099616666666667 
    - vertices: p2330(v437) p5063(v320) p1339(v137)
    - neighboring facets: f1582 f2198 f4406
    - ridges:
- f2200
    - flags: bottom simplicial
    - normal:   -0.4575  -0.8891  0.01558
    - offset: -0.02175813
    - vertices: p9942(v438) p6368(v323) p6736(v219)
    - neighboring facets: f1596 f2205 f2203
- f2201
    - flags: top simplicial
    - normal:   -0.7565  -0.6206  -0.2066
    - offset: -0.02830531
    - vertices: p9942(v438) p8077(v39) p2718(v17)
    - neighboring facets: f958 f2204 f2202
- f2202
    - flags: bottom simplicial
    - normal:   -0.4458  -0.8951 0.005286
    - offset: -0.02164984
    - vertices: p9942(v438) p8077(v39) p9419(v18)
    - neighboring facets: f325 f2203 f2201
- f2203
    - flags: top simplicial
    - normal:   -0.4457  -0.8951  0.01549
    - offset: -0.02153859
    - vertices: p9942(v438) p6368(v323) p9419(v18)
    - neighboring facets: f1597 f2202 f2200
- f2204
    - flags: bottom simplicial
    - normal:   -0.6233  -0.7819  0.01385
    - offset: -0.02459417
    - vertices: p9942(v438) p7182(v139) p2718(v17)
    - neighboring facets: f2024 f2201 f2205
- f2205
    - flags: bottom simplicial
    - normal:   -0.5793  -0.8149  0.01577
    - offset: -0.02388217
    - vertices: p9942(v438) p6736(v219) p7182(v139)
    - neighboring facets: f1068 f2204 f2200
- f2207
    - flags: bottom simplicial
    - normal:    0.0436  -0.2027   0.9783
    - offset:  -0.040224
    - vertices: p5643(v439) p1504(v324) p8875(v220)
    - neighboring facets: f1600 f4154 f2767
- f2212
    - flags: top simplicial
    - normal:   0.04405  -0.2013   0.9785
    - offset: -0.04024115
    - vertices: p2358(v440) p1504(v324) p6900(v78)
    - neighboring facets: f1600 f3353 f2224
- f2223
    - flags: top simplicial
    - normal:    0.2597  -0.3868   0.8848
    - offset: -0.04220903
    - vertices: p4182(v442) p541(v325) p7316(v221)
    - neighboring facets: f2840 f2769 f3400
- f2224
    - flags: bottom simplicial
    - normal:    0.3175  -0.2342   0.9189
    - offset: -0.04435032
    - vertices: p4182(v442) p2358(v440) p1504(v324)
    - neighboring facets: f2212 f2770 f2225
- f2225
    - flags: bottom simplicial
    - normal:    0.3501  -0.2212   0.9102
    - offset: -0.04473816
    - vertices: p4182(v442) p935(v441) p2358(v440)
    - neighboring facets: f3348 f2224 f2227
- f2227
    - flags: top simplicial
    - normal:    0.4981  -0.2895   0.8174
    - offset: -0.04487581
    - vertices: p4182(v442) p935(v441) p277(v142)
    - neighboring facets: f4073 f2847 f2225
- f2230
    - flags: top simplicial
    - normal:    0.4086   0.8766   0.2542
    - offset: -0.02748344
    - vertices: p7104(v443) p439(v160) p2787(v43)
    - neighboring facets: f768 f3310 f2953
- f2232
    - flags: bottom simplicial
    - normal:    0.8001   0.4983   0.3338
    - offset: -0.03614423
    - vertices: p9147(v444) p1282(v223) p2787(v43)
    - neighboring facets: f2824 f3316 f2829
- f2242
    - flags: bottom simplicial
    - normal:    0.9229   -0.146   0.3563
    - offset: -0.03801375
    - vertices: p3449(v446) p7385(v326) p6840(v80)
    - neighboring facets: f1614 f2254 f3318
- f2244
    - flags: top simplicial
    - normal:     0.924 -0.003128   0.3824
    - offset: -0.03878352
    - vertices: p7779(v447) p2910(v224) p6104(v20)
    - neighboring facets: f1653 f2245 f2782
- f2245
    - flags: bottom simplicial
    - normal:     0.965 -0.01674   0.2616
    - offset: -0.03545045
    - vertices: p7779(v447) p5793(v79) p6104(v20)
    - neighboring facets: f1132 f2244 f2246
- f2246
    - flags: bottom simplicial
    - normal:    0.9627 -0.04492   0.2668
    - offset: -0.03560238
    - vertices: p7779(v447) p6247(v329) p5793(v79)
    - neighboring facets: f1632 f2245 f2785
- f2253
    - flags: top simplicial
    - normal:    0.9322  -0.1154   0.3431
    - offset: -0.03769028
    - vertices: p7623(v448) p6247(v329) p6840(v80)
    - neighboring facets: f1632 f2254 f3328
- f2254
    - flags: bottom simplicial
    - normal:    0.9278  -0.1245   0.3517
    - offset: -0.03790885
    - vertices: p7623(v448) p3449(v446) p6840(v80)
    - neighboring facets: f2242 f2253 f3332
- f2255
    - flags: top simplicial
    - normal:    0.6561 -0.02866   0.7541
    - offset: -0.04587605
    - vertices: p1301(v449) p3711(v330) p6779(v225)
    - neighboring facets: f3790 f4205 f2257
- f2257
    - flags: bottom simplicial
    - normal:    0.7428 -0.07588   0.6652
    - offset: -0.04464649
    - vertices: p1301(v449) p3711(v330) p4396(v222)
    - neighboring facets: f1633 f2258 f2255
- f2258
    - flags: top simplicial
    - normal:    0.7834 -0.05141   0.6194
    - offset: -0.04391981
    - vertices: p1301(v449) p5356(v331) p4396(v222)
    - neighboring facets: f2783 f2257 f3333
- f2280
    - flags: bottom simplicial tested
    - normal:         1 -0.001256 0.005988
    - offset: -0.03523284
    - center: 0.03519836666666667 -0.01142053333333333 0.003471643333333334 
    - vertices: p7648(v453) p468(v335) p332(v59)
    - neighboring facets: f1664 f4431 f2281
    - ridges:
- f2281
    - flags: top simplicial tested
    - normal:         1 -0.0003806 0.007118
    - offset: -0.03522772
    - center: 0.03519836666666667 -0.008621016666666667 0.003788663333333333 
    - vertices: p7648(v453) p468(v335) p5314(v230)
    - neighboring facets: f2302 f4433 f2280
    - ridges:
- f2282
    - flags: top simplicial
    - normal:    0.9825 -0.001258    0.186
    - offset: -0.03547348
    - vertices: p445(v454) p851(v232) p4215(v41)
    - neighboring facets: f1685 f2284 f2283
- f2283
    - flags: top simplicial
    - normal:    0.9831 -0.001398    0.183
    - offset: -0.03547496
    - vertices: p445(v454) p3536(v337) p851(v232)
    - neighboring facets: f1673 f2282 f2285
- f2284
    - flags: bottom simplicial
    - normal:     0.986 -0.0001343    0.167
    - offset: -0.03548822
    - vertices: p445(v454) p2016(v338) p4215(v41)
    - neighboring facets: f1677 f2282 f2285
- f2285
    - flags: top simplicial
    - normal:    0.9863 -0.000587   0.1649
    - offset: -0.03548587
    - vertices: p445(v454) p2016(v338) p3536(v337)
    - neighboring facets: f2297 f2283 f2284
- f2288
    - flags: bottom simplicial
    - normal:    0.9899 -0.002175   0.1417
    - offset: -0.03547424
    - vertices: p3456(v455) p2016(v338) p5925(v228)
    - neighboring facets: f2296 f2292 f2291
- f2289
    - flags: top simplicial
    - normal:    0.9936 -0.001318   0.1133
    - offset: -0.03545693
    - vertices: p9986(v456) p9753(v229) p8992(v144)
    - neighboring facets: f1669 f2293 f2290
- f2290
    - flags: top simplicial
    - normal:    0.9931 -0.001376   0.1172
    - offset: -0.0354593
    - vertices: p9986(v456) p2016(v338) p9753(v229)
    - neighboring facets: f1677 f2289 f2291
- f2291
    - flags: top simplicial
    - normal:    0.9923  -0.0018   0.1241
    - offset: -0.03546422
    - vertices: p9986(v456) p3456(v455) p2016(v338)
    - neighboring facets: f2288 f2290 f2292
- f2292
    - flags: bottom simplicial
    - normal:    0.9915 -0.002509   0.1301
    - offset: -0.03546932
    - vertices: p9986(v456) p3456(v455) p5925(v228)
    - neighboring facets: f2288 f2294 f2291
- f2293
    - flags: bottom simplicial
    - normal:    0.9934 -0.003006   0.1145
    - offset: -0.03546862
    - center: 0.03518086666666666 -0.008110383333333334 0.004322276666666666 
    - vertices: p9986(v456) p468(v335) p8992(v144)
    - neighboring facets: f2835 f2289 f2294
- f2294
    - flags: top simplicial
    - normal:    0.9913 -0.00484   0.1316
    - offset: -0.03548429
    - vertices: p9986(v456) p468(v335) p5925(v228)
    - neighboring facets: f1663 f2292 f2293
- f2295
    - flags: bottom simplicial
    - normal:    0.9891 -0.002292   0.1472
    - offset: -0.03547653
    - vertices: p7490(v457) p3536(v337) p5925(v228)
    - neighboring facets: f1673 f2296 f2297
- f2296
    - flags: top simplicial
    - normal:    0.9899 -0.002175    0.142
    - offset: -0.03547437
    - vertices: p7490(v457) p2016(v338) p5925(v228)
    - neighboring facets: f2288 f2295 f2297
- f2297
    - flags: bottom simplicial
    - normal:    0.9884 -0.001609   0.1516
    - offset: -0.03548079
    - vertices: p7490(v457) p2016(v338) p3536(v337)
    - neighboring facets: f2285 f2295 f2296
- f2298
    - flags: bottom simplicial tested
    - normal:    0.9995 0.0004338  0.03072
    - offset: -0.03530347
    - center: 0.03519009999999999 0.002223823333333333 0.00420008 
    - vertices: p2687(v458) p5995(v336) p8992(v144)
    - neighboring facets: f1669 f2836 f2299
- f2299
    - flags: bottom simplicial tested
    - normal:    0.9996 0.0006527  0.02946
    - offset: -0.03530102
    - center: 0.03519266666666667 0.008383186666666667 0.004011373333333333 
    - vertices: p2687(v458) p8715(v339) p5995(v336)
    - neighboring facets: f1680 f2298 f4434
    - ridges:
- f2302
    - flags: bottom simplicial tested
    - normal:    0.9999 -9.882e-05  0.01174
    - offset: -0.0352422
    - center: 0.03519836666666668 -0.003647043333333334 0.003908416666666667 
    - vertices: p2687(v458) p468(v335) p5314(v230)
    - neighboring facets: f2281 f4424 f2837
    - ridges:
- f2303
    - flags: top simplicial
    - normal:    0.9719 -2.253e-06   0.2352
    - offset: -0.03540809
    - vertices: p7721(v459) p851(v232) p7797(v145)
    - neighboring facets: f1133 f2307 f2304
- f2304
    - flags: top simplicial
    - normal:    0.9721 -1.303e-05   0.2346
    - offset: -0.03540936
    - vertices: p7721(v459) p5353(v340) p851(v232)
    - neighboring facets: f1685 f2303 f2305
- f2305
    - flags: bottom simplicial
    - normal:    0.9767 1.111e-06   0.2144
    - offset: -0.03544837
    - vertices: p7721(v459) p5353(v340) p4215(v41)
    - neighboring facets: f1685 f2306 f2304
- f2306
    - flags: bottom simplicial
    - normal:    0.9657  0.01023   0.2595
    - offset: -0.03540499
    - vertices: p7721(v459) p4215(v41) p6104(v20)
    - neighboring facets: f1658 f2307 f2305
- f2307
    - flags: top simplicial
    - normal:    0.9661 0.002752   0.2581
    - offset: -0.03536234
    - vertices: p7721(v459) p7797(v145) p6104(v20)
    - neighboring facets: f1133 f2306 f2303
- f2308
    - flags: top simplicial
    - normal:    0.6311  -0.4695   0.6175
    - offset: -0.0416327
    - vertices: p8206(v460) p4173(v341) p2567(v148)
    - neighboring facets: f1690 f2309 f2844
- f2309
    - flags: top simplicial
    - normal:    0.5242  -0.5387   0.6595
    - offset: -0.04096777
    - vertices: p8206(v460) p2567(v148) p4724(v81)
    - neighboring facets: f700 f2838 f2308
- f2320
    - flags: top simplicial tested
    - normal:    0.9938   0.1113 0.002195
    - offset: -0.03655481
    - center: 0.0351889 0.01423656666666667 2.848566666666657e-05 
    - vertices: p6626(v462) p7506(v149) p2787(v43)
    - neighboring facets: f1142 f2326 f2861
- f2324
    - flags: bottom simplicial
    - normal:    0.9409   0.3387 9.794e-05
    - offset: -0.0379736
    - center: 0.03514813333333333 0.01447813333333333 -0.007675391 
    - vertices: p6333(v463) p6626(v462) p1331(v342)
    - neighboring facets: f3857 f2866 f2326
- f2325
    - flags: bottom simplicial
    - normal:     0.862   0.5057  0.03538
    - offset: -0.03758119
    - vertices: p6333(v463) p6431(v343) p2787(v43)
    - neighboring facets: f1699 f2326 f3427
- f2326
    - flags: top simplicial
    - normal:    0.9163   0.3997  0.02423
    - offset: -0.03796491
    - vertices: p6333(v463) p6626(v462) p2787(v43)
    - neighboring facets: f2320 f2325 f2324
- f2341
    - flags: top simplicial
    - normal:   -0.7209   0.6926  0.02194
    - offset: -0.0263815
    - vertices: p2088(v467) p6593(v301) p1575(v51)
    - neighboring facets: f2061 f2895 f2342
- f2342
    - flags: bottom simplicial
    - normal:   -0.7334   0.6795  0.02239
    - offset: -0.02657118
    - vertices: p2088(v467) p6593(v301) p3038(v237)
    - neighboring facets: f1728 f3449 f2341
- f2345
    - flags: bottom simplicial
    - normal:   -0.9251   0.3617   0.1155
    - offset: -0.03123145
    - vertices: p4268(v468) p4277(v345) p4153(v150)
    - neighboring facets: f3008 f2346 f2347
- f2346
    - flags: top simplicial
    - normal:   -0.8924   0.4404  0.09849
    - offset: -0.03053856
    - vertices: p4268(v468) p523(v348) p4153(v150)
    - neighboring facets: f1724 f2345 f2349
- f2347
    - flags: top simplicial
    - normal:   -0.9613   0.2674  0.06587
    - offset: -0.02997508
    - vertices: p4268(v468) p4277(v345) p7729(v236)
    - neighboring facets: f1713 f2901 f2345
- f2349
    - flags: bottom simplicial
    - normal:   -0.9104   0.4132  0.01991
    - offset: -0.02854009
    - vertices: p4268(v468) p523(v348) p2372(v125)
    - neighboring facets: f1729 f2900 f2346
- f2351
    - flags: bottom simplicial
    - normal:   -0.3196   0.9386   0.1298
    - offset: -0.02222873
    - vertices: p7030(v469) p8557(v238) p7001(v7)
    - neighboring facets: f2959 f2352 f2355
- f2352
    - flags: top simplicial
    - normal:   -0.3505   0.9289   0.1198
    - offset: -0.02255289
    - vertices: p7030(v469) p4056(v346) p7001(v7)
    - neighboring facets: f1716 f2351 f2897
- f2353
    - flags: bottom simplicial
    - normal:   -0.4686   0.8232   0.3207
    - offset: -0.03042304
    - vertices: p7030(v469) p243(v349) p8614(v85)
    - neighboring facets: f3530 f2354 f3450
- f2354
    - flags: top simplicial
    - normal:   -0.3652    0.866   0.3416
    - offset: -0.02906254
    - vertices: p7030(v469) p9508(v350) p8614(v85)
    - neighboring facets: f2387 f2353 f2355
- f2355
    - flags: bottom simplicial
    - normal:   -0.3392   0.8816   0.3283
    - offset: -0.02820024
    - vertices: p7030(v469) p9508(v350) p8557(v238)
    - neighboring facets: f2357 f2351 f2354
- f2356
    - flags: bottom simplicial
    - normal:   -0.2129   0.9234   0.3193
    - offset: -0.02544995
    - vertices: p8794(v470) p9508(v350) p2924(v151)
    - neighboring facets: f2390 f2957 f2357
- f2357
    - flags: top simplicial
    - normal:    -0.285   0.9029   0.3218
    - offset: -0.02697134
    - vertices: p8794(v470) p9508(v350) p8557(v238)
    - neighboring facets: f2355 f2954 f2356
- f2371
    - flags: bottom simplicial
    - normal:    0.2607   0.8968   0.3576
    - offset: -0.02745977
    - vertices: p9211(v473) p7104(v443) p4202(v44)
    - neighboring facets: f2952 f2908 f3395
- f2387
    - flags: bottom simplicial
    - normal:   -0.2403   0.8503   0.4682
    - offset: -0.03012896
    - vertices: p9477(v475) p9508(v350) p8614(v85)
    - neighboring facets: f2354 f3514 f2390
- f2390
    - flags: top simplicial
    - normal:  -0.03603   0.9006   0.4331
    - offset: -0.02482393
    - vertices: p9477(v475) p9508(v350) p2924(v151)
    - neighboring facets: f2356 f2391 f2387
- f2391
    - flags: bottom simplicial
    - normal:  -0.02911    0.901   0.4329
    - offset: -0.02466452
    - vertices: p9477(v475) p8074(v471) p2924(v151)
    - neighboring facets: f2419 f2390 f3484
- f2401
    - flags: top simplicial
    - normal:   0.01285   0.9896   0.1433
    - offset: -0.01627781
    - vertices: p3839(v477) p9306(v355) p9323(v91)
    - neighboring facets: f1772 f2404 f2974
- f2402
    - flags: bottom simplicial
    - normal:    0.1901   0.9656   0.1773
    - offset: -0.02099476
    - vertices: p3839(v477) p4714(v367) p566(v93)
    - neighboring facets: f1830 f2405 f2403
- f2403
    - flags: top simplicial
    - normal:    0.2072   0.9572    0.202
    - offset: -0.02201807
    - vertices: p3839(v477) p4714(v367) p439(v160)
    - neighboring facets: f1830 f2951 f2402
- f2404
    - flags: top simplicial
    - normal:   0.04086   0.9911   0.1265
    - offset: -0.01642338
    - vertices: p3839(v477) p9323(v91) p820(v12)
    - neighboring facets: f421 f2405 f2401
- f2405
    - flags: bottom simplicial
    - normal:    0.1402   0.9774   0.1583
    - offset: -0.01944405
    - vertices: p3839(v477) p566(v93) p820(v12)
    - neighboring facets: f431 f2404 f2402
- f2419
    - flags: top simplicial
    - normal:  -0.01392   0.9219   0.3872
    - offset: -0.02309145
    - vertices: p5204(v479) p8074(v471) p2924(v151)
    - neighboring facets: f2391 f2420 f3912
- f2420
    - flags: bottom simplicial
    - normal:  -0.01605   0.9447   0.3276
    - offset: -0.02148882
    - vertices: p5204(v479) p4943(v478) p2924(v151)
    - neighboring facets: f2958 f2419 f2968
- f2429
    - flags: top simplicial
    - normal:   0.01749  -0.1824   0.9831
    - offset: -0.03984712
    - vertices: p2890(v482) p9440(v357) p8875(v220)
    - neighboring facets: f1781 f2985 f2986
- f2434
    - flags: bottom simplicial
    - normal:  0.000137  -0.1078   0.9942
    - offset: -0.03982941
    - vertices: p1528(v483) p9440(v357) p6900(v78)
    - neighboring facets: f1781 f4097 f2987
- f2454
    - flags: top simplicial
    - normal:   -0.7612   0.3568   0.5415
    - offset: -0.04145414
    - vertices: p5595(v486) p1597(v485) p6446(v359)
    - neighboring facets: f2999 f3559 f3548
- f2460
    - flags: bottom simplicial
    - normal:   -0.7653 -0.09148   0.6371
    - offset: -0.04407897
    - vertices: p169(v487) p6164(v289) p4416(v120)
    - neighboring facets: f1421 f2461 f3954
- f2461
    - flags: top simplicial
    - normal:   -0.7077 -0.08238   0.7017
    - offset: -0.04507121
    - vertices: p169(v487) p7614(v484) p4416(v120)
    - neighboring facets: f3985 f2460 f3916
- f2464
    - flags: top simplicial
    - normal:    0.9179  -0.3968 -0.002068
    - offset: -0.03804365
    - vertices: p5025(v488) p9114(v155) p4736(v45)
    - neighboring facets: f1212 f3027 f2465
- f2465
    - flags: top simplicial
    - normal:    0.9505  -0.3106 -0.0005054
    - offset: -0.03791298
    - vertices: p5025(v488) p5867(v361) p9114(v155)
    - neighboring facets: f1801 f2464 f2467
- f2467
    - flags: bottom simplicial
    - normal:    0.9063  -0.4226 0.0006157
    - offset: -0.03796775
    - vertices: p5025(v488) p5867(v361) p4364(v244)
    - neighboring facets: f1802 f3028 f2465
- f2470
    - flags: top simplicial tested
    - normal:    0.9992  -0.0406 -0.001238
    - offset: -0.0357771
    - center: 0.0351965 -0.01417883333333333 -0.0274379 
    - vertices: p6467(v489) p484(v247) p9114(v155)
    - neighboring facets: f1210 f2471 f4436
    - ridges:
- f2471
    - flags: bottom simplicial tested
    - normal:    0.9969 -0.07829 -8.843e-05
    - offset: -0.03620564
    - center: 0.0351964 -0.01424506666666667 -0.02230053333333333 
    - vertices: p6467(v489) p5110(v362) p9114(v155)
    - neighboring facets: f2474 f2470 f3030
- f2472
    - flags: top simplicial
    - normal:    0.9912  -0.1327 -7.449e-06
    - offset: -0.03677983
    - vertices: p6388(v490) p9114(v155) p8510(v86)
    - neighboring facets: f1801 f2473 f2474
- f2473
    - flags: bottom simplicial
    - normal:    0.9969 -0.07893 6.247e-05
    - offset: -0.03621071
    - center: 0.03519373333333334 -0.01428263333333333 -0.009049672 
    - vertices: p6388(v490) p5110(v362) p8510(v86)
    - neighboring facets: f3032 f2472 f2474
- f2474
    - flags: top simplicial
    - normal:    0.9967 -0.08143 -6.184e-05
    - offset: -0.03624102
    - vertices: p6388(v490) p5110(v362) p9114(v155)
    - neighboring facets: f2471 f2472 f2473
- f2475
    - flags: bottom simplicial
    - normal:    0.4114  -0.9114 -7.095e-05
    - offset: -0.02789567
    - vertices: p978(v491) p4030(v250) p4960(v109)
    - neighboring facets: f1223 f2476 f2477
- f2476
    - flags: top simplicial
    - normal:    0.4145  -0.9101 -5.59e-05
    - offset: -0.02798049
    - vertices: p978(v491) p6447(v364) p4960(v109)
    - neighboring facets: f3033 f2475 f2478
- f2477
    - flags: top simplicial
    - normal:     0.313  -0.9498 0.0001121
    - offset: -0.02505006
    - vertices: p978(v491) p4030(v250) p5134(v156)
    - neighboring facets: f1223 f2478 f2475
- f2478
    - flags: bottom simplicial
    - normal:    0.3166  -0.9485 0.0005647
    - offset: -0.02515409
    - vertices: p978(v491) p6447(v364) p5134(v156)
    - neighboring facets: f1817 f2477 f2476
- f2481
    - flags: bottom simplicial
    - normal:    0.5794  -0.8151 0.0001041
    - offset: -0.03230138
    - vertices: p3893(v492) p3314(v245) p7817(v154)
    - neighboring facets: f1811 f2482 f3965
- f2482
    - flags: top simplicial
    - normal:    0.5308  -0.8475 0.002259
    - offset: -0.0310887
    - vertices: p3893(v492) p6447(v364) p7817(v154)
    - neighboring facets: f1816 f2481 f3035
- f2483
    - flags: bottom simplicial
    - normal:   -0.3733   0.5602  -0.7394
    - offset: -0.03044842
    - vertices: p6181(v493) p9891(v173) p6902(v49)
    - neighboring facets: f1318 f2484 f2485
- f2484
    - flags: top simplicial
    - normal:   -0.4477   0.1636  -0.8791
    - offset: -0.02870242
    - vertices: p6181(v493) p697(v375) p6902(v49)
    - neighboring facets: f1861 f2483 f2486
- f2485
    - flags: top simplicial
    - normal:   -0.3219    0.801  -0.5048
    - offset: -0.02772339
    - vertices: p6181(v493) p9891(v173) p3866(v99)
    - neighboring facets: f1888 f2487 f2483
- f2486
    - flags: bottom simplicial
    - normal:   -0.4995   0.1271   -0.857
    - offset: -0.0281159
    - vertices: p6181(v493) p697(v375) p4314(v260)
    - neighboring facets: f1863 f2489 f2484
- f2487
    - flags: bottom simplicial
    - normal:   -0.4638   0.5745  -0.6744
    - offset: -0.02994008
    - vertices: p6181(v493) p5712(v172) p3866(v99)
    - neighboring facets: f822 f2485 f2488
- f2488
    - flags: bottom simplicial
    - normal:   -0.4882   0.5036  -0.7128
    - offset: -0.03007024
    - vertices: p6181(v493) p3584(v370) p5712(v172)
    - neighboring facets: f1844 f2487 f2489
- f2489
    - flags: top simplicial
    - normal:   -0.5126   0.3988  -0.7604
    - offset: -0.0299214
    - vertices: p6181(v493) p3584(v370) p4314(v260)
    - neighboring facets: f1841 f2486 f2488
- f2490
    - flags: bottom simplicial
    - normal:  -0.04226   0.9972  0.06125
    - offset: -0.01507249
    - vertices: p3605(v494) p4999(v170) p388(v22)
    - neighboring facets: f1761 f3037 f2491
- f2491
    - flags: bottom simplicial
    - normal:  -0.06322    0.997    0.045
    - offset: -0.01505149
    - vertices: p3605(v494) p3614(v377) p4999(v170)
    - neighboring facets: f1873 f2490 f3973
- f2499
    - flags: top simplicial
    - normal:  -0.06694    0.997  0.03842
    - offset: -0.0150622
    - vertices: p4799(v495) p3614(v377) p6424(v98)
    - neighboring facets: f1873 f2504 f3590
- f2503
    - flags: bottom simplicial
    - normal:  -0.08112   0.9957  0.04428
    - offset: -0.01506825
    - vertices: p9553(v496) p7696(v376) p1386(v171)
    - neighboring facets: f1870 f2505 f3043
- f2504
    - flags: top simplicial
    - normal:  -0.06971   0.9968  0.03862
    - offset: -0.01506401
    - vertices: p9553(v496) p4799(v495) p6424(v98)
    - neighboring facets: f2499 f2505 f3045
- f2505
    - flags: bottom simplicial
    - normal:  -0.07852    0.996  0.04323
    - offset: -0.01506276
    - vertices: p9553(v496) p1386(v171) p6424(v98)
    - neighboring facets: f1767 f2504 f2503
- f2513
    - flags: top simplicial
    - normal:   -0.1702   0.7254  -0.6669
    - offset: -0.03078945
    - vertices: p2270(v498) p6460(v385) p160(v103)
    - neighboring facets: f1912 f2514 f2515
- f2514
    - flags: bottom simplicial
    - normal:   -0.2748   0.6071  -0.7456
    - offset: -0.03089198
    - vertices: p2270(v498) p6727(v269) p160(v103)
    - neighboring facets: f1320 f2513 f2517
- f2515
    - flags: bottom simplicial
    - normal:   -0.1822   0.6676  -0.7219
    - offset: -0.03154362
    - vertices: p2270(v498) p6460(v385) p2799(v181)
    - neighboring facets: f1915 f3053 f2513
- f2517
    - flags: top simplicial
    - normal:   -0.3156   0.3386  -0.8864
    - offset: -0.03094312
    - vertices: p2270(v498) p6727(v269) p5850(v177)
    - neighboring facets: f1897 f2518 f2514
- f2518
    - flags: bottom simplicial
    - normal:   -0.3142    0.282  -0.9065
    - offset: -0.03070634
    - vertices: p2270(v498) p2212(v388) p5850(v177)
    - neighboring facets: f2156 f2517 f3054
- f2520
    - flags: top simplicial
    - normal:   -0.2429   0.1863   -0.952
    - offset: -0.03112907
    - vertices: p5130(v499) p7521(v275) p2799(v181)
    - neighboring facets: f1915 f3055 f2521
- f2521
    - flags: top simplicial
    - normal:   -0.2426   0.1738  -0.9544
    - offset: -0.03102511
    - vertices: p5130(v499) p8750(v386) p7521(v275)
    - neighboring facets: f2161 f2520 f2522
- f2522
    - flags: top simplicial
    - normal:   -0.2452   0.1573  -0.9566
    - offset: -0.03083547
    - vertices: p5130(v499) p2377(v431) p8750(v386)
    - neighboring facets: f2161 f2521 f2523
- f2523
    - flags: bottom simplicial
    - normal:   -0.2848   0.1486   -0.947
    - offset: -0.03010358
    - vertices: p5130(v499) p2377(v431) p2212(v388)
    - neighboring facets: f2156 f3056 f2522
- f2525
    - flags: top simplicial tested
    - normal:    0.9989 0.001692 -0.04618
    - offset: -0.03671409
    - center: 0.0351955 0.007286846666666667 -0.03343223333333333 
    - vertices: p407(v500) p6355(v182) p9063(v108)
    - neighboring facets: f874 f2526 f4432
    - ridges:
- f2526
    - flags: bottom simplicial tested
    - normal:     0.999 0.001552 -0.04544
    - offset: -0.03668964
    - center: 0.0351955 0.00463016 -0.03352786666666666 
    - vertices: p407(v500) p3429(v389) p9063(v108)
    - neighboring facets: f2528 f2525 f4437
    - ridges:
- f2528
    - flags: top simplicial tested
    - normal:    0.9989 0.0001469 -0.04624
    - offset: -0.03670991
    - center: 0.0351955 -0.0004312933333333333 -0.0335655 
    - vertices: p5001(v501) p3429(v389) p9063(v108)
    - neighboring facets: f2526 f2529 f4438
    - ridges:
- f2529
    - flags: bottom simplicial tested
    - normal:    0.9988 8.32e-05 -0.04962
    - offset: -0.03681791
    - center: 0.03519133333333334 -0.00340298 -0.03366089999999999 
    - vertices: p5001(v501) p8266(v390) p9063(v108)
    - neighboring facets: f1935 f2528 f2530
- f2530
    - flags: top simplicial tested
    - normal:    0.9987 4.306e-05  -0.0503
    - offset:   -0.03684
    - center: 0.03519583333333333 -0.009226369999999999 -0.03357893333333333 
    - vertices: p5001(v501) p8266(v390) p3147(v277)
    - neighboring facets: f1937 f4425 f2529
    - ridges:
- f2531
    - flags: bottom simplicial
    - normal:  1.763e-05  -0.7724   0.6352
    - offset: -0.02977527
    - vertices: p7931(v502) p6569(v281) p9867(v113)
    - neighboring facets: f1968 f2532 f3057
- f2532
    - flags: top simplicial
    - normal:  -1.355e-08  -0.7795   0.6264
    - offset: -0.02953368
    - vertices: p7931(v502) p1262(v393) p9867(v113)
    - neighboring facets: f1983 f2531 f3058
- f2541
    - flags: top simplicial
    - normal:   -0.6944  -0.2435   0.6771
    - offset: -0.04431415
    - vertices: p3388(v504) p9705(v290) p4416(v120)
    - neighboring facets: f1421 f3088 f3605
- f2551
    - flags: top simplicial
    - normal:  8.735e-05  -0.6887   0.7251
    - offset: -0.03225877
    - vertices: p7358(v506) p4903(v397) p1189(v187)
    - neighboring facets: f1973 f3096 f2552
- f2552
    - flags: bottom simplicial
    - normal:   0.01019  -0.7173   0.6967
    - offset: -0.0316899
    - vertices: p7358(v506) p4903(v397) p6569(v281)
    - neighboring facets: f1968 f2554 f2551
- f2553
    - flags: bottom simplicial
    - normal:    0.1845  -0.7305   0.6575
    - offset: -0.03431798
    - vertices: p7358(v506) p2933(v111) p8941(v6)
    - neighboring facets: f518 f3099 f2554
- f2554
    - flags: bottom simplicial
    - normal:    0.1024  -0.7477    0.656
    - offset: -0.03254818
    - vertices: p7358(v506) p6569(v281) p2933(v111)
    - neighboring facets: f3059 f2553 f2552
- f2561
    - flags: top simplicial
    - normal:  -0.0004857  -0.5625   0.8268
    - offset: -0.03513912
    - vertices: p1962(v508) p941(v396) p1517(v282)
    - neighboring facets: f3628 f3108 f3629
- f2573
    - flags: bottom simplicial
    - normal:   -0.1823  -0.7159   0.6739
    - offset: -0.0347053
    - vertices: p9905(v510) p1113(v283) p1189(v187)
    - neighboring facets: f1973 f2598 f2574
- f2574
    - flags: bottom simplicial
    - normal:   -0.1845  -0.7214   0.6674
    - offset: -0.0345677
    - vertices: p9905(v510) p879(v399) p1113(v283)
    - neighboring facets: f1990 f2573 f2576
- f2575
    - flags: bottom simplicial
    - normal:   -0.5044  -0.6453   0.5737
    - offset: -0.03815564
    - vertices: p9905(v510) p6712(v291) p7568(v119)
    - neighboring facets: f1427 f2576 f3141
- f2576
    - flags: top simplicial
    - normal:   -0.3441  -0.7493   0.5658
    - offset: -0.03493208
    - vertices: p9905(v510) p879(v399) p7568(v119)
    - neighboring facets: f1988 f2575 f2574
- f2578
    - flags: bottom simplicial tested
    - normal:        -1 -0.005999 0.004252
    - offset: -0.02725302
    - center: -0.02709373333333333 -0.006214310000000001 0.0288657 
    - vertices: p314(v511) p491(v191) p2737(v118)
    - neighboring facets: f1410 f2579 f4410
    - ridges:
- f2579
    - flags: top simplicial tested
    - normal:        -1 -0.005711 0.004481
    - offset: -0.02725817
    - center: -0.02709373333333333 -0.004335596666666667 0.03132873333333334 
    - vertices: p314(v511) p3738(v402) p2737(v118)
    - neighboring facets: f2586 f2578 f4416
    - ridges:
- f2580
    - flags: top simplicial
    - normal:     -0.96 -0.04757   0.2758
    - offset: -0.03583787
    - vertices: p903(v512) p6164(v289) p907(v193)
    - neighboring facets: f1422 f2581 f3956
- f2581
    - flags: bottom simplicial
    - normal:   -0.9624 -0.04731   0.2675
    - offset: -0.03560214
    - center: -0.02697776666666666 -0.001610308533333333 0.03574676666666667 
    - vertices: p903(v512) p5220(v403) p907(v193)
    - neighboring facets: f2588 f2580 f2583
- f2583
    - flags: top simplicial
    - normal:    -0.995 -0.0006225   0.1003
    - offset: -0.03047355
    - vertices: p903(v512) p5220(v403) p6836(v19)
    - neighboring facets: f2004 f3955 f2581
- f2584
    - flags: top simplicial tested
    - normal:   -0.9995 -0.01645  0.02529
    - offset: -0.02796793
    - center: -0.02708236666666667 -0.001229961 0.0347081 
    - vertices: p1082(v513) p3738(v402) p3131(v287)
    - neighboring facets: f4414 f2585 f2586
    - ridges:
- f2585
    - flags: bottom simplicial tested
    - normal:   -0.9993 -0.01437  0.03438
    - offset: -0.02827679
    - center: -0.02706626666666667 -0.001462607666666667 0.03514823333333333 
    - vertices: p1082(v513) p5220(v403) p3131(v287)
    - neighboring facets: f2005 f2584 f2588
- f2586
    - flags: bottom simplicial tested
    - normal:   -0.9996 -0.01684  0.02477
    - offset: -0.02795074
    - center: -0.0270761 -0.003455406666666666 0.03345626666666667 
    - vertices: p1082(v513) p3738(v402) p2737(v118)
    - neighboring facets: f2579 f2587 f2584
- f2587
    - flags: top simplicial tested
    - normal:    -0.982  -0.1298   0.1375
    - offset: -0.03173624
    - center: -0.02700253333333333 -0.00417703 0.03401666666666667 
    - vertices: p1082(v513) p907(v193) p2737(v118)
    - neighboring facets: f1435 f2586 f2588
- f2588
    - flags: top simplicial tested
    - normal:   -0.9736 -0.06027   0.2202
    - offset: -0.03424927
    - center: -0.0269927 -0.002482363333333333 0.0355147 
    - vertices: p1082(v513) p5220(v403) p907(v193)
    - neighboring facets: f2581 f2587 f2585
- f2590
    - flags: bottom simplicial tested
    - normal:        -1 -0.006333 0.000562
    - offset: -0.02715673
    - center: -0.02709946666666667 -0.00772177 0.0158399 
    - vertices: p4380(v514) p1180(v404) p491(v191)
    - neighboring facets: f2013 f4417 f2591
    - ridges:
- f2591
    - flags: top simplicial tested
    - normal:   -0.9996 -0.02907  0.00239
    - offset: -0.02735228
    - center: -0.02709343333333333 -0.007926686666666667 0.01670516666666667 
    - vertices: p4380(v514) p1180(v404) p8119(v288)
    - neighboring facets: f2013 f2592 f2590
- f2592
    - flags: top simplicial tested
    - normal:   -0.9757  -0.2184  0.01448
    - offset: -0.0284411
    - center: -0.02701593333333333 -0.008414926666666666 0.01673673333333333 
    - vertices: p4380(v514) p8119(v288) p3733(v64)
    - neighboring facets: f1412 f2594 f2591
- f2593
    - flags: top simplicial tested
    - normal:   -0.9749  -0.2228 -0.001383
    - offset: -0.02853353
    - center: -0.02708276666666667 -0.009530223333333332 -0.005929106666666666 
    - vertices: p4380(v514) p6270(v298) p6547(v66)
    - neighboring facets: f1458 f4411 f2595
    - ridges:
- f2594
    - flags: bottom simplicial tested
    - normal:   -0.9624   -0.271  0.01605
    - offset: -0.02857079
    - center: -0.0268837 -0.008979076666666667 0.01640316666666667 
    - vertices: p4380(v514) p5340(v121) p3733(v64)
    - neighboring facets: f1412 f2592 f2595
- f2595
    - flags: bottom simplicial tested
    - normal:   -0.9248  -0.3801  0.01718
    - offset: -0.0285772
    - center: -0.0269445 -0.009371783333333333 0.005648046666666667 
    - vertices: p4380(v514) p6270(v298) p5340(v121)
    - neighboring facets: f1465 f2594 f2593
- f2596
    - flags: top simplicial
    - normal:   -0.1343  -0.6058   0.7842
    - offset: -0.03681952
    - vertices: p722(v515) p1517(v282) p1189(v187)
    - neighboring facets: f3627 f2598 f3132
- f2598
    - flags: bottom simplicial
    - normal:   -0.2189  -0.6758   0.7039
    - offset: -0.03631801
    - vertices: p722(v515) p9905(v510) p1189(v187)
    - neighboring facets: f2573 f2596 f3139
- f2600
    - flags: bottom simplicial
    - normal:   -0.7656   -0.643  0.01709
    - offset: -0.02684269
    - vertices: p4433(v516) p7076(v292) p2718(v17)
    - neighboring facets: f1463 f2601 f2602
- f2601
    - flags: top simplicial
    - normal:   -0.7333  -0.6797  0.01674
    - offset: -0.02638329
    - vertices: p4433(v516) p9550(v407) p2718(v17)
    - neighboring facets: f2024 f2600 f2602
- f2602
    - flags: bottom simplicial
    - normal:   -0.7602  -0.6485  0.03907
    - offset: -0.02731429
    - vertices: p4433(v516) p9550(v407) p7076(v292)
    - neighboring facets: f2023 f2600 f2601
- f2603
    - flags: top simplicial
    - normal:   -0.8378  -0.4145   0.3554
    - offset: -0.0372465
    - vertices: p853(v517) p7462(v408) p4917(v293)
    - neighboring facets: f2026 f2607 f2614
- f2607
    - flags: top simplicial
    - normal:   -0.9153  -0.2493   0.3163
    - offset: -0.03672991
    - vertices: p853(v517) p4917(v293) p907(v193)
    - neighboring facets: f1435 f3608 f2603
- f2610
    - flags: bottom simplicial
    - normal:    -0.646  -0.6662   0.3728
    - offset: -0.03492291
    - vertices: p7906(v518) p5893(v138) p7568(v119)
    - neighboring facets: f1590 f3149 f2611
- f2611
    - flags: bottom simplicial
    - normal:   -0.6823   -0.649   0.3366
    - offset: -0.03446081
    - vertices: p7906(v518) p7462(v408) p5893(v138)
    - neighboring facets: f2027 f2610 f2614
- f2614
    - flags: bottom simplicial
    - normal:   -0.7799  -0.4783   0.4037
    - offset: -0.03788259
    - vertices: p7906(v518) p853(v517) p7462(v408)
    - neighboring facets: f2603 f2611 f3145
- f2615
    - flags: bottom simplicial
    - normal:   -0.9023 -0.008354  -0.4309
    - offset: -0.02767918
    - vertices: p7701(v519) p3323(v410) p8689(v295)
    - neighboring facets: f2036 f2619 f3160
- f2616
    - flags: top simplicial
    - normal:   -0.8744 -0.009343  -0.4851
    - offset: -0.02755798
    - vertices: p7701(v519) p4925(v303) p2042(v126)
    - neighboring facets: f2072 f3642 f2620
- f2618
    - flags: bottom simplicial
    - normal:   -0.9054 0.001498  -0.4246
    - offset: -0.02768509
    - vertices: p7701(v519) p522(v122) p9559(v13)
    - neighboring facets: f967 f3646 f2619
- f2619
    - flags: bottom simplicial
    - normal:   -0.9068 -0.004712  -0.4216
    - offset: -0.02768938
    - vertices: p7701(v519) p8689(v295) p522(v122)
    - neighboring facets: f1443 f2618 f2615
- f2620
    - flags: bottom simplicial
    - normal:   -0.8804 -0.01041   -0.474
    - offset: -0.02759134
    - vertices: p7701(v519) p4925(v303) p9514(v69)
    - neighboring facets: f1489 f3158 f2616
- f2626
    - flags: top simplicial
    - normal:   -0.9439 -0.01096  -0.3301
    - offset: -0.02787169
    - vertices: p328(v520) p9259(v294) p1437(v197)
    - neighboring facets: f2034 f2628 f2627
- f2627
    - flags: top simplicial
    - normal:   -0.9439 -0.01097  -0.3299
    - offset: -0.02787197
    - vertices: p328(v520) p5642(v411) p9259(v294)
    - neighboring facets: f2044 f2626 f2630
- f2628
    - flags: top simplicial
    - normal:   -0.9426 -0.006263   -0.334
    - offset: -0.0278606
    - vertices: p328(v520) p1437(v197) p4409(v67)
    - neighboring facets: f955 f2629 f2626
- f2629
    - flags: bottom simplicial
    - normal:   -0.9462 -6.956e-05  -0.3236
    - offset: -0.02787445
    - vertices: p328(v520) p3421(v201) p4409(v67)
    - neighboring facets: f2064 f2628 f2630
- f2630
    - flags: bottom simplicial
    - normal:     -0.96 -0.003674  -0.2801
    - offset: -0.02792149
    - vertices: p328(v520) p5642(v411) p3421(v201)
    - neighboring facets: f2056 f2629 f2627
- f2631
    - flags: bottom simplicial
    - normal:   -0.9338  0.01152  -0.3575
    - offset: -0.0278303
    - vertices: p6950(v521) p919(v200) p4409(v67)
    - neighboring facets: f1450 f2632 f2633
- f2632
    - flags: top simplicial
    - normal:   -0.9365  0.01161  -0.3504
    - offset: -0.02784338
    - vertices: p6950(v521) p7535(v414) p4409(v67)
    - neighboring facets: f2636 f2631 f2633
- f2633
    - flags: bottom simplicial
    - normal:   -0.9336  0.01172  -0.3581
    - offset: -0.02783025
    - vertices: p6950(v521) p7535(v414) p919(v200)
    - neighboring facets: f2059 f2631 f2632
- f2634
    - flags: top simplicial
    - normal:   -0.9542  0.01921  -0.2985
    - offset: -0.02796089
    - vertices: p1451(v522) p7535(v414) p1987(v300)
    - neighboring facets: f2062 f2635 f2636
- f2635
    - flags: bottom simplicial
    - normal:   -0.9441  0.01172  -0.3295
    - offset: -0.02787381
    - vertices: p1451(v522) p1629(v415) p1987(v300)
    - neighboring facets: f2065 f2634 f2637
- f2636
    - flags: bottom simplicial
    - normal:   -0.9428  0.01162  -0.3331
    - offset: -0.02786805
    - vertices: p1451(v522) p7535(v414) p4409(v67)
    - neighboring facets: f2632 f2637 f2634
- f2637
    - flags: top simplicial
    - normal:   -0.9437  0.01155  -0.3306
    - offset: -0.02787081
    - vertices: p1451(v522) p1629(v415) p4409(v67)
    - neighboring facets: f2064 f2636 f2635
- f2638
    - flags: bottom simplicial
    - normal:    -0.857  -0.0099  -0.5153
    - offset: -0.02747115
    - vertices: p1638(v523) p8922(v302) p2042(v126)
    - neighboring facets: f2071 f2639 f3162
- f2639
    - flags: top simplicial
    - normal:   -0.8553 -0.004109  -0.5182
    - offset: -0.02745834
    - vertices: p1638(v523) p60(v418) p2042(v126)
    - neighboring facets: f3641 f2638 f3727
- f2644
    - flags: bottom simplicial
    - normal:   -0.8217 -0.01181  -0.5697
    - offset: -0.02734614
    - vertices: p257(v524) p1571(v204) p5921(v35)
    - neighboring facets: f990 f3244 f4041
- f2652
    - flags: top simplicial
    - normal:   -0.8542 0.008313  -0.5199
    - offset: -0.02745651
    - vertices: p642(v526) p60(v418) p5535(v205)
    - neighboring facets: f4004 f3660 f3998
- f2662
    - flags: bottom simplicial
    - normal:   -0.6613 0.0003974  -0.7501
    - offset: -0.02668753
    - vertices: p5079(v528) p4137(v422) p7620(v206)
    - neighboring facets: f4029 f3182 f3186
- f2668
    - flags: bottom simplicial
    - normal:   -0.3331   0.9429 -0.0009156
    - offset: -0.01963973
    - vertices: p7280(v529) p3612(v421) p9409(v97)
    - neighboring facets: f2092 f2673 f3193
- f2669
    - flags: bottom simplicial
    - normal:    -0.222    0.975  0.01105
    - offset: -0.01767347
    - vertices: p7280(v529) p8541(v264) p5715(v52)
    - neighboring facets: f1291 f3202 f2670
- f2670
    - flags: top simplicial
    - normal:   -0.2374   0.9711  0.02369
    - offset: -0.01770239
    - vertices: p7280(v529) p8541(v264) p7001(v7)
    - neighboring facets: f1291 f2672 f2669
- f2672
    - flags: bottom simplicial
    - normal:   -0.3017   0.9532   0.0179
    - offset: -0.01883062
    - vertices: p7280(v529) p2023(v169) p7001(v7)
    - neighboring facets: f1716 f2670 f2673
- f2673
    - flags: top simplicial
    - normal:   -0.3042   0.9524  0.01764
    - offset: -0.0188742
    - vertices: p7280(v529) p2023(v169) p9409(v97)
    - neighboring facets: f2092 f2668 f2672
- f2686
    - flags: bottom simplicial
    - normal:   -0.6464   0.1282  -0.7522
    - offset: -0.02811884
    - vertices: p1204(v531) p5716(v423) p9402(v25)
    - neighboring facets: f3198 f2687 f3674
- f2687
    - flags: top simplicial
    - normal:   -0.6058  0.02908  -0.7951
    - offset: -0.02690107
    - vertices: p1204(v531) p6691(v425) p9402(v25)
    - neighboring facets: f2120 f2686 f3690
- f2688
    - flags: top simplicial
    - normal:   -0.7644 -0.07988  -0.6398
    - offset: -0.02786132
    - vertices: p6776(v532) p1742(v140) p3491(v8)
    - neighboring facets: f1558 f3229 f2690
- f2690
    - flags: bottom simplicial
    - normal:   -0.7811 -0.05257  -0.6222
    - offset: -0.02763779
    - vertices: p6776(v532) p1742(v140) p4428(v77)
    - neighboring facets: f661 f3253 f2688
- f2715
    - flags: bottom simplicial
    - normal:   -0.6966  -0.3406  -0.6315
    - offset: -0.02971055
    - vertices: p2155(v536) p9847(v317) p3491(v8)
    - neighboring facets: f1560 f2716 f2743
- f2716
    - flags: top simplicial
    - normal:   -0.7143   -0.039  -0.6987
    - offset: -0.02726642
    - vertices: p2155(v536) p1544(v430) p3491(v8)
    - neighboring facets: f2142 f2715 f3668
- f2721
    - flags: top simplicial
    - normal:   -0.4916 -0.05339  -0.8692
    - offset: -0.02732962
    - vertices: p234(v537) p2377(v431) p6353(v208)
    - neighboring facets: f2154 f3272 f3269
- f2726
    - flags: top simplicial
    - normal:   -0.2642  -0.7729  -0.5769
    - offset: -0.02876547
    - vertices: p1033(v538) p2377(v431) p9651(v207)
    - neighboring facets: f3268 f2727 f2728
- f2727
    - flags: bottom simplicial
    - normal:   -0.2619  -0.7774  -0.5719
    - offset: -0.02868729
    - vertices: p1033(v538) p1699(v432) p9651(v207)
    - neighboring facets: f2169 f2726 f2728
- f2728
    - flags: top simplicial
    - normal:   -0.2564  -0.7833  -0.5664
    - offset: -0.02860319
    - vertices: p1033(v538) p1699(v432) p2377(v431)
    - neighboring facets: f2172 f2726 f2727
- f2729
    - flags: bottom simplicial
    - normal:   -0.4989 -0.01604  -0.8665
    - offset: -0.02681476
    - vertices: p9893(v539) p4561(v311) p6353(v208)
    - neighboring facets: f2154 f3273 f2732
- f2732
    - flags: top simplicial
    - normal:   -0.5125 -7.75e-05  -0.8587
    - offset: -0.02658469
    - vertices: p9893(v539) p4561(v311) p3821(v95)
    - neighboring facets: f1857 f2733 f2729
- f2733
    - flags: bottom simplicial
    - normal:   -0.5182 0.0002469  -0.8552
    - offset: -0.0265741
    - vertices: p9893(v539) p701(v369) p3821(v95)
    - neighboring facets: f1840 f2732 f2734
- f2734
    - flags: bottom simplicial
    - normal:   -0.5204 0.0002967  -0.8539
    - offset: -0.02657078
    - vertices: p9893(v539) p3233(v434) p701(v369)
    - neighboring facets: f2184 f2733 f3274
- f2743
    - flags: top simplicial
    - normal:    -0.653  -0.4429  -0.6143
    - offset: -0.0299094
    - vertices: p2956(v541) p2155(v536) p9847(v317)
    - neighboring facets: f2715 f2746 f3761
- f2745
    - flags: bottom simplicial
    - normal:   -0.4814  -0.7905  -0.3785
    - offset: -0.02710143
    - vertices: p2956(v541) p5197(v213) p5821(v131)
    - neighboring facets: f1039 f2746 f3751
- f2746
    - flags: top simplicial
    - normal:   -0.5508  -0.7032  -0.4497
    - offset: -0.02850389
    - vertices: p2956(v541) p9847(v317) p5821(v131)
    - neighboring facets: f1561 f2745 f2743
- f2749
    - flags: bottom simplicial
    - normal:   -0.5843  0.01148  -0.8114
    - offset: -0.02666772
    - vertices: p8586(v542) p6691(v425) p8800(v165)
    - neighboring facets: f2121 f2750 f2751
- f2750
    - flags: top simplicial
    - normal:   -0.5777 0.003124  -0.8162
    - offset: -0.0265831
    - vertices: p8586(v542) p9501(v436) p8800(v165)
    - neighboring facets: f2763 f2749 f2751
- f2751
    - flags: bottom simplicial
    - normal:   -0.5876 0.009992  -0.8091
    - offset:  -0.026656
    - vertices: p8586(v542) p9501(v436) p6691(v425)
    - neighboring facets: f2753 f2749 f2750
- f2752
    - flags: top simplicial
    - normal:   -0.6104 0.003746  -0.7921
    - offset: -0.02661042
    - vertices: p8779(v543) p6691(v425) p8452(v307)
    - neighboring facets: f3689 f3290 f2753
- f2753
    - flags: top simplicial
    - normal:   -0.6027 0.003651   -0.798
    - offset: -0.02660192
    - vertices: p8779(v543) p9501(v436) p6691(v425)
    - neighboring facets: f2751 f2752 f2759
- f2759
    - flags: bottom simplicial
    - normal:   -0.5968 0.0002736  -0.8024
    - offset: -0.02656883
    - vertices: p9100(v544) p8779(v543) p9501(v436)
    - neighboring facets: f2753 f2763 f3766
- f2763
    - flags: bottom simplicial
    - normal:   -0.5752 0.0001353   -0.818
    - offset: -0.02655189
    - vertices: p9100(v544) p9501(v436) p8800(v165)
    - neighboring facets: f2750 f3303 f2759
- f2767
    - flags: top simplicial
    - normal:   0.06694  -0.2769   0.9586
    - offset: -0.04021812
    - vertices: p9303(v545) p5643(v439) p1504(v324)
    - neighboring facets: f2207 f2770 f3078
- f2768
    - flags: top simplicial
    - normal:    0.1109  -0.4028   0.9085
    - offset: -0.03969674
    - vertices: p9303(v545) p7316(v221) p49(v141)
    - neighboring facets: f3105 f3077 f2769
- f2769
    - flags: top simplicial
    - normal:    0.1916  -0.3881   0.9015
    - offset: -0.04124609
    - vertices: p9303(v545) p4182(v442) p7316(v221)
    - neighboring facets: f2223 f2768 f2770
- f2770
    - flags: bottom simplicial
    - normal:    0.2789  -0.2673   0.9224
    - offset: -0.04369178
    - vertices: p9303(v545) p4182(v442) p1504(v324)
    - neighboring facets: f2224 f2767 f2769
- f2772
    - flags: bottom simplicial
    - normal:    0.5163   0.7948   0.3191
    - offset: -0.03128862
    - vertices: p4589(v546) p7104(v443) p1035(v327)
    - neighboring facets: f3394 f3313 f3312
- f2777
    - flags: top simplicial
    - normal:    0.7024  -0.2771   0.6556
    - offset: -0.04371595
    - vertices: p4320(v547) p4173(v341) p4396(v222)
    - neighboring facets: f2846 f3321 f3327
- f2781
    - flags: top simplicial
    - normal:    0.8848 -0.01777   0.4656
    - offset: -0.04082681
    - vertices: p625(v548) p5356(v331) p2910(v224)
    - neighboring facets: f2790 f2782 f2783
- f2782
    - flags: bottom simplicial
    - normal:     0.899 -0.02141   0.4375
    - offset: -0.04015776
    - vertices: p625(v548) p7779(v447) p2910(v224)
    - neighboring facets: f2244 f2781 f2785
- f2783
    - flags: bottom simplicial
    - normal:     0.784 -0.05151   0.6186
    - offset: -0.04390689
    - vertices: p625(v548) p5356(v331) p4396(v222)
    - neighboring facets: f2258 f3330 f2781
- f2785
    - flags: top simplicial
    - normal:    0.9043  -0.0409   0.4248
    - offset: -0.03985113
    - vertices: p625(v548) p7779(v447) p6247(v329)
    - neighboring facets: f2246 f3329 f2782
- f2790
    - flags: bottom simplicial
    - normal:    0.8686  0.07768   0.4893
    - offset: -0.04132238
    - vertices: p7202(v549) p5356(v331) p2910(v224)
    - neighboring facets: f2781 f2791 f3334
- f2791
    - flags: top simplicial
    - normal:    0.8958   0.0864    0.436
    - offset: -0.04006742
    - vertices: p7202(v549) p5693(v334) p2910(v224)
    - neighboring facets: f1653 f2790 f3338
- f2823
    - flags: top simplicial
    - normal:    0.6437    0.557   0.5248
    - offset: -0.03919237
    - vertices: p1240(v554) p6912(v452) p1282(v223)
    - neighboring facets: f2828 f2824 f3392
- f2824
    - flags: top simplicial
    - normal:    0.8092   0.4834    0.334
    - offset: -0.03625203
    - vertices: p1240(v554) p1282(v223) p2787(v43)
    - neighboring facets: f2232 f2827 f2823
- f2825
    - flags: bottom simplicial
    - normal:    0.8895   0.3222   0.3241
    - offset: -0.03681266
    - vertices: p1240(v554) p3159(v333) p3081(v83)
    - neighboring facets: f1651 f2827 f2826
- f2826
    - flags: top simplicial
    - normal:    0.8886   0.3226   0.3259
    - offset: -0.03685691
    - vertices: p1240(v554) p3159(v333) p3886(v143)
    - neighboring facets: f1652 f3391 f2825
- f2827
    - flags: bottom simplicial
    - normal:    0.8574   0.3956   0.3292
    - offset: -0.03669493
    - vertices: p1240(v554) p3081(v83) p2787(v43)
    - neighboring facets: f1141 f2824 f2825
- f2828
    - flags: bottom simplicial
    - normal:    0.6116   0.5832   0.5347
    - offset: -0.03893532
    - vertices: p9751(v555) p6912(v452) p1282(v223)
    - neighboring facets: f2823 f2829 f3464
- f2829
    - flags: top simplicial
    - normal:     0.636   0.6374    0.435
    - offset: -0.03661304
    - vertices: p9751(v555) p9147(v444) p1282(v223)
    - neighboring facets: f2232 f2828 f3315
- f2835
    - flags: top simplicial
    - normal:    0.9998 1.312e-05  0.02096
    - offset: -0.0352737
    - vertices: p9331(v556) p468(v335) p8992(v144)
    - neighboring facets: f2293 f2836 f2837
- f2836
    - flags: bottom simplicial
    - normal:    0.9996 0.000364  0.02875
    - offset: -0.03529764
    - vertices: p9331(v556) p2687(v458) p8992(v144)
    - neighboring facets: f2298 f2835 f2837
- f2837
    - flags: top simplicial
    - normal:    0.9998 4.565e-05  0.01974
    - offset: -0.03526917
    - vertices: p9331(v556) p2687(v458) p468(v335)
    - neighboring facets: f2302 f2835 f2836
- f2838
    - flags: top simplicial
    - normal:    0.4418  -0.5429   0.7142
    - offset: -0.04097005
    - vertices: p4190(v557) p8206(v460) p4724(v81)
    - neighboring facets: f2309 f3101 f3402
- f2840
    - flags: bottom simplicial
    - normal:    0.3315  -0.4935   0.8041
    - offset: -0.04142249
    - vertices: p4190(v557) p541(v325) p7316(v221)
    - neighboring facets: f2223 f3098 f3398
- f2844
    - flags: bottom simplicial
    - normal:    0.6206   -0.411   0.6677
    - offset: -0.04286999
    - vertices: p5965(v558) p8206(v460) p4173(v341)
    - neighboring facets: f2308 f2846 f3403
- f2845
    - flags: bottom simplicial
    - normal:    0.6635  -0.2682   0.6984
    - offset: -0.04429396
    - vertices: p5965(v558) p4396(v222) p277(v142)
    - neighboring facets: f1633 f2847 f2846
- f2846
    - flags: bottom simplicial
    - normal:    0.6906  -0.2782   0.6676
    - offset: -0.04386199
    - vertices: p5965(v558) p4173(v341) p4396(v222)
    - neighboring facets: f2777 f2845 f2844
- f2847
    - flags: top simplicial
    - normal:    0.5205  -0.3109   0.7953
    - offset: -0.04462234
    - vertices: p5965(v558) p4182(v442) p277(v142)
    - neighboring facets: f2227 f2845 f3401
- f2852
    - flags: top simplicial tested
    - normal:    0.2506   0.9679 -0.02108
    - offset: -0.02374172
    - center: 0.03456263333333334 0.014938 -0.02957136666666667 
    - vertices: p1134(v559) p435(v257) p5764(v162)
    - neighboring facets: f1257 f2855 f3409
- f2853
    - flags: top simplicial tested
    - normal:    0.9105   0.4134 -0.01009
    - offset: -0.03819906
    - center: 0.0350747 0.01450476666666667 -0.0265123 
    - vertices: p1134(v559) p7432(v461) p1331(v342)
    - neighboring facets: f3859 f2856 f3408
- f2854
    - flags: top simplicial tested
    - normal:    0.5806   0.7767  -0.2441
    - offset: -0.03918609
    - center: 0.03460303333333333 0.01454579999999999 -0.03194013333333334 
    - vertices: p1134(v559) p4737(v23) p8607(v15)
    - neighboring facets: f86 f3407 f2855
- f2855
    - flags: top simplicial tested
    - normal:    0.3008   0.9497 -0.08684
    - offset: -0.02722065
    - center: 0.0342734 0.01494626666666666 -0.03127543333333333 
    - vertices: p1134(v559) p5764(v162) p4737(v23)
    - neighboring facets: f1901 f2854 f2852
- f2856
    - flags: top simplicial tested
    - normal:    0.8392   0.5439 -0.003482
    - offset: -0.03744653
    - center: 0.03500803333333333 0.01468726666666666 -0.0232803 
    - vertices: p1134(v559) p1331(v342) p7792(v235)
    - neighboring facets: f2870 f3417 f2853
- f2861
    - flags: bottom simplicial tested
    - normal:    0.9935   0.1141 0.001327
    - offset: -0.03658473
    - center: 0.035188 0.01429683333333333 -0.003446584333333334 
    - vertices: p9180(v560) p6626(v462) p7506(v149)
    - neighboring facets: f2320 f3420 f3858
- f2866
    - flags: bottom simplicial
    - normal:    0.9174   0.3981 -2.492e-05
    - offset: -0.03800951
    - vertices: p3130(v561) p6333(v463) p1331(v342)
    - neighboring facets: f2324 f3435 f3433
- f2870
    - flags: bottom simplicial
    - normal:    0.8474   0.5309 -0.00131
    - offset: -0.03750405
    - vertices: p4719(v562) p1331(v342) p7792(v235)
    - neighboring facets: f2856 f3431 f3436
- f2872
    - flags: top simplicial
    - normal:    0.2238   0.9746 8.102e-05
    - offset: -0.0223357
    - vertices: p7093(v563) p8471(v368) p435(v257)
    - neighboring facets: f1837 f2878 f2876
- f2874
    - flags: top simplicial
    - normal:    0.3199   0.9475 3.25e-06
    - offset: -0.02525809
    - vertices: p7093(v563) p4784(v464) p566(v93)
    - neighboring facets: f3414 f2875 f2879
- f2875
    - flags: top simplicial
    - normal:   0.02915   0.9996 0.005513
    - offset: -0.01595409
    - vertices: p7093(v563) p566(v93) p117(v48)
    - neighboring facets: f431 f2876 f2874
- f2876
    - flags: bottom simplicial
    - normal:   0.09789   0.9952 0.001164
    - offset: -0.01827957
    - vertices: p7093(v563) p8471(v368) p117(v48)
    - neighboring facets: f1835 f2875 f2872
- f2878
    - flags: top simplicial
    - normal:     0.275   0.9615 -1.187e-05
    - offset: -0.02391065
    - vertices: p2717(v564) p7093(v563) p435(v257)
    - neighboring facets: f2872 f3411 f2879
- f2879
    - flags: bottom simplicial
    - normal:    0.3168   0.9485 -7.997e-06
    - offset: -0.02516559
    - vertices: p2717(v564) p7093(v563) p4784(v464)
    - neighboring facets: f2874 f3415 f2878
- f2889
    - flags: bottom simplicial tested
    - normal:   -0.9962  0.08663 0.003986
    - offset: -0.02772815
    - center: -0.0270575 0.00857074 0.007553733333333333 
    - vertices: p6062(v566) p2985(v344) p2372(v125)
    - neighboring facets: f1707 f3447 f3444
- f2891
    - flags: top simplicial tested
    - normal:   -0.9999  0.01088 0.006671
    - offset: -0.02734692
    - center: -0.02709126666666667 0.005364996666666667 0.02990573333333333 
    - vertices: p4809(v567) p8256(v466) p2985(v344)
    - neighboring facets: f3443 f2893 f4419
    - ridges:
- f2892
    - flags: bottom simplicial tested
    - normal:   -0.9995  0.01235  0.02856
    - offset: -0.02807676
    - center: -0.0270843 0.001560385666666667 0.0345354 
    - vertices: p4809(v567) p3131(v287) p4487(v192)
    - neighboring facets: f2005 f2893 f4413
    - ridges:
- f2893
    - flags: top simplicial tested
    - normal:   -0.9993    0.027  0.02525
    - offset: -0.02799276
    - center: -0.02707556666666667 0.004068653333333333 0.03270453333333333 
    - vertices: p4809(v567) p2985(v344) p4487(v192)
    - neighboring facets: f1712 f2892 f2891
- f2894
    - flags: bottom simplicial
    - normal:   -0.5772   0.8163  0.02228
    - offset: -0.02406596
    - vertices: p9385(v568) p4056(v346) p1575(v51)
    - neighboring facets: f2095 f2895 f2897
- f2895
    - flags: top simplicial
    - normal:   -0.6046   0.7962  0.02286
    - offset: -0.02454052
    - vertices: p9385(v568) p2088(v467) p1575(v51)
    - neighboring facets: f2341 f2894 f3448
- f2897
    - flags: bottom simplicial
    - normal:   -0.4476   0.8833    0.139
    - offset: -0.02497381
    - vertices: p9385(v568) p7030(v469) p4056(v346)
    - neighboring facets: f2352 f2894 f3451
- f2899
    - flags: top simplicial
    - normal:   -0.9744   0.2243  0.01266
    - offset: -0.02844888
    - vertices: p8249(v569) p7729(v236) p2372(v125)
    - neighboring facets: f1707 f2900 f2901
- f2900
    - flags: bottom simplicial
    - normal:   -0.9643   0.2644  0.01455
    - offset: -0.02855984
    - vertices: p8249(v569) p4268(v468) p2372(v125)
    - neighboring facets: f2349 f2899 f2901
- f2901
    - flags: top simplicial
    - normal:   -0.9693   0.2449   0.0193
    - offset: -0.02866475
    - vertices: p8249(v569) p4268(v468) p7729(v236)
    - neighboring facets: f2347 f2899 f2900
- f2904
    - flags: bottom simplicial
    - normal:  -0.0001718   0.8972   0.4417
    - offset: -0.0243589
    - vertices: p8976(v570) p8074(v471) p9006(v239)
    - neighboring facets: f2924 f2926 f3913
- f2908
    - flags: bottom simplicial
    - normal:    0.1188   0.8916    0.437
    - offset: -0.02677632
    - vertices: p8533(v571) p9211(v473) p4202(v44)
    - neighboring facets: f2371 f2909 f3472
- f2909
    - flags: top simplicial
    - normal:   0.01639   0.9177    0.397
    - offset: -0.02343755
    - vertices: p8533(v571) p8976(v570) p4202(v44)
    - neighboring facets: f3459 f2908 f3478
- f2914
    - flags: top simplicial
    - normal:    0.1029   0.6064   0.7885
    - offset: -0.03612652
    - vertices: p4618(v572) p87(v474) p681(v226)
    - neighboring facets: f3806 f3503 f3463
- f2924
    - flags: top simplicial
    - normal:  -0.001918    0.893   0.4501
    - offset: -0.02462389
    - vertices: p8395(v573) p8074(v471) p9006(v239)
    - neighboring facets: f2904 f2926 f3485
- f2926
    - flags: bottom simplicial
    - normal:  -0.0001452   0.8932   0.4496
    - offset: -0.02457731
    - vertices: p8395(v573) p8976(v570) p9006(v239)
    - neighboring facets: f2904 f2924 f3872
- f2948
    - flags: bottom simplicial
    - normal:   0.05326   0.9688    0.242
    - offset: -0.01989332
    - vertices: p6415(v578) p3839(v477) p859(v353)
    - neighboring facets: f2973 f3458 f2951
- f2951
    - flags: top simplicial
    - normal:    0.1946    0.952   0.2365
    - offset: -0.0227037
    - vertices: p6415(v578) p3839(v477) p439(v160)
    - neighboring facets: f2403 f2953 f2948
- f2952
    - flags: top simplicial
    - normal:    0.2521   0.9151   0.3146
    - offset: -0.02606819
    - vertices: p6415(v578) p7104(v443) p4202(v44)
    - neighboring facets: f2371 f3460 f2953
- f2953
    - flags: bottom simplicial
    - normal:    0.2587   0.9205    0.293
    - offset: -0.02558683
    - vertices: p6415(v578) p7104(v443) p439(v160)
    - neighboring facets: f2230 f2951 f2952
- f2954
    - flags: top simplicial
    - normal:   -0.1572    0.968   0.1954
    - offset: -0.02079521
    - vertices: p3823(v579) p8794(v470) p8557(v238)
    - neighboring facets: f2357 f2959 f2957
- f2955
    - flags: top simplicial
    - normal:  -0.002407   0.9893   0.1461
    - offset: -0.0161109
    - vertices: p3823(v579) p8726(v354) p9488(v241)
    - neighboring facets: f1773 f2978 f2961
- f2957
    - flags: bottom simplicial
    - normal:  -0.07486   0.9707   0.2283
    - offset: -0.01993772
    - vertices: p3823(v579) p8794(v470) p2924(v151)
    - neighboring facets: f2356 f2958 f2954
- f2958
    - flags: top simplicial
    - normal:    -0.071   0.9709   0.2286
    - offset: -0.01986162
    - vertices: p3823(v579) p4943(v478) p2924(v151)
    - neighboring facets: f2420 f2957 f2979
- f2959
    - flags: top simplicial
    - normal:   -0.2638   0.9553   0.1336
    - offset: -0.02122886
    - vertices: p3823(v579) p8557(v238) p7001(v7)
    - neighboring facets: f2351 f2960 f2954
- f2960
    - flags: bottom simplicial
    - normal:   -0.1356   0.9897  0.04529
    - offset: -0.01615285
    - vertices: p3823(v579) p767(v47) p7001(v7)
    - neighboring facets: f227 f2959 f2961
- f2961
    - flags: bottom simplicial
    - normal:   -0.1157   0.9922  0.04744
    - offset: -0.01579604
    - vertices: p3823(v579) p8726(v354) p767(v47)
    - neighboring facets: f1872 f2960 f2955
- f2967
    - flags: top simplicial
    - normal:  -0.001994   0.9557   0.2945
    - offset: -0.02027775
    - vertices: p1701(v580) p4943(v478) p4684(v356)
    - neighboring facets: f2976 f3527 f2968
- f2968
    - flags: top simplicial
    - normal:  -0.004414    0.952    0.306
    - offset: -0.02064944
    - vertices: p1701(v580) p5204(v479) p4943(v478)
    - neighboring facets: f2420 f2967 f3911
- f2971
    - flags: bottom simplicial
    - normal:  0.0003251   0.9641   0.2654
    - offset: -0.01942035
    - vertices: p3084(v581) p8879(v480) p888(v240)
    - neighboring facets: f3524 f2972 f2977
- f2972
    - flags: top simplicial
    - normal:  0.001382   0.9633   0.2684
    - offset: -0.01952655
    - vertices: p3084(v581) p859(v353) p888(v240)
    - neighboring facets: f3906 f2971 f2973
- f2973
    - flags: top simplicial
    - normal:   0.03501   0.9709    0.237
    - offset: -0.01935672
    - vertices: p3084(v581) p3839(v477) p859(v353)
    - neighboring facets: f2948 f2972 f2974
- f2974
    - flags: bottom simplicial
    - normal:   0.01936    0.977   0.2124
    - offset: -0.01834223
    - vertices: p3084(v581) p3839(v477) p9306(v355)
    - neighboring facets: f2401 f2981 f2973
- f2975
    - flags: top simplicial
    - normal:  -0.000303   0.9656   0.2602
    - offset: -0.01928717
    - vertices: p9736(v582) p8879(v480) p4684(v356)
    - neighboring facets: f3526 f2976 f2977
- f2976
    - flags: bottom simplicial
    - normal:  -0.004592   0.9644   0.2643
    - offset: -0.01948974
    - vertices: p9736(v582) p4943(v478) p4684(v356)
    - neighboring facets: f2967 f2975 f2979
- f2977
    - flags: top simplicial
    - normal:  0.0002241   0.9663   0.2573
    - offset: -0.01919494
    - vertices: p9736(v582) p3084(v581) p8879(v480)
    - neighboring facets: f2971 f2975 f2981
- f2978
    - flags: top simplicial
    - normal:  -0.01786    0.984   0.1771
    - offset: -0.01730683
    - vertices: p9736(v582) p3823(v579) p9488(v241)
    - neighboring facets: f2955 f2980 f2979
- f2979
    - flags: bottom simplicial
    - normal:  -0.05382   0.9743   0.2185
    - offset: -0.01922047
    - vertices: p9736(v582) p3823(v579) p4943(v478)
    - neighboring facets: f2958 f2976 f2978
- f2980
    - flags: bottom simplicial
    - normal:  -0.0001778   0.9809   0.1946
    - offset: -0.01744152
    - vertices: p9736(v582) p9306(v355) p9488(v241)
    - neighboring facets: f1773 f2978 f2981
- f2981
    - flags: bottom simplicial
    - normal:  0.0001714   0.9771   0.2128
    - offset: -0.01795173
    - vertices: p9736(v582) p3084(v581) p9306(v355)
    - neighboring facets: f2974 f2980 f2977
- f2985
    - flags: top simplicial
    - normal:  -8.302e-05  -0.1982   0.9802
    - offset: -0.03943298
    - vertices: p6285(v583) p2890(v482) p8875(v220)
    - neighboring facets: f2429 f3980 f2986
- f2986
    - flags: bottom simplicial
    - normal:  0.000304  -0.1625   0.9867
    - offset: -0.03961318
    - vertices: p6285(v583) p2890(v482) p9440(v357)
    - neighboring facets: f2429 f2987 f2985
- f2987
    - flags: top simplicial
    - normal:  0.0001506  -0.1526   0.9883
    - offset: -0.0396592
    - vertices: p6285(v583) p1528(v483) p9440(v357)
    - neighboring facets: f2434 f2986 f3978
- f2999
    - flags: bottom simplicial
    - normal:   -0.6575   0.3857   0.6472
    - offset: -0.04286651
    - vertices: p4163(v586) p1597(v485) p6446(v359)
    - neighboring facets: f2454 f3533 f3005
- f3005
    - flags: top simplicial
    - normal:   -0.5652   0.4213   0.7093
    - offset: -0.04301724
    - vertices: p3360(v587) p4163(v586) p1597(v485)
    - neighboring facets: f2999 f3937 f3957
- f3008
    - flags: top simplicial
    - normal:   -0.9245   0.3071   0.2259
    - offset: -0.03422303
    - vertices: p501(v588) p4277(v345) p4153(v150)
    - neighboring facets: f2345 f3010 f3009
- f3009
    - flags: top simplicial
    - normal:   -0.9277   0.2928   0.2315
    - offset: -0.0343775
    - vertices: p501(v588) p5595(v486) p4277(v345)
    - neighboring facets: f3015 f3008 f3549
- f3010
    - flags: bottom simplicial
    - normal:   -0.7944   0.5364    0.285
    - offset: -0.03473669
    - vertices: p501(v588) p4424(v584) p4153(v150)
    - neighboring facets: f3529 f3008 f3552
- f3014
    - flags: bottom simplicial
    - normal:   -0.9818   0.1318   0.1369
    - offset: -0.03171906
    - vertices: p8878(v589) p4277(v345) p4487(v192)
    - neighboring facets: f1712 f3556 f3015
- f3015
    - flags: bottom simplicial
    - normal:   -0.9306   0.2855   0.2292
    - offset: -0.03432796
    - vertices: p8878(v589) p5595(v486) p4277(v345)
    - neighboring facets: f3009 f3014 f3560
- f3026
    - flags: bottom simplicial
    - normal:    0.8373  -0.5468 -6.54e-05
    - offset: -0.0373667
    - vertices: p1107(v591) p4364(v244) p4736(v45)
    - neighboring facets: f1797 f3027 f3028
- f3027
    - flags: top simplicial
    - normal:     0.878  -0.4786 -0.0004749
    - offset:  -0.037805
    - vertices: p1107(v591) p5025(v488) p4736(v45)
    - neighboring facets: f2464 f3026 f3028
- f3028
    - flags: bottom simplicial
    - normal:    0.9008  -0.4342 0.0004313
    - offset:  -0.037946
    - vertices: p1107(v591) p5025(v488) p4364(v244)
    - neighboring facets: f2467 f3026 f3027
- f3030
    - flags: top simplicial tested
    - normal:         1 -0.009087 1.805e-05
    - offset: -0.03532713
    - center: 0.0351999 -0.01419153333333333 -0.01556653 
    - vertices: p4441(v592) p6467(v489) p5110(v362)
    - neighboring facets: f2471 f3032 f4439
    - ridges:
- f3032
    - flags: top simplicial tested
    - normal:    0.9988 -0.04889 0.0002967
    - offset: -0.03584811
    - center: 0.03519646666666667 -0.01423453333333333 -0.007517368666666667 
    - vertices: p4441(v592) p5110(v362) p8510(v86)
    - neighboring facets: f2473 f3572 f3030
- f3033
    - flags: bottom simplicial
    - normal:    0.4506  -0.8927 -1.326e-05
    - offset: -0.02897746
    - vertices: p9662(v593) p6447(v364) p4960(v109)
    - neighboring facets: f2476 f3573 f3035
- f3035
    - flags: bottom simplicial
    - normal:     0.484  -0.8751 0.0002403
    - offset: -0.02987401
    - vertices: p9662(v593) p3893(v492) p6447(v364)
    - neighboring facets: f2482 f3033 f3574
- f3036
    - flags: top simplicial
    - normal:   -0.0186   0.9993  0.03328
    - offset: -0.01516813
    - vertices: p8421(v594) p6241(v159) p388(v22)
    - neighboring facets: f772 f3037 f3579
- f3037
    - flags: bottom simplicial
    - normal:   -0.0336   0.9985  0.04222
    - offset: -0.01511492
    - vertices: p8421(v594) p3605(v494) p388(v22)
    - neighboring facets: f2490 f3036 f3577
- f3043
    - flags: top simplicial
    - normal:  -0.07478   0.9965  0.03865
    - offset: -0.01511358
    - vertices: p9802(v596) p9553(v496) p7696(v376)
    - neighboring facets: f2503 f3044 f3045
- f3044
    - flags: top simplicial
    - normal:   -0.1484   0.9879 -0.04454
    - offset: -0.01773353
    - vertices: p9802(v596) p7696(v376) p3866(v99)
    - neighboring facets: f1869 f3047 f3043
- f3045
    - flags: bottom simplicial
    - normal:  -0.06889   0.9969  0.03813
    - offset: -0.01506524
    - vertices: p9802(v596) p9553(v496) p4799(v495)
    - neighboring facets: f2504 f3046 f3043
- f3046
    - flags: top simplicial
    - normal:   -0.0677    0.997  0.03755
    - offset: -0.01506644
    - vertices: p9802(v596) p353(v497) p4799(v495)
    - neighboring facets: f3591 f3045 f3969
- f3047
    - flags: bottom simplicial
    - normal:   -0.1107    0.991 -0.07507
    - offset: -0.01805183
    - vertices: p9802(v596) p5730(v380) p3866(v99)
    - neighboring facets: f1888 f3044 f3582
- f3053
    - flags: bottom simplicial
    - normal:   -0.2054    0.578  -0.7898
    - offset: -0.0321572
    - vertices: p6804(v598) p2270(v498) p2799(v181)
    - neighboring facets: f2515 f3055 f3054
- f3054
    - flags: top simplicial
    - normal:   -0.2076   0.5701  -0.7949
    - offset: -0.03218534
    - vertices: p6804(v598) p2270(v498) p2212(v388)
    - neighboring facets: f2518 f3056 f3053
- f3055
    - flags: top simplicial
    - normal:    -0.253     0.25  -0.9346
    - offset: -0.03142827
    - vertices: p6804(v598) p5130(v499) p2799(v181)
    - neighboring facets: f2520 f3053 f3056
- f3056
    - flags: bottom simplicial
    - normal:   -0.2535   0.2493  -0.9347
    - offset: -0.03141488
    - vertices: p6804(v598) p5130(v499) p2212(v388)
    - neighboring facets: f2523 f3054 f3055
- f3057
    - flags: top simplicial
    - normal:  3.058e-05  -0.7724   0.6351
    - offset: -0.02977458
    - vertices: p61(v599) p7931(v502) p6569(v281)
    - neighboring facets: f2531 f3059 f3058
- f3058
    - flags: bottom simplicial
    - normal:  0.0006323  -0.7758    0.631
    - offset: -0.02967213
    - vertices: p61(v599) p7931(v502) p1262(v393)
    - neighboring facets: f2532 f3061 f3057
- f3059
    - flags: top simplicial
    - normal:   0.09738   -0.753   0.6508
    - offset: -0.03229698
    - vertices: p61(v599) p6569(v281) p2933(v111)
    - neighboring facets: f2554 f3060 f3057
- f3060
    - flags: bottom simplicial
    - normal:   0.04161  -0.8418   0.5382
    - offset: -0.02790785
    - vertices: p61(v599) p6060(v186) p2933(v111)
    - neighboring facets: f892 f3059 f3061
- f3061
    - flags: bottom simplicial
    - normal:    0.0194  -0.8201   0.5718
    - offset: -0.02840643
    - vertices: p61(v599) p1262(v393) p6060(v186)
    - neighboring facets: f3130 f3060 f3058
- f3065
    - flags: top simplicial
    - normal:  -0.05289  -0.4589   0.8869
    - offset: -0.03791637
    - vertices: p735(v600) p6535(v394) p1517(v282)
    - neighboring facets: f3107 f3134 f3604
- f3069
    - flags: bottom simplicial
    - normal:  -5.997e-05  -0.4167    0.909
    - offset: -0.03744455
    - vertices: p733(v601) p6535(v394) p49(v141)
    - neighboring facets: f3102 f3070 f3071
- f3070
    - flags: top simplicial
    - normal:  0.0001752  -0.3964   0.9181
    - offset: -0.03769853
    - vertices: p733(v601) p2462(v503) p49(v141)
    - neighboring facets: f3075 f3069 f3071
- f3071
    - flags: bottom simplicial
    - normal:  -0.001164  -0.4133   0.9106
    - offset: -0.03750913
    - vertices: p733(v601) p2462(v503) p6535(v394)
    - neighboring facets: f3603 f3069 f3070
- f3072
    - flags: bottom simplicial
    - normal:  4.242e-05  -0.3443   0.9388
    - offset: -0.03827921
    - vertices: p3329(v602) p5643(v439) p7411(v40)
    - neighboring facets: f4152 f3600 f3074
- f3074
    - flags: bottom simplicial
    - normal:  5.748e-05  -0.3453   0.9385
    - offset: -0.03826898
    - vertices: p3329(v602) p2462(v503) p5643(v439)
    - neighboring facets: f3076 f3072 f3601
- f3075
    - flags: bottom simplicial
    - normal:  0.0002585  -0.3907   0.9205
    - offset: -0.03776712
    - vertices: p9635(v603) p2462(v503) p49(v141)
    - neighboring facets: f3070 f3077 f3076
- f3076
    - flags: top simplicial
    - normal:  0.0001388  -0.3491   0.9371
    - offset: -0.03822937
    - vertices: p9635(v603) p2462(v503) p5643(v439)
    - neighboring facets: f3074 f3078 f3075
- f3077
    - flags: top simplicial
    - normal:    0.1054  -0.3966   0.9119
    - offset: -0.03968163
    - vertices: p9635(v603) p9303(v545) p49(v141)
    - neighboring facets: f2768 f3075 f3078
- f3078
    - flags: bottom simplicial
    - normal:   0.07817  -0.3458   0.9351
    - offset: -0.03978632
    - vertices: p9635(v603) p9303(v545) p5643(v439)
    - neighboring facets: f2767 f3076 f3077
- f3088
    - flags: top simplicial
    - normal:   -0.5823  -0.2905   0.7593
    - offset: -0.04478553
    - vertices: p1636(v605) p3388(v504) p4416(v120)
    - neighboring facets: f2541 f3623 f3617
- f3094
    - flags: top simplicial
    - normal:   -0.4611 -0.09062   0.8827
    - offset: -0.04607309
    - vertices: p9208(v606) p7614(v484) p3311(v358)
    - neighboring facets: f3919 f3593 f3986
- f3096
    - flags: top simplicial
    - normal:  0.000829  -0.6434   0.7656
    - offset: -0.03337909
    - vertices: p7503(v607) p7358(v506) p1189(v187)
    - neighboring facets: f2551 f3625 f3099
- f3097
    - flags: top simplicial
    - normal:   0.07182  -0.5104   0.8569
    - offset: -0.03741393
    - vertices: p7503(v607) p941(v396) p7316(v221)
    - neighboring facets: f3106 f3098 f3626
- f3098
    - flags: bottom simplicial
    - normal:    0.2688  -0.5489   0.7915
    - offset: -0.03977703
    - vertices: p7503(v607) p4190(v557) p7316(v221)
    - neighboring facets: f2840 f3097 f3101
- f3099
    - flags: bottom simplicial
    - normal:    0.2165  -0.6637    0.716
    - offset: -0.03662506
    - vertices: p7503(v607) p7358(v506) p8941(v6)
    - neighboring facets: f2553 f3100 f3096
- f3100
    - flags: top simplicial
    - normal:    0.3332  -0.6013   0.7262
    - offset: -0.03921335
    - vertices: p7503(v607) p4724(v81) p8941(v6)
    - neighboring facets: f518 f3099 f3101
- f3101
    - flags: top simplicial
    - normal:    0.3433  -0.5845   0.7352
    - offset: -0.03965377
    - vertices: p7503(v607) p4190(v557) p4724(v81)
    - neighboring facets: f2838 f3100 f3098
- f3102
    - flags: top simplicial
    - normal:  0.0001108  -0.4368   0.8995
    - offset: -0.03717938
    - vertices: p4115(v608) p6535(v394) p49(v141)
    - neighboring facets: f3069 f3105 f3103
- f3103
    - flags: top simplicial
    - normal:  0.0001121  -0.4371   0.8994
    - offset: -0.0371755
    - vertices: p4115(v608) p4891(v507) p6535(v394)
    - neighboring facets: f3114 f3102 f3104
- f3104
    - flags: bottom simplicial
    - normal:   0.03615  -0.4975   0.8667
    - offset: -0.03697542
    - vertices: p4115(v608) p4891(v507) p941(v396)
    - neighboring facets: f3631 f3106 f3103
- f3105
    - flags: bottom simplicial
    - normal:   0.08442  -0.4704   0.8784
    - offset: -0.03830504
    - vertices: p4115(v608) p7316(v221) p49(v141)
    - neighboring facets: f2768 f3102 f3106
- f3106
    - flags: bottom simplicial
    - normal:   0.07134  -0.5089   0.8578
    - offset: -0.03743005
    - vertices: p4115(v608) p941(v396) p7316(v221)
    - neighboring facets: f3097 f3105 f3104
- f3107
    - flags: bottom simplicial
    - normal:  -0.01642  -0.4931   0.8698
    - offset: -0.03667308
    - vertices: p8937(v609) p6535(v394) p1517(v282)
    - neighboring facets: f3065 f3108 f3115
- f3108
    - flags: top simplicial
    - normal:  -0.01236  -0.5034    0.864
    - offset: -0.03642676
    - vertices: p8937(v609) p1962(v508) p1517(v282)
    - neighboring facets: f2561 f3107 f3113
- f3113
    - flags: bottom simplicial
    - normal:  -8.478e-05  -0.4979   0.8672
    - offset: -0.03627549
    - vertices: p4830(v610) p8937(v609) p1962(v508)
    - neighboring facets: f3108 f3630 f3115
- f3114
    - flags: bottom simplicial
    - normal:  -5.295e-05  -0.4557   0.8901
    - offset: -0.03691883
    - vertices: p4830(v610) p4891(v507) p6535(v394)
    - neighboring facets: f3103 f3115 f3632
- f3115
    - flags: top simplicial
    - normal:  -0.0002387  -0.4702   0.8826
    - offset: -0.03670571
    - vertices: p4830(v610) p8937(v609) p6535(v394)
    - neighboring facets: f3107 f3114 f3113
- f3116
    - flags: top simplicial
    - normal:  0.0005238  -0.8904   0.4552
    - offset: -0.02472442
    - vertices: p6503(v611) p1865(v286) p2030(v189)
    - neighboring facets: f1400 f3119 f3123
- f3117
    - flags: top simplicial
    - normal:  3.401e-05  -0.8641   0.5033
    - offset: -0.02608521
    - vertices: p6503(v611) p6963(v509) p9864(v31)
    - neighboring facets: f3125 f3122 f3121
- f3118
    - flags: top simplicial
    - normal:  -0.03261  -0.9063   0.4213
    - offset: -0.02444363
    - vertices: p6503(v611) p626(v285) p1422(v10)
    - neighboring facets: f1397 f3120 f3119
- f3119
    - flags: bottom simplicial
    - normal:  -0.02111  -0.9075   0.4196
    - offset: -0.02415461
    - vertices: p6503(v611) p626(v285) p2030(v189)
    - neighboring facets: f1395 f3116 f3118
- f3120
    - flags: bottom simplicial
    - normal:  -0.08381  -0.8639   0.4967
    - offset: -0.02763255
    - vertices: p6503(v611) p879(v399) p1422(v10)
    - neighboring facets: f1991 f3118 f3121
- f3121
    - flags: bottom simplicial
    - normal:  -0.08346  -0.8637    0.497
    - offset: -0.02763588
    - vertices: p6503(v611) p6963(v509) p879(v399)
    - neighboring facets: f3128 f3120 f3117
- f3122
    - flags: bottom simplicial
    - normal:  0.0006301  -0.8895   0.4569
    - offset: -0.02476789
    - vertices: p6503(v611) p7282(v116) p9864(v31)
    - neighboring facets: f891 f3117 f3123
- f3123
    - flags: bottom simplicial
    - normal:  0.0005822  -0.8903   0.4554
    - offset: -0.02472737
    - vertices: p6503(v611) p1865(v286) p7282(v116)
    - neighboring facets: f1400 f3122 f3116
- f3124
    - flags: top simplicial
    - normal:  2.894e-05   -0.839   0.5441
    - offset: -0.02722475
    - vertices: p4497(v612) p8577(v280) p9864(v31)
    - neighboring facets: f1946 f3125 f3126
- f3125
    - flags: bottom simplicial
    - normal:  4.307e-06  -0.8398   0.5429
    - offset: -0.02718949
    - vertices: p4497(v612) p6963(v509) p9864(v31)
    - neighboring facets: f3117 f3124 f3128
- f3126
    - flags: top simplicial
    - normal:  9.965e-05  -0.8245   0.5658
    - offset: -0.02783552
    - vertices: p4497(v612) p104(v392) p8577(v280)
    - neighboring facets: f1946 f3124 f3129
- f3127
    - flags: top simplicial
    - normal:   -0.0446  -0.8212   0.5689
    - offset: -0.02885915
    - vertices: p4497(v612) p879(v399) p6929(v398)
    - neighboring facets: f1990 f3131 f3128
- f3128
    - flags: top simplicial
    - normal:  -0.05286    -0.84   0.5399
    - offset: -0.02821215
    - vertices: p4497(v612) p6963(v509) p879(v399)
    - neighboring facets: f3121 f3127 f3125
- f3129
    - flags: bottom simplicial
    - normal:  9.972e-05  -0.8242   0.5663
    - offset: -0.02784867
    - vertices: p4497(v612) p104(v392) p6060(v186)
    - neighboring facets: f1945 f3130 f3126
- f3130
    - flags: top simplicial
    - normal:  7.469e-05  -0.8211   0.5708
    - offset:  -0.027975
    - vertices: p4497(v612) p1262(v393) p6060(v186)
    - neighboring facets: f3061 f3129 f3131
- f3131
    - flags: top simplicial
    - normal:  -4.623e-06  -0.8175   0.5759
    - offset: -0.0281198
    - vertices: p4497(v612) p6929(v398) p1262(v393)
    - neighboring facets: f1983 f3130 f3127
- f3132
    - flags: bottom simplicial
    - normal:   -0.2012  -0.5525   0.8089
    - offset: -0.03891016
    - vertices: p5632(v613) p722(v515) p1517(v282)
    - neighboring facets: f2596 f3134 f3133
- f3133
    - flags: top simplicial
    - normal:    -0.328  -0.5282   0.7832
    - offset: -0.04073948
    - vertices: p5632(v613) p722(v515) p9640(v406)
    - neighboring facets: f3138 f3136 f3132
- f3134
    - flags: top simplicial
    - normal:   -0.1106  -0.4517   0.8853
    - offset: -0.03910787
    - vertices: p5632(v613) p735(v600) p1517(v282)
    - neighboring facets: f3065 f3132 f3135
- f3135
    - flags: bottom simplicial
    - normal:   -0.1815  -0.4125   0.8927
    - offset: -0.04080378
    - vertices: p5632(v613) p735(v600) p3367(v505)
    - neighboring facets: f3592 f3137 f3134
- f3136
    - flags: top simplicial
    - normal:   -0.3715  -0.4469   0.8138
    - offset: -0.04242765
    - vertices: p5632(v613) p9640(v406) p2216(v395)
    - neighboring facets: f3614 f3137 f3133
- f3137
    - flags: bottom simplicial
    - normal:   -0.3163  -0.4183   0.8515
    - offset: -0.04240636
    - vertices: p5632(v613) p3367(v505) p2216(v395)
    - neighboring facets: f3620 f3136 f3135
- f3138
    - flags: bottom simplicial
    - normal:   -0.3448  -0.5408   0.7673
    - offset: -0.04062845
    - vertices: p6705(v614) p722(v515) p9640(v406)
    - neighboring facets: f3133 f3140 f3139
- f3139
    - flags: top simplicial
    - normal:   -0.3283  -0.6309    0.703
    - offset: -0.03851195
    - vertices: p6705(v614) p722(v515) p9905(v510)
    - neighboring facets: f2598 f3141 f3138
- f3140
    - flags: bottom simplicial
    - normal:   -0.5208  -0.5275   0.6712
    - offset: -0.04122543
    - vertices: p6705(v614) p9640(v406) p6712(v291)
    - neighboring facets: f2019 f3141 f3138
- f3141
    - flags: top simplicial
    - normal:   -0.4774   -0.615   0.6276
    - offset: -0.03920207
    - vertices: p6705(v614) p9905(v510) p6712(v291)
    - neighboring facets: f2575 f3140 f3139
- f3142
    - flags: top simplicial
    - normal:   -0.6195  -0.5594   0.5507
    - offset: -0.0395796
    - vertices: p4726(v615) p6712(v291) p7664(v194)
    - neighboring facets: f1427 f3144 f3143
- f3143
    - flags: top simplicial
    - normal:     -0.64  -0.5214   0.5644
    - offset: -0.04030904
    - vertices: p4726(v615) p5580(v405) p6712(v291)
    - neighboring facets: f2015 f3142 f3146
- f3144
    - flags: bottom simplicial
    - normal:   -0.7276  -0.4998     0.47
    - offset: -0.03901008
    - vertices: p4726(v615) p7906(v518) p7664(v194)
    - neighboring facets: f3150 f3142 f3145
- f3145
    - flags: top simplicial
    - normal:   -0.7365  -0.4913    0.465
    - offset: -0.03899619
    - vertices: p4726(v615) p7906(v518) p853(v517)
    - neighboring facets: f2614 f3613 f3144
- f3146
    - flags: bottom simplicial
    - normal:   -0.6715  -0.4701   0.5728
    - offset: -0.04103145
    - vertices: p4726(v615) p5580(v405) p9460(v65)
    - neighboring facets: f2015 f3612 f3143
- f3148
    - flags: top simplicial
    - normal:   -0.6007  -0.6473   0.4692
    - offset: -0.03694658
    - vertices: p5575(v616) p7664(v194) p7568(v119)
    - neighboring facets: f1427 f3149 f3150
- f3149
    - flags: bottom simplicial
    - normal:   -0.6322  -0.6602   0.4056
    - offset: -0.03565573
    - vertices: p5575(v616) p7906(v518) p7568(v119)
    - neighboring facets: f2610 f3148 f3150
- f3150
    - flags: top simplicial
    - normal:   -0.6753  -0.5688   0.4695
    - offset: -0.03821983
    - vertices: p5575(v616) p7906(v518) p7664(v194)
    - neighboring facets: f3144 f3148 f3149
- f3157
    - flags: top simplicial
    - normal:    -0.892  -0.0133  -0.4518
    - offset: -0.02766489
    - vertices: p9666(v618) p8783(v198) p9514(v69)
    - neighboring facets: f963 f3158 f3159
- f3158
    - flags: bottom simplicial
    - normal:   -0.8908 -0.01127  -0.4543
    - offset: -0.02763986
    - vertices: p9666(v618) p7701(v519) p9514(v69)
    - neighboring facets: f2620 f3157 f3160
- f3159
    - flags: top simplicial
    - normal:   -0.9049  -0.0108  -0.4254
    - offset: -0.02770595
    - vertices: p9666(v618) p3323(v410) p8783(v198)
    - neighboring facets: f2035 f3157 f3160
- f3160
    - flags: top simplicial
    - normal:   -0.8998 -0.009533  -0.4361
    - offset: -0.02767213
    - vertices: p9666(v618) p7701(v519) p3323(v410)
    - neighboring facets: f2615 f3159 f3158
- f3162
    - flags: top simplicial
    - normal:   -0.8512 -0.007718  -0.5248
    - offset: -0.02743743
    - vertices: p8329(v619) p1638(v523) p8922(v302)
    - neighboring facets: f2638 f3725 f3726
- f3164
    - flags: top simplicial
    - normal:   -0.8365 -0.008881  -0.5478
    - offset: -0.02738385
    - vertices: p9227(v620) p568(v419) p5921(v35)
    - neighboring facets: f2084 f3721 f3723
- f3174
    - flags: top simplicial
    - normal:   -0.7401   0.5915  -0.3199
    - offset: -0.0290239
    - vertices: p1687(v622) p3612(v421) p1575(v51)
    - neighboring facets: f2095 f3637 f3197
- f3181
    - flags: top simplicial
    - normal:   -0.6541 -0.005041  -0.7564
    - offset: -0.02670438
    - vertices: p6504(v624) p6144(v308) p7620(v206)
    - neighboring facets: f2131 f3182 f3183
- f3182
    - flags: bottom simplicial
    - normal:   -0.6624 -0.002607  -0.7491
    - offset: -0.02670568
    - vertices: p6504(v624) p5079(v528) p7620(v206)
    - neighboring facets: f2662 f3181 f3664
- f3183
    - flags: top simplicial
    - normal:   -0.6691 -0.005501  -0.7432
    - offset: -0.02674883
    - vertices: p6504(v624) p2155(v536) p6144(v308)
    - neighboring facets: f3763 f3181 f3665
- f3186
    - flags: top simplicial
    - normal:   -0.6777 0.000164  -0.7353
    - offset:  -0.026738
    - vertices: p5189(v625) p5079(v528) p4137(v422)
    - neighboring facets: f2662 f4157 f3667
- f3187
    - flags: bottom simplicial
    - normal:   -0.6923 -0.004851  -0.7216
    - offset: -0.02680088
    - vertices: p5189(v625) p1544(v430) p8818(v427)
    - neighboring facets: f2146 f3188 f3669
- f3188
    - flags: top simplicial
    - normal:   -0.6944 -0.004688  -0.7195
    - offset: -0.02680588
    - vertices: p5189(v625) p719(v527) p8818(v427)
    - neighboring facets: f3234 f3187 f4158
- f3193
    - flags: top simplicial
    - normal:   -0.5698   0.7885  -0.2315
    - offset: -0.02624779
    - vertices: p8911(v626) p7280(v529) p3612(v421)
    - neighboring facets: f2668 f3197 f3670
- f3196
    - flags: top simplicial
    - normal:   -0.6441   0.7036     -0.3
    - offset: -0.02783651
    - vertices: p8911(v626) p1687(v622) p4157(v305)
    - neighboring facets: f3740 f4161 f3197
- f3197
    - flags: bottom simplicial
    - normal:    -0.641   0.7083  -0.2957
    - offset: -0.02776047
    - vertices: p8911(v626) p1687(v622) p3612(v421)
    - neighboring facets: f3174 f3193 f3196
- f3198
    - flags: top simplicial
    - normal:   -0.5902   0.5748  -0.5668
    - offset: -0.02967996
    - vertices: p671(v627) p5716(v423) p9402(v25)
    - neighboring facets: f2686 f3200 f3671
- f3200
    - flags: bottom simplicial
    - normal:   -0.4967   0.7122  -0.4961
    - offset: -0.02857871
    - vertices: p671(v627) p3584(v370) p9402(v25)
    - neighboring facets: f1841 f3198 f3201
- f3201
    - flags: top simplicial
    - normal:   -0.3355   0.9084  -0.2495
    - offset: -0.02373679
    - vertices: p671(v627) p3584(v370) p5715(v52)
    - neighboring facets: f1844 f3202 f3200
- f3202
    - flags: bottom simplicial
    - normal:   -0.2431   0.9698 -0.02151
    - offset: -0.01859086
    - vertices: p671(v627) p7280(v529) p5715(v52)
    - neighboring facets: f2669 f3201 f3672
- f3225
    - flags: bottom simplicial
    - normal:   -0.6692 0.004201  -0.7431
    - offset: -0.02673246
    - vertices: p4179(v631) p2058(v630) p4137(v422)
    - neighboring facets: f4030 f4169 f4024
- f3229
    - flags: top simplicial
    - normal:   -0.7454 -0.02672   -0.666
    - offset: -0.02720909
    - vertices: p7697(v632) p6776(v532) p3491(v8)
    - neighboring facets: f2688 f3230 f3702
- f3230
    - flags: bottom simplicial
    - normal:   -0.7268 -0.01567  -0.6867
    - offset: -0.02702012
    - vertices: p7697(v632) p8438(v127) p3491(v8)
    - neighboring facets: f2142 f3229 f3231
- f3231
    - flags: bottom simplicial
    - normal:   -0.7242 -0.008365  -0.6896
    - offset: -0.02692947
    - vertices: p7697(v632) p5169(v533) p8438(v127)
    - neighboring facets: f3703 f3230 f4273
- f3233
    - flags: bottom simplicial
    - normal:    -0.709 -0.005428  -0.7052
    - offset: -0.02685479
    - vertices: p8336(v633) p8818(v427) p8438(v127)
    - neighboring facets: f2146 f3704 f3234
- f3234
    - flags: bottom simplicial
    - normal:    -0.708 -0.005237  -0.7061
    - offset: -0.02685039
    - vertices: p8336(v633) p719(v527) p8818(v427)
    - neighboring facets: f3188 f3233 f3709
- f3244
    - flags: bottom simplicial
    - normal:   -0.8252 -0.008708  -0.5647
    - offset: -0.02733193
    - vertices: p2588(v634) p257(v524) p5921(v35)
    - neighboring facets: f2644 f3722 f4042
- f3253
    - flags: bottom simplicial
    - normal:   -0.7855 -0.00827  -0.6189
    - offset: -0.02715579
    - vertices: p9649(v635) p6776(v532) p4428(v77)
    - neighboring facets: f2690 f3719 f3729
- f3265
    - flags: bottom simplicial
    - normal:   -0.6322 -0.003733  -0.7748
    - offset: -0.02665019
    - vertices: p4081(v637) p5168(v428) p9860(v426)
    - neighboring facets: f2133 f3266 f3267
- f3266
    - flags: top simplicial
    - normal:   -0.6225 -0.003108  -0.7826
    - offset: -0.0266324
    - vertices: p4081(v637) p2795(v535) p9860(v426)
    - neighboring facets: f3294 f3265 f3267
- f3267
    - flags: bottom simplicial
    - normal:   -0.6326 -0.004506  -0.7745
    - offset: -0.02665891
    - vertices: p4081(v637) p2795(v535) p5168(v428)
    - neighboring facets: f3765 f3265 f3266
- f3268
    - flags: bottom simplicial
    - normal:   -0.3594  -0.6069  -0.7089
    - offset: -0.03033547
    - vertices: p8495(v638) p2377(v431) p9651(v207)
    - neighboring facets: f2726 f3270 f3269
- f3269
    - flags: bottom simplicial
    - normal:    -0.436  -0.3935  -0.8094
    - offset: -0.03031295
    - vertices: p8495(v638) p234(v537) p2377(v431)
    - neighboring facets: f2721 f3268 f3271
- f3270
    - flags: bottom simplicial
    - normal:   -0.3774   -0.646  -0.6635
    - offset: -0.02987255
    - vertices: p8495(v638) p9651(v207) p4122(v129)
    - neighboring facets: f1529 f3271 f3268
- f3271
    - flags: top simplicial
    - normal:   -0.4252  -0.5171  -0.7428
    - offset: -0.03035779
    - vertices: p8495(v638) p234(v537) p4122(v129)
    - neighboring facets: f3275 f3270 f3269
- f3272
    - flags: top simplicial
    - normal:   -0.4954 -0.06495  -0.8662
    - offset: -0.02746185
    - vertices: p8915(v639) p234(v537) p6353(v208)
    - neighboring facets: f2721 f3273 f3275
- f3273
    - flags: bottom simplicial
    - normal:   -0.4994  -0.0334  -0.8657
    - offset: -0.02704642
    - vertices: p8915(v639) p9893(v539) p6353(v208)
    - neighboring facets: f2729 f3272 f3274
- f3274
    - flags: top simplicial
    - normal:   -0.5179 -0.04023  -0.8545
    - offset: -0.02712014
    - vertices: p8915(v639) p9893(v539) p3233(v434)
    - neighboring facets: f2734 f3277 f3273
- f3275
    - flags: bottom simplicial
    - normal:   -0.4752  -0.4324  -0.7663
    - offset: -0.03017154
    - vertices: p8915(v639) p234(v537) p4122(v129)
    - neighboring facets: f3271 f3756 f3272
- f3277
    - flags: bottom simplicial
    - normal:   -0.5577  -0.1249  -0.8206
    - offset: -0.02806005
    - vertices: p8915(v639) p3902(v540) p3233(v434)
    - neighboring facets: f3288 f3274 f3280
- f3280
    - flags: top simplicial
    - normal:   -0.5647  -0.1541  -0.8108
    - offset: -0.02834193
    - vertices: p8915(v639) p3902(v540) p1010(v319)
    - neighboring facets: f3283 f3757 f3277
- f3282
    - flags: bottom simplicial
    - normal:   -0.5608 -0.005358   -0.828
    - offset: -0.02661599
    - vertices: p6780(v640) p1010(v319) p3900(v261)
    - neighboring facets: f3778 f3308 f3283
- f3283
    - flags: bottom simplicial
    - normal:   -0.5542 -0.007986  -0.8323
    - offset: -0.02664822
    - vertices: p6780(v640) p3902(v540) p1010(v319)
    - neighboring facets: f3280 f3282 f3285
- f3285
    - flags: top simplicial
    - normal:   -0.5456 -0.002326   -0.838
    - offset: -0.02657896
    - vertices: p6780(v640) p3902(v540) p9529(v371)
    - neighboring facets: f3287 f3309 f3283
- f3286
    - flags: top simplicial
    - normal:    -0.544 -0.002099  -0.8391
    - offset: -0.02657758
    - vertices: p140(v641) p3233(v434) p9529(v371)
    - neighboring facets: f2185 f3287 f3288
- f3287
    - flags: bottom simplicial
    - normal:    -0.545 -0.00227  -0.8385
    - offset: -0.02657875
    - vertices: p140(v641) p3902(v540) p9529(v371)
    - neighboring facets: f3285 f3286 f3288
- f3288
    - flags: top simplicial
    - normal:   -0.5446 -0.003192  -0.8387
    - offset: -0.02659181
    - vertices: p140(v641) p3902(v540) p3233(v434)
    - neighboring facets: f3277 f3286 f3287
- f3289
    - flags: bottom simplicial
    - normal:   -0.6144 0.0003932   -0.789
    - offset: -0.02659359
    - vertices: p1223(v642) p9860(v426) p8452(v307)
    - neighboring facets: f3691 f3290 f3294
- f3290
    - flags: top simplicial
    - normal:    -0.606 0.0001487  -0.7955
    - offset: -0.02657911
    - vertices: p1223(v642) p8779(v543) p8452(v307)
    - neighboring facets: f2752 f3289 f3767
- f3294
    - flags: bottom simplicial
    - normal:   -0.6222 -0.003078  -0.7829
    - offset: -0.02663159
    - vertices: p1223(v642) p2795(v535) p9860(v426)
    - neighboring facets: f3266 f3289 f3771
- f3295
    - flags: bottom simplicial
    - normal:   -0.5887 -0.008974  -0.8083
    - offset: -0.0266605
    - vertices: p7276(v643) p1010(v319) p2943(v318)
    - neighboring facets: f3759 f3296 f3779
- f3296
    - flags: top simplicial
    - normal:   -0.5925 -0.003878  -0.8056
    - offset: -0.02660015
    - vertices: p7276(v643) p9100(v544) p2943(v318)
    - neighboring facets: f3300 f3295 f3775
- f3300
    - flags: bottom simplicial
    - normal:   -0.5945 -0.00365  -0.8041
    - offset: -0.02659942
    - vertices: p8294(v644) p9100(v544) p2943(v318)
    - neighboring facets: f3296 f3774 f3768
- f3303
    - flags: bottom simplicial
    - normal:   -0.5743 9.196e-05  -0.8186
    - offset: -0.02655115
    - vertices: p7148(v645) p9100(v544) p8800(v165)
    - neighboring facets: f2763 f3304 f3776
- f3304
    - flags: top simplicial
    - normal:   -0.5595 0.000837  -0.8289
    - offset: -0.02654909
    - vertices: p7148(v645) p7963(v372) p8800(v165)
    - neighboring facets: f1848 f3303 f3307
- f3307
    - flags: bottom simplicial
    - normal:   -0.5486 0.0002457  -0.8361
    - offset: -0.02655306
    - vertices: p7148(v645) p7963(v372) p9529(v371)
    - neighboring facets: f1850 f3309 f3304
- f3308
    - flags: bottom simplicial
    - normal:   -0.5528 -0.00175  -0.8333
    - offset: -0.02657337
    - vertices: p7148(v645) p6780(v640) p3900(v261)
    - neighboring facets: f3282 f3777 f3309
- f3309
    - flags: top simplicial
    - normal:   -0.5484 -0.001487  -0.8362
    - offset: -0.02656957
    - vertices: p7148(v645) p6780(v640) p9529(v371)
    - neighboring facets: f3285 f3307 f3308
- f3310
    - flags: top simplicial
    - normal:    0.4877   0.8274   0.2784
    - offset: -0.02963994
    - vertices: p2434(v646) p7104(v443) p2787(v43)
    - neighboring facets: f2230 f3311 f3312
- f3311
    - flags: bottom simplicial
    - normal:    0.4996   0.8192   0.2817
    - offset: -0.02995106
    - vertices: p2434(v646) p4589(v546) p2787(v43)
    - neighboring facets: f3317 f3310 f3312
- f3312
    - flags: top simplicial
    - normal:    0.4947   0.8215   0.2836
    - offset: -0.02991217
    - vertices: p2434(v646) p4589(v546) p7104(v443)
    - neighboring facets: f2772 f3310 f3311
- f3313
    - flags: bottom simplicial
    - normal:     0.531   0.7844   0.3205
    - offset: -0.03159199
    - vertices: p1590(v647) p4589(v546) p1035(v327)
    - neighboring facets: f2772 f3314 f3317
- f3314
    - flags: top simplicial
    - normal:    0.5852   0.7042   0.4022
    - offset: -0.03482579
    - vertices: p1590(v647) p9751(v555) p1035(v327)
    - neighboring facets: f3466 f3313 f3315
- f3315
    - flags: bottom simplicial
    - normal:    0.6112   0.6841   0.3981
    - offset: -0.03515083
    - vertices: p1590(v647) p9751(v555) p9147(v444)
    - neighboring facets: f2829 f3316 f3314
- f3316
    - flags: bottom simplicial
    - normal:    0.7086   0.6255   0.3265
    - offset: -0.03469904
    - vertices: p1590(v647) p9147(v444) p2787(v43)
    - neighboring facets: f2232 f3317 f3315
- f3317
    - flags: top simplicial
    - normal:     0.575   0.7607    0.301
    - offset: -0.03183576
    - vertices: p1590(v647) p4589(v546) p2787(v43)
    - neighboring facets: f3311 f3316 f3313
- f3318
    - flags: top simplicial
    - normal:    0.8937  -0.1767   0.4125
    - offset: -0.03941748
    - vertices: p7668(v648) p3449(v446) p7385(v326)
    - neighboring facets: f2242 f3319 f3320
- f3319
    - flags: bottom simplicial
    - normal:    0.8221  -0.2554   0.5089
    - offset: -0.04137064
    - vertices: p7668(v648) p4320(v547) p7385(v326)
    - neighboring facets: f3322 f3318 f3321
- f3320
    - flags: bottom simplicial
    - normal:    0.7973  -0.2053   0.5676
    - offset: -0.04270005
    - vertices: p7668(v648) p3449(v446) p4396(v222)
    - neighboring facets: f3331 f3321 f3318
- f3321
    - flags: top simplicial
    - normal:    0.7225   -0.269   0.6369
    - offset: -0.04351458
    - vertices: p7668(v648) p4320(v547) p4396(v222)
    - neighboring facets: f2777 f3320 f3319
- f3322
    - flags: top simplicial
    - normal:    0.8439  -0.2806   0.4573
    - offset: -0.04018762
    - vertices: p5638(v649) p4320(v547) p7385(v326)
    - neighboring facets: f3319 f3324 f3327
- f3323
    - flags: bottom simplicial
    - normal:    0.9001  -0.2986   0.3173
    - offset: -0.03669016
    - vertices: p5638(v649) p3933(v42) p7647(v11)
    - neighboring facets: f696 f3324 f3325
- f3324
    - flags: top simplicial
    - normal:    0.9048  -0.2859   0.3155
    - offset: -0.03667948
    - vertices: p5638(v649) p7385(v326) p7647(v11)
    - neighboring facets: f1614 f3323 f3322
- f3325
    - flags: bottom simplicial
    - normal:    0.7681  -0.3702   0.5225
    - offset: -0.04106838
    - vertices: p5638(v649) p5466(v233) p3933(v42)
    - neighboring facets: f1134 f3323 f3326
- f3326
    - flags: bottom simplicial
    - normal:    0.7508  -0.3663   0.5497
    - offset: -0.04157851
    - vertices: p5638(v649) p4173(v341) p5466(v233)
    - neighboring facets: f1690 f3325 f3327
- f3327
    - flags: bottom simplicial
    - normal:     0.751  -0.3624   0.5519
    - offset: -0.04164258
    - vertices: p5638(v649) p4320(v547) p4173(v341)
    - neighboring facets: f2777 f3326 f3322
- f3328
    - flags: bottom simplicial
    - normal:     0.903 -0.06833   0.4241
    - offset: -0.0398272
    - vertices: p6166(v650) p7623(v448) p6247(v329)
    - neighboring facets: f2253 f3329 f3332
- f3329
    - flags: top simplicial
    - normal:    0.9021 -0.05705   0.4277
    - offset: -0.03991856
    - vertices: p6166(v650) p625(v548) p6247(v329)
    - neighboring facets: f2785 f3328 f3330
- f3330
    - flags: bottom simplicial
    - normal:    0.8243 -0.08496   0.5598
    - offset: -0.04281999
    - vertices: p6166(v650) p625(v548) p4396(v222)
    - neighboring facets: f2783 f3331 f3329
- f3331
    - flags: top simplicial
    - normal:    0.8504  -0.1214    0.512
    - offset: -0.04178577
    - vertices: p6166(v650) p3449(v446) p4396(v222)
    - neighboring facets: f3320 f3330 f3332
- f3332
    - flags: top simplicial
    - normal:    0.8628  -0.1188   0.4914
    - offset: -0.04134357
    - vertices: p6166(v650) p7623(v448) p3449(v446)
    - neighboring facets: f2254 f3331 f3328
- f3333
    - flags: bottom simplicial
    - normal:    0.7802  0.01947   0.6252
    - offset: -0.04407776
    - vertices: p4239(v651) p1301(v449) p5356(v331)
    - neighboring facets: f2258 f3334 f4061
- f3334
    - flags: top simplicial
    - normal:    0.8668  0.07797   0.4926
    - offset: -0.04139597
    - vertices: p4239(v651) p7202(v549) p5356(v331)
    - neighboring facets: f2790 f3333 f3780
- f3337
    - flags: bottom simplicial
    - normal:    0.9284   0.1568    0.337
    - offset: -0.03750656
    - vertices: p7791(v652) p5693(v334) p7775(v227)
    - neighboring facets: f1654 f3339 f3338
- f3338
    - flags: bottom simplicial
    - normal:    0.8957   0.1297   0.4253
    - offset: -0.03977933
    - vertices: p7791(v652) p7202(v549) p5693(v334)
    - neighboring facets: f2791 f3337 f3786
- f3339
    - flags: bottom simplicial
    - normal:    0.8233   0.2621   0.5035
    - offset: -0.04121946
    - vertices: p7791(v652) p7775(v227) p3886(v143)
    - neighboring facets: f1652 f4211 f3337
- f3348
    - flags: top simplicial
    - normal:    0.3545   -0.196   0.9143
    - offset: -0.04494152
    - vertices: p6117(v654) p935(v441) p2358(v440)
    - neighboring facets: f2225 f3349 f4072
- f3349
    - flags: bottom simplicial
    - normal:    0.2838   -0.133   0.9496
    - offset:  -0.044536
    - vertices: p6117(v654) p425(v551) p2358(v440)
    - neighboring facets: f3354 f3348 f4075
- f3353
    - flags: top simplicial
    - normal:   0.08077  -0.1658   0.9828
    - offset: -0.04118428
    - vertices: p6190(v655) p2358(v440) p6900(v78)
    - neighboring facets: f2212 f4338 f3354
- f3354
    - flags: top simplicial
    - normal:     0.271  -0.1266   0.9542
    - offset: -0.04440303
    - vertices: p6190(v655) p425(v551) p2358(v440)
    - neighboring facets: f3349 f3353 f3794
- f3358
    - flags: top simplicial
    - normal:    0.4943  0.01712   0.8691
    - offset: -0.04627988
    - vertices: p7453(v656) p4829(v450) p6779(v225)
    - neighboring facets: f4206 f3791 f3796
- f3365
    - flags: top simplicial
    - normal:    0.4461   0.4438   0.7772
    - offset: -0.0428397
    - vertices: p3192(v657) p2864(v653) p2184(v332)
    - neighboring facets: f3378 f3800 f3805
- f3368
    - flags: top simplicial
    - normal:   0.09551   0.5072   0.8565
    - offset: -0.03791013
    - vertices: p3192(v657) p1383(v552) p681(v226)
    - neighboring facets: f3808 f3807 f3801
- f3378
    - flags: bottom simplicial
    - normal:    0.3921   0.3665   0.8438
    - offset: -0.04369652
    - vertices: p9185(v659) p2864(v653) p2184(v332)
    - neighboring facets: f3365 f3802 f4299
- f3391
    - flags: top simplicial
    - normal:    0.8441   0.3581   0.3991
    - offset: -0.03853003
    - vertices: p6920(v662) p1240(v554) p3886(v143)
    - neighboring facets: f2826 f4305 f3392
- f3392
    - flags: bottom simplicial
    - normal:    0.6638   0.5243   0.5334
    - offset: -0.0397762
    - vertices: p6920(v662) p1240(v554) p6912(v452)
    - neighboring facets: f2823 f4304 f3391
- f3394
    - flags: top simplicial
    - normal:    0.4509   0.8143   0.3654
    - offset: -0.03141351
    - vertices: p5449(v663) p7104(v443) p1035(v327)
    - neighboring facets: f2772 f3467 f3395
- f3395
    - flags: top simplicial
    - normal:    0.3091    0.866    0.393
    - offset: -0.0294387
    - vertices: p5449(v663) p9211(v473) p7104(v443)
    - neighboring facets: f2371 f3394 f3469
- f3398
    - flags: top simplicial
    - normal:    0.3742  -0.4757    0.796
    - offset: -0.04203546
    - vertices: p5866(v664) p4190(v557) p541(v325)
    - neighboring facets: f2840 f3400 f3404
- f3400
    - flags: bottom simplicial
    - normal:    0.4341  -0.3521   0.8292
    - offset: -0.04404923
    - vertices: p5866(v664) p4182(v442) p541(v325)
    - neighboring facets: f2223 f3398 f3401
- f3401
    - flags: bottom simplicial
    - normal:    0.5042  -0.3242   0.8004
    - offset: -0.0444855
    - vertices: p5866(v664) p5965(v558) p4182(v442)
    - neighboring facets: f2847 f3400 f3405
- f3402
    - flags: bottom simplicial
    - normal:    0.4751  -0.4791   0.7381
    - offset: -0.04228483
    - vertices: p9797(v665) p4190(v557) p8206(v460)
    - neighboring facets: f2838 f3403 f3404
- f3403
    - flags: top simplicial
    - normal:    0.5479  -0.4453   0.7082
    - offset: -0.04277475
    - vertices: p9797(v665) p5965(v558) p8206(v460)
    - neighboring facets: f2844 f3402 f3405
- f3404
    - flags: bottom simplicial
    - normal:    0.4714  -0.4692   0.7467
    - offset: -0.04246404
    - vertices: p9797(v665) p5866(v664) p4190(v557)
    - neighboring facets: f3398 f3402 f3405
- f3405
    - flags: top simplicial
    - normal:    0.4929   -0.391   0.7773
    - offset: -0.04370675
    - vertices: p9797(v665) p5866(v664) p5965(v558)
    - neighboring facets: f3401 f3403 f3404
- f3407
    - flags: top simplicial tested
    - normal:    0.8553   0.5084  -0.1002
    - offset: -0.04041773
    - center: 0.0350935 0.01419106666666667 -0.03181573333333334 
    - vertices: p2515(v666) p1134(v559) p8607(v15)
    - neighboring facets: f2854 f4430 f3408
    - ridges:
- f3408
    - flags: bottom simplicial tested
    - normal:    0.9253   0.3785 -0.02488
    - offset: -0.03864535
    - center: 0.03509350000000001 0.01431853333333333 -0.03034053333333334 
    - vertices: p2515(v666) p1134(v559) p7432(v461)
    - neighboring facets: f2853 f4440 f3407
    - ridges:
- f3409
    - flags: bottom simplicial
    - normal:    0.3984   0.9172 -0.004121
    - offset: -0.02763097
    - vertices: p5744(v667) p1134(v559) p435(v257)
    - neighboring facets: f2852 f3411 f3865
- f3411
    - flags: top simplicial
    - normal:    0.3081   0.9513 -0.0002991
    - offset: -0.02491447
    - vertices: p5744(v667) p2717(v564) p435(v257)
    - neighboring facets: f2878 f3409 f3415
- f3414
    - flags: bottom simplicial
    - normal:    0.3278   0.9448 -1.397e-05
    - offset: -0.02549053
    - vertices: p5744(v667) p4784(v464) p566(v93)
    - neighboring facets: f2874 f3849 f3415
- f3415
    - flags: bottom simplicial
    - normal:    0.3246   0.9459 -2.027e-05
    - offset: -0.02539583
    - vertices: p5744(v667) p2717(v564) p4784(v464)
    - neighboring facets: f2879 f3414 f3411
- f3417
    - flags: top simplicial
    - normal:    0.6935   0.7204 -0.0002946
    - offset: -0.03488946
    - vertices: p6094(v668) p1134(v559) p7792(v235)
    - neighboring facets: f2856 f3425 f3418
- f3418
    - flags: bottom simplicial
    - normal:    0.6583   0.7528 -6.961e-05
    - offset: -0.03413405
    - vertices: p6094(v668) p1134(v559) p6431(v343)
    - neighboring facets: f3439 f3429 f3417
- f3419
    - flags: top simplicial tested
    - normal:    0.9995  0.03136 9.745e-06
    - offset: -0.03562719
    - center: 0.03519913333333333 0.01420476666666667 -0.01607515 
    - vertices: p502(v669) p7432(v461) p7506(v149)
    - neighboring facets: f4435 f3420 f3860
    - ridges:
- f3420
    - flags: bottom simplicial tested
    - normal:    0.9979  0.06489 0.0001915
    - offset: -0.03604519
    - center: 0.03519659999999999 0.0142467 -0.009116916666666667 
    - vertices: p502(v669) p9180(v560) p7506(v149)
    - neighboring facets: f2861 f3419 f3856
- f3425
    - flags: top simplicial
    - normal:    0.7237   0.6901 -4.753e-05
    - offset: -0.03549516
    - vertices: p1588(v670) p6094(v668) p7792(v235)
    - neighboring facets: f3417 f3432 f3430
- f3427
    - flags: top simplicial
    - normal:    0.8173   0.5762 0.001942
    - offset: -0.03707982
    - vertices: p8830(v671) p6333(v463) p6431(v343)
    - neighboring facets: f2325 f3429 f3428
- f3428
    - flags: top simplicial
    - normal:    0.8217   0.5699  0.00136
    - offset: -0.03714397
    - vertices: p8830(v671) p4719(v562) p6333(v463)
    - neighboring facets: f3434 f3427 f3431
- f3429
    - flags: bottom simplicial
    - normal:    0.7191   0.6949 7.415e-05
    - offset: -0.03540413
    - vertices: p8830(v671) p6094(v668) p6431(v343)
    - neighboring facets: f3418 f3427 f3430
- f3430
    - flags: bottom simplicial
    - normal:    0.7217   0.6922 3.639e-05
    - offset: -0.03545464
    - vertices: p8830(v671) p1588(v670) p6094(v668)
    - neighboring facets: f3425 f3429 f3432
- f3431
    - flags: bottom simplicial
    - normal:    0.7788   0.6273 9.726e-05
    - offset: -0.03649444
    - vertices: p8830(v671) p4719(v562) p7792(v235)
    - neighboring facets: f2870 f3432 f3428
- f3432
    - flags: top simplicial
    - normal:    0.7321   0.6812 -1.427e-05
    - offset: -0.03565692
    - vertices: p8830(v671) p1588(v670) p7792(v235)
    - neighboring facets: f3425 f3431 f3430
- f3433
    - flags: top simplicial
    - normal:    0.8874   0.4609 8.116e-05
    - offset: -0.03787163
    - vertices: p1470(v672) p3130(v561) p6333(v463)
    - neighboring facets: f2866 f3434 f3435
- f3434
    - flags: bottom simplicial
    - normal:    0.8401   0.5424 0.0008629
    - offset: -0.03739242
    - vertices: p1470(v672) p4719(v562) p6333(v463)
    - neighboring facets: f3428 f3433 f3436
- f3435
    - flags: bottom simplicial
    - normal:    0.8929   0.4503 -0.000229
    - offset: -0.03791061
    - vertices: p1470(v672) p3130(v561) p1331(v342)
    - neighboring facets: f2866 f3436 f3433
- f3436
    - flags: top simplicial
    - normal:     0.856   0.5169 -0.0009934
    - offset: -0.03759723
    - vertices: p1470(v672) p4719(v562) p1331(v342)
    - neighboring facets: f2870 f3435 f3434
- f3439
    - flags: top simplicial
    - normal:     0.658   0.7531 -6.819e-05
    - offset: -0.03412623
    - vertices: p4237(v673) p1134(v559) p6431(v343)
    - neighboring facets: f3418 f3440 f4112
- f3440
    - flags: top simplicial
    - normal:     0.547   0.8368  0.02118
    - offset: -0.03147651
    - vertices: p4237(v673) p6431(v343) p566(v93)
    - neighboring facets: f1699 f3441 f3439
- f3441
    - flags: bottom simplicial
    - normal:    0.4948    0.869 0.000807
    - offset: -0.03014871
    - vertices: p4237(v673) p2522(v565) p566(v93)
    - neighboring facets: f3854 f3440 f3862
- f3442
    - flags: bottom simplicial tested
    - normal:   -0.9998  0.01836 0.001317
    - offset: -0.02724949
    - center: -0.0270983 0.007394586666666667 0.01517354 
    - vertices: p1421(v674) p6062(v566) p8256(v466)
    - neighboring facets: f4418 f3443 f3444
    - ridges:
- f3443
    - flags: bottom simplicial tested
    - normal:   -0.9997   0.0235 0.001904
    - offset: -0.02729551
    - center: -0.02708956666666667 0.007023243333333334 0.0254256 
    - vertices: p1421(v674) p8256(v466) p2985(v344)
    - neighboring facets: f2891 f3444 f3442
- f3444
    - flags: top simplicial tested
    - normal:   -0.9996  0.02714 0.001835
    - offset: -0.02731785
    - center: -0.02708956666666667 0.007700433333333334 0.01598384 
    - vertices: p1421(v674) p6062(v566) p2985(v344)
    - neighboring facets: f2889 f3443 f3442
- f3446
    - flags: top simplicial tested
    - normal:    -0.998   0.0631 -0.00535
    - offset: -0.02759149
    - center: -0.02706623333333333 0.008816793333333333 -0.004348733333333333 
    - vertices: p8699(v675) p7397(v202) p2372(v125)
    - neighboring facets: f1479 f3447 f4415
    - ridges:
- f3447
    - flags: bottom simplicial tested
    - normal:   -0.9976  0.06856 -0.002883
    - offset: -0.02762325
    - center: -0.02706623333333333 0.008934880000000001 -0.002869646666666666 
    - vertices: p8699(v675) p6062(v566) p2372(v125)
    - neighboring facets: f2889 f3446 f4418
    - ridges:
- f3448
    - flags: bottom simplicial
    - normal:   -0.6239   0.7771  0.08268
    - offset: -0.02654319
    - vertices: p2378(v676) p9385(v568) p2088(v467)
    - neighboring facets: f2895 f3449 f3451
- f3449
    - flags: bottom simplicial
    - normal:   -0.6889   0.7182  0.09789
    - offset: -0.02801082
    - vertices: p2378(v676) p2088(v467) p3038(v237)
    - neighboring facets: f2342 f3452 f3448
- f3450
    - flags: top simplicial
    - normal:   -0.5358   0.8167   0.2145
    - offset: -0.02868189
    - vertices: p2378(v676) p7030(v469) p243(v349)
    - neighboring facets: f2353 f3453 f3451
- f3451
    - flags: top simplicial
    - normal:   -0.5069    0.846   0.1656
    - offset: -0.02680221
    - vertices: p2378(v676) p9385(v568) p7030(v469)
    - neighboring facets: f2897 f3450 f3448
- f3452
    - flags: bottom simplicial
    - normal:   -0.7587   0.6298   0.1666
    - offset: -0.03088569
    - vertices: p2378(v676) p3038(v237) p4153(v150)
    - neighboring facets: f1724 f3453 f3449
- f3453
    - flags: top simplicial
    - normal:   -0.7494   0.6374   0.1793
    - offset: -0.03111073
    - vertices: p2378(v676) p243(v349) p4153(v150)
    - neighboring facets: f3528 f3452 f3450
- f3458
    - flags: bottom simplicial
    - normal:   0.01355   0.9405   0.3396
    - offset: -0.02178589
    - vertices: p2978(v677) p6415(v578) p859(v353)
    - neighboring facets: f2948 f3908 f3460
- f3459
    - flags: bottom simplicial
    - normal:   0.01585   0.9191   0.3937
    - offset: -0.02333216
    - vertices: p2978(v677) p8976(v570) p4202(v44)
    - neighboring facets: f2909 f3460 f3914
- f3460
    - flags: top simplicial
    - normal:   0.02117   0.9265   0.3757
    - offset: -0.02294945
    - vertices: p2978(v677) p6415(v578) p4202(v44)
    - neighboring facets: f2952 f3459 f3458
- f3463
    - flags: bottom simplicial
    - normal:    0.1941   0.6218   0.7588
    - offset: -0.03729213
    - vertices: p679(v678) p4618(v572) p87(v474)
    - neighboring facets: f2914 f4069 f3871
- f3464
    - flags: top simplicial
    - normal:    0.4713   0.6464   0.6001
    - offset: -0.03826399
    - vertices: p6552(v679) p9751(v555) p6912(v452)
    - neighboring facets: f2828 f3867 f3466
- f3466
    - flags: bottom simplicial
    - normal:    0.4703   0.7485   0.4675
    - offset: -0.03461285
    - vertices: p6552(v679) p9751(v555) p1035(v327)
    - neighboring facets: f3314 f3467 f3464
- f3467
    - flags: top simplicial
    - normal:    0.4497   0.7628   0.4647
    - offset: -0.03415759
    - vertices: p6552(v679) p5449(v663) p1035(v327)
    - neighboring facets: f3394 f3466 f3469
- f3469
    - flags: bottom simplicial
    - normal:    0.3066   0.8211   0.4815
    - offset: -0.03185816
    - vertices: p6552(v679) p5449(v663) p9211(v473)
    - neighboring facets: f3395 f3868 f3467
- f3470
    - flags: top simplicial
    - normal:   0.07416   0.7478   0.6597
    - offset: -0.03203319
    - vertices: p9389(v680) p4618(v572) p3604(v351)
    - neighboring facets: f3502 f3506 f3866
- f3472
    - flags: top simplicial
    - normal:    0.1197   0.8419   0.5262
    - offset: -0.02924944
    - vertices: p9389(v680) p8533(v571) p9211(v473)
    - neighboring facets: f2908 f3869 f3482
- f3478
    - flags: bottom simplicial
    - normal:  0.007576   0.9006   0.4346
    - offset: -0.02431656
    - vertices: p5366(v681) p8533(v571) p8976(v570)
    - neighboring facets: f2909 f3873 f3482
- f3480
    - flags: bottom simplicial
    - normal:  0.0002949   0.8677   0.4971
    - offset: -0.02590906
    - vertices: p5366(v681) p8395(v573) p8034(v472)
    - neighboring facets: f3486 f3481 f3874
- f3481
    - flags: top simplicial
    - normal:    0.0228   0.8448   0.5346
    - offset: -0.02741824
    - vertices: p5366(v681) p9389(v680) p8034(v472)
    - neighboring facets: f3901 f3480 f3482
- f3482
    - flags: bottom simplicial
    - normal:   0.06286   0.8467   0.5283
    - offset: -0.02810542
    - vertices: p5366(v681) p9389(v680) p8533(v571)
    - neighboring facets: f3472 f3478 f3481
- f3483
    - flags: top simplicial
    - normal:  -0.008384     0.86   0.5103
    - offset: -0.02643938
    - vertices: p5820(v682) p7581(v574) p9477(v475)
    - neighboring facets: f3898 f3484 f3487
- f3484
    - flags: top simplicial
    - normal:  -0.01672    0.889   0.4576
    - offset: -0.02511246
    - vertices: p5820(v682) p9477(v475) p8074(v471)
    - neighboring facets: f2391 f3485 f3483
- f3485
    - flags: bottom simplicial
    - normal:  -0.01286   0.8887   0.4583
    - offset: -0.02505735
    - vertices: p5820(v682) p8395(v573) p8074(v471)
    - neighboring facets: f2924 f3484 f3486
- f3486
    - flags: top simplicial
    - normal:  4.359e-05   0.8588   0.5123
    - offset: -0.02633429
    - vertices: p5820(v682) p8395(v573) p8034(v472)
    - neighboring facets: f3480 f3487 f3485
- f3487
    - flags: bottom simplicial
    - normal:  2.75e-05   0.8579   0.5139
    - offset: -0.02637778
    - vertices: p5820(v682) p7581(v574) p8034(v472)
    - neighboring facets: f3900 f3486 f3483
- f3491
    - flags: bottom simplicial
    - normal:  0.0001818   0.5682   0.8229
    - offset: -0.03503066
    - vertices: p3755(v683) p6233(v476) p681(v226)
    - neighboring facets: f4309 f3492 f3875
- f3492
    - flags: top simplicial
    - normal:  0.0005312    0.586   0.8103
    - offset: -0.03467612
    - vertices: p3755(v683) p2650(v575) p681(v226)
    - neighboring facets: f3504 f3491 f3880
- f3497
    - flags: top simplicial
    - normal:   -0.2959   0.1239   0.9472
    - offset: -0.04464571
    - vertices: p6616(v684) p6908(v590) p8640(v243)
    - neighboring facets: f3962 f3882 f3498
- f3498
    - flags: bottom simplicial
    - normal:    -0.353  0.07661   0.9325
    - offset: -0.04534924
    - vertices: p6616(v684) p6908(v590) p3311(v358)
    - neighboring facets: f3920 f3595 f3497
- f3500
    - flags: bottom simplicial
    - normal:  0.0002537    0.679   0.7342
    - offset: -0.03254861
    - vertices: p6380(v685) p3169(v577) p8580(v352)
    - neighboring facets: f3927 f3501 f3894
- f3501
    - flags: top simplicial
    - normal:   0.01356   0.6524   0.7578
    - offset: -0.0334649
    - vertices: p6380(v685) p2650(v575) p8580(v352)
    - neighboring facets: f3879 f3500 f3504
- f3502
    - flags: bottom simplicial
    - normal:   0.06041   0.7169   0.6946
    - offset: -0.03270721
    - vertices: p6380(v685) p4618(v572) p3604(v351)
    - neighboring facets: f3470 f3896 f3503
- f3503
    - flags: top simplicial
    - normal:   0.08212   0.6199   0.7803
    - offset: -0.03547002
    - vertices: p6380(v685) p4618(v572) p681(v226)
    - neighboring facets: f2914 f3504 f3502
- f3504
    - flags: bottom simplicial
    - normal:   0.04584   0.6246   0.7796
    - offset: -0.03471101
    - vertices: p6380(v685) p2650(v575) p681(v226)
    - neighboring facets: f3492 f3503 f3501
- f3506
    - flags: top simplicial
    - normal:  2.949e-05   0.7813   0.6241
    - offset: -0.02945403
    - vertices: p8409(v686) p9389(v680) p3604(v351)
    - neighboring facets: f3470 f3897 f3902
- f3514
    - flags: bottom simplicial
    - normal:   -0.2912   0.7741   0.5621
    - offset: -0.03373282
    - vertices: p1969(v687) p9477(v475) p8614(v85)
    - neighboring facets: f2387 f3515 f3899
- f3515
    - flags: top simplicial
    - normal:   -0.3127   0.7534   0.5785
    - offset: -0.03458942
    - vertices: p1969(v687) p7525(v585) p8614(v85)
    - neighboring facets: f3531 f3514 f4140
- f3524
    - flags: top simplicial
    - normal:  0.0001167   0.9574   0.2889
    - offset: -0.02007987
    - vertices: p9086(v689) p8879(v480) p888(v240)
    - neighboring facets: f2971 f3525 f3526
- f3525
    - flags: bottom simplicial
    - normal:  0.0001175   0.9572   0.2894
    - offset: -0.02009487
    - vertices: p9086(v689) p1701(v580) p888(v240)
    - neighboring facets: f3904 f3524 f3527
- f3526
    - flags: bottom simplicial
    - normal:  2.646e-05   0.9574   0.2888
    - offset: -0.02008024
    - vertices: p9086(v689) p8879(v480) p4684(v356)
    - neighboring facets: f2975 f3527 f3524
- f3527
    - flags: top simplicial
    - normal:  -7.073e-05   0.9572   0.2893
    - offset: -0.02009591
    - vertices: p9086(v689) p1701(v580) p4684(v356)
    - neighboring facets: f2967 f3526 f3525
- f3528
    - flags: bottom simplicial
    - normal:   -0.7377   0.6264    0.252
    - offset: -0.03300642
    - vertices: p2273(v690) p243(v349) p4153(v150)
    - neighboring facets: f3453 f3529 f3530
- f3529
    - flags: top simplicial
    - normal:   -0.7529   0.6016   0.2668
    - offset: -0.03365442
    - vertices: p2273(v690) p4424(v584) p4153(v150)
    - neighboring facets: f3010 f3528 f3553
- f3530
    - flags: top simplicial
    - normal:   -0.5513   0.7505   0.3644
    - offset: -0.03314913
    - vertices: p2273(v690) p243(v349) p8614(v85)
    - neighboring facets: f2353 f3531 f3528
- f3531
    - flags: bottom simplicial
    - normal:   -0.5456   0.6899   0.4757
    - offset: -0.0361272
    - vertices: p2273(v690) p7525(v585) p8614(v85)
    - neighboring facets: f3515 f3530 f3554
- f3533
    - flags: bottom simplicial
    - normal:   -0.7012   0.2842   0.6538
    - offset: -0.04377766
    - vertices: p4419(v691) p4163(v586) p6446(v359)
    - neighboring facets: f2999 f3952 f3959
- f3548
    - flags: bottom simplicial
    - normal:   -0.7746   0.4253   0.4681
    - offset: -0.03955684
    - vertices: p2885(v694) p5595(v486) p1597(v485)
    - neighboring facets: f2454 f3931 f3549
- f3549
    - flags: bottom simplicial
    - normal:   -0.8089   0.4167   0.4148
    - offset: -0.03850357
    - vertices: p2885(v694) p501(v588) p5595(v486)
    - neighboring facets: f3009 f3548 f3552
- f3552
    - flags: top simplicial
    - normal:   -0.7102   0.5707   0.4122
    - offset: -0.03712553
    - vertices: p2885(v694) p501(v588) p4424(v584)
    - neighboring facets: f3010 f3553 f3549
- f3553
    - flags: bottom simplicial
    - normal:   -0.6326   0.6325    0.447
    - offset: -0.03685229
    - vertices: p2885(v694) p2273(v690) p4424(v584)
    - neighboring facets: f3529 f3552 f3554
- f3554
    - flags: top simplicial
    - normal:    -0.575   0.6661   0.4752
    - offset: -0.03663254
    - vertices: p2885(v694) p2273(v690) p7525(v585)
    - neighboring facets: f3531 f4133 f3553
- f3556
    - flags: bottom simplicial
    - normal:   -0.9755   0.1187   0.1852
    - offset: -0.03321494
    - vertices: p8901(v695) p8878(v589) p4487(v192)
    - neighboring facets: f3014 f3946 f3947
- f3559
    - flags: top simplicial
    - normal:   -0.7867   0.3204   0.5277
    - offset: -0.04142679
    - vertices: p7502(v696) p5595(v486) p6446(v359)
    - neighboring facets: f2454 f3953 f3560
- f3560
    - flags: top simplicial
    - normal:   -0.9085   0.2633   0.3244
    - offset: -0.03703579
    - vertices: p7502(v696) p8878(v589) p5595(v486)
    - neighboring facets: f3015 f3559 f3948
- f3568
    - flags: top simplicial
    - normal:   -0.3537   0.3379   0.8722
    - offset: -0.04368785
    - vertices: p267(v697) p7894(v692) p8640(v243)
    - neighboring facets: f4316 f3963 f3569
- f3569
    - flags: bottom simplicial
    - normal:   -0.3556   0.3391   0.8709
    - offset: -0.04369267
    - vertices: p267(v697) p7894(v692) p3360(v587)
    - neighboring facets: f3934 f3958 f3568
- f3571
    - flags: bottom simplicial tested
    - normal:    0.9993 -0.03742 0.001135
    - offset: -0.03570131
    - center: 0.03519656666666666 -0.01413143333333333 0.0005192966666666667 
    - vertices: p7980(v698) p6076(v153) p8510(v86)
    - neighboring facets: f732 f3572 f4426
    - ridges:
- f3572
    - flags: top simplicial tested
    - normal:    0.9992 -0.03912 0.0004889
    - offset: -0.03572329
    - center: 0.03519656666666666 -0.01418783333333334 -0.002814333333333334 
    - vertices: p7980(v698) p4441(v592) p8510(v86)
    - neighboring facets: f3032 f3571 f4439
    - ridges:
- f3573
    - flags: bottom simplicial
    - normal:    0.4692  -0.8831 2.648e-07
    - offset: -0.02947885
    - vertices: p7240(v699) p9662(v593) p4960(v109)
    - neighboring facets: f3033 f3968 f3574
- f3574
    - flags: top simplicial
    - normal:    0.4859   -0.874 3.022e-05
    - offset: -0.02992452
    - vertices: p7240(v699) p9662(v593) p3893(v492)
    - neighboring facets: f3035 f3966 f3573
- f3577
    - flags: top simplicial
    - normal:   -0.0294   0.9993   0.0222
    - offset: -0.01514402
    - vertices: p5684(v700) p8421(v594) p3605(v494)
    - neighboring facets: f3037 f3581 f3579
- f3578
    - flags: top simplicial
    - normal:  -0.02118   0.9996  0.01925
    - offset: -0.01517417
    - vertices: p5684(v700) p9012(v268) p6241(v159)
    - neighboring facets: f1314 f3579 f3580
- f3579
    - flags: bottom simplicial
    - normal:  -0.02574   0.9994  0.02095
    - offset: -0.01515594
    - vertices: p5684(v700) p8421(v594) p6241(v159)
    - neighboring facets: f3036 f3578 f3577
- f3580
    - flags: top simplicial
    - normal:  -0.03135   0.9993  0.01898
    - offset: -0.01523039
    - vertices: p5684(v700) p5730(v380) p9012(v268)
    - neighboring facets: f1889 f3578 f3581
- f3581
    - flags: top simplicial
    - normal:  -0.03625   0.9991  0.02415
    - offset: -0.01512993
    - vertices: p5684(v700) p3605(v494) p5730(v380)
    - neighboring facets: f3585 f3580 f3577
- f3582
    - flags: top simplicial
    - normal:  -0.07913   0.9967 -0.01787
    - offset: -0.01646473
    - vertices: p3815(v701) p9802(v596) p5730(v380)
    - neighboring facets: f3047 f3585 f3970
- f3585
    - flags: bottom simplicial
    - normal:  -0.03851   0.9989  0.02492
    - offset: -0.01512499
    - vertices: p3815(v701) p3605(v494) p5730(v380)
    - neighboring facets: f3581 f3582 f3974
- f3588
    - flags: top simplicial
    - normal:  -0.05333   0.9981  0.03119
    - offset: -0.0150926
    - vertices: p7782(v702) p3820(v597) p3614(v377)
    - neighboring facets: f3972 f3590 f3589
- f3589
    - flags: bottom simplicial
    - normal:   -0.0624   0.9975  0.03434
    - offset: -0.01509394
    - vertices: p7782(v702) p3820(v597) p353(v497)
    - neighboring facets: f3971 f3591 f3588
- f3590
    - flags: bottom simplicial
    - normal:  -0.06545   0.9972  0.03666
    - offset: -0.01506784
    - vertices: p7782(v702) p4799(v495) p3614(v377)
    - neighboring facets: f2499 f3588 f3591
- f3591
    - flags: bottom simplicial
    - normal:  -0.06625   0.9971  0.03696
    - offset: -0.01506743
    - vertices: p7782(v702) p353(v497) p4799(v495)
    - neighboring facets: f3046 f3590 f3589
- f3592
    - flags: top simplicial
    - normal:   -0.1669  -0.2842   0.9441
    - offset: -0.04193123
    - vertices: p5348(v703) p735(v600) p3367(v505)
    - neighboring facets: f3135 f3594 f3976
- f3593
    - flags: top simplicial
    - normal:   -0.3443  -0.1526   0.9264
    - offset: -0.04505475
    - vertices: p5348(v703) p9208(v606) p3311(v358)
    - neighboring facets: f3094 f3595 f3594
- f3594
    - flags: bottom simplicial
    - normal:   -0.3436  -0.2309   0.9103
    - offset: -0.04456579
    - vertices: p5348(v703) p9208(v606) p3367(v505)
    - neighboring facets: f3621 f3592 f3593
- f3595
    - flags: bottom simplicial
    - normal:   -0.1949 -0.07375   0.9781
    - offset: -0.04347839
    - vertices: p5348(v703) p6616(v684) p3311(v358)
    - neighboring facets: f3498 f3593 f3982
- f3600
    - flags: bottom simplicial
    - normal:  -0.0002055  -0.3447   0.9387
    - offset: -0.03828034
    - vertices: p817(v704) p3329(v602) p7411(v40)
    - neighboring facets: f3072 f3602 f3601
- f3601
    - flags: top simplicial
    - normal:  -3.069e-05  -0.3454   0.9385
    - offset: -0.03827014
    - vertices: p817(v704) p3329(v602) p2462(v503)
    - neighboring facets: f3074 f3603 f3600
- f3602
    - flags: top simplicial
    - normal:  -0.007208   -0.347   0.9378
    - offset: -0.03840412
    - vertices: p817(v704) p735(v600) p7411(v40)
    - neighboring facets: f4149 f3600 f3604
- f3603
    - flags: top simplicial
    - normal:  -0.007222  -0.4093   0.9124
    - offset: -0.03768434
    - vertices: p817(v704) p2462(v503) p6535(v394)
    - neighboring facets: f3071 f3604 f3601
- f3604
    - flags: bottom simplicial
    - normal:  -0.01074  -0.4097   0.9122
    - offset: -0.03775141
    - vertices: p817(v704) p735(v600) p6535(v394)
    - neighboring facets: f3065 f3603 f3602
- f3605
    - flags: bottom simplicial
    - normal:   -0.7017  -0.2797   0.6552
    - offset: -0.04382611
    - vertices: p6839(v705) p3388(v504) p9705(v290)
    - neighboring facets: f2541 f3606 f3607
- f3606
    - flags: top simplicial
    - normal:   -0.7147  -0.2926   0.6353
    - offset: -0.04346483
    - vertices: p6839(v705) p5637(v604) p9705(v290)
    - neighboring facets: f3610 f3605 f3607
- f3607
    - flags: bottom simplicial
    - normal:   -0.6475  -0.3568   0.6734
    - offset: -0.04346944
    - vertices: p6839(v705) p5637(v604) p3388(v504)
    - neighboring facets: f3619 f3605 f3606
- f3608
    - flags: top simplicial
    - normal:   -0.8833  -0.2559   0.3928
    - offset: -0.03863211
    - vertices: p4235(v706) p853(v517) p907(v193)
    - neighboring facets: f2607 f3609 f3613
- f3609
    - flags: bottom simplicial
    - normal:   -0.8701   -0.245   0.4276
    - offset: -0.03948954
    - vertices: p4235(v706) p9705(v290) p907(v193)
    - neighboring facets: f1422 f3608 f3610
- f3610
    - flags: bottom simplicial
    - normal:   -0.8601  -0.2535   0.4428
    - offset: -0.03983201
    - vertices: p4235(v706) p5637(v604) p9705(v290)
    - neighboring facets: f3606 f3609 f3611
- f3611
    - flags: top simplicial
    - normal:   -0.6922    -0.39   0.6073
    - offset: -0.04231557
    - vertices: p4235(v706) p5637(v604) p9460(v65)
    - neighboring facets: f3618 f3612 f3610
- f3612
    - flags: bottom simplicial
    - normal:   -0.6843  -0.4599   0.5659
    - offset: -0.0410357
    - vertices: p4235(v706) p4726(v615) p9460(v65)
    - neighboring facets: f3146 f3611 f3613
- f3613
    - flags: top simplicial
    - normal:   -0.7419  -0.4429   0.5033
    - offset: -0.04014678
    - vertices: p4235(v706) p4726(v615) p853(v517)
    - neighboring facets: f3145 f3608 f3612
- f3614
    - flags: bottom simplicial
    - normal:   -0.4004  -0.4407   0.8034
    - offset:  -0.042701
    - vertices: p8070(v707) p9640(v406) p2216(v395)
    - neighboring facets: f3136 f3615 f3616
- f3615
    - flags: top simplicial
    - normal:   -0.4622  -0.4086    0.787
    - offset: -0.04342645
    - vertices: p8070(v707) p1636(v605) p2216(v395)
    - neighboring facets: f3622 f3614 f3617
- f3616
    - flags: top simplicial
    - normal:   -0.5471  -0.4718   0.6914
    - offset: -0.04226887
    - vertices: p8070(v707) p9640(v406) p9460(v65)
    - neighboring facets: f2019 f3618 f3614
- f3617
    - flags: bottom simplicial
    - normal:   -0.5815  -0.3675   0.7258
    - offset: -0.0438272
    - vertices: p8070(v707) p1636(v605) p3388(v504)
    - neighboring facets: f3088 f3619 f3615
- f3618
    - flags: bottom simplicial
    - normal:   -0.6231  -0.3911   0.6773
    - offset: -0.04315719
    - vertices: p8070(v707) p5637(v604) p9460(v65)
    - neighboring facets: f3611 f3616 f3619
- f3619
    - flags: top simplicial
    - normal:   -0.6205  -0.3837   0.6839
    - offset: -0.04329945
    - vertices: p8070(v707) p5637(v604) p3388(v504)
    - neighboring facets: f3607 f3617 f3618
- f3620
    - flags: top simplicial
    - normal:   -0.3876  -0.3153   0.8662
    - offset: -0.04423931
    - vertices: p2550(v708) p3367(v505) p2216(v395)
    - neighboring facets: f3137 f3622 f3621
- f3621
    - flags: top simplicial
    - normal:   -0.4001  -0.2501   0.8817
    - offset: -0.04486611
    - vertices: p2550(v708) p9208(v606) p3367(v505)
    - neighboring facets: f3594 f3620 f3984
- f3622
    - flags: bottom simplicial
    - normal:   -0.4646   -0.325   0.8237
    - offset: -0.0445177
    - vertices: p2550(v708) p1636(v605) p2216(v395)
    - neighboring facets: f3615 f3620 f3623
- f3623
    - flags: top simplicial
    - normal:   -0.5333  -0.2637   0.8038
    - offset: -0.04516583
    - vertices: p2550(v708) p1636(v605) p4416(v120)
    - neighboring facets: f3088 f3983 f3622
- f3625
    - flags: top simplicial
    - normal:  0.0007558  -0.6387   0.7695
    - offset: -0.03348815
    - vertices: p4136(v709) p7503(v607) p1189(v187)
    - neighboring facets: f3096 f3627 f3626
- f3626
    - flags: bottom simplicial
    - normal:   0.00446  -0.6308   0.7759
    - offset: -0.03375454
    - vertices: p4136(v709) p7503(v607) p941(v396)
    - neighboring facets: f3097 f3628 f3625
- f3627
    - flags: bottom simplicial
    - normal:  -0.0004499  -0.6152   0.7884
    - offset: -0.03402766
    - vertices: p4136(v709) p1517(v282) p1189(v187)
    - neighboring facets: f2596 f3625 f3628
- f3628
    - flags: bottom simplicial
    - normal:  -0.0004661  -0.5749   0.8182
    - offset: -0.03489391
    - vertices: p4136(v709) p941(v396) p1517(v282)
    - neighboring facets: f2561 f3627 f3626
- f3629
    - flags: bottom simplicial
    - normal:  0.0001491   -0.512    0.859
    - offset: -0.03604417
    - vertices: p4111(v710) p1962(v508) p941(v396)
    - neighboring facets: f2561 f3631 f3630
- f3630
    - flags: bottom simplicial
    - normal:  0.0001125  -0.5089   0.8609
    - offset: -0.03609598
    - vertices: p4111(v710) p4830(v610) p1962(v508)
    - neighboring facets: f3113 f3629 f3632
- f3631
    - flags: top simplicial
    - normal:  0.005167  -0.5047   0.8633
    - offset: -0.03626023
    - vertices: p4111(v710) p4891(v507) p941(v396)
    - neighboring facets: f3104 f3629 f3632
- f3632
    - flags: top simplicial
    - normal:  0.003445  -0.4997   0.8662
    - offset: -0.03631015
    - vertices: p4111(v710) p4830(v610) p4891(v507)
    - neighboring facets: f3114 f3631 f3630
- f3637
    - flags: top simplicial
    - normal:   -0.8723   0.1173  -0.4748
    - offset: -0.02852608
    - vertices: p6760(v711) p1687(v622) p1575(v51)
    - neighboring facets: f3174 f3651 f3638
- f3638
    - flags: bottom simplicial
    - normal:   -0.8511  0.03968  -0.5234
    - offset: -0.02775041
    - vertices: p6760(v711) p1687(v622) p26(v420)
    - neighboring facets: f4006 f3991 f3637
- f3640
    - flags: top simplicial
    - normal:   -0.8855   0.0102  -0.4645
    - offset: -0.02761156
    - vertices: p1998(v712) p7487(v617) p7701(v519)
    - neighboring facets: f3647 f3642 f3993
- f3641
    - flags: bottom simplicial
    - normal:   -0.8709 0.003275  -0.4914
    - offset: -0.02753558
    - vertices: p1998(v712) p60(v418) p2042(v126)
    - neighboring facets: f2639 f3642 f3992
- f3642
    - flags: top simplicial
    - normal:   -0.8715  0.00298  -0.4904
    - offset: -0.02753841
    - vertices: p1998(v712) p7701(v519) p2042(v126)
    - neighboring facets: f2616 f3641 f3640
- f3643
    - flags: top simplicial
    - normal:   -0.9036  0.01072  -0.4281
    - offset: -0.02769973
    - vertices: p8731(v713) p4923(v304) p9559(v13)
    - neighboring facets: f1495 f3648 f3649
- f3646
    - flags: bottom simplicial
    - normal:   -0.8883  0.01028  -0.4591
    - offset: -0.02762436
    - vertices: p6590(v714) p7701(v519) p9559(v13)
    - neighboring facets: f2618 f3648 f3647
- f3647
    - flags: bottom simplicial
    - normal:   -0.8869  0.01035  -0.4619
    - offset: -0.02761783
    - vertices: p6590(v714) p7487(v617) p7701(v519)
    - neighboring facets: f3640 f3646 f3652
- f3648
    - flags: top simplicial
    - normal:   -0.8943  0.01117  -0.4473
    - offset: -0.02765867
    - vertices: p6590(v714) p8731(v713) p9559(v13)
    - neighboring facets: f3643 f3646 f3649
- f3649
    - flags: bottom simplicial
    - normal:   -0.8965  0.01162  -0.4429
    - offset: -0.02767115
    - vertices: p6590(v714) p8731(v713) p4923(v304)
    - neighboring facets: f3643 f3650 f3648
- f3650
    - flags: bottom simplicial
    - normal:   -0.9008  0.01961  -0.4337
    - offset: -0.02775418
    - vertices: p6590(v714) p4923(v304) p1575(v51)
    - neighboring facets: f1498 f3651 f3649
- f3651
    - flags: top simplicial
    - normal:   -0.8875   0.0321  -0.4596
    - offset: -0.02780238
    - vertices: p6590(v714) p6760(v711) p1575(v51)
    - neighboring facets: f3637 f3650 f3652
- f3652
    - flags: bottom simplicial
    - normal:   -0.8852  0.02795  -0.4644
    - offset: -0.02775684
    - vertices: p6590(v714) p6760(v711) p7487(v617)
    - neighboring facets: f3995 f3647 f3651
- f3653
    - flags: top simplicial
    - normal:   -0.8112 0.008373  -0.5847
    - offset: -0.0272651
    - vertices: p1276(v715) p5245(v534) p959(v525)
    - neighboring facets: f3734 f3654 f4002
- f3654
    - flags: bottom simplicial
    - normal:    -0.813 0.009088  -0.5822
    - offset: -0.02727756
    - vertices: p1276(v715) p1687(v622) p959(v525)
    - neighboring facets: f3737 f3653 f3655
- f3655
    - flags: top simplicial
    - normal:    -0.821 0.008484  -0.5709
    - offset: -0.02730547
    - vertices: p1276(v715) p1687(v622) p1885(v621)
    - neighboring facets: f4003 f4000 f3654
- f3658
    - flags: bottom simplicial
    - normal:   -0.8571 0.009288  -0.5151
    - offset: -0.0274737
    - vertices: p5758(v716) p5972(v623) p26(v420)
    - neighboring facets: f3990 f3659 f3997
- f3659
    - flags: bottom simplicial
    - normal:   -0.8495 0.008895  -0.5276
    - offset: -0.02744058
    - vertices: p5758(v716) p26(v420) p5535(v205)
    - neighboring facets: f4005 f3660 f3658
- f3660
    - flags: top simplicial
    - normal:   -0.8527 0.008596  -0.5223
    - offset:  -0.027452
    - vertices: p5758(v716) p642(v526) p5535(v205)
    - neighboring facets: f2652 f3659 f3999
- f3663
    - flags: bottom simplicial
    - normal:   -0.6816 -0.004468  -0.7317
    - offset: -0.02677011
    - vertices: p3721(v717) p2155(v536) p5079(v528)
    - neighboring facets: f3666 f3664 f3665
- f3664
    - flags: top simplicial
    - normal:   -0.6647 -0.002961  -0.7471
    - offset: -0.02671489
    - vertices: p3721(v717) p6504(v624) p5079(v528)
    - neighboring facets: f3182 f3663 f3665
- f3665
    - flags: bottom simplicial
    - normal:   -0.6695 -0.005422  -0.7428
    - offset: -0.02674914
    - vertices: p3721(v717) p6504(v624) p2155(v536)
    - neighboring facets: f3183 f3663 f3664
- f3666
    - flags: top simplicial
    - normal:   -0.6835 -0.004459    -0.73
    - offset: -0.02677452
    - vertices: p3380(v718) p2155(v536) p5079(v528)
    - neighboring facets: f3663 f3667 f3668
- f3667
    - flags: bottom simplicial
    - normal:    -0.684 -0.004444  -0.7295
    - offset: -0.02677569
    - vertices: p3380(v718) p5189(v625) p5079(v528)
    - neighboring facets: f3186 f3666 f3669
- f3668
    - flags: bottom simplicial
    - normal:   -0.6907 -0.005843  -0.7231
    - offset: -0.02680896
    - vertices: p3380(v718) p2155(v536) p1544(v430)
    - neighboring facets: f2716 f3669 f3666
- f3669
    - flags: top simplicial
    - normal:   -0.6912 -0.004864  -0.7226
    - offset: -0.02679807
    - vertices: p3380(v718) p5189(v625) p1544(v430)
    - neighboring facets: f3187 f3668 f3667
- f3670
    - flags: bottom simplicial
    - normal:   -0.6417   0.5716  -0.5113
    - offset: -0.02959498
    - vertices: p3411(v719) p8911(v626) p7280(v529)
    - neighboring facets: f3193 f3672 f4164
- f3671
    - flags: bottom simplicial
    - normal:   -0.5988   0.5997  -0.5309
    - offset: -0.0295069
    - vertices: p3411(v719) p671(v627) p5716(v423)
    - neighboring facets: f3198 f3674 f3672
- f3672
    - flags: top simplicial
    - normal:   -0.5975   0.6259  -0.5012
    - offset: -0.02929259
    - vertices: p3411(v719) p671(v627) p7280(v529)
    - neighboring facets: f3202 f3670 f3671
- f3674
    - flags: top simplicial
    - normal:   -0.6702  0.04954  -0.7405
    - offset: -0.02727414
    - vertices: p3411(v719) p1204(v531) p5716(v423)
    - neighboring facets: f2686 f3671 f3675
- f3675
    - flags: top simplicial
    - normal:   -0.6725  0.03337  -0.7393
    - offset: -0.02707723
    - vertices: p3411(v719) p4179(v631) p1204(v531)
    - neighboring facets: f3695 f3674 f4165
- f3688
    - flags: bottom simplicial
    - normal:   -0.6295 0.004682   -0.777
    - offset: -0.0266516
    - vertices: p8178(v722) p1788(v629) p1204(v531)
    - neighboring facets: f3694 f3690 f3693
- f3689
    - flags: bottom simplicial
    - normal:   -0.6185 0.004868  -0.7858
    - offset: -0.02662884
    - vertices: p8178(v722) p6691(v425) p8452(v307)
    - neighboring facets: f2752 f3691 f3690
- f3690
    - flags: bottom simplicial
    - normal:   -0.6194 0.005259  -0.7851
    - offset: -0.02663387
    - vertices: p8178(v722) p1204(v531) p6691(v425)
    - neighboring facets: f2687 f3689 f3688
- f3691
    - flags: top simplicial
    - normal:   -0.6217 0.0007029  -0.7832
    - offset: -0.02660459
    - vertices: p8178(v722) p9860(v426) p8452(v307)
    - neighboring facets: f3289 f3689 f3692
- f3692
    - flags: bottom simplicial
    - normal:   -0.6316 0.0002625  -0.7753
    - offset: -0.02662178
    - vertices: p8178(v722) p9860(v426) p7620(v206)
    - neighboring facets: f2133 f3693 f3691
- f3693
    - flags: top simplicial
    - normal:   -0.6324 0.0003214  -0.7746
    - offset: -0.02662367
    - vertices: p8178(v722) p1788(v629) p7620(v206)
    - neighboring facets: f4027 f3692 f3688
- f3694
    - flags: top simplicial
    - normal:   -0.6362 0.004661  -0.7715
    - offset: -0.02666555
    - vertices: p7903(v723) p1788(v629) p1204(v531)
    - neighboring facets: f3688 f3695 f4028
- f3695
    - flags: bottom simplicial
    - normal:   -0.6565 0.007191  -0.7543
    - offset: -0.02673056
    - vertices: p7903(v723) p4179(v631) p1204(v531)
    - neighboring facets: f3675 f3694 f4026
- f3702
    - flags: bottom simplicial
    - normal:   -0.7527 -0.01173  -0.6583
    - offset: -0.02707255
    - vertices: p9803(v724) p7697(v632) p6776(v532)
    - neighboring facets: f3229 f3731 f4034
- f3703
    - flags: top simplicial
    - normal:   -0.7204 -0.006927  -0.6936
    - offset: -0.02690368
    - vertices: p3013(v725) p5169(v533) p8438(v127)
    - neighboring facets: f3231 f3704 f3716
- f3704
    - flags: bottom simplicial
    - normal:   -0.7139 -0.00583  -0.7003
    - offset: -0.02687377
    - vertices: p3013(v725) p8336(v633) p8438(v127)
    - neighboring facets: f3233 f3703 f3712
- f3709
    - flags: top simplicial
    - normal:   -0.7097 -0.004684  -0.7044
    - offset: -0.02685268
    - vertices: p3890(v726) p8336(v633) p719(v527)
    - neighboring facets: f3234 f4159 f3712
- f3711
    - flags: top simplicial
    - normal:   -0.7128 0.0003462  -0.7013
    - offset: -0.02684906
    - vertices: p3890(v726) p7499(v720) p7760(v628)
    - neighboring facets: f4171 f4190 f4160
- f3712
    - flags: top simplicial
    - normal:   -0.7141 -0.005773  -0.7001
    - offset: -0.02687404
    - vertices: p3890(v726) p3013(v725) p8336(v633)
    - neighboring facets: f3704 f3709 f3716
- f3716
    - flags: bottom simplicial
    - normal:   -0.7227 -0.006887  -0.6911
    - offset: -0.02691077
    - vertices: p3890(v726) p3013(v725) p5169(v533)
    - neighboring facets: f3703 f4274 f3712
- f3718
    - flags: bottom simplicial
    - normal:   -0.8043 -0.006231  -0.5942
    - offset: -0.02722315
    - vertices: p9566(v727) p2588(v634) p5245(v534)
    - neighboring facets: f4001 f3720 f4038
- f3719
    - flags: bottom simplicial
    - normal:   -0.7984 -0.006898  -0.6021
    - offset: -0.02720036
    - vertices: p9566(v727) p9649(v635) p4428(v77)
    - neighboring facets: f3253 f4037 f3720
- f3720
    - flags: top simplicial
    - normal:      -0.8 -0.006088     -0.6
    - offset: -0.02720397
    - vertices: p9566(v727) p9649(v635) p5245(v534)
    - neighboring facets: f3742 f3718 f3719
- f3721
    - flags: top simplicial
    - normal:   -0.8355 -0.008812  -0.5494
    - offset: -0.02737912
    - vertices: p8817(v728) p9227(v620) p5921(v35)
    - neighboring facets: f3164 f3722 f3723
- f3722
    - flags: bottom simplicial
    - normal:   -0.8269 -0.008627  -0.5623
    - offset: -0.02733902
    - vertices: p8817(v728) p2588(v634) p5921(v35)
    - neighboring facets: f3244 f3721 f4008
- f3723
    - flags: bottom simplicial
    - normal:   -0.8362 -0.008813  -0.5484
    - offset: -0.02738176
    - vertices: p8817(v728) p9227(v620) p568(v419)
    - neighboring facets: f3164 f3724 f3721
- f3724
    - flags: bottom simplicial
    - normal:   -0.8388 -0.008736  -0.5444
    - offset: -0.02739227
    - vertices: p8817(v728) p568(v419) p8922(v302)
    - neighboring facets: f2084 f3725 f3723
- f3725
    - flags: top simplicial
    - normal:   -0.8493 -0.007055  -0.5278
    - offset: -0.02742627
    - vertices: p8817(v728) p8329(v619) p8922(v302)
    - neighboring facets: f3162 f3724 f3726
- f3726
    - flags: bottom simplicial
    - normal:   -0.8493  -0.0069  -0.5279
    - offset: -0.02742582
    - vertices: p8817(v728) p8329(v619) p1638(v523)
    - neighboring facets: f3162 f3727 f3725
- f3727
    - flags: bottom simplicial
    - normal:    -0.848 -0.004417    -0.53
    - offset: -0.02741638
    - vertices: p8817(v728) p1638(v523) p60(v418)
    - neighboring facets: f2639 f4007 f3726
- f3729
    - flags: top simplicial
    - normal:   -0.7731 -0.00672  -0.6342
    - offset: -0.02709861
    - vertices: p2855(v729) p9649(v635) p6776(v532)
    - neighboring facets: f3253 f3731 f3744
- f3730
    - flags: top simplicial
    - normal:   -0.7604 -0.006748  -0.6494
    - offset: -0.02704933
    - vertices: p2855(v729) p9803(v724) p9743(v424)
    - neighboring facets: f4033 f3745 f3731
- f3731
    - flags: bottom simplicial
    - normal:   -0.7609 -0.006792  -0.6488
    - offset: -0.02705178
    - vertices: p2855(v729) p9803(v724) p6776(v532)
    - neighboring facets: f3702 f3729 f3730
- f3734
    - flags: bottom simplicial
    - normal:    -0.799 0.007831  -0.6013
    - offset: -0.02721235
    - vertices: p5082(v730) p5245(v534) p959(v525)
    - neighboring facets: f3653 f3738 f4048
- f3737
    - flags: top simplicial
    - normal:   -0.8022  0.01342  -0.5969
    - offset: -0.02727466
    - vertices: p7770(v731) p1687(v622) p959(v525)
    - neighboring facets: f3654 f3738 f3740
- f3738
    - flags: bottom simplicial
    - normal:   -0.7936  0.00788  -0.6084
    - offset: -0.02718824
    - vertices: p7770(v731) p5082(v730) p959(v525)
    - neighboring facets: f3734 f3737 f4045
- f3740
    - flags: bottom simplicial
    - normal:   -0.7972  0.01911  -0.6034
    - offset: -0.02731379
    - vertices: p7770(v731) p1687(v622) p4157(v305)
    - neighboring facets: f3196 f3741 f3737
- f3741
    - flags: top simplicial
    - normal:   -0.7877  0.01366  -0.6159
    - offset: -0.02722234
    - vertices: p7770(v731) p493(v636) p4157(v305)
    - neighboring facets: f4201 f3740 f4044
- f3742
    - flags: bottom simplicial
    - normal:   -0.7804 0.004345  -0.6253
    - offset: -0.02711092
    - vertices: p9994(v732) p9649(v635) p5245(v534)
    - neighboring facets: f3720 f4046 f3744
- f3744
    - flags: bottom simplicial
    - normal:   -0.7674 0.0002445  -0.6411
    - offset: -0.02705763
    - vertices: p9994(v732) p2855(v729) p9649(v635)
    - neighboring facets: f3729 f3742 f3745
- f3745
    - flags: top simplicial
    - normal:   -0.7574 -0.0001915  -0.6529
    - offset: -0.02701765
    - vertices: p9994(v732) p2855(v729) p9743(v424)
    - neighboring facets: f3730 f4052 f3744
- f3751
    - flags: top simplicial
    - normal:   -0.5023   -0.625  -0.5976
    - offset: -0.02948449
    - vertices: p2417(v733) p2956(v541) p5197(v213)
    - neighboring facets: f2745 f3753 f3752
- f3752
    - flags: top simplicial
    - normal:   -0.5251  -0.5187  -0.6747
    - offset: -0.02992061
    - vertices: p2417(v733) p8915(v639) p2956(v541)
    - neighboring facets: f3758 f3751 f3756
- f3753
    - flags: bottom simplicial
    - normal:   -0.4321   -0.772  -0.4662
    - offset: -0.02780084
    - vertices: p2417(v733) p4011(v310) p5197(v213)
    - neighboring facets: f1530 f3751 f3754
- f3754
    - flags: bottom simplicial
    - normal:   -0.3937  -0.7551  -0.5243
    - offset: -0.0283038
    - vertices: p2417(v733) p9723(v433) p4011(v310)
    - neighboring facets: f2174 f3753 f3755
- f3755
    - flags: top simplicial
    - normal:   -0.4279  -0.6893  -0.5846
    - offset: -0.02913011
    - vertices: p2417(v733) p9723(v433) p4122(v129)
    - neighboring facets: f2174 f3756 f3754
- f3756
    - flags: bottom simplicial
    - normal:   -0.4713   -0.587  -0.6583
    - offset: -0.02983306
    - vertices: p2417(v733) p8915(v639) p4122(v129)
    - neighboring facets: f3275 f3755 f3752
- f3757
    - flags: top simplicial
    - normal:   -0.5726  -0.2373  -0.7848
    - offset: -0.02903588
    - vertices: p9958(v734) p8915(v639) p1010(v319)
    - neighboring facets: f3280 f3759 f3758
- f3758
    - flags: bottom simplicial
    - normal:    -0.554  -0.4075   -0.726
    - offset: -0.02988216
    - vertices: p9958(v734) p8915(v639) p2956(v541)
    - neighboring facets: f3752 f3761 f3757
- f3759
    - flags: top simplicial
    - normal:   -0.5956 -0.02607  -0.8029
    - offset: -0.02688096
    - vertices: p9958(v734) p1010(v319) p2943(v318)
    - neighboring facets: f3295 f3760 f3757
- f3760
    - flags: top simplicial
    - normal:   -0.6018 -0.01629  -0.7985
    - offset: -0.02676566
    - vertices: p9958(v734) p2943(v318) p5345(v128)
    - neighboring facets: f3772 f3762 f3759
- f3761
    - flags: bottom simplicial
    - normal:   -0.6584  -0.2806  -0.6984
    - offset: -0.02938873
    - vertices: p9958(v734) p2956(v541) p2155(v536)
    - neighboring facets: f2743 f3763 f3758
- f3762
    - flags: bottom simplicial
    - normal:   -0.6191 -0.008618  -0.7853
    - offset: -0.02669428
    - vertices: p9958(v734) p2795(v535) p5345(v128)
    - neighboring facets: f3770 f3760 f3765
- f3763
    - flags: bottom simplicial
    - normal:   -0.6503 -0.01625  -0.7595
    - offset: -0.02682387
    - vertices: p9958(v734) p2155(v536) p6144(v308)
    - neighboring facets: f3183 f3764 f3761
- f3764
    - flags: top simplicial
    - normal:   -0.6456 -0.008917  -0.7636
    - offset: -0.02672368
    - vertices: p9958(v734) p5168(v428) p6144(v308)
    - neighboring facets: f2131 f3763 f3765
- f3765
    - flags: top simplicial
    - normal:   -0.6359 -0.006543  -0.7718
    - offset: -0.02668562
    - vertices: p9958(v734) p2795(v535) p5168(v428)
    - neighboring facets: f3267 f3764 f3762
- f3766
    - flags: top simplicial
    - normal:   -0.6018 -4.458e-05  -0.7987
    - offset: -0.02657291
    - vertices: p2318(v735) p9100(v544) p8779(v543)
    - neighboring facets: f2759 f3767 f3768
- f3767
    - flags: bottom simplicial
    - normal:   -0.6043 2.655e-05  -0.7967
    - offset: -0.02657639
    - vertices: p2318(v735) p1223(v642) p8779(v543)
    - neighboring facets: f3290 f3766 f3771
- f3768
    - flags: top simplicial
    - normal:   -0.5995 -0.002097  -0.8004
    - offset: -0.02658891
    - vertices: p2318(v735) p8294(v644) p9100(v544)
    - neighboring facets: f3300 f3766 f3769
- f3769
    - flags: bottom simplicial
    - normal:   -0.6006 -0.002704  -0.7995
    - offset: -0.02659684
    - vertices: p2318(v735) p8294(v644) p5345(v128)
    - neighboring facets: f3773 f3770 f3768
- f3770
    - flags: top simplicial
    - normal:   -0.6139 -0.002878  -0.7894
    - offset: -0.02661786
    - vertices: p2318(v735) p2795(v535) p5345(v128)
    - neighboring facets: f3762 f3769 f3771
- f3771
    - flags: top simplicial
    - normal:   -0.6151 -0.002695  -0.7884
    - offset: -0.02661757
    - vertices: p2318(v735) p1223(v642) p2795(v535)
    - neighboring facets: f3294 f3770 f3767
- f3772
    - flags: bottom simplicial
    - normal:   -0.5968 -0.004161  -0.8024
    - offset: -0.02660824
    - vertices: p9970(v736) p2943(v318) p5345(v128)
    - neighboring facets: f3760 f3773 f3774
- f3773
    - flags: top simplicial
    - normal:    -0.598 -0.003616  -0.8015
    - offset: -0.02660359
    - vertices: p9970(v736) p8294(v644) p5345(v128)
    - neighboring facets: f3769 f3772 f3774
- f3774
    - flags: bottom simplicial
    - normal:   -0.5966 -0.003999  -0.8026
    - offset: -0.02660591
    - vertices: p9970(v736) p8294(v644) p2943(v318)
    - neighboring facets: f3300 f3772 f3773
- f3775
    - flags: bottom simplicial
    - normal:   -0.5752 -0.0008725   -0.818
    - offset: -0.02656007
    - vertices: p4463(v737) p7276(v643) p9100(v544)
    - neighboring facets: f3296 f3776 f3779
- f3776
    - flags: top simplicial
    - normal:    -0.575 -0.0008044  -0.8181
    - offset: -0.02655929
    - vertices: p4463(v737) p7148(v645) p9100(v544)
    - neighboring facets: f3303 f3775 f3777
- f3777
    - flags: bottom simplicial
    - normal:   -0.5716 -0.001709  -0.8205
    - offset: -0.02656999
    - vertices: p4463(v737) p7148(v645) p3900(v261)
    - neighboring facets: f3308 f3778 f3776
- f3778
    - flags: top simplicial
    - normal:   -0.5717 -0.002588  -0.8204
    - offset: -0.02658023
    - vertices: p4463(v737) p1010(v319) p3900(v261)
    - neighboring facets: f3282 f3777 f3779
- f3779
    - flags: top simplicial
    - normal:   -0.5744 -0.002657  -0.8185
    - offset: -0.02658093
    - vertices: p4463(v737) p7276(v643) p1010(v319)
    - neighboring facets: f3295 f3778 f3775
- f3780
    - flags: bottom simplicial
    - normal:    0.8065    0.125   0.5779
    - offset: -0.0431174
    - vertices: p9088(v738) p4239(v651) p7202(v549)
    - neighboring facets: f3334 f3786 f4062
- f3786
    - flags: top simplicial
    - normal:    0.7855   0.2362    0.572
    - offset: -0.04263367
    - vertices: p9088(v738) p7791(v652) p7202(v549)
    - neighboring facets: f3338 f3780 f4212
- f3789
    - flags: top simplicial
    - normal:    0.5523  -0.1152   0.8256
    - offset: -0.04611791
    - vertices: p4191(v739) p3711(v330) p277(v142)
    - neighboring facets: f1633 f4074 f3790
- f3790
    - flags: bottom simplicial
    - normal:    0.5289 -0.03082   0.8481
    - offset: -0.04632563
    - vertices: p4191(v739) p3711(v330) p6779(v225)
    - neighboring facets: f2255 f3791 f3789
- f3791
    - flags: top simplicial
    - normal:    0.5023 -0.01162   0.8646
    - offset: -0.04630051
    - vertices: p4191(v739) p7453(v656) p6779(v225)
    - neighboring facets: f3358 f3790 f4077
- f3794
    - flags: bottom simplicial
    - normal:    0.2797  -0.1108   0.9537
    - offset: -0.04456932
    - vertices: p9826(v740) p6190(v655) p425(v551)
    - neighboring facets: f3354 f3795 f4257
- f3795
    - flags: top simplicial
    - normal:    0.3413 -0.05945   0.9381
    - offset: -0.04536061
    - vertices: p9826(v740) p7453(v656) p425(v551)
    - neighboring facets: f4076 f3794 f3796
- f3796
    - flags: bottom simplicial
    - normal:    0.3101 0.008788   0.9507
    - offset: -0.04509312
    - vertices: p9826(v740) p7453(v656) p4829(v450)
    - neighboring facets: f3358 f4340 f3795
- f3800
    - flags: top simplicial
    - normal:    0.2454   0.4402   0.8637
    - offset: -0.04134978
    - vertices: p5736(v741) p3192(v657) p2184(v332)
    - neighboring facets: f3365 f3802 f3801
- f3801
    - flags: bottom simplicial
    - normal:    0.1385   0.4837   0.8642
    - offset: -0.03908531
    - vertices: p5736(v741) p3192(v657) p1383(v552)
    - neighboring facets: f3368 f3840 f3800
- f3802
    - flags: bottom simplicial
    - normal:     0.333   0.3607   0.8712
    - offset: -0.04330904
    - vertices: p5736(v741) p9185(v659) p2184(v332)
    - neighboring facets: f3378 f3800 f3841
- f3805
    - flags: bottom simplicial
    - normal:    0.4674   0.4543   0.7584
    - offset: -0.04269001
    - vertices: p19(v742) p3192(v657) p2864(v653)
    - neighboring facets: f3365 f4071 f3807
- f3806
    - flags: bottom simplicial
    - normal:    0.1086   0.5749    0.811
    - offset: -0.03689564
    - vertices: p19(v742) p87(v474) p681(v226)
    - neighboring facets: f2914 f3807 f4070
- f3807
    - flags: top simplicial
    - normal:    0.1088   0.5598   0.8215
    - offset: -0.03720001
    - vertices: p19(v742) p3192(v657) p681(v226)
    - neighboring facets: f3368 f3806 f3805
- f3808
    - flags: bottom simplicial
    - normal:   0.06566   0.4879   0.8705
    - offset: -0.03768741
    - vertices: p2948(v743) p1383(v552) p681(v226)
    - neighboring facets: f3368 f3809 f3827
- f3809
    - flags: top simplicial
    - normal:   0.02483    0.475   0.8797
    - offset: -0.0370962
    - vertices: p2948(v743) p2079(v658) p681(v226)
    - neighboring facets: f4384 f3808 f4087
- f3825
    - flags: bottom simplicial
    - normal:    0.1264    0.261    0.957
    - offset: -0.04143726
    - vertices: p6745(v746) p9078(v661) p1383(v552)
    - neighboring facets: f3839 f3827 f4102
- f3826
    - flags: bottom simplicial
    - normal:   0.03685   0.3021   0.9526
    - offset: -0.03941701
    - vertices: p6745(v746) p2948(v743) p933(v451)
    - neighboring facets: f4234 f4246 f3827
- f3827
    - flags: top simplicial
    - normal:   0.04918   0.3018   0.9521
    - offset: -0.03966726
    - vertices: p6745(v746) p2948(v743) p1383(v552)
    - neighboring facets: f3808 f3825 f3826
- f3835
    - flags: bottom simplicial
    - normal:  0.0001141   0.2073   0.9783
    - offset: -0.03938305
    - vertices: p2571(v748) p6745(v746) p9672(v576)
    - neighboring facets: f4244 f4115 f4103
- f3839
    - flags: top simplicial
    - normal:    0.2136   0.2442   0.9459
    - offset: -0.04291711
    - vertices: p4201(v749) p9078(v661) p1383(v552)
    - neighboring facets: f3825 f3840 f4108
- f3840
    - flags: bottom simplicial
    - normal:    0.2464   0.2449   0.9377
    - offset: -0.04334799
    - vertices: p4201(v749) p5736(v741) p1383(v552)
    - neighboring facets: f3801 f3839 f3841
- f3841
    - flags: top simplicial
    - normal:    0.2507   0.2444   0.9367
    - offset: -0.04340563
    - vertices: p4201(v749) p5736(v741) p9185(v659)
    - neighboring facets: f3802 f3843 f3840
- f3842
    - flags: top simplicial
    - normal:    0.3659   0.1803    0.913
    - offset: -0.04503825
    - vertices: p4201(v749) p6775(v550) p4829(v450)
    - neighboring facets: f4207 f4341 f3843
- f3843
    - flags: top simplicial
    - normal:    0.3639    0.185   0.9129
    - offset: -0.04499234
    - vertices: p4201(v749) p9185(v659) p6775(v550)
    - neighboring facets: f4058 f3842 f3841
- f3849
    - flags: bottom simplicial
    - normal:    0.3701    0.929 9.75e-06
    - offset: -0.02672352
    - vertices: p6977(v750) p5744(v667) p566(v93)
    - neighboring facets: f3414 f3855 f3853
- f3851
    - flags: bottom simplicial
    - normal:     0.419    0.908 -5.643e-06
    - offset: -0.02810645
    - vertices: p7330(v751) p2522(v565) p5008(v465)
    - neighboring facets: f3861 f3852 f3854
- f3852
    - flags: top simplicial
    - normal:    0.4037   0.9149 -6.801e-05
    - offset: -0.02768006
    - vertices: p7330(v751) p5744(v667) p5008(v465)
    - neighboring facets: f3864 f3851 f3853
- f3853
    - flags: top simplicial
    - normal:    0.3854   0.9227 -5.742e-06
    - offset: -0.02716145
    - vertices: p7330(v751) p6977(v750) p5744(v667)
    - neighboring facets: f3849 f3852 f3855
- f3854
    - flags: top simplicial
    - normal:    0.3943    0.919 8.772e-05
    - offset: -0.02741248
    - vertices: p7330(v751) p2522(v565) p566(v93)
    - neighboring facets: f3441 f3855 f3851
- f3855
    - flags: bottom simplicial
    - normal:    0.3831   0.9237 3.324e-05
    - offset: -0.02709439
    - vertices: p7330(v751) p6977(v750) p566(v93)
    - neighboring facets: f3849 f3854 f3853
- f3856
    - flags: top simplicial
    - normal:    0.9926   0.1213 -6.179e-05
    - offset: -0.03666873
    - vertices: p436(v752) p502(v669) p9180(v560)
    - neighboring facets: f3420 f3858 f3860
- f3857
    - flags: top simplicial
    - normal:    0.9659   0.2591 -0.0002742
    - offset: -0.03770452
    - vertices: p436(v752) p6626(v462) p1331(v342)
    - neighboring facets: f2324 f3859 f3858
- f3858
    - flags: top simplicial
    - normal:     0.982    0.189 0.0001101
    - offset: -0.03726151
    - vertices: p436(v752) p9180(v560) p6626(v462)
    - neighboring facets: f2861 f3857 f3856
- f3859
    - flags: bottom simplicial
    - normal:    0.9751   0.2219 -0.001879
    - offset: -0.03752258
    - vertices: p436(v752) p7432(v461) p1331(v342)
    - neighboring facets: f2853 f3857 f3860
- f3860
    - flags: bottom simplicial
    - normal:    0.9908   0.1355 -0.0007838
    - offset: -0.03681945
    - vertices: p436(v752) p502(v669) p7432(v461)
    - neighboring facets: f3419 f3859 f3856
- f3861
    - flags: top simplicial
    - normal:    0.5057   0.8627 0.0001406
    - offset: -0.03044037
    - vertices: p876(v753) p2522(v565) p5008(v465)
    - neighboring facets: f3851 f3864 f3862
- f3862
    - flags: top simplicial
    - normal:    0.5163   0.8564 0.0002459
    - offset: -0.03071318
    - vertices: p876(v753) p4237(v673) p2522(v565)
    - neighboring facets: f3441 f3861 f4114
- f3864
    - flags: bottom simplicial
    - normal:    0.4644   0.8856 -0.0005932
    - offset: -0.02936087
    - vertices: p876(v753) p5744(v667) p5008(v465)
    - neighboring facets: f3852 f3861 f3865
- f3865
    - flags: top simplicial
    - normal:    0.4644   0.8856 -0.001092
    - offset: -0.02937426
    - vertices: p876(v753) p5744(v667) p1134(v559)
    - neighboring facets: f3409 f4113 f3864
- f3866
    - flags: bottom simplicial
    - normal:    0.1279   0.7669   0.6289
    - offset: -0.03232688
    - vertices: p6589(v754) p9389(v680) p4618(v572)
    - neighboring facets: f3470 f3871 f3869
- f3867
    - flags: top simplicial
    - normal:    0.4467   0.6486   0.6163
    - offset: -0.03825676
    - vertices: p6589(v754) p6552(v679) p6912(v452)
    - neighboring facets: f3464 f3870 f3868
- f3868
    - flags: bottom simplicial
    - normal:    0.1976   0.8127   0.5482
    - offset: -0.03147676
    - vertices: p6589(v754) p6552(v679) p9211(v473)
    - neighboring facets: f3469 f3869 f3867
- f3869
    - flags: top simplicial
    - normal:    0.1955   0.8129   0.5486
    - offset: -0.03144252
    - vertices: p6589(v754) p9389(v680) p9211(v473)
    - neighboring facets: f3472 f3868 f3866
- f3870
    - flags: bottom simplicial
    - normal:    0.4211   0.6375   0.6452
    - offset: -0.0385936
    - vertices: p6589(v754) p679(v678) p6912(v452)
    - neighboring facets: f4307 f3867 f3871
- f3871
    - flags: top simplicial
    - normal:    0.3556   0.6436   0.6778
    - offset: -0.03828388
    - vertices: p6589(v754) p679(v678) p4618(v572)
    - neighboring facets: f3463 f3866 f3870
- f3872
    - flags: top simplicial
    - normal:  -4.022e-06   0.8906   0.4548
    - offset:  -0.024724
    - vertices: p4347(v755) p8395(v573) p8976(v570)
    - neighboring facets: f2926 f3873 f3874
- f3873
    - flags: bottom simplicial
    - normal:   0.00161   0.8926   0.4508
    - offset: -0.02464648
    - vertices: p4347(v755) p5366(v681) p8976(v570)
    - neighboring facets: f3478 f3872 f3874
- f3874
    - flags: top simplicial
    - normal:  1.475e-05   0.8897   0.4566
    - offset: -0.02477274
    - vertices: p4347(v755) p5366(v681) p8395(v573)
    - neighboring facets: f3480 f3872 f3873
- f3875
    - flags: top simplicial
    - normal:  -0.007255   0.6063   0.7952
    - offset: -0.03441563
    - vertices: p2657(v756) p3755(v683) p6233(v476)
    - neighboring facets: f3491 f3924 f3880
- f3879
    - flags: bottom simplicial
    - normal:  0.0001174   0.6202   0.7845
    - offset: -0.03395657
    - vertices: p2657(v756) p2650(v575) p8580(v352)
    - neighboring facets: f3501 f3928 f3880
- f3880
    - flags: bottom simplicial
    - normal:  0.0001743   0.6113   0.7914
    - offset: -0.03415158
    - vertices: p2657(v756) p3755(v683) p2650(v575)
    - neighboring facets: f3492 f3879 f3875
- f3882
    - flags: top simplicial
    - normal:   -0.2481   0.1391   0.9587
    - offset: -0.04401712
    - vertices: p1952(v757) p6616(v684) p8640(v243)
    - neighboring facets: f3497 f4320 f4121
- f3886
    - flags: bottom simplicial
    - normal:  -0.02428 -0.03887   0.9989
    - offset: -0.04041669
    - vertices: p8819(v758) p6616(v684) p1528(v483)
    - neighboring facets: f3981 f4098 f4122
- f3894
    - flags: top simplicial
    - normal:  -0.0004888   0.7077   0.7066
    - offset: -0.03177042
    - vertices: p6971(v759) p6380(v685) p3169(v577)
    - neighboring facets: f3500 f3895 f3896
- f3895
    - flags: bottom simplicial
    - normal:  -0.000765   0.7156   0.6985
    - offset: -0.0315406
    - vertices: p6971(v759) p8409(v686) p3169(v577)
    - neighboring facets: f3925 f3894 f3897
- f3896
    - flags: bottom simplicial
    - normal:  0.001722   0.7373   0.6756
    - offset: -0.03094085
    - vertices: p6971(v759) p6380(v685) p3604(v351)
    - neighboring facets: f3502 f3897 f3894
- f3897
    - flags: top simplicial
    - normal:  -3.91e-05   0.7442    0.668
    - offset: -0.0306923
    - vertices: p6971(v759) p8409(v686) p3604(v351)
    - neighboring facets: f3506 f3896 f3895
- f3898
    - flags: bottom simplicial
    - normal:  -0.004709   0.8342   0.5514
    - offset: -0.02750911
    - vertices: p7373(v760) p7581(v574) p9477(v475)
    - neighboring facets: f3483 f3899 f3900
- f3899
    - flags: top simplicial
    - normal:  -0.006204   0.8306   0.5568
    - offset: -0.02769122
    - vertices: p7373(v760) p1969(v687) p9477(v475)
    - neighboring facets: f3514 f3898 f3903
- f3900
    - flags: top simplicial
    - normal:  -0.0001258   0.8348   0.5505
    - offset: -0.02739654
    - vertices: p7373(v760) p7581(v574) p8034(v472)
    - neighboring facets: f3487 f3901 f3898
- f3901
    - flags: bottom simplicial
    - normal:  0.0003021   0.8239   0.5668
    - offset: -0.02784991
    - vertices: p7373(v760) p9389(v680) p8034(v472)
    - neighboring facets: f3481 f3900 f3902
- f3902
    - flags: bottom simplicial
    - normal:  -5.509e-05   0.7839   0.6209
    - offset: -0.02936453
    - vertices: p7373(v760) p8409(v686) p9389(v680)
    - neighboring facets: f3506 f3901 f3903
- f3903
    - flags: bottom simplicial
    - normal:  -0.003524    0.783   0.6221
    - offset: -0.02946206
    - vertices: p7373(v760) p1969(v687) p8409(v686)
    - neighboring facets: f3926 f3902 f3899
- f3904
    - flags: top simplicial
    - normal:  0.0001864   0.9548   0.2973
    - offset: -0.02031699
    - vertices: p5804(v761) p1701(v580) p888(v240)
    - neighboring facets: f3525 f3906 f3905
- f3905
    - flags: top simplicial
    - normal:  0.0001904   0.9545   0.2983
    - offset: -0.02034517
    - vertices: p5804(v761) p7512(v688) p1701(v580)
    - neighboring facets: f3910 f3904 f3907
- f3906
    - flags: bottom simplicial
    - normal:  0.0003007    0.955   0.2964
    - offset: -0.02029598
    - vertices: p5804(v761) p859(v353) p888(v240)
    - neighboring facets: f2972 f3904 f3907
- f3907
    - flags: bottom simplicial
    - normal:  0.0003555   0.9543   0.2989
    - offset: -0.02036682
    - vertices: p5804(v761) p7512(v688) p859(v353)
    - neighboring facets: f3909 f3906 f3905
- f3908
    - flags: bottom simplicial
    - normal:  0.006097   0.9456   0.3254
    - offset: -0.02123078
    - vertices: p4783(v762) p2978(v677) p859(v353)
    - neighboring facets: f3458 f3909 f3914
- f3909
    - flags: top simplicial
    - normal:  0.0004434   0.9539   0.3001
    - offset: -0.02040081
    - vertices: p4783(v762) p7512(v688) p859(v353)
    - neighboring facets: f3907 f3908 f3910
- f3910
    - flags: bottom simplicial
    - normal:  0.0001903   0.9537   0.3007
    - offset: -0.02041368
    - vertices: p4783(v762) p7512(v688) p1701(v580)
    - neighboring facets: f3905 f3911 f3909
- f3911
    - flags: bottom simplicial
    - normal:  -0.0001526   0.9354   0.3535
    - offset: -0.02189194
    - vertices: p4783(v762) p1701(v580) p5204(v479)
    - neighboring facets: f2968 f3912 f3910
- f3912
    - flags: bottom simplicial
    - normal:  -0.0002288   0.9262   0.3771
    - offset: -0.02254368
    - vertices: p4783(v762) p5204(v479) p8074(v471)
    - neighboring facets: f2419 f3913 f3911
- f3913
    - flags: top simplicial
    - normal:  -0.00021   0.9259   0.3778
    - offset: -0.02256208
    - vertices: p4783(v762) p8976(v570) p8074(v471)
    - neighboring facets: f2904 f3912 f3914
- f3914
    - flags: top simplicial
    - normal:  -0.0001145   0.9259   0.3778
    - offset: -0.02256409
    - vertices: p4783(v762) p2978(v677) p8976(v570)
    - neighboring facets: f3459 f3913 f3908
- f3916
    - flags: bottom simplicial
    - normal:   -0.6605 -0.007357   0.7508
    - offset: -0.04579427
    - vertices: p6998(v763) p169(v487) p7614(v484)
    - neighboring facets: f2461 f3919 f4266
- f3919
    - flags: bottom simplicial
    - normal:   -0.4323  0.05238   0.9002
    - offset: -0.04598151
    - vertices: p6998(v763) p7614(v484) p3311(v358)
    - neighboring facets: f3094 f3920 f3916
- f3920
    - flags: top simplicial
    - normal:   -0.4174  0.06398   0.9065
    - offset: -0.04586592
    - vertices: p6998(v763) p6908(v590) p3311(v358)
    - neighboring facets: f3498 f3919 f4263
- f3924
    - flags: top simplicial
    - normal:  -0.01878   0.6141    0.789
    - offset: -0.03448848
    - vertices: p3753(v764) p2657(v756) p6233(v476)
    - neighboring facets: f3875 f4218 f3928
- f3925
    - flags: top simplicial
    - normal:  -0.01803   0.7254    0.688
    - offset: -0.03157946
    - vertices: p3753(v764) p8409(v686) p3169(v577)
    - neighboring facets: f3895 f3927 f3926
- f3926
    - flags: top simplicial
    - normal:  -0.02383   0.7324   0.6805
    - offset: -0.03148067
    - vertices: p3753(v764) p1969(v687) p8409(v686)
    - neighboring facets: f3903 f3925 f4141
- f3927
    - flags: top simplicial
    - normal:  -0.0001013   0.6366   0.7712
    - offset: -0.03358687
    - vertices: p3753(v764) p3169(v577) p8580(v352)
    - neighboring facets: f3500 f3928 f3925
- f3928
    - flags: bottom simplicial
    - normal:  -9.331e-05   0.6314   0.7755
    - offset: -0.0337062
    - vertices: p3753(v764) p2657(v756) p8580(v352)
    - neighboring facets: f3879 f3927 f3924
- f3931
    - flags: bottom simplicial
    - normal:   -0.7025   0.4862   0.5198
    - offset: -0.04000563
    - vertices: p2104(v765) p2885(v694) p1597(v485)
    - neighboring facets: f3548 f3938 f4134
- f3934
    - flags: top simplicial
    - normal:    -0.343   0.4929   0.7996
    - offset: -0.04150095
    - vertices: p2863(v766) p7894(v692) p3360(v587)
    - neighboring facets: f3569 f3937 f4215
- f3937
    - flags: top simplicial
    - normal:   -0.5319   0.4628   0.7092
    - offset: -0.04243631
    - vertices: p2863(v766) p3360(v587) p1597(v485)
    - neighboring facets: f3005 f3938 f3934
- f3938
    - flags: bottom simplicial
    - normal:   -0.5293   0.4915   0.6916
    - offset: -0.04191443
    - vertices: p2863(v766) p2104(v765) p1597(v485)
    - neighboring facets: f3931 f3937 f4138
- f3945
    - flags: bottom simplicial
    - normal:   -0.9936  0.01699   0.1115
    - offset: -0.03084774
    - vertices: p3493(v767) p4487(v192) p6836(v19)
    - neighboring facets: f2004 f3951 f3946
- f3946
    - flags: bottom simplicial
    - normal:   -0.9853  0.05197    0.163
    - offset: -0.0325246
    - vertices: p3493(v767) p8901(v695) p4487(v192)
    - neighboring facets: f3556 f3945 f3949
- f3947
    - flags: top simplicial
    - normal:   -0.9469   0.1185    0.299
    - offset: -0.03650541
    - vertices: p7921(v768) p8901(v695) p8878(v589)
    - neighboring facets: f3556 f3948 f3949
- f3948
    - flags: bottom simplicial
    - normal:   -0.8875    0.187   0.4212
    - offset: -0.03958491
    - vertices: p7921(v768) p7502(v696) p8878(v589)
    - neighboring facets: f3560 f3947 f3953
- f3949
    - flags: top simplicial
    - normal:   -0.9499  0.06144   0.3065
    - offset: -0.03671897
    - vertices: p7921(v768) p3493(v767) p8901(v695)
    - neighboring facets: f3946 f3947 f3951
- f3950
    - flags: top simplicial
    - normal:   -0.8068   0.1412   0.5738
    - offset: -0.04292127
    - vertices: p7921(v768) p4419(v691) p169(v487)
    - neighboring facets: f4265 f3954 f3952
- f3951
    - flags: bottom simplicial
    - normal:   -0.9462  0.04279   0.3207
    - offset: -0.03709764
    - vertices: p7921(v768) p3493(v767) p6836(v19)
    - neighboring facets: f3945 f3955 f3949
- f3952
    - flags: bottom simplicial
    - normal:   -0.8229   0.1958   0.5334
    - offset: -0.04200553
    - vertices: p7921(v768) p4419(v691) p6446(v359)
    - neighboring facets: f3533 f3953 f3950
- f3953
    - flags: top simplicial
    - normal:   -0.8336   0.2074   0.5119
    - offset: -0.04153206
    - vertices: p7921(v768) p7502(v696) p6446(v359)
    - neighboring facets: f3559 f3952 f3948
- f3954
    - flags: top simplicial
    - normal:   -0.8741  0.02509   0.4851
    - offset: -0.0411675
    - vertices: p7921(v768) p169(v487) p6164(v289)
    - neighboring facets: f2460 f3956 f3950
- f3955
    - flags: top simplicial
    - normal:   -0.9313  0.02284   0.3636
    - offset: -0.03822497
    - vertices: p7921(v768) p903(v512) p6836(v19)
    - neighboring facets: f2583 f3951 f3956
- f3956
    - flags: bottom simplicial
    - normal:   -0.9267  0.01841   0.3754
    - offset: -0.03852462
    - vertices: p7921(v768) p903(v512) p6164(v289)
    - neighboring facets: f2580 f3954 f3955
- f3957
    - flags: bottom simplicial
    - normal:   -0.5612   0.4121   0.7178
    - offset: -0.04319645
    - vertices: p2968(v769) p3360(v587) p4163(v586)
    - neighboring facets: f3005 f3959 f3958
- f3958
    - flags: bottom simplicial
    - normal:   -0.4732    0.363   0.8027
    - offset: -0.04404985
    - vertices: p2968(v769) p267(v697) p3360(v587)
    - neighboring facets: f3569 f3957 f4145
- f3959
    - flags: top simplicial
    - normal:   -0.6496   0.2829   0.7056
    - offset: -0.04441395
    - vertices: p2968(v769) p4419(v691) p4163(v586)
    - neighboring facets: f3533 f3957 f4144
- f3962
    - flags: bottom simplicial
    - normal:   -0.3599    0.209   0.9093
    - offset: -0.04491583
    - vertices: p766(v770) p6908(v590) p8640(v243)
    - neighboring facets: f3497 f3963 f4262
- f3963
    - flags: top simplicial
    - normal:   -0.3872   0.2968   0.8729
    - offset: -0.04438659
    - vertices: p766(v770) p267(v697) p8640(v243)
    - neighboring facets: f3568 f3962 f4260
- f3965
    - flags: top simplicial
    - normal:    0.5355  -0.8445 -8.691e-06
    - offset: -0.03121347
    - vertices: p7353(v771) p3893(v492) p3314(v245)
    - neighboring facets: f2481 f3967 f3966
- f3966
    - flags: top simplicial
    - normal:    0.5074  -0.8617 9.358e-06
    - offset: -0.03049045
    - vertices: p7353(v771) p7240(v699) p3893(v492)
    - neighboring facets: f3574 f3965 f3968
- f3967
    - flags: top simplicial
    - normal:    0.5355  -0.8445 -0.0001634
    - offset: -0.03121686
    - vertices: p7353(v771) p3314(v245) p4960(v109)
    - neighboring facets: f1809 f3968 f3965
- f3968
    - flags: bottom simplicial
    - normal:    0.4857  -0.8741 -2.243e-05
    - offset: -0.02992068
    - vertices: p7353(v771) p7240(v699) p4960(v109)
    - neighboring facets: f3573 f3967 f3966
- f3969
    - flags: bottom simplicial
    - normal:  -0.06371   0.9976  0.02561
    - offset: -0.01530468
    - vertices: p5108(v772) p9802(v596) p353(v497)
    - neighboring facets: f3046 f3971 f3970
- f3970
    - flags: bottom simplicial
    - normal:  -0.06409   0.9977   0.0225
    - offset: -0.01538128
    - vertices: p5108(v772) p3815(v701) p9802(v596)
    - neighboring facets: f3582 f3969 f3974
- f3971
    - flags: top simplicial
    - normal:  -0.06067   0.9977  0.02909
    - offset: -0.01519867
    - vertices: p5108(v772) p3820(v597) p353(v497)
    - neighboring facets: f3589 f3969 f3972
- f3972
    - flags: bottom simplicial
    - normal:  -0.05166   0.9982  0.03046
    - offset: -0.01509576
    - vertices: p5108(v772) p3820(v597) p3614(v377)
    - neighboring facets: f3588 f3973 f3971
- f3973
    - flags: top simplicial
    - normal:  -0.04831   0.9984  0.02909
    - offset: -0.01510174
    - vertices: p5108(v772) p3605(v494) p3614(v377)
    - neighboring facets: f2491 f3972 f3974
- f3974
    - flags: top simplicial
    - normal:  -0.04456   0.9986  0.02744
    - offset: -0.0151109
    - vertices: p5108(v772) p3815(v701) p3605(v494)
    - neighboring facets: f3585 f3973 f3970
- f3976
    - flags: bottom simplicial
    - normal:   -0.1172  -0.2676   0.9564
    - offset: -0.04123126
    - vertices: p3274(v773) p5348(v703) p735(v600)
    - neighboring facets: f3592 f4150 f3982
- f3978
    - flags: bottom simplicial
    - normal:  -0.002453  -0.1537   0.9881
    - offset: -0.03970662
    - vertices: p3274(v773) p6285(v583) p1528(v483)
    - neighboring facets: f2987 f3981 f3980
- f3979
    - flags: bottom simplicial
    - normal:  -0.0004434  -0.2173   0.9761
    - offset: -0.03931905
    - vertices: p3274(v773) p9507(v242) p8875(v220)
    - neighboring facets: f4153 f3980 f4151
- f3980
    - flags: top simplicial
    - normal:  -0.0002426  -0.2059   0.9786
    - offset: -0.03938875
    - vertices: p3274(v773) p6285(v583) p8875(v220)
    - neighboring facets: f2985 f3979 f3978
- f3981
    - flags: top simplicial
    - normal:    -0.038 -0.05795   0.9976
    - offset: -0.0406689
    - vertices: p3274(v773) p6616(v684) p1528(v483)
    - neighboring facets: f3886 f3978 f3982
- f3982
    - flags: top simplicial
    - normal:   -0.1202 -0.08136   0.9894
    - offset: -0.04221666
    - vertices: p3274(v773) p5348(v703) p6616(v684)
    - neighboring facets: f3595 f3981 f3976
- f3983
    - flags: top simplicial
    - normal:   -0.5136  -0.2411   0.8235
    - offset: -0.04535027
    - vertices: p757(v774) p2550(v708) p4416(v120)
    - neighboring facets: f3623 f3985 f3984
- f3984
    - flags: bottom simplicial
    - normal:   -0.4888  -0.2404   0.8386
    - offset: -0.04532682
    - vertices: p757(v774) p2550(v708) p9208(v606)
    - neighboring facets: f3621 f3986 f3983
- f3985
    - flags: bottom simplicial
    - normal:   -0.7071 -0.08264   0.7022
    - offset: -0.04507795
    - vertices: p757(v774) p7614(v484) p4416(v120)
    - neighboring facets: f2461 f3983 f3986
- f3986
    - flags: bottom simplicial
    - normal:   -0.5049 -0.09818   0.8576
    - offset: -0.04617456
    - vertices: p757(v774) p9208(v606) p7614(v484)
    - neighboring facets: f3094 f3985 f3984
- f3990
    - flags: top simplicial
    - normal:   -0.8586 0.009531  -0.5125
    - offset: -0.02748137
    - vertices: p7934(v775) p5972(v623) p26(v420)
    - neighboring facets: f3658 f3991 f3994
- f3991
    - flags: bottom simplicial
    - normal:   -0.8603  0.01018  -0.5097
    - offset: -0.0274934
    - vertices: p7934(v775) p6760(v711) p26(v420)
    - neighboring facets: f3638 f3990 f3996
- f3992
    - flags: top simplicial
    - normal:    -0.868 0.008128  -0.4965
    - offset: -0.02752443
    - vertices: p9583(v776) p1998(v712) p60(v418)
    - neighboring facets: f3641 f3998 f3993
- f3993
    - flags: bottom simplicial
    - normal:   -0.8689 0.009766  -0.4949
    - offset: -0.02753126
    - vertices: p9583(v776) p1998(v712) p7487(v617)
    - neighboring facets: f3640 f3995 f3992
- f3994
    - flags: bottom simplicial
    - normal:   -0.8586 0.009523  -0.5125
    - offset: -0.02748131
    - vertices: p9583(v776) p7934(v775) p5972(v623)
    - neighboring facets: f3990 f3997 f3996
- f3995
    - flags: top simplicial
    - normal:   -0.8654  0.01032   -0.501
    - offset: -0.02751635
    - vertices: p9583(v776) p6760(v711) p7487(v617)
    - neighboring facets: f3652 f3993 f3996
- f3996
    - flags: top simplicial
    - normal:   -0.8646  0.01026  -0.5023
    - offset: -0.02751277
    - vertices: p9583(v776) p7934(v775) p6760(v711)
    - neighboring facets: f3991 f3995 f3994
- f3997
    - flags: top simplicial
    - normal:   -0.8571 0.009089  -0.5151
    - offset: -0.02747218
    - vertices: p9583(v776) p5758(v716) p5972(v623)
    - neighboring facets: f3658 f3994 f3999
- f3998
    - flags: bottom simplicial
    - normal:    -0.857 0.009072  -0.5152
    - offset: -0.02747189
    - vertices: p9583(v776) p642(v526) p60(v418)
    - neighboring facets: f2652 f3992 f3999
- f3999
    - flags: bottom simplicial
    - normal:    -0.857 0.009079  -0.5152
    - offset: -0.02747201
    - vertices: p9583(v776) p5758(v716) p642(v526)
    - neighboring facets: f3660 f3998 f3997
- f4000
    - flags: top simplicial
    - normal:   -0.8214 0.008413  -0.5703
    - offset: -0.02730649
    - vertices: p7265(v777) p1276(v715) p1885(v621)
    - neighboring facets: f3655 f4003 f4002
- f4001
    - flags: top simplicial
    - normal:   -0.8194 0.007363  -0.5732
    - offset: -0.02729381
    - vertices: p7265(v777) p2588(v634) p5245(v534)
    - neighboring facets: f3718 f4002 f4008
- f4002
    - flags: bottom simplicial
    - normal:   -0.8193 0.007661  -0.5733
    - offset: -0.02729378
    - vertices: p7265(v777) p1276(v715) p5245(v534)
    - neighboring facets: f3653 f4001 f4000
- f4003
    - flags: bottom simplicial
    - normal:   -0.8217 0.008471  -0.5699
    - offset: -0.02730805
    - vertices: p7265(v777) p1687(v622) p1885(v621)
    - neighboring facets: f3655 f4000 f4006
- f4004
    - flags: bottom simplicial
    - normal:   -0.8492 0.005056  -0.5281
    - offset: -0.02742692
    - vertices: p7265(v777) p60(v418) p5535(v205)
    - neighboring facets: f2652 f4005 f4007
- f4005
    - flags: top simplicial
    - normal:   -0.8362 0.009236  -0.5484
    - offset: -0.02738164
    - vertices: p7265(v777) p26(v420) p5535(v205)
    - neighboring facets: f3659 f4004 f4006
- f4006
    - flags: top simplicial
    - normal:   -0.8304 0.009726  -0.5571
    - offset: -0.02735536
    - vertices: p7265(v777) p1687(v622) p26(v420)
    - neighboring facets: f3638 f4005 f4003
- f4007
    - flags: bottom simplicial
    - normal:   -0.8458 -0.002079  -0.5335
    - offset: -0.02740396
    - vertices: p7265(v777) p8817(v728) p60(v418)
    - neighboring facets: f3727 f4004 f4008
- f4008
    - flags: top simplicial
    - normal:   -0.8429 -0.001881  -0.5381
    - offset: -0.02739312
    - vertices: p7265(v777) p8817(v728) p2588(v634)
    - neighboring facets: f3722 f4001 f4007
- f4024
    - flags: top simplicial
    - normal:   -0.6615 0.005042  -0.7499
    - offset: -0.02672068
    - vertices: p7228(v780) p4179(v631) p2058(v630)
    - neighboring facets: f3225 f4031 f4026
- f4026
    - flags: top simplicial
    - normal:   -0.6578  0.00617  -0.7532
    - offset: -0.02672247
    - vertices: p7228(v780) p7903(v723) p4179(v631)
    - neighboring facets: f3695 f4024 f4032
- f4027
    - flags: bottom simplicial
    - normal:    -0.644 0.0009275   -0.765
    - offset: -0.02665043
    - vertices: p4282(v781) p1788(v629) p7620(v206)
    - neighboring facets: f3693 f4029 f4028
- f4028
    - flags: bottom simplicial
    - normal:   -0.6454 0.002661  -0.7638
    - offset: -0.02666636
    - vertices: p4282(v781) p7903(v723) p1788(v629)
    - neighboring facets: f3694 f4027 f4032
- f4029
    - flags: top simplicial
    - normal:   -0.6605 0.0005416  -0.7508
    - offset: -0.02668547
    - vertices: p4282(v781) p4137(v422) p7620(v206)
    - neighboring facets: f2662 f4027 f4030
- f4030
    - flags: top simplicial
    - normal:   -0.6639 0.003181  -0.7478
    - offset: -0.02671041
    - vertices: p4282(v781) p2058(v630) p4137(v422)
    - neighboring facets: f3225 f4029 f4031
- f4031
    - flags: top simplicial
    - normal:     -0.66 0.004818  -0.7513
    - offset: -0.0267145
    - vertices: p4282(v781) p7228(v780) p2058(v630)
    - neighboring facets: f4024 f4030 f4032
- f4032
    - flags: bottom simplicial
    - normal:   -0.6581 0.005187  -0.7529
    - offset: -0.02671335
    - vertices: p4282(v781) p7228(v780) p7903(v723)
    - neighboring facets: f4026 f4028 f4031
- f4033
    - flags: bottom simplicial
    - normal:   -0.7545 -0.006584  -0.6563
    - offset: -0.02702533
    - vertices: p9620(v782) p9803(v724) p9743(v424)
    - neighboring facets: f3730 f4381 f4034
- f4034
    - flags: top simplicial
    - normal:   -0.7513 -0.006792  -0.6599
    - offset: -0.0270147
    - vertices: p9620(v782) p9803(v724) p7697(v632)
    - neighboring facets: f3702 f4286 f4033
- f4037
    - flags: bottom simplicial
    - normal:   -0.8062 -0.007169  -0.5916
    - offset: -0.02723523
    - vertices: p4707(v783) p9566(v727) p4428(v77)
    - neighboring facets: f3719 f4039 f4038
- f4038
    - flags: top simplicial
    - normal:   -0.8058 -0.006895  -0.5921
    - offset: -0.02723243
    - vertices: p4707(v783) p9566(v727) p2588(v634)
    - neighboring facets: f3718 f4042 f4037
- f4039
    - flags: top simplicial
    - normal:   -0.8105 -0.007931  -0.5857
    - offset: -0.0272598
    - vertices: p4707(v783) p4694(v306) p4428(v77)
    - neighboring facets: f1512 f4037 f4040
- f4040
    - flags: bottom simplicial
    - normal:   -0.8114 -0.008095  -0.5844
    - offset: -0.02726517
    - vertices: p4707(v783) p4694(v306) p1571(v204)
    - neighboring facets: f1512 f4041 f4039
- f4041
    - flags: top simplicial
    - normal:    -0.816 -0.008516  -0.5779
    - offset: -0.02728905
    - vertices: p4707(v783) p257(v524) p1571(v204)
    - neighboring facets: f2644 f4040 f4042
- f4042
    - flags: top simplicial
    - normal:   -0.8188 -0.008527   -0.574
    - offset: -0.02730224
    - vertices: p4707(v783) p2588(v634) p257(v524)
    - neighboring facets: f3244 f4041 f4038
- f4044
    - flags: bottom simplicial
    - normal:   -0.7898 0.007908  -0.6134
    - offset: -0.02717327
    - vertices: p5807(v784) p7770(v731) p493(v636)
    - neighboring facets: f3741 f4049 f4045
- f4045
    - flags: top simplicial
    - normal:   -0.7916  0.00764   -0.611
    - offset:  -0.027178
    - vertices: p5807(v784) p7770(v731) p5082(v730)
    - neighboring facets: f3738 f4050 f4044
- f4046
    - flags: bottom simplicial
    - normal:   -0.7807 0.004827  -0.6249
    - offset: -0.02711324
    - vertices: p816(v785) p9994(v732) p5245(v534)
    - neighboring facets: f3742 f4048 f4187
- f4048
    - flags: top simplicial
    - normal:   -0.7856 0.005948  -0.6187
    - offset: -0.02714214
    - vertices: p816(v785) p5082(v730) p5245(v534)
    - neighboring facets: f3734 f4046 f4050
- f4049
    - flags: bottom simplicial
    - normal:   -0.7884 0.007437  -0.6152
    - offset: -0.0271638
    - vertices: p816(v785) p5807(v784) p493(v636)
    - neighboring facets: f4044 f4186 f4050
- f4050
    - flags: top simplicial
    - normal:   -0.7903 0.007363  -0.6127
    - offset: -0.02717076
    - vertices: p816(v785) p5807(v784) p5082(v730)
    - neighboring facets: f4045 f4048 f4049
- f4052
    - flags: top simplicial
    - normal:   -0.7558 -0.000153  -0.6548
    - offset: -0.02701112
    - vertices: p401(v786) p9994(v732) p9743(v424)
    - neighboring facets: f3745 f4281 f4366
- f4058
    - flags: bottom simplicial
    - normal:      0.55   0.2471   0.7977
    - offset: -0.04527126
    - vertices: p4042(v787) p9185(v659) p6775(v550)
    - neighboring facets: f3843 f4204 f4300
- f4061
    - flags: top simplicial
    - normal:    0.7084   0.1001   0.6986
    - offset: -0.04509595
    - vertices: p4042(v787) p4239(v651) p1301(v449)
    - neighboring facets: f3333 f4203 f4062
- f4062
    - flags: top simplicial
    - normal:    0.7104   0.1025   0.6963
    - offset: -0.04506146
    - vertices: p4042(v787) p9088(v738) p4239(v651)
    - neighboring facets: f3780 f4061 f4208
- f4069
    - flags: bottom simplicial
    - normal:    0.4883   0.4824   0.7272
    - offset: -0.04219949
    - vertices: p2180(v788) p679(v678) p87(v474)
    - neighboring facets: f3463 f4070 f4308
- f4070
    - flags: top simplicial
    - normal:    0.4827   0.4676   0.7405
    - offset: -0.04246525
    - vertices: p2180(v788) p19(v742) p87(v474)
    - neighboring facets: f3806 f4069 f4071
- f4071
    - flags: bottom simplicial
    - normal:     0.482   0.4565   0.7479
    - offset: -0.04265505
    - vertices: p2180(v788) p19(v742) p2864(v653)
    - neighboring facets: f3805 f4301 f4070
- f4072
    - flags: bottom simplicial
    - normal:     0.409  -0.1692   0.8967
    - offset: -0.04551238
    - vertices: p9922(v789) p6117(v654) p935(v441)
    - neighboring facets: f3348 f4073 f4075
- f4073
    - flags: bottom simplicial
    - normal:     0.494  -0.1479   0.8568
    - offset: -0.04596456
    - vertices: p9922(v789) p935(v441) p277(v142)
    - neighboring facets: f2227 f4074 f4072
- f4074
    - flags: top simplicial
    - normal:    0.5056  -0.1378   0.8517
    - offset: -0.04602915
    - vertices: p9922(v789) p4191(v739) p277(v142)
    - neighboring facets: f3789 f4073 f4077
- f4075
    - flags: top simplicial
    - normal:    0.3835  -0.1008    0.918
    - offset: -0.04563042
    - vertices: p9922(v789) p6117(v654) p425(v551)
    - neighboring facets: f3349 f4076 f4072
- f4076
    - flags: bottom simplicial
    - normal:    0.4128 -0.06225   0.9087
    - offset: -0.0459121
    - vertices: p9922(v789) p7453(v656) p425(v551)
    - neighboring facets: f3795 f4075 f4077
- f4077
    - flags: bottom simplicial
    - normal:    0.4204 -0.06038   0.9053
    - offset: -0.04596102
    - vertices: p9922(v789) p4191(v739) p7453(v656)
    - neighboring facets: f3791 f4076 f4074
- f4087
    - flags: bottom simplicial
    - normal:  0.001545   0.4031   0.9152
    - offset: -0.03764655
    - vertices: p3324(v791) p2948(v743) p2079(v658)
    - neighboring facets: f3809 f4232 f4089
- f4089
    - flags: bottom simplicial
    - normal:  1.284e-06   0.3976   0.9176
    - offset: -0.03768175
    - vertices: p3324(v791) p5519(v744) p2948(v743)
    - neighboring facets: f4377 f4087 f4233
- f4094
    - flags: top simplicial
    - normal:  0.009016 -0.01001   0.9999
    - offset: -0.04017043
    - vertices: p4942(v793) p1514(v553) p6900(v78)
    - neighboring facets: f4337 f4097 f4125
- f4097
    - flags: bottom simplicial
    - normal:  -0.0008571 -0.03919   0.9992
    - offset: -0.03995244
    - vertices: p4942(v793) p1528(v483) p6900(v78)
    - neighboring facets: f2434 f4094 f4098
- f4098
    - flags: bottom simplicial
    - normal:  -0.0009556 -0.03501   0.9994
    - offset: -0.0399546
    - vertices: p4942(v793) p8819(v758) p1528(v483)
    - neighboring facets: f3886 f4097 f4243
- f4099
    - flags: top simplicial
    - normal:  -0.0001585   0.2628   0.9648
    - offset: -0.03900489
    - vertices: p6889(v794) p9672(v576) p933(v451)
    - neighboring facets: f4324 f4247 f4245
- f4102
    - flags: top simplicial
    - normal:  0.001373   0.1741   0.9847
    - offset: -0.03957757
    - vertices: p2592(v795) p6745(v746) p9078(v661)
    - neighboring facets: f3825 f4248 f4103
- f4103
    - flags: top simplicial
    - normal:  0.0003869   0.1767   0.9843
    - offset: -0.03954461
    - vertices: p2592(v795) p2571(v748) p6745(v746)
    - neighboring facets: f3835 f4102 f4117
- f4108
    - flags: bottom simplicial
    - normal:    0.1874   0.2149   0.9585
    - offset: -0.04277585
    - vertices: p5651(v796) p4201(v749) p9078(v661)
    - neighboring facets: f3839 f4253 f4342
- f4112
    - flags: bottom simplicial
    - normal:    0.6065   0.7951 -9.269e-06
    - offset: -0.03295323
    - vertices: p7059(v797) p4237(v673) p1134(v559)
    - neighboring facets: f3439 f4113 f4114
- f4113
    - flags: top simplicial
    - normal:    0.5614   0.8276 -0.0002075
    - offset: -0.03186749
    - vertices: p7059(v797) p876(v753) p1134(v559)
    - neighboring facets: f3865 f4112 f4114
- f4114
    - flags: bottom simplicial
    - normal:    0.5672   0.8236 7.489e-05
    - offset: -0.0320049
    - vertices: p7059(v797) p876(v753) p4237(v673)
    - neighboring facets: f3862 f4112 f4113
- f4115
    - flags: bottom simplicial
    - normal:  -0.006145   0.1825   0.9832
    - offset: -0.0396484
    - vertices: p1002(v798) p2571(v748) p9672(v576)
    - neighboring facets: f3835 f4116 f4117
- f4116
    - flags: top simplicial
    - normal:  -0.02911   0.1864    0.982
    - offset: -0.0401156
    - vertices: p1002(v798) p1952(v757) p9672(v576)
    - neighboring facets: f4321 f4115 f4121
- f4117
    - flags: bottom simplicial
    - normal:  0.0001808   0.1665    0.986
    - offset: -0.03959592
    - vertices: p1002(v798) p2592(v795) p2571(v748)
    - neighboring facets: f4103 f4115 f4251
- f4121
    - flags: bottom simplicial
    - normal:  -0.09549  0.09679   0.9907
    - offset: -0.04177876
    - vertices: p1002(v798) p1952(v757) p6616(v684)
    - neighboring facets: f3882 f4122 f4116
- f4122
    - flags: top simplicial
    - normal:  -0.03158  0.05215   0.9981
    - offset: -0.04059078
    - vertices: p1002(v798) p8819(v758) p6616(v684)
    - neighboring facets: f3886 f4121 f4132
- f4123
    - flags: top simplicial
    - normal:  0.0001291  0.06264    0.998
    - offset: -0.03993793
    - vertices: p5264(v799) p8819(v758) p1514(v553)
    - neighboring facets: f4128 f4125 f4124
- f4124
    - flags: bottom simplicial
    - normal:  -5.224e-05  0.02934   0.9996
    - offset: -0.03998261
    - vertices: p5264(v799) p8819(v758) p3162(v745)
    - neighboring facets: f4241 f4126 f4123
- f4125
    - flags: bottom simplicial
    - normal:  0.005996 -0.006093        1
    - offset: -0.04010806
    - vertices: p5264(v799) p4942(v793) p1514(v553)
    - neighboring facets: f4094 f4123 f4126
- f4126
    - flags: top simplicial
    - normal:  0.003992 -0.00687        1
    - offset: -0.04006706
    - vertices: p5264(v799) p4942(v793) p3162(v745)
    - neighboring facets: f4242 f4124 f4125
- f4127
    - flags: top simplicial
    - normal:   0.00021  0.06449   0.9979
    - offset: -0.03993599
    - vertices: p1669(v800) p412(v747) p1514(v553)
    - neighboring facets: f4249 f4128 f4129
- f4128
    - flags: bottom simplicial
    - normal:  0.0001325   0.0644   0.9979
    - offset: -0.03993445
    - vertices: p1669(v800) p8819(v758) p1514(v553)
    - neighboring facets: f4123 f4127 f4129
- f4129
    - flags: top simplicial
    - normal:  0.0001324  0.06444   0.9979
    - offset: -0.03993438
    - vertices: p1669(v800) p8819(v758) p412(v747)
    - neighboring facets: f4331 f4127 f4128
- f4132
    - flags: bottom simplicial
    - normal:  -0.003105  0.09055   0.9959
    - offset: -0.0399359
    - vertices: p2823(v801) p1002(v798) p8819(v758)
    - neighboring facets: f4122 f4332 f4330
- f4133
    - flags: top simplicial
    - normal:   -0.6023   0.6035   0.5226
    - offset: -0.03848498
    - vertices: p6310(v802) p2885(v694) p7525(v585)
    - neighboring facets: f3554 f4135 f4134
- f4134
    - flags: top simplicial
    - normal:   -0.7001    0.489   0.5204
    - offset: -0.03998876
    - vertices: p6310(v802) p2104(v765) p2885(v694)
    - neighboring facets: f3931 f4133 f4136
- f4135
    - flags: bottom simplicial
    - normal:   -0.5686   0.5858   0.5776
    - offset: -0.03947519
    - vertices: p6310(v802) p5058(v693) p7525(v585)
    - neighboring facets: f4139 f4133 f4136
- f4136
    - flags: bottom simplicial
    - normal:   -0.5752   0.5692   0.5874
    - offset: -0.03987008
    - vertices: p6310(v802) p2104(v765) p5058(v693)
    - neighboring facets: f4137 f4135 f4134
- f4137
    - flags: top simplicial
    - normal:   -0.5156    0.533   0.6709
    - offset: -0.04112722
    - vertices: p5139(v803) p2104(v765) p5058(v693)
    - neighboring facets: f4136 f4139 f4138
- f4138
    - flags: top simplicial
    - normal:   -0.5203   0.5056   0.6882
    - offset: -0.04167189
    - vertices: p5139(v803) p2863(v766) p2104(v765)
    - neighboring facets: f3938 f4137 f4142
- f4139
    - flags: top simplicial
    - normal:   -0.4791   0.5962   0.6442
    - offset: -0.03974037
    - vertices: p5139(v803) p5058(v693) p7525(v585)
    - neighboring facets: f4135 f4140 f4137
- f4140
    - flags: bottom simplicial
    - normal:   -0.2741   0.7214    0.636
    - offset: -0.03543364
    - vertices: p5139(v803) p1969(v687) p7525(v585)
    - neighboring facets: f3515 f4139 f4141
- f4141
    - flags: bottom simplicial
    - normal:   -0.2003   0.7007   0.6848
    - offset: -0.03528809
    - vertices: p5139(v803) p3753(v764) p1969(v687)
    - neighboring facets: f3926 f4140 f4142
- f4142
    - flags: bottom simplicial
    - normal:   -0.2052   0.6458   0.7354
    - offset: -0.03685386
    - vertices: p5139(v803) p2863(v766) p3753(v764)
    - neighboring facets: f4217 f4141 f4138
- f4144
    - flags: bottom simplicial
    - normal:   -0.6419   0.2514   0.7245
    - offset: -0.04481225
    - vertices: p5375(v804) p2968(v769) p4419(v691)
    - neighboring facets: f3959 f4264 f4145
- f4145
    - flags: top simplicial
    - normal:    -0.542   0.2742   0.7944
    - offset: -0.04508881
    - vertices: p5375(v804) p2968(v769) p267(v697)
    - neighboring facets: f3958 f4261 f4144
- f4149
    - flags: bottom simplicial
    - normal:   -0.0278  -0.3139   0.9491
    - offset: -0.03915685
    - vertices: p5868(v805) p735(v600) p7411(v40)
    - neighboring facets: f3602 f4152 f4150
- f4150
    - flags: bottom simplicial
    - normal:  -0.09316   -0.269   0.9586
    - offset: -0.04079019
    - vertices: p5868(v805) p3274(v773) p735(v600)
    - neighboring facets: f3976 f4149 f4151
- f4151
    - flags: top simplicial
    - normal:  -0.002934  -0.2273   0.9738
    - offset: -0.03930464
    - vertices: p5868(v805) p3274(v773) p9507(v242)
    - neighboring facets: f3979 f4153 f4150
- f4152
    - flags: top simplicial
    - normal:  -8.12e-05  -0.2992   0.9542
    - offset: -0.03871246
    - vertices: p5868(v805) p5643(v439) p7411(v40)
    - neighboring facets: f3072 f4149 f4154
- f4153
    - flags: top simplicial
    - normal:  -0.0002271  -0.2514   0.9679
    - offset: -0.03909426
    - vertices: p5868(v805) p9507(v242) p8875(v220)
    - neighboring facets: f3979 f4154 f4151
- f4154
    - flags: bottom simplicial
    - normal:  0.0001256   -0.275   0.9615
    - offset: -0.03891264
    - vertices: p5868(v805) p5643(v439) p8875(v220)
    - neighboring facets: f2207 f4153 f4152
- f4155
    - flags: bottom simplicial
    - normal:   -0.6895 0.003668  -0.7243
    - offset: -0.02678471
    - vertices: p6764(v806) p975(v778) p4137(v422)
    - neighboring facets: f4170 f4157 f4156
- f4156
    - flags: top simplicial
    - normal:   -0.7014 0.003864  -0.7127
    - offset: -0.02682685
    - vertices: p6764(v806) p975(v778) p7499(v720)
    - neighboring facets: f4267 f4160 f4155
- f4157
    - flags: top simplicial
    - normal:   -0.6863 0.0007187  -0.7273
    - offset: -0.02676297
    - vertices: p6764(v806) p5189(v625) p4137(v422)
    - neighboring facets: f3186 f4155 f4158
- f4158
    - flags: bottom simplicial
    - normal:   -0.6968 -0.0006689  -0.7173
    - offset: -0.02679651
    - vertices: p6764(v806) p5189(v625) p719(v527)
    - neighboring facets: f3188 f4159 f4157
- f4159
    - flags: top simplicial
    - normal:   -0.7072 -0.0007997   -0.707
    - offset: -0.02682909
    - vertices: p6764(v806) p3890(v726) p719(v527)
    - neighboring facets: f3709 f4158 f4160
- f4160
    - flags: bottom simplicial
    - normal:   -0.7115 0.0001472  -0.7027
    - offset: -0.02684433
    - vertices: p6764(v806) p3890(v726) p7499(v720)
    - neighboring facets: f3711 f4156 f4159
- f4161
    - flags: top simplicial
    - normal:   -0.7597   0.2532  -0.5989
    - offset: -0.02933687
    - vertices: p2119(v807) p8911(v626) p4157(v305)
    - neighboring facets: f3196 f4195 f4164
- f4163
    - flags: bottom simplicial
    - normal:   -0.7319  0.01169  -0.6813
    - offset: -0.02699159
    - vertices: p2119(v807) p5658(v779) p4052(v721)
    - neighboring facets: f4278 f4196 f4177
- f4164
    - flags: top simplicial
    - normal:   -0.7044   0.3161  -0.6355
    - offset: -0.02962318
    - vertices: p2119(v807) p3411(v719) p8911(v626)
    - neighboring facets: f3670 f4161 f4165
- f4165
    - flags: bottom simplicial
    - normal:   -0.6929  0.03258  -0.7203
    - offset: -0.02710977
    - vertices: p2119(v807) p3411(v719) p4179(v631)
    - neighboring facets: f3675 f4176 f4164
- f4169
    - flags: bottom simplicial
    - normal:   -0.6869 0.005453  -0.7267
    - offset: -0.02678752
    - vertices: p2298(v808) p4179(v631) p4137(v422)
    - neighboring facets: f3225 f4170 f4175
- f4170
    - flags: top simplicial
    - normal:   -0.6888 0.004977  -0.7249
    - offset: -0.02678967
    - vertices: p2298(v808) p975(v778) p4137(v422)
    - neighboring facets: f4155 f4169 f4174
- f4171
    - flags: bottom simplicial
    - normal:   -0.7137 0.005141  -0.7005
    - offset: -0.02687144
    - vertices: p3957(v809) p7499(v720) p7760(v628)
    - neighboring facets: f3711 f4172 f4268
- f4172
    - flags: top simplicial
    - normal:   -0.7232 0.006726  -0.6906
    - offset: -0.02691225
    - vertices: p3957(v809) p5658(v779) p7760(v628)
    - neighboring facets: f4277 f4171 f4177
- f4174
    - flags: bottom simplicial
    - normal:   -0.6975 0.005526  -0.7165
    - offset: -0.02682354
    - vertices: p3957(v809) p2298(v808) p975(v778)
    - neighboring facets: f4170 f4269 f4175
- f4175
    - flags: top simplicial
    - normal:   -0.6929  0.01051   -0.721
    - offset: -0.02685721
    - vertices: p3957(v809) p2298(v808) p4179(v631)
    - neighboring facets: f4169 f4176 f4174
- f4176
    - flags: bottom simplicial
    - normal:   -0.6982  0.01848  -0.7157
    - offset: -0.02695741
    - vertices: p3957(v809) p2119(v807) p4179(v631)
    - neighboring facets: f4165 f4175 f4177
- f4177
    - flags: top simplicial
    - normal:   -0.7071   0.0157  -0.7069
    - offset: -0.02695944
    - vertices: p3957(v809) p2119(v807) p5658(v779)
    - neighboring facets: f4163 f4172 f4176
- f4186
    - flags: bottom simplicial
    - normal:   -0.7793 0.006002  -0.6266
    - offset: -0.02711578
    - vertices: p1384(v812) p816(v785) p493(v636)
    - neighboring facets: f4049 f4202 f4187
- f4187
    - flags: top simplicial
    - normal:   -0.7788  0.00555  -0.6273
    - offset: -0.02710996
    - vertices: p1384(v812) p816(v785) p9994(v732)
    - neighboring facets: f4046 f4293 f4186
- f4190
    - flags: top simplicial
    - normal:   -0.7228 0.0006022   -0.691
    - offset: -0.02688669
    - vertices: p3876(v813) p3890(v726) p7760(v628)
    - neighboring facets: f3711 f4351 f4344
- f4195
    - flags: top simplicial
    - normal:   -0.7564  0.09332  -0.6474
    - offset: -0.02799753
    - vertices: p365(v814) p2119(v807) p4157(v305)
    - neighboring facets: f4161 f4201 f4196
- f4196
    - flags: bottom simplicial
    - normal:   -0.7378  0.01249  -0.6749
    - offset: -0.02701683
    - vertices: p365(v814) p2119(v807) p4052(v721)
    - neighboring facets: f4163 f4290 f4195
- f4201
    - flags: bottom simplicial
    - normal:   -0.7792  0.01188  -0.6266
    - offset: -0.02717321
    - vertices: p365(v814) p493(v636) p4157(v305)
    - neighboring facets: f3741 f4195 f4202
- f4202
    - flags: bottom simplicial
    - normal:   -0.7713 0.007381  -0.6364
    - offset:  -0.027095
    - vertices: p365(v814) p1384(v812) p493(v636)
    - neighboring facets: f4186 f4201 f4355
- f4203
    - flags: top simplicial
    - normal:    0.6976   0.1001   0.7094
    - offset: -0.0452371
    - vertices: p1746(v815) p4042(v787) p1301(v449)
    - neighboring facets: f4061 f4205 f4204
- f4204
    - flags: bottom simplicial
    - normal:    0.6273   0.1518   0.7638
    - offset: -0.04567923
    - vertices: p1746(v815) p4042(v787) p6775(v550)
    - neighboring facets: f4058 f4207 f4203
- f4205
    - flags: top simplicial
    - normal:    0.6544  0.07884    0.752
    - offset: -0.04577304
    - vertices: p1746(v815) p1301(v449) p6779(v225)
    - neighboring facets: f2255 f4206 f4203
- f4206
    - flags: bottom simplicial
    - normal:    0.5041  0.06526   0.8612
    - offset: -0.04622776
    - vertices: p1746(v815) p4829(v450) p6779(v225)
    - neighboring facets: f3358 f4205 f4207
- f4207
    - flags: bottom simplicial
    - normal:    0.4991  0.07168   0.8636
    - offset: -0.04620669
    - vertices: p1746(v815) p6775(v550) p4829(v450)
    - neighboring facets: f3842 f4206 f4204
- f4208
    - flags: bottom simplicial
    - normal:    0.6984   0.2561   0.6683
    - offset: -0.04408111
    - vertices: p3934(v816) p4042(v787) p9088(v738)
    - neighboring facets: f4062 f4212 f4298
- f4211
    - flags: bottom simplicial
    - normal:    0.7867    0.272   0.5542
    - offset: -0.04214571
    - vertices: p3934(v816) p7791(v652) p3886(v143)
    - neighboring facets: f3339 f4306 f4212
- f4212
    - flags: bottom simplicial
    - normal:    0.7756   0.2496   0.5798
    - offset: -0.04270743
    - vertices: p3934(v816) p9088(v738) p7791(v652)
    - neighboring facets: f3786 f4211 f4208
- f4215
    - flags: bottom simplicial
    - normal:   -0.2305   0.5339   0.8135
    - offset: -0.03960961
    - vertices: p2337(v817) p2863(v766) p7894(v692)
    - neighboring facets: f3934 f4216 f4217
- f4216
    - flags: top simplicial
    - normal:   -0.1985   0.4929   0.8471
    - offset: -0.03991877
    - vertices: p2337(v817) p9261(v790) p7894(v692)
    - neighboring facets: f4314 f4215 f4371
- f4217
    - flags: top simplicial
    - normal:   -0.1806   0.6017    0.778
    - offset: -0.03755445
    - vertices: p2337(v817) p2863(v766) p3753(v764)
    - neighboring facets: f4142 f4218 f4215
- f4218
    - flags: top simplicial
    - normal:  -0.08129   0.5924   0.8016
    - offset: -0.03616548
    - vertices: p2337(v817) p3753(v764) p6233(v476)
    - neighboring facets: f3924 f4310 f4217
- f4227
    - flags: bottom simplicial
    - normal:  -4.524e-05   0.4143   0.9102
    - offset: -0.03747648
    - vertices: p5588(v819) p5519(v744) p2079(v658)
    - neighboring facets: f4231 f4393 f4391
- f4231
    - flags: top simplicial
    - normal:  7.201e-06   0.3985   0.9172
    - offset: -0.03767055
    - vertices: p127(v820) p5519(v744) p2079(v658)
    - neighboring facets: f4227 f4232 f4233
- f4232
    - flags: bottom simplicial
    - normal:  1.011e-05   0.3985   0.9172
    - offset: -0.03767058
    - vertices: p127(v820) p3324(v791) p2079(v658)
    - neighboring facets: f4087 f4231 f4233
- f4233
    - flags: top simplicial
    - normal:  6.51e-06   0.3984   0.9172
    - offset: -0.03767196
    - vertices: p127(v820) p3324(v791) p5519(v744)
    - neighboring facets: f4089 f4231 f4232
- f4234
    - flags: top simplicial
    - normal:   0.02137   0.3172   0.9481
    - offset: -0.03897408
    - vertices: p7402(v821) p2948(v743) p933(v451)
    - neighboring facets: f3826 f4379 f4378
- f4241
    - flags: top simplicial
    - normal:  -0.0005862 -0.02011   0.9998
    - offset: -0.03997252
    - vertices: p7876(v823) p8819(v758) p3162(v745)
    - neighboring facets: f4124 f4242 f4243
- f4242
    - flags: bottom simplicial
    - normal:  3.765e-05 -0.01954   0.9998
    - offset: -0.0399847
    - vertices: p7876(v823) p4942(v793) p3162(v745)
    - neighboring facets: f4126 f4241 f4243
- f4243
    - flags: top simplicial
    - normal:  -0.0006346 -0.02282   0.9997
    - offset: -0.03996953
    - vertices: p7876(v823) p4942(v793) p8819(v758)
    - neighboring facets: f4098 f4241 f4242
- f4244
    - flags: top simplicial
    - normal:  0.0001202   0.2347   0.9721
    - offset: -0.03921014
    - vertices: p6673(v824) p6745(v746) p9672(v576)
    - neighboring facets: f3835 f4245 f4246
- f4245
    - flags: bottom simplicial
    - normal:  0.0001014   0.2386   0.9711
    - offset: -0.03918306
    - vertices: p6673(v824) p6889(v794) p9672(v576)
    - neighboring facets: f4099 f4244 f4247
- f4246
    - flags: bottom simplicial
    - normal:  0.006348   0.2571   0.9664
    - offset: -0.0391794
    - vertices: p6673(v824) p6745(v746) p933(v451)
    - neighboring facets: f3826 f4247 f4244
- f4247
    - flags: top simplicial
    - normal:  0.001664   0.2537   0.9673
    - offset: -0.03910728
    - vertices: p6673(v824) p6889(v794) p933(v451)
    - neighboring facets: f4099 f4246 f4245
- f4248
    - flags: top simplicial
    - normal:  0.001736   0.1702   0.9854
    - offset: -0.03960592
    - vertices: p9371(v825) p2592(v795) p9078(v661)
    - neighboring facets: f4102 f4253 f4251
- f4249
    - flags: bottom simplicial
    - normal:   0.01591  0.07698   0.9969
    - offset: -0.04024846
    - vertices: p9371(v825) p412(v747) p1514(v553)
    - neighboring facets: f4127 f4335 f4328
- f4251
    - flags: top simplicial
    - normal:  9.135e-05   0.1324   0.9912
    - offset: -0.03974744
    - vertices: p9371(v825) p1002(v798) p2592(v795)
    - neighboring facets: f4117 f4248 f4329
- f4253
    - flags: bottom simplicial
    - normal:   0.08852   0.1275   0.9879
    - offset: -0.04156822
    - vertices: p9371(v825) p5651(v796) p9078(v661)
    - neighboring facets: f4108 f4248 f4333
- f4257
    - flags: top simplicial
    - normal:    0.1833 0.009257    0.983
    - offset: -0.0434158
    - vertices: p4608(v826) p9826(v740) p6190(v655)
    - neighboring facets: f3794 f4336 f4339
- f4260
    - flags: bottom simplicial
    - normal:   -0.4816    0.248   0.8406
    - offset: -0.04528158
    - vertices: p8478(v827) p766(v770) p267(v697)
    - neighboring facets: f3963 f4261 f4262
- f4261
    - flags: top simplicial
    - normal:   -0.5224   0.2533   0.8142
    - offset: -0.04529132
    - vertices: p8478(v827) p5375(v804) p267(v697)
    - neighboring facets: f4145 f4260 f4264
- f4262
    - flags: top simplicial
    - normal:   -0.4953   0.2182   0.8409
    - offset: -0.04554718
    - vertices: p8478(v827) p766(v770) p6908(v590)
    - neighboring facets: f3962 f4263 f4260
- f4263
    - flags: bottom simplicial
    - normal:   -0.5498   0.1507   0.8216
    - offset: -0.04595862
    - vertices: p8478(v827) p6998(v763) p6908(v590)
    - neighboring facets: f3920 f4262 f4266
- f4264
    - flags: bottom simplicial
    - normal:   -0.6644   0.1865   0.7237
    - offset: -0.04512365
    - vertices: p8478(v827) p5375(v804) p4419(v691)
    - neighboring facets: f4144 f4265 f4261
- f4265
    - flags: bottom simplicial
    - normal:   -0.6865   0.1508   0.7113
    - offset: -0.04508829
    - vertices: p8478(v827) p4419(v691) p169(v487)
    - neighboring facets: f3950 f4266 f4264
- f4266
    - flags: top simplicial
    - normal:   -0.6772   0.1443   0.7215
    - offset: -0.0452328
    - vertices: p8478(v827) p6998(v763) p169(v487)
    - neighboring facets: f3916 f4265 f4263
- f4267
    - flags: bottom simplicial
    - normal:   -0.7025  0.00414  -0.7116
    - offset: -0.02683194
    - vertices: p4196(v828) p975(v778) p7499(v720)
    - neighboring facets: f4156 f4268 f4269
- f4268
    - flags: top simplicial
    - normal:   -0.7128 0.005128  -0.7014
    - offset: -0.0268687
    - vertices: p4196(v828) p3957(v809) p7499(v720)
    - neighboring facets: f4171 f4267 f4269
- f4269
    - flags: bottom simplicial
    - normal:   -0.7045  0.00513  -0.7097
    - offset: -0.0268435
    - vertices: p4196(v828) p3957(v809) p975(v778)
    - neighboring facets: f4174 f4267 f4268
- f4272
    - flags: bottom simplicial
    - normal:   -0.7315 -0.006023  -0.6818
    - offset: -0.02693772
    - vertices: p6287(v829) p4166(v811) p3890(v726)
    - neighboring facets: f4280 f4274 f4285
- f4273
    - flags: top simplicial
    - normal:   -0.7248 -0.007597  -0.6889
    - offset: -0.02692394
    - vertices: p6287(v829) p7697(v632) p5169(v533)
    - neighboring facets: f3231 f4274 f4287
- f4274
    - flags: bottom simplicial
    - normal:   -0.7245 -0.00703  -0.6892
    - offset: -0.02691766
    - vertices: p6287(v829) p3890(v726) p5169(v533)
    - neighboring facets: f3716 f4273 f4272
- f4277
    - flags: bottom simplicial
    - normal:   -0.7284 0.007059  -0.6851
    - offset: -0.02693045
    - vertices: p2508(v830) p5658(v779) p7760(v628)
    - neighboring facets: f4172 f4352 f4278
- f4278
    - flags: top simplicial
    - normal:   -0.7284  0.00706  -0.6851
    - offset: -0.0269305
    - vertices: p2508(v830) p5658(v779) p4052(v721)
    - neighboring facets: f4163 f4353 f4277
- f4280
    - flags: top simplicial
    - normal:   -0.7328 -0.005737  -0.6805
    - offset: -0.02694063
    - vertices: p2367(v831) p4166(v811) p3890(v726)
    - neighboring facets: f4272 f4345 f4285
- f4281
    - flags: top simplicial
    - normal:   -0.7557 -0.0001647  -0.6549
    - offset: -0.02701065
    - vertices: p2367(v831) p401(v786) p9743(v424)
    - neighboring facets: f4052 f4349 f4282
- f4282
    - flags: top simplicial
    - normal:   -0.7435 0.001304  -0.6687
    - offset: -0.02696723
    - vertices: p2367(v831) p3876(v813) p401(v786)
    - neighboring facets: f4360 f4281 f4346
- f4285
    - flags: top simplicial
    - normal:   -0.7347 -0.005894  -0.6784
    - offset: -0.02694885
    - vertices: p2367(v831) p6287(v829) p4166(v811)
    - neighboring facets: f4272 f4280 f4287
- f4286
    - flags: top simplicial
    - normal:   -0.7484 -0.006373  -0.6632
    - offset: -0.02700103
    - vertices: p2367(v831) p9620(v782) p7697(v632)
    - neighboring facets: f4034 f4287 f4347
- f4287
    - flags: bottom simplicial
    - normal:   -0.7483 -0.006371  -0.6633
    - offset: -0.02700068
    - vertices: p2367(v831) p6287(v829) p7697(v632)
    - neighboring facets: f4273 f4286 f4285
- f4290
    - flags: bottom simplicial
    - normal:    -0.738  0.01201  -0.6746
    - offset: -0.02701228
    - vertices: p5982(v832) p365(v814) p4052(v721)
    - neighboring facets: f4196 f4354 f4362
- f4293
    - flags: top simplicial
    - normal:   -0.7706 0.006935  -0.6373
    - offset: -0.02708827
    - vertices: p4901(v833) p1384(v812) p9994(v732)
    - neighboring facets: f4187 f4367 f4356
- f4298
    - flags: top simplicial
    - normal:    0.6807   0.2636   0.6835
    - offset: -0.04423532
    - vertices: p7368(v834) p3934(v816) p4042(v787)
    - neighboring facets: f4208 f4300 f4302
- f4299
    - flags: top simplicial
    - normal:    0.5399   0.2975   0.7874
    - offset: -0.04482004
    - vertices: p7368(v834) p9185(v659) p2864(v653)
    - neighboring facets: f3378 f4301 f4300
- f4300
    - flags: top simplicial
    - normal:    0.5669   0.2678   0.7791
    - offset: -0.04503416
    - vertices: p7368(v834) p4042(v787) p9185(v659)
    - neighboring facets: f4058 f4299 f4298
- f4301
    - flags: bottom simplicial
    - normal:    0.5005   0.4421   0.7443
    - offset: -0.04290285
    - vertices: p7368(v834) p2180(v788) p2864(v653)
    - neighboring facets: f4071 f4299 f4302
- f4302
    - flags: bottom simplicial
    - normal:    0.6249   0.3861   0.6785
    - offset: -0.04324692
    - vertices: p7368(v834) p3934(v816) p2180(v788)
    - neighboring facets: f4303 f4301 f4298
- f4303
    - flags: top simplicial
    - normal:    0.6706   0.3949    0.628
    - offset: -0.04256587
    - vertices: p8631(v835) p3934(v816) p2180(v788)
    - neighboring facets: f4302 f4308 f4306
- f4304
    - flags: bottom simplicial
    - normal:    0.6818   0.4562   0.5719
    - offset: -0.04115044
    - vertices: p8631(v835) p6920(v662) p6912(v452)
    - neighboring facets: f3392 f4307 f4305
- f4305
    - flags: top simplicial
    - normal:    0.7257   0.3916   0.5657
    - offset: -0.0416262
    - vertices: p8631(v835) p6920(v662) p3886(v143)
    - neighboring facets: f3391 f4306 f4304
- f4306
    - flags: bottom simplicial
    - normal:    0.7257   0.3909   0.5662
    - offset: -0.04163989
    - vertices: p8631(v835) p3934(v816) p3886(v143)
    - neighboring facets: f4211 f4305 f4303
- f4307
    - flags: top simplicial
    - normal:    0.4977   0.4993   0.7092
    - offset: -0.04186797
    - vertices: p8631(v835) p679(v678) p6912(v452)
    - neighboring facets: f3870 f4304 f4308
- f4308
    - flags: top simplicial
    - normal:    0.4962   0.4944   0.7137
    - offset: -0.04196525
    - vertices: p8631(v835) p2180(v788) p679(v678)
    - neighboring facets: f4069 f4307 f4303
- f4309
    - flags: top simplicial
    - normal:  8.459e-05   0.5624   0.8268
    - offset: -0.03514048
    - vertices: p8031(v836) p6233(v476) p681(v226)
    - neighboring facets: f3491 f4369 f4310
- f4310
    - flags: top simplicial
    - normal:  -0.004367   0.5457    0.838
    - offset: -0.03553948
    - vertices: p8031(v836) p2337(v817) p6233(v476)
    - neighboring facets: f4218 f4309 f4372
- f4314
    - flags: bottom simplicial
    - normal:   -0.1979   0.4912   0.8483
    - offset: -0.03993868
    - vertices: p1950(v837) p9261(v790) p7894(v692)
    - neighboring facets: f4216 f4316 f4315
- f4315
    - flags: bottom simplicial
    - normal:  -0.01602    0.467   0.8841
    - offset: -0.03708118
    - vertices: p1950(v837) p9801(v818) p9261(v790)
    - neighboring facets: f4388 f4314 f4323
- f4316
    - flags: bottom simplicial
    - normal:   -0.2302   0.3503   0.9079
    - offset: -0.04221638
    - vertices: p1950(v837) p7894(v692) p8640(v243)
    - neighboring facets: f3568 f4322 f4314
- f4320
    - flags: top simplicial
    - normal:   -0.1682   0.2289   0.9588
    - offset: -0.04240028
    - vertices: p2371(v838) p1952(v757) p8640(v243)
    - neighboring facets: f3882 f4322 f4321
- f4321
    - flags: bottom simplicial
    - normal:  -0.08217    0.228   0.9702
    - offset: -0.04091831
    - vertices: p2371(v838) p1952(v757) p9672(v576)
    - neighboring facets: f4116 f4324 f4320
- f4322
    - flags: bottom simplicial
    - normal:   -0.2294   0.3501   0.9082
    - offset: -0.04220879
    - vertices: p2371(v838) p1950(v837) p8640(v243)
    - neighboring facets: f4316 f4320 f4323
- f4323
    - flags: top simplicial
    - normal:   -0.1879   0.3575   0.9148
    - offset: -0.04156557
    - vertices: p2371(v838) p1950(v837) p9801(v818)
    - neighboring facets: f4315 f4376 f4322
- f4324
    - flags: bottom simplicial
    - normal:  -0.0003857   0.2749   0.9615
    - offset: -0.03890851
    - vertices: p2371(v838) p9672(v576) p933(v451)
    - neighboring facets: f4099 f4380 f4321
- f4328
    - flags: top simplicial
    - normal:  0.0005853    0.106   0.9944
    - offset: -0.0398479
    - vertices: p2829(v839) p9371(v825) p412(v747)
    - neighboring facets: f4249 f4331 f4329
- f4329
    - flags: bottom simplicial
    - normal:  -1.191e-05   0.1145   0.9934
    - offset: -0.03980883
    - vertices: p2829(v839) p9371(v825) p1002(v798)
    - neighboring facets: f4251 f4330 f4328
- f4330
    - flags: top simplicial
    - normal:  -0.0001755   0.1009   0.9949
    - offset: -0.03984872
    - vertices: p2829(v839) p2823(v801) p1002(v798)
    - neighboring facets: f4132 f4329 f4332
- f4331
    - flags: bottom simplicial
    - normal:  -3.708e-05    0.079   0.9969
    - offset: -0.03990494
    - vertices: p2829(v839) p8819(v758) p412(v747)
    - neighboring facets: f4129 f4328 f4332
- f4332
    - flags: bottom simplicial
    - normal:  -6.699e-05  0.08112   0.9967
    - offset: -0.03990005
    - vertices: p2829(v839) p2823(v801) p8819(v758)
    - neighboring facets: f4132 f4331 f4330
- f4333
    - flags: top simplicial
    - normal:     0.081  0.08446   0.9931
    - offset: -0.04155099
    - vertices: p8139(v840) p9371(v825) p5651(v796)
    - neighboring facets: f4253 f4334 f4335
- f4334
    - flags: bottom simplicial
    - normal:    0.1045   0.0682   0.9922
    - offset: -0.0420328
    - vertices: p8139(v840) p4608(v826) p5651(v796)
    - neighboring facets: f4343 f4333 f4336
- f4335
    - flags: bottom simplicial
    - normal:   0.04179  0.07363   0.9964
    - offset: -0.04079761
    - vertices: p8139(v840) p9371(v825) p1514(v553)
    - neighboring facets: f4249 f4337 f4333
- f4336
    - flags: top simplicial
    - normal:    0.1615 0.006473   0.9869
    - offset: -0.04306718
    - vertices: p8139(v840) p4608(v826) p6190(v655)
    - neighboring facets: f4257 f4338 f4334
- f4337
    - flags: bottom simplicial
    - normal:   0.03101 -0.01391   0.9994
    - offset: -0.04063393
    - vertices: p8139(v840) p1514(v553) p6900(v78)
    - neighboring facets: f4094 f4338 f4335
- f4338
    - flags: top simplicial
    - normal:   0.07943 -0.03634   0.9962
    - offset: -0.04157929
    - vertices: p8139(v840) p6190(v655) p6900(v78)
    - neighboring facets: f3353 f4337 f4336
- f4339
    - flags: bottom simplicial
    - normal:    0.1917  0.01229   0.9814
    - offset: -0.04354593
    - vertices: p3120(v841) p4608(v826) p9826(v740)
    - neighboring facets: f4257 f4340 f4343
- f4340
    - flags: bottom simplicial
    - normal:    0.2851  0.02238   0.9582
    - offset: -0.0448032
    - vertices: p3120(v841) p9826(v740) p4829(v450)
    - neighboring facets: f3796 f4341 f4339
- f4341
    - flags: top simplicial
    - normal:    0.3172   0.1094    0.942
    - offset: -0.04498014
    - vertices: p3120(v841) p4201(v749) p4829(v450)
    - neighboring facets: f3842 f4340 f4342
- f4342
    - flags: top simplicial
    - normal:    0.2186  0.06644   0.9735
    - offset: -0.04390687
    - vertices: p3120(v841) p5651(v796) p4201(v749)
    - neighboring facets: f4108 f4341 f4343
- f4343
    - flags: top simplicial
    - normal:    0.1936  0.04701   0.9799
    - offset:  -0.043564
    - vertices: p3120(v841) p4608(v826) p5651(v796)
    - neighboring facets: f4334 f4342 f4339
- f4344
    - flags: bottom simplicial
    - normal:   -0.7266 0.0001311  -0.6871
    - offset: -0.02690146
    - vertices: p3976(v842) p3876(v813) p3890(v726)
    - neighboring facets: f4190 f4345 f4346
- f4345
    - flags: top simplicial
    - normal:   -0.7322 -0.005213   -0.681
    - offset: -0.02693736
    - vertices: p3976(v842) p2367(v831) p3890(v726)
    - neighboring facets: f4280 f4344 f4346
- f4346
    - flags: bottom simplicial
    - normal:   -0.7273 0.0001041  -0.6863
    - offset: -0.02690423
    - vertices: p3976(v842) p2367(v831) p3876(v813)
    - neighboring facets: f4282 f4344 f4345
- f4347
    - flags: bottom simplicial
    - normal:   -0.7493 -0.006222  -0.6622
    - offset: -0.02700372
    - vertices: p6702(v843) p2367(v831) p9620(v782)
    - neighboring facets: f4286 f4383 f4349
- f4349
    - flags: top simplicial
    - normal:   -0.7512 -0.005844  -0.6601
    - offset: -0.02700903
    - vertices: p6702(v843) p2367(v831) p9743(v424)
    - neighboring facets: f4281 f4382 f4347
- f4350
    - flags: top simplicial
    - normal:    -0.734 0.006462  -0.6791
    - offset: -0.02694669
    - vertices: p1812(v844) p5982(v832) p3876(v813)
    - neighboring facets: f4361 f4351 f4354
- f4351
    - flags: top simplicial
    - normal:   -0.7319 0.006423  -0.6813
    - offset: -0.02693868
    - vertices: p1812(v844) p3876(v813) p7760(v628)
    - neighboring facets: f4190 f4352 f4350
- f4352
    - flags: bottom simplicial
    - normal:   -0.7291 0.006944  -0.6843
    - offset: -0.02693232
    - vertices: p1812(v844) p2508(v830) p7760(v628)
    - neighboring facets: f4277 f4351 f4353
- f4353
    - flags: top simplicial
    - normal:   -0.7285 0.007063   -0.685
    - offset: -0.02693095
    - vertices: p1812(v844) p2508(v830) p4052(v721)
    - neighboring facets: f4278 f4354 f4352
- f4354
    - flags: bottom simplicial
    - normal:   -0.7302 0.007567  -0.6832
    - offset: -0.02694168
    - vertices: p1812(v844) p5982(v832) p4052(v721)
    - neighboring facets: f4290 f4353 f4350
- f4355
    - flags: top simplicial
    - normal:   -0.7711 0.007338  -0.6367
    - offset: -0.02709391
    - vertices: p4573(v845) p365(v814) p1384(v812)
    - neighboring facets: f4202 f4356 f4357
- f4356
    - flags: bottom simplicial
    - normal:    -0.771 0.007267  -0.6369
    - offset: -0.02709265
    - vertices: p4573(v845) p4901(v833) p1384(v812)
    - neighboring facets: f4293 f4355 f4357
- f4357
    - flags: top simplicial
    - normal:   -0.7708 0.007313   -0.637
    - offset: -0.02709267
    - vertices: p4573(v845) p4901(v833) p365(v814)
    - neighboring facets: f4363 f4355 f4356
- f4360
    - flags: bottom simplicial
    - normal:   -0.7431 0.005714  -0.6692
    - offset: -0.0269769
    - vertices: p5054(v846) p3876(v813) p401(v786)
    - neighboring facets: f4282 f4365 f4361
- f4361
    - flags: bottom simplicial
    - normal:     -0.74 0.006351  -0.6725
    - offset: -0.02696825
    - vertices: p5054(v846) p5982(v832) p3876(v813)
    - neighboring facets: f4350 f4360 f4364
- f4362
    - flags: top simplicial
    - normal:   -0.7414  0.01047   -0.671
    - offset: -0.02701056
    - vertices: p9759(v847) p5982(v832) p365(v814)
    - neighboring facets: f4290 f4363 f4364
- f4363
    - flags: bottom simplicial
    - normal:   -0.7602 0.007314  -0.6496
    - offset: -0.02705492
    - vertices: p9759(v847) p4901(v833) p365(v814)
    - neighboring facets: f4357 f4362 f4367
- f4364
    - flags: top simplicial
    - normal:   -0.7442 0.006808   -0.668
    - offset: -0.02698667
    - vertices: p9759(v847) p5054(v846) p5982(v832)
    - neighboring facets: f4361 f4362 f4365
- f4365
    - flags: bottom simplicial
    - normal:   -0.7477 0.006381   -0.664
    - offset: -0.02699745
    - vertices: p9759(v847) p5054(v846) p401(v786)
    - neighboring facets: f4360 f4366 f4364
- f4366
    - flags: bottom simplicial
    - normal:   -0.7524  0.00625  -0.6586
    - offset: -0.02701549
    - vertices: p9759(v847) p401(v786) p9994(v732)
    - neighboring facets: f4052 f4367 f4365
- f4367
    - flags: top simplicial
    - normal:   -0.7594 0.006746  -0.6506
    - offset: -0.02704633
    - vertices: p9759(v847) p4901(v833) p9994(v732)
    - neighboring facets: f4293 f4366 f4363
- f4369
    - flags: top simplicial
    - normal:   0.00034   0.5024   0.8646
    - offset: -0.03618996
    - vertices: p5627(v848) p8031(v836) p681(v226)
    - neighboring facets: f4309 f4385 f4372
- f4371
    - flags: bottom simplicial
    - normal:  -0.00902   0.4813   0.8765
    - offset: -0.03671599
    - vertices: p5627(v848) p2337(v817) p9261(v790)
    - neighboring facets: f4216 f4389 f4372
- f4372
    - flags: bottom simplicial
    - normal:  -0.001822   0.5068   0.8621
    - offset: -0.03616088
    - vertices: p5627(v848) p8031(v836) p2337(v817)
    - neighboring facets: f4310 f4371 f4369
- f4375
    - flags: top simplicial
    - normal:  -0.01841   0.3742   0.9272
    - offset: -0.03832846
    - vertices: p1834(v849) p9801(v818) p5519(v744)
    - neighboring facets: f4390 f4377 f4376
- f4376
    - flags: top simplicial
    - normal:   -0.0259   0.3658   0.9303
    - offset: -0.03857668
    - vertices: p1834(v849) p2371(v838) p9801(v818)
    - neighboring facets: f4323 f4375 f4380
- f4377
    - flags: top simplicial
    - normal:  -0.0002128   0.3763   0.9265
    - offset: -0.03792801
    - vertices: p1834(v849) p5519(v744) p2948(v743)
    - neighboring facets: f4089 f4378 f4375
- f4378
    - flags: bottom simplicial
    - normal:  0.0001154   0.3525   0.9358
    - offset: -0.03819064
    - vertices: p1834(v849) p7402(v821) p2948(v743)
    - neighboring facets: f4234 f4377 f4379
- f4379
    - flags: top simplicial
    - normal:  -2.762e-05    0.317   0.9484
    - offset: -0.03854479
    - vertices: p1834(v849) p7402(v821) p933(v451)
    - neighboring facets: f4234 f4380 f4378
- f4380
    - flags: bottom simplicial
    - normal:  -0.0002907   0.3014   0.9535
    - offset: -0.03868594
    - vertices: p1834(v849) p2371(v838) p933(v451)
    - neighboring facets: f4324 f4379 f4376
- f4381
    - flags: bottom simplicial
    - normal:   -0.7522 -0.006141  -0.6589
    - offset: -0.02701454
    - vertices: p180(v850) p9620(v782) p9743(v424)
    - neighboring facets: f4033 f4382 f4383
- f4382
    - flags: top simplicial
    - normal:   -0.7517 -0.006006  -0.6595
    - offset: -0.02701191
    - vertices: p180(v850) p6702(v843) p9743(v424)
    - neighboring facets: f4349 f4381 f4383
- f4383
    - flags: bottom simplicial
    - normal:   -0.7508 -0.006161  -0.6605
    - offset: -0.02700905
    - vertices: p180(v850) p6702(v843) p9620(v782)
    - neighboring facets: f4347 f4381 f4382
- f4384
    - flags: bottom simplicial
    - normal:   0.01168   0.4815   0.8764
    - offset: -0.0367381
    - vertices: p2598(v851) p2079(v658) p681(v226)
    - neighboring facets: f3809 f4385 f4394
- f4385
    - flags: top simplicial
    - normal:  0.0003971   0.5002   0.8659
    - offset: -0.03622521
    - vertices: p2598(v851) p5627(v848) p681(v226)
    - neighboring facets: f4369 f4384 f4392
- f4388
    - flags: top simplicial
    - normal:  -0.01123   0.4674    0.884
    - offset: -0.03697061
    - vertices: p2071(v852) p9801(v818) p9261(v790)
    - neighboring facets: f4315 f4389 f4390
- f4389
    - flags: bottom simplicial
    - normal:  -0.00943    0.476   0.8794
    - offset: -0.0368037
    - vertices: p2071(v852) p5627(v848) p9261(v790)
    - neighboring facets: f4371 f4388 f4392
- f4390
    - flags: bottom simplicial
    - normal:  -0.006904   0.4349   0.9005
    - offset: -0.03734562
    - vertices: p2071(v852) p9801(v818) p5519(v744)
    - neighboring facets: f4375 f4391 f4388
- f4391
    - flags: top simplicial
    - normal:  -0.002176   0.4237   0.9058
    - offset: -0.03739814
    - vertices: p2071(v852) p5588(v819) p5519(v744)
    - neighboring facets: f4227 f4390 f4393
- f4392
    - flags: bottom simplicial
    - normal:  0.0002283   0.4879   0.8729
    - offset: -0.03642799
    - vertices: p2071(v852) p2598(v851) p5627(v848)
    - neighboring facets: f4385 f4389 f4394
- f4393
    - flags: bottom simplicial
    - normal:  -4.16e-05   0.4203   0.9074
    - offset: -0.03739973
    - vertices: p2071(v852) p5588(v819) p2079(v658)
    - neighboring facets: f4227 f4394 f4391
- f4394
    - flags: top simplicial
    - normal:  5.062e-05    0.428   0.9038
    - offset: -0.03729936
    - vertices: p2071(v852) p2598(v851) p2079(v658)
    - neighboring facets: f4384 f4393 f4392
- f4395
    - flags: bottom simplicial tricoplanar keepcentrum
    - owner of normal & centrum is facet f4395
    - normal:        -0        0       -1
    - offset: -0.0378284
    - center: 0.016468225 -0.0133075 -0.0378284 
    - vertices: p3557(v259) p6405(v175) p1887(v102)
    - neighboring facets: f837 f1262 f4396
- f4396
    - flags: top simplicial tricoplanar
    - owner of normal & centrum is facet f4395
    - normal:        -0        0       -1
    - offset: -0.0378284
    - center: 0.016468225 -0.0133075 -0.0378284 
    - vertices: p3557(v259) p6405(v175) p4168(v101)
    - neighboring facets: f838 f1264 f4395
- f4399
    - flags: bottom simplicial tricoplanar keepcentrum
    - owner of normal & centrum is facet f4399
    - normal:        -0       -1       -0
    - offset:      -0.02
    - center: -0.002788261333333333  -0.02 -0.01457277777777778 
    - vertices: p2330(v437) p2230(v132) p9109(v72)
    - neighboring facets: f624 f4401 f4403
- f4400
    - flags: top simplicial tricoplanar
    - owner of normal & centrum is facet f4399
    - normal:        -0       -1       -0
    - offset:      -0.02
    - center: -0.002788261333333333  -0.02 -0.01457277777777778 
    - vertices: p2330(v437) p8685(v73) p5230(v37)
    - neighboring facets: f336 f4402 f2198
- f4401
    - flags: top simplicial tricoplanar
    - owner of normal & centrum is facet f4399
    - normal:        -0       -1       -0
    - offset:      -0.02
    - center: -0.002788261333333333  -0.02 -0.01457277777777778 
    - vertices: p2330(v437) p1428(v315) p9109(v72)
    - neighboring facets: f1552 f4399 f4405
- f4402
    - flags: bottom simplicial tricoplanar
    - owner of normal & centrum is facet f4399
    - normal:        -0       -1       -0
    - offset:      -0.02
    - center: -0.002788261333333333  -0.02 -0.01457277777777778 
    - vertices: p2330(v437) p1835(v314) p5230(v37)
    - neighboring facets: f1546 f4400 f4404
- f4403
    - flags: bottom simplicial tricoplanar
    - owner of normal & centrum is facet f4399
    - normal:        -0       -1       -0
    - offset:      -0.02
    - center: -0.002788261333333333  -0.02 -0.01457277777777778 
    - vertices: p2330(v437) p511(v214) p2230(v132)
    - neighboring facets: f1041 f4399 f4406
- f4404
    - flags: top simplicial tricoplanar
    - owner of normal & centrum is facet f4399
    - normal:        -0       -1       -0
    - offset:      -0.02
    - center: -0.002788261333333333  -0.02 -0.01457277777777778 
    - vertices: p2330(v437) p1835(v314) p7522(v210)
    - neighboring facets: f1550 f4405 f4402
- f4405
    - flags: bottom simplicial tricoplanar
    - owner of normal & centrum is facet f4399
    - normal:        -0       -1       -0
    - offset:      -0.02
    - center: -0.002788261333333333  -0.02 -0.01457277777777778 
    - vertices: p2330(v437) p1428(v315) p7522(v210)
    - neighboring facets: f1554 f4404 f4401
- f4406
    - flags: bottom simplicial tricoplanar
    - owner of normal & centrum is facet f4399
    - normal:        -0       -1       -0
    - offset:      -0.02
    - center: -0.002788261333333333  -0.02 -0.01457277777777778 
    - vertices: p2330(v437) p5063(v320) p511(v214)
    - neighboring facets: f1583 f4403 f2199
- f4409
    - flags: top simplicial tricoplanar keepcentrum
    - owner of normal & centrum is facet f4409
    - normal:        -1        0        0
    - offset:    -0.0271
    - center: -0.0271 -0.000521191111111111 0.01394412444444444 
    - vertices: p8699(v675) p6547(v66) p9422(v34)
    - neighboring facets: f1458 f4412 f4411
- f4410
    - flags: top simplicial tricoplanar
    - owner of normal & centrum is facet f4409
    - normal:        -1        0        0
    - offset:    -0.0271
    - center: -0.0271 -0.000521191111111111 0.01394412444444444 
    - vertices: p8699(v675) p314(v511) p491(v191)
    - neighboring facets: f2578 f4417 f4416
- f4411
    - flags: top simplicial tricoplanar
    - owner of normal & centrum is facet f4409
    - normal:        -1        0        0
    - offset:    -0.0271
    - center: -0.0271 -0.000521191111111111 0.01394412444444444 
    - vertices: p8699(v675) p4380(v514) p6547(v66)
    - neighboring facets: f2593 f4409 f4417
- f4412
    - flags: bottom simplicial tricoplanar
    - owner of normal & centrum is facet f4409
    - normal:        -1        0        0
    - offset:    -0.0271
    - center: -0.0271 -0.000521191111111111 0.01394412444444444 
    - vertices: p8699(v675) p8341(v413) p9422(v34)
    - neighboring facets: f2055 f4409 f4415
- f4413
    - flags: top simplicial tricoplanar
    - owner of normal & centrum is facet f4409
    - normal:        -1        0        0
    - offset:    -0.0271
    - center: -0.0271 -0.000521191111111111 0.01394412444444444 
    - vertices: p8699(v675) p4809(v567) p3131(v287)
    - neighboring facets: f2892 f4414 f4419
- f4414
    - flags: bottom simplicial tricoplanar
    - owner of normal & centrum is facet f4409
    - normal:        -1        0        0
    - offset:    -0.0271
    - center: -0.0271 -0.000521191111111111 0.01394412444444444 
    - vertices: p8699(v675) p3738(v402) p3131(v287)
    - neighboring facets: f2584 f4413 f4416
- f4415
    - flags: top simplicial tricoplanar
    - owner of normal & centrum is facet f4409
    - normal:        -1        0        0
    - offset:    -0.0271
    - center: -0.0271 -0.000521191111111111 0.01394412444444444 
    - vertices: p8699(v675) p8341(v413) p7397(v202)
    - neighboring facets: f2053 f3446 f4412
- f4416
    - flags: bottom simplicial tricoplanar
    - owner of normal & centrum is facet f4409
    - normal:        -1        0        0
    - offset:    -0.0271
    - center: -0.0271 -0.000521191111111111 0.01394412444444444 
    - vertices: p8699(v675) p314(v511) p3738(v402)
    - neighboring facets: f2579 f4414 f4410
- f4417
    - flags: bottom simplicial tricoplanar
    - owner of normal & centrum is facet f4409
    - normal:        -1        0        0
    - offset:    -0.0271
    - center: -0.0271 -0.000521191111111111 0.01394412444444444 
    - vertices: p8699(v675) p4380(v514) p491(v191)
    - neighboring facets: f2590 f4410 f4411
- f4418
    - flags: top simplicial tricoplanar
    - owner of normal & centrum is facet f4409
    - normal:        -1        0        0
    - offset:    -0.0271
    - center: -0.0271 -0.000521191111111111 0.01394412444444444 
    - vertices: p8699(v675) p6062(v566) p8256(v466)
    - neighboring facets: f3442 f4419 f3447
- f4419
    - flags: bottom simplicial tricoplanar
    - owner of normal & centrum is facet f4409
    - normal:        -1        0        0
    - offset:    -0.0271
    - center: -0.0271 -0.000521191111111111 0.01394412444444444 
    - vertices: p8699(v675) p4809(v567) p8256(v466)
    - neighboring facets: f2891 f4418 f4413
- f4422
    - flags: bottom simplicial tricoplanar keepcentrum
    - owner of normal & centrum is facet f4422
    - normal:         1       -0       -0
    - offset:    -0.0352
    - center: 0.0352 0.002697272222222222 -0.009847597777777779 
    - vertices: p7980(v698) p9765(v234) p3081(v83)
    - neighboring facets: f1141 f4428 f4429
- f4423
    - flags: bottom simplicial tricoplanar
    - owner of normal & centrum is facet f4422
    - normal:         1       -0       -0
    - offset:    -0.0352
    - center: 0.0352 0.002697272222222222 -0.009847597777777779 
    - vertices: p7980(v698) p6355(v182) p8607(v15)
    - neighboring facets: f873 f4430 f4432
- f4424
    - flags: bottom simplicial tricoplanar
    - owner of normal & centrum is facet f4422
    - normal:         1       -0       -0
    - offset:    -0.0352
    - center: 0.0352 0.002697272222222222 -0.009847597777777779 
    - vertices: p7980(v698) p2687(v458) p5314(v230)
    - neighboring facets: f2302 f4433 f4434
- f4425
    - flags: top simplicial tricoplanar
    - owner of normal & centrum is facet f4422
    - normal:         1       -0       -0
    - offset:    -0.0352
    - center: 0.0352 0.002697272222222222 -0.009847597777777779 
    - vertices: p7980(v698) p5001(v501) p3147(v277)
    - neighboring facets: f2530 f4427 f4438
- f4426
    - flags: top simplicial tricoplanar
    - owner of normal & centrum is facet f4422
    - normal:         1       -0       -0
    - offset:    -0.0352
    - center: 0.0352 0.002697272222222222 -0.009847597777777779 
    - vertices: p7980(v698) p6076(v153) p332(v59)
    - neighboring facets: f724 f4431 f3571
- f4427
    - flags: top simplicial tricoplanar
    - owner of normal & centrum is facet f4422
    - normal:         1       -0       -0
    - offset:    -0.0352
    - center: 0.0352 0.002697272222222222 -0.009847597777777779 
    - vertices: p7980(v698) p3147(v277) p484(v247)
    - neighboring facets: f1356 f4436 f4425
- f4428
    - flags: top simplicial tricoplanar
    - owner of normal & centrum is facet f4422
    - normal:         1       -0       -0
    - offset:    -0.0352
    - center: 0.0352 0.002697272222222222 -0.009847597777777779 
    - vertices: p7980(v698) p8715(v339) p3081(v83)
    - neighboring facets: f1680 f4422 f4434
- f4429
    - flags: top simplicial tricoplanar
    - owner of normal & centrum is facet f4422
    - normal:         1       -0       -0
    - offset:    -0.0352
    - center: 0.0352 0.002697272222222222 -0.009847597777777779 
    - vertices: p7980(v698) p9765(v234) p7506(v149)
    - neighboring facets: f1142 f4435 f4422
- f4430
    - flags: top simplicial tricoplanar
    - owner of normal & centrum is facet f4422
    - normal:         1       -0       -0
    - offset:    -0.0352
    - center: 0.0352 0.002697272222222222 -0.009847597777777779 
    - vertices: p7980(v698) p2515(v666) p8607(v15)
    - neighboring facets: f3407 f4423 f4440
- f4431
    - flags: bottom simplicial tricoplanar
    - owner of normal & centrum is facet f4422
    - normal:         1       -0       -0
    - offset:    -0.0352
    - center: 0.0352 0.002697272222222222 -0.009847597777777779 
    - vertices: p7980(v698) p7648(v453) p332(v59)
    - neighboring facets: f2280 f4426 f4433
- f4432
    - flags: bottom simplicial tricoplanar
    - owner of normal & centrum is facet f4422
    - normal:         1       -0       -0
    - offset:    -0.0352
    - center: 0.0352 0.002697272222222222 -0.009847597777777779 
    - vertices: p7980(v698) p407(v500) p6355(v182)
    - neighboring facets: f2525 f4423 f4437
- f4433
    - flags: top simplicial tricoplanar
    - owner of normal & centrum is facet f4422
    - normal:         1       -0       -0
    - offset:    -0.0352
    - center: 0.0352 0.002697272222222222 -0.009847597777777779 
    - vertices: p7980(v698) p7648(v453) p5314(v230)
    - neighboring facets: f2281 f4424 f4431
- f4434
    - flags: top simplicial tricoplanar
    - owner of normal & centrum is facet f4422
    - normal:         1       -0       -0
    - offset:    -0.0352
    - center: 0.0352 0.002697272222222222 -0.009847597777777779 
    - vertices: p7980(v698) p2687(v458) p8715(v339)
    - neighboring facets: f2299 f4428 f4424
- f4435
    - flags: bottom simplicial tricoplanar
    - owner of normal & centrum is facet f4422
    - normal:         1       -0       -0
    - offset:    -0.0352
    - center: 0.0352 0.002697272222222222 -0.009847597777777779 
    - vertices: p7980(v698) p7432(v461) p7506(v149)
    - neighboring facets: f3419 f4429 f4440
- f4436
    - flags: bottom simplicial tricoplanar
    - owner of normal & centrum is facet f4422
    - normal:         1       -0       -0
    - offset:    -0.0352
    - center: 0.0352 0.002697272222222222 -0.009847597777777779 
    - vertices: p7980(v698) p6467(v489) p484(v247)
    - neighboring facets: f2470 f4427 f4439
- f4437
    - flags: top simplicial tricoplanar
    - owner of normal & centrum is facet f4422
    - normal:         1       -0       -0
    - offset:    -0.0352
    - center: 0.0352 0.002697272222222222 -0.009847597777777779 
    - vertices: p7980(v698) p407(v500) p3429(v389)
    - neighboring facets: f2526 f4438 f4432
- f4438
    - flags: bottom simplicial tricoplanar
    - owner of normal & centrum is facet f4422
    - normal:         1       -0       -0
    - offset:    -0.0352
    - center: 0.0352 0.002697272222222222 -0.009847597777777779 
    - vertices: p7980(v698) p5001(v501) p3429(v389)
    - neighboring facets: f2528 f4437 f4425
- f4439
    - flags: bottom simplicial tricoplanar
    - owner of normal & centrum is facet f4422
    - normal:         1       -0       -0
    - offset:    -0.0352
    - center: 0.0352 0.002697272222222222 -0.009847597777777779 
    - vertices: p7980(v698) p4441(v592) p6467(v489)
    - neighboring facets: f3030 f4436 f3572
- f4440
    - flags: bottom simplicial tricoplanar
    - owner of normal & centrum is facet f4422
    - normal:         1       -0       -0
    - offset:    -0.0352
    - center: 0.0352 0.002697272222222222 -0.009847597777777779 
    - vertices: p7980(v698) p2515(v666) p7432(v461)
    - neighboring facets: f3408 f4435 f4430
