3
10000 1380 2070
-0.0132062 -0.00521078 0.08784500000000001 
-0.0351903 0.0126951 0.0151851 
-0.0133 0.00330522 0.0473971 
-0.00316947 0.0209407 0.0316519 
0.0277503 -0.0112869 0.00604613 
-0.0121904 -0.008679859999999999  0.038 
0.0193268 -0.0146563 0.0119497 
0.009356049999999999 -0.0240798 0.0178626 
0.0190009 0.000508182 0.0119497 
-0.0137944 0.0085243 0.06541959999999999 
-0.0141955 0.0212707 0.0333969 
0.0297639 -0.0107364 0.00779039 
0.0103646 -0.0216269 0.0203778 
0.0154759 -0.0145051 0.00594971 
0.008023539999999999 0.00606681 0.000949706 
-0.0119891 0.00428463 0.004655 
0.00772176 0.0196252 0.0119497 
-0.00377299 0.00364448 0.00166199 
0.00563665 -0.008086029999999999 0.00638478 
-0.0269508 0.0159537 0.0118113 
-0.00552062 -0.0149954 0.0374323 
0.0042798 -0.00224662 0.00471431 
-0.0105672 -0.00588648 0.0951183 
-0.015 0.00692146 0.02421 
-0.0352 -0.0105651 0.0309122 
-0.0237543 0.0145432 0.00628512 
-0.030928 0.00383125 0.0558434 
-0.0262804 -0.0103006 0.0521571 
-0.015 0.0057623 0.0162314 
-0.00591244 0.0237818 0.0141809 
-0.0128623 -0.016274  0.038 
-0.0198809 -0.0124896 0.0444922 
-0.0114899 -0.0234748 0.0320346 
-0.0137908 -0.00313212 0.101393 
-0.0120809 -0.00774484 0.0760228 
-0.0129203 -0.0239009 0.0186551 
0.0172356 0.0228122 0.00674505 
-0.0307865 -0.0140458 0.0061589 
0.0116557 0.0110841 0.0119497 
0.009549409999999999 -0.00748088 0.00255203 
-0.021314 -0.00273469 0.0692451 
0.008630000000000001 0.00607718 0.000464236 
0.0179662 -0.00694637 0.00594971 
-0.0026911 -1.34606e-05 0.0042749 
-0.015 0.00983989 0.0275136 
-0.015 0.00247423 0.0427563 
-0.00961479 0.00497682  0.038 
-0.0236742 0.00494157 0.0257067 
-0.0183728 0.00448115 0.0218867 
-0.0352 -0.00653234 0.040688 
-0.0247226 -0.0162726 0.008765459999999999 
-0.0180464 -0.007988149999999999 0.0746503 
-0.0284992 0.00635669 0.0059497 
0.0174429 -0.009731109999999999 0.0119497 
0.0137029 -0.0208919 0.0142671 
-0.00793146 0.004418 0.007864579999999999 
-0.015 0.0112002 0.031226 
-0.0270262 0.00467517 0.0222652 
-0.028018 0.0110005 0.0490137 
-0.0171174 0.00307593 0.0781879 
-0.0306288 0.00549822 0.0566655 
-0.0352 0.00237063 0.0314959 
-0.0100853 -0.00310321 0.000949706 
-0.0116 -0.00344761 0.07086290000000001 
-0.0282522 0.0148209 0.039885 
0.0204289 0.0203421 0.00594971 
-0.00194287 0.0217306 0.0280209 
-0.0227193 -0.0176616 0.0167678 
-0.0204212 -0.000595236 0.0542055 
-0.024994 0.0049858 0.0255338 
-0.0082302 0.007865280000000001 0.0102471 
-0.0150974 -0.000728434 0.0529396 
-0.0338908 -0.0153408 0.00912134 
-0.0170009 -0.00449482 0.00594971 
-0.0256348 -0.0159537 0.0316226 
0.00918101 -0.00766957 0.0105382 
-0.0184329 0.008814890000000001 0.0637783 
0.0112781 -0.00716038 0.00594971 
0.0117597 0.0113528 0.00594971 
0.00157579 -0.00311943 0.00994971 
-0.0312883 0.0153745 0.00718396 
-0.0173077 0.008026810000000001 0.07406550000000001 
-0.015 0.0109753 0.0129167 
-0.0161118 8.72179e-05 0.0416871 
-0.0331418 -0.0157752 0.03484 
-0.015 0.014958 0.0200668 
-0.0240025 -0.0113308 0.0477776 
-0.0254604 0.0159537 0.009640330000000001 
-0.0324866 0.000469985 0.0396901 
-0.0335481 0.0155777 0.0363284 
-0.0352 0.010824 0.0116488 
0.0294188 -0.0100584 0.00717857 
-0.0149917 0.00697364 0.0460657 
-0.015 -0.0156059 0.0139304 
-0.0309691 -0.00485952 0.0245487 
-0.0092738 0.00660155  0.038 
-0.00494477 0.0163489 0.0151497 
-0.0142663 -0.0215186 0.00629037 
0.0133113 0.00033676 0.00594971 
-0.0123005 0.00342389 0.0366997 
0.0011781 0.008757020000000001 0.000949706 
-0.012378 0.00249642 0.0113913 
-0.0214974 -0.000494375 0.08175399999999999 
-0.0101177 0.000876633  0.038 
-0.0352 0.000352014 0.0423476 
-0.015 -0.00495425 0.0287075 
0.00263692 0.0009785309999999999 0.00927292 
-0.00709467 -0.022873 0.015229 
-0.00797232 0.00378257 0.000949707 
-0.00433603 -0.0129499 0.0119497 
0.008553099999999999 -0.0239655 0.0199815 
-0.00395892 0.0237818 0.0111308 
-0.0275893 -0.0159537 0.0366643 
0.00286532 0.0222037 0.0142174 
0.0225913 0.0206496 0.00597194 
-0.015 0.00733058 0.0251633 
-0.0181702 -0.000399384 0.0397402 
-0.0125114 -0.0162182 0.0356493 
-0.0352 -0.0055664 0.0127643 
-0.009123559999999999 0.0113638  0.038 
-0.0352 -0.0115709 0.0360036 
-0.00998726 -0.00140251 0.00994971 
-0.0156767 0.0102932 0.0521937 
-0.0153544 0.000716667 0.0738964 
0.0044531 0.0149678 0.00594971 
0.00680048 0.0237818 0.009202760000000001 
-6.76562e-06 0.00248128 0.00487907 
-0.0352 0.00866199 0.0238402 
-0.00227852 0.0210162 0.0293702 
-0.0248375 0.00069047 0.0193849 
-0.0117258 -0.0134679 0.0366997 
-0.0317843 -0.00917748 0.0519868 
0.0159746 -0.00524515 0.00594971 
-0.0217569 0.0112901 0.04792 
-0.0228086 -0.0176001 0.0338817 
0.00482244 -0.0162182 0.0129762 
-0.0338628 0.00400285 0.0477802 
-0.0247851 -0.0051698 0.07272099999999999 
0.00548812 -0.0174182 0.029198 
-0.0249061 0.0040185 0.0723886 
0.0206723 0.00419162 0.0119497 
-0.00564515 -0.011187 0.0373077 
-0.0114789 0.00343363 0.0366997 
-0.0175049 -0.0212523 0.0237848 
-0.0133135 -0.008365289999999999 0.06926789999999999 
-0.017919 -0.000536153 0.08626209999999999 
-0.009900000000000001 -0.00434618 0.09128219999999999 
-0.0140247 0.00557989 0.0963735 
0.0230115 0.00613993 0.00594971 
-0.0112993 -0.0174182 0.0202377 
0.00565023 -0.00225279 0.00542436 
0.022991 -0.00712398 0.00594971 
-0.0252995 -0.00699091 0.0059497 
-0.0237883 -0.0122783 0.0450308 
-0.0232789 -0.00656336 0.0604399 
0.008075519999999999 -0.0227028 0.0239598 
-0.00895514 -0.0118959 0.00594971 
0.0069402 0.00226643 0.000949706 
-0.0295328 -0.0111214 0.0485371 
-0.0177599 -0.00475339 0.0253932 
-0.000936257 -0.0242182 0.0275912 
-0.0279228 0.0144573 0.04049 
0.0116877 -0.0237183 0.0151545 
-0.00588585 -0.009959839999999999 0.00594971 
-0.0352 -0.00318759 0.0391021 
-0.0256009 0.0159537 0.031769 
-0.0352 0.00531372 0.0103731 
-0.0216201 -0.0184185 0.0317234 
-0.0350838 -0.0107015 0.0431802 
-0.009900000000000001 0.0040056 0.086657 
-0.0157867 0.0199306 0.0377052 
0.0032798 -0.000785409 0.008365549999999999 
-0.0053782 -0.0162182 0.01483 
0.0262764 -0.021992 0.009001779999999999 
-0.0349784 0.0137595 0.0256585 
0.000393655 0.0253413 0.00943983 
0.000438166 0.0244262 0.00594971 
-0.020409 -0.000584912 0.06582590000000001 
-0.0168841 0.021246 0.0129907 
0.00144112 -0.020773 0.0374666 
0.0145457 0.00115222 0.0119497 
0.00583014 -0.01183 0.00594971 
0.025239 0.0194305 0.0118619 
-0.0067982 0.0176818 0.0224276 
-0.0338421 0.00512043 0.0240897 
-0.0337753 0.015428 0.0168857 
0.007903429999999999 -0.0143093 0.0119497 
-0.00576024 0.00614511 0.000949706 
-0.0352 -0.009193 0.0160323 
0.00785922 -0.00381822 0.00717306 
0.000624737 0.0103827 -5.02935e-05 
0.00291724 -0.00296525 0.00457339 
0.0214309 0.0179211 0.0119497 
-0.0324787 -0.0135359 0.0421665 
-0.015 0.00522689 0.016621 
-0.00483599 0.00772655 0.009767039999999999 
0.018726 -0.00131758 0.0119497 
-0.013603 0.00504781  0.038 
0.00591551 -0.0242182 0.0100337 
-0.0134393 -0.00395414 0.0460657 
0.0114516 -0.0204954 0.00594971 
-0.00445599 -0.00182546 0.000949706 
-0.0266557 -0.00281068 0.0675814 
-0.0282012 0.0159537 0.0372313 
-0.0262749 0.0156067 0.0385774 
-0.0172397 0.00389686 0.0933152 
0.00778022 0.0089035 0.00172803 
0.00800536 0.0255635 0.00981331 
-0.0143371 0.000293434 0.09106450000000001 
-0.0318422 -0.0066082 0.0533316 
-0.0196639 0.0171337 0.00619566 
-0.0118334 -0.000160282  0.038 
-0.0181136 -0.000639979 0.0649068 
-0.0137323 -0.0159144 0.0366997 
-0.0160433 0.00670638 0.00594971 
0.00354094 -0.00441234 0.0030899 
-0.00401785 -0.0162182 0.0352434 
0.0149613 -0.0168303 0.0119497 
0.0141912 -0.00333418 0.0119497 
-0.009848900000000001 -0.0238858 0.0305006 
-0.00234613 -0.00351872 0.00621182 
-0.009835740000000001 0.0228882 0.0325949 
-0.0200575 -0.00200094 0.0700315 
-0.00913896 0.00410402 0.101662 
0.007902899999999999 0.0147594 0.00594971 
-0.0208522 -0.00706605 0.06882190000000001 
-0.0127985 0.000275935 0.0115272 
-0.0174191 0.00214308 0.019776 
-0.009124139999999999 -0.00211862 0.095375 
-0.0352 0.0114143 0.0206766 
-0.015 -0.00663324 0.0159685 
-0.0113301 0.00102804 0.00113607 
-0.0352 0.000677857 0.0187592 
0.00419277 -0.0207182 0.025693 
-0.0163561 0.0109335 0.0492855 
-0.00126175 -0.0242182 0.0212676 
-0.0126449 -0.008629110000000001 0.0657819 
-0.0352 -0.00725911 0.0369799 
-0.0140985 0.0214372 0.0359218 
-0.0262189 0.000529135 0.0193671 
-0.00131663 0.0157818 0.0149372 
-0.0308084 -0.0111449 0.0484543 
0.0079854 -0.0091632 0.00454402 
-0.0116 0.00649869 0.08069079999999999 
0.00711379 -0.009869269999999999 0.00466484 
-0.00633546 0.0020739 0.00680535 
-0.00246587 0.0219717 0.0291877 
0.0109187 -0.0114148 0.0119497 
-0.0133 -0.00736489 0.0580806 
0.0121534 0.0109363 0.00594971 
-0.0237145 0.0159537 0.037651 
-0.0133 -0.00686537 0.060017 
-0.0279795 -0.0109169 0.0493308 
-0.0121366 0.000122909 0.0896354 
-0.000666342 0.0242813 0.007946989999999999 
-0.00442255 -0.0162182 0.01294 
0.00102464 -0.0132407 0.00594971 
0.00685472 -0.0157129 0.0119497 
-0.00959718 -0.0184182 0.0134945 
0.0154537 0.0148097 0.0119497 
-0.0146022 -0.0124024  0.038 
-0.00243166 0.0237818 0.0117446 
-0.0120725 0.0157818 0.0181779 
-0.00573719 0.00333962 0.00191543 
-0.00475309 -0.008159949999999999 0.00534785 
-0.0231279 -0.00847534 0.0677488 
0.0266954 -0.0211109 0.0104185 
-0.009900000000000001 -0.00165748 0.0894889 
-0.0203939 0.000777066 0.0702496 
-0.0137952 0.000735635 0.0905186 
-0.0306029 0.00721526 0.0566333 
-0.0321875 0.0159537 0.0157158 
0.00477118 0.00314253 0.0038634 
-0.0152698 0.009946719999999999 0.00594971 
-0.011528 -0.00401183 0.00131422 
0.00156629 -0.0062812 0.000949706 
0.027374 -0.00282105 0.00597593 
-0.0265309 0.0159537 0.0113807 
-0.0333654 0.0156769 0.0208353 
-0.0116 -0.00122103 0.082228 
-0.0352 0.00837214 0.0245174 
-0.0214643 0.00160751 0.08184470000000001 
-0.0139118 0.00265845 0.0460657 
0.0138027 -0.0224441 0.0135261 
-0.0331123 -0.00441075 0.0222632 
-0.00409207 -0.00808391 0.000949706 
-0.0143006 -0.023359 0.025376 
-0.0351078 0.0132946 0.0322013 
-0.00758777 -0.0174182 0.0221492 
0.0213081 0.0162908 0.0119497 
0.00246962 -0.0187695 0.0272191 
-0.0123807 -0.0064122 0.09197139999999999 
-0.0139139 0.000353436 0.0875914 
-0.0145521 -0.0162182 0.015159 
-0.00566163 -0.0144933 0.00594971 
-0.0154613 0.0222258 0.0105923 
-0.0111665 0.00596217  0.038 
-0.0101866 -0.00695549 0.0366997 
-0.00643339 0.00532668 0.00120646 
0.0264779 0.00505818 0.00594971 
-0.0131964 0.00223817 0.0119497 
0.000800178 -0.0121912 0.00444102 
-0.009302029999999999 -0.00747002  0.038 
-0.0133 0.00294382 0.0499017 
-0.0197773 -0.00742186 0.08059669999999999 
-0.0111103 -5.24292e-05 0.000949706 
-0.007900000000000001 0.00317761 0.101226 
0.0196632 -0.0231076 0.00662137 
-0.0133 0.00163806 0.0575721 
-0.035123 0.00170164 0.0082807 
-0.0107643 0.0157818 0.0180786 
0.0168808 -0.0132871 0.0119497 
0.0237813 -0.0170828 0.0119497 
-0.0229341 -0.000556355 0.00594971 
-0.00581967 0.00607259 0.00365714 
-0.008157899999999999 0.023164 0.0315656 
-0.0186398 -0.0204708 0.0139074 
-0.008328790000000001 0.0176818 0.019817 
-0.0227959 -0.00194717 0.019804 
-0.0175195 -0.0006347 0.0540576 
0.0258669 -0.00936991 0.00594971 
0.0293005 -0.00307168 0.00702444 
 -0.01 0.0168678 0.0204175 
-0.0076376 0.009775900000000001 0.00594971 
0.0106298 -0.0162182 0.0140681 
-0.0164629 -0.000535784 0.0750908 
-0.0156976 0.022063 0.0341009 
-0.0289199 0.00856932 0.0587481 
-0.0050037 -0.0127059 0.0119497 
-0.0178436 -0.00325865 0.0280182 
-0.0214975 0.0174773 0.0366384 
-0.00208457 -0.0116395 -5.02935e-05 
-0.0204815 0.00797236 0.07486669999999999 
-0.0162849 0.0216587 0.0280437 
-0.0152824 0.000728533 0.0423647 
-0.0133 -0.00303521 0.0611212 
-0.0119388 -0.010622 0.00594971 
0.0152751 0.0084549 0.0119497 
-0.014967 0.00428463 0.00520968 
-0.0155176 0.0135865 0.0418574 
0.0292735 -0.00234628 0.0109049 
-0.0352 -0.000730509 0.0325053 
-0.00999887 -0.00682629 0.0366997 
0.00988032 0.0114186 0.00594971 
-0.00691407 -0.0145339  0.038 
-0.0149925 -0.0110331 0.0488575 
-0.0090867 0.009136969999999999 0.00594971 
-0.008215790000000001 -0.0212491 0.0374868 
-0.0128851 0.0199763 0.00264971 
0.00341421 -0.0242182 0.015328 
-0.018585 0.0173124 0.00523835 
-0.0307496 -0.00177238 0.0059497 
-0.0352 -0.0113652 0.0229183 
-0.0101644 -0.0190041  0.038 
0.0216748 -0.0171248 0.0119497 
-0.0103455 -0.00213947  0.038 
0.0150038 -0.009923980000000001 0.0119497 
-0.0182996 0.00559954 0.0889789 
-0.00228619 -0.0242182 0.0171496 
0.014552 0.0205113 0.00594971 
0.0117532 -0.00260888 0.00199761 
-0.0276532 -0.0159537 0.0343227 
0.0119027 -0.0009408799999999999 -5.02935e-05 
-0.0259534 -0.0159537 0.0285864 
-0.00741697 -0.00117615 0.000949706 
-0.0273095 0.00154691 0.0657852 
-0.0261653 -0.00232828 0.0689289 
-0.00836865 -0.0220984 0.0366203 
-0.0116623 -0.007925949999999999 0.0657203 
-0.0248068 -0.00530535 0.0059497 
0.0285446 0.0166244 0.0111707 
-0.0108765 0.011659 0.0366997 
-0.0133 -0.00118157 0.0630787 
-0.015 -0.0135039 0.0121201 
0.0101101 0.00921365 0.00594971 
0.020682 -0.0230904 0.0112683 
-0.0258571 -0.00436822 0.0265234 
-0.00800535 -0.009522920000000001 0.0109872 
-0.0196059 0.00665182 0.0694828 
0.00692599 0.00061122 0.000949707 
-0.0236364 0.00697679 0.0739258 
-0.0213384 0.00759025 0.0769832 
-0.0159252 0.0219063 0.0255424 
-0.0141824 -0.00472106 0.00384795 
0.00431661 -0.00663579 0.00271456 
-0.0131152 0.012206 0.00594971 
-0.0208609 0.008181300000000001 0.0718227 
-0.00760032 0.0157818 0.0140747 
-0.00241714 -0.0226073 0.0352722 
-0.00251094 -0.00700813 0.00994971 
-0.0113795 -0.000139749 0.0947499 
-0.0169335 -0.00017384 0.063286 
-0.00165979 -0.0218626 0.00602114 
-0.0352 0.0114268 0.0261365 
0.0126665 0.0128618 0.00594971 
-0.00345648 0.0237818 0.0234821 
-0.015 -0.00217325 0.0150532 
-0.015 -0.00458663 0.0125846 
-0.0232284 -0.009101929999999999 0.0606962 
-0.0119072 0.0127252 0.0119497 
-0.0100253 -0.0142572  0.038 
-0.0257211 0.00150406 0.07014919999999999 
-0.009431729999999999 -0.0130831 0.00594971 
0.00149828 0.00851703 0.00994971 
0.0263175 -0.0213706 0.00737493 
-0.0172105 -0.0150546 0.0059497 
-0.015 -0.0106258 0.0229089 
-0.0111307 0.00509672 0.0988435 
-0.00709272 -0.0189055 0.0334723 
-0.0100276 -0.00663422 0.08571670000000001 
-0.015 -0.009491090000000001 0.0255713 
-0.0220134 -0.00806948 0.0730365 
-0.0352 0.00527415 0.0359239 
-0.0228925 0.0167079 0.036367 
0.00524189 0.000461076 0.00994971 
0.00768562 -0.00942141 -2.374e-05 
-0.015 0.00453013 0.0178177 
-0.0254261 -0.0159537 0.0340256 
0.00460653 -0.0234218 0.0069156 
0.00616807 0.00577787 0.00354524 
-0.0133502 -0.0101302 0.0496752 
-0.0233344 0.0152368 0.00648439 
-0.0116 -0.00657183 0.0663728 
-0.0132133 0.0157818 0.017992 
-0.00226844 0.0213116 0.0292336 
-0.0282322 0.0159537 0.0137016 
-0.0129121 -0.0174182 0.0196849 
-0.0107566 -0.0062417 0.0931061 
-0.0285972 -0.0159537 0.0298362 
0.0138235 -0.0197677 0.0140426 
0.0288223 -0.009333650000000001 0.00657018 
-0.0170556 0.00058746 0.0529698 
-0.0293237 -0.0102655 0.0523787 
-0.0343959 -0.0148311 0.0190046 
0.00270559 0.0169964 0.0149414 
-0.0182914 0.009043549999999999 0.0613876 
-0.0148991 0.00830066 0.07021280000000001 
-0.0121962 0.0122468 0.00594971 
-0.0138522 -0.010704 0.00594971 
-0.0313087 0.0159537 0.0229638 
-0.0208172 -0.00127964 0.00594971 
-0.0294637 -0.000199157 0.0587503 
-0.003094 0.0185494 0.0316404 
-0.0236917 -0.016992 0.00974009 
-0.00806188 -0.0176211 0.0352765 
0.00957508 -0.0242162 0.008898919999999999 
-0.0273615 -0.0159537 0.0126627 
0.0195754 0.0104432 0.00594971 
-0.00575283 -0.0173804 0.0173497 
-0.0134903 0.0203428 0.0027412 
-0.00912952 0.0230207 0.00695657 
-0.0274329 0.000428652 0.0578968 
-0.0145964 0.0164258 0.00264971 
-0.0311736 0.0139609 0.0413916 
0.0120667 0.0274069 0.00594971 
0.0294595 0.0155053 0.00748701 
-0.0110798 -0.00338269  0.038 
-0.0318985 0.00101734 0.0531769 
-0.0106722 -0.00591549 0.0366997 
0.0253555 -0.00733586 0.00594971 
-0.0347509 0.0142851 0.0369725 
-0.0190585 9.89244e-05 0.0869096 
0.00130783 -0.0207182 0.0233047 
-0.00691874 -0.0174182 0.0204256 
-0.0207137 -0.00295537 0.0839071 
-0.0283664 -0.0130271 0.0432722 
-0.00699578 -0.0212141 0.0356321 
-0.0133 0.00285808 0.0566367 
0.0152077 -0.0215187 0.0119329 
-0.0119423 -0.00712272 0.08291659999999999 
-0.00405529 0.0129088 0.00594971 
-0.0352 0.0110471 0.0163131 
-0.0163007 0.00186733 0.09603159999999999 
-0.0145054 0.022785 0.008131940000000001 
-0.020815 0.0146105 0.00594971 
-0.0129326 -0.0208094 0.00595405 
-0.000103589 -0.0162182 0.0153413 
0.0184938 0.0190316 0.0119497 
-0.0270624 -0.00346795 0.0059497 
-0.0278129 -0.00411713 0.0217222 
-0.030707 0.00766577 0.0561046 
-0.00829468 -0.0111686 0.0366997 
0.00304709 0.0233372 0.00594971 
-0.00759515 -0.0140588 0.0119497 
-0.0137624 0.00708872 0.0862797 
0.00267591 -0.0202442 0.0356379 
-0.008116999999999999 -0.0193214 0.0327202 
-0.0226555 0.00126212 0.0194838 
0.00355998 0.0245513 0.00649179 
0.0142049 -0.0172088 0.00594971 
-0.0189395 -0.0200825 0.0359326 
-0.031563 -0.0154173 0.0389044 
-0.0352 -0.00439147 0.0202047 
-0.0276913 -0.000246497 0.0647361 
-0.0233376 -0.00724174 0.0604974 
-0.0260647 0.000672455 0.0193825 
-0.00632665 -0.00435447 0.00169894 
-0.00757999 0.022501 0.0340398 
0.0299128 0.009655230000000001 0.008240900000000001 
-0.0116 -0.00630974 0.08167099999999999 
-0.0219175 0.00298955 0.00594971 
-0.0116 -0.00272149 0.0762737 
-0.0131883 0.008486789999999999 0.06771249999999999 
-0.0326618 0.000323984 0.0193581 
0.0160425 -0.0202194 0.00594971 
-0.0022 -0.0179431 0.0233873 
-0.0107137 0.018575 0.00427438 
-0.0281332 -0.00316044 0.0504044 
-0.0211461 0.0165937 0.0375436 
-0.0330547 0.0158064 0.0271604 
0.0141618 -0.00705516 0.0119497 
-0.0156168 -0.00193789 0.0288992 
0.0023288 0.0272765 0.00972487 
-0.00718297 0.0237818 0.0155194 
-0.0280754 0.00570743 0.0636809 
-0.0166579 -0.008410529999999999 0.0686464 
-0.015 -0.0133965 0.0308104 
-0.0197087 0.0072107 0.00594971 
0.00709632 0.00420255 0.00394971 
-0.0273344 0.00614677 0.0059497 
-0.0352 -0.0102835 0.0400165 
-0.0172083 0.00800405 0.0743992 
-0.0285168 -0.000312472 0.0624682 
-0.0116 0.00065293 0.0739374 
-0.0296793 0.015909 0.008445350000000001 
0.00782631 -0.008760479999999999 0.0103035 
-0.0133 -0.007857319999999999 0.0470187 
-0.00949554 -0.00631493 0.00363105 
0.0128075 -0.00195983 0.0116446 
-0.0114594 0.00888269 0.00594971 
-0.0178469 0.00349136 0.07931729999999999 
-0.00841657 -0.0173423  0.038 
-0.0107612 -0.0180729  0.038 
-0.0235117 -0.00380564 0.0596102 
-0.00362924 -0.0211828 0.0235265 
-0.0109709 -0.0242111 0.0205515 
-0.008830920000000001 -0.00375997 0.0366997 
-0.0197817 0.0019431 0.0693106 
0.0200158 0.0170463 0.00594971 
-0.0347199 0.00365949 0.0278924 
-0.0335237 0.0108786 0.0465579 
-0.0277742 0.0159537 0.0230118 
-0.00710503 -0.0191618 0.0357391 
-0.0191559 -0.0134457 0.0059497 
-0.0124009 -0.00046169 0.08306719999999999 
-0.028363 -0.0102327 0.0525723 
-0.0022 -0.0186648 0.0228353 
-0.015 0.00791122 0.0272678 
-0.021959 0.0177513 0.0336709 
0.00308077 -0.0055364 0.000949706 
-0.000870458 -0.0174182 0.0187879 
-0.0248317 -0.00360544 0.072593 
-0.0254611 -0.009237459999999999 0.0594152 
-0.00990187 -0.00551293 0.0916873 
-0.0035599 0.00207588 0.00835556 
-0.0192531 -0.0103783 0.0517644 
0.0118078 0.00185809 0.00254903 
-0.0352 -0.00699374 0.0334046 
0.0299802 0.00230617 0.00862423 
-0.034984 -0.00111568 0.0446998 
0.00205799 -0.0174182 0.0178322 
-0.0220107 0.0114579 0.0473748 
-0.00982296 -0.021929 0.00603594 
0.0299946 -0.00306137 0.009072439999999999 
0.00623407 0.018952 0.00594971 
-0.0147844 0.0226671 0.0211381 
-0.0167596 0.0091535 0.060262 
-0.00585563 -0.0174182 0.0185222 
0.00193635 -0.0145981 0.0119497 
-0.0279746 -0.00230017 0.0512906 
0.0152646 -0.0163249 0.00594971 
-0.0143115 -0.0233534 0.0180646 
0.00397661 -0.00389981 0.00113145 
0.0165236 0.0213307 0.00600149 
-0.0213009 -0.0186383 0.0310301 
-0.0121559 -0.0105671 0.0366997 
-0.0179061 -0.00313478 0.0786719 
0.0222215 -0.0238644 0.00821827 
-0.0126054 0.0235547 0.0101339 
-0.0298727 0.00232482 0.0059497 
-0.018154 0.00512893 0.0242844 
-0.00511628 0.0172694 0.0151497 
-0.0352 -0.00472715 0.0296595 
-0.0165406 0.0214826 0.025891 
0.0281804 0.0185881 0.0106181 
-0.00276839 0.00266877 0.00909399 
0.00664786 0.00976903 0.000887442 
0.018773 0.0207752 0.00594971 
-0.0287878 0.0135549 0.0422007 
-0.0208712 -0.00312979 0.0688284 
-0.0145303 0.000219832 0.0882667 
-0.0207599 0.00274012 0.0687985 
0.00755543 -0.00681519 0.0040755 
-0.0351787 0.0128435 0.0227225 
-0.0133 -0.00509002 0.0611796 
-0.00033913 0.0235155 0.0189026 
-0.0243269 -0.000948285 0.0292268 
-0.0247482 0.000227632 0.0603961 
0.00323824 -0.0162182 0.0156932 
-0.00359321 0.0237818 0.0203803 
-0.0223224 0.000686428 0.04442 
-0.0133 -0.00375834 0.0552913 
-0.0261205 -0.0113399 0.0059497 
0.0196366 0.0197202 0.0119497 
0.00174926 0.00294364 0.00994971 
0.0210122 -0.0165769 0.0119497 
-0.00318464 0.0157818 0.0140713 
-0.00331911 -0.0181971 0.0266126 
-0.0116 0.000209084 0.0681287 
-0.0235233 0.0129335 0.0059497 
-0.0133 -0.00526464 0.0540534 
-0.0352 -0.00184861 0.0112718 
0.028804 -0.000139872 0.00655617 
-0.0101785 0.00630507  0.038 
-0.035038 -0.00467 0.0257321 
0.0203162 -0.0156153 0.00594971 
0.0030112 -0.0141258 0.00594971 
0.0243122 -0.0165385 0.00594971 
0.0122756 0.00588199 0.0119497 
-0.0157571 0.009811830000000001 0.0552316 
0.00407741 -0.0230206 0.023085 
-0.024756 -0.00122833 0.0599062 
-0.0216468 -0.000516623 0.0385634 
-0.00384744 -0.0242182 0.0275029 
-0.015 0.007961910000000001 0.0272612 
-0.0284861 0.0159537 0.0212876 
-0.015 -0.00899428 0.0439762 
0.0139428 0.0237537 0.008561640000000001 
-0.00544604 0.0176818 0.0260754 
0.00616372 -0.0174182 0.0234175 
-0.0352 0.0052659 0.0136248 
-0.00676671 0.00368577 0.00394971 
-0.0344623 0.0129707 0.00703682 
-0.0182203 -0.0207596 0.021839 
-0.0242693 -0.0163483 0.0078703 
-0.0096384 -0.00272682  0.038 
-0.015 -0.0073239 0.0123893 
-0.0158317 7.53875e-05 0.0383604 
0.0099288 -0.00285338 0.00086794 
-0.0340345 -0.0152182 0.0363194 
0.0187845 -0.009592420000000001 0.0119497 
-0.013637 0.00768835 0.078695 
-0.0299693 0.00458704 0.0584776 
-0.0337622 -0.015438 0.016193 
0.00179631 -0.00223057 0.00721265 
0.0256259 -0.00712112 0.00594971 
0.0048742 0.0237818 0.00928754 
-0.0169231 0.0212192 0.0262535 
-0.00114521 -0.0229247 0.0340877 
-0.0303499 -0.0121195 0.045432 
-0.0197711 -0.000672779 0.0387759 
-0.0165171 -0.0219325 0.0348316 
0.0122413 0.0263137 0.011822 
-0.00340834 -0.0117191 0.00190937 
0.00555664 -0.0120956 0.0118207 
-0.0139407 0.0190954 0.012618 
-0.0196155 0.0193651 0.0105572 
-0.0148717 0.008974350000000001 0.0621583 
-0.009004409999999999 -0.0242182 0.0290507 
-0.022801 0.00864054 0.06592729999999999 
-0.00800799 0.0124963  0.038 
0.0237736 -0.0148742 0.00594971 
0.0116481 -0.0173641 0.0172747 
-0.0243233 0.000153157 0.0553293 
0.00420741 -0.0233123 0.0302547 
-0.0315954 -0.00863593 0.0059497 
-0.00386546 0.0202441 0.0336507 
-0.0231892 0.00512155 0.0245842 
-0.00303856 -0.00480012 0.00345659 
-0.00147327 0.00393705 0.00753287 
-0.0173564 -0.0213545 0.0269106 
0.00568152 -0.0242182 0.0177176 
0.00820336 0.0160719 0.00594971 
0.009408629999999999 0.0165428 0.00594971 
-0.0134875 -0.00446324 0.0119497 
-0.0194468 0.0194813 0.0230337 
-0.0226179 -0.008421150000000001 0.06847590000000001 
-0.0352 0.00210638 0.0363507 
0.0037938 -0.000154371 0.0063118 
-0.0291525 0.0159537 0.0339991 
-0.0312985 -0.00726476 0.0547956 
-0.0352 0.00396573 0.0303697 
-0.0172389 -0.0148448 0.0399096 
-0.0182131 -0.00600985 0.00594971 
-0.0116692 -0.0208235 0.0377268 
-0.00858689 0.0237818 0.0181045 
-0.0245148 0.00781256 0.0697918 
-0.00162324 -0.0242182 0.0133788 
-0.0161722 0.0052372 0.078973 
-0.008473629999999999 0.0237818 0.0270911 
0.0267938 0.0209578 0.00975081 
-0.0178636 -0.00422204 0.0268042 
0.00132294 -0.0242182 0.0154142 
-0.0259078 0.00476897 0.0262077 
0.0003 -0.0193757 0.0239804 
-0.00318039 0.0157818 0.0148494 
-0.0132738 -0.0007037 0.0949313 
-0.0222779 0.000555924 0.0796095 
-0.0211789 -0.00353013 0.00594971 
-0.00699449 0.0237818 0.0183324 
-0.00901541 -0.0162182 0.0158684 
-0.0249361 0.00119209 0.072306 
-0.0352 -0.0014926 0.0386825 
-0.0207004 0.009136460000000001 0.0603839 
-0.0151777 0.00113343 0.00460048 
-0.0055597 -0.0181979 0.0214398 
0.00212897 0.0231481 0.0138974 
-0.028754 -0.010255 0.0524181 
0.0273995 0.015346 0.00600612 
0.0207223 0.0160252 0.0119497 
-0.0206365 -0.008189180000000001 0.0717182 
-0.00645281 -0.0230469 0.0236802 
-0.0149378 -0.000977765  0.038 
-0.0166998 -0.0212532 0.00736128 
-0.0301672 -0.00958441 0.0540065 
-0.0352 0.00293488 0.0138357 
0.0118697 0.0109706 0.00594971 
-0.015 -0.0165322 0.0263608 
-0.0154817 0.007975619999999999 0.0748159 
-0.00404666 -0.0140728 0.0119497 
-0.0246832 0.00617117 0.0725277 
0.00829657 0.0277818 0.008442659999999999 
-0.0116 -0.00486563 0.0738041 
0.0191642 -0.00829538 0.0119497 
-0.015 0.012509 0.0185763 
0.00132911 -0.0242182 0.0172938 
-0.0272779 -0.0159537 0.0218634 
0.0270132 -0.014911 0.0119475 
-0.00420368 -0.0242182 0.0212133 
0.00444723 -0.00221175 0.00565395 
-0.0188349 -0.00903166 0.0616354 
0.00871979 -0.0219295 0.00603658 
0.000385958 0.0176818 0.0202198 
-0.015 0.009025429999999999 0.0383896 
-0.015 0.00812997 0.0263479 
-0.0116 0.00409935 0.0831312 
-0.0152893 0.00324928 0.0204455 
0.000827066 0.00683484 0.000949706 
0.00664078 -0.0218527 0.0274055 
-0.0252021 -0.008126609999999999 0.06729400000000001 
-0.0102614 -0.00556499 0.00515198 
-0.015 -0.00135014 0.0413656 
0.00621551 -0.007886779999999999 0.00551042 
0.0161112 0.00794918 0.00594971 
-0.0144005 1.91334e-05 0.0729844 
-0.0334027 0.015658 0.0323347 
-0.0182835 -0.0115737 0.0470025 
-0.0340112 -0.015239 0.0225207 
-0.0229959 -0.0102692 0.0523434 
0.00305195 -0.0162182 0.0348179 
-0.00627337 0.0236652 0.008126680000000001 
-0.0127185 0.0235262 0.0214311 
-0.0286047 -0.0150521 0.0395355 
0.0147153 -0.00119203 0.00594971 
-0.0118394 -0.00785419 0.0119497 
-0.0349372 -0.0110525 0.0433692 
-0.0119913 -0.02303 0.0336947 
-0.009900000000000001 0.00272245 0.08792179999999999 
0.00281618 0.0215283 0.00594971 
0.0178541 -0.0193579 0.0119497 
-0.0127422 0.00350185 0.102155 
-0.00890173 0.00929937 0.0117505 
-0.0210779 -0.0106808 0.0503337 
-0.0275742 0.00668056 0.0500006 
0.0106449 -0.00771986 0.0117313 
-0.0133 0.00151763 0.0634967 
-0.009900000000000001 -0.00421631 0.0895164 
-0.0116 -0.00587038 0.0835278 
-0.00211585 -0.0242182 0.0140527 
-0.0219453 0.00124901 0.0292185 
-0.00847149 -0.0242182 0.0257271 
-0.015 -0.0088699 0.0137339 
-0.0143978 -0.00111631 0.00389819 
-0.0139772 0.0217315 0.0155477 
-0.00241546 -0.0241422 0.00828418 
-0.00244072 0.00647341 0.009423880000000001 
-0.00126559 -0.0121512 0.00120914 
0.014749 0.00224642 0.00594971 
-0.0177393 0.00678366 0.08689910000000001 
-0.0323679 -0.00449755 0.0224727 
0.0296104 0.00609125 0.00747338 
-0.0169905 0.00275201 0.0941364 
-0.0105514 0.0157818 0.0351162 
-0.00737054 0.00179906 0.0366997 
-0.009233119999999999 0.00503299 0.0990689 
-0.00398495 0.0110911 0.00528519 
0.0248345 -0.0130876 0.0119497 
0.0129082 -0.0240771 0.0080474 
-0.0146729 0.00771149 0.0785082 
-0.0246714 0.00466874 0.0059497 
0.00548975 -0.0242182 0.0126757 
0.00554201 0.0104179 0.00446588 
0.00176031 0.00365213 0.000949706 
-0.015 0.0130786 0.0142644 
-0.00115579 0.0180669 0.0263152 
0.0137593 -0.0173416 0.0141613 
-0.00784966 0.00396404 0.0053306 
0.00317715 0.00926343 0.000705438 
-0.0226015 -0.00848642 0.06767910000000001 
-0.0215625 -0.00421039 0.0815751 
0.0133482 0.020819 0.00595025 
-0.0209692 -0.0188667 0.0140721 
-0.015 0.00529785 0.0135667 
0.00648149 -0.0242182 0.0139242 
-0.0272974 -0.00537789 0.0658185 
-0.0128131 0.00571531 0.0657203 
-0.0207365 0.0185932 0.024419 
-0.0352 0.00352771 0.0301108 
-0.0124234 0.0203019 0.00264971 
-0.00979855 -0.0179015 0.0345663 
-0.008744399999999999 -0.0242182 0.0115114 
-0.00379651 0.00749815 0.00668943 
-0.0161412 -0.000753007 0.00546802 
-0.0348721 -0.0140322 0.0108276 
0.00677184 -0.000345701 0.000949706 
0.00222256 0.0271702 0.0111924 
-0.0277203 -0.00209134 0.06465659999999999 
-0.015 0.00648488 0.0384364 
-0.0128053 0.00201579 0.0117068 
-0.015 -0.000407946 0.015947 
-0.00289407 0.0157818 0.0139547 
-0.0333942 -0.0156618 0.0102171 
-0.00112162 -0.0174182 0.0257062 
0.00875125 0.0221105 0.00594971 
-0.0237152 0.007996949999999999 0.07071230000000001 
-0.0104931 -0.00700381 0.0862643 
-0.0136021 -0.0236704 0.0143914 
-0.023116 -0.0173884 0.0206488 
0.00347629 -0.0207278 0.0259037 
0.007947249999999999 -0.00532005 0.000949706 
0.0259584 -0.00972425 0.0119497 
-0.0202248 -0.0193794 0.0318385 
-0.00903413 0.0138922 0.00594971 
-0.0335204 -0.00221494 0.0487209 
-0.0161457 -0.0112398 0.0481069 
-0.009300920000000001 0.00427792 0.00994971 
-0.01876 0.00765746 0.0793673 
0.0220381 0.0188096 0.00594971 
-0.0100288 -0.00616603 0.0901724 
-0.00793345 -0.0227887 0.00639452 
-0.00261163 -0.0234468 0.0321389 
-0.014377 0.009240679999999999 0.0460657 
-0.0138381 0.0231426 0.0239274 
-0.015 0.0151589 0.0123258 
-0.0352 -0.0056394 0.0235402 
-0.0142461 0.0157818 0.0251512 
-0.0119629 0.00482754 0.00594971 
-0.0286282 -0.000743211 0.0469338 
0.0140753 -0.0205572 0.013577 
-0.0277209 -0.00666423 0.0643316 
-0.0168972 -0.008986549999999999 0.0621834 
0.00860736 -0.024177 0.008455570000000001 
-0.0186122 -0.0104968 0.0511992 
-0.0116 -0.00544188 0.0718415 
-0.00898002 -0.0174182 0.0175213 
-0.0116 0.00158314 0.08301600000000001 
0.009430600000000001 -0.0242182 0.0119866 
-0.0119841 -0.00368518  0.038 
-0.0111929 0.0237627 0.0116616 
-0.0352 -0.00136718 0.0399945 
0.0222718 0.0234797 0.008541129999999999 
-0.0321509 -0.00873937 0.0059497 
-0.0219494 -0.0181917 0.00904539 
-0.0106307 -0.00278975 0.00994971 
-0.0005633530000000001 0.0156343 0.0119497 
-0.017499 0.00163643 0.0782437 
-0.00705843 0.0176818 0.0232296 
-0.0200976 0.009399660000000001 0.0582235 
-0.00949122 -0.009448170000000001 0.0366997 
-0.015 0.0102321 0.0457227 
-0.000210385 -0.0162182 0.0345706 
-0.0064886 -0.004733 0.00130088 
-0.0307965 -0.00876998 0.0545852 
0.00179902 0.0219143 0.0175453 
-0.0224296 0.0100598 0.0536044 
-0.0284873 -0.0104956 0.051193 
-0.0215794 0.008341049999999999 0.069553 
-0.015 -0.0124687 0.032652 
-0.0136737 -0.00261543 0.102102 
-0.0116 -0.00015742 0.08233989999999999 
-0.0111231 -0.00110945  0.038 
-0.0304451 -0.00134627 0.0195781 
-0.0256418 0.000314747 0.0059497 
0.00261898 -0.0162182 0.0324698 
-0.0106055 0.00678288 0.0366997 
-0.0132006 0.0210993 0.0365069 
0.00409731 -0.0121873 0.00594971 
-0.0196526 -0.0197734 0.0144555 
-0.0352 0.00342851 0.0338546 
-0.0209306 0.0163095 0.00621343 
0.0108933 0.00250214 0.00994971 
-0.0305717 -0.00444944 0.0568223 
-0.0325947 -0.0035055 0.00597628 
-0.0352 -0.00866337 0.0154847 
-0.0266342 -0.0149111 0.00667758 
-0.00227086 0.0202972 0.00594971 
0.008507320000000001 0.0241264 0.00844465 
-0.0177537 0.0167096 0.00424242 
0.015032 0.0136433 0.00594971 
-0.025665 0.00318878 0.0703035 
0.0200903 0.00743459 0.0119497 
-0.00709658 0.0237818 0.0265365 
-0.0142639 -0.0117105 0.0460657 
-0.009900000000000001 -0.00180009 0.08791930000000001 
-0.00281417 -0.00727555 0.008210790000000001 
-0.033468 0.0119827 0.00623107 
0.0278315 -0.00899523 0.0118301 
-0.0116 0.00489628 0.0826407 
-0.00142598 0.0234681 0.0221766 
-0.0324453 0.0102338 0.00596097 
-0.00797401 0.0145005  0.038 
-0.0118011 -0.0169297 0.0313497 
0.0013381 0.0157818 0.0146725 
-0.0135457 -0.000362323 0.052886 
-0.0153421 -0.0227416 0.0318505 
0.0102742 -0.00640479 0.0040782 
-0.0330315 0.0158141 0.0183864 
0.0249893 -0.0110277 0.00594971 
-0.00782675 -0.00601013 0.00766713 
-0.0289141 0.00373141 0.0613767 
-0.0195587 -0.00790823 0.07580969999999999 
-0.00143762 -0.0174182 0.0295171 
-0.0151163 0.0130012 0.0420986 
-0.0330308 0.00438902 0.0217353 
-0.000333726 -0.0162182 0.0147998 
-0.0111416 -0.0162182 0.0136661 
0.013049 -0.0235483 0.00706092 
-0.00873029 0.00076956 0.0366997 
-0.0133 -0.00692257 0.0561502 
-0.0227899 -0.00486199 0.0242071 
-0.0109256 0.00288748 0.0100717 
-0.0344985 -0.000729982 0.0194248 
-0.00373574 0.00198947 0.00804941 
-0.0352 0.00933755 0.0292687 
-0.0239665 -0.0168028 0.0103964 
-0.027936 0.0159537 0.009332160000000001 
-0.0184045 0.007854949999999999 0.076585 
-0.0112296 0.00667289 0.0366997 
-0.00655938 0.0176818 0.0335183 
-0.0352 0.00793788 0.0246378 
-0.00263049 -0.000815739 0.00760028 
-0.0352 -0.000541097 0.0370491 
0.00769007 0.0275687 0.00594971 
0.00229136 -0.0162182 0.0318786 
0.0215442 0.0176821 0.0119497 
-0.0174132 -0.00475164 0.078213 
-0.0106265 0.0202464 0.0377864 
-0.0116 -0.00351554 0.0847096 
0.000574831 0.0210845 0.0215138 
-0.0144227 0.000680706 0.0521718 
-0.0224246 -0.00436717 0.00594971 
-0.0121661 -0.00746672 0.08032449999999999 
-0.0174309 0.00782094 0.0770835 
0.008877289999999999 0.0050843 0.00916028 
0.008617090000000001 0.009280450000000001 0.0115441 
-0.00579309 -0.00229084 0.00865816 
-0.0149043 -0.008261920000000001 0.0460657 
-0.0202371 0.00303338 0.0202798 
-0.0133 0.00376929 0.0473947 
-0.0316571 -0.00381316 0.0538402 
0.00421854 -0.0164228 0.0318712 
-0.00389484 -0.0207175 0.0059497 
-0.0346134 0.0145217 0.0198429 
-0.00269396 -0.000357179 0.00777788 
-0.0352 0.00159722 0.0439232 
-0.0185786 0.00727344 0.0832247 
-0.0352 -0.00911557 0.033205 
-0.0116 -0.00344704 0.08080519999999999 
0.0216638 0.00684748 0.00594971 
0.00477082 -0.0242182 0.00915903 
-0.0347691 -0.0129514 0.0402001 
0.00771232 0.021435 0.0119497 
-0.0349072 -0.00576423 0.00765801 
-0.0188722 0.019877 0.0332212 
-0.034549 -0.000750019 0.0292707 
-0.0273244 0.00313252 0.06574430000000001 
0.008225349999999999 0.00468157 0.000949706 
-0.0134813 0.0171143 0.013629 
-0.0149801 -0.00736935 0.0830338 
-0.00964165 -0.0216675 0.0371477 
-0.0026957 -0.000317246 0.00535 
-0.0126736 0.00781893 0.0657203 
-0.0116 0.00491476 0.0666387 
-0.00716974 0.0147555 0.0366997 
-0.0162615 -0.00163262 0.0196737 
-0.0132466 0.00486075 0.0119497 
-0.0280673 -0.0159537 0.024072 
-0.012006 0.0236762 0.016152 
-0.0226353 -0.0106681 0.0503927 
-0.0311093 0.0156507 0.0385042 
-0.0164412 -0.000610819 0.06434570000000001 
-0.015 -0.0068433 0.0301475 
-0.0259147 -0.00326744 0.0059497 
-0.00765695 0.000747259 0.0366997 
-0.0168452 0.0103142 0.052086 
-0.0215664 -0.0135845 0.0059497 
-0.0164411 -0.000748454 0.0745625 
-0.015 -0.00113244 0.0413447 
-0.0316194 0.0159537 0.0116861 
0.0167089 -0.0152388 0.0119497 
-0.00932271 0.0237818 0.0125806 
0.010311 -0.00633985 0.000438305 
-0.015 -0.008108199999999999 0.0398882 
-0.00549857 0.0176818 0.0200493 
0.00356077 -0.00988228 -5.02935e-05 
-0.0230745 -0.000298222 0.0762075 
-0.00318141 0.0128778 0.00594971 
0.0103119 -0.0012068 0.000781713 
-0.0351917 0.0126783 0.0317911 
-0.0265557 -0.0112622 0.0480265 
0.0254492 -0.00527584 0.0119497 
0.00058356 -0.00448045 0.00994971 
-0.00779235 0.01268 0.00594971 
-0.0101093 0.009807440000000001 0.00594971 
0.00382021 -0.000256199 0.00856168 
-0.0137701 0.0132787  0.038 
-0.0351363 -0.0130612 0.008671649999999999 
-0.0135437 -0.0198982 0.0059497 
-0.00263202 0.000372392 0.00260265 
-0.0215906 0.0180051 0.0126704 
0.0268749 -0.014165 0.0119497 
-0.0144319 -0.00472106 0.00573614 
-0.0340632 -0.0151901 0.009362260000000001 
-0.01768 -0.0113983 0.0475569 
0.0188654 -0.0122276 0.0119497 
-0.0174249 -0.00880012 0.0642824 
-0.00907518 -0.0162182 0.0126 
-0.010931 -0.000467814 0.0366997 
-0.00629338 -0.00603397 0.00304886 
-0.0134658 -0.0165144 0.0313497 
-0.0352 -0.0102695 0.0335451 
-0.00787933 0.0237818 0.0259841 
0.0253943 -0.0174624 0.00594971 
-0.0157917 0.009894419999999999 0.0546321 
0.0105822 0.000654176 0.000522062 
-0.0308666 0.0159537 0.0197589 
-0.0202693 0.00697545 0.0701966 
0.00255636 0.00259262 0.00994971 
-0.00514661 -0.0242182 0.0133669 
0.00871422 0.00524399 0.008446 
0.00196227 -0.0242182 0.0155645 
-0.00316185 0.00801837 0.000949707 
-0.0100105 -0.0195455 0.0330093 
-0.00775227 0.00488538 0.000949707 
-0.0143851 -0.0233157 0.0138535 
-0.0155347 -0.00689842 0.088265 
-0.015 0.000259965 0.0430485 
0.0077135 -0.00407607 0.000949707 
-0.00886311 -0.024067 0.0298242 
-0.0172612 -0.00780315 0.0773486 
-0.0133 -0.00753505 0.0640394 
0.0116715 -0.0225454 0.0173691 
-0.0244802 0.0160153 0.0154605 
-0.019185 0.0191656 0.0365109 
-0.0210042 0.00459451 0.0059497 
-0.0128637 0.00546858 0.0366997 
0.00868816 0.0107063 0.0119497 
-0.0185744 -0.0006850750000000001 0.0394103 
-0.0151125 -0.00268953 0.0284751 
-0.00631768 -0.0126069 0.0119497 
-0.0277267 -0.0006647069999999999 0.0646389 
-0.0141581 0.00424843 0.0993144 
-0.008297540000000001 -0.0074881 0.00378922 
0.00625427 -0.0174182 0.0255944 
-0.00395506 -0.0159249 0.0119497 
0.000903564 -0.0209822 0.0059497 
-0.0299651 0.0128174 0.0437383 
-0.0233527 -0.0129519 0.0434536 
0.0105526 0.00148695 0.00994971 
0.00592082 0.00189434 0.00522153 
-0.0178211 -0.006395 0.0785078 
-0.0171068 0.0146558 0.0401597 
-0.0303737 0.00720552 0.0572278 
-0.015 0.00124601 0.0297298 
-0.00418882 0.0165735 0.00594971 
-0.015 -0.0107127 0.0233042 
-0.00405018 -0.023634 0.00717239 
0.00796472 -0.00340313 0.00994971 
0.0199552 0.0174286 0.00594971 
-0.008230650000000001 0.0237818 0.0175675 
-0.0227297 0.008056509999999999 0.00594971 
0.00401126 -0.00387299 0.00393704 
-0.0116 0.0023449 0.0836427 
-0.0144321 4.29952e-05 0.094281 
-0.00598465 -0.0200945 0.0140574 
-0.008305999999999999 0.000136987 0.105169 
-0.0107991 -0.00547217 0.09732689999999999 
-0.0116 -0.00642131 0.066315 
-0.0131632 0.00729622 0.08393639999999999 
-0.0166216 0.0214268 0.0304575 
-0.0235179 0.0150898 0.0394376 
-0.0143802 0.0157818 0.0204137 
0.000494736 0.0254424 0.00653001 
0.0299999 0.00248334 0.008947449999999999 
-0.0132458 -0.0174182 0.0260875 
0.0120819 0.0076533 0.00594971 
-0.0168351 -0.00715738 0.08559410000000001 
-0.009900000000000001 -0.0032174 0.09227249999999999 
0.0195351 0.0173957 0.0119497 
-0.0291025 -0.0159537 0.0358919 
-0.00917897 0.0176818 0.0178837 
-0.015 0.0095254 0.0235963 
-0.0252488 -0.000353551 0.0193753 
-0.0184143 0.00773527 0.0783215 
-0.0133 0.00594266 0.063148 
-0.00248776 0.0158947 0.0151497 
-0.00181424 -0.0242182 0.0108754 
-0.0128507 -0.008072960000000001 0.07326390000000001 
-0.015 0.00529909 0.0309022 
-0.0256607 0.00510456 0.0703153 
-0.0244272 0.0160518 0.00890634 
-0.00179985 0.00405012 0.00394971 
-0.008278000000000001 0.0138678 0.0119497 
-0.0116 0.00414777 0.0778764 
-0.0280268 0.000457691 0.0059497 
-0.0161262 0.0217679 0.0206492 
-0.0210533 0.00132338 0.0829739 
-0.0167472 -0.013607 0.0420578 
0.00413055 0.0255177 0.011743 
0.0281203 -0.0129793 0.00616966 
-0.0129795 -0.0174182 0.0186973 
-0.015 -0.0025423 0.0420228 
-0.0274516 -0.0149007 0.0397969 
-0.00912697 0.0237818 0.0197085 
-0.0139648 0.00719949 0.0849727 
-0.0149992 -0.012855  0.038 
-0.0106028 -0.0242182 0.0106213 
0.0112913 0.0176522 0.00594971 
-0.0129769 0.0157818 0.021794 
0.00572325 -0.0112212 0.00594971 
-0.0177254 0.00743016 0.0822845 
-0.0179925 -0.008707080000000001 0.0653287 
0.029995 -0.00111982 0.009065190000000001 
-0.0205028 -0.0191879 0.0157901 
-0.0128844 0.00838501 0.0691085 
0.00907794 -0.00650066 0.00994971 
-0.0146292 6.829670000000001e-05 0.0366997 
-0.027366 0.0104505 0.0059497 
-0.0226174 -0.00553768 0.0783952 
-0.0216765 0.00556411 0.0808106 
-0.000960471 0.00443922 0.00765943 
0.00370586 0.0250709 0.0113099 
-0.00605488 0.0066757  0.038 
-0.0150719 -0.0101312 0.0533179 
-0.0340298 -0.00481013 0.0473215 
-0.0331798 0.0157605 0.0187703 
0.0114315 0.00627739 0.0118588 
-0.0180376 -0.00960108 0.056937 
-0.0095172 -0.009486349999999999  0.038 
-0.0234809 0.0115954 0.0059497 
-0.00510212 -0.00816126 0.00431531 
-0.0184695 0.0201543 0.00963582 
-0.0122172 0.0179818 0.0332479 
-0.020943 0.00696992 0.0800584 
-0.0239459 0.00591814 0.07464949999999999 
-0.009654090000000001 -0.0174182 0.022737 
-0.00731752 -0.0222072 0.00611842 
-0.0216954 0.000316147 0.0452356 
-0.031564 0.0116873 0.0466561 
-0.0245833 0.00747986 0.0596184 
-0.00182502 -0.008447420000000001 0.000949707 
-0.0263469 0.012928 0.0059497 
-0.010313 -0.0116654 0.00594971 
-0.00181914 0.0202927 0.0281378 
-0.0094351 0.0237818 0.0135982 
0.00660967 -0.0239852 0.00779462 
-0.0116 0.000397425 0.0701353 
-0.00529828 -0.0112671 0.0376546 
-0.0137923 0.00541428 0.08758000000000001 
0.0152628 0.0029179 0.00594971 
0.0111353 -0.0106731 0.00594971 
-0.0171042 0.0210944 0.0190731 
-0.015 -0.0127898 0.0249776 
-0.0163211 -0.00829123 0.0702371 
-0.0307354 -0.0159537 0.0223838 
-0.0286848 0.00612911 0.061998 
-0.0197623 0.00157287 0.06932960000000001 
-0.0247915 0.00501242 0.0600891 
-0.0138472 0.00356233 0.0875827 
-0.0352 0.0101817 0.0147919 
-0.009900000000000001 0.00316071 0.09260019999999999 
-0.0266619 0.00709444 0.0059497 
-0.0112037 -0.00407037 0.101736 
-0.0144312 -0.000199167 0.0730239 
-0.0235764 -0.00386329 0.00594971 
-0.0296911 0.009854150000000001 0.0537936 
-0.0228278 0.0171531 0.0248617 
0.0233527 0.0204154 0.00598453 
0.0295565 0.00373098 0.0073845 
-0.0116 -0.00667045 0.0714833 
-0.000161357 -0.0167424 0.0173497 
-0.00767674 -0.0131881 0.00594971 
0.009824909999999999 0.000415321 0.00994971 
-0.0111565 -0.0116386  0.038 
0.00613065 0.0214578 0.00594971 
-0.0135773 -0.023684 0.0303751 
-0.0157428 0.00752188 0.08100060000000001 
0.0015176 -0.0237 0.0245767 
0.00196033 0.0093469 0.000949706 
-0.0322122 -0.00191919 0.052315 
-0.0233782 -0.00485065 0.0605371 
0.0142978 0.0172309 0.0119497 
0.00293292 0.0234194 0.0119497 
0.0002218 -0.0174182 0.0213989 
-0.0279984 -0.00454928 0.0638923 
-0.0133 0.00233956 0.0650746 
-0.00565467 0.00146829  0.038 
-0.015 -0.00771754 0.0438352 
-0.0246326 0.00758146 0.0702208 
-0.0155391 0.000182308 0.0521389 
-0.0139728 0.00290203 0.0366997 
0.00681112 0.00514815 0.0032344 
-0.0133 -0.000859102 0.0597968 
-0.0198723 -0.0117134 0.0465618 
0.0075691 -0.00520619 0.000949707 
-0.0298092 -0.00839266 0.057289 
-0.0161847 0.00394144 0.07898520000000001 
-0.0133 -0.00471052 0.0623382 
-0.0235495 -0.00379476 0.0274381 
-0.0276079 0.0159537 0.0267682 
-0.0204789 0.00861373 0.0662254 
0.00441482 0.008744490000000001 0.000264049 
-0.00960278 0.00577348 0.00261484 
0.0167585 0.00414661 0.0119497 
-0.0126126 0.00529302 0.0657203 
-0.0150103 -0.00799681 0.0745239 
-0.015 0.010703 0.0333955 
0.00645063 0.0211908 0.0119497 
0.0286836 -0.0152492 0.00651639 
-0.015 0.00919961 0.0239235 
-0.029376 -0.0139808 0.0413404 
-0.0185014 -0.00958583 0.057041 
-0.0174645 -0.0115325 0.047133 
-0.000786156 -0.0162182 0.0358583 
0.019657 -0.0128228 0.00594971 
0.0287207 -0.0183614 0.00756412 
0.00323617 0.011326 0.00496841 
-0.0352 -0.00897714 0.013195 
-0.0131522 0.00354291 0.0878979 
-0.018174 0.0203578 0.0294421 
-0.0267998 0.0159537 0.0338241 
-0.00269829 -0.00017876 0.00671019 
0.0119053 0.00126761 0.00565144 
-0.0318046 -0.0029262 0.0203998 
-0.0352 0.0054988 0.0372646 
0.0113354 -0.0115357 0.00594971 
-0.00713067 -0.0201586 0.0059497 
-0.0333551 -0.00600039 0.00618111 
0.008832939999999999 -0.00833296 0.0042203 
-0.0325139 0.00294144 0.0514863 
-0.0264501 -0.00909365 0.0606587 
-0.0145352 0.0155695 0.00594971 
-0.015 -0.00345037 0.039274 
-0.032756 0.000425009 0.0478803 
-0.00770377 -0.0207576 0.0329275 
0.00878343 -0.00472328 0.00724521 
-0.00850967 0.0237818 0.0134627 
0.0066792 0.00553212 0.00394971 
-0.000865998 0.0202535 0.025519 
-0.0223729 -0.0133996 0.0059497 
0.0197858 0.0186884 0.0119497 
-0.016371 -0.0207991 0.0067004 
-0.0352 -0.000588014 0.0403931 
-0.0230739 0.0112108 0.0482005 
-0.0134804 -0.0173073 0.0313497 
-0.0140794 -0.00701846 0.0871242 
0.00230304 0.0173595 0.0151497 
-0.0213629 -0.0182467 0.00766916 
-0.0226234 -0.0177276 0.0316804 
-0.0151099 -0.0147401 0.0389567 
0.0132748 0.0208746 0.00595155 
-0.00872301 0.010698  0.038 
-0.024988 -0.000293241 0.0677276 
0.0219224 -0.0236672 0.00755004 
-0.0161649 0.0160854  0.038 
-0.00499218 -0.0238923 0.0304762 
-0.0283378 -0.000197944 0.06296 
-0.015 -0.00303184 0.0168631 
0.0118153 0.0275278 0.0119497 
-0.015 0.000726942 0.015458 
-0.0200148 -0.0194263 0.0356873 
-0.015 0.00977945 0.045615 
-0.0316626 0.0159537 0.0289196 
0.0111818 -0.00410932 0.0105527 
-0.00310794 0.0210229 0.00594971 
-0.0155513 -0.00855585 0.00594971 
-0.0142472 0.00141485  0.038 
-0.0247941 0.0159537 0.0379699 
0.000867792 -0.0178604 0.0224055 
0.00143617 0.0151899 0.0119497 
-0.0162972 0.00644866 0.09054669999999999 
-0.0155301 -0.0152229 0.0059497 
0.0163886 0.00361968 0.00594971 
 -0.01 0.0157934 0.0293297 
0.0188305 -0.0059217 0.00594971 
-0.017503 -0.0100746 0.0536988 
-0.00319796 -0.00760067 0.00811367 
-0.00659954 -0.0210665 0.0243603 
-0.0036494 -0.00246675 0.00451944 
0.0295805 0.0129952 0.00742205 
-0.00416218 0.0237818 0.0211509 
-0.0247498 0.0159537 0.0194885 
-0.0194468 -0.009295299999999999 0.0590245 
-0.032036 0.00114051 0.0527992 
-0.020874 -0.008565909999999999 0.00594971 
-0.0320262 -0.0159537 0.0190414 
0.00194285 -0.00526044 0.000949706 
0.00722289 0.00683463 0.00994971 
0.0149514 0.0126022 0.0119497 
-0.0105828 0.00634805 0.0921174 
0.00436012 0.0237818 0.0105936 
-9.02121e-05 0.0176818 0.0217604 
-0.0254967 0.00190394 0.0059497 
-0.0291691 0.0141283 0.0410634 
0.00987392 -0.00523051 0.00994971 
-0.0133 -0.00605281 0.0529369 
-0.0341538 -0.002145 0.0469808 
-0.0194003 0.008248149999999999 0.0708585 
0.0178554 0.009037109999999999 0.00594971 
-0.0112932 -0.00769373 0.00594971 
-0.0352 -0.009556419999999999 0.0139312 
-0.0199009 0.0112414 0.0480924 
-0.0114175 -0.00330755 0.0105364 
-0.0142155 0.0229715 0.0180006 
-0.0144158 0.00593761 0.0879282 
-0.0133 -0.00972987 0.0498734 
-0.0228595 0.000273586 0.0384086 
-0.00190684 0.0226586 0.0264446 
-0.00794011 -0.0212596 0.0327945 
-0.00807543 -0.00045391 0.095375 
-0.00976493 0.0218961 0.0140767 
-0.0178813 0.00838852 0.06894459999999999 
-0.015143 0.0005899670000000001 0.0851857 
-0.00192073 0.0237818 0.0172543 
-0.00161873 0.0170597 0.00594971 
-0.0114245 0.02375 0.00933285 
-0.0176835 0.0196271 0.0065021 
-0.0201092 0.000377858 0.053887 
-0.0115809 -0.0104582  0.038 
-0.0158958 -0.0046152 0.0227935 
-0.0124684 -0.00315915 0.0115286 
-0.0331466 -0.00475985 0.0253641 
-0.015 0.0134261 0.0358547 
-0.00287069 -0.0162182 0.0168238 
-0.015 -0.00276776 0.0175078 
-0.0262595 0.0159537 0.0331852 
-0.00821116 -0.0159148 0.0119497 
0.00348474 0.00409118 0.00102479 
-0.0159247 -0.0131181 0.0059497 
0.0298945 0.0117823 0.008162880000000001 
-0.015 -0.0152637 0.0360901 
0.0236421 0.0229695 0.008153550000000001 
-0.0169248 -0.001468 0.029083 
-0.0325079 0.000659221 0.0387499 
-0.0217027 -0.000612056 0.0449755 
0.0167467 -0.0194689 0.00594971 
-0.0349377 -0.00265027 0.0201993 
0.0127954 0.0193657 0.00594971 
0.0116221 -0.0228802 0.0170571 
-0.0320475 0.0159537 0.0191806 
-0.00391765 -0.0242182 0.0219706 
-0.0332291 -0.00622322 0.0495213 
-0.0163372 0.0077084 0.00594971 
-0.0109571 -0.00425579 0.101303 
0.0113609 -0.00405381 0.000532281 
-0.00117438 -0.0242182 0.0163962 
0.0149249 0.00808621 0.0119497 
-0.0080476 0.00729642 0.00253775 
-0.0265247 -0.0159537 0.0255689 
-0.0128927 -0.0174182 0.0236435 
0.0163661 -0.00417298 0.0119497 
-0.0323667 -0.00398853 0.0271791 
0.00197609 0.00162567 0.00484888 
-0.00534362 -0.00671767 0.00315151 
-0.0116 -0.00495219 0.0699467 
0.00432764 0.00160305 0.00994971 
-0.0124738 0.00470465 0.09999810000000001 
-0.0141237 0.00705134 0.08664769999999999 
-0.0133 0.0011009 0.0565028 
-0.0259617 0.0100482 0.0536561 
-0.009703949999999999 0.0237818 0.0102085 
-0.0127689 0.0157818 0.0247627 
0.010944 -0.0222277 0.0189968 
-0.0305996 0.0159537 0.0107945 
-0.027632 0.00144802 0.06489929999999999 
-0.0352 -0.008745950000000001 0.009899969999999999 
0.00641972 -0.0185664 0.0278944 
0.028856 -0.00875594 0.00659606 
-0.0352 -0.001539 0.0115295 
-0.0333605 0.0032124 0.0491601 
-0.0225791 -0.000695595 0.0664136 
-0.0256138 -0.00289571 0.0203764 
0.0294839 -0.0150256 0.00732578 
0.0252287 0.0184348 0.00594993 
0.0174804 -0.0135101 0.0119497 
-0.0216567 -0.008813720000000001 0.06404410000000001 
-0.0220763 0.00303222 0.0801634 
-0.0058729 -0.0242182 0.00968599 
0.0229351 0.01974 0.0119497 
0.0236371 -0.0172461 0.0119497 
-0.00327078 0.0143808 0.00594971 
-0.0136762 0.000310124 0.0636032 
0.0188717 0.007850869999999999 0.00594971 
-0.0143883 -0.0233141 0.0174218 
-0.0352 0.00843816 0.0184536 
0.00322852 0.000399199 0.00987585 
-0.0167507 -0.000158713 0.0419322 
-0.0256075 0.00705367 0.0690842 
-0.00486985 0.0176818 0.0243674 
-0.0127493 0.00344834 0.0882925 
-0.0167443 -0.00677176 0.0795254 
-0.015 -0.0140757 0.0132543 
0.0199059 -0.0168402 0.00594971 
-0.0142013 0.011456 0.0119497 
-0.0133 0.00449743 0.0568666 
-0.0280507 -0.0101642 0.053043 
-0.0116003 0.00650267 0.0815126 
-0.0255501 -0.0159537 0.0183477 
-0.000480956 0.0231113 0.0212083 
-0.0283962 0.000601995 0.0464758 
-0.015 0.00441205 0.0343726 
-0.0133 0.00266143 0.0524045 
-0.0116 0.00521836 0.06947449999999999 
-0.0133 -0.00747373 0.0462874 
0.0223947 0.0200273 0.00594971 
-0.0133 0.0059748 0.0627568 
-0.0187362 -0.00679123 0.08509849999999999 
0.0219589 0.00283624 0.0119497 
-0.0291462 -0.00482 0.0236922 
0.00712741 0.00574888 0.00394971 
-0.009900000000000001 0.00137551 0.09150079999999999 
-0.0116216 -0.0162182 0.0119967 
-0.0248043 -0.00258437 0.0726682 
-0.0182899 0.00915824 0.0601908 
-0.015 -0.00335115 0.0147482 
0.0169414 0.00671708 0.00594971 
-0.012845 -0.0142798 0.0366997 
-0.0128146 -0.014079 0.0119497 
-0.015 0.008648640000000001 0.024681 
0.0190542 0.00711691 0.00594971 
-0.0295038 -0.00309683 0.0205329 
-0.0247747 -0.008323540000000001 0.0672548 
-0.0221772 -0.00486543 0.0244136 
-0.0134733 0.0068625  0.038 
-0.0277514 -0.0159537 0.0254333 
0.024407 0.00443456 0.0119497 
-0.0158142 -0.0103149 0.0520799 
0.00356814 -0.0242182 0.0182479 
-0.00693294 0.0157818 0.034716 
0.00289186 -0.009782330000000001 0.0007921579999999999 
0.00541629 0.00818456 -2.62063e-05 
-0.031236 0.00395994 0.0549974 
-0.0352 0.00673811 0.0228592 
-0.0133 -0.00507168 0.0609649 
-0.0352 0.00732461 0.0235897 
-0.0164988 0.00674105 0.0889781 
-0.0352 -0.00432554 0.038784 
-0.0338471 0.015082 0.00783799 
0.0160385 0.000653131 0.00594971 
-0.0143066 -0.00472106 0.00431368 
-0.0352 0.00958034 0.0289665 
-0.0135079 0.0152966 0.00594971 
-0.0352 -0.00467565 0.0381174 
-0.0124255 -0.0193416 0.0059497 
-0.0345843 -0.014558 0.008764630000000001 
-0.0133 0.000402622 0.0567097 
-0.0144477 0.0102084  0.038 
-0.0122424 0.0157818 0.0362122 
-0.0352 0.00858503 0.0313169 
-0.00621417 -0.0214176 0.0253909 
-0.0155887 0.0084242 0.0685109 
-0.0103993 -0.00542988 0.00318683 
-0.0143365 0.00741011 0.08248999999999999 
-0.0252953 0.000719496 0.0566872 
0.00258623 0.00102817 0.00267096 
-0.0291275 -0.0159537 0.0329155 
-0.00750819 0.007824650000000001 0.00365872 
0.0129305 0.00873608 0.0119497 
-0.00518082 0.0195581 0.00594971 
-0.0230389 0.008102679999999999 0.0713732 
0.00130785 0.0116991 0.00163672 
-0.0352 0.00373882 0.0197446 
-0.0161317 0.000131135 0.07362639999999999 
-0.0276006 -0.00290344 0.0059497 
-0.012282 -0.0166979 0.0313497 
0.0108462 0.0267275 0.00594971 
-0.0198909 0.008725149999999999 0.0648938 
-0.0283596 -0.0159537 0.0303343 
0.008201 -0.00449131 0.000949706 
-0.0340173 -0.0152337 0.0361109 
-0.015 -0.00126651 0.0169128 
-0.0152953 -0.00990064 0.0548925 
0.028324 -0.00313732 0.0116394 
0.00436381 -0.0223449 0.0253299 
-0.0253134 -0.0159537 0.0109926 
-0.00997108 -0.0200373 0.037963 
-0.0262013 -0.00500162 0.0059497 
-0.0112422 0.000457738 0.0945474 
-0.00752702 -0.0238555 0.0125574 
-0.034982 -0.0137494 0.0284661 
0.0256065 -0.00733161 0.0119497 
-0.00983508 0.0237818 0.0190121 
-0.0113024 0.0157818 0.0226949 
-0.0116 0.00428018 0.0806963 
-0.0318893 0.0159537 0.00908931 
-0.0148694 0.00686684 0.0366997 
-0.0315753 0.0131164 0.0430888 
-0.0048282 0.0235152 0.007715 
0.0114926 0.00516448 0.00594971 
-0.0321354 0.0159537 0.009373070000000001 
-0.0200653 0.000671651 0.07619769999999999 
0.008386299999999999 0.0253785 0.0119497 
0.0218008 -0.0129132 0.00594971 
-0.0311268 0.008175989999999999 0.0059497 
-0.0352 0.0080027 0.0378631 
0.0261118 -0.00332248 0.00594971 
0.00634885 0.00963689 -5.02935e-05 
-0.0116 -0.00360522 0.0731536 
-0.00934231 -0.00710053 0.0366997 
0.0152299 0.00766593 0.00594971 
0.00302744 -0.00103254 0.00193593 
-0.009135549999999999 0.0217986 0.00612824 
-0.00815718 0.0176818 0.0273999 
-0.0215996 0.000991156 0.00594971 
0.0143591 0.00884067 0.0119497 
0.00170497 -0.0242182 0.0194156 
-0.0201508 0.00329276 0.08545369999999999 
0.0113884 -0.0176591 0.0185611 
-0.015 -0.0132486 0.0391922 
0.0258332 0.00946348 0.0119497 
0.00449503 -0.00220515 0.00823377 
-0.0352 -0.00755014 0.0320452 
0.0155568 -0.00139872 0.0119497 
-0.0352 0.009692070000000001 0.0150597 
-0.0352 -0.0103416 0.0229232 
-0.0078 -0.0203776 0.024423 
-0.00719111 -0.0242182 0.0212494 
-0.034483 -0.0147158 0.0373772 
0.00580297 -0.0191247 0.0291447 
-0.0297178 -0.00499447 0.0591685 
-0.021155 -0.00446575 0.0223959 
-0.008616820000000001 0.0232529 0.00724958 
-0.0205529 -0.0029 0.0203797 
-0.0235872 0.00760017 0.0724402 
0.0254972 0.00746711 0.0119497 
-0.013427 0.0167743 0.0135382 
-0.0255517 -0.00785925 0.0674337 
-0.015 -0.0128176 0.0173216 
-0.0155841 -0.00472106 0.00505088 
-0.0193348 0.00308214 0.0283822 
-0.00315772 0.0185874 0.0318155 
-0.0234559 0.0167206 0.0116862 
-0.0133 0.00312454 0.0613197 
0.000947922 -0.0242182 0.0150547 
-0.0280701 -0.009467730000000001 0.0570708 
-0.0169445 0.00892517 0.062642 
0.0299348 -0.00846532 0.00834039 
0.00300475 -0.0182315 0.0350534 
-0.0250451 0.0159537 0.0265726 
0.00275626 -0.00721071 0.00630448 
-0.000169212 0.0208425 0.0235998 
-0.0352 -0.00327947 0.0192865 
-0.00825296 -0.0242182 0.0170574 
-0.0100983 -0.0229368 0.0330789 
0.000443821 -0.00467077 0.000949706 
-0.0105329 -0.0174182 0.0242404 
-0.0342586 -0.00438371 0.0264936 
0.009039699999999999 -0.0174182 0.0192195 
-0.0334163 0.0150571 0.0073096 
-0.0146004 -0.0164924  0.038 
-0.008634879999999999 0.0113427  0.038 
-0.00309943 -0.0140897 0.0119497 
-0.0352 -0.00749794 0.0331768 
0.0295889 -0.015633 0.00764688 
-0.000541711 0.0117603 0.000517567 
0.00368735 -0.0175111 0.0335432 
-0.0343369 -0.00917771 0.0464493 
0.00517491 -0.0162182 0.0159715 
-0.000833424 0.0054435 0.000949707 
-0.00912022 -0.000587708  0.038 
-0.0349762 -0.0137293 0.0380607 
-0.0313923 0.0159537 0.0184184 
0.0185721 -0.0242123 0.00908627 
-0.0166979 -0.009230169999999999 0.0594751 
-0.0237317 0.00508147 0.07560360000000001 
-0.0106515 0.00602328 0.0110557 
-0.0194747 -0.0198959 0.0317418 
0.0121172 0.0136888 0.00594971 
-0.0143023 0.008268009999999999 0.07067229999999999 
-0.032833 0.0158743 0.0314459 
-0.0292711 0.0159537 0.0303243 
-0.0144182 0.00428463 0.00583777 
-0.030175 0.0101078 0.0524307 
-0.0028097 -0.00682774 0.00394971 
-0.0133 0.00613983 0.0486115 
-0.0154066 -0.008370020000000001 0.0691899 
-0.00846075 0.000284153 0.00994971 
-0.0116 -0.00288317 0.0734641 
-0.0306038 0.0119437 0.0059497 
-0.0331261 -0.000757456 0.0498044 
-0.0352 -0.00547857 0.0143749 
0.0119973 0.0138816 0.0119497 
0.0123258 0.022921 0.00684791 
0.0264772 0.008725 0.00594971 
-0.0107098 0.0157818 0.0352453 
-0.0143959 0.0228758 0.0271581 
-0.0173669 0.00399763 0.0275172 
0.00912573 -0.00727612 0.0102546 
-0.0171031 -0.00405663 0.0270721 
-0.0319858 -0.00163451 0.0196745 
0.0197918 0.0056963 0.0119497 
-0.014283 0.0229336 0.0233687 
-0.00171894 -0.0185242 0.00594971 
-0.000946418 0.00445298 0.00677689 
-0.009900000000000001 -0.00282157 0.0921524 
-0.0263778 -0.0159537 0.0345383 
-0.0246579 -0.000631746 0.0451614 
-0.0120611 -0.0227905 0.0345882 
-0.0343271 -0.00708673 0.0465045 
-0.00699232 0.0176818 0.0191349 
-0.0262601 0.0056598 0.0059497 
-0.00730282 -0.0221795 0.0332666 
0.00983945 0.00663196 0.00286114 
0.007891179999999999 0.00341309 0.008078760000000001 
-0.0325634 -0.0159273 0.0192286 
0.00905532 0.00504607 0.00994971 
0.0039155 -0.0242168 0.0263241 
-0.0103097 -0.0150423 0.0059497 
0.00359487 0.00205767 0.00589221 
-0.0317473 -0.00218885 0.0535925 
-0.00775046 -0.00409788 0.00396052 
-0.0352 0.0100137 0.0182606 
-0.0322549 0.00512257 0.0245608 
-0.0270987 0.000156349 0.0513971 
-0.00102443 0.0236858 0.0193706 
-0.0185781 -0.00312044 0.0897746 
-0.0116 0.00679835 0.07525469999999999 
0.00186979 0.0268175 0.00774385 
-0.00518995 -0.0131316 0.0119497 
-0.0316871 -0.0159537 0.0218693 
-0.0213702 0.00503362 0.06960429999999999 
-0.0351725 -0.0128978 0.009799489999999999 
-0.0290445 -0.0159537 0.0240201 
-0.0097798 0.0237256 0.008377300000000001 
0.0119162 0.0110301 0.0119497 
-0.0156706 -0.0225154 0.0138868 
0.0240219 -0.0184131 0.00594971 
-0.0352 0.00670241 0.0407505 
-0.0352 0.00553912 0.0393954 
-0.0135219 0.00473877 0.0991543 
-0.0266126 0.0148356 0.00661548 
-0.0300266 -0.00266237 0.0059497 
-0.0335725 -0.00980717 0.0477924 
-0.000443195 -0.0219634 0.006044 
0.0202565 -0.00584837 0.00594971 
-0.0112832 0.00695356 0.0877595 
-0.00994812 0.0237818 0.0191504 
-0.0216536 0.00292795 0.00594971 
-0.015 0.007874229999999999 0.0211654 
 -0.01 0.0162619 0.0169094 
-0.0104488 -0.0174182 0.0202434 
-0.0274594 -0.000639078 0.0461933 
-0.0148112 -0.009729349999999999 0.0460657 
-0.0301071 0.0120546 0.0456009 
0.011056 -0.008244039999999999 0.00594971 
-0.00613827 0.0176818 0.0160526 
-0.015 0.0109002 0.0267034 
-0.0141593 0.00320142 0.00368351 
-0.0133 -0.00384479 0.0512197 
-0.0352 0.00133052 0.0379424 
-0.0147415 0.00233411 0.100194 
-0.0352 -0.00794331 0.0223718 
-0.009925669999999999 -0.00589371 0.00196029 
0.0104246 0.00570317 0.00567788 
0.00270244 0.0128601 0.0119497 
 -0.01 0.0157829 0.0265688 
0.009489539999999999 0.0277818 0.00872799 
-0.0137256 -0.0115676 0.0464432 
-0.0326585 -0.00390368 0.051089 
-0.00939956 0.0188938 0.00594971 
0.0132996 -0.00135882 0.00594971 
0.0219842 0.0218895 0.00627508 
-0.0114449 0.00428463 0.0040876 
-0.00736115 -0.000892269  0.038 
-0.00481663 0.0118453 0.0117079 
-0.00230204 0.0115584 0.000422693 
-0.0113013 -0.000187894 0.0100096 
0.009684450000000001 -0.0242182 0.0125714 
-0.015 -0.0056291 0.0214353 
-0.0352 0.000470996 0.039788 
-0.0333325 0.0156923 0.0243325 
0.00578523 0.00761023 0.00535489 
-1.03028e-05 -0.0174182 0.0185616 
0.00657913 -0.0209105 0.00594971 
0.00428201 -0.0242182 0.0149471 
-0.00323879 0.0236783 0.02555 
-0.00615734 0.00198795 0.00557352 
-0.0285569 -0.00506578 0.0059497 
-0.0131498 0.0100751 0.0366997 
-0.0220209 0.0092418 0.0593722 
-0.015 -0.00138296 0.0131881 
-0.015 0.00441919 0.0460644 
-0.009896500000000001 0.0182343 0.0142515 
-0.0192388 -0.0171357 0.00601045 
-0.0306684 0.000748786 0.0478074 
-0.0118991 0.00365611 0.0366997 
-0.0250864 0.000262738 0.071893 
-0.0107137 0.0185017 0.00275809 
-0.0102619 -0.0174182 0.0297801 
-0.0133 -0.00169338 0.0624815 
-0.0269339 0.00782183 0.0059497 
0.0294966 0.0165428 0.00972933 
-0.0124415 0.0157818 0.0243632 
-0.00558586 0.0173924 0.0335497 
-0.0299987 -0.00413994 0.021758 
-0.015 -0.00883835 0.0201152 
0.0142241 -0.00393018 0.00594971 
-0.0129513 -0.014367 0.0366997 
-0.0177889 0.0155447 0.00594971 
-0.00456535 -0.0111429 0.0050275 
0.00656252 -0.0229496 0.0265199 
0.0167438 -0.00602219 0.00594971 
-0.008305689999999999 0.0237818 0.0176138 
-0.0352 -0.00437699 0.0432812 
-0.0126917 0.0164095 0.00264971 
-0.010733 0.0211353 0.0027691 
-0.008170800000000001 0.00151512  0.038 
6.33905e-05 -0.0195244 0.0059497 
-0.00573972 -0.0162182 0.0159556 
-0.0352 -0.00233136 0.0366501 
0.00530263 0.0169782 0.0119497 
7.395210000000001e-05 -0.00653679 0.000949706 
-0.0135221 -0.00153908 0.08762689999999999 
-0.00677725 -0.0174182 0.0304109 
-0.0352 0.0053625 0.0200587 
-0.0270612 0.0104059 0.0516204 
-0.034095 0.0151603 0.0265678 
0.00195063 -0.00368942 0.00994971 
-0.0240901 -0.0115935 0.0469388 
0.00382612 0.0165987 0.0126276 
-0.0233432 -0.017232 0.0186381 
-0.0221032 0.0176521 0.0246234 
-0.0227989 0.00947427 0.0576823 
0.00865019 0.00557203 0.00994971 
-0.0352 -0.00624284 0.0287807 
-0.0217971 0.00372601 0.0809305 
-0.0249709 0.0159537 0.0138481 
-0.00690235 -0.008999180000000001  0.038 
-0.022836 0.0171474 0.0167551 
-0.0237931 0.00154598 0.0195579 
-0.0158061 -0.0223861 0.0354178 
-0.0114882 -0.0241768 0.0203666 
-0.0245318 -0.00664166 0.07235080000000001 
-0.0172976 0.00565886 0.09102639999999999 
-0.0328964 -0.00244809 0.0504355 
-0.00944946 -0.0242182 0.0236583 
-0.015 0.0114518 0.0133208 
-0.015 0.00218187 0.0169863 
-0.0116 -0.0020564 0.0713429 
0.00154511 0.00414282 0.00994971 
-0.00795703 0.00331194 0.0366997 
-0.0352 -0.0101379 0.0403052 
-0.00483696 -0.00217291 0.00610945 
-0.0133 0.00241551 0.0467521 
-0.010968 -0.0150134 0.00594971 
-0.022846 -0.00159279 0.0196572 
0.00162117 0.0223761 0.0173417 
-0.0352 -0.00642574 0.00923178 
-0.0166558 -0.00790747 0.07582700000000001 
-0.0302006 0.00554699 0.0059497 
-0.0352 -0.00902738 0.0313318 
-0.016865 -0.018439 0.00596836 
-0.0352 0.0101715 0.0213946 
-0.007287 0.0237782 0.00885038 
0.021615 0.0211332 0.0119013 
-0.0133625 0.00648393 0.087709 
-0.0271677 0.000670148 0.0567885 
-0.00896485 -0.00718583 0.0100718 
-0.0138322 -0.023582 0.0282806 
0.0278727 -0.0108673 0.0118171 
0.00272824 0.000889102 0.006496 
-0.00035647 -0.0242182 0.0228281 
-0.0300573 -0.00299594 0.0204533 
-0.0136097 0.00759224 0.0799903 
-0.0190332 -0.00354288 0.020966 
-0.0133 0.00771905 0.0615334 
0.0267969 0.0207396 0.00771092 
-0.00629757 -0.0242182 0.0264646 
-0.0276432 -0.00449613 0.0648683 
0.000464688 -0.0174182 0.0262939 
-0.0179697 0.00307675 0.0914461 
-0.0133 -0.00742451 0.047923 
0.0291727 0.0120708 0.00688451 
0.0164384 -0.0149923 0.0119497 
-0.0219386 -0.017021 0.0372055 
-0.0222592 -0.0068715 0.00594971 
-0.0136129 -0.0208292 0.00598565 
-0.0106162 -0.0242182 0.0239893 
0.0117453 0.0022181 0.00260184 
-0.0352 0.00991063 0.0109062 
-0.0248356 0.0103729 0.0059497 
-0.0312486 -0.00462369 0.0549625 
-0.009893860000000001 0.0237818 0.0256576 
-0.018195 -0.0206722 0.0357117 
-0.0221925 0.00266122 0.0200383 
-0.00133404 -0.0242182 0.024069 
-0.033605 -0.00201105 0.0484885 
-0.015 0.00873635 0.0184636 
-0.00857365 -0.00824836 0.0366997 
-0.0237033 -0.00344171 0.00594971 
-0.015 -0.0170932 0.0312721 
-0.00736367 -0.0068497  0.038 
-0.0250165 -0.00428118 0.0720852 
0.0102987 -0.00636153 0.00295448 
-0.013643 -0.00843671 0.0683237 
-0.0142574 0.0229538 0.0155455 
-0.000966321 -0.0113741 -5.02935e-05 
0.000664339 0.0204322 0.0213145 
-0.0100472 -0.0193412 0.0059497 
-0.0138523 -0.00334061 0.0875831 
-0.0108981 -0.0242158 0.0286806 
-0.0142048 0.00999628 0.0460657 
-0.0128643 -0.0162182 0.0333188 
-0.0261963 0.000413193 0.0468154 
-0.00969455 -0.017668 0.0341546 
-0.0158092 -0.00479789 0.0251751 
-0.015 0.00684946 0.0345774 
-0.0183194 -0.0155352 0.0387207 
0.0141967 0.000442021 0.0119497 
-0.0177025 -0.009621609999999999 0.0567969 
-0.0144202 -0.0147697 0.0119497 
-0.00577856 -0.0241923 0.0257467 
-4.19183e-05 -0.0104957 -5.02935e-05 
-0.0101643 0.0205756 0.0341857 
-0.015 0.00144685 0.0404331 
-0.0324125 -0.00484544 0.0238855 
-0.0224438 -0.00646018 0.0777356 
-0.0179021 -0.0200678 0.00696593 
-0.0104655 0.0157818 0.0256775 
0.0100333 -0.0210855 0.0211137 
-0.0078 -0.0190538 0.0259642 
-0.0209194 -0.018901 0.0159704 
0.008945430000000001 -0.0162182 0.0150249 
-0.0120739 -0.00727223 0.0822198 
-0.0144096 0.000602687 0.0733114 
0.000704854 0.0117576 0.00576645 
-0.0181486 -0.020672 0.0358145 
-0.0116 -0.00510218 0.06576319999999999 
-0.0079317 0.0237818 0.0111152 
-0.00313018 -0.0170805  0.038 
-0.0011809 0.0143161 0.0119497 
-0.0352 0.0024021 0.0144996 
-0.0152263 -0.008946849999999999 0.0625769 
0.0128553 0.015103 0.00594971 
0.00203737 -0.0201389 0.0369433 
-0.0182343 0.0172265 0.00483777 
-0.00996696 0.0211354 0.0348205 
-0.00903936 0.00211986 0.000949707 
-0.015 0.0091688 0.0183741 
-0.015 -5.6095e-05 0.0336389 
-0.0180795 0.0204228 0.0273606 
0.0223998 0.0204616 0.0119454 
-0.00553934 -0.0242182 0.0193865 
0.00057983 0.0187662 0.0215467 
-0.0165285 -0.00261466 0.00581671 
-0.015 -0.00467292 0.0413842 
-0.0299772 0.0009776139999999999 0.0292767 
-0.0224361 0.0118437 0.0461853 
0.026822 -0.0203058 0.0110385 
0.00332604 -0.0162182 0.0172085 
-0.0159414 -0.000749702 0.0743357 
0.0238472 0.017631 0.00594971 
-0.0352 0.00159189 0.0106962 
-0.00264568 -0.000746902 0.00744904 
-0.0330326 -0.00292872 0.0500611 
-0.0335165 -0.00211633 0.00625496 
-0.00627735 -0.00935685 0.0366997 
-0.00101558 -0.0162182 0.0169477 
-0.0124173 -0.0160951 0.0059497 
-0.0116599 -0.0119077 0.00594971 
-0.0150281 0.00409449 0.0980944 
-0.0013142 0.0237396 0.0194271 
-0.00658513 0.0022198 0.0072595 
-0.0215934 -0.00459478 0.0259707 
-0.00120754 -0.00570222 0.00710507 
-0.0276727 -4.55268e-05 0.0647872 
-0.0199918 0.019106 0.0158948 
-0.00973339 -0.0129237 0.0119497 
-0.028383 -0.0159537 0.0299833 
-0.0158737 -0.0156142 0.0385486 
-0.0306852 0.0159537 0.0269228 
-0.0129965 0.009792520000000001 0.00594971 
0.0105778 0.00146344 0.00994971 
-0.033504 -0.0156015 0.0147477 
-0.009900000000000001 0.00544119 0.0863612 
0.00361414 0.024918 0.0109378 
-0.0116061 0.00751242 0.0688759 
-0.0285217 0.0151453 0.00690315 
-0.0216395 0.00324471 0.0282574 
-0.0151967 0.0213043 0.00643232 
-0.0337316 -0.0154583 0.037081 
-0.0253182 0.00239257 0.0059497 
-0.015 -0.00530014 0.0334255 
-0.00276008 0.0237818 0.0187988 
-0.0233108 -0.000747341 0.045035 
-0.00234798 -0.0173736 0.0173497 
-0.0132356 -0.008237309999999999 0.071016 
-0.00692172 -0.0164236 0.00594971 
-0.0297361 0.009720110000000001 0.0541895 
0.0122654 0.0228088 0.0061914 
-0.015 0.008744409999999999 0.0261262 
-0.00663689 0.00259763 0.000949706 
-0.0203899 -0.0057872 0.08376260000000001 
0.00377419 -0.00792501 0.00502405 
0.00203577 -0.0162182 0.0127682 
0.009300020000000001 -0.0228174 0.00641427 
-0.0352 0.00701063 0.0339936 
-0.0352 0.00918826 0.0424551 
0.008331140000000001 0.0264787 0.0119497 
-0.0352 -0.000760714 0.01234 
-0.0328996 0.0100279 0.0487597 
0.009004959999999999 -0.00814349 0.0017228 
-0.0113292 -0.0174182 0.027221 
-0.0106311 -0.00855788  0.038 
0.0158659 0.00341609 0.00594971 
-0.0110482 0.00460833 0.00594971 
0.0170276 0.0138174 0.0119497 
0.0158518 0.0200975 0.00594971 
-0.015 -0.0117576 0.0180785 
-0.0284832 -0.00475439 0.0253887 
-0.0326547 0.0110705 0.00598486 
0.00364387 -0.000428884 0.00795966 
0.0229338 0.00150368 0.0119497 
-0.0135282 0.00430689    0.1 
-0.0133 0.00661765 0.0498973 
-0.0133545 -0.00144891 0.103459 
0.010105 0.0110985 0.0119497 
-0.0111452 -0.00678139 0.0892641 
-0.0140791 0.021614 0.00574124 
-0.0221499 0.0176199 0.0319767 
-0.0278774 -0.00997403 0.0543294 
-0.0133844 0.0157818 0.0256139 
-0.0351028 -0.00625067 0.008195650000000001 
-0.0133 0.00770796 0.0568143 
-0.0196475 -0.0131608 0.0429845 
-0.0151167 0.00339274 0.00454548 
-0.00419195 0.0110224 0.00220554 
0.00411513 -0.0242182 0.0107114 
-0.0182356 -0.0207491 0.0335404 
-0.0102219 -0.0162182 0.0350605 
-0.0116 0.00664505 0.0713896 
-0.0289925 0.0014624 0.0059497 
-0.009900000000000001 0.000788205 0.0877641 
0.0203917 -0.00269207 0.00594971 
-0.0200125 0.0170136 0.00624289 
-0.0169051 -0.009195139999999999 0.0598249 
-0.00997633 0.0102539 0.0366997 
-0.00741393 0.00756563 0.000949707 
-0.022857 -0.0120869 0.0059497 
-0.021303 -0.000480784 0.0437565 
-0.0153379 -0.0227445 0.0317611 
-0.011897 0.00316791 0.0110834 
-0.015 0.0119797 0.0392267 
-0.0166287 0.0214219 0.0234039 
-0.000827185 0.0199385 0.0254124 
0.0182038 -0.00939283 0.00594971 
0.00426663 -0.0174182 0.030844 
-0.0229513 0.0169346 0.035803 
-0.00357095 0.00207025 0.00717702 
-0.0116 -0.00241942 0.0746463 
0.00303021 0.0121996 0.0114986 
-0.0150997 0.000653226 0.0417197 
-0.0107804 -0.00812148  0.038 
0.00758099 -0.0162182 0.0130911 
0.010221 0.0149318 0.00594971 
-0.000748709 0.01414 0.0119497 
0.00103044 0.00618182 0.00994971 
-0.000156143 -0.008352149999999999 0.000949706 
-0.0291708 -0.0159537 0.0338338 
-0.0266333 0.0159537 0.034537 
-0.0349099 -0.00517821 0.0449033 
-0.0275793 -0.0033298 0.027953 
-0.0182425 -0.00916635 0.0601242 
0.00255919 0.00105465 0.00148448 
-0.0072663 -0.0162182 0.0365689 
-0.0085795 0.000474103 0.000949707 
-0.0053463 0.00506567 0.0378286 
-0.0311392 0.00272257 0.0552633 
-0.007900000000000001 -0.00166609 0.10005 
-0.015 0.0128275 0.033733 
-0.0137984 0.00115211 0.102794 
-0.0314087 0.0159537 0.0253055 
-0.0274316 0.00170993 0.0196096 
0.00234222 0.00126713 0.0027402 
-0.012056 0.0179818 0.0327647 
-0.00528226 0.000781694 0.000949706 
0.0210875 -0.0170443 0.00594971 
0.0276384 -0.0199897 0.00742531 
-0.0303412 0.00572479 0.0574556 
-0.0342709 0.00969072 0.0464065 
-0.0103612 0.009107580000000001 0.00594971 
-0.015 -0.00760764 0.0398857 
-0.0205147 -0.0009766480000000001 0.0687942 
-0.0352 -0.00487833 0.0425189 
-0.0177453 0.000351646 0.0742949 
-0.0352 -0.0113997 0.0374209 
-0.0192231 0.00292799 0.0880026 
-0.0255128 -0.00976059 0.0558202 
0.00728998 -0.0239511 0.0224781 
-0.0162788 0.00610675 0.0917746 
-0.0159457 0.00748591 0.0814681 
0.00309134 0.0139324 0.0119497 
0.007838360000000001 0.00422611 0.000949706 
-0.0208919 -0.00859884 0.06648850000000001 
0.0115441 0.00302261 0.000731798 
-0.0058277 0.00759753 0.007959839999999999 
0.00534574 -0.021345 0.005955 
-0.0112346 0.0213219 0.00323098 
-0.0177252 0.00644613 0.08817510000000001 
-0.0246112 0.00744158 0.07063 
0.00138974 -0.021768 0.00600058 
-0.0254623 0.0104242 0.0515256 
-0.0214219 -0.00300101 0.0819614 
-0.0116 0.00652824 0.0764456 
-0.0133075 0.0122086  0.038 
-0.00990014 0.00617642 0.08555450000000001 
0.000952866 -0.0242182 0.0126527 
0.0275701 -0.0108964 0.00600618 
-0.015 -0.00597195 0.0302425 
-0.0223847 -0.00329615 0.0279838 
-0.015 -0.0103202 0.0433453 
-0.0106224 0.00446275 0.0366997 
0.0185092 -0.0151138 0.00594971 
0.018608 -0.0241929 0.00931716 
-0.0133 -0.000288642 0.0569949 
-0.00761905 0.00336839 0.00627506 
-0.00650385 0.00539439 0.0366997 
-0.0105617 -0.0219399 0.0150428 
0.0251475 -0.00112545 0.0119497 
-0.0155189 -0.00315096 0.0979484 
-0.015 -0.00300678 0.0129205 
0.0186825 -0.009824650000000001 0.00594971 
-0.00773046 -0.0137968 0.0119497 
-0.0348392 0.0141047 0.0174206 
0.0119872 -0.0178617 0.0174437 
0.0271627 -0.0101746 0.00595681 
-0.00305218 -0.0174182 0.0190808 
-0.011606 0.00695526 0.0765227 
-0.0162102 0.00217494 0.0962804 
-0.015 0.0112899 0.0338776 
-0.0233007 0.0166019 0.0360386 
-0.0180627 0.0204344 0.0144384 
9.51005e-05 -0.0242182 0.0185833 
-0.0255149 -0.010702 0.0502357 
0.0117931 0.00194257 0.00297629 
-0.0159024 0.021922 0.0254738 
-0.0110523 -0.0007148980000000001 0.0905994 
0.022289 -0.0103876 0.00594971 
-0.0257855 0.00407504 0.0699724 
-0.00534643 0.00121344 0.0378289 
0.0111756 -0.0058932 0.0112523 
-0.00895198 -0.0148256  0.038 
 -0.01 0.0176498 0.0327563 
-0.0181142 -0.000928614 0.0292311 
-0.0116092 0.0237279 0.0091819 
-0.00701269 0.0237818 0.0222549 
-0.0352 -0.008949199999999999 0.0101291 
-0.0109469 0.0204311 0.0357801 
0.000463881 0.023083 0.00594971 
-0.0321104 0.0157821 0.0382855 
-0.0228664 -0.0175603 0.0157199 
-0.015 0.00134256 0.0400158 
-0.0352 0.009282459999999999 0.0230946 
0.000375404 0.00304836 0.000949707 
-0.033867 0.00511582 0.0247154 
-0.00489077 -0.017699 0.00594971 
-0.0117404 0.00543476 0.00594971 
-0.01573 -0.0224745 0.0174632 
-0.0118658 -0.00436581 0.0112828 
-0.0352 0.0117887 0.0205383 
-0.000284724 -0.0174182 0.0220944 
-0.0257085 0.0098502 0.0549027 
-0.0326492 0.00277125 0.0511144 
-0.0273744 -0.0159537 0.020765 
-0.00995009 0.0190585 0.0343954 
0.00397194 -0.0200342 0.0270796 
-0.00549106 0.0076822 0.00610505 
-0.010245 0.00805983  0.038 
-0.0116 0.00491548 0.0772626 
-0.008302790000000001 1.49108e-05 0.00994971 
-0.0149874 -0.0229699 0.0115271 
-0.0169648 0.008694210000000001 0.06512850000000001 
0.0294635 0.00612166 0.00723851 
-0.0108667 0.0157818 0.0124412 
-0.0317091 -0.0159537 0.0281489 
0.00847063 -0.0242182 0.0158286 
0.0114703 -0.0141864 0.00594971 
-0.0143863 0.000296688 0.06386790000000001 
-0.015 -0.0147921 0.0264936 
-0.00534731 -0.0156591 0.0378313 
0.00720973 -0.0235259 0.0241188 
-0.0106102 -0.00522335 0.00191513 
-0.0307003 0.0105312 0.050616 
-0.0202817 0.0093352 0.0586914 
-0.0116 -0.00095496 0.07942589999999999 
-0.0116518 -0.000200637 0.0910974 
0.0101064 -0.0162182 0.012427 
0.0271992 -0.0211145 0.008595530000000001 
0.00751082 -0.000105768 0.000949706 
0.0114258 -0.007888060000000001 0.0119497 
-0.000830301 0.00234828 0.009338910000000001 
-0.0352 -0.00877355 0.0331669 
-0.0134486 -0.00582033 0.0957056 
-0.0128294 -0.000241085 0.0115374 
0.00767699 -0.007894959999999999 0.00994971 
-0.0142926 0.0157818 0.0236512 
-0.00917887 -0.0223628 0.00617781 
-0.015 0.00698849 0.0336713 
-0.002256 0.0191877 0.029338 
0.00746289 -0.0242182 0.014209 
-0.0133 -0.00681961 0.058946 
-0.032253 -0.015952 0.0264554 
0.00302808 0.0207783 0.0148202 
0.00633662 0.0162555 0.0119497 
-0.0133 0.00457914 0.0631066 
-0.015 -0.000251802 0.035237 
0.0010297 -0.00685599 0.00994971 
-0.0205097 -0.000165102 0.0555 
-0.0254723 -0.0159537 0.0253084 
0.0113196 -0.0162182 0.012001 
-0.0201709 -0.0194165 0.0193777 
0.00904874 -0.0241302 0.00823312 
-0.0202005 -0.0193961 0.0219088 
-0.0262152 -0.0159537 0.0131874 
-0.0290027 -0.0124986 0.0059497 
-0.0162298 -0.008091650000000001 0.0731406 
-0.000382176 -0.00738747 0.00994971 
0.0119311 -0.00140454 0.00364834 
-0.0174726 -0.0212746 0.0341905 
-0.0289523 0.0159537 0.0361052 
-0.0243325 0.000441665 0.0448269 
0.0224015 -0.0236089 0.00763995 
-0.00175833 -0.0182043 0.00594971 
0.0296053 -0.00911061 0.0104359 
-0.011022 -0.00103584 0.105162 
-0.00432894 0.010938 0.00322248 
0.00436851 0.0174705 0.00594971 
-0.0213481 -0.00808817 0.06972929999999999 
-0.0182255 -0.00541191 0.00594971 
-0.0035342 0.0236203 0.007981230000000001 
-0.0133 -0.00376414 0.0501359 
-0.0128428 -0.00256288 0.0657203 
0.00699751 -0.0162612 0.0173497 
-0.0163257 0.0178356 0.00285251 
-0.0125428 -0.0039982 0.00222793 
-0.0207305 0.00930608 0.0589028 
0.00784237 0.0257237 0.011483 
-0.0116 0.00339791 0.06905219999999999 
0.00317685 -0.018448 0.0346645 
-0.0095239 -0.00628715 0.00243766 
-0.0352 -0.000890093 0.0374943 
-0.015 0.00462081 0.0329777 
-0.015 0.00669304 0.0339296 
-0.0128121 0.0182555 0.0160875 
-0.02074 -0.0186797 0.00767594 
0.000191534 -0.0168011 0.0173497 
0.0200837 -0.0126891 0.0119497 
-0.0149366 0.000904259 0.0997794 
-0.007943769999999999 0.00459406 0.00537675 
-0.00357787 0.00739633 0.00402754 
0.00815568 0.00525291 0.000949706 
-0.00780027 -0.0238953 0.0304651 
-0.0108934 0.0102973  0.038 
-0.0352 -0.00652197 0.0295715 
-0.0173445 0.0156493 0.0385066 
-0.012598 -0.00208826 0.10387 
0.0132724 0.0147636 0.00594971 
-0.0138028 -0.00729697 0.0366997 
-0.0257778 0.009576690000000001 0.0567699 
-0.0078 -0.0183173 0.0248114 
-0.0291385 0.0159537 0.0292206 
-0.0246366 0.007837139999999999 0.06945460000000001 
-0.0347907 -0.0139496 0.0384347 
0.00388866 0.000759783 0.000949707 
-0.0255623 0.0159537 0.0139432 
-0.0238708 -0.00644912 0.0742563 
0.0299571 0.008588230000000001 0.00844932 
-0.0181136 -0.00731506 0.0834278 
-0.015 -0.00505224 0.0402942 
-0.008309860000000001 0.00531884 0.09713910000000001 
-0.0118359 0.0157818 0.0204492 
0.00759657 0.00403958 0.00394971 
-0.0021212 0.00479194 0.00394971 
-0.0133 0.00376706 0.0507956 
-0.0352 0.0117042 0.0371062 
-0.0103129 0.0188126 0.00594971 
0.0118456 0.0173297 0.00594971 
-0.0178984 0.0205476 0.00846618 
-0.0229782 -0.0174833 0.0299354 
-0.0208646 0.0108077 0.0497864 
-0.00901544 -0.0202162 0.036587 
-0.0180871 0.00697172 0.085497 
0.00200589 0.00416318 0.00773533 
-0.0352 0.00436717 0.0155983 
-0.015 -0.00596166 0.0346855 
0.0169341 0.008407660000000001 0.0119497 
0.0248515 0.0214754 0.00681261 
-0.016968 -0.021622 0.0321808 
0.0059 -0.0198654 0.023829 
-0.0286442 0.00428544 0.0059497 
-0.0213667 -0.0185028 0.0356623 
-0.00025093 -0.00290644 0.00679544 
-0.0106939 -0.0242182 0.0236443 
-0.0346235 0.0145056 0.0323839 
-0.0325092 0.00656069 0.0514992 
-0.000468977 -0.007858820000000001 0.000949706 
-0.0116 0.00625344 0.07373109999999999 
-0.000491123 -0.00953675 0.000949707 
-0.00207299 0.0102107 0.00994971 
-0.0145914 0.0216669 0.0347813 
-0.0178189 0.0036494 0.09185119999999999 
0.000386924 -0.0162182 0.0368784 
0.0124515 0.0125583 0.00594971 
0.00784168 0.0257457 0.00663259 
-0.00033306 0.0124115 0.0113514 
-0.0170602 0.000715471 0.0430617 
-0.0352 -0.0110037 0.0370533 
-0.0340284 0.0149662 0.00793165 
-0.00599351 0.0237708 0.00871214 
0.000293999 -0.0219414 0.00603898 
-0.0289428 -0.00135461 0.0291187 
-0.0269009 0.0113041 0.0059497 
-0.0125482 -0.0239976 0.010643 
0.00302939 -0.0242182 0.026171 
0.00497568 0.0208115 0.0119497 
-0.0296498 0.0159537 0.0344672 
-0.015 0.0115447 0.016272 
-0.0216092 -0.0131145 0.0430862 
0.0132342 0.0186118 0.0119497 
0.0150607 0.0183563 0.0119497 
-0.0238824 -0.0168606 0.0192629 
-0.008162859999999999 -0.0174182 0.0294947 
-0.0352 -0.00599519 0.0102533 
-0.0224968 -0.0178148 0.0157078 
-0.0307644 0.0119473 0.0458907 
-0.0237133 0.0044485 0.0756656 
-0.0301813 0.00493812 0.0229817 
0.0188794 -0.008509289999999999 0.0119497 
-0.0218425 -0.00621543 0.079595 
-0.015 -0.00617843 0.04021 
-0.010042 -0.0162182 0.0347633 
-0.0275927 0.00725736 0.0640279 
-0.0245189 0.00021338 0.0059497 
-0.00825852 0.00718278 0.00994971 
-0.0324046 -0.0048406 0.0248507 
-0.00576603 -0.0242182 0.009312020000000001 
-0.00427801 -0.0203741 0.0271662 
0.0166805 0.0233745 0.0104581 
-0.0126676 0.013241 0.0366997 
-0.0216133 -0.00487558 0.08138960000000001 
-0.0296942 -0.0159537 0.0125997 
-0.0155057 -0.00801952 0.0741926 
-0.0135983 0.016514 0.0140605 
-0.0212245 -0.00520242 0.0822676 
-0.0169203 0.00440162 0.0269444 
-0.0018145 -0.0062966 0.0066705 
-0.0303978 -0.00357394 0.0276995 
0.0122431 0.0266293 0.0113953 
0.00269417 0.002757 0.00702738 
-0.00250373 0.00730864 0.00994971 
0.00148046 -0.0242182 0.0284987 
-0.0145255 0.00320469 0.0884331 
-0.0154467 -0.00588477 0.00594971 
-0.0116 0.00244424 0.08418730000000001 
0.00583543 -0.00803129 0.00630126 
-0.0206239 0.00440723 0.0702859 
-0.0060737 0.0157818 0.0356667 
0.00221468 -0.00393859 0.00672528 
-0.0141468 -0.0174182 0.0188783 
-0.008387469999999999 0.0054097 0.0969604 
-0.00378688 0.0219186 0.0320011 
-0.0133 0.00112696 0.0577942 
-0.0352 0.00117112 0.0115663 
-0.0130139 0.00428463 0.00452816 
-0.0145431 0.011487 0.0472877 
-0.00308804 0.00224537 0.000949706 
-0.0174984 0.020823 0.0252484 
0.0147521 -0.00888126 0.0119497 
-0.00973768 -0.00607781 0.00431568 
0.00333278 0.00220795 0.00526567 
-0.0171071 0.008135440000000001 0.0724842 
-0.014813 0.00572218  0.038 
0.00287212 -0.0222343 0.0227676 
-0.0274021 0.008668500000000001 0.0514896 
-0.015 0.00371332 0.0361001 
-0.015 -0.00364184 0.0431137 
-0.0182465 0.009869370000000001 0.0547546 
0.0118921 -0.0127288 0.00594971 
-0.0277228 0.0047193 0.0646497 
-0.00743673 -0.0169926 0.0346643 
0.00771661 -0.009394710000000001 0.00530657 
-0.017863 -0.0210057 0.0315947 
0.0133025 0.0112432 0.00594971 
-0.0226264 0.008221620000000001 0.07107289999999999 
-0.0314582 -0.0159537 0.0121981 
-0.010443 0.00398935 0.0366997 
-0.00644187 0.0176818 0.0163133 
-0.0244753 -0.0161225 0.00770444 
-0.00817824 0.0237818 0.023871 
0.0150188 -0.0168913 0.0119497 
-0.0276239 0.00587948 0.0059497 
-0.00402372 -0.0105359 0.000743966 
-0.0271561 0.000583908 0.051426 
-0.0352 -0.00562131 0.0346698 
-0.0125516 0.0222399 0.0057077 
0.0278965 0.012676 0.00608979 
-0.009827890000000001 -0.0149654 0.0119497 
-0.0153524 0.00184397 0.0196521 
0.0257764 -0.00272086 0.0119497 
-0.0142839 -0.000451366 0.08977690000000001 
-0.0142918 0.000373947 0.0531508 
0.000119807 0.0223319 0.0215465 
-0.000716153 -0.0028214 0.00805119 
-0.0217132 0.0133363 0.0426207 
-0.0118406 0.0157818 0.0255819 
-0.00471132 0.0237818 0.0106735 
-0.00658365 -0.0217054 0.0241325 
-0.0113758 0.0126948 0.00594971 
-0.0239008 0.009904049999999999 0.0545751 
0.000348638 0.0176818 0.0189127 
-0.0258678 -0.00476446 0.0253433 
-0.0349745 -0.0035517 0.007815600000000001 
-0.015 0.0124532 0.0297231 
-0.0352 0.0101211 0.0209142 
-7.08728e-05 0.0132213 0.0119497 
-0.008581429999999999 -0.0147342  0.038 
-0.0130412 -0.0174182 0.0279496 
-0.0116 0.00332095 0.0753557 
-0.0101955 0.000615302 0.08994630000000001 
-0.00618218 -0.00130071 0.0367707 
-0.0133 0.00589083 0.0556082 
-0.0242632 0.0161647 0.0241173 
-0.00919966 -0.00740816  0.038 
-0.0112033 -0.00448669  0.038 
-0.00980408 0.00557636 0.00166342 
-0.0167934 -0.00965159 0.0565926 
0.00378986 0.0188574 0.00594971 
-0.009789580000000001 -0.0176882 0.0344622 
-0.015 -0.0128327 0.027545 
-0.00639677 -0.0238243 0.0136539 
0.00185839 0.00173842 0.009105790000000001 
0.00507025 -0.0236672 0.0278159 
0.0116079 -0.00557146 0.0114922 
-0.034141 -0.0117335 0.0444742 
-5.74341e-06 -0.0226716 0.0350322 
-0.015 -0.00714895 0.0264006 
0.00179811 0.0051673 0.000949706 
-0.00609767 -0.000527513  0.038 
-0.0278722 0.0159537 0.0135815 
0.0274951 -0.0202998 0.00756425 
-0.0146357 -0.00379264 0.0366997 
-0.0290048 0.00039013 0.0293384 
-0.0138355 -0.0105355 0.00594971 
-0.00477226 -0.00762019 0.00394971 
-0.008857139999999999 0.0145611 0.00594971 
-0.00615217 -0.00736671 0.00394971 
-0.031318 0.0152977 0.00708304 
0.0260696 -0.009297089999999999 0.0119497 
-0.0159185 -0.00728674 0.0839897 
-0.0129458 -0.0006794839999999999 0.0941983 
-0.0328202 -0.0158774 0.0361667 
-0.009900000000000001 -0.00515339 0.08652990000000001 
0.00279848 -0.0183179 0.0355097 
0.00357081 -0.0162182 0.0154756 
-0.0168339 0.0107986 0.00594971 
-0.00757225 0.0170513 0.0151497 
-0.00630562 -0.0242182 0.0281678 
-0.0233514 0.00645685 0.0755291 
-0.009900000000000001 0.000611089 0.09269330000000001 
0.0122594 0.0268042 0.00758735 
-0.00731246 0.0171865 0.0335497 
-0.00901562 -0.00693601 0.009959890000000001 
-0.00670936 -0.0237722 0.0309247 
-0.00180499 -0.00628729 0.00781333 
0.010646 0.0277818 0.0110619 
-0.0220285 -0.00533731 0.00594971 
-0.027796 0.009967470000000001 0.0541525 
-0.0169199 -0.0216552 0.0333699 
-0.0107137 0.0200915 0.00418071 
0.00751779 0.00912952 0.00202972 
0.0245217 -0.0111133 0.00594971 
0.00689978 -0.0240068 0.0229388 
0.00370995 0.00200149 0.00772742 
-0.0119146 -0.0241259 0.0233591 
0.008561529999999999 -0.0242182 0.0127339 
-0.0222652 -0.00358436 0.0210113 
-0.0216254 -0.0106879 0.0059497 
-0.021307 -0.0110301 0.0488685 
-0.00256429 -0.01447 0.00594971 
-0.00248554 0.000830039 0.00965677 
-0.0193453 0.00855641 0.0668477 
-0.00608538 -0.0216557 0.0142406 
0.00763017 0.009032729999999999 0.00518146 
-0.0327144 -0.000999897 0.0509353 
-0.0268771 0.0159292 0.0380408 
0.0136952 -0.0121087 0.00594971 
-0.0254131 -0.00554696 0.07096810000000001 
-0.0166792 0.0183229 0.0379603 
0.00558437 0.00756912 0.000949706 
-0.015 -0.0119742 0.0242046 
-0.0106545 0.0157818 0.0132106 
0.0286663 0.0109936 0.00645758 
-0.0180622 -0.0046193 0.0907709 
0.0190636 -0.0169816 0.0119497 
-0.0352 -0.00183231 0.0181271 
-0.00517106 0.00992844 0.0101058 
-0.0220478 -0.0009979139999999999 0.08024149999999999 
-0.0208611 0.00926285 0.0592166 
-0.0133 -0.00553662 0.0474785 
-0.015 0.0116327 0.0305549 
-0.00156989 0.0154046 0.00594971 
-0.0350686 -0.0134616 0.0322309 
-0.013582 -0.00858156 0.0630613 
0.00643073 0.00212287 0.009234880000000001 
-0.0101623 0.00590064 0.00594971 
-0.00883927 0.0103353 0.0119497 
-0.0171642 0.0210532 0.021308 
-0.00575317 -0.0242182 0.0120848 
0.028561 0.0136467 0.0063905 
0.0287613 -0.007835669999999999 0.011376 
0.0293317 -0.00142433 0.0108343 
-0.00698856 -0.0200726 0.0151251 
-0.00486108 0.0237818 0.0269348 
-0.0126822 -0.00408636 0.0119497 
-0.0313962 0.0159537 0.0287062 
-0.009810569999999999 0.0157818 0.0138953 
0.0166996 -0.020725 0.00594971 
0.0144758 -0.00192074 0.00594971 
-0.0018941 0.0157818 0.0143903 
-0.0133 -0.00570515 0.054712 
-0.0165536 0.00705151 0.0866251 
-0.0133 0.00716972 0.04734 
-0.0247252 0.000580675 0.0461191 
0.0104349 0.00568488 0.00582366 
-0.0133 0.00651791 0.0592943 
-0.0116 -0.00598203 0.078356 
0.0123939 -0.00660525 0.00594971 
-0.0133 -0.00784987 0.0600824 
-0.0352 0.012228 0.0263233 
-0.0143575 -0.00332191  0.038 
-0.00362105 -0.0231392 0.0235394 
0.00618133 -0.0174182 0.0227339 
-0.0301948 -0.0042965 0.0220383 
-0.0210005 0.0140225 0.00594971 
-0.0240173 -0.0167678 0.0325171 
-0.028203 0.0134759 0.0423577 
-0.0107999 -0.0238682 0.0305664 
-0.011332 0.00074721 0.0938808 
0.0118417 0.00109899 0.0106307 
-0.008969019999999999 -0.0233838 0.0323739 
-0.0213691 -0.00440757 0.0694573 
-0.00773436 -0.00350435 0.000949706 
-0.015 0.0030935 0.0385041 
-0.0323286 -0.0122179 0.0451328 
-0.009719240000000001 -0.0242182 0.0119548 
0.0177799 0.0219027 0.00616993 
-0.0236943 0.00188129 0.0757179 
0.0204486 -0.00129802 0.00594971 
0.0264908 0.0161882 0.00594971 
-0.0352 0.00316644 0.0390297 
-0.0133 -0.00692507 0.0599209 
-0.015 0.00906857 0.0209756 
0.0119825 -0.000808637 0.00447933 
-0.0135637 -0.0236861 0.0234587 
-0.0178259 0.0110921 0.0486492 
0.00213314 -0.009980869999999999 0.000691551 
-0.00675184 -0.0232231 0.0133061 
0.000449876 0.00244398 0.00589342 
0.0220019 0.00927799 0.00594971 
0.0268574 -0.0108162 0.00594971 
-0.022274 0.0175345 0.023533 
-0.0352 0.00072335 0.00975612 
-0.0204062 -0.0192544 0.0304877 
-0.0346146 -0.0145203 0.0131987 
-0.0294564 -0.00286924 0.0203561 
0.0039663 0.0176408 0.0122424 
-0.015 -0.007949319999999999 0.029529 
0.0148467 0.008643420000000001 0.0119497 
0.009140540000000001 -0.00797849 0.00128974 
-0.0218765 -0.01383 0.0416284 
0.0281433 0.000128025 0.0117202 
-0.0350393 0.0135628 0.034363 
-0.00401535 -0.0122082 0.0113616 
-0.00287632 -0.004959 0.00315419 
-0.029073 0.0126621 0.0441001 
-0.0135428 -0.0171027 0.0313497 
-0.0352 -0.0049179 0.0299464 
-0.0239239 -0.0168321 0.0120149 
-0.0220115 -0.0180301 0.00819247 
0.009524589999999999 -0.0200716 0.0220547 
-0.015 -0.0131284 0.0248696 
-0.0133 -0.00367267 0.0634093 
0.0140882 -0.0238219 0.00745943 
-0.0105898 -0.00249808 0.104183 
-0.0133 0.00121892 0.0515853 
-0.0033322 0.00568259 0.00394971 
-0.00872089 -0.0174182 0.0174641 
0.00587256 -0.0241954 0.0233293 
-0.0251893 -0.00193211 0.07161049999999999 
-0.00612168 0.00173894 0.0368312 
-0.0189045 -0.0110791 0.0486901 
0.00287643 -0.00118041 0.00807096 
0.0204376 -0.00310063 0.00594971 
-0.012482 -0.00488411 0.0366997 
0.00447083 0.007691 0.00755057 
-0.011362 -0.00616618 0.09375310000000001 
-0.0133 0.00537153 0.0618761 
0.00308936 -0.0172409 0.0348662 
0.0059 -0.0196908 0.0253385 
-0.008280630000000001 0.00823807 0.0105473 
-0.0103628 0.00769059  0.038 
-0.0348507 -0.009829259999999999 0.0450081 
-0.0194566 0.00920968 0.0596612 
-0.015 0.0058057 0.0215388 
-0.0214535 -0.0014339 0.0290937 
-0.014712 -0.00472106 0.00514751 
-0.0167577 -0.00477423 0.093662 
-0.008101519999999999 -0.0015658 0.104451 
-0.0174849 0.0155098 0.0387387 
-0.0214161 2.59655e-05 0.0648965 
-0.0137031 0.0083938 0.0460657 
-0.009306460000000001 0.0068052 0.0366997 
0.024402 -0.00260605 0.0119497 
-0.019013 -0.0148862 0.0398383 
-0.020695 0.00496915 0.0230905 
-0.0133 -0.00618535 0.059153 
-0.000622233 -0.0121917 0.00100789 
-0.0109816 -0.00812657 0.0366997 
0.0138206 -0.0199758 0.00594971 
-0.0159247 -0.000812557 0.0970647 
-0.0321852 0.0116211 0.0465912 
-0.00608439 -0.00965538 0.00304583 
-0.0278096 -0.0112599 0.0059497 
-0.032648 0.0130402 0.00600555 
-0.009156940000000001 -0.00664651 0.00235817 
0.00776128 -0.020569 0.00594971 
0.0064877 0.0146 0.00594971 
-0.0136698 0.0041023 0.0119497 
-0.0104411 -0.0194721 0.0059497 
-0.00170228 -0.0120859 0.000678443 
-0.0116 0.00477842 0.082262 
-0.0264096 -0.0070176 0.0507249 
-0.0177816 -0.000806358 0.09196310000000001 
-0.0118447 0.0105993 0.0119497 
-0.032709 -0.015901 0.0149804 
-0.0258333 -0.0159537 0.0287993 
-0.0322591 0.00508618 0.0249874 
-0.0283393 -0.006308 0.0059497 
-0.0287337 0.0038423 0.0618723 
-0.0133 0.00421112 0.0480144 
-0.00558427 0.0176818 0.0324289 
-0.00534607 0.0149329 0.0119497 
-0.009430600000000001 0.017282 0.0335497 
-0.0181562 0.00321175 0.00594971 
-0.029492 0.000947995 0.0292806 
-0.000122975 -0.0231774 0.0331444 
0.0284608 0.0139432 0.00633489 
-0.028261 0.0159537 0.0171438 
-0.0189216 -0.009116829999999999 0.00594971 
-0.000772995 0.0157818 0.014642 
-0.0121858 0.007939689999999999 0.074111 
-0.015 0.00598278 0.0421331 
-0.0133 0.00390782 0.0493837 
-0.0133 0.00174976 0.0596634 
0.0193648 0.0209605 0.0059573 
-0.0124479 0.000589177 0.090838 
-0.0187858 -0.0203703 0.0258587 
-0.0019502 0.00347001 0.00612153 
-0.0282709 -0.00332474 0.0631439 
0.0221354 0.0175365 0.00594971 
-0.0352 0.01184 0.0383214 
-0.0275361 -0.00869762 0.0514886 
0.0213988 0.00942659 0.0119497 
-0.0203456 -0.009725640000000001 0.05608 
0.00192688 -0.0162182 0.0339669 
0.00287381 -0.00300534 0.00722698 
-0.0138029 0.00526012 0.0975582 
-0.0134663 0.00950092 0.0542078 
0.00888885 -0.0160898 0.0119497 
0.0284476 -0.0170125 0.0112655 
-0.000885961 0.00326548 0.000949706 
-0.0281757 0.00579972 0.0505071 
-0.0352 0.0104322 0.0160725 
-0.015 0.0111253 0.0183894 
0.00725348 -0.0162182 0.016541 
-0.0352 -0.008997130000000001 0.0154191 
0.0256378 -0.0129503 0.0119497 
-0.0193672 -0.00818909 0.07171950000000001 
-0.0352 0.0110531 0.032741 
0.0202192 -0.0241199 0.00966638 
-0.0286578 0.0069223 0.0617399 
-0.032981 -0.0158315 0.0259148 
-0.013219 -0.00788026 0.07595250000000001 
-0.0116467 0.000873007 0.00142112 
0.0284544 -0.0154246 0.00638202 
-0.0144068 -0.00964836 0.0460657 
0.0225218 0.0117836 0.00594971 
-0.00963669 0.0237818 0.0290111 
-0.0265615 -0.00480606 0.0251131 
0.0119889 -0.000504089 0.00115569 
0.00513317 0.0223691 0.00594971 
0.00388121 -0.00339086 0.000949706 
0.0128265 -0.0162182 0.0130599 
-0.00392642 0.0224603 0.0314155 
-0.0136415 -0.00842586 0.0652891 
-0.00699622 0.00692832 0.000949706 
0.002429 0.0182405 0.0164661 
-0.0225352 -0.009943219999999999 0.0545798 
-0.0321157 0.0026556 0.0286647 
-0.00674948 -0.0223222 0.00616119 
-0.0214803 -0.00177795 0.0197339 
-0.0230017 -0.00579729 0.0771917 
0.0166944 -0.0155251 0.00594971 
-0.0144428 0.00548223 0.08868620000000001 
-0.0209208 0.00754668 0.0779575 
0.0218347 0.019104 0.00594971 
0.000594442 -0.0101997 0.000608279 
-0.00556895 0.00179863 0.00423591 
-0.0343193 -0.0149224 0.0142158 
-0.015 0.0070386 0.0351812 
-0.015 -0.009010890000000001 0.0204957 
0.0009829120000000001 0.0145696 0.00594971 
-0.0352 -0.007701 0.0272662 
0.028635 0.0034291 0.00643765 
-0.0342125 0.0150153 0.00863303 
-0.0264564 -0.000628099 0.0395149 
0.0233357 0.021766 0.0114451 
-0.015154 0.0115877 0.0455337 
-0.00347689 -0.0183889 0.0219961 
0.0183109 0.023743 0.008480140000000001 
-0.0117135 0.0162437 0.0351312 
0.00735122 -0.00426883 0.00394971 
-0.0259915 0.000295207 0.0468085 
0.00505955 0.00184036 0.00394971 
-0.00710153 0.0237818 0.0245969 
-0.015 0.000196225 0.0337348 
-0.009339760000000001 0.0112231 0.0366997 
-0.00137843 -0.00253888 0.00391874 
0.0033617 -0.0183006 0.0212678 
-0.0344525 -0.0125694 0.0418878 
-0.0352 0.00865136 0.0304418 
0.0120859 -0.0215926 0.0172025 
-0.0210643 -8.134449999999999e-05 0.0701426 
-0.014554 -0.00136704 0.0119497 
-0.015 0.003923 0.0349674 
-0.007909319999999999 -0.00428927 0.09848079999999999 
-0.00954846 -0.009559049999999999 0.0366997 
-0.015 0.00800856 0.0459623 
-0.00746209 0.000221418 0.0366997 
-0.0210303 0.00684835 0.0701658 
-0.0133 -0.00823754 0.0570253 
-0.0127432 0.00339813 0.00240837 
-0.0203116 0.0188858 0.010167 
-0.0204493 0.008211609999999999 0.0059497 
-0.0202956 0.00242427 0.0688619 
0.0042301 0.0237917 0.00804351 
-0.0352 0.00351686 0.0353035 
-0.0352 0.00871399 0.032104 
0.011826 0.00175324 0.00300231 
0.0122508 0.0269373 0.00959494 
-0.0223544 -0.00933866 0.0059497 
-0.0307745 -0.0108121 0.0495928 
-0.0275739 -0.0159346 0.008626109999999999 
-0.00754994 0.0176818 0.0211894 
-0.0249453 -0.00630695 0.07172580000000001 
-0.0205845 -0.00200155 0.0198287 
-0.0263017 0.0159537 0.037513 
0.0159711 -0.0145529 0.00594971 
-0.0309075 -0.0119555 0.045872 
-0.0114188 0.00685643  0.038 
-0.0186736 0.0181539 0.00570411 
-0.0189629 -0.0202483 0.00987823 
-0.00763199 0.0168086 0.0335497 
0.014557 0.022132 0.0116257 
-0.00221729 0.0229075 0.00683318 
0.008239069999999999 0.0230197 0.00594971 
-0.0261836 -0.0137774 0.0417268 
-0.0151717 -0.00691537 0.0881147 
-0.0116 -0.00623929 0.07870290000000001 
0.0099703 -0.0190257 0.00594971 
-0.0340069 0.00503272 0.0473841 
-0.0172515 -0.00713374 0.085495 
-0.00387413 -0.012543 0.00594971 
-0.00613855 0.0176818 0.0211765 
-0.0325008 0.015935 0.0189852 
-0.0283678 0.00473626 0.0059497 
-0.0197 -0.00737692 0.0809729 
0.0122469 0.026442 0.0105025 
-0.0140202 0.00083426 0.00355821 
-0.0328022 0.00418136 0.0506942 
0.00328193 0.0113128 0.0007941340000000001 
0.00733915 -0.024203 0.0203535 
0.0116753 -0.0204799 0.0180461 
-0.0236099 0.00320113 0.00594971 
-0.00918446 -0.0040129 0.000949706 
-0.0116092 0.00681982 0.0787127 
-0.0286112 0.0106291 0.0505659 
-0.0140925 -0.0162182 0.0359561 
-0.0116 -0.00641159 0.070164 
-0.005986 -0.0202158 0.0379292 
-0.00145698 -0.0140593 0.0119497 
-0.00357154 -0.0119766 0.0110069 
-0.015 0.00244771 0.0147359 
-0.0101915 0.0194285 0.034159 
0.0116853 0.0118287 0.00594971 
-0.00233032 0.0237818 0.0165033 
-0.0127926 -0.00611615 0.0657203 
-0.0173806 0.008883739999999999 0.0630681 
0.012072 0.0241928 0.0119497 
-0.0123892 0.0236008 0.008235309999999999 
-0.0289778 0.0131157 0.00595671 
-0.015 0.00717764 0.035268 
-0.00145224 0.00438978 0.000949706 
-0.0207949 -0.00464441 0.0258133 
-0.0276748 -0.0159537 0.0282303 
-0.0248818 -0.0159996 0.008044630000000001 
-0.000690252 0.011751 0.000283431 
-0.0116 -0.00568366 0.06628050000000001 
-0.0170602 -0.000255488 0.0939449 
-0.015 0.00655854 0.015699 
-0.015 0.00200013 0.0298394 
-0.0118728 -0.0174182 0.021663 
0.000510674 0.0157818 0.0138672 
-0.0121159 0.00400314 0.0657203 
0.0196709 0.0208067 0.00595068 
-0.0130547 -0.000618249 0.0843853 
0.0050404 0.0237818 0.011677 
-0.0116 0.0048203 0.077387 
-0.0144526 -0.0232811 0.0246272 
-0.0263467 -0.0135623 0.0421508 
-0.0127287 -0.00682936 0.0889078 
-0.0229899 -0.00524226 0.07757509999999999 
-0.0215378 0.000350687 0.0384441 
-0.0127998 0.0157818 0.0358696 
0.00824193 -0.0104202 0.0118307 
0.0103849 0.0214145 0.00594971 
-0.023248 -0.0007308870000000001 0.0768267 
-0.0105972 0.00560948 0.09678 
-0.0115282 -0.00368105 0.102493 
-0.0199743 -0.00893585 0.06269619999999999 
-0.0281308 -0.0159537 0.0134998 
-0.0260998 0.00542876 0.0059497 
-0.00657241 0.0189802 0.00594971 
-0.0255033 0.0149164 0.039726 
-0.005512 -0.0226666 0.0258645 
0.00415366 0.0224242 0.0119497 
-0.0260959 -0.0035065 0.0209263 
-0.0352 0.0103286 0.0315153 
-0.0063229 0.0162668 0.0151497 
-0.0043154 0.00180225 0.009342380000000001 
-0.015 -0.0157769 0.0320616 
-0.0126596 0.00725434 0.08444110000000001 
-0.0218655 -0.00811916 0.0059497 
-0.009743119999999999 0.0128122 0.00594971 
-0.00976579 -0.0162182 0.0127415 
0.00629095 0.00205112 0.008759980000000001 
0.00315404 0.00233136 0.008400009999999999 
-0.0133 0.00507863 0.0548219 
0.00708262 0.0196981 0.0119497 
0.0003097 -0.0102106 0.000652661 
-0.0151963 -0.00485539 0.0246434 
-0.00607078 -0.0033692  0.038 
-0.0015404 0.00387131 0.00672868 
-0.0120025 -0.00708711 0.08402080000000001 
-0.00619254 0.009113029999999999 0.00245412 
-0.00627895 -0.0221114 0.0349302 
0.00135218 0.00211754 0.00299514 
-0.015 -0.00317298 0.0408202 
0.00164744 0.0176818 0.0175661 
-0.015 -0.0116996 0.0220992 
0.00288715 0.0201787 0.0152074 
-0.0169928 0.00290416 0.09413009999999999 
-0.0300769 -0.0159537 0.0334265 
-0.0352 9.20664e-05 0.010415 
0.00199534 -0.0056885 0.00581885 
-0.0141326 0.009443409999999999 0.0578248 
-0.009032159999999999 0.0237818 0.0134056 
-0.00643135 -0.00297875 0.000949706 
-0.0352 0.00866985 0.0201375 
-0.00784724 0.0176818 0.0236984 
0.00574077 -0.0196696 0.0260584 
-0.00687651 -0.0210228 0.0150154 
0.0215245 0.00659521 0.00594971 
-0.0210725 -0.00453198 0.0701362 
-0.00100247 -0.00535362 0.00394971 
0.0257151 0.0005456839999999999 0.0119497 
0.0233468 -0.012787 0.00594971 
-0.015061 -0.0133549 0.0411466 
-0.0156462 0.00906612 0.00594971 
-0.0106913 -0.0242182 0.0191853 
-0.033844 0.0153775 0.0228688 
-0.0119542 0.0236847 0.0278609 
-0.00777681 0.00217713 0.0366997 
-0.0234959 -0.0046681 0.0257381 
0.0114926 0.0112225 0.00594971 
-0.008277649999999999 -0.0238947 0.0304673 
-0.0205479 -0.0105161 0.051101 
-0.0268713 0.00641017 0.0666952 
-0.0210737 0.0170841 0.0372798 
0.0016121 0.0216985 0.018288 
-0.0276201 0.00383993 0.0649319 
-0.0157436 -0.0101912 0.0529061 
0.008841140000000001 -0.0202486 0.0233309 
-0.0125332 0.00721501 0.084942 
-0.0243087 0.00752392 0.0608406 
-0.000325777 0.0105907 -5.02935e-05 
0.00722736 0.00472252 0.00371818 
-0.015 0.00949066 0.0427383 
-0.0246819 -0.0163101 0.0305579 
0.02678 -0.0193631 0.00636376 
0.000459866 -0.0179626 0.00594971 
0.00232901 -0.0236606 0.0311906 
-0.00389713 0.0237818 0.0132811 
-0.015 -0.0134026 0.0390362 
0.0188695 0.0129331 0.00594971 
0.0031955 0.0212496 0.0142508 
-0.00166548 0.00837516 0.00994971 
-0.015 0.00588349 0.0366572 
-0.013515 -0.00614275 0.09391620000000001 
-0.0352 0.0119282 0.0245849 
0.0106829 0.00264185 8.07632e-05 
-0.0261289 0.0137896 0.0417222 
-0.0205576 0.0187164 0.0266104 
0.0227372 0.00763067 0.0119497 
-0.0289698 -0.000163829 0.0193626 
-0.020038 0.0169759 0.0377169 
0.0105361 0.00624569 0.011078 
0.0299486 0.00780778 0.009496940000000001 
0.0036041 0.00559436 0.00207931 
-0.0220514 -0.00405873 0.0802317 
0.00356685 6.78801e-05 0.00393524 
-0.00540648 -0.0200295 0.0059497 
0.00665625 0.00719828 0.00410245 
-0.0119099 -0.00516366 0.0116152 
-0.0190344 0.00250509 0.0885209 
-0.0287974 0.00494301 0.0229972 
 -0.01 0.0164932 0.0175856 
-0.0244092 0.00688818 0.0059497 
-0.0290741 -0.0159098 0.00844485 
-0.00759624 -0.0111377 0.00594971 
-0.0268256 0.0103238 0.0511669 
-0.00499438 0.0227043 0.0323012 
-0.00199871 0.018988 0.0286311 
-0.0112557 0.0191736 0.0126209 
-0.0297099 -0.0109086 0.0493571 
0.0206491 -0.00694323 0.0119497 
0.0111613 -0.0162182 0.0132842 
-0.0064249 0.0159588 0.0335497 
-0.017438 0.0049705 0.0230966 
0.020258 0.017072 0.00594971 
-0.00671151 0.0176818 0.0252992 
-0.015 0.0130588 0.0158843 
-0.00439017 -0.0163581 0.00594971 
-0.0116 -0.00589286 0.0756812 
-0.0264888 0.0159537 0.009425640000000001 
-0.0201961 -0.008755870000000001 0.0647268 
-0.0125613 -0.0239983 0.0193984 
-0.0176389 0.0145946 0.00594971 
-0.0133 -0.0021692 0.0640995 
-0.0133 0.00317687 0.0598622 
-0.0107486 0.00564185 0.0109587 
-0.00769337 0.01429 0.00594971 
-0.0261244 -0.000748043 0.0568134 
-0.0260238 -0.0159537 0.0329126 
-0.00931155 0.000256346 0.0366997 
0.00162562 0.0106454 -5.02935e-05 
0.00359595 -0.0116586 0.00540149 
0.0176724 -0.0118553 0.0119497 
-0.0135633 0.0137212  0.038 
-0.0173822 -0.0213368 0.0196715 
0.0168051 -0.0176632 0.00594971 
-0.00369425 0.00849916 0.00994971 
-0.01969 -0.0197476 0.014394 
-0.00804215 0.0237818 0.0165151 
-0.0267587 -0.0159537 0.025903 
-0.0116 -0.00100392 0.07928300000000001 
-0.0233231 -0.0086791 0.0059497 
-0.0237295 0.0165322 0.0180955 
-0.008556960000000001 -0.00175914 0.095375 
-0.00794656 0.0122939  0.038 
-0.0352 0.009316329999999999 0.0164416 
-0.0352 -0.00782327 0.0211415 
 -0.01 0.0159157 0.0227572 
8.304179999999999e-05 -0.0122084 0.00107502 
-0.0206498 -0.0190867 0.0204744 
-0.0345187 0.0146658 0.012984 
0.0241887 -0.0204807 0.0059994 
-0.0174221 -0.0213093 0.0104129 
-0.00705928 -0.0242182 0.00998225 
-0.00645434 -0.00421718  0.038 
-0.0351935 0.0126497 0.0297175 
0.0118833 -0.0156503 0.0119497 
0.0100644 -0.00330512 0.00994971 
-0.00909573 -0.008280829999999999 0.00594971 
-0.008449709999999999 0.0176818 0.0182818 
0.0204807 0.00264169 0.0119497 
-0.0168783 -0.0116983 0.0466094 
-0.0114608 -0.0112686  0.038 
-0.0268776 -0.0101724 0.0529914 
-0.00441644 -0.0186619 0.0214536 
-0.0281532 0.0159537 0.0148883 
-0.008246180000000001 0.00710197 0.00229609 
0.00906478 0.0206262 0.0119497 
0.0070049 -0.0239907 0.0228206 
-0.0128145 -0.0161807 0.0059497 
-0.021253 0.008860109999999999 0.0633716 
-0.0213474 0.00555393 0.0816627 
-0.0144619 -0.008970819999999999 0.062216 
-0.0132323 0.00413369 0.0028488 
0.024241 -0.0232539 0.00925715 
-0.015 0.00399676 0.0138945 
-0.008635530000000001 -0.009217319999999999 0.0111879 
0.00135333 0.0222885 0.0182345 
0.0233139 -0.0203531 0.0119497 
-0.0116 0.00288738 0.0842599 
-0.0116848 0.0237216 0.011716 
-0.015 -0.0138844 0.022259 
-0.015 0.0125718 0.031161 
-0.009928279999999999 0.00940349 0.0119497 
-0.0260996 0.00900014 0.0059497 
-0.0111179 0.0237684 0.0187597 
-0.009900000000000001 0.00263305 0.08930349999999999 
-0.0352 -0.0119222 0.0150379 
-0.0159892 0.0190432 0.0034871 
-0.0162139 -0.009050219999999999 0.061477 
-0.0175999 0.00755094 0.07829659999999999 
-0.0043565 -0.0202389 0.037924 
-0.0188481 -0.009545130000000001 0.0573188 
-0.00654917 0.0237818 0.0261944 
-0.0352 -0.0058757 0.0129421 
-0.0250429 -0.0160615 0.0301965 
-0.0351644 0.0129708 0.00954023 
-0.00987844 -0.0242182 0.0165217 
0.0210879 0.00386484 0.0119497 
-0.0015541 -0.00559544 0.00394971 
-0.0352 -0.00228372 0.015647 
-0.015 0.014459 0.0343991 
0.00562136 -0.00224663 0.00464459 
-0.0352 0.008664760000000001 0.0356135 
-0.015 0.0126036 0.0200784 
-0.0348972 -0.0136305 0.008141549999999999 
-0.013527 0.014341  0.038 
0.000202934 -0.0162182 0.0173287 
-0.0326818 0.00408157 0.0274078 
-0.000284341 -0.0242182 0.0131939 
-0.0196453 0.00052821 0.06962790000000001 
-0.0206946 0.00958435 0.0568831 
0.00239198 0.0187237 0.0165678 
-0.0023947 0.00303472 0.00404953 
-0.0276271 0.0159533 0.008914699999999999 
0.0113532 -0.0183507 0.00594971 
0.00686523 -0.0055316 0.00317199 
0.00541747 0.00626006 0.00253867 
-0.00777639 -0.00411447  0.038 
-0.0174149 0.0208805 0.0262681 
-0.0312705 0.0159537 0.0337777 
-0.0194182 -0.0113078 0.0478605 
-0.00487105 -0.00195979 0.000949707 
-0.0116 0.00688185 0.0682904 
-0.0297264 0.00237114 0.0288155 
-0.0247891 0.00854596 0.0600581 
-0.00244533 -0.0242182 0.011708 
-0.0352 0.00266951 0.0310586 
0.00942806 -0.00110666 0.000949707 
-0.0322929 0.00249223 0.0287525 
-0.0288807 0.0143502 0.0406681 
-0.0195802 0.0193895 0.0341058 
0.0003 -0.0197559 0.0235969 
-0.0352 0.0109826 0.03143 
-0.0316758 -0.0159537 0.010755 
0.0284057 0.0128846 0.00630256 
-0.0116014 -0.00724335 0.0716014 
-0.00245967 -0.008707289999999999 0.000949706 
0.0189728 -0.0161386 0.0119497 
-0.009563230000000001 -0.0115566  0.038 
-0.009900000000000001 0.00229842 0.0939251 
0.0163924 -0.00902738 0.00594971 
-0.0243428 0.0161099 0.0125168 
-0.00146651 -0.0129465 0.00594971 
-0.0119859 0.00147553 0.104703 
-0.00585086 -0.00900281 0.00994971 
0.0299536 0.014701 0.008995629999999999 
-0.0116 -0.00730286 0.0695359 
-0.00849608 0.0122712 0.0366997 
-0.0133 0.00500523 0.0587127 
0.0111942 0.0141066 0.0119497 
-0.0186099 0.0200576 0.0139496 
-0.0116 -0.00382927 0.08092630000000001 
0.00963573 0.00692858 0.00218057 
-0.015 0.0113895 0.0288486 
0.00604393 0.009438419999999999 0.0101096 
-0.008403600000000001 -0.00472583 0.0996054 
-0.0134026 -0.0162182 0.0145027 
-0.008531469999999999 0.0176818 0.025067 
0.0107843 -0.0176233 0.0196915 
-0.00430725 0.00728601 0.000949706 
-0.015 0.002349 0.0333417 
0.00586974 0.0237818 0.00869808 
-0.00915812 0.0135846  0.038 
0.0298222 0.0112315 0.00996594 
-0.0307008 0.00795275 0.0558689 
-0.0230534 -0.00480442 0.0251255 
-0.00466479 0.0114115 0.0112486 
0.0115548 -0.012747 0.0119497 
0.0213256 -0.0213369 0.00596035 
-0.0352 -0.00638951 0.0401044 
0.0114965 0.0148098 0.00594971 
-0.009386759999999999 0.0141092  0.038 
-0.0181255 0.00928122 0.0590831 
-0.00221823 -0.0173132 0.0173497 
-0.0257556 -0.00432201 0.0266121 
-0.0245306 0.0159805 0.0237921 
0.003679 0.0107052 0.0102422 
-0.0154303 0.00357291 0.09784130000000001 
0.016112 0.000523739 0.00594971 
-0.0206277 -0.014171 0.0410636 
-0.0301643 -0.00595289 0.0579418 
-0.00691226 0.00699886 0.00698246 
-0.0270795 0.000135592 0.0293495 
-0.0257157 -0.0159537 0.0227898 
0.0132929 0.0222331 0.00632631 
-0.015 0.00465082 0.0161115 
-0.0247016 0.00769994 0.0059497 
0.00190992 0.00248875 0.000949706 
-0.0149012 -0.00381914  0.038 
0.00553151 0.00179103 0.00892514 
-0.0252424 -0.0159537 0.0172965 
0.0048031 0.0113044 0.0112025 
-0.009900000000000001 3.93018e-07 0.0952085 
-0.0299211 -0.00466824 0.0257377 
-0.0281578 -0.00997899 0.0504583 
0.0108965 0.0276596 0.00594971 
0.0193311 -0.0181535 0.0119497 
0.0126105 -0.00352826 0.00594971 
-0.00722554 -0.0207182 0.0248381 
-0.0352 -0.00762569 0.0104424 
-0.0107137 0.0180863 0.00572422 
-0.0161392 -0.0221927 0.0187519 
-0.0309216 -0.00970202 0.0525339 
0.0055757 0.0105118 0.0108108 
-0.000616095 0.0202104 0.0248324 
-0.00875535 0.0176818 0.0206161 
-0.0130874 0.017544  0.038 
-0.015 0.00631937 0.0288104 
-0.0221838 -0.00879481 0.06420289999999999 
0.0118794 -0.00188192 0.00577238 
0.00847448 0.00398431 0.00505816 
-0.0120097 0.0113612 0.0366997 
-0.0261015 -0.0159537 0.0138007 
-0.0150008 -0.0128376 0.0414608 
-0.000931853 -0.0162182 0.0157507 
-0.0168735 -0.00301576 0.0782598 
-0.00508204 0.017505 0.0371025 
-0.0167777 0.00823635 0.07104100000000001 
0.00498443 -0.0203595 0.0308006 
-0.0319528 0.0116787 0.0465667 
0.00875311 0.009295339999999999 0.00594971 
-0.0138232 -0.0174182 0.0291865 
-0.0163927 0.0061246 0.091533 
-0.0194497 0.00172755 0.08737979999999999 
-0.0174906 0.000259629 0.0927625 
-0.0322413 0.000734739 0.0481931 
-0.0352 -0.008376140000000001 0.0390174 
-0.00828446 0.0119707  0.038 
-0.0244528 0.000584435 0.0566566 
-0.0183283 -0.0104967 0.0059497 
-0.0146056 0.0157818 0.0289851 
-0.00730018 0.0130583 0.00594971 
-0.0352 -5.07734e-05 0.0118887 
-0.0133 0.00600345 0.0542953 
-0.0138363 0.0142457 0.00594971 
-0.0154104 -0.00785015 0.0766527 
-0.008006070000000001 -0.0174182 0.018593 
-0.00720702 0.0237818 0.0151885 
-0.0352 -0.008164869999999999 0.043554 
-0.0219241 0.000282856 0.0293431 
-0.0133 -0.00560349 0.0504084 
-0.0127018 0.0157818 0.0317242 
-0.00187091 -0.0242182 0.0111353 
-0.015 -0.0105352 0.0425368 
-0.0154853 -0.0170885  0.038 
0.0279596 0.0196163 0.0097952 
-0.0236652 0.000638709 0.0562877 
0.0166963 -0.0216547 0.00598344 
-0.00285784 -0.00301818 0.00620579 
0.0169094 0.0209198 0.00595471 
-0.009672180000000001 0.00454579 0.100566 
0.00511866 0.0172215 0.00594971 
0.00818788 -0.019477 0.0245491 
0.0146951 -0.009581569999999999 0.00594971 
-0.015 -0.011421 0.0126325 
-0.015 -0.00553649 0.0354383 
-0.0224149 0.00504785 0.0059497 
-0.0267456 0.009550049999999999 0.0510885 
-0.00299202 -0.0162182 0.0126584 
-0.0133 0.0071995 0.0547784 
-0.00589128 0.0157818 0.013795 
-0.0030311 0.0185821 0.0314676 
-0.00896433 0.008003049999999999 0.00594971 
0.029835 0.0062264 0.00797426 
0.009937929999999999 -0.0224371 0.00621066 
-0.015 0.00245354 0.0306351 
-0.0347884 -0.00609955 0.00743335 
0.0104596 0.0199856 0.0119497 
-0.015 -0.00377446 0.0412678 
-0.0151858 0.000603234 0.08423650000000001 
0.0020123 0.0116049 0.00168057 
-0.00345862 -0.00655858 0.00394971 
0.0248228 0.0172892 0.0119497 
0.00405459 -0.0234466 0.00694283 
-0.03106 0.0159537 0.0114777 
-0.015 -0.0111613 0.0347449 
0.00373505 -0.0174182 0.0280267 
-0.00542717 0.0155126  0.038 
-0.0352 0.0114097 0.0320293 
-0.0161185 0.0102378 0.0525235 
-0.0294246 0.0133615 0.00597967 
-0.0317974 -0.0159537 0.0204829 
 -0.01 0.016211 0.030496 
-0.028631 0.009981719999999999 0.0540471 
-0.0183415 0.00835548 0.0693849 
-0.0228314 0.0171506 0.0316294 
-0.0212474 -0.00159646 0.0699516 
-0.033245 -0.0142865 0.040429 
-0.0334063 -0.0156557 0.0260883 
-0.0320665 0.00824336 0.0059497 
-0.0338811 0.0120755 0.0441742 
-0.0348435 -0.00452565 0.0225406 
-0.0143808 0.0157818 0.0202659 
-0.0194301 0.00072593 0.0392937 
-0.0112702 0.0179818 0.0347223 
-0.0312307 -0.0159537 0.0327559 
0.00364751 -0.0242182 0.00925462 
-0.0241862 -0.0034933 0.0743664 
-0.0318634 -0.00164393 0.0532735 
0.0224014 0.00558431 0.00594971 
0.0257623 0.00984555 0.00594971 
-0.0152828 0.00685163 0.08872240000000001 
-0.00120812 -0.0232448 0.032893 
0.0223629 0.0112705 0.00594971 
0.0250157 -0.000441583 0.00594971 
-0.0141625 -0.0234299 0.0157234 
0.0286211 0.0162538 0.0112061 
-0.030833 0.014517 0.0403906 
-0.00520217 -0.008156210000000001 0.00482489 
-0.0133 -0.00257517 0.0516111 
-0.0264204 -0.00200534 0.0288687 
-0.0182734 0.0155039 0.0387485 
0.0281589 -0.0123964 0.00618567 
-0.0306901 0.0159537 0.0372929 
-0.0267474 -0.00204073 0.0198491 
-0.0225358 0.0152539 0.00623258 
-0.0352 0.009321960000000001 0.0291693 
-0.023523 0.0145508 0.0403344 
0.0160486 0.0201618 0.0119497 
-0.00794187 -0.00534918 0.00498609 
0.0221494 0.0117184 0.00594971 
-0.0116 -0.00611091 0.0789005 
-0.0195999 0.000454566 0.08695020000000001 
-0.015 0.00471469 0.0444516 
-0.00570453 0.0161988 0.0151497 
-0.0117425 -0.0241352 0.008725419999999999 
-0.00329068 0.0176818 0.0155774 
0.0259898 0.0217709 0.00908544 
-0.015 -0.00325122 0.0313442 
-0.015 0.0119062 0.033433 
0.0113562 -0.0174182 0.0183072 
-0.0352 -0.009386719999999999 0.00982591 
-0.0135594 0.00598619 0.0366997 
-0.0352 -0.0116521 0.0130902 
-0.018744 0.010484 0.051263 
-0.00396122 0.0176818 0.0155205 
-0.000879592 0.0176818 0.022237 
0.00780534 0.0277818 0.0103409 
-0.0110636 -0.0162182 0.0140559 
-0.0030345 -0.0232331 0.00672775 
-0.0183745 -0.0037269 0.0275265 
-0.0329613 0.0158383 0.0237171 
-0.00125174 0.00712472 0.00994971 
-0.032061 -0.0159537 0.0336845 
0.0148829 -0.0134979 0.00594971 
-0.012172 0.0168317 0.0336965 
-0.0291716 0.0159537 0.0170664 
-0.0133406 0.0233379 0.0120594 
-0.0241575 0.00638305 0.0059497 
-0.015 0.0026851 0.0181234 
-0.014461 0.00734049 0.0832686 
0.0036132 -0.0242182 0.0122346 
-0.0204168 0.000721205 0.0389019 
-0.0137085 -0.0174182 0.0233395 
0.0158024 0.009159759999999999 0.0119497 
-0.0118475 0.0236977 0.0212218 
-0.0186659 0.008797040000000001 0.0639977 
-0.0111621 0.0157818 0.013913 
0.00325857 0.0235646 0.00594971 
-0.0120285 -0.00819928 0.0119497 
-0.0163587 0.0182215 0.00293951 
-0.0352 -0.00321801 0.0419466 
-0.0229215 0.008814249999999999 0.063969 
-0.007900000000000001 -0.00255262 0.0977218 
-0.0185967 0.0126136 0.0442139 
-0.00687328 0.011992 0.0119497 
-0.0303575 -0.00255741 0.0574109 
0.000151785 -0.0122068 0.00183221 
-0.0263759 0.0105052 0.051132 
-0.0149764 -0.0112746 0.0460657 
-0.00293437 -0.0242182 0.0249848 
-0.0139763 -0.00194996  0.038 
-0.00100079 0.00952458 0.00994971 
-0.0102484 0.0237818 0.0107452 
0.00726979 -0.0167442 0.0173497 
0.010296 -0.0122564 0.00594971 
0.000803902 -0.0162182 0.0333068 
-0.0229798 0.000720155 0.0660418 
-0.0125303 0.0121604 0.0366997 
-0.0330448 0.000739091 0.0500276 
0.026882 0.00768767 0.00594971 
0.00306268 -0.0207182 0.0227205 
-0.0141441 0.0052586 0.0460657 
0.00866285 -0.00351294 0.000949706 
0.00591747 -0.0174182 0.0177457 
0.0045053 -0.0242182 0.0116398 
0.0123645 -0.0162182 0.0129571 
0.0227087 -0.00270725 0.0119497 
-0.00167671 0.0171977 0.00594971 
-0.0133 0.00524588 0.0568822 
-0.0208779 0.00512088 0.0245995 
0.0198 0.0012787 0.00594971 
-0.0118317 -0.00681894 0.08896370000000001 
-0.00787992 0.0107282 0.0366997 
0.0145584 0.0113004 0.00594971 
-0.0116 0.00222104 0.06889480000000001 
-0.0248247 -0.0162118 0.0324444 
-0.00377194 0.0110943 0.000532702 
-0.0348805 -0.00341772 0.00760501 
-0.0208618 -0.00479704 0.0235178 
-0.0071149 0.0145702 0.0119497 
0.0129633 -0.0217242 0.0155401 
-0.0265107 0.000220986 0.0508585 
-0.0220081 -0.0181513 0.0202127 
-0.0170692 0.0211185 0.0292315 
-0.0168714 0.00397829 0.00594971 
-0.0131653 0.00112616 0.0366997 
0.00666358 -0.0101941 0.00430473 
0.0104682 -0.00471415 0.0101098 
-0.0133 -0.00555013 0.0472131 
0.00105878 -0.00461542 0.00994971 
-0.006827 -7.228369999999999e-05  0.038 
-0.0263771 0.0158961 0.008372849999999999 
0.0035832 0.00390169 0.00311711 
-0.0116 -0.00136301 0.0846331 
0.00470848 0.0237818 0.00748976 
0.00185961 0.02163 0.0176704 
-0.0193668 -0.0042367 0.0219234 
-0.0216069 -0.0182436 0.0359392 
0.0277934 -0.000640464 0.0118421 
-0.0113533 -0.0219714 0.0368006 
-0.0325934 0.00479269 0.0512679 
0.00214937 0.0166739 0.0151497 
-0.0256567 0.0157465 0.00785864 
-0.0195615 -0.0186726 0.0371946 
-0.0195409 0.0194165 0.0235968 
-0.0144956 -0.00688342 0.0460657 
-0.0250142 0.00322174 0.0282751 
-0.0116 0.00161524 0.07599839999999999 
0.0103145 -0.00215767 0.00994971 
-0.0290603 -0.00620568 0.0609697 
-0.00647878 -0.008390679999999999  0.038 
-0.015 0.013525 0.0344444 
-0.00860175 -0.0137837 0.00594971 
-0.0126709 -0.0162182 0.0338825 
0.0209587 -0.00609947 0.00594971 
-0.00737653 -0.0186711 0.0331944 
-0.0150599 -0.0229244 0.0309864 
-0.0150875 -0.0145377 0.0392027 
0.0140779 -0.0177657 0.0135722 
-0.0352 -0.00898974 0.0301149 
-0.0114665 -9.29628e-05 0.0366997 
-0.00129312 -0.0242182 0.009813229999999999 
-0.0101293 -0.0152147 0.0366997 
0.011607 0.0113283 0.0119497 
-0.00598884 -0.00165264 0.000949706 
-0.0352 -0.00449745 0.0405793 
-0.0352 0.00429615 0.0276732 
0.0228243 0.00142644 0.0119497 
0.00919146 0.0152145 0.00594971 
-0.0116 0.00128195 0.0693435 
-0.0322412 -0.00199314 0.0522356 
-0.0104209 -0.0209377 0.0376696 
-0.0352 -0.00192681 0.0118986 
-0.0255135 -0.00096842 0.0292223 
0.00178643 -0.0200889 0.00594971 
0.0292029 -0.018005 0.00847899 
-0.024049 -0.0132485 0.042792 
-0.01227 -0.0237923 0.00773067 
-0.0176099 -0.00558966 0.07956290000000001 
-0.015 -0.000781152 0.015414 
-0.015 -0.00541249 0.0247139 
0.0117933 0.00194165 0.0028287 
-0.0307401 -0.00455304 0.0226067 
-0.0138749 -0.0235635 0.0249116 
-0.009900000000000001 -0.0012787 0.0876094 
0.00563905 -0.0242182 0.0133166 
0.0298885 0.0151482 0.009138169999999999 
-0.014974 -0.00720391 0.0850342 
-0.0150595 -0.00620575 0.09309530000000001 
-0.0137078 -0.00196485 0.00327693 
0.0287623 -0.0163861 0.00674692 
0.00544271 0.016097 0.0119497 
-0.0112431 0.0176657 0.0346706 
0.00404831 -0.0200888 0.0327593 
-0.030552 0.0159537 0.037696 
-0.015 -0.00274339 0.0343105 
0.0112882 0.0225459 0.0119497 
-0.0352 0.009255040000000001 0.0331282 
-0.0199301 -0.008857739999999999 0.0635802 
0.0282372 0.00753098 0.00621807 
-0.0190498 0.00950461 0.0574617 
-0.00269353 -6.936880000000001e-05 0.008152619999999999 
-0.015 0.00165596 0.0386253 
0.00690102 -0.0100228 0.00530735 
-0.0349253 0.0139026 0.0235864 
-0.0150406 0.00786914 0.0763725 
-0.0116491 0.00310375 0.0108275 
0.008035530000000001 0.00549164 0.00394971 
0.0119272 -0.0242182 0.009015209999999999 
-0.0133 -0.000564833 0.0463746 
-0.0330391 -0.00481751 0.0250261 
-0.0179867 -0.0014749 0.00594971 
-0.0233903 -0.0117139 0.0465599 
-0.0350455 0.013542 0.0231893 
-0.0141331 -0.000211381 0.089656 
0.0299019 0.00969628 0.00970739 
-0.0214796 0.00425285 0.0271779 
0.00307447 -0.000986486 0.00555717 
0.008517479999999999 0.0241517 0.00987999 
0.00748794 -0.0104563 0.00594971 
-0.0238703 -0.016869 0.0228113 
-0.00773453 0.000339363 0.000949707 
0.0163337 -0.00255344 0.00594971 
0.00254409 -0.0131176 0.00594971 
-0.0199299 0.00406673 0.0212722 
0.0219677 -0.00620267 0.00594971 
-0.0133 -0.00267802 0.0540619 
-0.0352 0.00302408 0.0185912 
-0.0036208 -0.0229536 0.0339796 
-0.010503 -0.0136531 0.00594971 
-0.0352 0.00592075 0.0421416 
0.00605558 0.0194451 0.00594971 
-0.0121844 0.0202206 0.0121445 
-0.0116 0.00447297 0.06933209999999999 
-0.0352 -0.00937867 0.0275274 
-0.0313596 -0.0122413 0.0059497 
-0.0213834 -0.00471549 0.0255642 
-0.0218706 0.0178122 0.0199334 
-0.00807687 0.0144566  0.038 
-0.008322960000000001 -0.0175677 0.0149779 
-0.0116 0.00478695 0.08300250000000001 
-0.0349901 -0.0137151 0.00886865 
-0.0133 0.00351492 0.0507077 
-0.015 0.0147756 0.0243298 
0.0121092 0.0139538 0.0119497 
-0.00773231 0.0176818 0.0168971 
-0.014413 0.00383208  0.038 
-0.00739825 0.00285861 0.00994971 
0.00328206 0.0151837 0.00594971 
-0.0239573 0.000158246 0.0445553 
0.0183705 0.0109439 0.0119497 
-0.0107137 0.0210056 0.00505152 
-0.0107354 0.0121984 0.0366997 
0.0248949 -0.00144455 0.0119497 
-0.018997 -0.0202248 0.0285455 
-0.0133 -0.00243795 0.0472265 
-0.0134911 0.000570704 0.05165 
-0.0257514 -0.0117216 0.0465357 
-0.0124346 0.0173037 0.00264971 
-0.0253085 -0.00362019 0.0210504 
-0.0319849 0.0159537 0.0151917 
-0.0116 0.00566026 0.0680833 
0.00272552 0.0114639 0.00336069 
-0.021088 0.000227152 0.0663342 
4.2032e-05 0.00299636 0.000949706 
-0.009084510000000001 0.0237818 0.0285693 
-0.0210023 0.0097401 0.0556662 
0.00312806 -0.009499850000000001 0.000949706 
-0.0218439 -0.0115315 0.0471347 
-0.008743610000000001 -0.0164965  0.038 
-0.0333917 0.00364907 0.0490744 
-0.0125108 -0.0108002 0.0366997 
-0.00458545 0.0237818 0.0104496 
-0.0261139 0.000111032 0.045331 
-0.0283658 0.0128683 0.0436198 
-0.0230318 -0.00422136 0.0218939 
-0.0232784 -0.0151637 0.00622716 
-0.008733049999999999 0.00662518 0.00118271 
0.0266183 0.009638799999999999 0.00594971 
-0.0106261 -0.0174182 0.0298145 
-0.007900000000000001 -0.00382968 0.0994469 
-0.0288258 0.0051052 0.0248429 
0.0119126 0.00660427 0.0119497 
-0.0182618 0.000470861 0.0193645 
0.00309599 -0.0242182 0.0191488 
-0.015 -0.000807308 0.0164725 
-0.00770393 0.0123342 0.0119497 
-0.0315869 0.00233153 0.0288361 
-0.0190999 0.0135664 0.0421612 
-0.0332498 0.0122471 0.00613961 
-0.009625939999999999 -0.0233701 0.0324251 
-0.0343441 0.010808 0.0453849 
-0.0144618 0.000385362 0.0910179 
-0.0352 0.008909510000000001 0.0428259 
-0.029015 0.00366902 0.0610995 
-0.0125144 0.0025264 0.0115311 
-0.019299 -0.00741787 0.0813885 
-0.0136476 -0.0103661 0.0366997 
-0.0201479 0.00817264 0.0719476 
0.00487849 -0.0174182 0.02771 
0.0137711 -0.0110513 0.00594971 
-0.0150359 0.0141476 0.0395742 
-0.00902005 0.00543236 0.0975444 
-0.0317692 -0.00740918 0.0535083 
0.0254752 -0.00510236 0.00594971 
-0.015 0.0136304 0.0351508 
0.028459 0.000557447 0.0115691 
-0.0288601 -0.00462326 0.0228191 
-0.0219341 -0.0182023 0.0269112 
-0.00975232 0.010371 0.0366997 
-0.0167684 -0.000718146 0.0424908 
-0.0323889 -0.0123378 0.0448425 
0.00829623 -0.00424618 0.00661176 
-0.0133 -0.0062092 0.0656331 
0.011138 -0.00294313 -5.02935e-05 
0.00516697 -0.00675176 0.00361018 
-0.0236582 -0.007956039999999999 0.0709934 
-0.0217612 0.0156876 0.0384428 
-0.0120423 -0.00151338 0.0657203 
0.0156236 -0.0164017 0.0119497 
-0.0128774 0.0147928 0.00594971 
-0.0163643 0.00295097 0.07870480000000001 
-0.0276134 0.0159537 0.0110352 
-0.02044 0.0187974 0.0248612 
-0.0132611 -0.00474195 0.00594971 
-0.015 -0.0136927 0.0231403 
0.0248104 0.008710809999999999 0.00594971 
2.93131e-05 0.024977 0.0112421 
-0.00351807 -0.0162182 0.0145295 
0.0175259 -0.0212806 0.00595239 
-0.0327815 -0.0158862 0.0238908 
-0.0196826 -0.011594 0.0469379 
-0.0351594 -0.0129998 0.0366433 
-0.00717197 -0.0242182 0.0285358 
-0.0340463 -0.0034991 0.047276 
-0.0101499 0.0157818 0.0364549 
-0.0133 -0.00675798 0.0568877 
0.000484164 0.0254318 0.00695707 
-0.00623523 -0.0184578 0.034312 
-0.0223932 0.000566893 0.0548857 
-0.0141168 0.0011124 0.08900139999999999 
-0.023862 0.0100173 0.0538632 
-0.0193263 -0.019998 0.0128597 
-0.0162661 0.00591107 0.00594971 
0.0295006 -0.0148754 0.0105576 
-0.0352 -0.00913224 0.038684 
-0.000132981 0.0237818 0.0137478 
-0.009134659999999999 0.0237818 0.0153852 
-0.00735792 -0.0184182 0.0351621 
0.00661222 -0.0191472 0.0275127 
-0.0116 -0.00193027 0.07139429999999999 
-0.0146077 0.00448223 0.0119497 
-0.015 0.00584616 0.0296847 
-0.0114502 -0.00374675 0.102386 
-0.00331352 0.00221971 0.00453831 
0.00822202 0.0039453 0.00394971 
0.0133179 -0.0242036 0.00927734 
-0.0101247 0.0157818 0.0349554 
-0.026216 0.0146582 0.0401558 
-0.0155144 0.0115165 0.0471964 
0.00482326 -0.0028497 0.00394971 
0.00675205 -0.0211703 0.00594971 
-0.00708271 -0.00728569 0.00994971 
-0.0267859 0.0145829 0.040281 
-0.0146386 0.009583889999999999 0.0568859 
-0.0147306 -0.00761967 0.0460657 
-0.009900000000000001 -0.00269231 0.08840770000000001 
-0.0319316 -0.0006501430000000001 0.0194143 
0.0207248 0.0209714 0.00595973 
-0.0153554 0.00372078 0.00476043 
-0.019748 0.00385041 0.08656030000000001 
-0.0141189 0.007918740000000001 0.0756397 
-0.0145845 0.0200714 0.0348339 
-0.0274689 -0.00441122 0.0059497 
0.0290527 0.0180268 0.00896075 
0.00746522 0.0277818 0.0115508 
-0.0234689 -0.00651154 0.0059497 
-0.0127245 0.00703862 0.0868912 
0.0112276 0.01222 0.0119497 
-0.0318069 -0.0159537 0.0242308 
-0.0119891 0.0157818 0.0284 
-0.0351861 -0.0127641 0.033131 
-0.0223908 -5.16345e-05 0.0193577 
-0.0116 0.000257373 0.07065159999999999 
0.0299728 0.00513085 0.00856872 
-0.0112283 0.0213274 0.0155546 
0.0148078 -0.0143304 0.0119497 
-0.00489196 0.0176818 0.0215508 
-0.0116 0.00691814 0.0746937 
-0.010324 -0.0235446 0.0317738 
-0.011913 -0.0174182 0.021501 
-0.0133 0.00555396 0.0618769 
-0.0352 -0.00688859 0.0287558 
-0.0352 0.00155101 0.0155984 
-0.0247019 -0.00199249 0.0604977 
-0.0116 -0.00458107 0.0799175 
-0.015 -0.0130675 0.0258248 
0.00391742 0.00726108 0.000949707 
-0.0203863 0.0180464 0.00708654 
-0.0217208 -0.00348488 0.0209027 
-0.0078 -0.0194637 0.0255016 
-0.00898679 -0.0201321 0.0121085 
-0.0351875 0.0122233 0.0388862 
-0.0133 0.00576707 0.0539136 
-0.01032 0.0157818 0.0191812 
-0.00514689 0.010137 0.00496997 
-0.00248457 0.0191659 0.00594971 
-0.0272889 -0.000511505 0.0577722 
-0.0268812 0.0103377 0.0512214 
0.010099 -0.0242109 0.008772820000000001 
-0.0177424 0.020655 0.0180244 
-0.0172108 -0.00538639 0.078183 
-0.0223385 0.01749 0.0105891 
-0.015 -0.00567997 0.0359386 
0.0121561 0.0182058 0.00594971 
-0.0198407 -0.00705479 0.0821143 
-0.0265664 -0.000848448 0.050913 
-0.00704902 0.0176818 0.0283909 
-0.008943919999999999 -0.0107822  0.038 
0.02501 0.0223575 0.0095627 
-0.000978023 0.0148212 0.0119497 
-0.0155135 0.00770753 0.07866380000000001 
-0.0170536 0.00744326 0.0819975 
-0.0352 -0.010784 0.0192006 
-0.0138557 0.00885151 0.0623328 
-0.0155465 -0.00456665 0.0964289 
-0.0220727 0.000740279 0.0660578 
0.0129681 0.009079210000000001 0.00594971 
-0.00773751 -0.00597023 0.00394971 
-0.0132466 0.00224207 0.103047 
-0.0103969 -0.0142193 0.0119497 
-0.0159943 -0.0187421 0.00595286 
-0.0081458 -0.0013994 0.095375 
0.0127522 0.0106527 0.00594971 
-0.00794865 -0.00426308 0.0992188 
-0.0133 -0.00100736 0.0564297 
-0.015 0.008475150000000001 0.0447233 
-0.0211742 -0.0124138 0.0446826 
-0.0162776 -0.0123705 0.0059497 
0.0149001 0.00711246 0.0119497 
-0.0349168 -0.00280831 0.0448844 
-0.00612058 -0.0227237 0.0348375 
-0.026722 0.00510053 0.023821 
-0.000702465 -0.0162182 0.0162944 
-0.00679391 -0.00827433 0.00994971 
-0.0104088 0.00585202 0.0955966 
-0.00648795 0.0237818 0.0252113 
-0.0133 -0.00181142 0.0587676 
-0.024255 -0.00406354 0.0741773 
-0.0176851 -0.00458694 0.0259956 
-0.009794779999999999 -0.024044 0.0158341 
-0.0133 -0.00178664 0.0511881 
0.0141128 -0.00734363 0.00594971 
-0.0251517 0.0159537 0.0366779 
-0.000533361 0.0126046 0.0115532 
-0.020337 -0.0054823 0.0702285 
-0.0116 0.00192257 0.0818488 
0.00570122 -0.0242182 0.0176872 
-0.0209337 0.00138365 0.0195107 
0.0143248 -0.00827452 0.0119497 
-0.0124208 -0.0109944 0.0366997 
-0.00661622 0.0137721  0.038 
-0.0263327 -0.00275261 0.068469 
-0.0104207 0.00988022 0.0366997 
-0.0135336 0.00734159 0.0833682 
-0.00626059 -0.0242182 0.0132455 
-0.0138519 0.00788992 0.0759971 
-0.0177341 -0.0210945 0.0242552 
-0.0352 -0.0062071 0.0169481 
-0.0130506 0.0121328 0.00594971 
-0.023248 0.0006451300000000001 0.0553123 
-0.030569 0.00325403 0.0059497 
-0.00397079 -0.00850187 0.00994971 
0.00349206 -0.00057755 0.009580150000000001 
-0.0203743 0.0107439 0.0500428 
-0.00162657 -0.0231064 0.0334094 
-0.0352 -0.00690555 0.0294745 
-0.0352 0.0047902 0.0279236 
0.0107438 -0.0234252 0.017698 
-0.0233867 -0.010444 0.0059497 
-0.0141553 -0.00822202 0.0712391 
-0.0200851 -0.00482094 0.0236993 
-0.0104525 0.00655264 0.0111724 
-0.015 -0.00737607 0.0330689 
0.0122444 0.023442 0.0110916 
0.00275163 -0.0242182 0.0183026 
-0.014012 0.00698988 0.00594971 
0.00952981 -0.0238223 0.0187797 
-0.0268657 0.00380038 0.0059497 
-0.007893499999999999 -0.0237218 0.0072975 
-0.0347093 0.0143619 0.021697 
-0.015 -0.00101331 0.0170207 
0.00357835 -0.0165765 0.0337844 
-0.00567467 -0.0162182 0.0371635 
0.0267597 -0.0211841 0.00766811 
0.0299014 0.00812501 0.008189429999999999 
-0.0250286 0.00399838 0.0275162 
0.0213961 0.0231839 0.00731615 
-0.00934101 0.00266212 0.095375 
0.00596991 0.00225365 0.000949706 
-0.0131503 0.00347276 0.0878998 
-0.0215694 0.00798391 0.0742466 
-0.0303033 -0.0103231 0.051632 
0.00614908 -0.021649 0.00598237 
0.0107923 -0.0147765 0.00594971 
-0.0289686 0.0137816 0.00606823 
0.0299724 0.0104233 0.008565140000000001 
-0.0210686 0.0183645 0.00912192 
-0.012937 0.0196909 0.0326287 
0.01325 0.00703965 0.00594971 
0.000401404 -0.0125826 0.0110848 
0.0116943 -0.00918632 0.0119497 
-0.0133 -0.00576401 0.0567177 
0.00677909 0.00428354 0.00101798 
-0.00536795 0.0158656 0.0151497 
-0.0210995 -0.00938459 0.0584143 
-0.0190348 -0.009014090000000001 0.0618301 
-0.012733 -0.0121813 0.00594971 
-0.034293 -0.000656281 0.0387442 
-0.00664285 0.00720613 0.00528598 
-0.00460963 0.0170181 0.0358046 
-0.0348502 -0.0140807 0.01137 
0.00716713 0.008795209999999999 0.0102319 
-0.0119481 0.00202436 0.104352 
-0.0194728 -0.01608 0.0059497 
-0.00928271 -0.0184182 0.035539 
-0.0151793 -0.009953429999999999 0.0545321 
0.0247393 0.0106823 0.00594971 
-0.0124591 0.015306  0.038 
0.00778787 -0.00271632 0.00994971 
-0.0202641 -0.00951929 0.0574948 
-0.00951247 0.0237818 0.0227218 
-0.015 -0.0143732 0.0163323 
-0.0146839 -0.0174182 0.0268426 
-0.009900000000000001 0.00279295 0.0927622 
-0.00269524 -0.000108706 0.00450165 
0.00750388 -0.00347025 0.009455150000000001 
0.00505495 0.027375 0.00737987 
-0.0237387 -0.00566108 0.0608241 
0.0263101 -0.0182496 0.00599187 
-0.00636519 -0.0162182 0.0336002 
0.0176636 0.0193512 0.00594971 
-0.000755706 -0.0162182 0.0348373 
0.00385609 0.00688135 0.000949706 
-0.0247704 -0.00486485 0.0244268 
-0.0138706 -0.000271286 0.0941293 
-0.0116 -0.00105899 0.0677498 
0.0170564 0.0138649 0.0119497 
-0.0119803 -0.0162182 0.0168717 
0.0114805 -0.00370028 0.00538582 
-0.009582759999999999 -0.0242182 0.0103154 
0.00456349 -0.0213956 0.023706 
-0.0148601 -0.00420002 0.0982538 
-0.0352 0.00892692 0.0171322 
-0.009910540000000001 0.0176818 0.019587 
-0.0103352 0.0195884 0.0135182 
-0.00306387 0.0237818 0.0149359 
-0.0261926 0.0149091 0.0397382 
-0.00272268 0.00153225 0.00994971 
-0.0138184 -0.0233828 0.0323779 
0.00505192 0.0237818 0.009586620000000001 
-0.0352 -0.000902382 0.038992 
-0.0116 -0.00682628 0.07611080000000001 
-0.015 0.00900376 0.0444762 
0.00651438 -0.0148625 0.00594971 
0.0185563 0.0107463 0.0119497 
-0.0101923 -0.0242182 0.0174798 
-0.0218232 0.0178449 0.028522 
0.0089923 -0.00492783 0.00424465 
-0.0206196 -0.0084522 0.0681518 
-0.0138093 0.0164637  0.038 
0.0112613 0.00548976 0.00594971 
0.0273215 0.0195392 0.0108466 
-0.00387862 0.0031003 0.000949707 
0.013457 -0.0168872 0.00594971 
0.0150097 0.0232181 0.010698 
-0.0223473 -0.00362035 0.07941869999999999 
-0.0352 0.00109451 0.0193509 
-0.0209533 -0.00994429 0.0545787 
-0.0332651 0.008293129999999999 0.0493974 
-0.00644361 -0.00573832 0.00321659 
-0.00595019 0.0045731 0.0370027 
-0.0321135 0.0117507 0.0059497 
-0.0351572 0.0107068 0.0423484 
-0.0269551 0.0159537 0.0257076 
-0.00197479 -0.0237695 0.0309346 
-0.0228624 0.0171216 0.035184 
-0.009900000000000001 0.00552737 0.0889293 
-0.024695 -0.00398923 0.0597673 
-0.00623725 0.0179254 0.00594971 
-0.0241102 0.0131256 0.0430504 
-0.0245572 -0.00615614 0.0728645 
-0.0133 0.000716596 0.0621999 
-0.0339056 0.008896589999999999 0.00648213 
0.0153585 -0.00120715 0.0119497 
-0.00195935 -0.0171062 0.0173497 
-0.0023382 0.0225419 0.0278905 
-0.0227751 -0.000454342 0.0293109 
-0.0277143 -0.0159537 0.0303422 
0.00564238 -0.0174182 0.0207821 
-0.000738451 0.0237371 0.0179001 
-0.0142422 0.0193379 0.0379914 
-0.00240797 0.0157818 0.0124573 
-0.0107137 0.0195833 0.00526406 
-0.0113882 -0.00250631 0.104121 
-0.0331266 0.0155851 0.0383277 
-0.009900000000000001 -0.00254101 0.0907193 
-0.020326 -0.0125831 0.0059497 
-0.0226458 -0.0005524 0.0386 
-0.0148844 0.00512507 0.0965346 
-0.0145014 0.00716577 0.0366997 
-0.02169 0.0179366 0.0304141 
-0.00964957 -0.00246963 0.104209 
-0.00360527 0.0185799 0.00594971 
-0.0222615 0.0175431 0.0135705 
0.0103161 0.00167737 0.000652057 
-0.0262875 0.00958877 0.0566557 
-0.0114862 -0.0162182 0.0334608 
-0.0132392 0.00772295 0.00594971 
-0.000313823 0.0182858 0.024002 
0.0236198 0.0229797 0.00974322 
0.0231288 -0.0194087 0.0119497 
-0.009900000000000001 -0.00465426 0.0948973 
-0.0163903 0.00164464 0.0195891 
-0.00177786 -0.0232426 0.0329011 
-0.031295 -0.00234729 0.0200087 
-0.015 -0.00658885 0.0457392 
-0.0221203 -0.018074 0.0246799 
-0.015 -0.00457644 0.0452285 
-0.000708504 -0.010997 0.00994971 
-0.0225013 0.017378 0.0184016 
0.0279484 -0.0172998 0.00637124 
0.0272432 -0.00388951 0.0119391 
-0.0332639 -0.00510456 0.0494257 
-0.00546249 0.0138668 0.0374904 
0.00648415 -0.00443115 0.0010189 
0.0192422 -0.0219091 0.00603231 
0.00175199 -0.0226414 0.0234908 
-0.0201955 -0.0116888 0.0466392 
0.0117555 -0.0162019 0.00594971 
-0.0352 0.00158938 0.0401635 
-0.00200089 0.0176818 0.0160007 
-0.0174947 0.00640242 0.0782419 
-0.0333705 0.0156744 0.0277195 
-0.0351741 -0.005679 0.008564270000000001 
-0.008973460000000001 -0.00311116  0.038 
-0.0186776 0.000707322 0.0862449 
0.00269455 -0.00135853 0.00745792 
0.00758323 -0.0125946 0.00594971 
-0.00530314 0.0122846 0.03771 
0.0299764 0.000685466 0.00859535 
-0.00622274 -0.0135751 0.00594971 
-0.0227425 0.00042718 0.0193626 
-0.0347534 -0.0123192 0.0414805 
0.0067226 0.009715100000000001 0.00310074 
-0.0352 -0.00710625 0.0226242 
-0.0135963 -0.009035680000000001 0.0587728 
-0.015 0.0122811 0.0240171 
-0.00659121 0.0176818 0.0240658 
-0.0234352 0.00446662 0.0764297 
-0.00692905 -0.0195176 0.0355668 
-0.00641582 -0.0242182 0.0164038 
-0.0282761 -0.0159537 0.0355238 
-0.0298188 -8.932099999999999e-05 0.0398502 
0.00937291 0.0045101 0.00994971 
0.000972246 -0.0121724 0.00214586 
-0.0140337 -0.00311483 0.0119497 
-0.015 -0.009370979999999999 0.0192009 
0.00307704 -0.024218 0.02793 
-0.0352 0.009479720000000001 0.0405249 
0.00545911 -0.0108947 0.000928476 
-0.014207 -0.00301557 0.100837 
-0.00979818 -0.00320062 0.0366997 
 -0.01 0.015944 0.0156333 
0.0152134 0.0205249 0.00594971 
0.0298989 0.00602973 0.00817827 
-0.00817553 -0.0162182 0.0362613 
-0.021068 -0.00777948 0.0764097 
-0.0351569 -0.00131367 0.0442246 
-0.0352 0.0113911 0.0190109 
0.0140461 0.00595355 0.00594971 
0.0260127 -0.0208157 0.011242 
0.00780737 0.018307 0.00594971 
-0.00916231 -0.00126098 0.000949706 
-0.0116299 -0.0076188 0.069231 
-0.0106724 0.00588227 0.0954474 
-0.0344322 0.00452592 0.0267267 
-0.0143694 0.0157818 0.00513448 
0.0107054 -0.0196891 0.019849 
0.00130905 0.0226415 0.0176522 
-0.0304102 0.00245293 0.0199265 
0.00471368 -0.008157029999999999 0.00504174 
0.00134147 -0.0194521 0.00594971 
-0.00175127 -0.0185069  0.038 
-0.0248419 0.00307212 0.072565 
-0.015 0.0036562 0.0284167 
-0.009900000000000001 0.000317193 0.0927441 
0.00712653 -0.00224814 0.00994971 
-0.0197133 0.00442577 0.0269064 
0.0227272 0.0190733 0.00594971 
-0.0181847 -1.04801e-06 0.054674 
0.00485201 0.0237818 0.0102108 
-0.0167851 0.00741814 0.07831059999999999 
-0.011639 0.0207856 0.0123462 
-0.0207149 0.00709337 0.08016520000000001 
0.00542926 -0.00220729 0.00850763 
0.00396854 -0.0115369 0.00280971 
-0.0133 0.00256054 0.049564 
-0.0263795 -0.000712548 0.0571053 
-0.015 -0.00885151 0.043735 
-0.015 0.00433968 0.0188792 
-0.0104708 -0.0153173  0.038 
-0.0297077 0.0159537 0.0261783 
-0.0305947 -0.0148017 0.0399437 
-0.0250662 -0.0104721 0.0512984 
0.025677 -0.022414 0.009337160000000001 
-0.00700833 0.0140156 0.00594971 
0.00717195 -0.00719072 0.00957596 
-0.00591723 -0.0134268 0.0370356 
-0.00294748 0.0176818 0.0267651 
-0.00758175 0.0169095 0.0335497 
-0.00508637 -0.00231527 0.000949706 
-0.015 -0.0119174 0.0279513 
-0.0124013 0.0236 0.0234931 
0.000514428 0.0247073 0.00594971 
-0.015778 -0.0224415 0.02358 
-0.0139893 0.0089012  0.038 
0.0206519 0.016306 0.00594971 
-0.0118631 -0.00736256 0.07870770000000001 
-0.0195388 0.0007257779999999999 0.087135 
-0.0126213 0.00208754  0.038 
-0.009810950000000001 0.0237818 0.0138215 
-0.0352 -0.009706309999999999 0.0289477 
-0.0228491 -0.010274 0.052311 
-0.0174682 -0.008038109999999999 0.0739215 
-0.00581178 -0.0141711  0.038 
0.0201015 -0.0152414 0.0119497 
-0.00657504 0.0144507 0.0119497 
-0.022079 -0.0181025 0.0229919 
0.000645582 -0.0242182 0.0210126 
-0.015 -0.00862214 0.014377 
1.24835e-05 0.0114785 0.0104043 
0.00374706 0.0240641 0.00691426 
-0.00478326 0.0157818 0.0128375 
-0.0114242 -0.011137  0.038 
-0.00382343 -0.00630441 0.00220039 
0.021369 0.0202725 0.0119497 
-0.0133786 -0.0237592 0.0190016 
0.0012705 0.0262182 0.0100479 
-0.0254957 0.00326755 0.0707685 
-0.018199 -0.00895631 0.0624998 
0.0130885 -0.0111423 0.0119497 
0.0287469 0.018582 0.009241539999999999 
0.0119538 -0.00540625 0.0117487 
0.008483650000000001 0.0240845 0.00658618 
-0.0183849 0.00830637 0.0700475 
-0.00302743 0.00242953 0.00786389 
-0.0350599 0.00224591 0.008044269999999999 
0.0101604 0.0202655 0.00594971 
-0.0274965 0.0159537 0.0337135 
-0.00521194 0.0153877 0.00594971 
-0.0183572 -0.000513546 0.0903815 
0.0069054 -0.00804389 -5.02935e-05 
0.0216998 0.0051541 0.0119497 
-0.00613117 0.0123645 0.00594971 
0.0126539 -0.0209515 0.00594971 
-0.0156105 -0.0075738 0.0804648 
-0.0144339 0.0205314 0.0148962 
-0.0133 0.00620138 0.0523291 
0.0104707 0.0132191 0.00594971 
0.024034 0.0180226 0.0119497 
-0.0105423 -0.0242182 0.0212351 
-0.0352 0.0104051 0.0198979 
0.0207121 0.00646443 0.0119497 
-0.00530389 0.0157818 0.0120707 
0.0249155 0.00634018 0.0119497 
0.00318253 0.0121339 0.0114674 
-0.0133 0.00774233 0.0538336 
-0.00948562 -0.00543962  0.038 
-0.0142259 0.0157818 0.0354133 
0.0283469 0.0108584 0.0116275 
-0.0344485 0.0119419 0.0432251 
-0.0138431 -0.00339072 0.0875823 
-0.01857 -0.009391689999999999 0.0583666 
-0.0161898 -0.0221579 0.0298326 
-0.0123784 0.0163677 0.0131254 
-0.0151558 -0.0226046 0.035282 
-0.015997 0.008060039999999999 0.00594971 
-0.0352 0.00195508 0.0336777 
-0.0086357 -0.00715694 0.00225836 
-0.0236453 -0.0170239 0.0305682 
-0.0133 -0.00485015 0.0520132 
-0.0133 -0.008419100000000001 0.0510055 
0.0113248 -0.018126 0.0186813 
-0.0172609 -0.000563757 0.07429760000000001 
-0.0235212 0.00459205 0.0220997 
0.0212979 -0.0100754 0.0119497 
-0.0341583 -0.0150968 0.0113446 
-0.00581876 -0.0242182 0.0174979 
-0.015 0.011878 0.0258562 
-0.00674638 -0.0162182 0.0136898 
0.0179263 -0.0204126 0.00594971 
0.00563875 -0.0199892 0.00594971 
-0.00385257 0.0111351 0.00404338 
-0.0154106 0.0052127 0.00594971 
-0.0084242 0.0221279 0.0354323 
-0.0260649 0.0159537 0.0217927 
-0.0263255 0.0159537 0.0133435 
-0.00650273 -0.0242182 0.0284603 
0.00999219 -0.0187149 0.0211734 
-0.0348126 0.00297558 0.00747588 
-0.00418039 -0.0174182 0.0181852 
-0.0298017 -0.00689071 0.0588398 
-0.00488462 -0.00334479 0.000949707 
-0.0159027 0.00766038 0.0793483 
0.00236241 -0.0147502 0.0119497 
-0.0312805 -0.0159537 0.0108588 
-0.0229803 0.0166717 0.0363265 
-0.015 -0.00605459 0.0354383 
-0.0131449 -0.00533379 0.00594971 
0.0207425 0.0152366 0.0119497 
-0.0116 -0.00266672 0.0687692 
-0.013638 -0.0134488 0.00594971 
0.0173639 -0.00986866 0.00594971 
-0.0089094 0.00512726  0.038 
-0.0158253 -0.0224089 0.0273128 
-0.015 -0.00353196 0.0162731 
0.00485343 -0.00827667 0.00994971 
-0.000730816 0.00479895 0.00629665 
-0.0173971 0.009243049999999999 0.0593612 
-0.0259755 0.00302834 0.06945030000000001 
0.00220576 -0.00922746 0.00994971 
-0.0189838 -0.00808587 0.073225 
-0.0180286 0.0165741 0.00450742 
-0.0208448 -0.008730369999999999 0.0650024 
0.0105718 -0.00588 0.00230445 
0.00117164 -0.0162182 0.0155852 
-0.0261025 -0.009909609999999999 0.0059497 
-0.0247925 0.00676882 0.0601068 
-0.0193533 0.0195457 0.0234 
-0.0277011 0.00692039 0.0059497 
0.0228747 0.0199625 0.00594971 
-0.0221026 -0.0180863 0.0182639 
-0.0147652 0.007991109999999999 0.0745888 
0.0248187 0.000744272 0.0119497 
-0.0352 0.000511495 0.0109872 
-0.0282429 -0.00044115 0.0385003 
0.00573711 0.0152961 0.0119497 
-0.0108555 -0.0174874 0.00594971 
0.0250251 -0.010134 0.0119497 
-0.0352 -0.00199513 0.00982567 
-0.0281093 0.00649719 0.0634343 
-0.00743786 -0.00684098 0.00924322 
-0.0351381 -0.0131405 0.0337338 
0.00493668 -0.00216832 0.00545355 
-0.0352 0.00580456 0.018042 
-0.0105331 0.0157818 0.0360346 
-0.0142861 0.0157818 0.0225139 
-0.00734833 0.00857751 0.0366997 
-0.018323 0.000235566 0.09047529999999999 
-0.0239181 -0.0039925 0.0215266 
0.0277307 0.0129604 0.0118576 
-0.0184081 0.00598823 0.00594971 
-0.0295683 -0.0159537 0.0215634 
-0.0133 -0.00283721 0.0655143 
-0.0100076 -0.0185167 0.0361917 
-0.0282046 0.000394617 0.0506267 
-0.0129871 0.0198546 0.0379116 
-0.00187549 -0.0242182 0.0200969 
-0.0192869 0.0178556 0.00624184 
0.00248753 0.00644542 0.0043293 
0.00680869 0.0237818 0.00779568 
-0.0219934 -0.008231870000000001 0.0710957 
-0.0012668 0.0157818 0.0131548 
-0.0175378 -0.0149078 0.0398011 
-0.0240964 -0.00888125 0.0059497 
-0.008966170000000001 -0.00683333 0.00443794 
0.000675719 -0.0163131 0.0173497 
0.0281401 -0.00227827 0.00617785 
0.0297853 -0.0126773 0.007842109999999999 
0.0275346 0.0012086 0.00599831 
0.0198508 -0.00620148 0.00594971 
-0.0176921 -0.00191728 0.0783643 
-0.0139743 0.0230859 0.0270236 
-0.0234964 -0.000861056 0.0194533 
-0.0200151 0.0153934 0.0389324 
-0.0226885 0.0156604 0.0384881 
-0.0118291 -0.00581059 0.00594971 
0.0139009 0.0123054 0.00594971 
-0.015 0.0102183 0.0310926 
-0.00489241 -0.0208128 0.0227546 
-0.0133269 -0.00912294 0.0545959 
0.00387783 -0.0181413 0.0215658 
-0.0204834 -0.0111469 0.048444 
-0.00765326 -0.010934 0.0118801 
-0.0201031 0.00652092 0.00594971 
-0.0322751 -0.00776946 0.0521004 
0.00845567 0.0225268 0.00594971 
-0.0141147 -0.00663784 0.08765729999999999 
-0.00334063 0.00229987 0.00394971 
-0.014297 -0.01987 0.0379852 
0.00618686 0.0237818 0.007996980000000001 
-0.0134805 -0.0001783 0.09550549999999999 
-0.0155559 -0.00716962 0.0854222 
-0.00471826 -0.023842 0.00749582 
-0.0352 -0.00676138 0.013498 
-0.0352 -0.00529718 0.0274608 
-0.0104079 -0.0242182 0.0106073 
0.00145642 -0.0207182 0.0263768 
0.008295830000000001 -0.0100498 0.0115725 
-0.00795627 -0.00395117 0.000949706 
0.015459 0.00513934 0.0119497 
-0.0336109 -0.0114062 0.0457017 
-0.0123318 0.0179818 0.0158383 
-0.008157380000000001 -0.0242182 0.0173178 
-0.0297323 0.0159537 0.0102728 
-0.0212522 0.00498668 0.0255298 
0.00688496 0.009597949999999999 0.00132647 
0.0108825 -0.0203233 0.0195236 
-0.0226551 -0.008179850000000001 0.0059497 
-0.00794457 0.00485057 0.00405375 
-0.0306642 0.00690361 0.0565521 
-0.0190454 -0.00294926 0.0884906 
-0.0149083 -0.000639011 0.0735503 
-0.0194005 0.0105761 0.0508181 
-0.0258881 -0.0009356 0.0696904 
-0.0344133 0.014808 0.0115146 
-0.0148789 0.01684  0.038 
0.027695 0.009278979999999999 0.0118655 
-0.0116 0.00409493 0.0787315 
-0.0203256 0.000219106 0.00594971 
-0.0179528 -0.00195663 0.0789156 
-0.00658132 0.0171744 0.0151497 
-0.0175453 -0.0212245 0.0122282 
-0.00769291 -0.0162182 0.0145034 
-0.00282877 0.0218079 0.0302759 
-0.0211491 -0.0187428 0.017196 
0.0120516 -0.00598363 0.00594971 
0.0108103 -0.0162182 0.0145344 
0.0200521 0.000425408 0.0119497 
0.0032658 0.0206605 0.014167 
0.0126212 -0.0215399 0.00596748 
-0.0137577 -0.00303874  0.038 
-0.00890708 0.0209168 0.00595549 
-0.0246319 -0.0163445 0.022285 
-0.015 -0.00726271 0.0283968 
-0.0277262 0.00813119 0.0621557 
-0.0207227 -0.009175529999999999 0.0599718 
-0.0180216 0.0157818 0.00500409 
-0.0221185 0.0107076 0.0501987 
0.0266827 0.0156604 0.00594971 
0.0242625 0.00755112 0.0119497 
-0.0246871 -0.0104791 0.051266 
-0.0133729 0.0145186 0.0366997 
0.0235959 -0.00356784 0.0119497 
0.00739899 0.0261868 0.009857670000000001 
-0.0112271 0.0207872 0.037503 
-0.0111149 -0.00385222 0.102193 
-0.00199626 -0.0135767 0.00594971 
-0.00770697 -0.00887078  0.038 
-0.0254851 -0.00520027 0.07079779999999999 
-0.015 -0.009073090000000001 0.0249117 
-0.0137353 0.00653371 0.09122180000000001 
0.0234827 -0.009777879999999999 0.0119497 
-0.00791072 0.0176818 0.0292024 
-0.0352 0.00704167 0.0431989 
-0.0352 -0.00159333 0.0325491 
-0.0199156 -0.00791418 0.0757193 
0.0030636 -0.0242182 0.0171361 
-0.0162839 -0.00436395 0.0221678 
-0.00584629 0.0237818 0.0200179 
0.00204363 0.0115987 -3.6179e-05 
-0.0219834 0.016005 0.00639885 
-0.00782006 -0.00430448 0.00770648 
-0.0069946 -0.008764030000000001 0.00197843 
-0.0113142 0.00428594 0.0108953 
-0.0144308 -0.0174182 0.0189874 
-0.009900000000000001 0.00245095 0.0922053 
-0.015 0.010739 0.0280483 
-0.0224713 -0.0178324 0.0148242 
-0.0132068 5.82605e-05  0.038 
-0.0116512 0.00604418 0.0119461 
-0.008126909999999999 0.0164487 0.0151497 
-0.0232806 -0.00291972 0.0598366 
-0.0352 -0.009414 0.0423063 
0.0162656 0.0141876 0.00594971 
-0.0352 0.00526736 0.0215554 
0.00988606 -0.0242182 0.0138468 
-0.0352 -0.00819371 0.0414814 
-0.0325666 0.000355901 0.0513414 
0.0183742 -0.0206359 0.0119497 
-0.0234721 -0.0084104 0.0685325 
-0.00381213 0.0231076 0.0300624 
-0.00797437 -0.022952 0.0159212 
0.00198088 -0.0220818 0.0232073 
-0.0170221 0.00936936 0.0584432 
-0.0312905 0.00474202 0.0224266 
-0.0172467 -0.0167203 0.0059497 
-0.00317359 -0.0207182 0.0228463 
-0.015 -0.0108733 0.0214555 
0.008694489999999999 -0.0189657 0.00594971 
-0.00387089 0.0176818 0.0166983 
0.0179141 -0.015411 0.0119497 
0.0106396 0.019637 0.00594971 
-0.00636704 -0.0208952 0.013683 
-0.028983 -0.0101392 0.0059497 
-0.0352 -0.00957297 0.0184764 
-0.00656881 -0.018556 0.0134854 
-0.0257147 -0.0139397 0.0414206 
-0.0352 0.000400786 0.029808 
-0.0261644 0.00177689 0.0689313 
-0.0219493 0.017758 0.0108463 
-0.0148423 -0.0113237  0.038 
-0.00801782 -0.0200519 0.03276 
 -0.01 0.0166919 0.0269289 
-0.0275719 -0.00206083 0.0059497 
0.0177182 -0.0238572 0.0103722 
-0.0141333 -0.000595172 0.084811 
-0.00638147 0.00209814 0.00673264 
-0.0138587 -0.00240288  0.038 
-0.0187011 0.0199948 0.0108151 
-0.008592560000000001 0.0137224  0.038 
-0.0278993 -0.0110426 0.0488227 
-0.0214241 -1.84511e-05 0.08195529999999999 
0.0101893 0.0148083 0.0119497 
-0.0210898 0.009124159999999999 0.0059497 
-0.0116 0.00521577 0.08501110000000001 
-0.0133 0.00596367 0.061621 
0.00577593 -0.00653659 0.00187669 
0.00138693 -0.0162182 0.0326355 
-0.000451596 -0.0242182 0.0206928 
0.00475306 0.00891613 0.00994971 
-0.0128382 0.0186316 0.0365842 
0.00152151 0.0150578 0.00594971 
-0.00668785 0.0169061 0.00594971 
-0.0352 -0.00868119 0.0180917 
-0.0116 0.00515975 0.07294580000000001 
-0.00450283 -0.0236743 0.03129 
-0.0352 0.00650842 0.0142329 
0.0248466 -0.00154295 0.0119497 
0.00196497 -0.00487787 0.00691748 
-0.00549583 0.0118878 0.0119497 
-0.0116 0.00316579 0.068977 
-0.0175067 0.0116479 0.0467898 
-0.015 0.0118667 0.0213924 
-0.0133984 0.0099875 0.0509349 
-0.0300802 0.0159537 0.0152364 
-0.00865951 0.00744004  0.038 
-0.0170327 -0.0168875 0.0059497 
-0.0147537 -0.00472106 0.00581908 
-0.0319795 -0.0106873 0.0488834 
-0.015 -0.0074393 0.0170003 
-0.0266001 0.00535076 0.0677344 
-0.014368 0.00799277 0.07456450000000001 
-0.0168511 0.0120582 0.045604 
-0.0276872 0.0159537 0.0127099 
-0.0169534 0.0211983 0.0294442 
0.0111393 -0.00652716 0.00594971 
-0.0118697 -0.00756753 0.0760899 
-0.0156088 0.0221242 0.0192859 
0.0267168 -0.00747255 0.0119497 
-0.015 0.007858739999999999 0.0184004 
0.0122832 -0.0064904 0.0119497 
-0.0262684 0.0159537 0.0289942 
-0.0248201 0.0159537 0.0227547 
-0.0163654 0.00448037 0.0218852 
0.0233074 -0.023082 0.0106605 
-0.0236439 0.00273979 0.0595047 
0.008713540000000001 -0.0242182 0.0121062 
-0.0277476 0.00543397 0.06458170000000001 
-0.0205038 -0.000568557 0.0687957 
-0.0140471 0.0120297  0.038 
-0.008900480000000001 0.0237818 0.0106225 
0.0107133 -0.0078849 0.00594971 
-0.02573 0.0159537 0.0149635 
-0.0312449 0.0159537 0.0278286 
-0.00557217 -0.0174182 0.0275789 
-0.00973013 0.0176818 0.029062 
-0.00413279 -0.0208262 0.0059497 
-0.0133 -0.00402817 0.0561221 
-0.0280939 0.0052543 0.06363009999999999 
-0.034349 -0.00470441 0.0464444 
-0.0314972 0.0159537 0.0336399 
-0.00683972 -0.0207182 0.0230816 
-0.0315025 -0.00444093 0.0263634 
-0.031044 -0.00277279 0.0059497 
0.0299992 -0.003408 0.00896798 
-0.0352 0.0009985479999999999 0.0129804 
0.0144839 -0.0241945 0.00859209 
-0.00404824 -0.00348254 0.000949706 
-0.0352 0.009401659999999999 0.0247155 
-0.0325704 -0.0108278 0.0478915 
-0.0124039 0.0207951 0.037498 
0.000637626 0.00240399 0.00846532 
-0.0208515 -0.00222313 0.08352850000000001 
-0.015 0.00987094 0.018921 
0.01154 0.019154 0.0119497 
-0.0235172 -0.00885902 0.063386 
0.0157428 -0.000591345 0.00594971 
-0.00844629 -0.00571943 0.00994971 
-0.0133 0.00881884 0.0535867 
-0.0244135 -0.00516697 0.0737355 
0.00475676 -0.00688492 0.00394971 
0.00198495 0.00517409 0.00827229 
-0.00728037 -0.0207667 0.0359108 
-0.004786 0.0104904 0.0011679 
-0.0100462 -0.0174256 0.0059497 
0.00425469 0.0109905 0.003978 
-0.0116 -0.00570528 0.0724624 
-0.0177501 -0.0210834 0.0336209 
-0.0147086 0.008320289999999999 0.06994930000000001 
0.0155843 -0.00611495 0.0119497 
-0.0271964 0.0159537 0.0247326 
-0.00663879 -0.0242182 0.0159028 
-0.007879250000000001 -0.0174182 0.0184167 
-0.0233163 -0.00272247 0.0604765 
-0.00364295 0.00742946 0.00427417 
0.0200525 0.0113073 0.0119497 
-0.0229092 0.0170971 0.00852342 
-0.00856762 0.0111375  0.038 
-0.0207662 -0.00538808 0.08329490000000001 
-0.0128619 -0.0229331 0.0340562 
-0.0307713 -0.008522750000000001 0.0550191 
-0.00664863 -0.0242182 0.0235191 
-0.0254303 0.0159452 0.008733869999999999 
0.00808676 0.0277818 0.0111301 
0.0282322 0.00487321 0.0116834 
-0.0205374 0.0187303 0.0207744 
-0.0222249 0.000712993 0.0797551 
0.00114319 0.0227418 0.0178656 
-0.015 0.015556 0.0156086 
-0.0150779 -0.00199892 0.0288721 
-0.00608081 -0.0124406 0.0368721 
0.00514457 0.0176619 0.0119497 
-0.0232944 -0.0110679 0.048731 
-0.009788689999999999 -0.0172903 0.0139554 
-0.015 0.0100248 0.0283177 
-0.00551619 0.0176818 0.0180007 
-0.0315542 -0.0159537 0.0349018 
-0.0325226 -0.00159316 0.0196574 
-0.0239584 -0.00215868 0.0059497 
-0.009900000000000001 0.0059634 0.0861854 
-0.00230903 0.0115568 0.00420961 
-0.0325622 -0.0159273 0.008941950000000001 
-0.0175236 0.0208057 0.0168051 
-0.0314939 -0.0129723 0.00595052 
-0.0326783 0.0159085 0.026444 
0.00770644 0.00623088 0.00737135 
-0.00374592 0.00209106 0.00394971 
0.00507911 -0.0210603 0.00594971 
-0.0116 0.00604597 0.08292330000000001 
0.0204263 -0.0180869 0.0119497 
0.0119087 0.0220927 0.00594971 
-0.015 0.014137 0.0155399 
-0.010352 -0.0206564 0.0128397 
-0.0271772 0.00469758 0.0661487 
-0.000963449 -0.00273931 0.009712999999999999 
-0.0159515 0.00512924 0.0242914 
-0.0129824 -0.0132894  0.038 
0.014776 -0.0027126 0.00594971 
0.0136678 -0.00506298 0.00594971 
0.00482276 0.0117874 0.0116568 
-0.0130166 -0.00941817 0.0366997 
-0.00636972 -0.00891958  0.038 
-0.0167606 -0.00617571 0.09076770000000001 
-0.0267595 -0.00983667 0.0552937 
-0.0127298 0.0157818 0.025642 
0.0106827 0.0169832 0.0119497 
-0.0221314 -0.00501941 0.0799532 
0.0193258 0.00389839 0.00594971 
-0.000132324 0.00247599 0.00886205 
-0.0174612 -0.008283759999999999 0.0703418 
-0.0241114 0.0162692 0.0279167 
-0.0270162 0.0155867 0.00751671 
0.00846918 -0.0174182 0.0182584 
-0.00390408 -0.0162182 0.0355965 
-0.0345564 0.00323635 0.0458746 
0.00169644 0.00701013 0.000949706 
-0.00900572 -0.00207901  0.038 
-0.0125937 0.0157818 0.0304633 
-0.0224924 -0.0142737 0.00595315 
0.0211273 -0.0132838 0.00594971 
-0.010177 0.00561441 0.0952007 
-0.0162097 0.00279049 0.0285787 
0.00401693 -0.0242182 0.0151653 
-0.00703558 -0.0203279 0.0130283 
0.00449466 0.0190769 0.00594971 
-0.024808 -0.00382951 0.07265820000000001 
-0.0319471 -0.00306506 0.0530435 
-0.0352 -0.00339177 0.0108434 
-0.015 -0.0166954 0.0262493 
-0.021542 -0.00444778 0.0263468 
-0.00602654 0.0162474 0.00594971 
-0.0280876 0.0159537 0.015904 
-0.00207113 -0.0213194 0.0374392 
-0.0133 -0.00857344 0.0462869 
-0.0147229 -0.0231357 0.011197 
-0.0021513 0.0176818 0.0268023 
-0.0340945 0.0151608 0.0317213 
-0.0352 0.0117415 0.0178546 
0.0020649 -0.0189996 0.0269854 
-0.0251495 -0.0159881 0.0257651 
0.00512871 -0.00217533 0.00410824 
-0.0190938 -0.009472619999999999 0.0578138 
0.00514532 0.00772356 0.00791065 
-0.0107924 -0.0217746 0.0139255 
-0.0114293 -0.00668029  0.038 
0.0223577 0.0163058 0.00594971 
-0.009507470000000001 -0.0162182 0.0355301 
-0.00689648 -0.0162182 0.0364629 
-0.0142164 -0.00301778 0.0119497 
-0.0121125 0.008146250000000001 0.0707233 
-0.0133 -0.00833324 0.0471201 
-0.023514 -0.000814096 0.0606701 
0.00619267 -0.009051190000000001 -5.02935e-05 
-0.0181114 0.00462669 0.0265332 
-0.0215072 0.000705009 0.0447155 
-0.0253748 -0.000888334 0.0059497 
-0.00405221 0.0203394 0.0340507 
-0.016381 -0.00213355 0.0198974 
-0.0352 0.00572992 0.0342611 
-0.0267705 0.0107016 0.0502246 
-0.00594153 0.0176818 0.0319371 
-0.015 -0.0160221 0.033388 
-0.0133865 -0.00980757 0.0517171 
-0.012397 0.0098399  0.038 
-0.0142252 -0.00635268  0.038 
0.0179994 -0.0114615 0.0119497 
-0.009521969999999999 -0.0162182 0.0316093 
0.0242206 0.0130067 0.0119497 
-0.0244406 0.0160425 0.0184038 
-0.00741075 0.0176278 0.00594971 
0.00277397 0.019652 0.0155183 
0.0167352 -0.018916 0.00594971 
0.0117343 0.0139609 0.0119497 
-0.00407091 0.0123098 0.0118919 
0.0102297 0.0240614 0.0119497 
-0.0130073 -0.008065549999999999 0.07338799999999999 
-0.0133 0.00236794 0.0651677 
0.00422123 -0.0159409 0.00594971 
-0.0245448 0.00477057 0.0224955 
-0.0050066 -0.0162182 0.0159132 
-0.0319695 0.00476307 0.0059497 
-0.0352 0.00632992 0.0406865 
-0.0333794 0.00383972 0.0210023 
-0.015 -0.0106809 0.0245302 
0.00636862 -0.00601791 0.00287381 
-0.00585351 -0.0174182 0.0209236 
0.0195433 0.0101947 0.00594971 
0.00282787 0.0202125 0.0153702 
-0.0127825 -0.000169208 0.0657203 
0.0150027 -0.00243913 0.0119497 
0.010511 -0.0174182 0.0185415 
-0.018662 0.0155576 0.0386591 
-0.0264962 -0.00820745 0.05064 
0.0137089 -0.0109495 0.00594971 
0.000755396 -0.0162182 0.0338534 
0.0297814 -0.000197066 0.00783272 
-0.0128458 0.00279667 0.088198 
-0.00736899 -0.0207587 0.0359976 
-0.00579458 -0.0120126 0.00594971 
-0.0309818 -0.00256393 0.0285551 
-0.0352 0.00096893 0.0130919 
-0.0163315 -0.000231249 0.0524422 
-0.0166233 -0.00125109 0.0784511 
-0.0103508 -0.0229922 0.0333381 
-0.0182485 0.00815137 0.07225429999999999 
0.0244109 -0.016817 0.0119497 
-0.0212782 0.00273578 0.0823561 
-0.027042 0.0159537 0.00957656 
-0.00635096 0.0151389  0.038 
0.000600734 -0.0121964 0.00210632 
-0.0309559 0.0105999 0.0501651 
-0.0126508 -0.008434570000000001 0.068354 
-0.00886613 0.0176818 0.015985 
-0.015 -0.00398328 0.0323797 
-0.0133 -0.00177654 0.0531611 
0.00153551 -0.0218374 0.0240215 
0.0143366 -0.0192176 0.00594971 
-0.00453626 0.000773668 0.000949706 
-0.0127658 -0.000642819 0.0834186 
-0.0212229 -0.0148296 0.0059497 
-0.0315655 -0.000589469 0.0540921 
-0.015 -0.016066 0.0229563 
-0.03511 0.00456194 0.008222709999999999 
0.00379858 -0.007935269999999999 0.00755743 
-0.0256329 -0.00638306 0.0059497 
-0.0144928 -0.00931064 0.0589214 
0.008790620000000001 -0.0232969 0.0216305 
-0.0104533 -0.00410666 0.08537500000000001 
-0.0220265 0.00661725 0.07844520000000001 
-0.0136732 -0.0236452 0.0275362 
-0.009900000000000001 -0.00143476 0.08953800000000001 
0.0197455 0.0107144 0.0119497 
-0.0280707 0.0159537 0.03676 
-0.0352 0.00686935 0.031941 
-0.0137622 -0.016125 0.0059497 
-0.0116 0.0055244 0.08515880000000001 
-0.015 0.00598698 0.023535 
-0.00971165 0.000339823 0.00994971 
0.0277781 0.00048197 0.011847 
5.21978e-05 -0.0158608 0.0119497 
-0.0275808 -0.0159537 0.0246206 
-0.0286716 -0.00212242 0.0620429 
-0.0296343 0.000475952 0.0396855 
-0.0108037 0.0221176 0.0151399 
-0.007900000000000001 -0.00298587 0.101344 
-0.00810232 0.00368125  0.038 
-0.0336821 -0.015493 0.0169524 
-0.0308289 0.0062151 0.0059497 
-0.009811459999999999 -0.0151402 0.0366997 
-0.0073352 0.00391218 0.00394971 
0.00242623 -0.00162128 0.00280021 
-0.0319636 -0.00921921 0.0515796 
-0.015196 0.00699823 0.087213 
-0.0352 -0.008302260000000001 0.0106285 
-0.0102167 0.00341956 0.000949706 
-0.0245256 0.000545462 0.073434 
-0.0250476 0.000629455 0.0674481 
0.0298615 0.00966735 0.00805817 
0.00343244 -0.0223713 0.032594 
-0.0318564 -0.00171878 0.02899 
-0.0344354 -0.0147806 0.017956 
-0.0136899 0.00634148 0.0119497 
-0.0022 -0.0183721 0.0246505 
-0.00639313 -0.0206995 0.0267787 
0.00406248 -0.0115008 0.001506 
0.00718396 -0.00822582 -5.02936e-05 
-0.0202866 -0.0149293 0.0397641 
-0.034726 0.0067474 0.0454087 
-0.00948251 -0.00468424  0.038 
-0.0326918 -0.0121352 0.0451992 
-0.0313995 0.0135304 0.0422568 
0.0258823 0.0211845 0.0106619 
-0.0100225 0.0157818 0.0149989 
-0.0178547 0.0157818 0.00496483 
0.0246796 0.0064107 0.0119497 
-0.0273219 -0.00498269 0.0514785 
-0.015 0.00583781 0.0176484 
-0.0185033 -0.00795298 0.0751633 
-0.0146546 -0.0162182 0.0360786 
-0.00650426 -0.0236164 0.0135486 
-0.00922313 0.008567150000000001  0.038 
0.00372636 -0.0176609 0.033457 
-0.0275903 -0.0159537 0.00965864 
-0.0247308 -0.00830782 0.0673981 
-0.008591980000000001 0.0237818 0.0270608 
0.00644787 0.008001970000000001 -5.02935e-05 
-0.010101 -0.0184182 0.034103 
-0.00245335 0.000908132 0.00733527 
0.00531793 -0.00672388 0.00361778 
-0.00436168 -0.0162182 0.0370557 
-0.000802847 -0.015134 0.00594971 
-0.000230482 0.0237818 0.012369 
-0.0153964 -0.00777032 0.07777149999999999 
-0.00744485 0.000633687 0.000949706 
-0.0125651 -0.023999 0.024866 
-0.0351278 0.0131942 0.0238064 
-0.0196562 -0.00869085 0.0654725 
0.0243123 0.014793 0.0119497 
-0.009900000000000001 -0.00165577 0.0931158 
-0.0205439 0.0187258 0.00972922 
-0.0213159 -0.00898681 0.0620938 
-0.007900000000000001 -0.00400027 0.09542589999999999 
0.0258061 0.0153511 0.0119497 
-0.00251565 -0.0189831 0.0261487 
-0.015 0.0117108 0.0157452 
0.0201451 0.0175481 0.0119497 
-0.015 -0.00977108 0.0347454 
0.0252444 -0.0134077 0.00594971 
-0.015 0.0101669 0.0413363 
0.0208084 0.0200209 0.00594971 
-0.0241529 -0.008799670000000001 0.0639216 
-0.00846185 -0.0242182 0.0176431 
-0.0166891 0.0102434 0.0524846 
-0.000574078 -0.00720878 0.00994971 
-0.0246563 -0.00846322 0.0059497 
0.0117767 0.008303349999999999 0.00594971 
-0.0142655 0.0224618 0.0129932 
-0.0171053 0.010532 0.00594971 
-0.0165783 0.0007359759999999999 0.0193909 
-0.0186293 -0.020478 0.0240387 
0.00702848 -0.00993083 0.00578799 
-0.0171237 0.00672671 0.08815290000000001 
-0.014647 0.0157818 0.0294562 
0.0190311 -0.00565345 0.0119497 
-0.0342781 0.0034039 0.0281266 
-0.00771882 0.0135911 0.0366997 
-0.00439188 -0.00366933 0.00101017 
0.0090093 -0.00494447 0.00672887 
-0.015 0.00875253 0.0199084 
-0.00596654 -0.0103398 0.0369863 
-0.00712095 0.0203786 0.00594971 
-0.009692900000000001 0.0176818 0.025392 
-0.0351868 0.0127533 0.031338 
0.0137747 0.00631745 0.00594971 
-0.0352 0.009426830000000001 0.0170602 
-0.0284535 -0.00639323 0.0625742 
-0.0182602 0.0155296 0.0387057 
-0.0137286 0.0211998 0.0371758 
-0.0120065 -0.0162182 0.0348199 
0.00656312 -0.0102624 0.00304276 
-0.0347814 0.0130445 0.0400015 
0.0237372 0.00287705 0.00594971 
-0.0351896 -0.0101062 0.008705340000000001 
-0.0306838 -0.0159537 0.0309439 
-0.0167102 0.000711045 0.0193876 
-0.009828959999999999 0.022129 0.0354285 
-0.00406819 0.0205998 0.0339214 
-0.0277995 0.000641392 0.039494 
-0.012623 -0.0162182 0.0168395 
-0.0170792 0.0211117 0.0238055 
-0.00040939 -0.0162182 0.0316732 
0.00941491 0.0277818 0.007966300000000001 
-0.0203931 -0.00959468 0.00594971 
0.0174375 0.015026 0.0119497 
-0.0313356 0.0159537 0.0296133 
-8.3558e-05 -0.0203727 0.0378917 
-0.0155775 -0.0199259 0.037887 
0.00759275 0.00412702 0.000949707 
0.0205212 0.00366035 0.0119497 
0.0159591 -0.0173834 0.00594971 
-0.008024460000000001 -0.0211709 0.0327569 
-0.0230189 -0.009122450000000001 0.0605057 
-0.00442374 0.0173767 0.0352938 
0.0279987 0.0153857 0.0117116 
-0.0352 0.00244995 0.0132721 
-0.0165562 -0.0219056 0.0230078 
-0.015 -0.00473025 0.0403604 
-0.0151127 -0.00320734 0.00454193 
-0.00242743 0.00300267 0.00694475 
-0.0165376 0.009353719999999999 0.00594971 
-0.0105399 0.00563929 0.0366997 
-0.0344605 0.000565389 0.0395983 
0.0262298 0.00314124 0.0119497 
-0.00845309 0.0224256 0.0343213 
0.000105355 0.013742 0.0119497 
0.0027039 -0.00962416 0.00994971 
0.009142539999999999 -0.0213275 0.0227392 
0.0116867 -0.000288183 0.0103968 
-0.015557 0.000675984 0.0426226 
-0.0082275 -0.0202718 0.0326846 
-0.0303908 -3.21167e-06 0.0059497 
-0.0102726 0.0237818 0.0149002 
-0.011295 -0.00042458 0.00110442 
0.014659 0.0167298 0.0119497 
-0.0281401 0.00328344 0.0635032 
0.00375408 0.00198293 0.008256869999999999 
-0.008161450000000001 0.0237818 0.0172281 
-0.0124751 -0.010661 0.0366997 
0.0123439 -0.010014 0.0119497 
0.00260666 -0.0119238 0.00349936 
-0.0118934 0.0130433 0.0119497 
0.00241465 -0.0035691 0.00478787 
-0.012549 -0.00243692 0.1036 
0.00245385 -0.0242182 0.0156258 
0.00350546 -0.00779474 0.00747827 
-0.008357760000000001 0.0176818 0.0284598 
-0.00677391 -0.0237121 0.0311489 
-0.008091660000000001 -0.0177888 0.00594971 
-0.0022229 0.0173243 0.00594971 
-0.0126013 0.0157818 0.0357297 
-0.0307634 0.0159537 0.0216685 
0.0210698 0.00352899 0.00594971 
-0.000209134 -0.0222884 0.00614735 
-0.0281696 0.0007414639999999999 0.0389977 
0.0118092 -0.0227817 0.0168402 
-0.0100776 -0.0202564 0.0156376 
-0.0141092 -0.0234572 0.0316572 
-0.0170267 0.00581698 0.0912212 
-0.00726282 0.00806494 0.00308796 
-0.0241682 -0.0166638 0.0309732 
0.0224566 -0.00514612 0.00594971 
0.0167336 0.006297 0.00594971 
-0.034903 0.0139558 0.0250358 
0.00254034 0.0110944 0.0103124 
-0.0136034 0.0157818 0.0220731 
0.00724751 -0.0241985 0.0206377 
-0.0351515 -6.2531e-05 0.0398535 
-0.009913379999999999 0.00589099 0.08964370000000001 
-0.0133 -0.0050421 0.0655694 
-0.0261386 0.0159537 0.0220184 
-0.0352 0.009815340000000001 0.0405258 
-0.0332093 0.0157458 0.00888533 
-0.015 -0.00626582 0.0148546 
-0.0223679 -0.00863948 0.06600689999999999 
-0.00662673 0.0176818 0.0207612 
0.00150291 -0.0242182 0.0134774 
0.0136866 0.00706413 0.0119497 
-0.015 -0.00275756 0.0137167 
-0.0133001 0.0107597 0.0463068 
-0.0309161 0.0159537 0.0327769 
-0.0257603 -0.0159537 0.0164331 
-0.0106672 -5.78488e-05 0.0939666 
0.0266684 -0.0213243 0.010134 
-0.0238743 0.00935384 0.0585565 
-0.0296084 -0.00296922 0.0594689 
-0.015 0.0070743 0.0249005 
-0.0057158 0.00183211 0.00823334 
-0.00652558 0.0176818 0.0206158 
0.0281521 -0.00242617 0.0117166 
-0.022297 0.00947515 0.0576758 
-0.00666378 0.00750259 0.0366997 
-0.00721521 0.0157818 0.033651 
-0.0251608 -0.0159537 0.0358178 
-0.0244273 -0.00684744 0.0722839 
-0.0228738 0.0132887 0.0059497 
-0.0189571 -0.00221751 0.0287583 
-0.0250059 -0.00389513 0.0273073 
-0.016401 0.000671403 0.0642228 
0.026228 0.0149617 0.0119497 
-0.026115 0.0159537 0.0334798 
0.0107239 -0.00559462 0.000111798 
-0.0144553 0.0200037 0.0133555 
-0.015 -0.0065142 0.0324 
-0.015 -0.00603451 0.0248779 
-0.0238234 -0.000153781 0.0383729 
-0.0261453 0.0159537 0.023372 
0.00912395 0.00473659 0.000758678 
-0.0325241 0.000514617 0.039651 
-0.0123755 0.00759884 0.0657203 
-0.0106652 0.00473307 0.00500453 
-0.0183998 0.00370743 0.09026439999999999 
-0.015 -0.008963209999999999 0.0233455 
-0.0201012 0.0123709 0.0447838 
-0.0215367 -0.018476 0.0121318 
-0.00902002 -0.0242182 0.0109919 
-0.00259561 -0.00227195 0.000949706 
0.00595538 -0.0109514 0.00594971 
-0.0329855 -0.00775932 0.00605463 
-0.00501247 -0.0142579 0.00594971 
0.00127409 0.00242837 0.00994971 
-0.00156892 0.0176818 0.0193738 
0.00887394 -0.0241445 0.018243 
-0.0350663 -0.0134699 0.0193674 
-0.000134005 0.0201924 0.0235079 
-0.0309048 -0.0159537 0.0168399 
0.00195363 -0.00507871 0.00722274 
-0.0322484 0.0158568 0.00821589 
0.009379800000000001 0.0277818 0.009523999999999999 
-0.009456549999999999 0.00584791 0.0956168 
-0.00925364 -0.019693 0.0379948 
0.00292992 0.0178752 0.00594971 
-0.0352 -0.00714717 0.00897912 
-0.0236291 0.008456979999999999 0.0679343 
-0.01744 0.0208632 0.0324479 
-0.0147369 0.00366224 0.0460657 
-0.015 -0.0048026 0.0148845 
-0.0136477 -0.0166528  0.038 
-0.0178717 0.00402356 0.0785941 
-0.0133 -0.00192654 0.0503927 
-0.00617688 0.0209498 0.0373433 
-0.00712003 0.0176818 0.0176021 
-0.00319756 -0.00273556 0.009652529999999999 
-0.0300079 -0.00232649 0.0199979 
0.00341278 0.0162795 0.00594971 
-0.00573209 0.00444616  0.038 
-0.015 0.00563103 0.0441832 
-0.0231553 0.000575468 0.0668385 
-0.00674855 -0.0218074 0.0338094 
0.0229241 -0.0166453 0.0119497 
0.0054567 0.009481440000000001 0.00994971 
-0.0279338 -0.00382127 0.0640698 
-0.0352 -0.00745123 0.0366587 
-0.0131561 0.00584354 0.00594971 
-0.0111583 0.0157818 0.0174075 
-0.0279658 0.000278851 0.0384107 
-0.00107492 -0.013707 0.0119497 
-0.00893327 0.0157818 0.0359872 
-0.0352 -0.0113012 0.0284526 
-0.0114162 -0.0162182 0.0333199 
0.0136617 0.00150236 0.00594971 
0.00642487 -0.0242113 0.0219115 
-0.0303958 0.00376724 0.0059497 
-0.0214618 0.0180938 0.0246441 
-0.0170933 -0.0025419 0.0201302 
-0.00157958 0.00442886 0.00394971 
-0.0119506 0.00721268 0.0818184 
0.00440746 -0.0207182 0.0259539 
0.0280708 0.0176294 0.0112335 
-0.000545548 -0.0156852 0.0119497 
0.00592232 -0.0241223 0.0240368 
-0.0193886 -0.00742758 0.00594971 
-0.009900000000000001 0.00242479 0.0895157 
0.00247674 0.0274244 0.0068489 
-0.015 -0.00693541 0.0164603 
0.0194988 -0.0103619 0.0119497 
-0.031254 0.0159537 0.0206351 
-0.0347035 -0.000845535 0.0454703 
-0.0334841 0.0156137 0.0357482 
-0.0117873 -0.00760263 0.0742274 
0.0213627 0.000254657 0.0119497 
-0.0139152 0.00842949 0.0684776 
0.000355762 0.00245803 0.00123956 
-0.0217408 0.008830899999999999 0.06373529999999999 
0.00427011 0.0220328 0.00594971 
-0.0352 0.00796764 0.0416561 
-0.0165849 0.0197123 0.00540915 
-0.0352 -0.00709207 0.00995163 
-0.0116 0.0007471860000000001 0.07154919999999999 
-0.00775575 0.00907939 0.0366997 
-0.00266373 0.0222839 0.00600371 
-0.0352 -0.00204696 0.0197443 
-0.0117145 -0.00698096 0.0874814 
-0.0104462 0.00946117 0.0119497 
-0.0276015 -0.00347301 0.0514794 
0.0291881 0.009793339999999999 0.00690121 
0.00261679 -0.0208864 0.0353795 
-0.0057472 -0.023342 0.0229367 
-0.0131465 -0.00744889 0.0818412 
-0.00452658 0.0178897 0.0355764 
-0.0101048 0.0150402 0.0119497 
0.00460267 -0.00219027 0.0040828 
0.00387372 0.0173406 0.00594971 
-0.015 -0.0155151 0.0324673 
-0.00129339 0.0073939 0.00994971 
-0.0145182 -0.011139 0.0484728 
-0.0156885 -0.0110026 0.048981 
-0.0238384 -0.016891 0.0254434 
-0.0225346 0.017355 0.027735 
-0.00900337 0.00115797  0.038 
0.0232091 -0.0208496 0.0119239 
0.0109184 -0.000463807 0.000221387 
-0.0312047 0.00323623 0.0059497 
-0.0116 -0.00501714 0.0709801 
0.0151063 -0.0144578 0.00594971 
-0.0111456 -0.0171889 0.0173497 
-0.00298015 0.0176818 0.0160035 
-0.0304645 0.0144504 0.0405015 
-0.00208128 -0.0242182 0.0148579 
-0.033103 0.00722707 0.00609174 
-0.0170524 0.00206677 0.09396640000000001 
0.0111446 0.00422128 0.00508059 
0.00824977 -0.0237079 0.0215877 
-0.0122367 0.0185717 0.0365653 
-0.0351915 0.00982334 0.0437036 
-0.0150052 0.000604881 0.0293258 
-0.0107215 -0.000111873 0.08963400000000001 
-0.0110418 0.00986532 0.00594971 
-0.0338035 -0.00583601 0.0479432 
-0.02446 0.0006685009999999999 0.0565201 
-0.0245727 -0.0144368 0.0405932 
-0.0147642 0.00301989 0.0997049 
0.0116234 -0.0242099 0.0122366 
-0.0122945 0.0235527 0.0301148 
-0.0276212 0.0148577 0.0398237 
0.0180451 -0.0185542 0.00594971 
0.0202319 0.0197053 0.00594971 
-0.0352 0.00560781 0.0238616 
0.00837566 -0.0242182 0.0106917 
-0.0339225 -0.0153148 0.0248765 
-0.00304439 0.00704876 0.00479224 
0.00903083 0.00493395 0.009358979999999999 
0.00637348 0.00557673 0.00353284 
-0.0116 -0.00580652 0.07724590000000001 
0.0134492 -0.0200159 0.0147348 
-0.0352 0.009876050000000001 0.0295323 
-0.0163727 0.00919261 0.0598595 
-0.00307232 0.0237069 0.0247203 
0.0076373 -0.00606673 0.000949706 
-0.014808 0.00701014  0.038 
-0.00230699 0.00312061 0.0065566 
0.000972281 -0.0228568 0.0341692 
-0.0339514 0.00271395 0.0475368 
-0.00740875 -0.000129192  0.038 
0.0143082 0.0199965 0.0119497 
-0.007900000000000001 0.00142037 0.0967909 
-0.0175316 -0.0121197 0.0454511 
-0.0335032 0.0156039 0.0200445 
-0.0223494 -0.008736809999999999 0.06484529999999999 
-0.0007808239999999999 -0.00599905 0.000949706 
-0.0239933 0.0163505 0.0184312 
0.00320598 -0.0191839 0.0211779 
-0.0200135 0.00577198 0.08468489999999999 
0.00347473 0.000158093 0.00714292 
-0.00555576 0.007946979999999999 0.0373971 
0.00282504 -0.00123075 0.00534068 
-0.0133 -0.0064904 0.06475 
-0.0061411 -0.0227726 0.00638453 
0.000567247 -0.0236134 0.0315172 
-0.0151761 -0.0222221 0.00725967 
0.00170995 -0.0162182 0.0325875 
-0.0185819 0.0200769 0.0274969 
-0.0138166 0.0112163 0.0477241 
-0.0193988 -0.00953448 0.0573913 
0.0291416 -0.00188526 0.0110489 
-0.0135312 0.0157818 0.00426062 
-0.0140253 0.00268828 0.0119497 
-0.0236554 -0.017017 0.0171593 
-0.0100013 -0.0162182 0.013328 
-0.0213733 -0.00759592 0.06953869999999999 
0.0218654 -0.00169901 0.0119497 
-0.034484 -0.0147139 0.0189241 
-0.0144085 0.0228737 0.022094 
0.00107949 -0.009555920000000001 0.000949706 
-0.0286709 0.0064299 0.0619822 
0.017782 -0.0226059 0.00629244 
-0.0178956 0.00731075 0.0786462 
0.0060034 -0.0242182 0.0180113 
-0.00454304 -0.0186024 0.0273192 
-0.00581052 0.0133688 0.0119497 
-0.0167969 -0.018857 0.00601765 
-0.0265967 0.0159537 0.0141837 
-0.0352 -0.007854379999999999 0.0416104 
-0.0187137 0.000337269 0.0852815 
0.009482340000000001 0.00312411 0.00994971 
-0.0174104 -0.000644128 0.09298289999999999 
0.00577328 -0.0099478 -5.02936e-05 
-0.012602 -0.00472106 0.00479886 
-0.00794099 0.0049329 0.00809466 
-0.015 0.0040415 0.0170693 
0.00446882 -0.0207182 0.0263794 
-0.0155703 0.000585476 0.0524265 
0.00184477 0.0028562 0.000949706 
-0.00464082 0.0106326 0.00393541 
-0.00933605 0.00266175  0.038 
-0.0333102 0.00823315 0.049284 
-0.00689279 -0.008381639999999999 0.00994971 
-0.00647021 -0.0207182 0.0267278 
-0.0321806 -0.000645934 0.0059497 
0.00736602 0.016546 0.0119497 
0.009721509999999999 -0.0186954 0.00594971 
-0.00481621 0.0176818 0.025292 
-0.00467272 -0.00815373 0.00627056 
0.008349229999999999 0.008391600000000001 0.00571818 
-0.0118559 0.0157818 0.0320903 
0.00192355 -0.0242182 0.009706680000000001 
0.008755870000000001 0.0052032 0.00683611 
-0.0298944 -0.00283011 0.0586832 
-0.00209939 -0.008844680000000001 0.00994971 
-0.0122013 -0.00403572 0.0366997 
-0.0308982 -0.0043797 0.0559254 
-0.0351583 0.0130153 0.0290893 
-0.0218975 -0.007981449999999999 0.07385029999999999 
-0.00583196 0.00339838 0.00204026 
0.00443681 -0.0174182 0.0288258 
-0.0251028 -0.009164169999999999 0.0059497 
0.0257426 -0.0173823 0.0119497 
-0.0115634 -0.00144576 0.104878 
0.0134317 0.000648517 0.0119497 
0.0224702 0.0110807 0.0119497 
-0.0252713 0.00498913 0.0231806 
0.0187708 0.00909455 0.0119497 
0.0136579 0.0211198 0.00597054 
0.0253498 0.00660449 0.00594971 
-0.0352 0.00893703 0.0330768 
-0.0155707 -0.00434778 0.00495426 
-0.0108671 0.0157818 0.0235544 
-0.00493859 0.0131998 0.00594971 
-0.00685175 -0.0219853 0.0367827 
-0.009917240000000001 -0.00590894 0.0896879 
-0.00754067 -0.0162182 0.0122539 
-0.0270744 0.0159537 0.0343539 
-0.000305657 -0.0232198 0.00671592 
-0.00425307 -0.00698293 0.000949706 
-0.0159161 0.00389681 0.0276348 
-0.0293201 -0.0159537 0.036719 
0.0235511 -0.0175401 0.0119497 
-0.0344878 -0.00245412 0.0286251 
-0.00294296 -0.0162182 0.0318267 
-0.00685632 0.00241715 0.00929934 
0.00192726 -0.0162182 0.0166788 
-0.00255922 0.0237711 0.0221388 
-0.0282484 0.00181519 0.0632056 
-0.0352 -0.00781447 0.0417134 
0.0142305 0.00723272 0.00594971 
-0.00618853 -0.00622737 0.0367643 
-0.00727147 0.0050767 0.000949706 
-0.0239515 -0.00566547 0.0608828 
-0.00711405 -0.0206911 0.0223373 
-0.00707409 0.0224154 0.0343596 
-0.00517026 -0.00815782 0.00542876 
-0.0183295 -0.000748001 0.0539773 
-0.0352 0.0068209 0.0250136 
-0.0258522 -0.00116555 0.06978910000000001 
-0.0159176 0.00751102 0.081155 
-0.0352 0.00230419 0.0317584 
-0.007879540000000001 0.0021447  0.038 
-0.0193911 -0.00674623 0.0839758 
0.00253074 0.0157818 0.0131422 
-0.0118781 0.00656247 0.00594971 
0.0291105 0.0178861 0.00901422 
-0.0216414 -0.0184038 0.0128373 
-0.0207412 -0.00034912 0.0555121 
-0.0107391 0.000346818 0.000949707 
-0.0320318 -0.0159537 0.0285349 
-0.0152816 0.00472972 0.0223969 
0.00240964 -0.0171851 0.03637 
-0.0247833 -0.0135432 0.04219 
-0.0352 -0.00336544 0.038143 
-0.0116 0.00452802 0.07726860000000001 
-0.028796 -0.00696719 0.0613522 
-0.015 -0.00678435 0.0398466 
-0.00649077 -0.00774041 0.00455506 
-0.0199802 0.0126158 0.0442087 
-0.0117055 -0.00619001 0.0657203 
-0.0289637 0.00177936 0.0612405 
-0.0243334 0.00260858 0.0608303 
-0.0107634 -0.0125945 0.0119497 
-0.0256411 0.000560503 0.0386089 
-0.015 -0.0118255 0.0255169 
-0.0236664 -0.00408256 0.0607871 
-0.0133 0.00102916 0.0650902 
-0.0254425 -0.00547953 0.0708956 
-0.00772696 0.00311661 0.000949706 
-0.00204911 0.00608992 0.00725741 
-0.0352 0.00127381 0.0173486 
0.000881408 0.0239983 0.0119497 
0.023324 -0.0121495 0.0119497 
-0.00925513 0.007912809999999999  0.038 
-0.0305945 -0.00468644 0.02568 
0.00174933 -0.0242182 0.0122869 
-0.0141456 0.00705089 0.0460657 
-0.0183937 -0.00549775 0.0889297 
0.00622913 -0.0178549 0.00594971 
-0.0352 0.00269499 0.0325924 
-0.015 -0.00714902 0.0406715 
-0.0286409 0.0153188 0.0390565 
-0.009900000000000001 -0.00391445 0.0940631 
-0.019364 -0.0192329 0.00714103 
-0.0352 0.00908717 0.0365992 
-0.0114665 -0.0111421  0.038 
0.00422252 -0.0114393 0.0045917 
-0.00670721 -0.0216272 0.0133499 
0.0143811 -0.0067984 0.00594971 
-0.0179655 -0.0209351 0.028454 
-0.0203965 -0.00171397 0.0847786 
-0.0193949 0.00499663 0.0871046 
0.0125678 0.0234164 0.0103795 
-0.0136741 0.00589641 0.0460657 
-0.0125567 -0.00344676 0.102388 
0.00537631 -0.0115445 0.00594971 
0.0269139 -0.0174797 0.00602299 
-0.0152701 -0.00728499 0.0840404 
-0.00582319 -0.0242182 0.0190988 
-0.0303536 0.00335627 0.0205291 
-0.023204 0.008683669999999999 0.0059497 
0.0109348 -0.0020356 5.50515e-05 
0.009529960000000001 -0.0214594 0.0220022 
-0.0133 -0.00334397 0.0469792 
-0.0281233 0.0067328 0.0510989 
-0.0138741 -0.00764875 0.0460657 
-0.0291592 -0.0159537 0.0191099 
0.00758939 -0.00216658 0.000949706 
-0.008437170000000001 -0.008250149999999999 0.00594971 
-0.0107695 -0.0218143 0.0144471 
-0.0211301 0.0074189 0.0700886 
-0.0170223 -0.0215846 0.0201031 
0.0212574 0.0122992 0.00594971 
-0.00426411 0.0173634 0.0348553 
-0.0154799 0.022213 0.011227 
-0.00432214 0.0209597 0.00595769 
-0.0300376 0.00768911 0.0576979 
-0.0159756 7.89325e-05 0.0751489 
-0.009787880000000001 0.00236373  0.038 
-0.0206559 -0.00474502 0.0232684 
-0.00211422 0.0200863 0.0289485 
-0.00745431 -0.0180068 0.0059497 
-0.00481182 0.0031379 0.00295313 
0.0103362 0.0222508 0.00594971 
-0.0171426 0.00723623 0.0781854 
-0.014182 0.00711403 0.0460657 
0.00208798 0.0150134 0.00594971 
0.00673669 -0.0101414 0.00344505 
-0.015 -0.0108558 0.0176612 
-0.0133809 -0.00814847 0.06441239999999999 
0.0263784 0.008657069999999999 0.0119497 
-0.0208 -0.00551916 0.0688074 
-0.0347539 0.00642302 0.045332 
-0.008413800000000001 0.0124005 0.00594971 
-0.019557 0.0194054 0.0266911 
-0.0352 -0.00154658 0.0312666 
-0.0278116 -0.0159537 0.0355698 
0.0296087 -0.0146228 0.0103953 
-0.0127281 0.00675703 0.0894723 
-0.0188787 0.0198725 0.0158479 
-0.0141002 -0.00723487 0.0460657 
-0.0352 -0.00174388 0.0296714 
-0.0285184 -1.52886e-05 0.0568395 
-0.0297335 -0.00963723 0.0544578 
-0.00743695 -0.0168582 0.0173497 
-0.0210894 0.009219629999999999 0.0595698 
-0.0099465 0.0187151 0.00594971 
-0.0187801 -0.00992052 0.0547501 
-0.0133 0.00384837 0.0513796 
-0.009900000000000001 -0.0051072 0.09295340000000001 
-0.0143477 0.00606867 0.0942424 
-0.0286646 0.0159537 0.0334215 
-0.0299029 -0.0145025 0.0404502 
-0.00471786 -0.0120614 0.0114664 
0.0248506 -0.0224383 0.00737114 
0.00711177 -0.00568791 0.00394971 
0.00933465 0.0135999 0.00594971 
-0.0261947 -0.0150789 0.0068328 
-0.011927 0.00428463 0.00433097 
-0.0107406 -0.00157364  0.038 
0.00325322 0.015812 0.00594971 
-0.00233832 0.00127041 0.000949707 
-0.0135393 -0.00736852 0.0829971 
0.008009260000000001 0.00593434 0.009159240000000001 
-0.015 0.00539364 0.0440662 
-0.000253744 0.00273733 0.00994971 
-0.0276123 -0.0142928 0.0408163 
-0.010308 -0.00588791 0.0954165 
-0.0008914800000000001 0.00232861 0.00718694 
-0.0337865 0.000152042 0.0383725 
-0.0123694 -0.00614528 0.0939012 
-0.0244572 -0.00946192 0.0578719 
-0.0165675 0.007940849999999999 0.07532560000000001 
-0.0187338 -0.00131697 0.00594971 
-0.0143253 -0.00122405 0.08884740000000001 
-0.0269784 -0.009435890000000001 0.0578065 
-0.001393 -0.00588384 0.00604039 
0.00762208 0.00631082 0.000949706 
-0.0347296 -0.00394271 0.0453987 
0.00699019 0.0136917 0.00594971 
-0.0240085 0.000739798 0.0558666 
-0.0133 -0.00347598 0.0571324 
0.0206203 -0.00465985 0.00594971 
-0.00476504 -0.0162182 0.0154769 
-0.0145349 -0.0174182 0.0312088 
-0.0133 -0.00826694 0.0581319 
0.0249908 0.0189896 0.00595923 
-0.00276501 0.00655817 0.00394971 
-0.0264155 0.0127636 0.043864 
-0.0201119 -0.0160627 0.0379911 
-0.0102096 -0.0050222 0.0990989 
-0.0271544 0.00177139 0.0662112 
-0.0175621 -0.0212129 0.013348 
-0.0021959 -0.0017871 0.00120047 
-0.00616681 0.0237818 0.0112837 
-0.0116 -0.00157302 0.0796873 
0.0012844 0.0262321 0.009190530000000001 
-0.0352 0.000481843 0.0164932 
-0.000897786 -0.0174182 0.0310839 
0.0257155 0.00217181 0.0119497 
-0.0260723 -0.0021704 0.0287828 
-0.0145573 0.0207165 0.034197 
-0.0278744 -0.00288037 0.0501153 
-0.0230121 0.00872437 0.0649595 
-0.0204379 -0.00785747 0.0764461 
-0.0352 -0.0123043 0.0136157 
-0.0038498 -0.0242182 0.0123365 
-0.00494695 -0.008167020000000001 0.00606431 
-0.000326667 -0.0184412 0.00594971 
-0.0317666 0.00228805 0.0198406 
-0.00945389 0.0237818 0.00945704 
-0.00121732 -0.00493985 0.00394971 
-0.0135448 -0.00181707 0.10294 
-0.0224065 -0.00167033 0.0196894 
-0.0166597 -0.0218343 0.013329 
-0.0292357 0.00804764 0.0059497 
0.0239407 0.0103955 0.0119497 
-0.0352 0.00768258 0.023864 
0.0062351 0.0121811 0.0119497 
-0.0316581 -0.00315727 0.0538376 
-0.00139307 0.00209303 0.004732 
-0.0149485 0.00986627 0.0548363 
-0.0123185 0.0236156 0.009250980000000001 
-0.0128541 0.0179818 0.0156208 
-0.0172684 -0.0158561 0.0381681 
-0.0147809 0.0048254  0.038 
-0.00959698 -0.0105851 0.0366997 
-0.0352 -0.00594398 0.0350009 
-0.0309008 -0.00406311 0.0216374 
-0.0155628 0.000711067 0.0957404 
-0.0144592 0.000214404 0.08865389999999999 
-0.0223625 0.00885121 0.0635245 
-0.0350415 -0.0135604 0.035438 
-0.0124282 -0.0118057 0.0366997 
-0.015 0.0102231 0.0361236 
0.0027054 0.00545479 0.000949706 
-0.027815 -0.00701736 0.0637717 
6.402629999999999e-05 0.0197816 0.0229638 
0.00280604 -0.011984 0.0108128 
-0.0133341 0.00904489 0.055379 
-0.0321265 -5.26551e-05 0.0293417 
-0.0348671 0.0140417 0.0283011 
-0.0337848 -0.00866546 0.00640359 
-0.0325946 0.009621279999999999 0.0498016 
0.0128282 -0.000253024 0.00594971 
-0.00880129 -0.0185935  0.038 
-0.0108897 0.0200291 0.0357241 
-0.0151384 -0.00764842 0.0794011 
-0.008211319999999999 -0.0138939  0.038 
-0.0347695 0.00407389 0.0274178 
-0.016558 -0.0184678 0.0379926 
-0.0176717 -0.0211375 0.0155626 
-0.0133 -0.00576783 0.0633654 
-0.0233316 -0.016827 0.00756797 
-0.00915004 -0.0238844 0.0305059 
-0.00601239 -0.00147875  0.038 
-0.021491 0.00333092 0.08177139999999999 
-0.0260991 0.00511781 0.0240295 
0.004374 -0.0074924 0.000949706 
0.0239328 -0.00151726 0.0119497 
0.00647037 -0.00258403 0.009571049999999999 
0.0279381 0.00794827 0.00610291 
-0.0133 -0.00707561 0.0462683 
0.0129615 0.0222563 0.011561 
-0.0140104 -0.000585382 0.0908429 
0.0111051 -0.0114932 0.00594971 
-0.0187698 -0.0201911 0.0359533 
-0.0200886 -0.000615086 0.08562450000000001 
-0.00184507 -0.0162182 0.0326184 
0.00465099 -0.0242182 0.0223932 
-0.00655065 -0.00919878 0.00419596 
-0.0151024 -0.00734914 0.0832725 
-0.015 0.0129956 0.0200478 
-0.0165487 0.00711128 0.0793417 
0.0161072 0.00340234 0.00594971 
0.0240233 -0.022718 0.0107374 
-0.0116 -0.00676428 0.0715774 
-0.0103563 -0.0204326 0.015354 
0.00448979 0.0109001 0.00453163 
0.00767927 -0.0202939 0.00594971 
-0.0264749 0.00270094 0.0508234 
0.00293358 0.0201056 0.0150798 
-0.018809 -0.0203083 0.0354708 
0.000183235 -0.0140265 0.0119497 
-0.0078 -0.0198755 0.024573 
-0.0141477 0.00158122 0.0876748 
-0.0310862 0.009483129999999999 0.0527221 
-0.014578 -0.0167529 0.0313497 
-0.0164048 -0.020451 0.00648911 
-0.00738774 -0.0136779  0.038 
0.00528264 0.016486 0.00594971 
-0.0201476 0.00356967 0.0701157 
-0.00406509 0.0176818 0.0307743 
-0.00297955 0.0157818 0.0139692 
0.00340593 -0.000661891 0.00566199 
0.0154658 -0.0190157 0.0119497 
-0.015 0.0150971 0.0267363 
-0.0213893 -0.00448981 0.022454 
-0.0112813 -0.00251765 0.00109207 
0.00494021 -0.0175054 0.00594971 
-0.0134937 0.00458861 0.09948940000000001 
-0.0162001 9.58768e-05 0.09492979999999999 
-0.0153308 0.00481122 0.00594971 
-0.0342794 -5.54892e-05 0.0466357 
0.0179963 -0.00436871 0.0119497 
0.0203997 -0.00619063 0.0119497 
-0.0029059 -0.0149054 0.0119497 
-0.0142831 0.000537575 0.101575 
0.0121704 0.0199299 0.00594971 
-0.0281309 0.0074577 0.0504001 
-0.0133 -0.00309521 0.0477647 
-0.0167188 0.015818 0.00315582 
0.00203472 0.00543055 0.00494871 
-0.0122438 -0.00508971 0.0366997 
0.00579231 -0.0174182 0.0270535 
-0.0211165 -0.0187653 0.0264346 
-0.015878 0.00868703 0.0651651 
-0.0180353 0.0185225 0.037645 
-0.0128213 0.0170443 0.0355739 
-0.0335385 9.108569999999999e-05 0.00626632 
0.0101755 -0.00120323 0.00994971 
-0.0331946 0.0136975 0.0415377 
-0.0352 -0.0109966 0.0120223 
-0.0352 -0.00612366 0.0128905 
-0.015 -0.00706382 0.0305482 
-0.0086885 -0.0174182 0.0230218 
0.00768273 0.00887684 -5.02936e-05 
-0.00197694 -0.00205361 0.00411292 
-0.00227583 0.0237585 0.0216521 
-0.022696 0.0172439 0.034498 
-0.0198818 -0.00570852 0.00594971 
-0.0139726 -0.000372543 0.102428 
-0.0031321 0.0106774 -4.19021e-06 
-0.0338653 0.0153608 0.0202988 
-0.0238743 0.009380350000000001 0.058364 
-0.0119326 0.0199337 0.0327144 
-0.00652085 -0.0162182 0.0128477 
-0.0256616 -0.0159132 0.00846619 
-0.00666947 -0.00762544 0.00989927 
-0.0169342 0.0184583 0.0036935 
-0.0352 0.0119717 0.0293305 
-0.015 0.00189683 0.0436339 
-0.0260234 -0.00957422 0.0570626 
-0.0125372 0.0235704 0.00853928 
0.001608 -0.0240362 0.0249249 
-0.00221906 0.0199782 0.00594971 
0.0068168 0.00709766 0.000587938 
-0.0144463 0.0026121 0.0879812 
0.0216544 0.0234602 0.00792934 
-0.0110829 0.0169207 0.00264971 
-0.0204642 0.0107853 0.0498768 
0.0299403 0.0121967 0.00836514 
-0.019567 0.00725503 0.06955119999999999 
-0.0136547 -0.00840696 0.0687159 
-0.0207552 -0.0190141 0.0177485 
-0.0269974 -0.00489425 0.051329 
-0.0229608 0.00380082 0.0277395 
-0.009900000000000001 -0.000169915 0.0891549 
-0.0205744 -0.00322797 0.0280463 
0.029444 -0.00339951 0.00721142 
-0.0337419 -0.00472514 0.0231787 
0.0218063 0.0201434 0.00594971 
-0.0133 -0.00709051 0.0506327 
0.0100427 -0.0181091 0.0210788 
-0.0233157 -0.00869085 0.0598022 
0.0196156 0.0119408 0.0119497 
-0.0126848 -0.0101985 0.00594971 
-0.0293786 -0.0048107 0.0236216 
0.00516737 -0.00358421 0.00125685 
-0.0218794 -0.00912962 0.0604681 
-0.021103 0.00070233 0.0393687 
-0.01597 0.00999163 0.0539262 
0.010814 0.0202618 0.00594971 
0.0247883 -0.0219821 0.00683724 
-0.0152243 0.008925539999999999 0.0626626 
-0.0337521 0.0154439 0.0173104 
-0.00379935 0.0237818 0.0155963 
-0.0136268 -0.00336162 0.0119497 
-0.0022 -0.0200647 0.0238886 
-0.00571694 0.00196542 0.000949706 
-0.00408746 0.0180068 0.0343699 
-0.015 0.01068 0.0227112 
-0.0280511 -0.00336139 0.0637477 
0.0154349 -0.0158179 0.00594971 
-0.0179188 0.00260444 0.0791558 
-0.00228192 -0.011999 0.000957519 
-0.0241975 -0.0166437 0.01246 
0.0101006 0.0277818 0.00681912 
-0.0116 -0.0036551 0.08077670000000001 
-0.0239344 -0.0133638 0.00595621 
-0.0207467 -0.00886604 0.0634704 
-0.0245657 0.0159563 0.0240442 
-0.00831543 -0.0045576 0.00994971 
-0.0197577 0.00979609 0.0552733 
-0.0273522 0.00974088 0.0500007 
-0.009864950000000001 0.0219174 0.0361228 
0.00311003 -0.020386 0.00594971 
-0.0338892 -0.00181142 0.0477075 
-0.0121962 0.00561772 0.00594971 
0.0299709 -0.00607434 0.00855385 
-0.015 0.009777839999999999 0.0354447 
-0.0352 0.0119545 0.0211968 
-0.0126244 -0.00800037 0.0657203 
-0.015 0.00278403 0.0138822 
0.00475973 0.0237818 0.00682567 
-0.0324791 0.0159371 0.0258084 
-0.0147727 0.0157818 0.0335918 
-0.00406215 0.0237656 0.008643110000000001 
-0.0270205 -0.00603998 0.0059497 
0.00210534 0.0249618 0.00594971 
-0.0273992 -0.00216785 0.06553879999999999 
0.0233979 0.0121621 0.00594971 
-0.0109267 0.021413 0.0152603 
-0.0305072 0.00474996 0.0262536 
-0.0205582 0.000872777 0.0843343 
-0.0279509 -0.0117894 0.0463311 
0.00234353 0.0198481 0.00594971 
-0.00905425 -0.0242182 0.0119519 
0.0161883 -0.0180313 0.0119497 
-0.015 -0.0173106 0.0259776 
-0.0115054 0.0183258 0.00264971 
0.00476013 0.0107961 0.00327082 
-0.0352 -0.00738023 0.0202285 
-0.027111 -0.0159537 0.0176553 
-0.0330663 -0.00401501 0.0215619 
-0.010471 0.0146562  0.038 
-0.000415097 -0.0162182 0.0336403 
-0.0283669 -0.011342 0.0477379 
0.0149275 0.012923 0.0119497 
-0.00652013 0.00879223 0.00501496 
0.00138186 -0.00253546 0.00328518 
-0.0349854 0.00930403 0.0446959 
-0.0350498 -0.0135309 0.009437839999999999 
0.00671931 -0.0172074 0.00594971 
-0.011364 0.0140939 0.0366997 
-0.00715803 -0.0242182 0.022316 
-0.0264155 0.0113919 0.0475771 
-0.0251742 0.0100394 0.0537163 
-0.0128476 0.00598802 0.0948003 
-0.0219241 0.0177754 0.0203987 
-0.0344856 0.00297431 0.0202378 
0.0134682 0.00294775 0.0119497 
0.00702768 -0.00338077 0.00394971 
0.0098032 -0.00750383 0.00594971 
0.0137964 -0.00863877 0.00594971 
0.00542221 -0.0175412 0.0262423 
0.00605285 -0.00238109 0.009594729999999999 
-0.0133 -0.000145361 0.0487118 
-0.032933 -0.000732525 0.0484342 
-0.0182844 0.0171552 0.0379671 
-0.0345885 -0.0145623 0.0207312 
-0.0258906 0.00918308 0.0598987 
0.000646836 0.0180753 0.0213626 
0.00025048 0.00794247 0.00994971 
0.0137996 0.00023697 0.00594971 
-0.0352 0.00204867 0.0155975 
-0.0193759 -0.0107922 0.0498685 
-0.0322672 0.009121219999999999 0.0511033 
-0.0154694 -0.0226539 0.0198203 
-0.0351993 0.00194927 0.00890754 
-0.0181096 -0.0114426 0.0474169 
0.008590159999999999 0.0242574 0.00619263 
-0.019375 -0.013833 0.0416387 
-0.0165372 0.000781741 0.07853540000000001 
-0.0177791 0.00512639 0.0242262 
0.0229181 0.0154594 0.0119497 
0.008230080000000001 -0.00894998 0.00525844 
-0.0296782 -0.00441705 0.0222784 
-0.0182297 -0.000509146 0.0385565 
-0.0169784 0.00723455 0.0844997 
-0.0235047 0.0122255 0.0451569 
-0.0307615 0.00254056 0.0199721 
-0.0156021 0.0221288 0.0108203 
-0.012811 -0.0231655 0.0331887 
-0.00609569 0.0146337 0.00594971 
0.008915889999999999 -0.023058 0.00658342 
0.0287068 -0.013235 0.0114161 
-0.0116 0.00175034 0.08125540000000001 
-0.0149432 0.0146659 0.00594971 
-0.0177042 -3.9906e-05 0.0422623 
-0.0111186 0.0179818 0.0133841 
0.0244549 -0.0100253 0.00594971 
0.0192543 -0.00310689 0.0119497 
-0.0056132 -0.0102526 0.00594971 
0.00254566 -0.0162182 0.0355246 
-0.009900000000000001 0.00235564 0.0930327 
-0.0077261 0.0195488 0.0379711 
-0.0352 0.00320919 0.0182034 
-0.000579661 0.0237818 0.0141139 
-0.0346863 0.00269077 0.0455176 
0.0159562 -0.0242024 0.00865287 
-0.032666 0.00559552 0.0510684 
-0.0234049 -0.00135532 0.076513 
-0.028202 0.0159537 0.0108168 
-0.008541150000000001 0.00721565 0.0100373 
-0.0164064 0.00332421 0.0786635 
-0.0352 0.000827088 0.0145471 
0.0145259 -0.0214719 0.00596069 
0.0129519 -0.0177416 0.0156542 
-0.015 -0.0108384 0.0176203 
0.000952253 0.00575894 0.00994971 
-0.0196571 -0.0197702 0.0299193 
-0.0294789 0.000672939 0.0469937 
-0.0352 0.00823875 0.0352936 
-0.00655433 -0.0211746 0.0146999 
-0.0325681 0.00265363 0.0286659 
-0.00609845 0.00584424 0.00228925 
0.0228636 0.009691129999999999 0.0119497 
-0.015 -0.0095128 0.0332493 
-0.0056341 -0.0207673 0.0228823 
-0.0291862 -0.00930914 0.0562384 
0.0219793 -0.023959 0.00839881 
-0.009900000000000001 -0.00557538 0.0870274 
-0.0007960279999999999 0.0131274 0.00594971 
-0.0120037 0.0236766 0.0224522 
-0.015 -0.0147521 0.0357352 
-0.009411920000000001 -0.00639682 0.00313129 
-0.0282134 -0.00924609 0.0507601 
-0.0106863 0.0237818 0.0261302 
-0.00738883 0.0231614 0.0315754 
-0.000869713 0.00233561 0.00647495 
-0.0186749 0.0120692 0.0455729 
0.00833393 0.00384666 0.00941757 
0.0166068 0.009423539999999999 0.0119497 
-0.027306 -0.000680189 0.0468901 
-0.0111882 0.00488057 0.0995727 
-0.0220184 -0.000684282 0.06623859999999999 
-0.0175702 0.00301041 0.00594971 
-0.0124603 0.00650481 0.0914619 
-0.0132158 0.0157818 0.0165822 
-0.0327196 0.0159001 0.0373189 
-0.0219779 0.000795372 0.0804335 
-0.0166183 -0.0218628 0.0233875 
0.008045190000000001 -0.0240253 0.00789368 
0.009379770000000001 0.00387064 0.000909256 
-0.00772289 0.00359455 0.00606904 
-0.0133 -0.00487341 0.0553432 
0.0127691 -0.0168778 0.0159923 
-0.009594770000000001 0.0236805 0.0296381 
-0.026071 -0.0100129 0.0540885 
0.0140392 0.0153921 0.00594971 
-0.015 0.00530722 0.0215753 
-0.015 0.00896945 0.0319542 
-0.009346470000000001 -0.024204 0.0293132 
-0.030703 0.00993339 0.0523027 
-0.0286407 -0.01018 0.0529325 
-0.0139627 0.023091 0.0258583 
-0.00658782 0.00421621  0.038 
-0.00763407 0.008199959999999999 0.0100819 
-0.0317167 0.0118164 0.0462576 
-0.0116 -0.00605207 0.0666052 
0.029996 0.000658722 0.00885817 
-0.0263908 0.000154954 0.047001 
-0.03268 0.00235996 0.0288213 
-0.0101224 -0.01562 0.0059497 
-0.0351915 0.0126737 0.0135541 
0.0275716 -0.0142533 0.00600686 
-0.0167166 -0.0217951 0.0347764 
0.00650874 -0.0207265 0.0277179 
0.0220512 0.015404 0.0119497 
-0.0256622 -0.0097707 0.0557503 
0.0178085 -0.0109333 0.0119497 
-0.0227059 0.0111428 0.0059497 
0.00255994 -0.0162182 0.0347456 
-0.0133 -0.00723798 0.0514156 
-0.0105212 0.0178866 0.00594971 
0.00358023 0.00739769 0.00405727 
-0.0133 0.000609719 0.0546433 
-0.00681281 -0.0211704 0.0375381 
-0.0165875 -0.00136991 0.0291139 
0.0122434 0.0250214 0.0113272 
0.00716868 -0.003142 0.00807536 
-0.0185975 0.0200662 0.00848866 
-0.0171985 0.00341635 0.07818310000000001 
-0.015 0.0124499 0.02778 
0.0210846 -0.0024524 0.0119497 
0.00565359 0.0114288 0.00594971 
-0.0352 -0.00779609 0.0295268 
-0.0316051 0.000716312 0.0483527 
-0.0250627 -0.0160479 0.0168306 
-0.0332052 -0.0157492 0.0198917 
0.0191165 -0.0159315 0.0119497 
-0.00902439 0.0237818 0.0213063 
-0.013219 -0.00417852 0.100595 
-0.0139407 0.000898854 0.102508 
-0.0212016 -0.00994753 0.0059497 
-0.0279597 0.0159537 0.0278895 
-0.0203714 -0.00789276 0.0702424 
0.00164597 -0.0225881 0.0236832 
-0.0352 0.0035257 0.0430973 
-0.0204413 -0.0126556 0.0441187 
-0.000915633 0.0204822 0.00594971 
0.0175394 -0.0171374 0.0119497 
-0.00584997 -0.0229594 0.0257037 
0.00310063 -0.0242182 0.0134923 
-0.011614 -0.0075519 0.0691039 
0.00336062 0.0277818 0.0117783 
0.00451566 0.01324 0.0119497 
-0.0328632 -0.00418351 0.026873 
0.00344304 0.000189122 0.00795681 
-0.0279404 -0.0159537 0.00928849 
-0.0170078 -0.0109343 0.0492734 
-0.00839846 -0.00738927 0.00537613 
-0.0277962 0.0159537 0.0173813 
0.00348898 0.00014413 0.00477206 
-0.0312815 0.0110817 0.0485013 
0.0120361 0.0224187 0.00594971 
-0.0167365 0.0052618 0.00594971 
0.025041 -0.0154506 0.00594971 
0.0136134 0.00338438 0.0119497 
-0.00489152 0.00772857 0.00657237 
-0.015 0.0139124 0.0201008 
-0.0161477 -0.0072358 0.00594971 
-0.0161046 0.0102039 0.0527368 
-0.015 0.00219567 0.012703 
-0.00190967 0.00547295 0.00394971 
-0.0182733 0.0139227 0.0414741 
0.0175413 -0.0145511 0.00594971 
-0.0182046 0.0203367 0.0346105 
0.0113911 0.00945443 0.0119497 
-0.0135004 -0.0018494  0.038 
 -0.01 0.0169849 0.0191015 
-0.0235625 0.00697132 0.07411 
-0.0165 0.00535404 0.0932574 
0.0298585 -0.0157246 0.009274320000000001 
-0.0247474 -0.00557592 0.0059497 
-0.0107137 0.0211155 0.00480416 
-0.0143496 -0.0174182 0.0259253 
0.0176319 -0.016061 0.0119497 
-0.0213225 0.013235 0.0428232 
-0.018577 0.00569454 0.0881731 
-0.0135118 0.0157818 0.00542832 
-0.015 0.00291776 0.0426807 
-0.0152302 0.022384 0.0335303 
-0.02341 -0.0148256 0.0399427 
0.00167222 0.00189935 0.00268248 
-0.0141758 0.0229921 0.008529810000000001 
-0.0164576 0.0215397 0.0274408 
-0.0134559 0.0232962 0.0287343 
-0.0122353 -0.00826406 0.0119497 
-0.0117527 -0.0174182 0.0287328 
-0.015 -0.00873181 0.0158807 
-0.0320276 -0.00432987 0.0221024 
-4.9305e-05 -0.0174182 0.02909 
-0.0222682 -0.00150321 0.0290719 
0.0214982 -0.00232765 0.0119497 
-0.010759 -0.0238635 0.0144948 
-0.0168102 -0.00725574 0.079571 
-0.0130242 0.00325866 0.102214 
-0.0318547 -0.0139612 0.00612601 
-0.0337428 -0.00379834 0.04811 
-0.0310141 0.00724849 0.0555501 
-0.0321048 -0.0159537 0.0338934 
0.0155395 0.0118895 0.0119497 
0.000509678 -0.0121544 0.0106593 
-0.00149907 0.0212927 0.0271296 
-0.015 0.00426093 0.0413795 
0.00211643 -0.019554 0.0369876 
-0.00712541 -0.0198481 0.0059497 
0.0259786 -0.0128072 0.00594971 
0.0173666 0.00286541 0.00594971 
0.0170014 0.0230206 0.00695665 
0.000881967 0.0177408 0.0207165 
-0.00855594 -0.0174182 0.0232859 
-0.00535748 0.00895602 0.0378593 
-0.0352 0.0065054 0.0198934 
-0.00244347 0.0157818 0.0149437 
-0.009900000000000001 -0.00493089 0.0927592 
-0.00537971 -0.0127577 0.0379204 
-0.0352 -0.0110861 0.0237832 
-0.0307422 -0.0159537 0.0268766 
-0.00253993 -0.0189234  0.038 
-0.0297277 0.00308944 0.0591412 
-0.0154807 0.0222125 0.0202342 
0.00293484 -0.0174182 0.0293792 
0.00695891 -0.00903369 0.00994971 
-0.0347789 -0.0133645 0.0394678 
-0.0340404 0.0151423 0.0084218 
0.00235968 -0.008150340000000001 0.000949707 
-0.015 -0.0119753 0.0122877 
-0.0279811 0.00469403 0.0263887 
-0.0133 3.09393e-05 0.0529227 
-0.00659759 -0.0228532 0.0244051 
-0.0250651 -0.00386022 0.0273528 
-0.0348918 0.008764030000000001 0.00762738 
-0.0129803 0.000273183 0.0910729 
-0.0180836 0.0204201 0.031402 
-0.015 0.009280389999999999 0.0290735 
-0.0207101 0.0101472 0.0530652 
-0.0226577 -0.0105933 0.0507227 
-0.009603179999999999 -0.0240268 0.00789783 
-0.0223792 0.000727417 0.0552102 
-0.00295765 0.0237818 0.0177306 
-0.0268328 0.000608074 0.0459152 
-0.0352 -0.00645271 0.0320549 
-0.0288141 -0.00584679 0.0616515 
0.0133222 0.0146126 0.00594971 
-0.00226889 -0.012063 0.0107737 
-0.0158999 -0.000412823 0.0971327 
-0.0103354 0.0098651  0.038 
-0.0341285 -0.0126242 0.0424856 
-0.015 -0.016159 0.0212047 
-0.0145756 0.019842 0.0137916 
-0.015 0.00121106 0.0298568 
0.0131408 -0.0122737 0.0119497 
-0.0266873 -0.0100057 0.0541354 
0.00344092 -0.00585345 0.000949707 
0.00818347 -0.00620017 0.00505232 
-0.0116238 -0.00648748 0.0841655 
-0.0235604 -0.00757319 0.0725838 
-0.009452250000000001 -0.0213072 0.0122106 
-0.0302592 0.00325471 0.0204496 
-0.0116 0.00351143 0.0750532 
-0.015 0.00505043 0.0206879 
-0.0142618 0.00807416 0.0733714 
-0.031621 -0.0156023 0.0385935 
-0.0191724 -0.0130848 0.0431569 
-0.0116 -0.00400225 0.0724634 
-0.0225766 -0.0177598 0.0335128 
-0.0116 0.00171194 0.070058 
-0.0173159 0.00414347 0.0781917 
-0.0116664 0.0150162 0.0119497 
-0.00477771 -0.008160850000000001 0.00521682 
-0.015 -0.005213 0.0413075 
0.00462613 0.0267179 0.0059497 
-0.015 0.00147243 0.0412202 
-0.015 -0.013158 0.0316783 
-0.02004 -0.00296638 0.0204307 
-0.00254227 -0.0162182 0.0166869 
0.0140659 -0.0106574 0.0119497 
-0.0330445 -0.00536024 0.0500285 
0.0120016 -0.00226584 0.0108849 
-0.0116 -0.000883028 0.0770569 
-0.010713 0.0205624 0.0131483 
-0.0196574 -0.0121683 0.045325 
-0.0118193 -0.00472106 0.00253729 
-0.0292693 -0.0049038 0.0604006 
0.0191399 -0.0194433 0.00594971 
-0.015 -0.00415073 0.0344297 
-0.0142789 0.00709628 0.086105 
-0.0194138 0.00165213 0.0874784 
-0.0147447 -0.008965870000000001 0.0623085 
-0.0246605 -0.00410966 0.0605656 
-0.0219222 0.017316 0.00749303 
-0.0222835 -0.0176361 0.0362375 
0.00998594 0.00641869 0.00484039 
-0.0160096 0.00188087 0.0968315 
-0.015 -0.00393391 0.0204944 
0.00615299 -0.0162182 0.0127957 
-0.015 0.00677108 0.0237277 
0.0083453 -0.008832049999999999 0.00441361 
0.000926687 0.0220554 0.00594971 
0.0125484 0.0193295 0.0119497 
-0.0110799 0.0157818 0.00588177 
0.0024751 0.001137 0.00128692 
-0.00621621 -0.007886799999999999 0.00478837 
-0.0076205 -0.0242182 0.0110791 
-0.0231518 -0.00212176 0.00594971 
-0.0162407 -0.009867310000000001 0.00594971 
-0.0120687 0.0103758 0.0119497 
-0.0343193 0.0149224 0.0174528 
-0.0345059 0.0142979 0.007868979999999999 
-0.007905590000000001 -0.0039165 0.0996206 
-0.0309337 0.01572 0.0383888 
-0.015 0.00573384 0.0411014 
-0.0308392 -0.00450217 0.0262155 
0.0293406 0.00449094 0.00707667 
0.0157913 0.00709887 0.0119497 
-0.0347504 0.00999654 0.0451846 
-0.0116 -0.00405766 0.0746657 
-0.0116 -0.006834 0.07602920000000001 
-0.00139286 0.0232712 0.0230798 
-0.0141279 -0.00917565 0.0366997 
-0.0352 0.00949002 0.0379793 
-0.0116 0.00495851 0.071813 
-0.029165 0.0159537 0.0166592 
-0.0237201 -0.000578624 0.066025 
-0.0107137 0.0189727 0.00401582 
0.0237851 0.0190597 0.00594971 
0.00754277 -0.014432 0.0119497 
-0.0352 -0.00389083 0.0408233 
-0.0274786 -0.00669243 0.0059497 
-0.0150203 0.0157818 0.00577195 
-0.0352 -0.00521347 0.0143412 
-0.015 0.008278000000000001 0.030993 
0.0277954 -0.009733790000000001 0.0118415 
-0.0151115 0.0030221 0.0989511 
0.0288227 0.0127779 0.0113289 
-0.0250382 0.0159537 0.0249099 
0.0114259 -0.0043899 0.00594971 
0.0109242 -0.00515781 0.00177949 
0.000214433 -0.0174182 0.0276531 
-0.0247754 0.00162322 0.0603007 
0.00126829 -0.0207182 0.0265026 
-0.0173993 0.00838852 0.0689558 
-0.0256195 0.00102868 0.0704283 
0.0191315 0.0150501 0.0119497 
-0.0247331 0.00698388 0.0604341 
-0.0192937 0.0195867 0.0162198 
-0.0352 -0.00841154 0.0296538 
0.009010809999999999 -0.00538997 0.00741086 
-0.0228339 0.0171489 0.0317345 
0.0258936 0.0216071 0.007890640000000001 
-0.0147802 -0.0185832 0.0059497 
0.0187439 0.0141994 0.0119497 
-0.009772940000000001 -0.0119425  0.038 
-0.0149408 -0.0174182 0.0243749 
-0.0194522 0.00827343 0.0704946 
-0.0327435 0.0158954 0.0195845 
-0.010286 -0.0134334 0.00594971 
-0.00249672 -0.0190119 0.022562 
0.000126273 -0.0241033 0.0296889 
-0.00653087 -0.0205191 0.0220006 
-0.0298542 -0.00579351 0.0587938 
-0.00539475 0.0230799 0.0316501 
-0.028713 -0.0113652 0.0476579 
-0.00309885 -0.00994129 0.00994971 
-0.0328972 0.0139134 0.0412911 
0.0134043 -0.0163671 0.00594971 
-0.014202 0.0226753 0.0129053 
-0.000530372 -0.016499 0.00594971 
0.0123933 -0.0187493 0.0166931 
-0.0351967 0.0125933 0.0276556 
-0.00973125 0.0195418 0.0379714 
-0.024983 -0.009438759999999999 0.0580238 
-0.00971554 0.00770783 0.0112519 
-0.0278625 -0.0104352 0.0514698 
0.0200692 0.0212963 0.0119046 
-0.0352 -0.00234937 0.0142391 
-0.0133 0.00418617 0.0543453 
-0.0263191 0.0159537 0.0103598 
-0.0144394 -0.0229772 0.0338914 
-0.0348082 0.0141671 0.0157211 
0.0299927 -0.000198258 0.00911589 
-0.01553 -0.008722189999999999 0.0649719 
0.00125102 0.0130505 0.00594971 
-0.01592 0.0107476 0.0500309 
-0.0149015 0.0217188 0.00676843 
-0.0309995 -0.000623645 0.0483406 
-0.0126804 0.00643605  0.038 
-0.0202961 -0.00248412 0.08505450000000001 
-0.0186317 -0.0204764 0.0230497 
0.00584623 0.00340676 0.00237884 
-0.0135641 -0.0195194 0.0059497 
-0.0264435 -0.00732836 0.0666349 
-0.0150369 0.0225074 0.0261092 
0.0155752 -0.0193774 0.00594971 
-0.0148542 0.0226228 0.023084 
-0.0275021 -0.00460725 0.0259311 
0.00314753 -0.0242182 0.0208173 
-0.0121146 -0.0174182 0.0198488 
0.0149032 0.0237611 0.00861746 
-0.0072384 -0.0242182 0.017821 
0.00404238 -0.0242182 0.0192772 
0.00355958 0.0277818 0.008533199999999999 
-0.0283566 0.0159537 0.0351512 
-0.00659511 0.00765873 0.0366997 
-0.00579079 -0.0174182 0.0208068 
-0.0206917 -0.0120642 0.0455949 
-0.0352 -0.00432428 0.04371 
-0.0212806 -0.0127962 0.0438037 
-0.0174325 -0.00704398 0.00594971 
-0.0178346 -0.00455143 0.0260966 
-0.0151622 -0.0216617 0.037153 
-0.00470978 0.0237818 0.0254478 
-0.0226131 -0.000401136 0.07868840000000001 
-0.015 0.009299989999999999 0.0219373 
0.0146978 -0.0210824 0.0124258 
0.003442 -0.0233529 0.0310481 
0.0205883 0.017009 0.0119497 
-0.00189213 -0.0120574 -4.62245e-05 
-0.0352 -0.00885797 0.0163619 
0.000220362 0.009211840000000001 0.000949706 
-0.0307526 0.0159537 0.0100256 
0.0273867 0.0202233 0.00789491 
-0.0240998 0.00441754 0.0746038 
-0.0167812 0.0188011 0.03785 
-0.0133 -0.00259883 0.0555832 
-0.0108342 0.0135452 0.00594971 
-0.0183729 -0.009313429999999999 0.058901 
-0.0147237 -0.000417622 0.09099740000000001 
-0.0149753 0.00892184 0.0627048 
-0.0178618 -0.0145548 0.0404089 
-0.0116789 0.00776343 0.06928239999999999 
-0.0347568 0.0142729 0.0338493 
-0.0134475 0.0181623 0.036411 
-0.0107856 -0.00645074 0.0111642 
0.00740563 0.00293761 0.009780290000000001 
0.009349690000000001 0.00728752 0.00115886 
-0.0133006 -0.00775142 0.0647023 
-0.0219782 -0.00070968 0.0762837 
-0.0352 0.0102611 0.0330271 
-0.00188615 0.0176818 0.0258722 
-0.0133 0.00418453 0.051064 
-0.0152841 0.0223478 0.0206428 
-0.0302599 0.0016886 0.057679 
-0.0150462 -0.009720670000000001 0.00594971 
0.0204189 0.0053338 0.00594971 
-0.0295328 0.0159537 0.0219221 
-0.00666463 -0.015416 0.0366997 
-0.0114673 0.0197936 0.0379256 
-0.0120055 -0.0162182 0.034492 
-0.015 0.00707305 0.0407426 
-0.00159273 -0.00607943 0.00512844 
0.000535967 0.00659701 0.000949706 
-0.0317704 -0.00259387 0.0535291 
0.0201841 -0.0225543 0.01163 
-0.0156324 0.00256676 0.0050099 
-0.0260036 -0.0159537 0.0283622 
0.0252085 -0.0227102 0.00854805 
-0.015 -0.0169336 0.0201222 
-0.0166866 -0.00325694 0.07947609999999999 
-0.0197242 -0.0197241 0.0109502 
-0.00675958 0.0176818 0.0299861 
-0.00576155 -0.0022807 0.009858280000000001 
-0.00768528 0.00765123 0.00220747 
0.0220163 -0.0157528 0.00594971 
-0.007900000000000001 -0.00046543 0.0960794 
-0.0135005 -0.00102665 0.0366997 
-0.00231061 0.0224378 0.0280236 
-0.0130097 -0.0162182 0.0326733 
0.0257011 -0.0036781 0.00594971 
-0.0352 -0.0007686289999999999 0.043235 
-0.015 0.0109078 0.0331666 
-0.009263489999999999 0.0176818 0.0328649 
-0.0323438 -0.00304313 0.00595536 
-0.015 -0.00412552 0.0159396 
0.00480192 -0.0186781 0.0266004 
-0.00927498 0.00369947 0.0366997 
-0.0171526 -0.00390788 0.079681 
-0.0146159 0.0227629 0.0319201 
-0.0124032 0.0157818 0.0050284 
-0.0292988 0.0022491 0.0288791 
0.0168925 -0.007902950000000001 0.00594971 
-0.0116 0.00514724 0.07906000000000001 
-0.0314651 0.0015807 0.0059497 
0.00104687 -0.0242182 0.0119919 
-0.0352 0.00617571 0.0437962 
-0.00785026 0.00396676 0.00699125 
-0.0140458 0.0121682  0.038 
-0.0106654 -0.00253641 0.104144 
-0.0352 0.00687091 0.0272978 
0.0192316 0.0013613 0.00594971 
-0.0232103 -0.00583455 0.0766211 
-0.0283536 -0.00405709 0.06291670000000001 
-0.013185 -0.00452335 0.0119497 
-0.0352 0.00989489 0.0376536 
-0.015 -0.0169768 0.0257605 
0.0279224 0.0164921 0.00628848 
-0.0221771 -0.00330227 0.00594971 
-0.0206544 -0.00035189 0.0661206 
-0.0109588 -0.0242135 0.0251372 
-0.015 0.0145408 0.0175386 
-0.0325831 0.00737316 0.0512961 
-0.0125391 0.000696581 0.0366997 
-0.0169101 -0.00402125 0.0796227 
-0.00206375 0.00408798 0.000949706 
-0.015 0.008889299999999999 0.0455377 
-0.0169363 0.009722059999999999 0.0558833 
-0.015 0.00551985 0.0252911 
-0.0324054 -0.00317156 0.0517843 
0.0147731 0.00846244 0.00594971 
0.0194463 0.0129832 0.00594971 
-0.0148026 -0.0174182 0.0307171 
-0.000627304 -0.0121914 0.000905747 
-0.034165 -0.00805286 0.00668415 
-0.00451928 -0.0199772 0.0273055 
-0.00151438 0.00201498 0.00186777 
-0.01197 -0.007930329999999999 0.07237929999999999 
-0.0339552 0.010957 0.0458389 
-0.0101279 0.00647376 0.088639 
-0.0185117 -0.0100397 0.0539344 
0.0069768 0.0208117 0.0119497 
-0.0245469 -0.00883165 0.0635708 
0.000773125 0.011756 0.00218345 
-0.0241088 0.013605 0.0420876 
0.008567480000000001 -0.00223341 0.000949706 
-0.0234026 -0.00143408 0.0605611 
0.00218705 0.0176818 0.0160886 
0.000870745 0.0176818 0.0199746 
-0.0352 -0.009551850000000001 0.0180027 
-0.0133867 0.016043 0.0147157 
-0.008873030000000001 -0.00246601 0.0366997 
0.0283316 -0.0138969 0.0116354 
0.0250013 0.0140861 0.0119497 
-0.0106257 0.000252254 0.0940806 
-0.00269215 0.011467 0.00432495 
-0.0204533 -0.00418125 0.0846225 
-0.0352 0.000188828 0.0148883 
0.00276729 -0.0237513 0.0307092 
-0.0160859 -0.000640722 0.0394951 
-0.0274226 0.0110214 0.0489304 
0.00738492 0.016282 0.00594971 
-0.015 0.00453447 0.0434823 
0.00391598 -0.0189476 0.00594971 
-0.00948338 -0.0242182 0.0118651 
-0.0294122 -0.007868170000000001 0.0589296 
-0.0352 0.00691576 0.0331954 
-0.00294098 0.000208711 0.000949706 
-0.0166368 -0.008599229999999999 0.0664182 
-0.00621756 0.0222509 0.0345436 
-0.012442 0.016681 0.0150868 
0.00346781 -0.0113191 -5.02935e-05 
-0.0259761 0.0159537 0.0169154 
-0.0127697 -0.008005480000000001 0.074175 
-0.015 -0.00815564 0.0380643 
-0.0262385 0.0109555 0.0059497 
-0.0192824 0.000103894 0.0869904 
-0.00574919 -0.0162182 0.0164742 
-0.0352 0.00523566 0.0349196 
0.0249768 -0.0153551 0.0119497 
0.00201456 0.0269622 0.00753863 
-0.015 -0.0103475 0.0322804 
-0.00357491 0.0210509 0.0325002 
-0.0140825 -0.0234709 0.0124584 
-0.0281582 0.0047619 0.0634535 
-0.0116752 -0.00712346 0.07795009999999999 
-0.0246183 -0.0119788 0.0458162 
-0.009606780000000001 0.0157818 0.0142985 
-0.00674967 0.0211363 0.037234 
-0.000249668 0.00579239 0.00994971 
0.00565857 -0.0162182 0.0158307 
-0.00844569 0.00690659 0.0028573 
0.0223957 0.00722754 0.00594971 
0.00451887 -0.0102438 -5.02936e-05 
-0.00500036 0.0189019 0.00594971 
-0.0151789 9.7518e-05 0.0046015 
-0.00770543 -0.0176378 0.026021 
-0.014593 0.0152336  0.038 
-0.0287884 0.00189421 0.0059497 
-0.0116 0.00463341 0.06962409999999999 
-0.00127422 0.0176449 0.00594971 
-0.0133 -0.00562776 0.0467509 
-0.0196339 -0.00762178 0.0794556 
-0.0281046 -0.00923095 0.0503527 
-0.0112912 0.0116703  0.038 
-0.00212515 -0.0162182 0.0122299 
-0.0226898 0.0172481 0.0301245 
-0.02786 -0.00271827 0.0202426 
0.0185464 -0.009056079999999999 0.00594971 
-0.00547639 0.00768441 0.00522204 
-0.0325665 -0.0159257 0.0354328 
-0.022979 -0.00559351 0.00594971 
-0.015 0.0085945 0.0178734 
-0.0244271 -0.0164855 0.0243163 
-0.0338182 0.00477883 0.0225155 
-0.0346067 -0.012243 0.0421158 
-0.0310215 0.000383442 0.0059497 
-0.00870634 -0.0118358 0.0119497 
-0.0157241 -0.0069875 0.0874183 
-0.00788956 0.018831  0.038 
-0.0315363 -0.0159537 0.009144609999999999 
-0.0215188 0.00052728 0.0816952 
-0.0123116 0.00842599 0.0680086 
-0.0028759 0.0114242 0.00341527 
-0.0349318 -0.0121048 0.0411599 
0.0271413 -0.0198594 0.0110829 
-0.00731426 0.0237818 0.0144138 
0.00252828 -0.0155281 0.0119497 
0.0119889 -0.000194308 0.00186482 
-0.00713119 0.00678751 0.009406889999999999 
-0.0268363 -0.0101053 0.0534516 
-0.00440159 -0.0242136 0.00882544 
-0.0344851 -0.0101559 0.0456661 
-0.001273 0.023348 0.0223981 
-0.0108175 0.0131093 0.00594971 
-0.0301085 0.00353171 0.0059497 
-0.0163582 -0.00452491 0.0948239 
-0.0147718 -0.020293 0.00602512 
-0.0184823 -0.00728747 0.0832543 
-0.00220872 -0.0228596 0.0343303 
0.00116983 0.00221312 0.006026 
0.00311657 -0.0179653 0.00594971 
-0.015 0.0101791 0.0181975 
-0.0191471 0.000472077 0.0396885 
-0.0177501 0.00584671 0.0794459 
0.00370942 -0.0016126 0.00994971 
-0.0143421 -0.00510738  0.038 
0.00674859 -0.0174182 0.0218444 
-0.0116 -0.00440467 0.0844389 
0.00811953 0.0104528 0.00594971 
-0.0201718 -0.00782339 0.07695349999999999 
0.009009039999999999 0.00157907 0.00994971 
0.00315252 -0.0162182 0.0159677 
-0.0231495 0.00227938 0.07721459999999999 
0.0192771 0.00736127 0.00594971 
0.0213227 0.018893 0.0119497 
0.0254949 -0.0195217 0.0118774 
-0.0135808 0.017573 0.0344081 
-0.00265959 0.0237818 0.0141796 
-0.00197031 -0.0225537 0.0354722 
-0.0145088 0.0190365 0.0146904 
-0.00787909 -0.00580212 0.00479203 
-0.00425074 -0.000143165 0.000949706 
-0.0194902 0.000161112 0.039838 
0.00249652 -0.0201038 0.0214651 
-0.0133 0.00696448 0.0530024 
0.0012747 -0.0189836 0.0265292 
0.0188212 0.00313671 0.00594971 
-0.015 -0.00432848 0.0415631 
-0.00234399 0.0115488 0.00180589 
-0.0133 -0.00726544 0.0575274 
-0.0254346 0.0159537 0.009978239999999999 
-0.009150429999999999 0.0235739 0.0300358 
0.0292438 0.0108257 0.0109374 
-0.0155316 -0.000705913 0.0419993 
-0.0214079 0.0181309 0.0259746 
-0.008685790000000001 -0.0234137 0.0322626 
-0.0133 0.00498947 0.0617424 
-0.0312139 0.00638153 0.055058 
-0.0164805 -0.008434179999999999 0.0683359 
-0.00483675 0.0237818 0.0215119 
0.00375224 0.0174726 0.0128305 
-0.00566074 -0.0183742 0.00594971 
0.0185723 0.0033198 0.0119497 
-0.0250628 0.0101528 0.0530035 
0.0151168 -0.0165271 0.00594971 
0.0212803 -0.0177366 0.0119497 
-0.0220238 -0.00301768 0.0282294 
-0.0253662 -0.00135336 0.0711243 
-0.0141836 -0.00894123 0.0624162 
0.00349725 -0.0174182 0.0204939 
-0.00483868 0.00173642 0.0052905 
-0.0154164 -0.00339678 0.09801360000000001 
-0.0146908 0.0157818 0.029569 
-0.0352 -0.00906686 0.043695 
-0.0352 -0.00908114 0.0360217 
-0.0352 0.0046312 0.0425345 
-0.0137581 0.00997401 0.0531251 
-0.0191862 0.00670173 0.08451549999999999 
-0.0255557 -0.00978268 0.0556686 
-0.0286087 -0.0159537 0.0220775 
0.0151246 -0.0229121 0.0114255 
-0.0174183 0.00724452 0.08446289999999999 
-0.00517345 -0.008157660000000001 0.00592262 
-0.0192877 -0.00588873 0.00594971 
-0.0167954 0.008680429999999999 0.0652826 
-0.0256932 -0.00401189 0.0271424 
0.0272291 0.0171427 0.00611376 
-0.0119288 -0.0241196 0.0104929 
-0.0133 -0.00348657 0.0564357 
-0.00153161 0.0176818 0.0208819 
-0.0138176 0.00277155 0.0033758 
-0.0116 0.000397452 0.07171370000000001 
-0.0186866 0.00470259 0.0223314 
0.00754588 0.00525623 0.00394971 
-0.023432 -0.00566928 0.00594971 
-0.03275 -0.015893 0.0248228 
-0.0352 0.00780196 0.0118371 
0.00322483 0.0165985 0.00594971 
-0.0108055 -0.0242173 0.0263553 
-0.015 -0.00540716 0.0339147 
-0.00158261 -0.0120472 0.0106528 
-0.0154129 0.00057696 0.00481218 
-0.0207829 -0.018995 0.018054 
0.0138501 -0.0228955 0.00646457 
0.0128842 0.0190999 0.00594971 
-0.0247804 0.00870988 0.0599991 
-0.0208091 0.00017157 0.0193514 
0.00172928 -0.0174182 0.0269863 
-0.0237984 0.00494322 0.0059497 
0.0294629 -0.00287027 0.0106619 
0.0187188 0.0107461 0.0119497 
-0.00394006 -0.0174548 0.0269711 
-0.0133 -0.000806364 0.0523579 
-0.0225482 -0.0006568980000000001 0.0763636 
-0.00343456 0.00548717 0.00302071 
-0.0242426 0.009033070000000001 0.0613914 
-0.015 -0.00968128 0.0248858 
-0.015 -0.01185 0.0289145 
0.0044669 -0.0216453 0.0316039 
-0.0329153 -0.0149426 0.0395272 
-0.00695852 0.00250691 0.008040810000000001 
-0.0244627 -0.00746374 0.0607608 
-0.015 -0.00356836 0.0165407 
0.0119767 0.000438776 0.00219887 
-0.00570902 -0.0143015 0.00594971 
-0.00799362 -0.0162182 0.032396 
-0.0231841 -0.0173415 0.0293884 
-0.015 -0.009286239999999999 0.0153143 
0.00112733 -0.021624 0.0367513 
-0.0131611 -0.023826 0.0114587 
-0.0292464 -0.0122134 0.0059497 
-0.013037 -0.00470213 0.09967769999999999 
-0.0241536 0.00310737 0.0203366 
-0.0352 0.0112538 0.0298109 
-0.0161743 -0.0180309 0.0059497 
-0.0342299 -0.0125818 0.042372 
0.00320535 -0.0232299 0.0315261 
-0.0208751 -0.0177076 0.03724 
-0.0139484 6.95685e-05 0.07441209999999999 
-0.0167043 -0.00481645 0.0937172 
-0.0218818 0.0173843 0.0363982 
-0.00644171 -0.0237236 0.0311062 
0.0255597 0.00570281 0.0119497 
0.008937550000000001 -0.00890062 0.0111741 
-0.00770034 0.0223696 0.0345303 
-0.0352 0.00515789 0.0430936 
0.0172718 -0.00955513 0.0119497 
-0.0250241 -0.014408 0.0406388 
-0.00971022 0.0154357 0.0366997 
-0.00333624 -0.00100801 0.000949706 
-0.0137688 0.00478429 0.08907950000000001 
-0.0211098 -0.00400389 0.0828187 
-0.0188963 0.0196601 0.035979 
0.0293948 -0.00173018 0.00714736 
-0.0248634 0.014445 0.00634743 
0.0293686 0.00639467 0.0107862 
0.0144918 0.0174282 0.0119497 
-0.0170415 -0.00762034 0.0799134 
-0.0345737 0.0133224 0.0401341 
-0.0352 0.00760618 0.0109874 
-0.015 -0.0148065 0.0253632 
-0.0130505 0.00735613 0.08311300000000001 
-0.0188161 0.000742062 0.053995 
0.008387540000000001 0.00363594 0.00994971 
-0.025682 0.0125435 0.0059497 
0.0186411 -0.020042 0.00594971 
-0.0209986 0.000471037 0.076804 
-0.00361963 0.00379466 0.00180547 
-0.00181107 -0.00221745 0.00367549 
-0.0133 0.0067134 0.063823 
-0.015 0.009578679999999999 0.0137606 
-0.0130939 0.016022 0.0149687 
-0.00749791 0.00630977 0.00542266 
0.0281949 0.00251914 0.00620056 
-0.0352 0.009663049999999999 0.0240012 
-0.015 -0.00320539 0.031843 
-0.0113255 0.0160508 0.0344482 
0.000115907 -0.0174182 0.029962 
0.0180044 0.0101661 0.0119497 
-0.0136445 0.00824917 0.0709447 
-0.015 0.00805471 0.0256793 
0.0107783 -0.0179948 0.00594971 
0.0217766 -0.022885 0.00659472 
-0.0339465 0.0152938 0.0258743 
-0.0233194 -0.0172483 0.0139614 
-0.0114586 -0.0191093  0.038 
-0.00613763 -0.0160598 0.0368152 
-0.0160053 -0.00914968 0.0603565 
-0.0224381 0.0174214 0.009090030000000001 
-0.0253883 0.0159537 0.0240781 
0.0115389 -0.013164 0.00594971 
0.0066513 -0.0162182 0.0156449 
-0.00583162 -0.00162192 0.0371213 
-0.00736621 -0.0199895 0.0154949 
-0.0186305 -0.008706149999999999 0.06531969999999999 
-0.0197013 -0.009765090000000001 0.0558121 
0.00171083 -0.0080797 0.00994971 
0.0218143 0.00057284 0.00594971 
0.0241208 -0.0191324 0.0119497 
-0.0126048 -0.00869661 0.0119497 
0.00299128 0.0225674 0.0131958 
-0.0352 0.00978888 0.0145697 
-0.0262089 0.0159537 0.0183972 
-0.0175281 0.00369626 0.07960879999999999 
0.0175193 0.00849812 0.00594971 
0.0229619 0.00633518 0.0119497 
0.0253169 -0.00574671 0.00594971 
-0.009560229999999999 -0.00657424 0.00594971 
0.0003 -0.0189308 0.0234672 
-0.0167259 0.00182035 0.00594971 
-0.0136777 -0.00565928 0.0890719 
-0.0234354 -0.0171685 0.0295735 
-0.0342383 -0.0150155 0.0245344 
-0.0174005 0.00202679 0.0782094 
-0.015 0.0113394 0.0173166 
-0.010764 0.0237803 0.0104314 
0.00204784 0.00397309 0.008947200000000001 
0.00277606 0.0242505 0.0119497 
-0.0352 -0.0073416 0.0106965 
-0.0207859 0.00186611 0.00594971 
-0.0325051 -0.00953771 0.0500873 
-0.0266017 0.00911197 0.0505367 
-0.000612711 0.0210077 0.0247966 
-0.019855 -0.000709878 0.06486989999999999 
-0.00227834 -0.0162182 0.0370832 
0.00572438 -0.0174182 0.021475 
-0.009359889999999999 0.0173109 0.0335497 
0.0180831 0.0236604 0.008112390000000001 
-0.00244456 0.00519704 0.00394971 
0.020255 0.00374494 0.0119497 
0.00255637 -0.0119338 0.00493718 
-0.0137216 0.0157818 0.0144543 
-0.015 0.00918217 0.0238436 
0.0241044 -0.0114031 0.0119497 
-0.0133 -0.0058635 0.0622041 
-0.0223791 -0.009023079999999999 0.0616629 
-0.0335572 -0.000753057 0.00627622 
-0.0103674 -0.0162182 0.0341056 
-0.0055173 -0.00328586 0.00394971 
0.00628404 0.008920930000000001 -5.02936e-05 
0.000762044 0.0117562 0.000280157 
-0.0224028 0.0174458 0.0270513 
-0.0206496 -0.00188407 0.0840832 
0.0173452 0.00800763 0.0119497 
-0.0189675 0.0153314 0.0390355 
-0.0197544 -0.0007471790000000001 0.0650202 
-0.0266824 -0.0159537 0.0273668 
0.0221787 0.014641 0.0119497 
-0.0133 -0.00429378 0.0640617 
-0.009900000000000001 0.000897024 0.08689520000000001 
-0.0116174 -0.00641374 0.08475340000000001 
-0.0297036 0.0159537 0.00901062 
-0.0352 -0.00547724 0.0324519 
-0.0255627 -0.0159537 0.0330253 
0.0206133 0.0127507 0.00594971 
0.0258395 0.00591419 0.00594971 
-0.0262536 0.013424 0.0424567 
-0.00187911 0.0199252 0.0283025 
0.0112268 0.00126413 0.0100421 
-0.0199283 -0.00227005 0.0691671 
0.0290574 -0.008983329999999999 0.00676984 
-0.0059676 -0.0162182 0.0151984 
-0.0101081 0.0157818 0.027318 
-0.0172625 0.014721 0.0400513 
-0.0150732 -0.022916 0.0213045 
0.00770568 -0.0241831 0.0199843 
0.00107569 -0.0242182 0.0221981 
0.009441410000000001 0.0019665 0.000949706 
-0.0160404 -0.00082648 0.00537724 
-0.0199902 0.0107712 0.0499335 
-0.015 0.0127647 0.02244 
-0.015 -0.00615446 0.0132527 
0.0025104 -0.0163747 0.0361471 
-0.00193365 0.00166473 0.00448749 
-0.015 0.0148942 0.0356213 
-0.0273829 0.0159537 0.0186199 
-0.0348147 -0.0141581 0.0251995 
0.0212139 0.00349163 0.0119497 
0.0197579 0.0110936 0.00594971 
0.0100784 -0.0174182 0.0208313 
-0.00765346 0.0237818 0.0220158 
-0.026511 -0.00160182 0.067979 
0.028774 0.007937410000000001 0.00653312 
-0.01435 -0.00814222 0.072403 
-0.0225352 0.0173546 0.0312805 
-0.016082 0.007948169999999999 0.00594971 
-0.0229177 0.00279484 0.028576 
-0.015 -0.0115239 0.0243706 
-0.0114648 -0.00100929 0.0366997 
-0.0100633 0.00515575 0.09862219999999999 
-0.0129027 -0.0239064 0.0206582 
-0.0278224 0.00509713 0.0514004 
-0.000290415 -0.0242182 0.019064 
-0.0128483 0.0198197 0.00264971 
-0.0338705 -0.0134107 0.0413516 
-0.00307237 -0.01699 0.0313497 
-0.00288884 -0.0174986 0.0263641 
-0.034708 -0.014361 0.0182429 
-0.008245199999999999 -0.0219508 0.0368273 
0.00569527 -0.0231284 0.0278854 
-0.0222274 -0.0171779 0.00705323 
-0.0107434 6.2099e-07 0.0937574 
-0.0210009 -0.00331606 0.0279656 
-0.0320401 -0.00330572 0.0207243 
-0.009396730000000001 0.0237818 0.0156878 
-0.0245616 -0.0163929 0.0176136 
-0.015 0.000178451 0.0322792 
-0.00964667 -0.009452149999999999 0.00594971 
-0.00466259 -0.020021 0.0059497 
-0.0141707 -0.00861519 0.06596589999999999 
0.00772502 0.00325038 0.00491295 
-0.0116 -0.00148338 0.0663234 
-0.015 0.00740727 0.0283117 
0.00637366 0.0225307 0.00594971 
-0.015 -0.0056466 0.0353438 
-0.0116 0.00453346 0.07911120000000001 
-0.0124301 0.0235926 0.009127 
-0.0196578 -0.012842 0.0437011 
-0.015 0.000832983 0.0435682 
-0.0345593 0.0146061 0.020812 
-0.015 -0.00605246 0.023817 
-0.00601883 -0.007969769999999999 0.00736821 
0.0135892 0.00304973 0.00594971 
0.0195733 -0.00673118 0.0119497 
0.0153178 0.0233234 0.0105383 
-0.009349069999999999 -0.00505646 0.09897 
0.00900424 -0.023145 0.0215177 
-0.0275628 -0.00428517 0.0059497 
-0.0107281 -0.0203433 0.0340704 
0.0225212 0.0107418 0.00594971 
-0.0302645 -0.000646393 0.0480351 
-0.0123225 0.00428463 0.00367428 
-0.0278767 0.0159537 0.0109071 
-0.0236017 -0.00467967 0.022998 
-0.00523881 -0.00815367 0.00714391 
-0.0247244 0.00746192 0.07032339999999999 
-0.0309205 -0.0139754 0.0413507 
0.00153547 0.0217073 0.00594971 
0.000833826 0.0204356 0.0208488 
-0.0352 -0.00623283 0.0320128 
-0.0276472 0.0159537 0.0369618 
-0.0118787 0.0193643 0.00264971 
0.0203939 -0.0217451 0.0118996 
-0.0352 0.00722355 0.0363895 
-0.0207435 0.0185884 0.0258216 
-0.0116 -0.00492309 0.0795539 
0.0100481 0.0223897 0.00594971 
0.00355926 -0.000511742 0.00650728 
-0.032071 0.000243201 0.0475337 
-0.0206979 -0.00741199 0.0789921 
0.0196596 -0.00764713 0.00594971 
-0.0187262 -0.00467683 0.0257104 
-0.00129721 -0.0121466 0.00527601 
0.0271641 -0.0198026 0.011098 
-0.00583845 -0.009896220000000001 0.00465624 
0.0123096 -0.0152225 0.0119497 
0.029795 -0.0161897 0.008927559999999999 
-0.0180371 0.0204521 0.0344165 
0.00423535 0.0109979 0.004137 
-0.0022 -0.0175602 0.0250384 
-0.00495751 0.0226519 0.0323883 
-0.0180362 0.00820247 0.07151739999999999 
0.00418865 -0.023222 0.00671849 
-0.0288019 -0.0159537 0.0357763 
0.000303026 0.0237818 0.0123167 
-0.0267895 -0.000197072 0.0503528 
-0.000783696 -0.0174182 0.0269216 
0.00764649 -0.009455099999999999 0.00534298 
-0.00561542 0.0176818 0.0164905 
-0.00546962 0.0176818 0.0248487 
-0.015 -0.013042 0.0401433 
-0.0332976 0.00491377 0.0257949 
0.0263511 -0.00701911 0.0119497 
-0.0171355 0.00574834 0.07818609999999999 
-0.0269086 -0.0159537 0.0180572 
-0.0008367719999999999 -0.00499678 0.00907819 
-0.0146475 0.0127176 0.0119497 
-0.015 -0.0133558 0.0237783 
-0.0266086 -0.008205499999999999 0.0643073 
-0.0185684 0.00745693 0.08195769999999999 
-0.0133 0.000388407 0.0474114 
-0.0124809 -0.0175969 0.0059497 
-0.0161738 -0.000749298 0.0425193 
0.0106967 -0.00273355 0.00994971 
-0.0165087 -0.0219383 0.0215558 
-0.0352 -0.00947132 0.0222452 
-0.00611277 -0.00407098 0.00368907 
0.00857493 -0.00210722 0.00994971 
-0.0102843 -0.00554247 0.00114499 
-0.0349946 -0.00358359 0.0446705 
-0.00792939 0.0142935 0.00594971 
0.00602193 0.0221938 0.00594971 
-0.00112534 0.0163537 0.00594971 
0.00608914 0.00805025 -5.02935e-05 
0.0225625 -0.0129636 0.0119497 
-0.0116 -0.000940134 0.08012089999999999 
0.00307345 -0.0242182 0.0265391 
-0.015 0.00620722 0.0129288 
-0.00600541 0.0107072  0.038 
-0.0138946 -0.0211345 0.0375602 
-0.00345576 -0.00163073 0.000949706 
-0.0169415 -0.0216403 0.009830739999999999 
0.00715722 0.0274946 0.0119497 
-0.0226322 -0.017158 0.0366022 
-0.0328431 -0.009865519999999999 0.0490671 
-0.0199398 -0.00225389 0.08603329999999999 
-0.007945799999999999 0.00514667 0.0366997 
0.00188405 -0.0235657 0.00708243 
-0.0228881 -0.0007341510000000001 0.0557477 
0.027308 -0.0107818 0.0119322 
-0.0224332 -0.009759800000000001 0.0558376 
-0.015 -0.00700004 0.0249238 
0.00507017 -0.00816273 0.00635215 
0.013196 -0.008140639999999999 0.0119497 
0.0299342 0.00686791 0.009561689999999999 
-0.0131617 -0.0174182 0.0254483 
-0.0181836 0.0125921 0.0442639 
-0.0204937 -0.00756748 0.00594971 
-0.0132373 0.00823491 0.0711487 
-0.0101181 0.0237818 0.025441 
-0.0202869 0.0136642 0.0419709 
-0.0330176 -0.0158193 0.009305320000000001 
-0.0116 0.00322645 0.08131529999999999 
-0.0209649 -0.00473712 0.0232328 
-0.0158196 0.00514201 0.00594971 
-0.0107885 0.0183813 0.0356251 
-0.0131879 -0.0208596 0.0377107 
0.00384985 0.0196018 0.0125624 
0.00217036 0.00585336 0.008003949999999999 
-0.0119588 0.00191233 0.0657203 
-0.008192130000000001 0.000435561 0.105032 
0.0291016 0.00156941 0.0110891 
-0.00676072 0.00213512 0.0366997 
-0.0267153 0.0137266 0.00605164 
-0.0129658 -0.0238894 0.0271966 
-0.0165146 0.00146749 0.0793083 
0.0171898 0.0181595 0.0119497 
0.00505347 0.0270504 0.00772529 
0.0241426 -0.00699622 0.0119497 
-0.019174 -0.00724527 0.0825158 
-0.0136179 0.00676033 0.08947380000000001 
-0.016037 -0.009212969999999999 0.0596404 
-0.0133 -0.00424408 0.0564011 
-0.011406 -0.0190931  0.038 
0.0062659 0.0074247 0.00513514 
-0.0231512 -0.0173642 0.0165081 
0.0249423 0.0219532 0.00738413 
-0.0307808 -0.0159537 0.0279438 
-0.008167539999999999 0.00540274 0.0961548 
-0.0179474 -0.00932213 0.0588418 
-0.0120979 -0.0161904 0.0366997 
-0.0213519 -0.0186032 0.0295106 
0.0109221 0.018264 0.00594971 
-0.0349314 -0.00274334 0.0448443 
-0.0132135 0.0179818 0.015942 
-0.00754921 0.0234898 0.0303499 
-0.0316947 -0.00452264 0.053737 
-0.030485 -0.0159537 0.00973187 
-0.0342057 -0.00288123 0.0203653 
-0.012318 0.000716043 0.0940727 
-0.0218055 0.0178571 0.0155364 
-0.00612743 -0.00206738 0.0368254 
0.0104701 -0.0240968 0.015686 
-0.00510975 0.00715365 0.00394971 
-0.0161224 -0.0153967 0.0389593 
-0.0352 0.00826499 0.0231406 
-0.0131838 0.0233889 0.020507 
0.0137022 -0.00321444 0.0119497 
-0.0267578 -0.00649178 0.0669201 
-0.015 -0.009305519999999999 0.0142873 
-0.00519965 0.0215908 0.00606162 
-0.00517008 0.0124114 0.0119497 
-0.0116144 0.0179818 0.0328624 
-0.0137247 -0.00804762 0.0737371 
-0.015 0.0134548 0.0162829 
0.00669854 -0.0242007 0.0216393 
-0.0163687 -0.00912058 0.0606784 
0.0284651 -0.0194786 0.00858737 
0.00424372 -0.0225999 0.0254678 
-0.0183309 0.00870401 0.0650734 
0.0229774 0.0154228 0.00594971 
0.00850921 -0.0213788 0.0239388 
-0.0151711 0.0009985059999999999 0.00459449 
-0.009900000000000001 -0.0033403 0.09329510000000001 
-0.0230562 0.00426845 0.0271534 
-0.0172853 -0.00250127 0.09332650000000001 
-0.00591946 -0.0162182 0.0321321 
-0.0172251 0.0199737 0.0370949 
-0.0143392 -0.00348289 0.00384547 
-0.00836221 -0.0174182 0.017473 
0.0181518 -0.0185506 0.0119497 
-0.00901479 -0.00292046 0.0366997 
0.0180424 0.00554865 0.0119497 
-0.0116 0.00122357 0.07956149999999999 
-0.0177516 -0.0210824 0.0341681 
-0.0259553 -0.000689619 0.0676578 
0.0150057 0.008875279999999999 0.00594971 
-0.0278451 -0.0159537 0.0128905 
-0.015 -0.010251 0.0315536 
-0.00837221 0.0221583 0.0353189 
-0.0317185 0.0159537 0.0295366 
-0.0115363 0.0178415 0.0137417 
0.0166393 0.00783125 0.0119497 
-0.0153189 -0.0227576 0.0326356 
0.00312196 -0.00754331 0.00719806 
-0.0259999 0.0129608 0.00594998 
-0.012976 0.00677981 0.0893057 
0.0237551 0.00771814 0.0119497 
-0.0229024 -0.000434507 0.0778937 
-0.010937 0.0202031 0.0357705 
-0.0179691 -0.0209326 0.0115539 
-0.015 0.00686263 0.0320595 
0.0297818 -0.0063244 0.0100659 
0.0212574 0.0162318 0.0119497 
0.0282519 0.00732439 0.00622417 
0.0145915 0.0159639 0.0119497 
-0.0138038 0.008551970000000001 0.0668087 
-0.015 -0.014214 0.0181218 
-0.0323269 -0.0152103 0.00699225 
0.0296198 0.00987946 0.010408 
-0.0113272 -0.024192 0.0166459 
-0.00419494 0.0176818 0.0302284 
0.00961268 0.013275 0.00594971 
-0.0212894 0.00173373 0.0698797 
0.010846 -0.00532847 0.00110716 
0.0266127 -0.0194352 0.0115842 
0.027053 -0.0180323 0.0117692 
-0.00689371 -0.00588257 0.000949706 
-0.0244223 0.00379258 0.0059497 
0.0239641 -0.008191810000000001 0.0119497 
-0.0264994 0.0159537 0.0304855 
-0.0116 0.00402999 0.0708501 
-0.0156884 -0.00715641 0.08557579999999999 
-0.0232355 -0.000141042 0.0762143 
-0.00299302 -0.0118295 0.00238204 
-0.0268435 0.00113091 0.0511844 
-0.0177833 0.0031864 0.0919582 
0.00748475 0.00301509 0.00608036 
0.0109519 0.00466093 0.0050851 
-0.015 0.00310078 0.0293877 
0.0108188 -0.00538762 0.00573528 
-0.0346274 -0.00884568 0.00718924 
-0.0352 -0.0073648 0.0361551 
-0.008211950000000001 0.00713549 0.00386072 
0.0213463 -0.0160545 0.0119497 
-0.010618 -0.0242182 0.0221136 
-0.0189854 -0.009831360000000001 0.00594971 
-0.020724 0.000652174 0.0394762 
0.0296991 0.00620351 0.0102556 
0.00456673 -0.0205159 0.0316639 
-0.00808274 0.00394483 0.100932 
-0.00375863 0.0155017 0.00594971 
-0.0252226 0.00891637 0.0627277 
-0.0241383 0.00244913 0.07449799999999999 
-0.0324044 0.009957809999999999 0.049642 
0.0265169 0.0184536 0.00612931 
-0.0280375 -0.00380342 0.06378499999999999 
-0.00815402 0.023009 0.00694388 
-8.6264e-05 -0.0173608 0.00594971 
0.00731903 -0.0242182 0.0190755 
-0.0197258 0.018011 0.00666862 
0.00662651 -0.0199013 0.0274844 
0.0164223 -0.0206543 0.00594971 
-0.0133 0.00698661 0.0620876 
-0.0147187 -0.00682537 0.0889595 
-0.0055773 0.00326135 0.00143418 
-0.0020294 0.00155955 0.00634295 
-0.0301203 0.0106965 0.0059497 
-0.027354 -3.0518e-05 0.0500005 
-0.015 -0.0157878 0.0357972 
-0.00401918 0.0166629 0.00594971 
-0.0205542 0.00783472 0.0687893 
-0.0155465 -0.0142168 0.0059497 
-0.0032699 0.0113275 0.00528034 
0.0150575 0.0017102 0.00594971 
0.0224364 0.009516149999999999 0.00594971 
0.00117382 0.0163246 0.0151497 
-0.0339874 0.0152594 0.0231388 
-0.0294205 -0.0159537 0.0100462 
-0.0159915 -0.0222945 0.0209604 
-0.00647421 -0.00927363 0.00317766 
-0.0162317 0.00710761 0.08592950000000001 
-0.00322931 0.0176818 0.0245377 
-0.0273163 0.0115105 0.0059497 
0.010996 0.017599 0.00594971 
0.010857 -0.0162182 0.0122562 
0.023519 -0.0207162 0.0119206 
0.00635997 0.00984325 0.0106214 
-0.015 0.00554082 0.0405838 
0.0245665 -0.00934287 0.0119497 
0.00226009 -0.00178398 0.00701154 
-0.0258482 -0.0159537 0.0324294 
-0.0124459 0.0151629 0.0366997 
-0.0200565 -0.0194952 0.0285616 
0.0236047 0.009005829999999999 0.0119497 
-0.0344594 -0.00224532 0.0287438 
0.00677128 0.00711181 0.00908404 
0.018611 0.0132675 0.00594971 
-0.0106188 -0.0223736 0.0360785 
-0.0203241 0.0100917 0.0534166 
-0.0111735 0.0179818 0.0128292 
-0.0139008 -0.0104089  0.038 
-0.00133946 -0.0162182 0.036037 
-0.00922824 -0.00381549 0.102251 
-0.00327693 0.0176818 0.0153629 
-0.0304093 0.00730385 0.0570852 
0.00622965 -0.0162182 0.0142399 
-0.0188037 -0.0149966 0.0059497 
0.0113679 -0.00785134 0.0119497 
-0.015773 0.000744791 0.074193 
-0.00509327 -0.0218408 0.0060163 
0.000742742 -0.00281186 0.00605401 
-0.0193259 0.00180717 0.0290591 
-0.009815030000000001 0.0102561 0.00594971 
0.0259411 0.00775629 0.0119497 
-0.0167689 0.0138847 0.0415495 
-0.0176409 0.0207249 0.0262934 
0.0163312 0.00417575 0.00594971 
-0.0325103 0.015934 0.0229789 
0.0103663 0.00580592 0.00355589 
-0.015 0.0109779 0.0396149 
-0.00489503 0.0176818 0.0297932 
-0.0069854 0.00420814 0.000949706 
-0.0116922 0.00164563 0.0105538 
-0.0245018 0.00886401 0.06330230000000001 
0.0272186 -0.0205018 0.0104837 
-0.0115748 -0.000328195 0.0910489 
-0.00375993 0.0176586 0.00594971 
-0.0204949 -0.0156308 0.00595244 
0.00366889 -0.0174182 0.0194076 
0.0246409 0.00267364 0.0119497 
-0.00794388 -0.0166913 0.0340384 
-0.0277859 0.0144911 0.0404338 
-0.000335348 0.00558158 0.00994971 
-0.023948 0.0104886 0.0512217 
-0.00870812 0.00241281 0.000949706 
-0.00268401 6.03925e-05 0.00384156 
-0.0311494 0.0159537 0.0234737 
-0.0219418 -0.00267352 0.0805329 
-0.00899143 -0.00943917  0.038 
-0.0101067 -0.0222212 0.0330866 
-0.015 -0.0146206 0.015083 
-0.00497911 0.0176818 0.0256754 
-0.0252251 -0.0154012 0.0389514 
-0.00588983 0.008905440000000001 0.037063 
0.000791766 -0.0192699 0.0224494 
-0.015 0.00465539 0.0345852 
-0.00185809 -0.0226399 0.0063098 
-0.0116229 -0.0162182 0.0338377 
-0.011005 -0.00483674 0.00542489 
-0.0161156 -0.00725421 0.0843739 
-0.015 -0.00227121 0.0334153 
-0.00564608 -0.0125863 0.00594971 
-0.00725944 0.0176818 0.0154605 
-0.0352 0.00238517 0.0312937 
0.00362885 -0.0174182 0.0301033 
0.0120841 -0.0120861 0.0119497 
-0.0231817 0.0151123 0.00636423 
-0.0352 0.010205 0.0174971 
-0.00338586 -0.0242182 0.0159395 
0.028386 0.0106678 0.00629226 
0.00194202 0.0142754 0.0119497 
-0.0324345 0.0147053 0.0400761 
-0.023636 0.0165965 0.0341282 
-0.0263679 -0.0158963 0.0380988 
-0.0267539 -0.0159537 0.0145513 
-0.015 0.00963084 0.0306222 
0.0055242 -0.0187781 0.0261834 
-0.0342782 0.000868046 0.046639 
0.00609678 0.00361537 0.00309367 
-0.0133 0.00678515 0.0521457 
-0.0250352 0.000182644 0.0398332 
-0.0128501 0.00705043 0.0867686 
-0.0173786 -0.00949638 0.0576522 
-0.0283353 0.0159537 0.0337519 
-0.0305057 -0.00153649 0.0570039 
-0.0254336 -0.0159537 0.0223586 
0.0289212 -0.008158739999999999 0.0112533 
0.00243815 -0.0177184 0.0363069 
-0.0288789 0.000218156 0.0570053 
-0.009923960000000001 0.00639591 0.010642 
-0.0339626 -0.00354081 0.047506 
-0.0179836 0.00719152 0.08443539999999999 
0.01211 0.00604705 0.0119497 
-0.0274748 0.00265984 0.0499923 
-0.00332742 0.0237818 0.0154449 
-0.0349669 0.000936078 0.0447467 
-0.0153348 0.000193258 0.0520674 
0.0215365 -0.0101397 0.0119497 
0.009200099999999999 -0.0174182 0.0183314 
-0.0103755 0.0237818 0.02675 
-0.0107559 -0.0209835 0.0341904 
-0.023742 -0.00449133 0.0224577 
-0.00677878 0.0176818 0.0317704 
-0.0200056 0.00512587 0.0244853 
-0.00690077 -0.0166218 0.0173497 
0.0143756 -0.00413929 0.00594971 
-0.0327504 0.00272996 0.0200821 
-0.0037833 -0.0174182 0.0182646 
0.0034606 -0.000608358 0.00647988 
0.00868205 0.00418757 0.00489396 
-0.009900000000000001 0.00266277 0.0861716 
0.0035016 0.008849330000000001 0.00994971 
-0.0116 0.00492282 0.06826450000000001 
0.0109679 0.00462617 0.00213185 
0.000639688 -0.0126897 0.0112028 
-0.0202352 -0.0118426 0.0461797 
-0.0174519 0.0195935 0.0061922 
0.0183362 -0.021921 0.00603499 
-0.0281385 -0.00127849 0.0291427 
-0.0306773 -0.0147455 0.00654453 
-0.0140823 0.00832601 0.0698859 
-0.0144274 -0.009367520000000001 0.058533 
-0.015 0.00643581 0.0178129 
-0.0198945 -0.00146079 0.08615780000000001 
-0.0232145 0.00241128 0.0770363 
-0.00604424 0.00284587  0.038 
-0.0102508 -0.0196851 0.0359742 
-0.00748936 -0.00357623 0.00887287 
0.0231297 -0.0157498 0.00594971 
-0.0255249 0.000298439 0.057279 
-0.0335727 0.0153257 0.00790916 
0.008015710000000001 -0.0091371 0.00372629 
0.0285025 -0.0158006 0.00644826 
0.0132861 0.022218 0.00631841 
-0.007900000000000001 -0.0007991 0.0988897 
-0.00463759 0.0161596 0.033701 
-0.0258255 -0.009372159999999999 0.0059497 
-0.018847 -0.0146759 0.0402004 
-0.0217655 -0.0113441 0.0477292 
-0.00549719 0.0237818 0.0166237 
-0.00578866 -0.0162182 0.0131428 
-0.01282 0.0135709 0.0119497 
-0.007914559999999999 -0.00414193 0.095375 
-0.0352 0.00555781 0.0113852 
-0.0133 0.00662422 0.0571117 
-0.0133 -0.00186849 0.0537831 
-0.00800823 -0.0184182 0.036428 
0.029917 -0.0122548 0.00825993 
-0.0235404 0.00354587 0.0059497 
-0.0148194 0.00347882 0.0992253 
-0.0105091 0.0201223 0.013348 
0.0299953 -0.00924958 0.00905827 
-0.0247707 0.00681894 0.0599563 
-0.0126244 -0.0215139 0.037288 
-0.0345574 0.00607754 0.0458717 
-0.015 0.0147898 0.0163581 
-0.00631758 0.00555934 0.00365458 
-0.0174149 0.00664302 0.0880362 
-0.0284739 -0.0124115 0.0446884 
-0.015 0.003757 0.0321883 
-0.0174988 -0.000438345 0.09274 
-0.0010751 0.0147841 0.0119497 
-0.015 0.010977 0.0148352 
-0.029121 -0.011297 0.0059497 
-0.0304212 0.0123019 0.0449597 
-0.0204145 -0.00622428 0.070256 
-0.00524471 -0.017706 0.0274417 
-0.0352 0.00809204 0.0287205 
-0.0150062 0.0225266 0.0260907 
0.00400404 0.00702599 0.00394971 
-0.0133886 -0.009449320000000001 0.053574 
-0.0159166 -0.0223461 0.0199456 
-0.0120617 0.00378408 0.10215 
0.0117743 0.00401346 0.00594971 
0.0262307 0.0162086 0.0119497 
-0.0205568 0.00123331 0.0843382 
-0.0166071 -0.0186342 0.00597022 
-0.0133 -0.00100404 0.0562874 
-0.0352 -0.0106622 0.0136707 
-0.0334211 -0.0156481 0.0284531 
-0.0255192 -0.000213711 0.0664227 
-0.0251472 -0.0159897 0.0194663 
-0.031509 -0.0122519 0.0059497 
-0.0223819 -0.0178939 0.0215263 
-0.016295 0.000495796 0.0385443 
-0.0273073 -0.00469336 0.0657913 
0.0122193 -0.0184422 0.00594971 
-0.0164418 0.020161 0.00598209 
-0.00533753 0.0215552 0.00605188 
-0.0105489 0.000311514 0.0942918 
-0.0139727 -0.00603053 0.0366997 
-0.015 0.0111695 0.0336741 
-0.0189132 0.012313 0.0449334 
-0.0160492 0.00366985 0.0278825 
-0.0125469 -0.009935660000000001 0.0366997 
0.00078337 -0.00480603 0.00994971 
0.0267265 -0.001452 0.0119497 
-0.0293413 -0.0144628 0.00635791 
-0.0153373 0.014493 0.00594971 
-0.0116 -0.00536753 0.0739804 
0.0199611 0.00868646 0.0119497 
-0.00288721 -0.00538759 0.00197906 
-0.0276863 0.00138526 0.0059497 
-0.009288009999999999 -0.0174182 0.0268661 
-0.0225954 -0.0113438 0.0477305 
0.00539309 -0.0162182 0.0163113 
-0.0116 -0.00528961 0.0723829 
0.0122515 0.009520900000000001 0.0119497 
-0.0142092 0.00953151 0.0572541 
0.0144891 0.0188651 0.0119497 
-0.0296687 0.0006793049999999999 0.0577175 
-0.0133 -0.0019769 0.0462673 
-0.00746985 0.00635405 0.00675785 
-0.0314426 0.00456298 0.0266556 
-0.015 0.00117361 0.0422872 
-0.015 0.0022926 0.030872 
0.0248623 -0.0205334 0.011784 
-0.0352 0.00122598 0.0123739 
-0.0250195 -0.00199811 0.0288725 
0.00536376 0.0157633 0.00594971 
-0.015 0.00614912 0.0350795 
-0.00979621 -0.0242182 0.0198633 
0.00229783 0.0228787 0.0143257 
-0.015 0.0134254 0.0208678 
0.00683083 -0.00155959 0.00994971 
-0.0124996 0.00247436 0.0366997 
-0.020773 0.00467951 0.0222757 
-0.035093 -0.0133625 0.0281659 
8.42758e-05 -0.00769385 0.00994971 
-0.0149 0.000437893 0.0903215 
-0.0347769 -0.00188754 0.0452687 
-0.00243797 -0.00342877 0.00647008 
-0.0352 -0.00539611 0.0206615 
-1.26841e-05 0.0194267 0.0231746 
-0.023695 0.00124846 0.0608025 
-0.0185787 -0.0205128 0.0144345 
-0.0133 -0.00595183 0.0469021 
-0.0190375 -0.000290363 0.0640925 
0.00234037 -0.00664681 0.00953236 
-0.0352 0.009150810000000001 0.0202632 
-0.0141962 -0.00154836 0.0366997 
-0.0116012 -0.00720915 0.07197439999999999 
0.0125645 0.0225712 0.0113545 
0.011396 0.0223491 0.00594971 
-0.0148302 -0.00959862 0.0366997 
0.00604783 0.0228794 0.0119497 
-0.009716900000000001 -0.0168992 0.0137026 
0.0227639 -0.00280113 0.00594971 
0.0105004 0.00556938 0.0010595 
0.00350858 -0.0116838 0.00210693 
0.0203088 0.0189054 0.00594971 
-0.0212598 0.0182329 0.034033 
-0.015 -0.00651969 0.0356939 
-0.008499710000000001 0.0220433 0.0357483 
-0.0303577 0.00570416 0.0574103 
-0.0116 -0.00386049 0.06973360000000001 
-0.022255 -0.0179813 0.0110032 
-0.015 -0.00196264 0.0364596 
-0.00393818 0.00134902 0.000949707 
-0.00691836 0.0122958 0.0366997 
-0.00768854 -0.00944701  0.038 
-0.00791816 -0.0162182 0.0125645 
-0.0157879 0.000704274 0.09584479999999999 
-0.0341708 0.00564258 0.046934 
-0.00680722 -0.0218633 0.0149475 
-0.0264348 0.00406529 0.0507842 
-0.0127099 -0.0174182 0.0265326 
-0.0200719 -0.0187167 0.00711164 
-0.00703523 0.008206750000000001 0.00994971 
-0.0289456 0.0159537 0.0193595 
-0.00387667 -0.015458 0.0119497 
-0.0152506 0.00782882 0.00594971 
-0.0175287 -0.00284551 0.0796085 
-0.0269397 0.0159537 0.0202134 
0.020574 7.15693e-05 0.0119497 
0.00362694 -0.0242182 0.0190721 
0.00433781 -0.008408189999999999 0.000949706 
0.0206134 -0.00209358 0.00594971 
-0.0212407 0.000895823 0.069962 
-0.0135039 -0.0237105 0.0275768 
-0.0218857 0.000728054 0.0763172 
0.00636825 -0.00601828 0.00378085 
0.00906708 -0.0162182 0.0155986 
-0.0061101 -0.0209397 0.0059497 
-0.032609 0.0159198 0.0165277 
-0.0253048 -0.0159537 0.0124901 
0.00751964 0.0223023 0.0119497 
-0.0352 -0.008507249999999999 0.0238404 
-0.00587268 -0.0174182 0.0195634 
-0.00553927 -0.0101892 0.00362758 
0.00434689 -0.0174182 0.0319876 
-0.0193198 0.00986978 0.0547109 
-0.0352 0.00746851 0.0403659 
-0.0242363 -0.00553236 0.07413019999999999 
-0.00658558 0.00105901 0.000949706 
-0.0133 0.00791507 0.0461372 
-0.00761622 -0.0180866 0.0348401 
0.00963409 -0.0063945 -5.02935e-05 
-0.0106677 -0.0242182 0.0205052 
-0.0161928 -0.008520959999999999 0.06719360000000001 
0.0174612 -0.0237358 0.00732217 
-0.0152629 -0.0112684 0.0480029 
-0.015 0.0100069 0.0175911 
-0.0133 0.00768268 0.0606709 
-0.0206429 -0.00536556 0.08362559999999999 
0.0231769 0.00287005 0.00594971 
-0.0352 0.00681666 0.0327352 
-0.0280506 0.000528397 0.0059497 
0.0222087 0.0226443 0.00684785 
-0.0093043 -0.0174182 0.0214429 
0.0156761 -0.0205698 0.0119497 
-0.0133 -0.00612653 0.0465647 
0.00304842 -0.00301626 0.000949706 
0.0213419 0.0231731 0.0106113 
-0.0131664 -0.0223229 0.00640605 
-0.0306114 -0.00511252 0.0059497 
-0.0107792 0.00070632 0.09012340000000001 
-0.00742273 0.018585 0.00594971 
-0.0337219 0.0154649 0.0208451 
-0.0329785 0.00767916 0.00605305 
0.00021227 0.0204448 0.0225565 
0.0147517 -0.0185963 0.0123262 
0.00768675 0.00625017 0.00524708 
-0.0289092 0.0141768 0.0409736 
-0.0113129 -0.0116709 0.0119497 
0.008496800000000001 0.00460487 0.000949706 
-0.0352 -0.00840338 0.038124 
0.0262521 0.0141546 0.00594971 
0.0069473 -0.00488469 0.00343211 
-0.0164707 -0.0112346 0.0481257 
-0.009900000000000001 0.000317925 0.0861117 
-0.009247160000000001 -0.00680903 0.0366997 
0.0211861 -0.00126033 0.00594971 
-0.0116 0.00528297 0.07212209999999999 
-0.0148995 0.0225934 0.0262424 
-0.0212909 0.0072226 0.0698776 
-0.0341046 -0.00278013 0.00663292 
-0.008863380000000001 0.00846533 0.0366997 
-0.015 -0.00315115 0.0287153 
-0.0352 0.009812299999999999 0.0140788 
-0.00448369 0.0176818 0.0270025 
-0.0166356 0.00762784 0.0797972 
-0.00764634 -0.0162182 0.0148971 
0.0122634 0.025968 0.0066501 
-0.0196794 -0.00860211 0.0664753 
-0.0142492 0.00678657 0.08925569999999999 
-0.024286 -0.00343094 0.0608487 
-0.00633762 -0.0207182 0.0222314 
-0.0109998 -0.00484183 0.00441245 
0.0245197 -0.0154874 0.00594971 
-0.0115941 0.00428463 0.00504073 
0.000522957 0.0117618 0.00491581 
-0.00134064 -0.0242182 0.0248205 
0.00248977 -0.00688482 0.00949856 
-0.0220355 0.00760911 0.0755781 
-0.0227775 0.0171878 0.0154092 
-0.00618857 0.0112776  0.038 
-0.012259 -0.0240609 0.0122652 
-0.00780528 -0.00425737 0.00880245 
-0.0143307 0.0157818 0.0178483 
-0.0203184 -0.0193149 0.0345891 
-0.0179519 0.00452319 0.07889790000000001 
-0.0283947 -0.0159537 0.0188977 
-0.0133 0.000857217 0.0506876 
-0.0170333 0.000588217 0.0858762 
0.0299918 0.0120312 0.00913805 
-0.0219672 -0.0179255 0.00785336 
0.00457765 -0.00219373 0.00613787 
-0.0335318 0.015587 0.0248688 
-0.000186038 0.0200605 0.0236509 
-0.0025742 -0.0162182 0.0329416 
-0.0200926 0.0190366 0.0105003 
-0.0207708 -0.00110694 0.06880070000000001 
-0.0199862 -0.0101131 0.0059497 
-0.00324167 -0.0162182 0.0354205 
0.00151239 0.0236757 0.00594971 
-0.0267671 0.0148094 0.039904 
-0.0211521 0.00323563 0.020435 
0.0062231 -0.0174182 0.023639 
-0.000903018 -0.020897 0.0059497 
-0.0352 -0.00739337 0.0140403 
-0.0109214 0.00633669 0.0927326 
-0.0125788 -0.00655726 0.09091730000000001 
-0.0352 0.00621627 0.0300832 
-0.0352 -0.00580626 0.0344855 
-0.00724228 0.00808506 0.00249909 
-0.0188944 0.00201893 0.0289748 
-0.0333544 -0.00186395 0.0491769 
-0.0104655 -0.0196357 0.033495 
-0.0233767 0.00967987 0.0059497 
0.00893101 0.0167412 0.0119497 
-0.0109679 -0.00487308 0.00268266 
-0.0352 -0.0105651 0.0401117 
-0.0192446 -0.000202044 0.0534932 
-0.0352 0.00468441 0.027678 
-0.0223788 -0.000749974 0.0660448 
-0.0101397 -0.0242182 0.0278053 
-0.0140076 -0.0174182 0.0174084 
-0.0175218 0.0208069 0.0218748 
-0.0117639 0.0144261  0.038 
-0.0022267 0.019087 0.00594971 
0.0141056 -0.0100463 0.0119497 
-0.009900000000000001 -0.00114816 0.090112 
-0.0133 0.00626704 0.0598671 
-0.00883108 -0.0239032 0.0304358 
-0.030477 0.0159537 0.0186699 
-0.0309172 0.0159537 0.0313831 
-0.0313779 -0.0159537 0.0127646 
0.023964 0.020456 0.00604965 
-0.00381717 0.0176818 0.0263474 
0.0230997 -0.0207581 0.0119393 
-0.0126396 -0.00111236 0.0113857 
-0.0182837 -0.020716 0.0100674 
0.0154412 0.014996 0.0119497 
-0.0319585 0.0159537 0.0241296 
5.59054e-05 0.0190458 0.0229861 
0.00365624 -0.0163369 0.0173497 
0.0143827 0.0171091 0.00594971 
-0.027284 -0.0107061 0.0500142 
-0.0190617 -0.00466373 0.00594971 
0.0170497 -0.00874521 0.00594971 
-0.034216 -0.0150398 0.0312341 
-0.0349757 -0.00426861 0.0447225 
-0.015 0.0107386 0.0412548 
-0.0140368 -0.000857255  0.038 
-0.0225057 0.00509094 0.078925 
0.0002656 -0.0179662 0.00594971 
-0.0140408 -0.0174182 0.0269556 
-0.0190302 -0.00965337 0.00594971 
-0.0211027 -0.00762063 0.0059497 
-0.0219195 -0.0052201 0.00594971 
-0.0037039 -0.00207096 0.000949707 
-0.00265619 -0.017244 0.00594971 
0.008132159999999999 0.00860037 0.00412128 
0.0177596 -0.0231003 0.00661584 
-0.0139359 -0.00960101 0.0460657 
-0.0228559 -0.0158625 0.00641185 
-0.0103477 0.0157818 0.0184295 
-0.0143744 0.00658945 0.0460657 
-0.007900000000000001 0.00173136 0.102403 
0.00676951 -0.00754957 0.00576505 
-0.0225262 -0.0177946 0.0337368 
0.0034681 0.00212444 0.00768465 
-0.0134546 -0.0237306 0.0290539 
-0.0310585 0.00085027 0.055485 
-0.00654593 -0.0242182 0.0291831 
-0.00622486 -0.0156768 0.036728 
0.00731342 -0.0238364 0.0229214 
-0.032988 -0.0158282 0.0167963 
0.008187939999999999 0.00423119 0.000949707 
-0.0181254 -0.00831222 0.0699438 
-0.020953 -0.0188779 0.0221658 
-0.0261774 -0.0159537 0.009190179999999999 
-0.015 0.00989898 0.0256166 
-0.0129285 0.00661909 0.0905734 
0.000193518 -0.0242182 0.0190016 
-0.032371 0.00411656 0.0273622 
-0.015 0.007832260000000001 0.0411399 
-0.0352 -0.0110661 0.0245355 
-0.00417793 -0.0174182 0.0299073 
-0.0133935 0.0218518 0.00554889 
-0.034193 -0.00558788 0.0468731 
0.00191665 -0.0162182 0.0344079 
-0.00108778 -0.0123346 0.0108733 
-0.0352 -0.00812741 0.0275926 
-0.0352 0.0112677 0.029424 
-0.015 0.0105906 0.0133758 
0.00131993 0.0262676 0.00608051 
-0.00656211 0.0237818 0.0210279 
-0.0212421 -0.00980492 0.00594971 
-0.0279925 0.0157642 0.0383154 
-0.016856 0.008855399999999999 0.06337130000000001 
0.009938829999999999 -0.00770073 0.011159 
0.0240183 0.0156771 0.0119497 
-0.0138426 0.00610759 0.00594971 
0.0038095 -0.0178578 0.0332705 
-0.0150591 0.009035919999999999 0.0615132 
 -0.01 0.0174732 0.0258268 
-0.008886389999999999 -0.0242182 0.0253254 
-0.009339399999999999 0.0213593 0.0370135 
-0.0189276 0.0198388 0.0253332 
-0.0236103 0.00299929 0.059527 
-0.000235309 0.0154671 0.00594971 
-0.0293907 0.0159537 0.0216482 
-0.0135689 -0.008735990000000001  0.038 
0.0247827 -0.0115704 0.0119497 
-0.015 -0.0049232 0.0240456 
0.00532106 0.0105255 0.00320264 
0.0113297 -0.0210563 0.0186951 
-0.0121872 0.00644157 0.0919538 
0.0253048 0.0136387 0.0119497 
-0.0140401 0.0227512 0.0154873 
-0.009900000000000001 -0.000270091 0.08920359999999999 
-0.0142092 0.00312633 0.0460657 
-0.0266969 0.00274921 0.028605 
-0.0116 0.00071229 0.0819232 
-0.00599387 0.0237818 0.0155622 
0.020571 0.00653721 0.0119497 
-0.00802288 -0.0139786 0.0119497 
-0.0133 0.00362421 0.0626486 
-0.015 -0.00712387 0.0232115 
-0.0322245 0.00965512 0.0504443 
-0.0297066 -0.00275715 0.0284293 
-0.0223607 0.00378661 0.07938190000000001 
-0.0278863 -0.00849783 0.0059497 
-0.0210025 0.00147583 0.0195358 
0.0175804 0.0143224 0.0119497 
-0.0352 0.00318279 0.0141675 
-0.0118077 0.0196094 0.0159352 
-0.000966181 0.0176818 0.024577 
-0.000153997 0.0200452 0.00594971 
-0.0135258 -0.0117076 0.0119497 
-0.0208566 0.00850973 0.0674609 
-0.0187015 -0.0074726 0.0817307 
-0.0112075 -0.00190744 0.00102569 
0.0116251 0.000528351 -5.02935e-05 
-0.0113109 0.00381033  0.038 
-0.0235258 0.0146571 0.0401576 
0.00667156 0.0237818 0.0102995 
0.0184815 0.0229304 0.0110413 
-0.007851729999999999 0.0237818 0.0188859 
0.0171963 0.000125499 0.00594971 
-0.0305854 -0.000502612 0.047156 
-0.0352 0.00451525 0.014039 
-0.009900000000000001 -0.00248009 0.09412959999999999 
-0.00658497 -0.0180241  0.038 
-0.0193044 0.010691 0.00594971 
-0.009900000000000001 -0.00268615 0.0905393 
-0.0210894 -0.0135734 0.042128 
0.00226384 0.0272115 0.00813728 
-0.0301632 -0.0110725 0.0487143 
0.00550757 -0.00811358 0.0080024 
-0.0352 0.0044309 0.0172683 
-0.0133 -0.00281364 0.0603239 
-0.0311457 0.0159537 0.0258352 
-0.018247 0.00751575 0.08134710000000001 
-0.0122933 0.0049338  0.038 
-0.00578651 0.0174806  0.038 
-0.0235025 0.00133171 0.0762448 
-0.0103063 0.00682748 0.0868929 
-0.0284384 -0.000408638 0.0397343 
-0.00146969 0.00394056 0.008474239999999999 
-0.0131923 0.00487085 0.0366997 
0.00945873 -0.0221564 0.0218308 
-0.0220416 -0.0100892 0.053581 
-0.0172737 -0.000335107 0.09335830000000001 
0.00764047 0.008813130000000001 0.0105388 
-0.0352 0.00310094 0.0175495 
-0.0204943 0.00858807 0.0665268 
-0.00744413 -0.0168039 0.0313497 
-0.0282058 -0.0159537 0.0281974 
0.0153057 0.0212194 0.0119168 
-0.0318207 -0.00197992 0.0533908 
-0.0133435 0.00828247 0.0704972 
-0.0223467 0.0156214 0.0385529 
0.0242049 -0.0179154 0.00594971 
0.00610261 0.00336145 0.00394971 
-0.0113397 0.0157818 0.0155426 
-0.0182058 0.00306395 0.0283961 
-0.0288173 -0.000747976 0.0471534 
-0.0133 0.00108895 0.0523208 
-0.00472117 -0.0229259 0.0340832 
-0.0239137 -0.00645692 0.0059497 
-0.015 -0.00440749 0.0166222 
-0.0351995 0.0115349 0.0396567 
-0.00598531 0.00931597 0.00525883 
-0.019676 -0.007904680000000001 0.06941410000000001 
-0.0345273 -0.0009838340000000001 0.0194805 
0.00387308 -0.0197572 0.0331275 
0.00055161 0.0176818 0.018243 
-0.009900000000000001 -0.00484446 0.09377489999999999 
-0.00384028 0.0176818 0.0151744 
-0.0303443 -0.00491856 0.0574471 
-0.0230835 0.0007203240000000001 0.06608020000000001 
-0.00466498 -0.021046 0.0227869 
0.0162687 0.0237483 0.009378620000000001 
0.00513274 -0.00878981 0.000213077 
-0.0133 0.00229178 0.0636506 
0.0263049 -0.0218257 0.00977302 
0.00616906 0.00210734 0.000949706 
-0.0352 0.0121259 0.0111415 
-0.0233738 0.0102133 0.0526335 
-0.0212036 -0.0187053 0.0234945 
0.00779964 -0.00739764 0.0005475499999999999 
0.00727293 0.00931801 0.0045136 
-0.00344149 -0.0233132 0.0239945 
-0.00482565 0.0169188 0.00594971 
-0.0202968 0.00916194 0.0601237 
-0.0183287 -0.0047765 0.0234104 
0.0219367 -0.00572843 0.00594971 
-0.0209753 0.0124743 0.00594971 
-0.00800813 0.00162026 0.095375 
-0.0299108 -0.00649267 0.0059497 
0.00874573 -0.0182936 0.0235054 
0.0169906 0.0231689 0.00713727 
-0.0314192 -0.00267252 0.0059497 
-0.0352 -0.00365069 0.0191081 
-0.0143182 -0.02335 0.0175297 
-0.0319691 0.0159537 0.0341724 
-0.015 -0.0108827 0.0165429 
0.00411484 -0.00380437 0.00376603 
0.0241015 -0.0231099 0.007862600000000001 
-0.0217407 0.00797951 0.0740773 
-0.0208909 -0.00492052 0.07023649999999999 
0.025743 0.0151617 0.0119497 
0.0112802 0.00711257 0.0119497 
0.00679383 -0.014131 0.0119497 
-0.0172469 -0.00114019 0.0934319 
0.0299005 -0.00508554 0.00818545 
0.00320569 -0.0175914 0.0346088 
-0.0261258 0.0126883 0.0059497 
-0.0352 0.00638406 0.0239707 
0.00198073 -0.018261 0.0373189 
-0.0133 0.00687473 0.0551977 
-0.0290601 0.000700959 0.0581169 
-0.0169205 -0.0216547 0.0250935 
-0.00447244 -0.0228436 0.00642885 
-0.0283177 -0.0127723 0.0059497 
-0.0161859 0.0112559 0.0480407 
-0.0312172 0.002724 0.0059497 
-0.015 -0.0115717 0.0150474 
-0.0233219 0.0120163 0.0457058 
0.0220872 0.0160007 0.00594971 
-0.015 -0.00891277 0.017353 
-0.032925 -0.0158481 0.0323199 
-0.0133 -0.00198777 0.054231 
0.00762073 0.0277818 0.0075796 
-0.0116058 0.00744843 0.06972390000000001 
-0.0324965 -0.00712909 0.0515342 
0.0150995 0.00897587 0.0119497 
-0.0325965 0.00147967 0.0512593 
-0.00181401 -0.0242182 0.009696450000000001 
-0.0330438 0.00175532 0.019624 
-0.0133 0.00448862 0.0514383 
-0.00195405 0.0189143 0.0285084 
-0.00615394 0.00198652 0.00932534 
0.00136492 0.0194024 0.0193896 
-0.000797622 0.0117442 0.00269916 
-0.00221834 0.0115721 0.00578841 
0.00618451 -0.0242182 0.0110453 
0.00718394 -0.00315694 0.00672564 
-0.00163619 -0.0172407 0.0313497 
0.024462 0.00448849 0.0119497 
-0.0185888 -0.0205059 0.0276742 
-0.00253465 0.0176818 0.0231931 
-0.0351569 0.0130211 0.0130343 
0.0214689 -0.0195634 0.0119497 
-0.00640695 -0.00954554 0.0100269 
-0.0147193 -0.0129907 0.0059497 
0.00810611 -0.0158657 0.0119497 
0.0256178 0.0134556 0.00594971 
-0.0116686 0.00752897 0.0119497 
-0.00760585 -0.0214876 0.0157017 
-0.009196009999999999 0.0112534 0.00594971 
-0.0116 0.000442932 0.0849274 
-0.0187651 -0.00427017 0.08918710000000001 
-0.00741321 -0.00345603 0.00562139 
-0.0228125 0.0171636 0.0218527 
-0.0209444 0.00810073 0.0729848 
-0.0115796 0.0214641 0.00363219 
-0.0207476 -0.0190194 0.0166232 
-0.008961520000000001 0.0237818 0.0166782 
-0.0235285 0.00582374 0.0595944 
-0.0265628 0.0159537 0.035792 
-0.0277743 -0.00658147 0.06425260000000001 
-0.0146271 -0.0154303 0.0119497 
-0.0269942 -0.014434 0.0405831 
-0.0288679 0.0149877 0.0396074 
0.00348623 0.0231792 0.00594971 
-0.007900000000000001 -0.00109943 0.103423 
0.00108957 -0.0207182 0.0234747 
-0.0279008 0.0103723 0.0517941 
-0.0101496 0.0186252 0.0137001 
-0.0180508 -0.0168713  0.038 
-0.0137261 0.00249848 0.0460657 
-0.0352 -0.000748204 0.0165393 
-0.007900000000000001 -0.00259294 0.09871820000000001 
-0.00852143 -0.0242182 0.0204205 
0.008998229999999999 0.0044972 0.00580831 
0.0289702 -0.0138402 0.0066899 
0.001621 -0.0127712 0.0113763 
-0.0157805 -0.0151253 0.0393294 
-0.00274799 -0.0038608 0.000949706 
-0.0135534 0.00526707 0.0119497 
-0.0120109 -0.0157267 0.0119497 
-0.0189605 -0.010998 0.00594971 
-0.0139729 -0.00313238 0.00351564 
-0.0309026 -0.0159537 0.0279036 
0.0046012 -0.0207182 0.0253805 
-0.0151139 0.00794805 0.0752201 
0.0282175 -0.0199095 0.008903589999999999 
-0.00570042 0.0161949  0.038 
0.0114798 -0.0240722 0.013993 
0.0211026 0.0135735 0.00594971 
0.0106951 0.0191223 0.00594971 
0.0157235 0.0105958 0.00594971 
-0.0248157 0.0159537 0.0241469 
-0.0133 0.000174815 0.0483813 
-0.0319818 -0.00682618 0.0529481 
-0.00317169 0.0151019 0.0119497 
-0.0114792 0.0104533 0.0119497 
0.0220498 -0.0158368 0.0119497 
0.008997740000000001 -0.00611843 0.00994971 
-0.0253643 0.00313852 0.0283389 
0.00418491 -0.00657178 0.00101762 
-0.0188491 6.03182e-05 0.0426805 
-0.0139983 0.0189494 0.0126712 
-0.0346829 -0.008290179999999999 0.045527 
-0.0285954 -0.0159537 0.0340662 
-0.0133 -0.00743781 0.0624879 
-0.00856639 -0.00188982  0.038 
-0.0141255 -0.00807218 0.0734228 
-0.0315173 -0.0159537 0.0212228 
-0.0193422 -0.0199871 0.0296997 
-0.0352 -0.00409146 0.0335297 
0.009323720000000001 -0.0241936 0.0168315 
-0.0259172 0.000844682 0.0194052 
0.00641879 -0.00787505 0.0005829299999999999 
-0.0120862 -0.00371772 0.0657203 
-0.00597573 -0.009761779999999999 0.00148661 
-0.028537 -0.0122697 0.0059497 
0.00659188 0.009808809999999999 0.00224418 
-0.025945 0.00363344 0.0695342 
-0.0170145 0.0211563 0.0196321 
-0.0213636 0.00289865 0.0821215 
-0.0352 0.00959483 0.0145865 
-0.00366392 -0.0162419 0.00594971 
-0.0122151 -0.0174182 0.0270239 
-0.0318996 0.0129891 0.00595038 
0.0139739 0.00574894 0.00594971 
0.0108317 0.00611091 0.011255 
0.00606707 0.00772501 0.00019872 
-0.0245061 -0.00910008 0.0595492 
-0.0187431 0.008454359999999999 0.0680351 
-0.0158635 -0.00761389 0.0799552 
0.00150595 -0.0235621 0.0242135 
-0.0087729 0.00235601 0.000949707 
-0.015 0.00599095 0.0188026 
0.00524178 0.0063037 0.00310807 
-0.0310301 0.0159537 0.0245313 
-0.0352 -0.00932821 0.0222058 
0.029971 0.00177888 0.008554849999999999 
-0.015 -0.00255872 0.0335058 
0.0252614 -0.0141242 0.00594971 
-0.0133 0.00852728 0.0472933 
-0.00922133 -0.0174182 0.023726 
-0.0352 0.00273066 0.00915328 
-0.0264488 -0.0130456 0.0432339 
-0.000554234 -0.00711775 0.00994971 
-0.015 0.0100943 0.0276137 
0.00389947 -0.0177815 0.00594971 
0.0122106 0.0272431 0.00867572 
-0.0285833 -0.0159537 0.0196413 
0.00925606 -0.0171242 0.00594971 
-0.00729725 -0.0102176 0.0366997 
-0.00216516 -0.0242182 0.0200411 
0.0296208 -0.00918241 0.010406 
-0.015 0.00866599 0.0216804 
-0.0240833 -0.008272359999999999 0.06869749999999999 
-0.0298712 0.00120455 0.058747 
-0.0131741 0.000298999 0.0896878 
-0.0233843 -0.0022952 0.0765697 
0.0122584 0.00782862 0.00594971 
-0.0119246 -0.000224278 0.0842842 
-0.0130232 -0.0238689 0.0192472 
-0.008755829999999999 0.0237818 0.0198663 
-0.00342418 -0.00386236 0.000949707 
-0.0193948 -0.00615812 0.0854347 
-0.0146185 -0.0068382 0.0888442 
0.024989 0.0169393 0.00594971 
0.0152622 0.00188856 0.0119497 
0.008668439999999999 -0.00409549 0.000949706 
-0.0128157 -0.00703325 0.0657203 
-0.0312351 -0.0113765 0.0476077 
-0.00717475 -0.0242182 0.0182088 
-0.0318822 -0.00440775 0.0222559 
-0.0163054 0.0211759 0.00745341 
-0.0206864 -0.0184767 0.0366269 
-0.0142686 0.0229481 0.0156665 
-0.0141234 0.0220068 0.033305 
-0.0258431 0.00256687 0.0199858 
-0.0221449 0.014868 0.0398066 
-0.00238366 -0.0173146 0.0173497 
-0.0154171 0.000505955 0.0293334 
-0.0116656 0.00923124 0.0366997 
-0.00612942 -0.0194794 0.0347838 
-0.0352 -0.0113477 0.0189464 
-0.0009832860000000001 -0.0242182 0.0163267 
0.00861809 0.008116440000000001 0.00341323 
0.0262628 -0.00593633 0.0119497 
-0.0165757 -0.0207274 0.00675144 
-0.0106277 -0.0116116  0.038 
-0.000950613 0.0199713 0.00594971 
0.000815652 -0.02044 0.0262642 
0.0247151 0.0211331 0.011391 
0.0298234 0.00441324 0.00996214 
0.0139789 0.0201689 0.0119497 
-0.0102412 0.0218304 0.0341104 
0.0114709 -0.0110477 0.00594971 
-0.0179033 0.009397010000000001 0.0582426 
0.000128141 0.0176818 0.0187442 
-0.0086026 0.00338148  0.038 
-0.023561 0.000579826 0.0386311 
0.00195566 -0.00530403 0.00967432 
0.012242 0.0257406 0.0116517 
-0.0352 -0.00256709 0.0107611 
-0.0139772 -0.0235191 0.0275677 
0.0173952 -0.0238776 0.00756626 
-0.0212681 0.00327447 0.0699188 
-0.0251621 -0.000442048 0.055771 
-0.0252324 0.0159537 0.0321125 
-0.0178875 0.0205551 0.0162927 
-0.0161464 0.00418439 0.0272738 
0.00175368 -0.0158711 0.00594971 
-0.0345962 0.00136005 0.0195055 
0.0008583179999999999 -0.0125394 0.0110614 
-0.0205512 0.013333 0.0426243 
0.00409688 0.0113131 0.0109482 
-0.00440085 0.0176818 0.0168889 
-0.0106422 -0.00914679 0.0366997 
0.0168447 -0.008464640000000001 0.00594971 
-0.020896 -0.000817291 0.07023450000000001 
-0.0323152 0.0118501 0.0459867 
0.0273258 -0.00584922 0.00596959 
-0.0218111 0.009170950000000001 0.0600115 
-0.00286425 -0.0242182 0.0200767 
-0.0220223 0.0175707 0.007987370000000001 
0.0271418 0.0140002 0.0119431 
0.0088898 -0.0181117 0.0232359 
0.0157736 0.0190871 0.0119497 
0.0152986 -0.0144789 0.00594971 
-0.0331877 0.0105373 0.0475391 
0.0205912 0.0224699 0.00648793 
-0.00723596 -0.0052447 0.0366997 
-0.0242137 0.00900459 0.0617101 
0.000249386 0.0119997 0.00594971 
-0.0307082 0.013203 0.0429126 
0.00369955 0.0179451 0.0129753 
-0.0221798 0.0174513 0.0358441 
0.0181652 0.00338232 0.00594971 
0.000832021 -0.0102902 -5.02936e-05 
-0.0169401 0.00497666 0.0782307 
0.00503787 -0.0174182 0.0181249 
-0.0149728 -0.022979 0.0214248 
-0.0300919 0.00512777 0.0242577 
0.00279373 -0.0242182 0.0121964 
-0.0283091 0.00377253 0.0277704 
-0.0130419 -0.00723784 0.0847062 
0.0066878 0.00717457 0.008390150000000001 
0.0196944 0.014671 0.00594971 
-0.0109185 -0.00699339 0.0873201 
-0.007900000000000001 0.00143962 0.100057 
-0.0151896 0.0206089 0.00529855 
-0.00763893 0.0110453 0.0119497 
-0.00675396 -0.0189767 0.0148953 
-0.0311674 -0.00574403 0.0551858 
0.0114483 0.0248177 0.00594971 
-0.0228634 0.000328304 0.0293411 
-0.0239691 0.00727527 0.0593929 
-0.0134554 0.0157818 0.0312068 
-0.0106475 0.00426358 0.08537500000000001 
0.0143607 0.0170438 0.00594971 
-0.0267812 0.0159537 0.0218199 
-0.009798360000000001 0.0157818 0.0346019 
0.00557011 -0.00213795 0.00994971 
0.0265727 -0.0188886 0.00614687 
-0.016054 -0.000928268 0.0194682 
-0.015 -0.00695316 0.0458949 
-0.0222568 -0.000436713 0.0193862 
-0.01073 -0.00217541 0.00994971 
-0.0189177 0.0117935 0.0463396 
0.00737335 -0.0241828 0.0206269 
0.0137605 -0.0036982 0.0119497 
0.00342966 0.00916674 -5.09588e-06 
-0.00767104 -0.0162182 0.015329 
0.00172275 -0.0207182 0.0227627 
-0.00382077 -0.0184504 0.0059497 
-0.000326711 -0.0242182 0.0288408 
-0.0137811 -0.00514218 0.0119497 
-0.0270629 0.0159537 0.0223181 
-0.0133 0.00439867 0.0555623 
-0.0097451 0.00563411 0.00423544 
-0.0289914 -0.008690359999999999 0.0583451 
-0.0278492 0.000461287 0.0396968 
-0.0187203 -0.0204154 0.0158055 
-0.0133 -0.00183155 0.0585022 
0.0255964 0.0220297 0.00856758 
-0.0286374 0.00948944 0.0059497 
-0.00637366 -0.0093721 0.00284484 
-0.0139964 0.0103291 0.0460657 
-0.00897125 -0.0162182 0.0318095 
-0.0216118 -0.015458 0.0388537 
-0.0232231 0.0136932 0.00597486 
0.00722144 0.00474634 0.00178063 
-0.0352 0.00010341 0.0177873 
-0.0133 -0.00685008 0.0564986 
-0.0352 0.0055018 0.0290315 
-0.00466807 -0.00674233 0.0036608 
-0.00599392 0.0132346 0.036959 
-0.0316934 0.000337945 0.0293407 
0.00666022 -0.0160258 0.0119497 
0.00981833 0.00172065 0.00994971 
0.0117791 0.00202341 0.00374401 
-0.0273129 9.40526e-05 0.0193514 
-0.0329718 0.00039498 0.0502283 
-0.015 -0.00503502 0.0381097 
0.00278123 0.0162364 0.0148885 
-0.0306154 -0.0129971 0.0433364 
-0.0118972 0.00522874 0.0117956 
-0.00744547 -0.0184182 0.0148097 
-0.0101388 -0.0140097  0.038 
-0.0157924 0.0196902 0.0377887 
0.0282484 0.009776450000000001 0.0116767 
0.0016875 -0.0211095 0.0250983 
0.00714923 0.0274071 0.00860707 
0.00679389 -0.000714913 0.000949706 
-0.0244055 -0.0165005 0.0334635 
0.00271239 -0.0190799 0.0356824 
0.016135 0.0237641 0.00925871 
-0.0352 -0.00518155 0.0337892 
0.0234734 0.00922663 0.0119497 
0.00267037 0.027618 0.011941 
-0.00148238 -0.0121189 0.000508293 
-0.00265299 0.0236799 0.023923 
-0.00629348 -0.0162182 0.0133478 
-0.009010020000000001 0.0229703 0.00690165 
-0.0120763 -0.00695537 0.0877338 
-0.007900000000000001 -0.000902562 0.102315 
-0.0281639 0.00318745 0.0510105 
0.0223423 0.0123107 0.0119497 
0.0128499 -0.0133327 0.00594971 
-0.0352 0.00567337 0.0232473 
0.018845 0.0159895 0.0119497 
-0.00574574 0.0237818 0.0224987 
-0.008470689999999999 -0.00544946 0.0969875 
-0.0120096 -0.00604938 0.00594971 
0.0229381 0.00529579 0.00594971 
0.0216736 0.0207645 0.0119416 
0.00207086 -0.0242182 0.0193965 
-0.00962504 -0.0231186 0.0327783 
-0.00727918 -0.022383 0.0154097 
-0.0207857 0.0173149 0.00669309 
-0.0133 -0.00625998 0.0497088 
0.0261829 0.00386339 0.0119497 
-0.012356 -0.000731866 0.08350879999999999 
-0.0133 -0.00195972 0.0470871 
0.0140843 -0.008733319999999999 0.00594971 
-0.0256142 0.0159537 0.0197456 
-0.0113152 0.0154224  0.038 
-0.0224433 0.000500678 0.0560193 
-0.0130974 0.016481 0.0132325 
-0.0200255 0.00887135 0.0631863 
-0.0346373 0.00010344 0.0456522 
-0.0350809 -0.0109993 0.008114659999999999 
-0.00812732 0.0176818 0.0199935 
-0.0241724 -0.00938602 0.0583934 
-0.0116 -0.000522595 0.0771157 
-0.0197552 0.019269 0.013878 
-0.0117606 0.01712 0.0146773 
0.00595564 0.008251100000000001 -5.02935e-05 
0.0119988 -0.0197033 0.00594971 
-0.013847 0.0117487 0.0461231 
-0.0288762 0.015529 0.00741694 
-0.009900000000000001 0.00344716 0.0895678 
0.00679944 0.00515959 0.00164458 
-0.0161005 0.00740031 0.0825119 
0.0122379 0.0271073 0.0102553 
-0.008356209999999999 0.008321820000000001 0.00594971 
-0.00162398 -0.0240586 0.0298556 
0.00584845 -0.0179408 0.0290762 
-0.0223596 0.00333274 0.079385 
-0.015489 -0.00415158 0.00488073 
-0.0153665 0.00932095 0.0587944 
0.00615901 0.00198755 0.00415786 
-0.00316787 -0.00467349 0.00341878 
-0.00243898 0.0168691 0.00594971 
0.00578275 -0.00653234 0.00106774 
-0.0166385 0.00307859 0.0951033 
-0.0129695 -0.0238881 0.0267252 
-0.0341607 0.0114268 0.044963 
0.00211716 -0.0242182 0.0121895 
-0.0309855 0.0050614 0.0556856 
-0.0116 -0.000380339 0.0683996 
-0.009423859999999999 0.00817905 0.0113402 
0.0148876 -0.0242164 0.008908940000000001 
0.0101074 0.027616 0.0119497 
-0.0249312 -0.0136561 0.00603533 
-0.015 0.011763 0.0346052 
0.00772347 -0.00694657 0.00994971 
-0.0329304 -0.00271597 0.0202411 
-0.00629114 -0.0242182 0.0227952 
-0.0180863 -0.0208519 0.0140974 
-0.00343069 -0.0165814  0.038 
-0.0266856 0.0018302 0.0674993 
-0.015 0.0116339 0.0209481 
-0.025141 -0.00412703 0.0269616 
-0.0116 0.000719976 0.0807208 
-0.0262436 0.0159537 0.0234257 
-0.0129245 -0.00612226 0.094066 
-0.0301857 0.00551249 0.0059497 
-0.0122202 -0.00606191 0.094447 
-0.0196761 -0.0121913 0.0452656 
-0.015 0.013734 0.0135941 
-0.015 0.0149176 0.0292076 
-0.00189043 -0.00396497 0.00480251 
0.0120724 -0.0182817 0.00594971 
-0.0352 0.004372 0.036133 
-0.0301629 0.012888 0.0435738 
-0.0107378 -0.0150501  0.038 
-0.0312681 -0.0159537 0.0351146 
-0.007900000000000001 0.00109935 0.0984372 
-0.0352 -0.00321257 0.0323654 
-0.0299812 0.00323168 0.020432 
-0.033954 0.00618235 0.0475297 
-0.0296755 -0.00994278 0.0534878 
0.00111187 -0.0242182 0.025278 
-0.0321923 -0.00485546 0.0246419 
-0.0352 0.00992147 0.0109796 
-0.00600193 -0.00202717 0.000949706 
-0.0116 -0.00407608 0.0763233 
-0.0158356 -0.00472106 0.00550514 
-0.0351239 -0.0132129 0.0185299 
-0.0352 0.00691456 0.0173481 
-0.0231082 0.0108899 0.049455 
-0.027929 -0.00443641 0.0640831 
-0.0129281 0.0234673 0.0302822 
0.00880188 -0.0224868 0.0228053 
0.0146705 -0.0226371 0.0117195 
-0.015 0.00937378 0.0348275 
-0.0313111 -0.000785775 0.0547908 
-0.0155293 -0.0122118 0.0448709 
-0.0229136 -0.00933695 0.0059497 
0.008577090000000001 0.00408479 0.00480184 
-0.0352 -0.00158167 0.035988 
-0.0141189 0.0213239 0.0153994 
0.00199203 -0.0228116 0.0231971 
-0.0100815 -0.0184182 0.0349978 
0.0180349 -0.0158175 0.0119497 
0.019586 -0.0193061 0.00594971 
-0.0351683 0.009970730000000001 0.0438863 
0.00604849 0.0019429 0.00531046 
-0.0204057 0.00212381 0.0289314 
0.00152388 0.0264716 0.0108634 
-0.0046016 -0.014304 0.0119497 
-0.0329358 0.0158457 0.0238892 
-0.008202930000000001 -0.0242182 0.0248852 
-0.0199507 0.0122832 0.0450102 
-0.0135038 -0.0164057 0.0059497 
0.0124124 0.0220487 0.00623039 
-0.0130054 0.0170382 0.0131864 
0.00597422 -0.00691799 0.00394971 
0.00387109 -0.00634767 0.00316771 
-0.0100687 0.0237818 0.0231636 
-0.0322393 -0.00954149 0.00594999 
-0.0352 0.00613989 0.0413796 
0.00465549 -0.0242182 0.015063 
-0.0133 0.00460497 0.0531688 
0.0296161 -0.009715390000000001 0.0104151 
-0.0167352 0.0107928 0.0498492 
-0.00855855 0.0157818 0.0142669 
-0.0351962 -0.0125462 0.0201744 
-0.0173218 -0.00675975 0.08768720000000001 
-0.0116 -0.00195935 0.0755168 
-0.0115706 -0.0197341 0.037993 
-0.0335964 -0.0155468 0.0165211 
-0.00546275 -0.0106224 0.0374901 
0.023007 0.0229532 0.00756932 
-0.0269867 -0.0111783 0.0483305 
-0.00314679 -0.0075622 0.0045233 
0.0031318 0.0157818 0.0127547 
-0.0352 0.00230613 0.0174611 
-0.0104299 -0.0242182 0.0158983 
-0.0352 -0.00583728 0.0429949 
-0.0244664 0.0160247 0.0105884 
-0.012092 0.00428463 0.00224577 
-0.015 -0.0027176 0.0449031 
0.00637988 0.000822182 0.000949707 
0.0279742 -0.0138196 0.00611429 
0.00745273 -0.00342016 0.00712495 
0.0111468 -0.0159553 0.00594971 
-0.015 -0.0133585 0.0310948 
-0.0352 -0.00779778 0.0131898 
-0.0352 -0.007946709999999999 0.0165934 
0.0187941 -0.0194928 0.00594971 
0.00647786 0.0105808 0.00594971 
-0.0231015 0.0169646 0.0325867 
-0.0344997 0.0113185 0.0445322 
-0.0268961 0.00996497 0.0541737 
-0.0168716 0.000706041 0.0531292 
-0.00692437 0.00920144 0.0366997 
-0.00983437 -0.0174182 0.0205167 
-0.0252194 -0.0159537 0.0263666 
-0.0240405 0.009699940000000001 0.0558671 
-0.033471 0.00511774 0.0246714 
-0.0352 0.00880948 0.009961650000000001 
-0.0107383 -0.019705 0.0145884 
-0.0184834 -0.00803273 0.0740001 
-0.00735945 -0.0174182 0.0186931 
-0.0273921 0.00481242 0.0514884 
-0.0171142 0.0121704 0.00594971 
-0.0272646 0.00981047 0.0551431 
-0.0279124 0.00101918 0.0194299 
-0.007931209999999999 -0.008201450000000001 0.0366997 
-0.0199392 0.0191423 0.0114802 
-0.009199529999999999 -0.00920404 0.0366997 
-0.0142497 0.0137425  0.038 
-0.0277844 -0.0159537 0.0353536 
-0.000103674 0.0123428 0.0112727 
-0.009900000000000001 -0.00451261 0.0863934 
-0.015 0.00809809 0.0258125 
-0.0225451 0.0160428 0.00665056 
-0.009051089999999999 -0.0242182 0.0174421 
-0.0252879 -0.0105971 0.0506974 
-0.0256951 -0.00853894 0.064803 
0.0268535 0.0119553 0.0119497 
-0.0186569 -0.020459 0.012503 
0.015703 -0.0166442 0.0119497 
-0.0280449 0.0159537 0.0211952 
-0.0247306 0.008768099999999999 0.0643759 
0.0258222 -0.00643536 0.0119497 
-0.0133 -0.00674269 0.0565895 
0.0192112 -0.012834 0.0119497 
-0.0165986 0.000850205 0.0784753 
-0.0187079 0.00495755 0.0888655 
-0.0134638 0.0219122 0.00571256 
-0.0352 -0.0103759 0.0136952 
0.000684524 0.00239325 0.0096998 
-0.0126984 -0.00580351 0.09578970000000001 
-0.0116 -0.00389477 0.0666385 
-0.0185547 -0.0205294 0.022791 
-0.00231824 -0.00220626 0.00994971 
-0.0231011 -0.00421956 0.0268089 
0.00638859 -0.0174182 0.0201603 
-0.0143433 0.0229027 0.0263811 
-0.0168729 0.0138077 0.041698 
-0.0245275 -0.000430386 0.044889 
-0.0199314 -0.0011754 0.0291752 
-0.0109053 0.0237759 0.0115261 
-0.0156353 0.022106 0.0189169 
-0.00788463 0.0176818 0.0224067 
-0.0283779 -0.011863 0.0461212 
0.00692307 -0.0100069 0.00320764 
-0.0263654 0.009220809999999999 0.0595602 
-0.008946269999999999 0.0237818 0.0126928 
0.00370354 -0.0205433 0.0334484 
-0.0352 -0.00292538 0.013763 
0.00226862 0.0193124 0.0169067 
0.00691429 0.0237818 0.00940408 
-0.0237167 0.012333 0.0059497 
-0.0125718 -0.00629938 0.0119497 
-0.0214809 -0.0185072 0.00880326 
-0.0352 -0.0076068 0.04155 
0.00441227 -0.0174182 0.0318896 
-0.0177301 0.000109562 0.0635628 
-0.00179694 0.00753133 0.00994971 
-0.0205019 0.009767069999999999 0.00594971 
-0.00987269 -0.00588498 0.0954299 
0.00659969 0.0237818 0.0112656 
-0.0116 0.000626547 0.0778181 
-0.0124056 0.0234553 0.0304786 
-0.0232975 0.00770879 0.07267709999999999 
0.00870019 -0.010996 0.00594971 
-0.0251109 0.0159537 0.0269203 
-0.0312377 -0.0159537 0.0220215 
-0.0240251 -0.0167624 0.0324582 
-0.0169642 -0.00116139 0.09420870000000001 
-0.0159932 -0.0146052 0.0403139 
-0.00210145 0.008665290000000001 0.000949706 
-0.00868639 0.0115615 0.0119497 
-0.00276686 -0.00746557 0.00994971 
-0.00629939 -0.0162182 0.012016 
-0.0304986 0.000699547 0.0480024 
-0.000342162 -0.00289402 0.00462977 
0.0256104 -0.00294005 0.00594971 
-0.0139505 0.00997958 0.00594971 
0.00129573 -0.00726101 0.00994971 
-0.0273995 -0.0159537 0.0370163 
-0.0117622 0.00174203 0.104637 
-0.0116398 -0.00418653 0.101465 
-0.0084075 -0.0211898 0.0059497 
-0.0308117 0.0159537 0.0345587 
-0.0271235 -0.0159537 0.0265575 
-0.0188652 -0.0101309 0.0533074 
0.00389863 -0.00797732 0.00399005 
-0.0239017 0.0109829 0.0059497 
-0.0169189 0.009256449999999999 0.0592628 
-0.00361413 -0.01328 0.00594971 
-0.00444262 0.00298387 0.000949706 
-0.0176702 -0.0211385 0.0172026 
-0.0113767 0.0178555 0.00264971 
0.00671177 -0.0197026 0.0273153 
0.0230821 -0.00665024 0.0119497 
-0.0113029 0.00727159 0.0366997 
0.008834470000000001 -0.0187547 0.00594971 
-0.0187178 -0.00483006 0.0249308 
0.008537990000000001 -0.0138245 0.0119497 
-0.0152238 0.00029174 0.07481640000000001 
0.0299919 0.013147 0.008763200000000001 
-0.0008005449999999999 0.0147109 0.0119497 
-0.0348602 0.0116328 0.0424287 
0.022575 0.000432833 0.00594971 
-0.004751 -0.0174182 0.0311126 
-0.0133 -0.00594861 0.0520097 
-0.0184716 0.0157818 0.0057217 
-0.0029992 0.018545 0.00594971 
-0.015 -0.00240098 0.0189246 
-0.0124617 -0.00448877 0.0657203 
-0.00941236 0.008978979999999999  0.038 
-0.0229207 0.008948060000000001 0.0624138 
-0.011503 -0.0241749 0.0103579 
-0.0142709 0.0222439 0.00698944 
-0.00795189 0.0027057 0.102826 
-0.0352 -0.0026715 0.0368063 
0.0022183 0.0157818 0.0143143 
-0.0102593 -0.0162182 0.0316182 
-0.0100295 -0.0241858 0.008517459999999999 
-0.000278737 0.0117768 0.0053384 
0.0295597 -0.00739271 0.00738944 
0.00336185 -0.0221416 0.0329721 
-0.0068279 -0.00750434 0.0090732 
-0.0352 0.00405904 0.0409972 
-0.015 -0.000483056 0.0175919 
-0.00709545 0.00683087  0.038 
-0.009900000000000001 0.00497844 0.08761629999999999 
-0.0116 0.00470824 0.0673614 
0.00806697 -0.00344134 0.000949706 
0.0162685 0.0232317 0.00721912 
-0.0114268 0.0231377 0.015719 
0.0038866 -0.0162182 0.0164182 
0.0240256 -0.0232238 0.00981429 
-0.0107212 0.000623022 0.000949707 
-0.0296608 0.0159537 0.0294595 
0.00363015 -0.00786042 0.009711300000000001 
-0.0293702 0.0159537 0.0225233 
-0.0352 -0.0114274 0.0341976 
-0.0129075 -0.0006086969999999999 0.0657203 
-0.0152892 0.0121436 0.0445578 
-0.0217308 0.00071638 0.06604210000000001 
0.00950324 -0.0174182 0.0173983 
0.00279583 -0.0136467 0.00594971 
0.0107578 -0.0201201 0.0197547 
-0.00545974 -0.00168525 0.0374931 
0.008143879999999999 0.0207448 0.00594971 
-0.0167118 -0.0063422 0.0903282 
-0.023876 -0.0144839 0.0405184 
-0.0187678 -0.0042701 0.0219876 
-0.0185571 -0.0132036 0.0059497 
-0.0166463 -0.0120624 0.00594971 
0.0253245 0.00446899 0.0119497 
0.00359505 -0.0203213 0.0214025 
-0.0233131 0.00879752 0.0604734 
-0.0231745 -0.0173481 0.0328879 
-0.0157041 -0.0137175 0.00594971 
0.0110277 -0.00149162 0.00994971 
-0.0254817 -0.00142373 0.0708072 
-0.0352 0.000769544 0.0133738 
-0.0138162 0.000277143 0.0743109 
-0.008915940000000001 -0.0241605 0.0294756 
0.00270369 0.00274654 0.008052780000000001 
-0.0197308 -0.00683217 0.0830418 
-0.0195567 0.00563603 0.06953090000000001 
-0.0352 0.009709860000000001 0.0126842 
0.00647786 -0.0242182 0.0117116 
-0.00501709 -0.00217038 0.00455832 
-0.0275147 -0.001012 0.0652215 
-0.00383294 -0.0242182 0.0177266 
0.00184348 0.0138582 0.00594971 
-0.0225877 -0.008711190000000001 0.06517340000000001 
-0.0329227 0.0014451 0.0503632 
-0.0277297 0.0159537 0.0123306 
-0.0132603 -0.00290337 0.0119497 
0.00351006 0.0166624 0.0134959 
-0.0229032 -0.00868032 0.06547119999999999 
-0.0278904 0.0159537 0.0166316 
-0.007900000000000001 -0.00224926 0.100873 
-0.0264513 0.00753203 0.0059497 
-0.00364765 -0.0174033  0.038 
-0.0352 -0.00720904 0.0363748 
-0.0113346 -0.0162182 0.0331685 
-0.0125964 0.0164781 0.0150993 
-0.0352 -0.0111572 0.0257167 
0.0241139 -0.0190657 0.0119497 
-0.0109327 0.00700306 0.0366997 
-0.012149 0.0157818 0.0242924 
-0.015 0.00861457 0.0450791 
-0.0271994 0.0159537 0.0108757 
-0.0209791 0.00825642 0.0707387 
-0.0111251 0.00508917 0.0366997 
-0.0133 0.00235443 0.0499028 
-0.0145499 -0.00307451 0.0366997 
-0.0104313 -0.00390376 0.102089 
-0.00384342 -0.0241782 0.00846217 
-0.0185879 0.00608606 0.0873675 
-0.000280244 0.00281923 0.00994971 
-0.0267365 0.00325406 0.0282503 
0.00362391 0.0192735 0.0131831 
-0.0239931 0.00605585 0.07440479999999999 
-0.015 0.0113846 0.0183938 
0.00163147 0.0265791 0.009709239999999999 
0.0107495 -0.00553891 0.00233634 
0.0254508 -0.0107794 0.00594971 
-0.0248593 -0.00982249 0.0553984 
-0.017557 -0.0212164 0.0275556 
-0.0133 -0.00784721 0.0541717 
0.00647107 0.0237818 0.00999278 
0.00467281 -0.00359255 0.0036675 
-0.0351663 0.0129473 0.0300482 
0.00437831 0.0104601 -5.02936e-05 
-0.0352 0.00802916 0.0138534 
-0.0109561 0.0157818 0.0366913 
-0.0184456 -0.0206045 0.0132088 
-0.0155997 -0.00757561 0.0804404 
-0.0180196 -0.00668862 0.08678859999999999 
-0.0174723 -0.0171156 0.0059497 
-0.0172943 0.0071179 0.0796771 
0.0184113 0.0131072 0.00594971 
-0.00521563 0.0173083 0.0151497 
-0.0136979 0.023203 0.023074 
0.0196572 0.0237727 0.00915758 
0.00860526 -0.0049005 0.000949706 
-0.0071406 0.00818463 0.00125961 
-0.0163689 0.00717484 0.00594971 
-0.0209573 0.00912901 0.0604579 
0.0256083 -0.0146136 0.00594971 
-0.00165931 -0.00614463 0.00682195 
-0.0299793 0.0125255 0.0444181 
-0.009688830000000001 -0.0242182 0.0202271 
0.0122701 0.0203694 0.00594971 
-0.0235232 0.0166742 0.016706 
-0.00118024 0.0153903 0.00594971 
-0.0165968 -0.00660001 0.0895512 
-0.0208445 0.0185189 0.0276745 
-0.0102788 0.0157818 0.0163617 
0.0273946 -0.017614 0.011722 
-0.0132819 0.018839  0.038 
-0.015 0.0002493 0.0148311 
-0.00893273 -0.0153828 0.0366997 
0.000520607 -0.0121983 0.00534094 
0.00740709 0.00293904 0.00905919 
-0.0139983 0.0157818 0.0280815 
-0.0243558 0.00043337 0.00594971 
-0.0173311 0.0153897 0.00594971 
-0.0151471 -0.00577567 0.09444900000000001 
0.00474429 0.00314624 0.00119247 
-0.0117672 0.0114682 0.0119497 
-0.0180459 0.0157818 0.00521513 
-0.0112668 0.00502929 0.0111362 
-0.015 -0.015962 0.0366616 
0.029244 0.0170846 0.009976830000000001 
0.0028725 -0.00732937 0.008621439999999999 
-0.0252996 -0.00325391 0.07130740000000001 
-0.0133 -0.00385345 0.0469531 
0.0100357 0.00634623 0.00537145 
0.0162594 0.0234791 0.00764039 
-0.015 -0.000233481 0.0147143 
-0.015 -0.00628597 0.0237886 
0.0118204 -0.00222186 0.00418883 
-0.00656678 -0.0207182 0.0257227 
-0.00702583 -0.0185209 0.0151616 
-0.0171113 0.0154774 0.00594971 
-0.0144783 -0.0004923869999999999 0.00397069 
0.0138817 0.0120594 0.00594971 
-0.0148804 0.0118438 0.0461855 
-0.00357965 -0.0214863 0.0236165 
-0.015 0.00339262 0.0334344 
-0.0328046 -0.0044153 0.0506877 
-0.0351338 0.0130785 0.038148 
-0.015 0.00521881 0.0165846 
-0.0224274 0.0174289 0.009868989999999999 
-0.00647033 -0.0242182 0.0168918 
-0.0352 0.00673175 0.0334278 
-0.0133 -0.000933561 0.0577339 
-0.0186536 -0.0204613 0.013875 
0.0284341 0.0185309 0.00761328 
-0.0133 -0.00972258 0.0481599 
0.0247374 -0.0136647 0.00594971 
0.0112624 0.00389235 0.00159956 
-0.00134493 -0.00351924 0.00994971 
-0.0259604 0.0117852 0.0463653 
0.00247817 -0.0237877 0.007403 
-0.020721 -0.00823902 0.07099129999999999 
-0.0100429 0.00588233 0.0366997 
-0.0276842 0.000212579 0.0514584 
-0.0210376 0.000290877 0.0662909 
0.0028246 0.00684873 0.00927067 
-0.0165965 -0.015913 0.0380701 
-0.0250909 0.0157462 0.007856429999999999 
-0.00947973 0.0195343 0.00594971 
-0.0116 0.0057843 0.07497189999999999 
0.0176019 -0.0239423 0.0102065 
-0.0343848 -0.0148453 0.0344552 
-0.0352 0.00939599 0.0166894 
-0.0186541 0.00856954 0.0666635 
-0.0271733 -0.009527509999999999 0.0570882 
0.0226632 -0.0206744 0.00594971 
-0.015 0.00360854 0.018682 
-0.00573014 -0.0242182 0.0265131 
-0.0270452 -0.00330245 0.0665113 
-0.00569256 0.000212554 0.0372603 
-0.019051 0.0171119 0.00566945 
-0.0116 0.00125246 0.0797679 
-0.0326221 -0.00121605 0.0291624 
-0.0330393 0.0141781 0.0407455 
-0.0223711 0.0174676 0.0313465 
-0.0217923 -0.00836082 0.06927990000000001 
-0.0336237 -0.00506072 0.0484371 
-0.00176878 -0.0125595 0.00594971 
-0.0208118 -0.0189751 0.0117713 
-0.00211365 -0.0119095 -5.02935e-05 
-0.00183798 0.0116291 0.000909227 
-0.0100541 0.0237818 0.0284016 
-0.0241173 0.0162651 0.0171097 
-0.0352 0.0115055 0.0138939 
-0.0193098 0.00462373 0.0265389 
0.0122119 -0.022992 0.0158015 
-0.009900000000000001 -0.00442935 0.0871397 
-0.00410358 0.0176818 0.028635 
-0.0133 0.00460226 0.0561595 
-0.015 -0.0150058 0.0216371 
-0.0208572 -0.0189438 0.0167169 
-0.0119344 -0.0238614 0.0305915 
-0.00667014 0.0237818 0.0149043 
-0.027408 0.00223389 0.05149 
0.00484596 0.0107568 0.00555452 
0.0138473 0.0109827 0.00594971 
-0.0352 0.000468155 0.0360084 
-0.011139 -0.0233621 0.00687237 
-0.0201876 0.00475668 0.022462 
-0.0298867 0.00566361 0.0587045 
-0.00254483 0.0227041 0.0280938 
-0.009602660000000001 -0.0174182 0.0288257 
-0.0314012 0.0154872 0.0387763 
-0.0263942 -0.00510145 0.0507444 
-0.00575285 0.0232666 0.0311703 
0.00962116 -0.0242182 0.0154271 
-0.0116 -0.000313321 0.0682407 
-0.0108416 -0.00617042 0.09365560000000001 
0.0105529 -0.0237929 0.0169995 
-0.0339375 -0.01376 0.00674962 
0.00254091 -0.0242182 0.028775 
-0.0328855 0.0114825 0.00603187 
0.00534019 0.00318037 0.00394746 
-0.0352 -0.00149429 0.0364771 
-0.0304812 0.0159537 0.0367282 
-0.0188146 0.009893249999999999 0.00594971 
-0.0168634 0.0212603 0.0136891 
0.00722749 -0.0221686 0.0260952 
-0.015 -0.0112489 0.0131492 
0.00346681 -0.017358 0.00594971 
0.0173214 0.0234726 0.0102716 
-0.0290961 -0.000197489 0.0398296 
0.008656799999999999 0.0245083 0.00601873 
-0.0018142 -0.0162182 0.031888 
0.0154254 0.00130844 0.00594971 
-0.0044257 -0.0174182 0.0191921 
-0.0104578 -0.019943 0.0357166 
-0.015 -0.00419251 0.0149595 
-0.00804472 -0.00193794 0.000949706 
-0.0344753 0.000993337 0.0194248 
-0.023214 0.009960739999999999 0.0542228 
-0.0308394 0.0159537 0.031714 
0.00502371 -0.0222827 0.00614503 
0.0275826 0.0130714 0.0118905 
-0.0135275 0.0128119  0.038 
-0.0074367 -0.0216399 0.015561 
-0.0160786 0.008139479999999999 0.0724259 
-0.0133 0.00669827 0.0607784 
-0.0345675 -0.0034686 0.0458439 
0.0045323 -0.0067123 0.00111172 
-0.00489408 -0.00357044 0.00352303 
-0.00458176 0.0237818 0.0171136 
-0.0124136 -0.0173734  0.038 
-0.00866017 0.0157818 0.0360475 
-0.0175257 -0.010523 0.0059497 
-0.0162689 0.00702864 0.08685710000000001 
-0.00938284 0.00907063 0.0119128 
0.00532805 -0.0174182 0.0298082 
-0.015 0.0133579 0.0339334 
0.000796776 -0.00669697 0.00994971 
-0.000508029 -0.0200598 0.0059497 
0.0070927 0.0237818 0.0102895 
-0.0352 0.0085977 0.0424857 
-0.00339848 0.0237818 0.0222622 
-0.0128146 -0.00564123  0.038 
-0.008154369999999999 -0.0184182 0.0327208 
-0.0319873 0.00073053 0.0484352 
-0.00182409 0.00586956 0.00886354 
-0.009037770000000001 0.0237818 0.0264681 
-0.0117743 0.0195126 0.0159212 
-0.0119614 0.008214040000000001 0.0683383 
0.00343953 -0.00776001 0.009119270000000001 
-0.015 -0.01072 0.0298314 
-0.0274292 -0.0154073 0.00722591 
-0.0348253 -1.21701e-05 0.00749848 
-0.00462242 -0.011087 0.00203951 
-0.0041033 0.00158583 0.000949706 
-0.0169026 -0.021667 0.0257775 
-0.00842943 0.0176818 0.0273802 
-0.0174333 0.00498332 0.00594971 
-0.006232 0.0237818 0.0129067 
-0.0204892 -0.00523363 0.00594971 
-0.015 -0.00423379 0.0188976 
0.009578130000000001 0.0244246 0.00594971 
-0.0192719 0.000690681 0.0388157 
-0.012644 -0.00691757 0.0881058 
-0.0345638 -0.0145989 0.0352081 
-0.0348739 -0.00917597 0.0450023 
-0.0348487 -0.00163086 0.00754217 
-0.0352 0.00414231 0.0411598 
-0.00969866 0.0137961  0.038 
-0.00901618 0.0176818 0.0305049 
0.00585889 0.0237818 0.0100811 
-0.015 -0.00300857 0.0160682 
0.0260539 0.0211285 0.00733183 
0.0275909 -0.0186397 0.00654242 
-0.00829734 0.0220101 0.0358576 
-0.0155542 0.0221618 0.027764 
-0.0116762 -0.00818672 0.0366997 
-0.0116 -0.00604386 0.065932 
-0.0145203 0.000601242 0.0520661 
0.0047665 0.00631989 0.00340536 
-0.015 0.00468134 0.0189704 
0.00076389 -0.0163936 0.0313497 
-0.0351549 0.0130338 0.009202989999999999 
-0.0268444 0.000749932 0.0570294 
-0.015 0.00528697 0.0449322 
0.00574952 0.0226613 0.0119497 
-0.00778109 -0.0041803 0.00651136 
-0.0352 0.0103594 0.0210885 
-0.00569898 -0.0162182 0.0141534 
0.009277560000000001 -0.00120026 0.000949706 
-0.0250683 0.009046210000000001 0.0612755 
-0.008511390000000001 -0.00727868 0.00179611 
0.00445902 0.0261078 0.0119497 
-0.0107137 0.0208046 0.00458721 
-0.008458469999999999 0.0171388 0.00594971 
-0.0136989 -0.00271268 0.0366997 
-0.00820479 -0.0129843 0.0366997 
-0.0194708 -3.56875e-05 0.08732189999999999 
0.0208614 -0.0136115 0.0119497 
-0.0109036 0.0179818 0.0350553 
-0.0127087 0.000189351 0.0830359 
-0.0133 0.000310973 0.0478929 
-0.0352 0.00521732 0.020997 
-0.0247884 -0.0162367 0.0294421 
-0.00963547 0.023698 0.00825947 
-0.0133 -0.000724886 0.0590641 
0.0097024 -0.0200911 0.0217231 
-0.0266016 0.00537936 0.06773029999999999 
-0.0345162 0.0146694 0.0110485 
0.0110747 0.000810434 1.75921e-05 
-0.0352 0.009064239999999999 0.0347599 
-0.019893 8.37259e-05 0.0383615 
-0.00749854 -0.00829272 0.00994971 
-0.015 -0.0144495 0.0176157 
-0.00910993 0.0055688 0.00994971 
-0.0188204 0.015437 0.0388598 
-0.0173948 -0.000925784 0.0930257 
-0.00117107 0.0237818 0.00903314 
-0.00971471 -0.0162182 0.0158492 
-0.0163276 0.00254955 0.0199768 
0.0292816 0.0103577 0.0108961 
0.0273196 0.0205809 0.00893916 
-0.0158996 0.021924 0.0309585 
-0.0116 -0.00521901 0.0754032 
-0.015 0.008481280000000001 0.0233307 
-0.0352 -0.00675624 0.0304115 
0.00103048 0.0259782 0.00694968 
-0.015 -0.00193249 0.0434857 
-0.0228076 0.017167 0.0179724 
-0.011611 0.0237302 0.0112345 
-0.0150093 0.00955436 0.0571003 
-0.0352 0.00851706 0.0176876 
-0.010169 0.0171554 0.00594971 
-0.0347127 -0.00166046 0.0196853 
-0.00723941 -0.0231195 0.0153707 
0.00817237 0.0238485 0.00750792 
0.00386939 0.00193446 0.009031610000000001 
-0.0348385 0.0106343 0.044627 
-0.015 0.0146613 0.0321331 
-0.00263546 -0.0242182 0.0171785 
0.00908898 0.004877 0.009502 
-0.0108192 -0.00562841 0.0966089 
-0.0199567 0.0181893 0.0370082 
-0.007823399999999999 -0.0242182 0.0180107 
-0.0352 -0.0112201 0.0226051 
-0.0212498 -0.009026910000000001 0.0616416 
-0.0178332 0.00288308 0.0201797 
-0.0104109 -0.0106972 0.00594971 
-0.0116 -0.00113209 0.0849072 
-0.0105305 -0.0107895  0.038 
-0.0202429 -0.000395598 0.0446606 
-0.00359919 -0.0118061 0.00594971 
-0.0146898 -0.00553774  0.038 
-0.0212415 0.0181985 0.0354762 
-0.007961889999999999 0.0221081 0.0355064 
-0.00994105 0.00544222 0.00540561 
0.000388809 0.00245313 0.00459028 
0.00490206 0.0203976 0.0119497 
-0.00860114 -0.00237697 0.0366997 
0.00910678 0.0275972 0.00594971 
-0.0123086 0.00428463 0.00419485 
0.000751339 -0.00639198 0.00994971 
-0.0343516 0.0100473 0.0460107 
-0.0139962 -0.008405579999999999 0.0687315 
-0.0295033 -0.000917996 0.0059497 
-0.0321499 -0.0159537 0.0157912 
-0.0352 0.00142369 0.00896634 
-0.020263 -0.0107091 0.050214 
-0.0133425 -0.009395830000000001 0.0532029 
-0.0321246 -0.000670779 0.0394404 
0.0232315 0.00308917 0.00594971 
-0.0352 0.0100678 0.0166746 
-0.0101284 0.00186378 0.08537500000000001 
0.00385502 0.00356666 0.0028374 
0.00751341 -0.0210366 0.00594971 
-0.00234263 -0.0101141 0.00994971 
0.009167979999999999 0.0125868 0.00594971 
-0.00147651 0.0120322 0.0110572 
0.00687044 0.0237049 0.00594971 
-0.0138073 0.0231584 0.0185237 
-0.016304 0.00608425 0.0918036 
-0.0224836 -0.00602907 0.0782632 
-0.015 0.009042949999999999 0.0145876 
-0.0217649 0.000459115 0.0293354 
-0.0125377 -0.00239876  0.038 
0.00779043 -0.0220023 0.0251257 
-0.0079553 0.0110248 0.00594971 
-0.0133 -0.000324765 0.0511924 
-0.0149072 0.000260365  0.038 
-0.0213535 7.88885e-05 0.0542357 
-0.0139711 -0.000717676 0.06275459999999999 
-0.0164874 -0.00403117 0.0271121 
-0.0256559 0.0159537 0.0227902 
-0.0133 -0.00782415 0.0550159 
-0.0345277 -0.000700662 0.00705901 
-0.00784351 0.0150362 0.0119497 
-0.0231503 -0.00943252 0.0580786 
-0.0239195 -0.000180575 0.0608787 
-0.0129036 0.00555103 0.0366997 
-0.008088379999999999 -0.0166276 0.0148025 
-0.0208557 -0.0135963 0.0420808 
-0.0106376 0.000908113  0.038 
-0.015 0.0150669 0.0333591 
0.00450631 -0.0242182 0.010008 
-0.0244165 0.0159087 0.007967159999999999 
-0.0332521 -0.0104948 0.047503 
-0.0267757 0.00110519 0.019449 
0.0045271 0.00627468 0.00239605 
-0.00367678 -0.0242182 0.0201572 
-0.0352 0.00241666 0.0112187 
-0.0144594 0.022848 0.0223617 
0.00285141 0.00840785 0.00994971 
-0.0186248 0.00902648 0.0615609 
-0.00564512 0.009819349999999999 0.0373078 
-0.015 -0.00390003 0.0130445 
-0.00624748 -0.0242182 0.02704 
-0.0323905 -0.0023387 0.0518252 
-0.0336168 -0.0100201 0.0474919 
-0.01417 -0.00530376  0.038 
-0.00337481 0.0112938 0.00507553 
-0.0315095 -0.00274521 0.0284385 
-0.0319806 -0.00458158 0.0226869 
0.00502248 -0.000439022 0.000949706 
-0.007953389999999999 0.00237442 0.103296 
-0.00114761 0.0201794 0.0262928 
0.00690401 -0.0242182 0.0117326 
0.0270586 -0.0129059 0.00595227 
-0.00161708 -0.00448563 0.000949707 
-0.0233964 0.00436177 0.060555 
-0.0264494 -0.00107386 0.0291989 
-0.0253968 -0.00200793 0.0059497 
-0.0253192 -0.00507503 0.07125339999999999 
0.00397651 -0.0242182 0.0157446 
-0.00119394 -0.0101416 0.000166054 
-0.00673853 -0.0190883 0.0133192 
0.000658583 -0.0174182 0.0190698 
-0.00162486 -0.00422503 0.00971784 
-0.0348122 0.0128984 0.040144 
0.00504484 -0.0183373 0.0264602 
-0.00441542 -0.0066761 0.00310091 
-0.0115869 0.0170582 0.0350073 
-0.0119566 0.0105819 0.00594971 
-0.00363953 0.0176818 0.0296476 
0.00223271 0.00600249 0.00507627 
-0.0139272 0.0157818 0.0146465 
0.0190008 0.0172909 0.00594971 
-0.0352 -0.00415552 0.0366384 
-0.0262117 0.0101448 0.0530468 
-0.00532582 0.0176818 0.0165423 
-0.0106902 -0.0232663 0.0134477 
-0.024186 -0.0166516 0.0244126 
-0.0195855 0.0193858 0.0237684 
0.00608901 0.000378556 0.000949706 
-0.0347003 0.00720417 0.0454792 
-0.0117203 -0.0198513 0.0059497 
-0.0185804 -0.0205117 0.019674 
-0.0352 0.012127 0.0116043 
-0.015 0.00126423 0.0360666 
-0.0318263 0.00140195 0.0291846 
-0.0254743 0.0159537 0.0219144 
-0.000526646 0.00242839 0.009628350000000001 
-0.0149701 0.0157818 0.0160379 
-0.0116 0.00411255 0.08097070000000001 
-0.034799 -0.0139829 0.008252570000000001 
-0.00487648 -0.0174182 0.0279523 
-0.0147266 -0.00364619 0.0366997 
0.00442616 -0.0174182 0.0313258 
0.0092272 -0.0238567 0.00752453 
0.0244406 0.0009280719999999999 0.00594971 
-0.0352 0.00678127 0.0205061 
-0.0123135 -0.000740837 0.0835437 
-0.0294934 -0.000186127 0.0465771 
-0.0352 -0.0121203 0.0341531 
-0.015 -0.0109357 0.035778 
-0.0153724 -0.00924816 0.0593478 
0.0248355 0.0194714 0.011911 
-0.0119443 -0.00424333 0.011321 
-0.0274224 0.0157149 0.0383973 
-0.0220906 0.00731114 0.0059497 
-0.00816323 -0.0179255 0.0338288 
-0.0330377 -0.0158134 0.0211678 
-0.0262866 0.00892781 0.0619446 
-0.0251593 0.00981835 0.0551064 
-0.0133 -0.00273822 0.0575644 
-0.02014 0.0134327 0.0424229 
0.00389993 0.00192163 0.00706508 
-0.00388374 -0.0158115 0.00594971 
0.00153151 -0.0149689 0.00594971 
-0.0241389 -0.008894020000000001 0.0608826 
-0.0352 0.00799423 0.0121277 
-0.015 -0.0016265 0.0430306 
-0.0313182 0.00428481 0.0215717 
-0.0151639 0.0117195 0.0460657 
0.0130205 0.00231082 0.0119497 
-0.0339896 -0.00983152 0.00654467 
-0.015 0.00453172 0.0134057 
-0.0126076 -0.00777816 0.0772602 
-0.000622822 -0.0121916 0.00193934 
 -0.01 0.0162954 0.018278 
-0.0123775 -0.0240359 0.0214189 
-0.026615 -0.00640559 0.0505236 
-0.0283775 0.0116455 0.0059497 
-0.0133 0.00523439 0.0506854 
-0.015 0.0117655 0.0130376 
-0.0125389 0.00496393 0.0992431 
0.0106527 -0.0162182 0.0142006 
-0.0352 -0.00365518 0.0375072 
-0.0100936 0.00563614 0.0944627 
-0.00211165 0.0236555 0.00809167 
-0.0106547 0.0207336 0.014994 
-0.0133 -0.00459138 0.0641275 
-0.015 -0.00485308 0.0449623 
-0.00427134 -0.0162182 0.0334746 
-0.009984379999999999 0.011211  0.038 
-0.015 -0.00377408 0.0322775 
-0.0352 -0.00157656 0.0309563 
-0.015 -0.00554215 0.043174 
-0.00271955 -0.0192925  0.038 
-0.0350138 -0.0136488 0.0147343 
-0.0174762 -0.00744225 0.0821736 
-0.0221397 -0.00438016 0.079989 
-0.0144649 -0.008065019999999999 0.073529 
-0.016858 -0.0216978 0.0121412 
-0.0262929 0.0112662 0.0480047 
0.0127825 -0.0130924 0.0119497 
-0.0133 -0.00755073 0.0509176 
-0.0105877 0.00305652 0.103517 
-0.015 -0.0105011 0.0200154 
-0.0261726 0.00498838 0.0255222 
0.00183765 0.00175704 0.00555077 
-0.0301827 0.0068024 0.0059497 
0.0058934 -0.0236132 0.0263981 
-0.0116 0.00214847 0.073021 
-0.0186458 -0.0108499 0.0059497 
-0.00293722 -0.00543656 0.00288901 
-0.0100615 -0.0242182 0.0116528 
-0.010075 -0.0122756 0.0119497 
-0.0116822 -0.00662568 0.0847349 
-0.0158706 0.00126945 0.09721340000000001 
0.0202286 0.0208398 0.0119467 
0.0274259 0.00119302 0.00598277 
-0.0116 -0.00647009 0.07883080000000001 
0.0108749 0.00932379 0.00594971 
-0.015 -0.00473611 0.0420578 
0.00529267 0.00770913 0.009571690000000001 
0.0019535 0.00481792 0.008522389999999999 
0.00270055 -0.0170797 0.0357264 
0.0198082 0.00692927 0.0119497 
-0.026885 -0.0159537 0.0225695 
-0.0116 -0.00252679 0.0707943 
-0.0279846 -0.0157455 0.00786165 
-0.0212633 -0.0186642 0.010407 
-0.0130993 -0.0116557 0.00594971 
-0.0205044 -0.0191868 0.0093787 
-0.0351923 -0.0126731 0.0225721 
-0.00997899 0.0157818 0.0345472 
-0.00761839 -0.00815317 0.0031026 
-0.0352 0.0116087 0.0278645 
-0.0269004 0.0159537 0.0369543 
-0.0320494 0.000708614 0.0527625 
0.0218628 0.0232507 0.00756254 
0.0238268 0.00163046 0.00594971 
-0.0101042 0.0143751 0.0119497 
-0.00595666 -0.0216704 0.0141146 
-0.0156324 -0.0136169 0.0419153 
-0.0221936 0.0171331 0.00749866 
-0.0178095 0.00706747 0.0854036 
-0.0129729 0.000538839 0.07270799999999999 
0.000344238 -0.00289449 0.00694948 
-0.0202169 -0.0101885 0.052907 
-0.030062 -0.0113786 0.0476151 
-0.0244915 -0.0143581 0.0407258 
-0.00532452 -0.0218067 0.037001 
-0.0133 0.00626467 0.0473733 
-0.0118793 0.0157818 0.0275216 
-0.00402117 0.0201148 0.00594971 
-0.0273928 0.000710635 0.0569742 
0.0044154 -0.00811977 0.00539158 
-0.017015 -0.00341473 0.0782069 
-0.0178026 -0.0100524 0.05385 
-0.0285941 0.00724386 0.0615992 
-0.0136581 -0.00535276 0.0875903 
-0.00817702 -0.0139432 0.0119497 
-0.00288795 -0.0118552 0.00233564 
-0.0114955 -0.0174182 0.0257893 
0.00192239 0.0116227 0.00199584 
-0.0236325 0.000609075 0.0563238 
-0.0142161 -0.00683497 0.0119497 
-0.015 -0.01196 0.0167447 
0.0132689 -0.014252 0.0119497 
-0.0116 -0.00504052 0.0830017 
-0.0022 -0.0194317 0.0247235 
-0.028035 0.0120835 0.0455235 
-0.0117508 0.0157818 0.0286875 
-0.0263963 -0.0133669 0.0425528 
-0.00884537 -0.00301862 0.103566 
-0.0231582 -0.0173594 0.0266297 
0.0151493 0.0234628 0.00760902 
-0.0128142 -0.00139254 0.0882289 
-0.0352 0.00417841 0.0345186 
-0.0352 -0.00173059 0.0124052 
-0.0285147 -0.00485754 0.0241051 
0.0193673 -0.0224098 0.00619869 
-0.0245661 -0.00934166 0.0586901 
0.0119889 -0.0007302949999999999 0.00412537 
-0.0328244 0.0158764 0.0360899 
-0.00488352 -0.0163528 0.0313497 
-0.008241790000000001 0.00488311 0.09865690000000001 
0.0215168 0.0140839 0.0119497 
-0.00308778 0.0217371 0.00594971 
-0.0326375 0.0159156 0.0300807 
-0.0133 0.008702430000000001 0.0507444 
-0.015 0.0124655 0.0127344 
-0.0284858 -0.0159537 0.0321002 
-0.0257556 -0.0159537 0.0154351 
-0.0130694 0.000729416 0.00270215 
-0.009407270000000001 -0.0181185 0.0338064 
-0.00562656 0.00181176 0.008503780000000001 
-0.0352 -0.00848926 0.0129121 
-0.0330324 -0.0158151 0.026063 
0.0198784 0.0221532 0.0116147 
0.00315266 -0.0117866 0.00263746 
-0.023895 -0.00450006 0.00594971 
-0.0184107 0.0171488 0.0379583 
0.00139628 -0.021334 0.0368419 
-0.035193 -0.0126582 0.0176126 
-0.019433 -0.0130239 0.0432934 
0.00357045 0.0277818 0.008079630000000001 
-0.0133032 0.0091117 0.0535751 
-0.0219965 -0.000476651 0.0665211 
-0.00269398 0.0176818 0.0225956 
-0.0345643 0.0134548 0.00732309 
0.00985459 -0.0179539 0.0214308 
-0.030093 0.0042999 0.0215954 
-0.0299371 0.0159249 0.00855324 
-0.0174996 0.0112695 0.0479929 
0.0119889 -0.000221956 0.00534667 
-0.015 0.00391341 0.013673 
0.0227721 0.0014964 0.00594971 
-0.0138062 -0.0235903 0.0220003 
-0.0157324 0.0050217 0.0253719 
0.0118472 0.001631 0.0030856 
-0.00377816 -0.007927160000000001 0.00727528 
0.00581761 0.0229921 0.00594971 
0.0240659 0.0125648 0.00594971 
-0.0154274 0.00786132 0.07649060000000001 
-0.0120367 -0.000730831 0.08338760000000001 
0.0203321 -0.00136527 0.00594971 
-0.015 -0.0026221 0.0454632 
-0.00812733 0.0040198 0.100903 
-0.0164172 0.0039642 0.095272 
-0.00232228 0.00238756 0.00994971 
0.0211671 -0.014835 0.00594971 
1.33833e-05 -0.0116342 0.0101235 
0.00664854 -0.00765869 0.00994971 
0.00631444 -0.00426496 0.00235421 
-0.00743183 0.0176818 0.0213636 
-0.020838 0.0161297 0.00613262 
0.0234887 -0.0120732 0.0119497 
-0.00092137 0.0190501 0.00594971 
-0.0351175 0.009345310000000001 0.00825334 
-0.0133211 0.008028179999999999 0.0636907 
-0.015 0.00373949 0.0458518 
0.0199947 0.0103783 0.0119497 
-0.0143097 -0.0168014 0.0059497 
-0.0214444 0.0154423 0.0388509 
0.01394 -0.0166277 0.0138271 
0.0159676 0.0186582 0.0119497 
-0.00536458 0.00263941 0.0378788 
-0.0239504 -0.00569991 0.07479959999999999 
0.0252768 -0.01523 0.0119497 
0.0117837 0.000900034 -5.02935e-05 
-0.015 -0.0161815 0.0366683 
0.0101104 0.00623751 0.00190182 
0.00599991 -0.0226055 0.0280485 
-0.0109165 0.0237741 0.0248697 
-0.0159314 -0.0223358 0.0291211 
0.00295641 -0.00110209 0.008818629999999999 
-0.0235071 0.000454235 0.0762321 
0.0263072 0.0009962860000000001 0.00594971 
-0.0133 0.00167057 0.0524874 
0.0169516 -0.0108817 0.00594971 
-0.00568717 0.00763748 0.00587543 
0.0140592 -0.0183399 0.0136067 
-0.0227394 -0.0176478 0.0162996 
-0.0281867 0.000742409 0.0576242 
-0.0121166 -0.0024219 0.0366997 
-0.0352 0.00437713 0.0132505 
0.00149199 -0.0220191 0.0356259 
-0.0133 -0.00182473 0.053755 
-0.0278071 -0.0159537 0.0208623 
0.0263074 -0.00356343 0.0119497 
6.96736e-05 -0.004775 0.000949706 
-0.0317874 0.000266496 0.0059497 
-0.0308685 0.0159537 0.0365249 
-0.0140994 0.0173799  0.038 
-0.0352 -0.00472891 0.0209175 
-0.0345271 -0.0146539 0.0216755 
-0.0126343 -0.00185533 0.0114591 
-0.00320662 0.00717075 0.00482285 
0.0129276 -0.0162182 0.0156534 
-0.0322364 0.0104595 0.0490268 
-0.00451943 0.0203218 0.0351209 
-0.0078 -0.0202521 0.0242249 
0.0040024 0.0253683 0.0077344 
-0.0277599 -0.00436723 0.06454790000000001 
-0.0292759 0.00720888 0.0599601 
0.029048 -0.0182054 0.00816277 
-0.00763916 -0.00649226 0.0061886 
-0.0294298 -0.000715726 0.0577327 
-0.0272316 -0.0111913 0.0482833 
-0.0112546 -0.00560183 0.0111878 
-0.00263671 -0.0181304 0.00594971 
-0.0112706 -0.0162182 0.0334763 
-0.0133 0.00822324 0.0583275 
-0.0106759 0.0126507 0.00594971 
-0.0135197 0.0157818 0.0260692 
0.00300064 0.00861251 0.00994971 
0.0229484 -0.0236628 0.009700510000000001 
-0.012997 -0.0162182 0.0349088 
0.00454688 0.0157183 0.00594971 
0.00543544 0.00769144 0.009504810000000001 
0.0218935 -0.0076987 0.00594971 
0.022658 -0.0115697 0.00594971 
-0.0161796 0.009147819999999999 0.0603295 
-0.0265727 -0.0159537 0.0160746 
-0.0144741 -0.000299648 0.0532568 
0.0163993 5.81215e-06 0.00594971 
0.00702191 0.00666219 0.00394971 
0.00208561 -0.00428482 0.00660438 
-0.0302123 -0.000721629 0.0478278 
-0.009900000000000001 -0.00429483 0.090349 
-0.009900000000000001 0.00103774 0.0898465 
-0.009958369999999999 0.00554952 0.09331449999999999 
-0.00716416 0.0228432 0.032763 
-0.0321956 -0.00403704 0.0523608 
-0.0127856 7.6584e-05 0.00244654 
0.00723885 -0.00321072 0.00757379 
-0.0142379 -0.0118175 0.0462599 
-0.00990157 0.00587483 0.0886976 
0.0256955 0.00776423 0.00594971 
-0.0199588 0.000702423 0.0393684 
-0.013008 -0.0214952 0.0373043 
-0.0137784 -0.0235984 0.0167105 
-0.0258433 0.0137717 0.0417574 
-0.017941 0.008802290000000001 0.0639044 
0.0130694 -0.000430334 0.0117857 
-0.0252044 0.00369832 0.0278514 
-0.0195869 0.0108264 0.0497127 
-0.0124989 -0.0111419 0.0366997 
-0.0327483 9.7685e-05 0.0477442 
-0.0352 0.00487479 0.0321202 
-0.0208311 -0.00205551 0.0688154 
0.00369772 0.00373726 0.00313794 
-0.0116787 0.0165533 0.0341023 
-0.0244568 0.0112582 0.048033 
-0.0276003 0.00622153 0.0649005 
-0.0133 0.00537416 0.0541325 
0.00731897 -0.0174182 0.0228496 
0.0212928 -0.0210995 0.00594991 
-0.015 0.00734692 0.0354105 
-0.00859881 0.0234346 0.0305558 
-0.007996329999999999 0.0176818 0.0222504 
-0.0145352 -0.00756912 0.0803981 
-0.0271906 0.0147865 0.00657756 
0.0116547 -0.00303985 0.00347116 
-0.0140907 0.00738575 0.0828117 
-0.0136059 0.0211073 0.0363282 
-0.0217306 -0.00741065 0.0769576 
0.0132196 0.0236947 0.00965769 
-0.008490660000000001 0.0237818 0.0254659 
-0.0130848 0.0108776 0.0119497 
-0.0177519 -0.00733231 0.08358350000000001 
-0.0126908 -0.00712996 0.0657203 
0.0288137 -0.0189158 0.00886895 
-0.0208212 -0.0189686 0.0320574 
-0.0193769 0.0022977 0.00594971 
0.00536129 -0.0242182 0.013634 
-0.0276066 -0.0149537 0.0397069 
-0.009019299999999999 0.000793171 0.000949706 
-0.0352 0.000868091 0.038454 
-0.0286211 0.0133295 0.0426529 
-0.0290317 -0.000631928 0.0059497 
-0.012441 -0.00188853 0.0112716 
-0.00778825 0.0141904 0.0119497 
-0.0161664 -0.0006900260000000001 0.0789673 
-0.0264591 0.0159537 0.0318547 
-0.00353273 0.00312349 0.00394971 
0.00711492 0.0156993 0.00594971 
0.00831194 0.00781371 0.0102726 
0.0180573 -0.0005334820000000001 0.00594971 
-0.0258498 -0.00026197 0.055918 
0.00851379 -0.0242182 0.0145966 
-0.0100572 0.0237818 0.022493 
0.0062271 -0.0242182 0.0138173 
0.0283232 0.00437655 0.0116398 
-0.0352 -0.00372882 0.0435092 
-0.0107592 0.0237804 0.024078 
0.008737669999999999 0.00267587 0.000949706 
-0.0116 -0.00649067 0.0664515 
-0.0317985 0.0087294 0.0525294 
-0.00306562 -0.0199641 0.0264662 
-0.0352 0.00562388 0.0217015 
-0.0352 -0.00593664 0.0438755 
0.0037732 0.0277395 0.0059497 
0.0191863 0.0220693 0.00624103 
-0.0117323 -0.00451524 0.100649 
0.00490825 -0.0111629 0.00384277 
-0.0133 -0.0042575 0.0625814 
-0.009900000000000001 -0.00206441 0.09071070000000001 
-0.009900000000000001 -0.000490643 0.09258280000000001 
-0.008077050000000001 0.0146824 0.0119497 
0.000398577 0.0108697 -5.02935e-05 
-0.0320855 0.000610558 0.0487566 
-0.0341902 0.0150666 0.0355562 
-0.00995352 -0.023111 0.00662318 
-0.00541381 0.00769306 0.00642751 
0.0296136 0.0120269 0.00747948 
-0.00947602 -0.0242182 0.019174 
-0.0305958 0.0116851 0.0466732 
0.0160952 -0.017251 0.00594971 
-0.0352 0.00171075 0.0156854 
-0.0197458 -0.00472078 0.0255403 
0.00881432 0.00791559 0.0052872 
-0.015 0.0034184 0.0306108 
-0.0116 -0.00531225 0.0801552 
-0.0228735 0.00638463 0.0768104 
-0.00477068 0.0176818 0.0252457 
-0.00809228 0.0230618 0.0319469 
-0.0129788 0.00428463 0.0051695 
-0.0352 0.00360042 0.0420473 
0.0238468 0.0229743 0.008579979999999999 
-0.00692424 -0.0174182 0.0286864 
-0.0352 0.00997602 0.033854 
-0.0235878 0.0166297 0.0180965 
-0.0141316 0.0100565 0.053459 
-0.0348568 0.007835119999999999 0.0450492 
-0.0352 -0.00539144 0.028482 
-0.0350605 0.00282725 0.0444896 
-0.0247093 -0.00433393 0.0729292 
0.00715574 -0.0162182 0.0126637 
0.0222658 0.0151276 0.0119497 
0.00340427 -0.0242182 0.00980846 
-0.0352 -0.0111481 0.0235671 
-0.00644431 -0.00493429  0.038 
-0.009844800000000001 -0.0242182 0.009407799999999999 
-0.0153865 0.0006064 0.0852516 
-0.00228866 -0.0174182 0.0307705 
-0.00640745 0.00612542 0.000949706 
0.0123933 0.00800361 0.00594971 
-0.0095888 -0.0242182 0.0285904 
-0.0271084 -0.0100405 0.053895 
-0.0200684 -0.00376606 0.0700423 
-0.00526265 -0.00253352 0.00394971 
-0.0334787 0.0145556 0.0397847 
0.00902989 0.0216655 0.00594971 
-0.011188 0.00428463 0.00381723 
-0.00641411 -0.00778416 0.00703881 
0.0229538 -0.0121734 0.00594971 
-0.0234782 -0.017139 0.0298497 
-0.0112947 -0.00673393 0.0897052 
-0.00452941 -0.0162182 0.0136652 
-0.0219573 0.00689295 0.07800020000000001 
-0.015 0.0154098 0.0357277 
-0.00741672 -0.0169346 0.0059497 
0.00357648 -0.00598719 0.00115851 
-0.0351503 -0.0130592 0.0101534 
-0.0116 0.00623706 0.0711827 
-0.0179565 -0.00554644 0.0898578 
0.008898949999999999 0.0255792 0.00594971 
-0.0134471 -0.000748191 0.0521956 
-0.0228031 0.0047193 0.0223717 
-0.0233061 0.000326724 0.0384316 
-0.0172785 0.0209616 0.0352487 
-0.0178448 -0.0135117 0.0422521 
0.00327918 0.00722063 0.00679424 
-0.0352 0.00946931 0.0207889 
-0.0217954 -0.0143668 0.0407278 
-0.0331661 -0.0157637 0.0172502 
-0.0209663 -0.0107617 0.0500007 
0.00195307 0.00465508 0.00967285 
0.00968596 0.0261587 0.0119497 
-0.00745969 -0.00932206  0.038 
-0.008311529999999999 0.000700545 0.000949706 
-0.0311067 0.0159537 0.0131119 
-0.0138798 -0.023557 0.0147566 
0.0210845 -0.0148957 0.00594971 
-0.00106875 0.0176818 0.0220953 
-0.00676242 -0.0111626 0.00594971 
-0.024763 -0.0129546 0.0434447 
-0.0192769 -0.0109019 0.00594971 
0.000302108 -0.0207182 0.0239703 
0.0117824 -0.0119171 0.0119497 
-0.009900000000000001 -0.00527003 0.0897447 
-0.0130884 -0.00418471 0.100714 
-0.00704622 0.0164105 0.0335497 
-0.0296131 -0.009345350000000001 0.0555954 
-0.000764905 0.00463073 0.00557922 
5.03622e-05 0.00832069 0.000949707 
0.00257951 0.0019486 0.000949706 
0.008812510000000001 -0.00475176 0.00662597 
-0.00298971 -0.00548796 0.00312801 
-0.0352 -0.0110567 0.0333933 
-0.00335711 0.0237818 0.0226191 
-0.0188636 0.00770236 0.00594971 
-0.0352 -0.00321342 0.0293185 
0.00390394 -0.0190263 0.0330359 
-0.0352 -0.008726670000000001 0.0252618 
-0.0261461 -0.00901826 0.0059497 
0.00476321 -0.0202391 0.0312657 
-0.00216488 0.0237818 0.0100353 
-0.00180074 0.0237818 0.0125392 
-0.0201162 -0.0194541 0.0315596 
-0.0257443 0.00363715 0.0700856 
-0.00326316 0.009177050000000001 0.000949707 
-0.0207056 0.0186145 0.0168065 
-0.0322932 -0.00376873 0.0520927 
-0.00639637 -0.0167864 0.00594971 
-0.015 0.0115661 0.0233751 
0.0288303 0.0112534 0.0065763 
0.00537594 -0.000300601 0.000949706 
-0.00127282 -0.0212025 0.0375185 
-0.0340052 0.0152443 0.016135 
0.00116676 -0.00265112 0.00310527 
0.0216346 -0.020805 0.00594971 
1.12885e-06 0.0249488 0.0107549 
-0.0352 0.00534648 0.0434905 
-0.0149074 -0.00822084 0.0119497 
-0.009854760000000001 0.00453207 0.095375 
-0.00869645 -0.0242182 0.0194633 
-0.0245905 -0.009016079999999999 0.0615825 
0.00776277 -0.009354950000000001 0.00392109 
-0.00832726 0.0237818 0.023742 
-0.0129005 0.0201608 0.00264971 
-0.0316561 -0.0148116 0.00659505 
 -0.01 0.0171168 0.0292236 
0.0176781 -0.0102314 0.00594971 
-0.0117373 -0.0162182 0.0359561 
-0.0329697 -0.00476442 0.0253435 
-0.0187472 0.000593328 0.0386487 
-0.0266185 -0.00493353 0.0505203 
-0.0133 0.00559108 0.0651457 
0.0121821 0.0218431 0.0119497 
0.0177619 -0.010863 0.00594971 
-0.00261304 -0.0188886 0.00594971 
-0.0267235 -0.0159537 0.0100206 
-0.0147926 -0.0174182 0.0218909 
-0.0313831 -0.0017317 0.054593 
-0.013598 -0.0103932 0.050315 
-0.0235995 0.0087898 0.0059497 
0.008575879999999999 -0.009997600000000001 0.0117234 
0.00561484 0.0103824 0.00382092 
-0.0223213 -0.0149352 0.0397539 
-0.0242422 -0.00471987 0.0255445 
0.0298113 0.0133394 0.00790482 
0.0009841540000000001 0.0117346 0.00287045 
-0.00918979 0.0182631 0.00594971 
-0.0205559 -0.000776473 0.0843405 
-0.0348389 -0.0141057 0.0322088 
-0.0289755 0.0112255 0.0481482 
-0.0188483 -0.00819169 0.0716815 
0.00140579 -0.0143256 0.00594971 
-0.00673156 -0.0213692 0.013326 
-0.0344163 -0.0123382 0.00692892 
-0.00705822 0.014711  0.038 
0.0122593 0.0244744 0.00761473 
0.0213514 0.00761326 0.00594971 
0.0226155 0.0168447 0.00594971 
-0.0136694 -0.008102079999999999 0.0729827 
-0.0190257 0.000621293 0.08854480000000001 
-0.015 0.0113803 0.0313894 
-0.013045 -0.0238621 0.019072 
-0.0252873 -0.00307141 0.0059497 
-0.0221595 -0.0111793 0.0483261 
-0.023133 -0.00465245 0.0772601 
-0.0292607 -0.00233179 0.0059497 
-0.00549925 0.01603 0.0151497 
0.0271002 -0.0210618 0.008077890000000001 
-0.00636047 0.00524087 0.0366997 
-0.009900000000000001 -0.00121624 0.0934861 
0.00365299 -0.0241581 0.0280609 
0.0215201 -0.000796984 0.0119497 
-0.0170813 0.00511028 0.0238951 
0.0221603 -0.0172985 0.00594971 
-0.0288263 0.000115525 0.0616179 
0.0107356 0.00513274 0.00302824 
-0.0200668 0.000744689 0.0546503 
0.0176695 0.0145231 0.00594971 
-0.0162119 0.00220047 0.09627570000000001 
-0.00150569 -0.00544805 0.000949707 
0.00475977 0.0210956 0.0119497 
-0.0180411 -0.00930749 0.0589417 
0.00835788 0.0252172 0.00611067 
-0.0172079 -0.00122255 0.0935392 
-0.0057819 0.00893768  0.038 
0.0198907 0.0237804 0.008981350000000001 
-0.0196903 -0.0092117 0.0596416 
-0.00537782 0.0156172 0.0379152 
0.0271251 0.00589791 0.0119442 
-0.0138595 0.00472235 0.0460657 
-0.0159731 0.0100998 0.0533199 
-0.0168274 -0.000433551 0.0420889 
-0.0280437 0.009189309999999999 0.0583484 
-0.0208289 -0.00270508 0.0835905 
-0.0101445 0.00406122 0.101757 
-0.0352 0.0104018 0.0363046 
-0.00369936 -0.0181277 0.00594971 
0.0100672 0.0050138 -5.02935e-05 
-0.0168866 -0.007949609999999999 0.0752123 
-0.00465284 0.0176818 0.0307739 
-0.021051 0.000756846 0.0193937 
-0.0135434 0.0232641 0.0164324 
0.0243942 0.0161785 0.0119497 
-8.45321e-05 -0.0232662 0.0328129 
0.0176946 0.00915586 0.0119497 
-0.0292775 -0.0121171 0.0454429 
-0.017111 0.0101116 0.053285 
0.00482122 0.00297638 0.000949706 
-0.015 0.0143514 0.0149745 
-0.0133351 -0.0204131 0.0378792 
-0.00779015 0.0217634 0.0364475 
-0.0135009 0.0175045 0.0350327 
-0.0327598 -0.00485323 0.0240066 
-0.00769634 -0.0174182 0.0268849 
-0.015 0.0103027 0.0446607 
0.011774 0.00205287 0.00336574 
0.000117094 -0.0174182 0.0229624 
-0.01017 0.00640961 0.0897046 
0.013943 0.0235393 0.00777491 
-0.00772749 0.00585735 0.00454964 
-0.0348881 -0.0101142 0.00762016 
-0.0328535 0.00257607 0.0199906 
-0.0262705 -0.0032565 0.0686398 
-0.0117345 0.0201872 0.0327972 
0.0247977 -0.0223756 0.0072435 
0.0104454 -0.00251637 0.000452783 
0.0120635 0.0210172 0.0119497 
-0.0213035 -0.0071154 0.0692198 
-0.0170485 -0.009536579999999999 0.0573778 
-0.00080193 -0.00746704 0.00994971 
-0.0189659 -0.0138835 0.0059497 
-0.0352 0.00453477 0.00935951 
-0.00303979 0.0189706 0.0314915 
-0.0189886 -0.00909827 0.0608793 
-0.0272765 -0.0136164 0.0420395 
-0.015 -0.0121101 0.0295389 
-0.0351956 -0.0125613 0.0377399 
-0.009900000000000001 0.00147619 0.09494619999999999 
0.00659096 0.00536376 0.00146472 
-0.00822561 -0.0232498 0.0326842 
-0.0352 -0.0028315 0.0392329 
-0.0136504 -0.008541429999999999 0.0641603 
-0.032915 0.0158517 0.0203472 
-0.0242867 0.000979059 0.0740903 
-0.00191164 0.00168818 0.00163065 
-0.015 0.000447411 0.0295948 
-0.000678739 -0.0174182 0.0302402 
0.0106626 -0.009760680000000001 0.0119497 
0.0153775 0.00237767 0.0119497 
0.009992579999999999 -0.0228556 0.0201044 
-0.011201 0.00117827 0.00101977 
-0.029926 -0.0139229 0.0414504 
-0.015 0.00782011 0.0286623 
0.0251199 -0.0185233 0.00594971 
-0.0285629 -0.00942057 0.0567037 
-0.0352 -0.00500625 0.0235166 
-0.015 0.00629112 0.044102 
-0.0146664 0.009392070000000001 0.0119497 
-0.00672444 0.00435484 0.00394971 
0.0283697 0.0126692 0.0116156 
-0.000262931 -0.0148785 0.0119497 
0.0180366 -0.00378356 0.0119497 
-0.015 -0.012466 0.0385782 
0.0133741 0.0237775 0.008852189999999999 
-0.009002400000000001 -0.0194433 0.0059497 
-0.0284831 0.000747986 0.0470315 
-0.000913393 -0.0226213 0.0352199 
-0.0248103 0.00506945 0.023585 
-0.00764768 -0.00846016  0.038 
-0.0154774 -0.0226484 0.0223568 
-0.0175436 -0.0212257 0.0192748 
-0.0352 -0.010967 0.0315301 
0.00388226 -0.0242089 0.0268569 
-0.0176398 0.008313890000000001 0.06996869999999999 
-0.009937639999999999 0.0176818 0.0257725 
-0.0271288 -0.0148851 0.00665444 
0.00393044 -0.0162182 0.0143992 
-0.015 -0.000511365 0.0191245 
-0.0109334 0.0200439 0.0334325 
-0.0316579 0.0159469 0.008761049999999999 
-0.015 0.00310698 0.0122377 
0.0122441 0.0243377 0.0111595 
-0.0270318 0.009138810000000001 0.0501294 
0.00150475 -0.0216012 0.0242412 
-0.0147062 0.00990283  0.038 
-0.0214337 0.00500425 0.0254506 
-0.00503387 -0.0162182 0.0376941 
-0.00445393 0.0162756 0.0353768 
0.0284196 -0.0136406 0.00630979 
-0.0149608 0.00907061 0.0611526 
-0.00658925 -0.0110397 0.00594971 
-0.0352 -0.0008342 0.0419415 
-0.015 0.0126696 0.0153045 
0.015621 -0.0184599 0.00594971 
-0.0116 -0.00317405 0.07102890000000001 
-0.000806537 -0.0115186 0.0100426 
-0.0105994 -0.00112823 0.105135 
-0.015 0.000136304 0.0322972 
-0.0284889 -0.00901076 0.058356 
0.00797285 -0.00917401 0.00564005 
-0.0349934 -0.00486764 0.007860900000000001 
-0.0129266 0.00511209 0.098648 
 -0.01 0.0162403 0.0240008 
-0.00670384 0.0197582 0.0379346 
-0.0325282 0.0114584 0.00596843 
-0.0292493 0.000195253 0.0571325 
0.026235 -0.014887 0.0119497 
-0.00654235 -0.0174182 0.0299467 
-0.00300698 0.0237818 0.0177859 
-0.00773731 -0.00822729 0.00994971 
-0.0305934 0.0105308 0.0507071 
0.00317513 -0.00216892 0.000949706 
-0.00135182 0.0237818 0.0103737 
-0.0251389 -0.00213004 0.0288038 
-0.0352 0.00731272 0.0111837 
-0.0346661 0.0141871 0.0081321 
0.0162704 0.008613819999999999 0.0119497 
0.0141502 0.0200981 0.00594971 
-0.0352 -0.00829861 0.0413158 
-0.008038969999999999 0.0237818 0.0201951 
-0.0352 -0.0113186 0.0225314 
-0.0116 0.00304683 0.0754114 
-0.015 0.00460607 0.043833 
0.0253774 -0.00318099 0.0119497 
-0.0198262 -0.00449479 0.022466 
-0.0285319 -0.014127 0.041089 
-0.033566 -0.0155648 0.0126115 
-0.0315123 -0.0159537 0.0263117 
-0.025414 -0.000719118 0.0567317 
-0.00768982 0.0176818 0.0323439 
-0.00777396 0.00447564 0.00394971 
-0.0301171 0.00626053 0.0059497 
-0.0116689 -0.00659299 0.090749 
0.00249455 -0.0175246 0.0272335 
0.00355523 0.00551474 0.00376402 
-0.00648442 -0.009753009999999999 0.0102437 
0.00406686 -0.0207182 0.0259731 
-0.0351581 0.0124125 0.0390321 
-0.0144281 -0.015804 0.0059497 
-0.00852259 -0.0077608 0.0366997 
-0.00753131 0.000772747 0.00994971 
0.00492978 -0.0111524 0.00136189 
-0.0111821 0.0237676 0.0289057 
-0.0016528 -0.0222005 0.00611745 
-0.009900000000000001 0.00177724 0.09413539999999999 
0.0040396 -0.024098 0.0256437 
-0.00743528 0.0106046 0.00594971 
-0.0148216 0.0157818 0.0262007 
-0.015 0.0042863 0.03157 
0.0102783 -0.0058586 0.0104396 
-0.0339461 0.00177594 0.029069 
-0.0186367 -0.0141634 0.0059497 
-0.00730946 -0.00845569 0.0022068 
-0.0130291 0.00515344 0.0880185 
0.011833 -0.0242182 0.0104196 
0.00378439 -0.0133554 0.00594971 
-0.0166336 0.00164069 0.0291116 
-0.0201238 -0.00649141 0.0700944 
-0.0178799 0.00959486 0.0568066 
-0.013395 0.0157818 0.0174812 
-0.0133 -0.00465443 0.0540895 
-0.0233499 0.0167936 0.0267549 
-0.0219605 0.008463210000000001 0.0680331 
-0.0127059 -0.0126055 0.0366997 
0.0297854 -0.00531454 0.00784235 
0.00658627 -0.0145979 0.0119497 
-0.0134935 -0.000661967 0.103576 
-0.00509715 0.0220782 0.0337573 
0.0187816 0.0150592 0.00594971 
-0.0204024 -0.019257 0.0161807 
0.0243669 0.0214709 0.0113117 
-0.000315685 0.0237818 0.0138043 
-0.0116609 -0.0195155  0.038 
-0.0259821 -0.01585 0.008169600000000001 
-0.0352 -0.00180322 0.0371711 
0.0121306 -0.00338579 0.00594971 
-0.0105036 0.0207852 0.0338534 
-0.015 -0.0117191 0.0170151 
0.00634936 -0.0162182 0.0121063 
-0.0352 0.00497917 0.0334274 
-0.015 0.0132327 0.039377 
-0.0133 -0.00531648 0.0572939 
0.0231553 -0.01622 0.00594971 
0.00597069 -0.0104355 0.0105436 
-0.0172926 0.0190878 0.00517485 
-0.0113203 -0.0216559 0.0371583 
0.00576215 0.00100631 0.00994971 
-0.0122486 0.00428463 0.00514968 
-0.015 0.00426017 0.018448 
0.0224212 0.0149108 0.0119497 
-0.0254978 -0.00531741 0.0707628 
-0.0352 -0.0123478 0.0264583 
-0.0193409 -0.0163312 0.0059497 
-0.027378 -0.00845833 0.0620185 
-0.0321104 -0.000286552 0.0293314 
-0.00726912 0.0102826 0.0114812 
0.00179536 -0.0210664 0.0252754 
0.00468423 0.00746389 0.00394971 
-0.00431736 0.0227297 0.0314624 
-0.0163175 0.00457153 0.0791153 
0.0294153 -0.0147445 0.00720394 
-0.0282069 0.0159537 0.0240448 
0.00482764 0.00772635 0.00949144 
-0.015 -0.009838700000000001 0.0158148 
-0.0265406 -0.000348175 0.0059497 
-0.0133 -0.00184459 0.0499937 
0.00328006 -0.0189246 0.034421 
-0.0116 0.0049555 0.07490189999999999 
-0.0102589 -0.0200577 0.0359653 
-0.00698235 -0.0150407  0.038 
-0.0177024 -0.0128494 0.0059497 
0.0106676 -0.0241031 0.008130480000000001 
-0.011895 -0.024127 0.0182431 
-0.0352 0.0120747 0.0257884 
-0.00661122 -0.0239016 0.0147556 
0.0065324 0.00404197 0.00304856 
-0.0247643 -0.00439853 0.0264651 
-0.0171595 0.0210564 0.0267629 
-0.0352 0.00492254 0.0375686 
-0.0352 0.011772 0.0189616 
0.0195219 -0.00857905 0.0119497 
-0.0223264 -0.0179321 0.0111101 
-0.0302727 0.00355293 0.0059497 
-0.029947 0.000205492 0.0293465 
-0.00133288 0.0230839 0.0236534 
-0.0346028 0.014538 0.0301215 
-0.0317785 -0.00108104 0.0535068 
-0.00483177 -0.0215698 0.00597151 
-0.008009860000000001 0.00316885 0.102317 
-0.0246515 0.00987175 0.0547736 
0.0107482 0.00510532 0.00362747 
-0.0276444 0.000519177 0.0385657 
-0.0277718 0.000177934 0.0383782 
-0.015 -0.0154986 0.0297951 
-0.0272249 -0.0109238 0.0493028 
0.0151946 -0.021607 0.0119232 
-0.0352 0.000572908 0.0385413 
-0.0230602 0.009651119999999999 0.0562876 
-0.0298738 0.0159537 0.0298109 
0.00134805 -0.0147583 0.00594971 
-0.0287133 0.0154321 0.00726443 
-0.0215022 -0.00015382 0.0193622 
-0.0248661 -0.0152286 0.00692909 
0.0264366 -0.0169232 0.0119497 
-0.0227971 0.00221481 0.00594971 
0.027653 0.0200144 0.0081014 
-0.0129867 0.0134974  0.038 
-0.00465467 -0.0242182 0.012804 
-0.0260148 -0.009705139999999999 0.0561984 
-0.015 -0.00390879 0.0453275 
-0.0129963 -0.0174182 0.0282002 
-0.0352 0.00757206 0.0138394 
0.0270716 0.0195357 0.0110705 
-0.0074959 -0.00370341 0.000949706 
-0.0275939 0.00500107 0.0232345 
-0.0151596 0.0157307  0.038 
0.00948978 -0.0202609 0.0221211 
-0.0110677 0.00708814 0.08637110000000001 
-0.0133 0.00087665 0.0525299 
-0.0120528 -0.0162182 0.0313749 
-0.015 0.00528977 0.0250823 
-0.0343122 -0.00301313 0.0068195 
-0.0352 0.0111682 0.0395053 
-0.015 0.00490778 0.015563 
0.00625215 -0.0174182 0.0200178 
0.008564449999999999 0.0242069 0.0064245 
-0.0134842 -0.009954279999999999  0.038 
0.0192397 -0.0186384 0.00594971 
-0.00108703 -0.0167123  0.038 
-0.0112053 -0.0108169  0.038 
-0.0137882 -0.00661943 0.0904705 
-0.0352 -0.0120773 0.0212548 
-0.0195309 0.0119643 0.0458469 
-0.00740528 0.0160317  0.038 
0.0117919 0.0019496 0.00186497 
-0.0198803 0.013675 0.0419505 
-0.00698332 -0.0162182 0.0353936 
-0.000972112 0.00442782 0.00776327 
-0.015 0.0130801 0.0340241 
0.0216372 -0.0168215 0.00594971 
-0.015 -0.00163352 0.0155949 
-0.00299525 0.0124005 0.00594971 
0.00623458 -0.00245885 0.00914478 
0.00601475 0.00149699 0.000949706 
-0.0278864 -0.00745908 0.0630423 
0.0121016 0.00538502 0.0119497 
-0.0120539 -0.00491834 0.0994232 
-0.0176724 0.0077981 0.0774184 
-0.0188622 0.00798397 0.0746936 
-0.0232133 0.0168876 0.0253492 
-0.0308853 0.00268375 0.0286467 
-0.0164403 -0.0219854 0.0138183 
-0.00573058 -0.0242182 0.0103382 
0.0246641 0.0110925 0.0119497 
-0.0068982 0.00939251 0.0105424 
-0.0332402 0.00727043 0.0494907 
0.00401482 -0.0196073 0.00594971 
-0.0277896 -0.000742401 0.0572638 
-0.0116005 -0.00534277 0.0979225 
-0.00269388 -0.0179867 0.0224481 
0.009921960000000001 -0.0181239 0.0213048 
0.00423362 -0.0210008 0.0323005 
-0.0125341 -0.008083470000000001 0.0731895 
-0.015 0.0108953 0.0454379 
-0.0136346 -0.0174182 0.0256417 
0.0129354 -0.0188108 0.0156848 
-0.0171998 -0.00732575 0.08360239999999999 
-0.0330313 -0.0158155 0.0318726 
-0.024421 -0.0164898 0.0336396 
-0.0133 -0.00632941 0.0506853 
0.0277186 0.00598817 0.0060391 
0.00479136 0.00173854 0.00641993 
-0.0101004 0.0157818 0.0137195 
-0.0281448 0.00213767 0.0289257 
0.0242425 -0.0139213 0.00594971 
-0.00543514 -0.0242182 0.00965543 
0.023584 -0.00394314 0.00594971 
0.0293272 -0.00040896 0.00705926 
-0.0211837 -0.0121058 0.045487 
-0.0352 -0.008984570000000001 0.0438368 
-0.0302108 0.0111698 0.0483449 
-0.0259174 0.0159537 0.0260139 
-0.0222571 -0.00570429 0.0059497 
0.0189296 -0.0154603 0.00594971 
-0.00457418 -0.0174182 0.0198525 
0.009908780000000001 0.00653103 0.00569468 
-0.0134424 0.023302 0.0159333 
-0.0112551 -0.0239946 0.0300946 
-0.0192813 -0.00144084 0.0878424 
-0.015 -0.00433672 0.0456793 
-0.0149445 0.00689324 0.0883386 
-0.0316632 0.0159537 0.01024 
-0.0113904 -0.00625775 0.00594971 
-0.0123574 0.000683762 0.0727115 
0.014663 0.00407194 0.0119497 
-0.0322355 -0.000910788 0.00594994 
0.00147867 0.00203865 0.00436772 
-0.0273723 -0.0159537 0.0102539 
-0.0212787 0.0182199 0.0160492 
-0.0325459 0.0159301 0.0235905 
-0.00771691 -0.0174182 0.0187378 
-0.00778905 -0.0242182 0.0193835 
-0.023251 0.00823145 0.07023550000000001 
0.0200235 0.00670454 0.0119497 
-0.0125605 -0.00332898 0.10255 
-0.00528948 0.00771024 0.00764764 
-0.00923882 -0.0129877  0.038 
-0.0170798 -0.00443756 0.0933147 
-0.0352 -0.00178622 0.0124304 
-0.0321435 0.0026901 0.052504 
-0.034989 -0.0137275 0.021029 
0.000462249 -0.0163079 0.0313497 
-0.016773 -0.00135151 0.0291197 
-0.0151991 -0.0203337 0.00610064 
-0.008739800000000001 0.0157818 0.0133107 
-0.00232918 -0.0119886 0.00336887 
-0.0216931 -0.0183682 0.0190214 
-0.0147071 -0.00751331 0.0811862 
-0.015 -0.0125936 0.0276676 
-0.0133 0.00453713 0.0528269 
0.0162956 -0.00334159 0.0119497 
-0.0270139 -0.000478859 0.0577036 
-0.0172174 0.0152085 0.00594971 
-0.0138532 0.00917244 0.0591306 
-0.0303582 -0.008158260000000001 0.0564282 
-0.00555577 -0.00364477  0.038 
0.00336239 -0.017595 0.0342622 
-0.0352 -0.000229208 0.0436454 
-0.0352 0.00623382 0.0296231 
-0.0224555 -0.008873900000000001 0.0632993 
0.00039721 -0.0162182 0.0122493 
-0.00805988 -0.0115601  0.038 
0.0054769 -0.0242182 0.0209987 
-0.0131798 0.0197401 0.00264971 
-0.015 -0.012468 0.0123101 
0.00243798 -0.0109526 -5.02935e-05 
-0.0127418 -0.00472106 0.0024761 
-0.000859453 -0.00497457 0.0052602 
-0.0352 -0.012251 0.0137069 
-0.0133 -0.0019452 0.065305 
-0.0133 -0.00290527 0.0622578 
-0.0107137 0.0174462 0.00273741 
0.00593984 0.0145001 0.00594971 
0.00544202 -0.00364695 0.00238053 
-0.0228233 0.000326347 0.0397811 
0.0123503 0.00105059 0.00594971 
-0.0238296 0.008626419999999999 0.065942 
-0.007900000000000001 -0.000891688 0.0973941 
-0.0199996 0.00497376 0.0255881 
-0.000435503 -0.0122034 0.00384022 
-0.0313662 0.0159537 0.0132822 
-0.0206612 -0.00351983 0.068787 
-0.000645978 0.0136185 0.00594971 
-0.00209424 0.0226202 0.0270451 
-0.00654702 -0.00991437  0.038 
0.0189552 0.0195564 0.0119497 
-0.0200899 -0.0107311 0.0059497 
-0.015 -0.0102344 0.0456274 
-0.00363176 0.0176818 0.0292147 
-0.0221027 -0.00330991 0.0279712 
-0.012828 -0.00389157 0.0882154 
-0.007900000000000001 0.00160151 0.101859 
-0.015 -0.0127274 0.0300924 
-0.0133 0.00131478 0.0594607 
-0.0127019 -0.0135761  0.038 
-0.0114961 -0.0103561 0.0119497 
-0.00207527 0.00150882 0.00284751 
-0.024692 0.00559398 0.0597624 
-0.0110025 0.00440273 0.00466734 
0.0145466 0.0133477 0.0119497 
-0.0325029 0.007965969999999999 0.0514569 
-0.023509 0.0166361 0.0354812 
-0.00314244 0.0237818 0.0201711 
-0.0113311 0.00322609 0.00113691 
-0.015 0.01113 0.0364748 
-0.0166355 -0.00519582 0.0784392 
0.0267467 -0.00022898 0.00594971 
-0.0325079 0.0159343 0.0268014 
-0.0352 0.0113009 0.0352486 
-0.00244354 -0.0174182 0.0199885 
-0.0280463 0.00754016 0.0625416 
0.00318907 -0.0174101 0.00594971 
0.00301564 -0.019686 0.00594971 
-0.0182884 0.00845124 0.06807920000000001 
-0.0334617 -0.0131691 0.042346 
-0.00833854 0.0103419 0.0119497 
-0.00145476 -0.0212699 0.0374734 
-0.017824 -0.00230177 0.0793536 
-0.0275509 0.0159537 0.00985542 
-0.015092 0.00285559 0.0991011 
-0.015 -0.00821493 0.0255669 
-0.0108498 0.0199364 0.015185 
-0.0315615 0.0159537 0.0292133 
-0.0119566 -0.0174182 0.020241 
-0.015 -0.0173624 0.0267999 
-0.0325403 0.00573754 0.0514138 
0.0114501 -0.0226299 0.00630545 
0.0261694 0.0211911 0.0075361 
-0.0352 0.00959585 0.0318266 
-0.0352 -0.008909759999999999 0.0114297 
0.00189993 0.00170025 0.00770111 
0.0128491 0.0103832 0.00594971 
-0.00374952 -0.0242182 0.0279462 
0.00489025 0.0262945 0.0107403 
-0.0104049 0.0157818 0.0134083 
0.0222295 0.00940675 0.0119497 
-0.0266252 0.00542001 0.0059497 
-0.020242 -0.0193675 0.0293893 
0.009514180000000001 -0.0173474 0.00594971 
-0.0313751 0.000704656 0.0483083 
-0.015 0.00407957 0.0337483 
-0.009900000000000001 0.00179767 0.0886489 
-0.00389473 0.0235226 0.00773173 
0.0278344 8.645840000000001e-05 0.0118292 
-0.0299366 0.0159537 0.033695 
0.00494272 0.00773095 0.00423361 
-0.0142505 0.0157818 0.0164215 
-0.0178548 -0.00454229 0.07930429999999999 
-0.0133 -0.00315036 0.061184 
-0.0184612 -0.00725304 0.08349139999999999 
-0.0352 0.00210197 0.0187864 
-0.0152309 0.0223837 0.0152585 
-0.0345897 0.00717989 0.0457831 
-0.0069648 0.0162767 0.0151497 
-0.0125531 0.000789677  0.038 
-0.0178416 -0.0114251 0.0059497 
0.00138065 0.0263283 0.00662418 
-0.023647 0.00792617 0.0711411 
-0.00329983 0.00563239 0.00394971 
-0.0232972 -0.00338242 0.0768089 
-0.0109737 -0.0160743 0.0119497 
-0.01058 -0.00371731 0.10244 
-0.0231702 -0.00188691 0.0771579 
0.0234268 -0.0235116 0.009685539999999999 
0.00628684 -0.0104277 0.00191744 
-0.00779201 -0.0175935 0.0341872 
0.0227181 0.00122692 0.0119497 
0.0059 -0.018477 0.0247793 
-0.012524 -0.00732703 0.0834458 
0.00360185 0.0220338 0.00594971 
-0.0351752 0.0111154 0.008583230000000001 
-0.00227803 -0.0242182 0.0235884 
0.0176395 0.0136572 0.00594971 
-0.026932 0.0159537 0.0345269 
-0.0321721 0.0131165 0.00595758 
-0.0229637 0.0170595 0.0268516 
0.0186107 0.0112885 0.0119497 
-0.0215898 0.00473074 0.0263 
-0.00556314 0.00620766 0.00156007 
-0.0277092 0.008385989999999999 0.0500338 
0.0138914 0.0192801 0.0119497 
-0.00512058 0.00173917 0.00899548 
0.00746275 0.00917693 0.00339208 
0.0109332 -0.0162182 0.0128516 
-0.00605073 -0.0105221 0.0106597 
-0.00571861 0.0237818 0.0263766 
-0.018241 0.00863717 0.0658528 
-0.019858 0.00333423 0.00594971 
0.00987151 0.027509 0.00594971 
-0.0294085 0.00656217 0.0059497 
-0.0123179 0.000320887 0.0910527 
-0.0150213 -0.00309359 0.02053 
-0.0119233 -0.0131538 0.0119497 
-0.0174877 -0.0201283 0.00677359 
-0.0116 0.00345062 0.0709542 
-0.00233924 -0.00681046 0.00587544 
-0.0122849 -0.00566668  0.038 
-0.00246932 0.0176818 0.0293496 
-0.0167698 -0.009786049999999999 0.0556744 
-0.00209155 0.0115911 0.00473154 
-0.00933107 -0.00523971 0.0983035 
-0.0324841 0.0159367 0.0235186 
-0.0212939 0.00419434 0.08231289999999999 
0.0205435 -0.0167427 0.00594971 
-0.0133 0.0059668 0.0624251 
0.00364291 0.0181753 0.00594971 
-0.00109966 -0.0174182 0.0237894 
0.0281306 0.0135514 0.00617395 
0.0049768 0.0263669 0.00695807 
-0.00810341 -0.00257114  0.038 
-0.0292045 0.0140736 0.0411691 
0.0257799 -0.0195552 0.00608284 
-0.0230541 -0.00612366 0.0767159 
-0.0328638 0.0118768 0.0456197 
-0.0107173 0.00645114 0.00594971 
-0.021036 0.00210088 0.0197585 
0.0148095 -0.00735885 0.0119497 
0.00560523 0.00239369 0.000949706 
-0.0133075 -0.00860579 0.0575626 
-0.015336 -0.0227459 0.0330972 
 -0.01 0.0158475 0.0214322 
-0.0352 -0.00977621 0.0092733 
-0.0156759 -0.00546268 0.0944876 
-0.0243934 0.00537836 0.0059497 
0.0009202289999999999 -0.0190943 0.0059497 
-0.00582833 0.00162331 0.000949706 
0.00606625 0.0155378 0.00594971 
-0.0282029 0.0159537 0.0228461 
-0.00391846 -0.0242182 0.013566 
-0.0129405 -0.0124031  0.038 
-0.0141472 0.0179818 0.033409 
-0.00103404 -0.00270963 0.00390098 
0.0114002 -0.0162182 0.0160567 
0.00372584 0.0170541 0.0129031 
-0.00730346 -0.0242182 0.0104613 
-0.0021852 -0.0174182 0.0219705 
-0.0249214 0.0159537 0.0174488 
-0.00222476 -0.009975120000000001 -5.02935e-05 
-0.020333 0.018871 0.0160995 
-0.0352 -0.00594707 0.0433478 
0.0267229 0.0198128 0.00675366 
0.0251365 -0.00457137 0.00594971 
-0.00293279 0.009338020000000001 0.000558432 
0.00484229 0.0193562 0.0119497 
-0.0126558 -0.000164292 0.0739257 
-0.0326024 -0.0159215 0.0166572 
-0.0292045 -0.0149579 0.00671954 
-0.0277697 0.00653842 0.0500578 
-0.00763162 -0.0162182 0.0160325 
0.012981 -0.0241984 0.00999396 
0.00705008 0.00662989 0.00394971 
0.00513637 0.0106154 -1.99545e-05 
-0.0178556 -0.00447438 0.09139460000000001 
-0.00758265 -0.00818817 0.00477867 
0.009048209999999999 0.00765442 0.00471863 
0.00829422 0.0209841 0.00594971 
-0.0352 -0.00512305 0.0439577 
0.00968712 0.00224096 0.000949706 
-0.015 0.0101038 0.0147922 
-0.0224882 -0.0173002 0.00740624 
0.00269512 0.0231876 0.0121913 
-0.0179292 -0.0103964 0.0516815 
0.0175682 -0.017586 0.0119497 
0.0116167 0.0102398 0.00594971 
0.0197659 -0.0214289 0.0119406 
0.0124898 0.023523 0.00773555 
0.00334252 -0.0207182 0.0217159 
-0.0173721 0.0084867 0.06761880000000001 
0.00853698 0.0249913 0.008317980000000001 
0.00948831 0.00888454 0.0118648 
0.0120305 0.0174258 0.0119497 
-0.009900000000000001 0.00521273 0.0908181 
-0.0313877 0.0159537 0.0145755 
-0.0274497 0.00736501 0.0642181 
-0.0274351 -0.00266506 0.0654401 
-0.0174411 0.00562509 0.09080240000000001 
-0.00374311 -0.00672169 0.00394971 
-0.027081 0.00894406 0.0500975 
-0.00966433 -0.0242182 0.0191491 
-0.0119637 -0.0174182 0.0306756 
-0.0169044 -0.00102746 0.07824540000000001 
-0.00659909 -0.0055486 0.0366997 
0.0147729 0.016883 0.00594971 
-0.00750062 -0.0134351 0.00594971 
-0.00673599 0.00232404 0.00461684 
0.0228704 0.00586007 0.00594971 
-0.0192993 0.000366726 0.0869027 
0.0105076 0.00555677 0.00172854 
0.0183149 -0.012991 0.00594971 
-0.00633969 -0.00596001 0.00312148 
-0.0116 -0.00318412 0.0800771 
-0.0230218 0.008174499999999999 0.07094979999999999 
-0.0250938 -0.009233740000000001 0.0594462 
-0.0252307 0.000167236 0.0293482 
0.0102652 0.0112128 0.00594971 
0.0104643 -0.00606943 0.00280809 
0.0149982 0.0198538 0.0119497 
-0.0352 0.00482973 0.0423722 
-0.00296946 -0.0167575  0.038 
-0.0347495 0.00239123 0.045344 
-0.015 0.007832759999999999 0.0285485 
-0.00650695 -0.0215909 0.0238136 
-0.0123536 -0.0240402 0.0209099 
-0.0222148 -0.00235563 0.0797827 
-0.0292172 0.0159537 0.018037 
-0.009900000000000001 0.0030109 0.0892863 
-0.00930185 -0.0210024 0.0121647 
-0.032633 0.0148234 0.00667651 
-0.000146066 -0.0232267 0.00672202 
-0.0116 -0.00132851 0.0823638 
-0.0042828 0.0061857 0.00377254 
-0.0352 -0.00777589 0.0219601 
-0.0140731 0.00771024 0.0784521 
-0.0142125 -0.0157204 0.0366997 
-0.0175199 -0.000744389 0.08565109999999999 
-0.00737772 0.0176818 0.0199329 
0.00864144 0.0245468 0.0100851 
-0.0154205 -0.0147024 0.0059497 
-0.009900000000000001 -0.00231569 0.09386419999999999 
-0.0204374 -0.0192329 0.0258363 
-0.0229725 0.0170534 0.0287147 
-0.0251048 0.009151970000000001 0.0601849 
-0.0312506 0.0159537 0.0371384 
0.00259501 -0.0236042 0.0312073 
-0.0265445 -0.0159537 0.0293939 
-0.0181158 -0.0048165 0.0250338 
-0.00532909 -0.0242182 0.0259609 
-0.0172979 0.0135479 0.00594971 
0.0173961 -0.00688525 0.0119497 
-0.0295453 -0.0159523 0.008887829999999999 
-0.0281274 -0.0074305 0.0503933 
0.000484662 -0.0185618 0.00594971 
-0.0216362 0.000117782 0.0398465 
-0.00773313 0.0176818 0.0284959 
0.0136545 -0.0174308 0.0143551 
-0.008515689999999999 -0.0242182 0.018941 
-0.0242413 -0.0166135 0.0349817 
0.00353963 -0.0162182 0.0121714 
-0.00575247 -0.013285 0.00594971 
0.00625757 0.00203413 0.00974585 
-0.019515 0.00842968 0.06835339999999999 
0.00321135 -0.0205274 0.0344504 
-0.00711642 -0.0242182 0.00925512 
0.0207196 -0.007938209999999999 0.00594971 
-0.00482258 -0.0174182 0.0304857 
-0.0231151 -0.00909859 0.0607503 
0.0248043 0.00710643 0.00594971 
-0.0312384 -0.00116407 0.0195206 
-0.0253324 -0.00270366 0.0059497 
-0.00809382 -0.00115829 0.095375 
-0.0113498 -0.0240847 0.0297584 
-0.0103394 -0.00436605  0.038 
-0.015 -0.0150986 0.035581 
-0.0102449 0.0157818 0.0218808 
0.011759 0.0021388 0.00557686 
-0.0303785 -0.0138924 0.0415083 
-0.0236819 0.00157718 0.0757519 
-0.0131525 0.0226723 0.0068618 
-0.0181105 0.0204015 0.0282531 
0.00851121 0.00544279 0.00406973 
0.000923288 -0.0242182 0.0157683 
-0.0236474 -0.0127544 0.0438974 
-0.00332161 0.0174357 0.00594971 
-0.0110129 -0.0227152 0.0348692 
-0.0101031 -0.00515255 0.0986272 
-0.0152939 -0.0195426 0.0379801 
-0.0202722 0.018913 0.0224462 
0.0223224 -0.0237998 0.00807415 
0.00341491 -0.00472019 0.00152013 
-0.0349004 -0.00486072 0.024178 
-0.0148731 1.39535e-05 0.0119497 
0.00543159 -0.0174182 0.0280702 
0.0166089 -0.0216027 0.00597619 
-0.0352 0.000494781 0.0370876 
0.00362664 0.0216987 0.0127549 
-0.0272685 0.00354338 0.0500181 
0.00741957 0.0165664 0.0119497 
-0.009422649999999999 0.0237818 0.0246885 
0.00045583 -0.0229703 0.0339175 
-0.0162817 -0.00467792 0.00559451 
-0.015 0.008643090000000001 0.0203193 
-0.0292439 -0.0159537 0.0365167 
-0.0152863 0.0042716 0.021551 
0.0101078 0.00405404 0.000169775 
0.0144402 0.0131779 0.00594971 
0.00591146 -0.0137835 0.00594971 
-0.0352 -0.00624784 0.0330558 
-0.0280008 0.00290347 0.0512655 
-0.008306880000000001 -0.00747895 0.00586243 
-0.0119878 -0.00763735 0.0766024 
-0.0121384 -0.0152571 0.0119497 
0.00398852 -0.0171883 0.00594971 
-0.00502581 0.0169987 0.036948 
-0.0116 -0.00641881 0.07518900000000001 
0.0268554 0.00967689 0.00594971 
-0.0345665 0.0125613 0.0415988 
-0.00563001 0.0172331 0.0335497 
0.0264664 -0.00250291 0.00594971 
-0.00540471 0.009884530000000001 0.00217572 
-0.0276828 0.013518 0.0422718 
-0.00258557 -0.0174182 0.0174694 
-0.0100125 0.00284854 0.00994971 
0.000716155 -0.0183941 0.00594971 
-0.0204743 -0.0184246 0.0368547 
-0.015 0.0083803 0.0342477 
-0.000861218 0.0240865 0.0074875 
-0.00149012 -0.0242182 0.0105759 
-0.0352 -0.00448627 0.0159956 
0.0035841 0.016305 0.0132925 
-0.00746 -0.00705847 0.0366997 
-0.0116 -0.00455554 0.0749064 
0.00534987 0.00176102 0.00907345 
-0.019154 -0.0201167 0.031906 
-0.0347454 -0.000136417 0.038369 
-0.0111057 0.0237698 0.0165551 
-0.0281167 -0.00420992 0.0503733 
-0.00403355 0.00187754 0.00416056 
-0.0352 -0.00720862 0.020651 
-0.0186499 -0.0204638 0.0243665 
-0.00965834 -0.0174182 0.0213931 
-0.0351995 0.012462 0.0328509 
-0.015 -0.0115906 0.0407282 
-0.00282263 -0.0174182 0.0304375 
-0.0349132 -0.00467603 0.025713 
-0.015 0.00536459 0.0292383 
-0.0236205 0.0166072 0.0128062 
-0.022845 0.0106952 0.0059497 
0.0185611 -0.000191684 0.00594971 
-0.0125054 -0.0083271 0.0699135 
-0.0119658 -0.00507938 0.00594971 
-0.0311106 0.0159537 0.0167243 
-0.0175528 0.0207856 0.0144707 
-0.010139 0.00405495 0.10177 
-0.0309938 0.00479876 0.0261358 
-0.0247579 0.00399026 0.07279579999999999 
-0.0134747 -0.00618298 0.00594971 
-0.015 -0.012342 0.0348853 
-0.0352 0.00221038 0.0182988 
-0.0277493 0.009498390000000001 0.051435 
-0.00847496 0.00280394 0.00994971 
-0.015 -0.00282073 0.0386207 
-0.0116 0.0020799 0.083994 
-0.00726687 0.0118418  0.038 
0.00468755 -0.0144571 0.00594971 
0.0108505 0.0259177 0.00594971 
-0.0308985 -0.00385079 0.0213343 
-0.0256809 0.0125486 0.0059497 
0.00938252 -0.0130767 0.0119497 
0.00379751 -0.0161582 0.00594971 
0.00330227 -0.0181625 0.0343929 
-0.00710619 0.0233704 0.0074338 
-0.00464142 -0.0176128 0.027376 
-0.0130102 0.00853833  0.038 
0.00647767 0.0200743 0.00594971 
-0.0117846 0.000867232 0.00154527 
-0.0276697 0.009125039999999999 0.0059497 
-0.0352 0.00344806 0.040349 
-0.000113441 -0.0242182 0.0182874 
-0.020503 0.000330514 0.0397789 
0.00552697 -0.015629 0.00594971 
-0.015 0.0144464 0.0216093 
-0.0147006 -0.0231497 0.0210309 
0.00569298 0.00842353 -5.02936e-05 
-0.0264993 0.0065212 0.067549 
-0.0141477 0.000662911 0.00367301 
-0.000126239 0.0024763 0.00754215 
-0.0115263 -0.0241719 0.00955173 
-0.0186064 -0.008186779999999999 0.00594971 
-0.013822 0.0157818 0.0211678 
-0.0264669 -0.000183672 0.0383795 
-0.00020925 0.00777268 0.000949706 
-0.008876530000000001 0.0237818 0.0126021 
0.00454256 0.00957557 0.00994971 
-0.00724538 -0.00625632  0.038 
-0.0127492 0.0146521 0.00594971 
-0.00729785 0.0226246 0.0335787 
0.00155617 0.0221784 0.0178528 
0.011255 0.0264431 0.00594971 
-0.00772241 0.0108861 0.0366997 
-0.00666091 0.0233269 0.0309576 
-0.0193542 0.0195451 0.0302236 
-0.0278693 0.011062 0.0487687 
-0.0265267 0.00483948 0.0226689 
-0.009900000000000001 0.0049319 0.0900045 
-0.0163231 0.0216323 0.0108447 
-0.00331328 -0.00265629 0.00488086 
0.0062849 -0.018147 0.0281795 
-0.00552037 0.0237818 0.0150798 
-0.020327 -0.008702039999999999 0.0653329 
0.00267047 -0.00138211 0.0031443 
-0.0225345 -0.016188 0.0064666 
-0.0111921 0.000342155 0.00101182 
-0.0295184 -0.000688193 0.0597162 
-0.0352 -0.00766446 0.0101771 
-0.0189008 -0.00867208 0.06569949999999999 
0.0160956 0.0141557 0.00594971 
-0.030359 0.0136952 0.0419231 
-0.00413465 0.0221151 0.0322961 
-0.00696032 0.0176818 0.0260448 
-0.00236409 -0.0148967 0.0119497 
-0.007900000000000001 -0.00221801 0.0974783 
-0.0352 -0.00601623 0.0168429 
0.00751078 -0.009571990000000001 0.00475499 
-0.0110772 0.00569727  0.038 
-0.0263482 -0.00773587 0.0059497 
-0.0328282 0.0122235 0.00601883 
0.00791011 0.00258671 0.00994971 
-0.00232334 -0.00159128 0.00196804 
-0.015 -0.00528203 0.0223033 
-0.0349114 -0.0139374 0.0360234 
-0.00493506 0.0166518 0.0366987 
-0.00329062 0.00715683 0.00394971 
-0.0104447 -0.00623206 0.09249930000000001 
0.0255289 -0.00639306 0.0119497 
-0.0137861 -0.0210678 0.0376015 
-0.0269107 -0.00414069 0.0217592 
-0.0305949 0.00447426 0.0567585 
0.0160819 0.0153563 0.0119497 
0.0114912 0.00322335 4.15582e-05 
-0.0204301 -0.00337191 0.00594971 
-0.0242606 -0.0136512 0.0419679 
-0.00279436 -0.0242182 0.0179115 
-0.0352 -0.00627846 0.0109838 
-0.00733707 -0.00305581 0.0366997 
-0.0133236 -0.00056808  0.038 
-0.0342457 -0.0150075 0.025634 
0.00583773 0.0115634 0.0118656 
-0.0113329 -0.00311909 0.0104103 
0.0220573 -0.0119213 0.0119497 
0.016942 -0.0161471 0.00594971 
-0.0166404 0.00678676 0.0885287 
-0.00775463 0.00579151 0.00439571 
0.00616339 -0.0171443 0.00594971 
-0.00778196 0.00374665 0.009229080000000001 
-0.0133 0.00332988 0.0588552 
-0.015 0.006118 0.0209955 
-0.0149267 -0.000752365 0.00437443 
 -0.01 0.0158193 0.0288781 
0.010969 -0.0240445 0.0151025 
-0.0180693 -0.000664332 0.0428233 
-0.0304982 -0.0147546 0.0065516 
0.0130199 -0.0223191 0.0150847 
-0.0339029 -0.0117779 0.00648028 
0.0161048 -0.00510623 0.00594971 
-0.00664753 -0.0183274 0.0059497 
-0.00772742 0.0162316 0.0151497 
-0.00525111 -0.0110776 0.00594971 
0.0119862 0.0219982 0.00594971 
0.00283727 0.0205681 0.0153444 
0.0141321 0.0236274 0.009891459999999999 
-0.0339046 0.0141036 0.040062 
-0.027007 0.00581956 0.0513363 
0.00410508 -0.0118897 0.0110846 
0.0200783 -0.00329241 0.0119497 
0.00765903 -0.00772749 -5.02935e-05 
-0.0266171 0.00597397 0.0059497 
0.00177282 0.00358179 0.00994971 
-0.0257374 -0.0145398 0.0404132 
-0.0272904 0.00236391 0.0198801 
0.0299928 0.008266020000000001 0.008785390000000001 
-0.0220839 0.000167284 0.0193513 
-0.00281695 -0.0242182 0.0112949 
-0.007900000000000001 0.000373757 0.0997436 
-0.00505023 0.0176818 0.0256895 
-0.00439484 0.00767777 0.00651629 
-0.00738921 -0.00691172 0.00714266 
0.000933249 -0.00275045 0.00143679 
-0.0168886 -0.009758090000000001 0.0558653 
-0.0352 -0.00895984 0.0414537 
-0.0117594 0.00768747 0.0657203 
-0.00960952 -0.0184182 0.032804 
-0.0217956 0.000245548 0.0293447 
-0.0156101 -0.008119060000000001 0.0727409 
-0.0116 -0.0069446 0.07119979999999999 
-0.0310215 -0.00790017 0.0551509 
-0.0124987 -0.00779432 0.07720050000000001 
-0.0352 0.009191680000000001 0.0107824 
-0.0068508 -0.0229731 0.00651685 
-0.0206028 -0.019119 0.0203639 
0.0180351 -0.00331026 0.00594971 
-0.016133 0.000725796 0.0426874 
-0.01962 -0.000369367 0.0384538 
-0.000165287 -0.014661 0.0119497 
-0.0099563 -0.00135929 0.00994971 
-0.0290851 0.0103758 0.0518344 
-0.0178844 0.0052447 0.00594971 
-0.00993759 0.0161571 0.0151497 
-0.00491917 -0.0162182 0.0377723 
0.0103354 0.0277818 0.0119153 
-0.014845 0.000318742 0.0910538 
-0.00575109 0.0152876 0.0119497 
-0.00956751 -0.0134626 0.0119497 
-0.007932740000000001 -0.00486424 0.00596552 
-0.0352 0.00399383 0.032093 
0.0182238 0.0130825 0.00594971 
-0.0128788 -0.00719831 0.0851976 
-0.000967931 -0.0118701 -5.02935e-05 
-0.0179328 0.014921 0.00594971 
-0.0131453 0.00554648 0.09701940000000001 
0.009782330000000001 -0.0133784 0.0119497 
-0.026231 -0.00890999 0.0621179 
-0.0138717 0.0230101 0.03214 
0.0183082 -0.00118468 0.0119497 
-0.00288258 -0.0173088  0.038 
-0.015 0.000725648 0.0176204 
-0.015 -0.00767898 0.0449565 
-0.0222696 -0.0179712 0.0143515 
-0.0192565 0.0036014 0.0207538 
-0.0209302 -0.0172478 0.0375061 
0.008098889999999999 -0.0171705 0.00594971 
-0.0139095 -0.00245867 0.101821 
-0.0182187 -0.0149505 0.0397275 
-0.0157505 -0.0224604 0.011097 
-0.0352 0.00978907 0.0173772 
-0.0197561 -0.0009338 0.0697364 
-0.0240952 -0.00251407 0.0285869 
-0.0311194 0.0144596 0.0404862 
-0.0097126 0.0211405 0.0372302 
0.0281683 0.00257311 0.00618956 
-0.0140605 0.00635319 0.0926111 
-0.0208821 0.0103258 0.0520299 
0.0138979 0.018356 0.00594971 
-0.0352 -0.00161203 0.0118169 
0.0118028 0.00188703 0.00518095 
-0.0352 -0.00117272 0.0378218 
-0.0320137 -0.00354422 0.0209675 
-0.0335546 0.00524806 0.00627439 
-0.015 -0.0157259 0.0178798 
0.0104162 0.00571787 0.00215219 
-0.0231985 0.00289853 0.059917 
0.0129922 -0.0170733 0.0155798 
0.0187392 0.0196573 0.00594971 
-0.015 -0.00649233 0.0351266 
-0.0032527 0.0237818 0.0144875 
-0.00824547 0.00182109  0.038 
-0.00641816 0.016791 0.0335497 
-0.0341033 -0.0151507 0.0204281 
-0.015 -0.0137407 0.012547 
-0.0116 0.0044179 0.0845513 
-0.00054235 0.0203761 0.0246298 
-0.0179158 -0.00697529 0.0857436 
-0.00348613 0.00734964 0.00753044 
-0.0161693 -0.0130475 0.0432405 
-0.0102762 -0.0119389 0.0366997 
-0.014321 -0.0233486 0.0277301 
-0.015 0.0120395 0.0266954 
-0.00617401 0.0137457 0.0367789 
0.0156072 0.018212 0.0119497 
0.0178936 0.0188337 0.0119497 
-0.015 -0.00539998 0.042801 
-0.009900000000000001 0.00428108 0.08925719999999999 
-0.0352 -0.00239368 0.0314799 
-0.007900000000000001 -0.000758622 0.103622 
-0.0343445 0.0148924 0.0271866 
0.00187217 0.0268198 0.008641350000000001 
0.0287154 -0.0109875 0.0114106 
-0.016378 0.00975234 0.0556634 
-0.0203863 0.00849141 0.06765500000000001 
-0.0340563 0.00387771 0.0472485 
-0.00359503 0.00267956 0.000949706 
-0.0133807 0.0059108 0.0366997 
-0.0320159 -0.0150382 0.00679432 
-0.00625271 -0.00147199 0.000949706 
-0.012455 0.0157818 0.0161545 
-0.0165173 -0.00217361 0.0954366 
-0.00621147 -0.0175185 0.0268836 
-0.0295718 -0.00407139 0.0216504 
-0.00102821 -0.0235456 0.0317701 
-0.0234849 -0.00416443 0.0762931 
-0.015 -0.00345618 0.0396656 
0.0253535 -0.00367579 0.0119497 
0.00911324 -0.00504626 0.00460617 
-0.00183157 -0.00270123 0.000949706 
0.00307701 -0.0241831 0.0288697 
-0.011052 0.00351492 0.000949706 
-0.0133 -0.00182202 0.0484902 
0.0201911 0.00614228 0.0119497 
-0.0240122 -0.00404313 0.0270933 
-0.0119635 0.00746326 0.0657203 
0.0140608 -0.0146754 0.00594971 
0.00654074 -0.00430958 0.000949706 
-0.0142083 -0.0104673 0.0514143 
-0.0118953 0.000111288 0.0843011 
0.00271704 -0.0162182 0.0173483 
-0.0265415 0.0159537 0.0312723 
0.0011025 -0.0242182 0.00983415 
0.0161924 -0.0225349 0.0116446 
-0.0262566 -0.0159537 0.0205034 
-0.0331197 -0.0157819 0.0180761 
-0.0122568 0.0129739  0.038 
-0.00181087 -0.0104192 -5.02935e-05 
-0.0232293 -0.008609550000000001 0.0598868 
-0.0259958 -0.000724757 0.0693945 
-0.0111314 -0.0162182 0.0136148 
-0.0113414 0.0179818 0.0127228 
0.00407746 0.00759935 0.00958491 
-0.0228563 -0.000166899 0.0383758 
-0.009192860000000001 -0.0166379 0.0355183 
-0.0125802 -0.00536253 0.0978338 
-0.00656701 -0.0156899  0.038 
0.000760031 -0.0167247 0.0173497 
-0.00907724 -0.0242182 0.0271265 
0.0115253 0.00309399 0.0044962 
0.0295685 0.009652579999999999 0.00740332 
0.00631392 -0.0213529 0.0281692 
0.0111082 0.000793149 0.00994971 
-0.009941210000000001 -0.0215113 0.0157414 
-0.0145032 -0.000206273 0.06394469999999999 
0.00286649 -0.0199827 0.00594971 
-0.0107406 0.023273 0.0311589 
0.008547280000000001 0.00540747 0.00526961 
0.0136799 -0.008659999999999999 0.00594971 
0.0162197 -0.0112746 0.0119497 
-0.0133 -0.00445361 0.0505285 
0.0148106 -0.0151043 0.00594971 
-0.0117593 -0.0241454 0.0222848 
-0.00710697 0.00278637 0.000949706 
-0.0351879 0.00784809 0.00868244 
-0.0111866 0.0224354 0.0155148 
-0.0159371 -0.00375859 0.0212142 
0.0139409 -0.0162401 0.00594971 
-0.0134806 0.00903818 0.057741 
-0.015 0.0144479 0.0192929 
-0.0295342 0.0159537 0.0375599 
0.00616206 0.0102322 0.0108433 
0.0277052 -0.0122036 0.0118633 
-0.00688262 -0.0162182 0.0124102 
0.0247794 0.0148628 0.00594971 
-0.0169952 0.00937925 0.0583714 
-0.0293732 -0.0121745 0.0452877 
-0.0264096 0.0159537 0.0177889 
0.00364198 0.0277818 0.00646958 
-0.00260981 -0.000909465 0.0054613 
-0.00432547 0.0237818 0.025319 
-0.0116 0.00677404 0.0739163 
-0.0017763 -0.0193418  0.038 
0.0251745 -0.0105165 0.0119497 
-0.0134846 0.0107911 0.0481826 
-0.0154757 -0.0226496 0.0230746 
-0.0110275 -0.00256173 0.08537500000000001 
-0.0342259 -0.0150291 0.0120435 
-0.015 -0.0143172 0.0120755 
-0.00748253 0.0237818 0.0285963 
-0.0114369 0.0206041 0.0124733 
-0.0210951 -0.0048631 0.0242326 
-0.0245529 -0.00325525 0.0206781 
-0.0134118 0.00688682  0.038 
0.00243937 0.0115205 0.00264012 
0.00424932 -0.0232004 0.0254617 
-0.015 -0.0109209 0.0136691 
-0.00877494 0.00772292  0.038 
-0.0103924 -0.00638692 0.0912719 
-0.00665041 0.009365139999999999 0.00594971 
0.0194047 -0.00701954 0.0119497 
-0.0139985 0.0207569 0.0126714 
0.0152933 -0.00216015 0.00594971 
-0.0122402 -0.00744718 0.0657203 
0.00690222 0.00863625 -5.02935e-05 
-0.00175305 -0.0238709 0.00755021 
-0.0284403 0.0159537 0.0189842 
-0.0165353 -0.00215926 0.0287886 
-0.0184763 0.0201496 0.0127599 
-0.007900000000000001 -0.00296777 0.0994883 
-0.0352 0.00925746 0.0324995 
0.00697495 0.000913145 0.000949706 
0.009130920000000001 -0.00527236 0.00800622 
-0.00702816 0.0025712 0.00754838 
-0.0321649 -0.0159537 0.0260557 
-0.0116 -0.00213835 0.082346 
-0.0194513 0.0027366 0.08737540000000001 
0.0185908 0.0108838 0.00594971 
-0.0115198 0.0200124 0.0157816 
-0.0184624 0.0201592 0.0193334 
-0.0238332 0.009742789999999999 0.0555382 
-0.0198036 0.0014079 0.00594971 
-0.0158638 -0.0223824 0.0253816 
0.0179061 -0.0060783 0.00594971 
-0.0146061 -0.0174182 0.0207007 
-0.0220525 -0.00407975 0.0216635 
-0.0352 0.00398629 0.0436162 
-0.0143452 0.00942574 0.0580337 
0.00762143 -0.00358536 0.00753734 
-0.0214037 -0.0185675 0.0140671 
-0.0244459 -0.00475799 0.0233269 
-0.028846 -0.00342736 0.0615637 
0.00444049 -0.0242182 0.0153607 
-0.0215723 -0.0184514 0.0125945 
-0.00499294 0.008245870000000001 0.000949706 
-0.015 -0.0121689 0.0255154 
0.0116627 0.00387494 0.0110725 
-0.0214868 -0.00391629 0.0214197 
-0.00566181 -0.0228306 0.0258059 
-0.00517347 0.00831936 0.00994971 
0.0265037 0.00814255 0.0119497 
0.0114995 -0.0047202 0.0110658 
0.0122649 -0.024121 0.0121952 
-0.00211315 0.0237147 0.0083214 
-0.0352 -0.000724237 0.0436481 
0.0268053 0.00601701 0.00594971 
-0.0169212 -0.0216542 0.0176432 
-0.015 0.0117889 0.041606 
-0.0113641 -0.00364892 0.00116666 
-0.0190771 0.00864706 0.0657735 
-0.00798217 -0.0181428 0.0351985 
-0.0284347 0.00400508 0.06269379999999999 
-0.0292332 -0.0100572 0.0059497 
-0.019777 0.00257088 0.0287115 
-0.00262164 -0.0225344 0.0355443 
-0.0136769 0.0101922 0.00594971 
0.0025161 -0.0100299 -5.02935e-05 
0.0254144 -0.0221966 0.0103554 
0.0292633 -0.0178273 0.009496040000000001 
-0.0119263 0.0021844  0.038 
0.00415205 0.00611804 0.00394027 
-0.0053984 0.00176788 0.00450927 
-0.0287419 -0.008152649999999999 0.0599224 
0.0103509 -0.0177753 0.0205023 
-0.0107701 0.0157818 0.0333619 
-0.015 -0.00578513 0.0293659 
-0.0131875 0.0157818 0.0216244 
-0.0231812 -0.00591367 0.0766203 
-0.024649 -0.0163328 0.0219622 
-0.0123741 -0.0162182 0.0350014 
-0.00370257 0.0176818 0.0177359 
0.008259509999999999 -0.0242182 0.0143631 
-0.0134442 0.00867441 0.0601959 
0.0193934 -0.00474088 0.0119497 
-0.0133 -0.00246238 0.06349 
-0.0330602 -0.0158052 0.0166116 
-0.0114023 0.00918853 0.0366997 
-0.015 0.0109145 0.0197534 
-0.0308571 0.0159537 0.0156881 
-0.0246504 -0.000217143 0.059699 
-0.0352 0.0081162 0.0288238 
-0.00743783 0.00168998 0.00994971 
0.0262963 0.0137332 0.00594971 
-0.00312585 0.0237818 0.009229930000000001 
-0.00824604 -0.00600609 0.00994971 
-0.0116 0.000626531 0.08099530000000001 
-0.0352 -0.00399602 0.0156895 
-0.00979155 -0.0174182 0.022633 
0.0217212 0.0185326 0.00594971 
-0.015 -0.00776179 0.023085 
-0.0179931 -0.0209161 0.0161808 
-0.00667845 0.0230628 0.0319432 
-0.0244298 0.0035976 0.0736971 
-0.0351757 -0.00693202 0.0441731 
-0.0310595 0.0159537 0.0265177 
-0.0249988 -0.00945789 0.0578962 
-0.0156643 -0.000269217 0.041572 
0.00571015 0.010336 0.00320327 
-0.00723204 0.0045235 0.00394971 
0.0234845 -0.0028465 0.00594971 
0.00341734 0.0103497 0.00994971 
-0.011981 0.0235555 0.007959320000000001 
-0.027386 0.0159537 0.009604929999999999 
-0.0338467 0.00497148 0.0255984 
-0.015 0.0043404 0.0175069 
-0.0232819 0.0134271 0.0424425 
-0.00761498 -0.0234816 0.0124908 
0.00329108 -0.0227516 0.0227628 
-0.00300116 0.0209028 0.0312684 
0.00720548 -0.000214537 0.00994971 
0.008165830000000001 0.00857137 0.00524497 
-0.000765111 0.0176818 0.0191928 
-0.0352 -0.00364368 0.0176937 
-0.0160606 -0.0222469 0.01986 
-0.0135463 0.00785079 0.07648870000000001 
0.000218947 -0.0162182 0.0353433 
0.0256103 -0.012176 0.00594971 
-0.00298963 -0.00548789 0.00114996 
-0.00721066 -0.0162182 0.0166587 
-0.0195047 0.000445424 0.0385036 
-0.0167086 0.00953465 0.00594971 
0.008182480000000001 0.025395 0.00669334 
0.0159475 0.0162917 0.0119497 
-0.0175769 -0.000695885 0.075234 
-0.0145551 0.0227972 0.0263039 
-0.0298639 -0.00267208 0.0202132 
0.0274939 0.0203756 0.00870577 
-0.0257068 0.00287414 0.0701885 
-0.0135291 -0.00757174  0.038 
-0.0165912 -0.0218815 0.0146553 
-0.017207 0.0210237 0.0317324 
-0.015 0.00459492 0.0195884 
-0.00898649 0.000855066 0.095375 
-0.0259438 0.0128864 0.0435777 
0.0257513 -0.00076514 0.0119497 
-0.0148262 0.0121741 0.0366997 
0.00167526 -0.0164904 0.0379947 
-0.0351836 0.0127974 0.0318797 
-0.0166091 0.00950878 0.0574312 
-0.014525 0.00660965 0.0906178 
-0.00373213 -0.009029300000000001 0.00994971 
-0.007838289999999999 -0.0118192 0.0366997 
-0.00611351 -0.0142081 0.00594971 
-0.015 0.00694922 0.0337264 
-0.0128448 -0.00088878  0.038 
-0.0303708 0.007978839999999999 0.0566141 
0.009960180000000001 0.0152359 0.00594971 
-0.018896 0.0198606 0.0143037 
0.00243767 -0.0221621 0.0258057 
-0.0133 -0.00116158 0.0568279 
0.0265974 -0.0120483 0.0119497 
-0.015 0.000904596 0.0134984 
0.000410509 -0.0242182 0.013787 
-0.0133 -0.00210602 0.0485927 
-0.015 0.0152688 0.0280289 
-0.0218701 0.0177092 0.0357069 
0.0264953 -0.00509024 0.0119497 
-0.015 -0.00609679 0.0318432 
-0.0281461 -0.00148666 0.0510535 
-0.0329306 -0.00351017 0.0503413 
-0.019778 0.000488887 0.00594971 
-0.0304925 -0.0159537 0.0215541 
-0.0108485 -0.00922944 0.0119497 
-0.0145078 0.00762379 0.0796731 
-0.0245095 -0.0057169 0.0733159 
-0.009900000000000001 0.00572836 0.08760129999999999 
0.0151568 -0.0220124 0.0118421 
-0.0231855 0.00553753 0.0059497 
-0.00570804 -0.0162182 0.0352301 
0.00341423 -0.0237591 0.0227822 
-0.0267476 -0.00835928 0.0635694 
0.0118542 -0.00202743 0.00320809 
-0.0179409 0.00321997 0.00594971 
0.0264686 0.017895 0.0118704 
-0.0251149 0.00362929 0.0718149 
-0.0247173 0.0159023 0.00839823 
0.0213746 0.0107545 0.0119497 
-0.00273542 -0.0174182 0.0282612 
-0.00343269 -0.00343296 0.00394971 
-0.0218419 0.0130278 0.0432599 
3 3041 2384 5250 
3 5401 4771 5459 
3 4771 7665 9668 
3 7665 4771 5401 
3 9655 5401 5459 
3 9655 2384 1278 
3 9424 6636 449 
3 8551 3041 5250 
3 5195 8680 449 
3 2153 5195 449 
3 2206 454 6914 
3 2384 454 1278 
3 3041 454 2384 
3 3879 584 3091 
3 584 3879 7854 
3 9585 8754 8418 
3 9585 6470 8754 
3 9609 7944 5512 
3 3304 6336 3171 
3 362 9274 8418 
3 5393 3732 89 
3 147 5496 9668 
3 5496 5393 9668 
3 5393 5496 3732 
3 4534 407 9668 
3 7665 4534 9668 
3 9665 147 9668 
3 3747 8396 1278 
3 8396 3747 3546 
3 690 8396 3546 
3 9913 4456 8012 
3 5800 3420 4762 
3 3342 7301 3009 
3 6370 7665 5401 
3 9655 6370 5401 
3 4534 6370 4897 
3 6370 4534 7665 
3 4272 9868 7020 
3 4272 9609 5512 
3 6824 6874 89 
3 9424 473 6636 
3 473 4610 6636 
3 4610 473 5499 
3 9798 8551 5250 
3 7165 9424 449 
3 8551 7165 449 
3 7165 8551 9424 
3 3206 2153 449 
3 454 9318 6914 
3 5195 305 9304 
3 305 4656 7020 
3 1711 6345 7854 
3 455 3501 7879 
3 5811 455 7879 
3 6871 5696 2837 
3 3342 6871 2837 
3 2991 6871 3009 
3 6871 3342 3009 
3 3501 9002 7879 
3 3879 9002 3501 
3 6470 6001 5811 
3 6001 6470 9585 
3 9307 2206 6914 
3 6470 9307 6914 
3 9307 5811 7879 
3 9307 6470 5811 
3 9274 708 8418 
3 708 9274 5811 
3 6001 708 5811 
3 708 9585 8418 
3 708 6001 9585 
3 7914 4272 5512 
3 4272 7914 9868 
3 9868 7914 7020 
3 305 7914 9304 
3 7914 305 7020 
3 1464 6433 7944 
3 6433 3304 6820 
3 7944 6433 5512 
3 5068 1641 9288 
3 1641 8613 1016 
3 6336 2232 3171 
3 6044 2232 6336 
3 3913 9765 9055 
3 9417 1820 1195 
3 4621 8342 6540 
3 3001 4621 7084 
3 4621 3001 8342 
3 4621 7196 7084 
3 9878 7196 6540 
3 7196 4621 6540 
3 3471 5000 5487 
3 5393 5793 9668 
3 3732 5013 147 
3 5013 5496 147 
3 5496 5013 3732 
3 4649 2006 5294 
3 2220 4649 5294 
3 6759 4534 4897 
3 4534 6759 407 
3 407 8251 9668 
3 8251 9665 9668 
3 3420 7070 4762 
3 7070 3529 4762 
3 7070 2580 3529 
3 4456 1144 8012 
3 4196 4456 5294 
3 4456 4196 2006 
3 4456 8585 5294 
3 8585 4456 9913 
3 2521 5926 755 
3 2521 9913 8012 
3 2521 9076 9913 
3 5850 2521 8012 
3 2521 5850 7161 
3 6329 3342 2837 
3 3342 6427 7301 
3 6329 6427 3342 
3 6345 6427 5000 
3 7301 6427 3009 
3 6427 6345 3009 
3 1573 6653 4006 
3 4771 7531 5459 
3 7531 4771 9668 
3 5793 7531 9668 
3 7531 5793 5393 
3 7939 6370 9655 
3 6824 4795 6874 
3 278 4795 4610 
3 6874 4795 89 
3 2719 5206 5499 
3 473 2719 5499 
3 9798 2719 8551 
3 2719 9798 5206 
3 8551 2719 9424 
3 2719 473 9424 
3 4656 1247 9609 
3 7559 4272 7020 
3 4656 7559 7020 
3 4272 7559 9609 
3 7559 4656 9609 
3 4531 1641 1016 
3 1641 4531 9288 
3 632 3720 905 
3 8378 632 9374 
3 2815 5195 9304 
3 9741 5195 2153 
3 9741 305 5195 
3 9741 9572 305 
3 3313 455 2991 
3 1711 3313 6345 
3 3313 2991 3009 
3 6345 3313 3009 
3 9274 2566 5811 
3 2566 455 5811 
3 9002 5737 7879 
3 5737 9307 7879 
3 9307 5737 1786 
3 9946 3879 3091 
3 9946 9002 3879 
3 5737 9946 1786 
3 9946 5737 9002 
3 3173 690 3546 
3 7392 3173 3546 
3 8578 7392 3546 
3 7392 8578 1351 
3 3747 8578 3546 
3 8578 3747 1278 
3 454 8578 1278 
3 1351 8578 454 
3 9946 5665 1786 
3 5665 9946 7392 
3 9307 8019 2206 
3 8019 9307 1786 
3 1464 3368 813 
3 3368 2950 1016 
3 6820 5733 5512 
3 5733 7914 5512 
3 3304 4270 6336 
3 6433 4270 3304 
3 9728 6820 5512 
3 6433 9728 5512 
3 9728 6433 6820 
3 3459 8613 1641 
3 5068 8372 1641 
3 821 8625 6336 
3 8625 821 5443 
3 8625 826 6336 
3 1778 826 5443 
3 826 8625 5443 
3 72 821 6336 
3 4270 72 6336 
3 72 4270 6433 
3 72 1464 1022 
3 72 6433 1464 
3 747 72 1022 
3 72 747 4777 
3 3134 821 6685 
3 821 3134 5443 
3 1820 6349 1195 
3 2112 9765 3913 
3 2599 5374 1582 
3 5374 1273 7313 
3 8342 2527 6540 
3 2527 9878 6540 
3 6345 2527 1085 
3 9878 2527 5487 
3 2527 3471 5487 
3 2527 6345 5000 
3 3471 2527 5000 
3 9877 3001 7084 
3 5075 8923 1935 
3 5075 2039 8923 
3 7703 6871 2991 
3 6871 7703 1093 
3 8521 9878 3302 
3 8521 7196 9878 
3 6271 1573 3302 
3 6271 9878 5487 
3 9878 6271 3302 
3 6653 6271 5487 
3 6271 6653 1573 
3 4959 4639 6803 
3 4639 4959 362 
3 415 7371 6803 
3 7371 4959 6803 
3 7583 5419 2604 
3 5419 7583 362 
3 5419 4959 2604 
3 4959 5419 362 
3 362 1119 9274 
3 7583 1119 362 
3 4716 5393 89 
3 4795 4716 89 
3 4649 2048 2006 
3 7545 5800 4762 
3 8084 7545 7872 
3 7545 964 5800 
3 3529 7545 4762 
3 7545 3529 7872 
3 5631 2220 5294 
3 7545 5631 5294 
3 5631 7545 8084 
3 7592 7629 8084 
3 9617 7592 6073 
3 7592 4529 6073 
3 4529 7592 8084 
3 2039 5194 8923 
3 799 5850 8012 
3 8101 6759 4897 
3 6759 8101 407 
3 9665 8858 147 
3 8251 8858 9665 
3 8396 8354 1278 
3 784 7939 9655 
3 7939 784 4897 
3 784 9655 1278 
3 8354 784 1278 
3 2580 9487 3529 
3 7086 2941 5418 
3 460 4529 7872 
3 4529 460 6073 
3 3732 460 89 
3 460 8561 89 
3 9617 460 3732 
3 460 9617 6073 
3 2491 460 7872 
3 7070 9019 2580 
3 2006 8054 5294 
3 8054 4196 5294 
3 4196 8054 2006 
3 9323 964 9913 
3 9076 9323 9913 
3 964 3805 9913 
3 8585 3805 5294 
3 3805 8585 9913 
3 3805 7545 5294 
3 7545 3805 964 
3 6657 6653 5487 
3 5000 6657 5487 
3 6427 6657 5000 
3 6657 6427 6329 
3 6871 6657 5696 
3 5696 6657 2837 
3 6657 6329 2837 
3 6653 7114 4006 
3 7531 7427 5459 
3 7427 9798 5459 
3 9798 7427 5206 
3 5206 3193 5499 
3 3193 4610 5499 
3 4716 8352 5393 
3 6370 9546 4897 
3 7939 9546 6370 
3 1247 5105 9609 
3 5105 3720 9609 
3 8407 3771 309 
3 9018 3720 632 
3 7459 3771 4531 
3 7459 4531 1016 
3 2950 7459 1016 
3 8378 5547 632 
3 1568 8378 9374 
3 6636 1568 449 
3 1568 9374 449 
3 8551 1725 3041 
3 1725 8551 449 
3 1247 3416 905 
3 3416 1247 4656 
3 3416 632 905 
3 305 6825 4656 
3 2543 9741 2153 
3 2543 9572 9741 
3 3206 2543 2153 
3 2543 3416 9572 
3 2543 3206 449 
3 9374 2543 449 
3 632 2543 9374 
3 3416 2543 632 
3 4908 3313 1711 
3 4908 1711 7854 
3 455 4908 3501 
3 3313 4908 455 
3 3879 4908 7854 
3 4908 3879 3501 
3 690 8068 3091 
3 8068 9946 3091 
3 3173 8068 690 
3 9946 8068 7392 
3 8068 3173 7392 
3 6361 7392 1351 
3 6361 5665 7392 
3 6361 1351 454 
3 6361 454 2206 
3 8019 6361 2206 
3 5665 9194 1786 
3 9194 8019 1786 
3 6361 9194 5665 
3 9194 6361 8019 
3 7196 2107 7084 
3 8210 3368 1464 
3 3368 8210 2950 
3 8210 1464 7944 
3 2950 8210 7944 
3 813 9107 1499 
3 3368 9107 813 
3 9107 5095 1499 
3 1464 9807 1022 
3 2628 9807 1464 
3 4449 2628 1464 
3 5017 3621 404 
3 5374 5353 1582 
3 5353 5374 7313 
3 3508 3459 1641 
3 3508 8372 8301 
3 8372 3508 1641 
3 8948 7566 5068 
3 7566 8372 5068 
3 3874 826 1195 
3 826 3874 6044 
3 3874 6349 6044 
3 4418 1778 1195 
3 826 4418 1195 
3 4418 826 1778 
3 5877 6044 6336 
3 826 5877 6336 
3 5877 826 6044 
3 35 2232 6044 
3 6349 35 6044 
3 2112 3315 7848 
3 3315 2112 3913 
3 3315 1900 7848 
3 7945 2599 1582 
3 7945 9740 2599 
3 4595 9417 1195 
3 4595 3686 9417 
3 3686 4595 3913 
3 6240 3001 5852 
3 1273 577 9434 
3 5374 577 1273 
3 577 7107 9434 
3 9740 8465 2599 
3 8465 5374 2599 
3 8465 9740 5852 
3 8853 2144 1085 
3 2527 8853 1085 
3 8923 4865 1935 
3 8853 4865 2144 
3 3001 6518 8342 
3 6240 6518 3001 
3 2748 7684 8641 
3 7684 6046 8641 
3 9289 6046 7848 
3 6046 2112 7848 
3 2112 6046 9765 
3 6046 5446 8641 
3 5446 6046 9289 
3 7703 5414 1093 
3 7114 3109 4006 
3 3109 7114 1349 
3 455 8701 2991 
3 8701 7703 2991 
3 3109 8701 4006 
3 3758 7371 8020 
3 7371 3758 4959 
3 3317 3758 8020 
3 3758 3317 6638 
3 4959 3758 2604 
3 3758 6638 2604 
3 6638 1228 2604 
3 3317 1228 6638 
3 4639 3441 6803 
3 3441 4639 362 
3 9278 7371 415 
3 8184 8084 7872 
3 4529 8184 7872 
3 8184 4529 8084 
3 8127 3736 5486 
3 3736 1880 5486 
3 1880 3736 1061 
3 2009 3732 147 
3 2009 8127 3732 
3 3736 2009 147 
3 2009 3736 8127 
3 8127 4596 3732 
3 4596 8127 5486 
3 4596 9617 3732 
3 9617 4596 5486 
3 1990 5447 1670 
3 5447 5194 5170 
3 5194 5447 8923 
3 5447 1990 8923 
3 1753 9617 5486 
3 1753 7592 9617 
3 7592 357 7629 
3 1144 7134 8012 
3 7134 799 8012 
3 2048 2552 2006 
3 2552 2048 5170 
3 7134 2552 799 
3 2552 4456 2006 
3 2552 6590 4456 
3 2552 7134 1144 
3 799 9731 5850 
3 5850 9731 7161 
3 2552 9731 799 
3 9731 2039 7161 
3 9731 5194 2039 
3 5194 9731 5170 
3 9731 2552 5170 
3 5388 784 3096 
3 5388 8251 407 
3 784 5388 407 
3 784 6204 4897 
3 6204 784 407 
3 6204 8101 4897 
3 8101 6204 407 
3 223 8354 8396 
3 223 784 8354 
3 784 223 3096 
3 5388 1376 8251 
3 1376 5388 3096 
3 1376 8858 8251 
3 2448 9487 2580 
3 9487 2448 7086 
3 5685 7086 5418 
3 5685 9487 7086 
3 2043 3340 8029 
3 460 5104 2043 
3 2491 5104 460 
3 5624 2227 2634 
3 1568 5624 8378 
3 2227 5624 1568 
3 1917 7070 3420 
3 1917 9019 7070 
3 1754 1144 4456 
3 6590 1754 4456 
3 1754 2552 1144 
3 2552 1754 6590 
3 1132 6657 6871 
3 751 7427 7531 
3 5501 8352 509 
3 1145 5501 509 
3 5501 7531 5393 
3 8352 5501 5393 
3 8352 745 509 
3 745 8352 4716 
3 745 1145 509 
3 745 3770 1145 
3 745 4716 4795 
3 745 4795 278 
3 3770 745 278 
3 9911 7939 4897 
3 9546 9911 4897 
3 9911 9546 7939 
3 1875 1247 905 
3 1875 5105 1247 
3 3720 9693 905 
3 5105 9693 3720 
3 9693 1875 905 
3 9237 3771 8407 
3 9237 8378 8029 
3 5547 9237 8407 
3 9237 5547 8378 
3 2941 9237 8029 
3 9237 7086 7600 
3 9237 2941 7086 
3 9018 6842 3720 
3 1942 7459 4411 
3 8407 1942 4411 
3 1942 8407 309 
3 3771 1942 309 
3 7459 1942 3771 
3 8857 7459 8777 
3 1725 4098 3041 
3 4098 454 3041 
3 4098 9318 454 
3 5195 808 8680 
3 8680 808 449 
3 808 1725 449 
3 4098 808 5195 
3 808 4098 1725 
3 9572 7946 305 
3 7946 6825 305 
3 3416 7946 9572 
3 6825 7946 3416 
3 4757 3416 4656 
3 6825 4757 4656 
3 4757 6825 3416 
3 9533 1126 8592 
3 1126 5814 1820 
3 5814 1126 535 
3 2799 1126 1820 
3 2107 173 7084 
3 8521 6392 7196 
3 6733 2421 4661 
3 3980 3459 5095 
3 2421 3980 5095 
3 6733 3980 2421 
3 3980 6733 7527 
3 8613 3980 7527 
3 3459 3980 8613 
3 5295 2421 5095 
3 2421 5295 4661 
3 5295 8613 7527 
3 8613 5295 1016 
3 5295 3368 1016 
3 6733 5295 7527 
3 5295 6733 4661 
3 9807 3924 1022 
3 3924 9807 6927 
3 3459 1580 5095 
3 3648 1464 813 
3 3648 2483 1464 
3 6212 8011 5313 
3 2483 6212 5313 
3 3648 6212 2483 
3 2483 4819 1464 
3 4819 4449 1464 
3 4449 433 2628 
3 8349 5865 5733 
3 4834 415 6803 
3 4834 5865 415 
3 5733 9663 7914 
3 5865 9663 5733 
3 5553 3304 3171 
3 5553 7932 3304 
3 7932 5553 3616 
3 3304 7932 6820 
3 7107 2141 9434 
3 2141 1273 9434 
3 787 5353 7313 
3 5353 7490 1582 
3 7940 7490 8911 
3 7945 7490 7940 
3 7490 7945 1582 
3 9533 7721 3171 
3 7721 9533 8592 
3 7721 5553 3171 
3 5553 7721 774 
3 4291 9289 7848 
3 1900 4291 7848 
3 4291 1900 9289 
3 1900 84 6685 
3 84 4595 1195 
3 84 3134 6685 
3 3134 84 5443 
3 1778 84 1195 
3 84 1778 5443 
3 1489 1900 4777 
3 747 1489 4777 
3 3508 8793 3459 
3 2005 8793 8219 
3 8793 8948 8219 
3 8793 2005 6898 
3 8793 3508 8301 
3 5988 8793 6898 
3 8793 7566 8948 
3 8793 1580 3459 
3 8372 8793 8301 
3 7566 8793 8372 
3 6349 6949 1195 
3 6949 3874 1195 
3 3874 6949 6349 
3 6205 35 6349 
3 4483 6349 1820 
3 2393 4483 1820 
3 4483 6205 6349 
3 6863 4483 2393 
3 1750 3315 3913 
3 3315 1750 1900 
3 4595 1750 3913 
3 1750 4595 1900 
3 658 8597 1820 
3 8597 6902 1820 
3 6013 6902 2212 
3 6902 6013 1820 
3 2799 6013 2212 
3 6013 2799 1820 
3 7945 5674 9740 
3 9431 3913 9055 
3 9431 6240 2354 
3 2821 6240 5852 
3 2821 5674 4806 
3 9740 2821 5852 
3 5674 2821 9740 
3 9431 5053 6240 
3 9765 5053 9055 
3 5053 9431 9055 
3 3686 756 9417 
3 756 3686 3913 
3 9877 7735 3001 
3 7735 9230 3001 
3 3001 9230 5852 
3 9230 8465 5852 
3 3739 2527 8342 
3 3739 8853 2527 
3 1363 6518 6240 
3 2748 3480 7684 
3 6046 9043 9765 
3 9043 5053 9765 
3 2748 9101 3731 
3 9101 4581 3731 
3 2175 5075 1935 
3 4865 2175 1935 
3 2175 4865 3731 
3 4581 2175 3731 
3 3798 5986 2039 
3 5986 9104 2039 
3 5075 9677 2039 
3 9677 3798 2039 
3 33 9101 5446 
3 9101 33 4581 
3 2521 2412 5926 
3 2412 9104 5926 
3 5986 5930 9104 
3 9104 2526 5926 
3 5930 2526 9104 
3 1900 1537 9289 
3 1537 8615 9289 
3 4819 1537 4449 
3 5414 4213 1093 
3 1132 4213 6657 
3 4213 6871 1093 
3 4213 1132 6871 
3 5214 8701 1349 
3 8701 5214 7703 
3 5262 4213 5414 
3 6657 5262 6653 
3 4213 5262 6657 
3 4446 3109 1349 
3 8701 4446 1349 
3 4446 8701 3109 
3 8701 11 4006 
3 2566 2428 455 
3 2428 1792 455 
3 1299 8701 455 
3 1792 1299 455 
3 7371 2819 8020 
3 9278 2819 7371 
3 2819 9278 5236 
3 2819 5236 404 
3 1997 2819 404 
3 2819 1997 8020 
3 1119 4005 9274 
3 1690 3770 278 
3 3770 1690 1145 
3 1690 278 4610 
3 1145 1690 4610 
3 3736 1649 1061 
3 1376 1649 8858 
3 9342 1753 5486 
3 1753 9342 7592 
3 357 9342 5486 
3 9342 357 7592 
3 357 8397 7629 
3 3023 8397 1880 
3 1880 8397 5486 
3 8397 357 5486 
3 6345 8170 7854 
3 8170 584 7854 
3 584 8170 3091 
3 8751 1376 3096 
3 223 8751 3096 
3 8751 223 9499 
3 3529 9957 7872 
3 287 3340 2491 
3 287 2491 7872 
3 3340 174 2491 
3 174 5104 2491 
3 185 8669 2634 
3 5623 1736 8561 
3 8669 5623 2634 
3 1736 5623 8669 
3 1457 1568 6636 
3 1457 2227 1568 
3 8055 8872 2634 
3 8872 5624 2634 
3 8378 8872 8029 
3 5624 8872 8378 
3 578 3193 5206 
3 7427 578 5206 
3 751 578 7427 
3 6381 751 7531 
3 5501 6381 7531 
3 6381 5501 3193 
3 578 6381 3193 
3 6381 578 751 
3 8758 5501 1145 
3 8758 1145 4610 
3 3193 8758 4610 
3 1875 6151 5105 
3 6151 9693 5105 
3 8113 4670 5322 
3 4531 4670 9288 
3 5322 4670 4531 
3 8788 5322 7600 
3 8788 8113 5322 
3 9784 5322 4531 
3 3771 9784 4531 
3 9237 9784 3771 
3 5322 9784 7600 
3 9784 9237 7600 
3 3720 8241 9609 
3 6842 8241 3720 
3 3884 8407 4411 
3 7459 3884 4411 
3 8857 3884 7459 
3 3884 5547 8407 
3 3884 8857 5547 
3 972 8857 8777 
3 6456 3112 8777 
3 8710 6456 8777 
3 8710 7944 9609 
3 8710 2950 7944 
3 7459 8710 8777 
3 8710 7459 2950 
3 8141 9018 632 
3 8141 8710 9018 
3 8710 8141 6456 
3 2815 8559 5195 
3 8559 4098 5195 
3 1126 6435 535 
3 6435 5814 535 
3 5814 6435 1820 
3 6392 1235 1997 
3 3317 1235 1573 
3 1235 3317 8020 
3 1997 1235 8020 
3 8724 2107 7196 
3 6392 8724 7196 
3 8724 173 2107 
3 8265 9107 3368 
3 5295 8265 3368 
3 9107 8265 5095 
3 8265 5295 5095 
3 5095 9576 1499 
3 1580 9576 5095 
3 9576 813 1499 
3 9576 1537 8011 
3 1537 9576 1580 
3 8444 2483 5313 
3 8444 4819 2483 
3 8011 8444 5313 
3 1537 8444 8011 
3 8444 1537 4819 
3 9807 9592 6927 
3 9592 9807 2628 
3 4823 8349 5733 
3 8349 4823 307 
3 6097 8349 307 
3 1273 6097 307 
3 2141 6097 1273 
3 8349 6097 5865 
3 7346 2815 9304 
3 7914 7346 9304 
3 8754 5189 8418 
3 5189 362 8418 
3 6470 5189 8754 
3 5189 6470 6914 
3 9318 5189 6914 
3 1516 5189 9318 
3 3441 4454 6803 
3 4454 4834 6803 
3 4454 3441 362 
3 5189 4454 362 
3 8214 9825 7313 
3 2502 8214 7313 
3 8214 2502 9825 
3 4880 6277 307 
3 7885 6806 3616 
3 6806 7885 2502 
3 6806 2502 7313 
3 926 6806 307 
3 6806 1273 307 
3 1273 6806 7313 
3 5553 4031 3616 
3 4031 5553 9825 
3 4031 7885 3616 
3 2502 4031 9825 
3 7885 4031 2502 
3 9825 1165 7313 
3 5553 1165 9825 
3 9644 7122 839 
3 8562 4880 307 
3 9644 8562 307 
3 8562 9644 839 
3 8562 839 5733 
3 7932 8562 6820 
3 8562 5733 6820 
3 9375 6277 4880 
3 5236 8781 404 
3 8781 5017 404 
3 6097 8781 5236 
3 8781 6097 2141 
3 5017 8781 7107 
3 8781 2141 7107 
3 7490 3335 8911 
3 5925 7721 8592 
3 7721 5925 5353 
3 4595 2370 1900 
3 2370 84 1900 
3 84 2370 4595 
3 4435 643 1900 
3 643 72 4777 
3 1900 643 4777 
3 72 8883 821 
3 643 8883 72 
3 8883 643 4435 
3 168 5988 9076 
3 168 8793 5988 
3 168 2521 755 
3 2521 168 9076 
3 1580 168 755 
3 8793 168 1580 
3 6002 6863 2393 
3 6002 9533 3171 
3 2232 6002 3171 
3 6863 6002 2232 
3 2866 6863 2232 
3 6863 2866 4483 
3 35 2866 2232 
3 6205 2866 35 
3 4483 2866 6205 
3 6951 5674 7945 
3 9431 9874 3913 
3 9874 756 3913 
3 9874 6056 756 
3 6240 9445 2354 
3 2821 9445 6240 
3 9445 2821 4806 
3 5674 9445 4806 
3 6056 9445 5674 
3 9445 9874 2354 
3 2919 9230 7735 
3 577 2919 7107 
3 2919 577 5374 
3 8465 2919 5374 
3 9230 2919 8465 
3 5803 3739 8342 
3 2748 5803 8342 
3 5803 2748 3731 
3 6518 9228 8342 
3 9228 2748 8342 
3 9228 3480 2748 
3 8553 6046 7684 
3 8553 9043 6046 
3 1363 8553 7684 
3 9043 8553 5053 
3 5053 8553 6240 
3 8553 1363 6240 
3 4957 2748 8641 
3 4957 9101 2748 
3 5446 4957 8641 
3 9101 4957 5446 
3 3679 5986 3798 
3 33 3679 3798 
3 5930 3679 3552 
3 3679 5930 5986 
3 3679 33 5446 
3 3679 9289 3552 
3 3679 5446 9289 
3 9677 878 3798 
3 878 33 3798 
3 878 9677 5075 
3 2175 878 5075 
3 878 2175 4581 
3 33 878 4581 
3 9319 2521 7161 
3 9319 2412 2521 
3 2039 9319 7161 
3 9104 9319 2039 
3 2412 9319 9104 
3 2526 6054 8615 
3 9289 6054 3552 
3 8615 6054 9289 
3 6054 5930 3552 
3 6054 2526 5930 
3 1489 639 1900 
3 639 1537 1900 
3 639 3924 6927 
3 3924 639 1022 
3 639 747 1022 
3 639 1489 747 
3 5926 2353 755 
3 2526 2353 5926 
3 2353 2526 8615 
3 7896 433 4449 
3 1537 7896 4449 
3 433 7896 2628 
3 7896 9592 2628 
3 9592 7896 6927 
3 7896 639 6927 
3 639 7896 1537 
3 5214 3633 7703 
3 3633 5214 2186 
3 3622 7114 6653 
3 1556 5214 6653 
3 5214 1556 2186 
3 5262 1556 6653 
3 1556 5262 2186 
3 558 5262 5414 
3 3633 558 7703 
3 4384 11 8701 
3 8957 1228 3317 
3 8564 1299 780 
3 1299 8564 8701 
3 8564 4384 8701 
3 11 8564 780 
3 4384 8564 11 
3 3326 4005 1119 
3 3326 6429 9274 
3 4005 3326 9274 
3 2586 3736 147 
3 2586 1649 3736 
3 8858 2586 147 
3 1649 2586 8858 
3 6655 3023 1880 
3 6655 1880 1061 
3 5511 6655 1061 
3 1933 5511 1061 
3 1933 760 5511 
3 7483 5447 5170 
3 2048 7483 5170 
3 7483 4649 2220 
3 5447 7483 1670 
3 5631 205 2220 
3 205 5631 8084 
3 205 7483 2220 
3 7629 205 8084 
3 8397 205 7629 
3 205 8397 9186 
3 1670 205 9186 
3 7483 205 1670 
3 8985 690 3091 
3 8170 8985 3091 
3 8985 8396 690 
3 8985 8170 223 
3 8985 223 8396 
3 5685 1008 9487 
3 9487 1008 3529 
3 1008 9957 3529 
3 4859 2941 8029 
3 4859 287 7872 
3 3331 3340 2043 
3 3331 174 3340 
3 174 3331 5104 
3 8561 4325 89 
3 4325 6098 89 
3 1736 4325 8561 
3 4325 1736 8669 
3 4795 5238 4610 
3 5238 185 4610 
3 5238 4795 6824 
3 185 5238 6824 
3 185 5540 4610 
3 5540 185 2634 
3 4610 5540 6636 
3 2227 5540 2634 
3 5540 1457 6636 
3 1457 5540 2227 
3 5196 6098 8669 
3 185 5196 8669 
3 4053 8055 2634 
3 5623 4053 2634 
3 9720 5623 8561 
3 9720 4053 5623 
3 5747 460 2043 
3 5747 3617 460 
3 3617 5695 8055 
3 5695 2043 8029 
3 5695 5747 2043 
3 5747 5695 3617 
3 8872 5695 8029 
3 5695 8872 8055 
3 3617 2213 460 
3 460 2213 8561 
3 2213 9720 8561 
3 9720 2213 8982 
3 5501 9083 3193 
3 9083 8758 3193 
3 8758 9083 5501 
3 9693 5182 1875 
3 5182 6151 1875 
3 6151 5182 9693 
3 8857 2331 5547 
3 2331 972 5547 
3 972 2331 8857 
3 3112 8013 8777 
3 5828 8241 6842 
3 5828 6842 9018 
3 8710 5828 9018 
3 8241 5828 9609 
3 5828 8710 9609 
3 3937 3112 6456 
3 8141 3937 6456 
3 5547 3937 632 
3 3937 8141 632 
3 9533 7715 1126 
3 7715 6435 1126 
3 1573 8454 3302 
3 1235 8454 1573 
3 8454 1235 6392 
3 8454 8521 3302 
3 8454 6392 8521 
3 2359 6392 1997 
3 2359 8724 6392 
3 8724 2359 3621 
3 3621 2359 404 
3 2359 1997 404 
3 8705 3648 813 
3 9576 8705 813 
3 6212 8705 8011 
3 8705 9576 8011 
3 9278 2896 5236 
3 2896 6097 5236 
3 6097 2896 5865 
3 5865 2896 415 
3 2896 9278 415 
3 9663 5887 7914 
3 5887 7346 7914 
3 4834 5887 5865 
3 5887 9663 5865 
3 7346 7813 2815 
3 7813 8559 2815 
3 8559 7813 4098 
3 7813 5189 1516 
3 7813 1516 9318 
3 4098 7813 9318 
3 5396 787 7313 
3 1165 5396 7313 
3 787 5396 5553 
3 5396 1165 5553 
3 1915 4823 5733 
3 3185 8562 7932 
3 8562 3185 4880 
3 3185 9375 4880 
3 1076 7932 3616 
3 1076 6322 7932 
3 6806 1076 3616 
3 1076 6806 926 
3 6322 1076 926 
3 787 4215 5353 
3 9409 5925 8592 
3 5925 9409 3335 
3 445 3335 7490 
3 445 5925 3335 
3 3536 7490 5353 
3 5925 3536 5353 
3 3536 445 7490 
3 445 3536 5925 
3 821 1893 6685 
3 8883 1893 821 
3 7570 1900 6685 
3 1893 7570 6685 
3 7570 1893 8883 
3 7570 4435 1900 
3 7570 8883 4435 
3 9533 8969 2393 
3 8969 6002 2393 
3 6002 8969 9533 
3 5406 6951 658 
3 5406 658 1820 
3 9417 5406 1820 
3 6951 5406 5674 
3 5953 9431 2354 
3 9874 5953 2354 
3 5953 9874 9431 
3 9874 648 6056 
3 648 9445 6056 
3 9445 648 9874 
3 2919 5772 7107 
3 5772 5017 7107 
3 5017 5772 3621 
3 5772 8724 3621 
3 8724 5772 173 
3 4865 2503 3731 
3 2503 5803 3731 
3 2503 4865 8853 
3 3739 2503 8853 
3 5803 2503 3739 
3 3480 4084 7684 
3 9228 4084 3480 
3 4084 9228 6518 
3 7796 4084 6518 
3 1537 2182 8615 
3 2182 2353 8615 
3 2182 1537 1580 
3 2182 1580 755 
3 2353 2182 755 
3 7114 3802 1349 
3 3802 3622 1349 
3 3622 3802 7114 
3 498 5214 1349 
3 3622 498 1349 
3 5214 498 6653 
3 498 3622 6653 
3 9626 5414 7703 
3 558 9626 7703 
3 9626 558 5414 
3 558 3777 5262 
3 3777 558 3633 
3 5262 3777 2186 
3 3777 3633 2186 
3 11 7723 4006 
3 7723 11 780 
3 1299 7723 780 
3 2428 8666 1792 
3 8666 6175 1792 
3 8845 6575 6429 
3 1228 8845 2604 
3 8845 7583 2604 
3 8845 1119 7583 
3 2980 2428 2566 
3 2980 2566 9274 
3 2980 8845 2428 
3 8845 2980 6575 
3 6429 2980 9274 
3 6575 2980 6429 
3 4769 1670 9186 
3 6655 4769 3023 
3 4769 1990 1670 
3 1649 5163 1061 
3 5163 1933 1061 
3 5163 1649 1376 
3 5163 760 1933 
3 6678 8751 9499 
3 8751 6678 1376 
3 6678 5163 1376 
3 5163 6678 760 
3 2781 2048 4649 
3 7483 2781 4649 
3 2781 7483 2048 
3 2900 5685 5418 
3 2900 1008 5685 
3 1008 4521 9957 
3 7812 593 2941 
3 4859 7812 2941 
3 593 7812 9957 
3 9957 7812 7872 
3 7812 4859 7872 
3 4484 4859 8029 
3 4859 4484 287 
3 3340 4484 8029 
3 287 4484 3340 
3 5104 4601 2043 
3 4601 3331 2043 
3 3331 4601 5104 
3 6098 6492 8669 
3 6492 4325 8669 
3 4325 6492 6098 
3 2800 185 6824 
3 2800 5196 185 
3 2800 6824 89 
3 6098 2800 89 
3 5196 2800 6098 
3 4053 2895 8055 
3 9720 2895 4053 
3 962 3617 8055 
3 962 2213 3617 
3 2213 962 8982 
3 8013 3244 8777 
3 3244 8013 5547 
3 3244 972 8777 
3 972 3244 5547 
3 8013 7999 5547 
3 7999 3937 5547 
3 7999 8013 3112 
3 3937 7999 3112 
3 7715 1751 6435 
3 6435 1751 1820 
3 6191 6212 3648 
3 8705 6191 3648 
3 6191 8705 6212 
3 7122 4805 839 
3 1915 4805 7122 
3 839 4805 5733 
3 4805 1915 5733 
3 4823 6018 307 
3 1915 6018 4823 
3 6018 9644 307 
3 6018 7122 9644 
3 6018 1915 7122 
3 418 3185 7932 
3 418 926 307 
3 6277 418 307 
3 9375 418 6277 
3 3185 418 9375 
3 8968 4215 787 
3 4215 8968 2131 
3 2131 8968 774 
3 8968 5553 774 
3 8968 787 5553 
3 7721 7797 774 
3 7763 6056 5674 
3 5406 7763 5674 
3 6056 7763 756 
3 756 7763 9417 
3 7763 5406 9417 
3 5772 3842 173 
3 3842 5772 2919 
3 173 3842 7084 
3 3842 2919 7735 
3 3842 9877 7084 
3 3842 7735 9877 
3 4084 1182 7684 
3 1182 4084 7796 
3 1182 1363 7684 
3 1363 1182 6518 
3 1182 7796 6518 
3 2092 1299 1792 
3 2092 7723 1299 
3 7723 2092 5222 
3 7723 1392 4006 
3 1392 7723 8957 
3 1392 1573 4006 
3 1392 3317 1573 
3 1392 8957 3317 
3 2411 8666 2428 
3 7185 8845 1228 
3 8957 7185 1228 
3 7185 8666 1387 
3 7185 6175 8666 
3 8845 3158 1119 
3 3158 8845 6429 
3 3158 3326 1119 
3 3326 3158 6429 
3 5649 4769 9186 
3 4769 5649 3023 
3 8397 5649 9186 
3 5649 8397 3023 
3 4769 3556 1990 
3 3556 6655 5511 
3 3556 4769 6655 
3 4521 1 9957 
3 1 593 9957 
3 1 4521 1008 
3 2941 1 5418 
3 593 1 2941 
3 1 2900 5418 
3 2900 1 1008 
3 2895 6234 8055 
3 6234 962 8055 
3 962 6234 8982 
3 6234 9720 8982 
3 6234 2895 9720 
3 9782 2393 1820 
3 1751 9782 1820 
3 9782 1751 7715 
3 9782 9533 2393 
3 9782 7715 9533 
3 3119 6322 926 
3 418 3119 926 
3 6322 3119 7932 
3 3119 418 7932 
3 851 4215 2131 
3 851 2131 774 
3 7797 851 774 
3 851 7797 7721 
3 851 7721 5353 
3 4215 851 5353 
3 2411 6197 8666 
3 8845 2633 2428 
3 2633 2411 2428 
3 6175 4733 1792 
3 4733 321 1792 
3 321 4733 6175 
3 5629 2092 1792 
3 321 5629 1792 
3 2092 5629 5222 
3 7723 91 8957 
3 91 7723 5222 
3 91 321 6175 
3 5629 91 5222 
3 91 5629 321 
3 91 7185 8957 
3 7185 91 6175 
3 430 7185 1387 
3 7185 430 8845 
3 430 2633 8845 
3 8666 430 1387 
3 6197 430 8666 
3 430 6197 2411 
3 2633 430 2411 
3 6678 3650 760 
3 760 3650 5511 
3 3650 3556 5511 
3 8273 8170 6345 
3 8170 8273 223 
3 223 8273 9499 
3 8273 6678 9499 
3 8273 3650 6678 
3 2144 2989 1085 
3 4865 2989 2144 
3 2989 4865 8923 
3 3650 2989 3556 
3 1990 2989 8923 
3 3556 2989 1990 
3 7683 8273 6345 
3 8273 7683 3650 
3 7683 2989 3650 
3 7683 6345 1085 
3 2989 7683 1085 
3 9798 9655 5459 
3 2384 9798 5250 
3 9655 9798 2384 
3 8788 2448 2580 
3 5800 8788 3420 
3 8948 8788 8219 
3 5988 8788 9076 
3 8788 5068 9288 
3 8788 9323 9076 
3 8788 1917 3420 
3 7086 8788 7600 
3 9323 8788 964 
3 2448 8788 7086 
3 964 8788 5800 
3 8788 2005 8219 
3 8788 8948 5068 
3 9019 8788 2580 
3 2005 8788 6898 
3 8788 5988 6898 
3 1917 8788 9019 
3 4670 8788 9288 
3 8788 4670 8113 
3 7813 5887 4834 
3 4454 7813 4834 
3 7813 4454 5189 
3 5887 7813 7346 
3 3335 9409 8911 
3 9409 2799 2212 
3 9409 7940 8911 
3 8597 9409 6902 
3 1126 9409 8592 
3 9409 8597 658 
3 6902 9409 2212 
3 9409 7945 7940 
3 6951 9409 658 
3 2799 9409 1126 
3 9409 6951 7945 
Vertices and facets:
- p3041(v54): 0.011 0.028 0.0059
  neighbors: f462 f1822 f245 f423 f2369 f2372
- p2384(v47): 0.011 0.028 0.011
  neighbors: f396 f245 f461 f462 f3796 f3797
- p5250(v29):  0.01 0.028 0.0068
  neighbors: f245 f423 f761 f3796
- p4771(v81): -0.012 0.024  0.03
  neighbors: f392 f387 f393 f1199 f1201
- p5401(v48): -0.0096 0.024  0.03
  neighbors: f393 f387 f395 f735 f737
- p5459(v25): 0.0034 0.028 0.012
  neighbors: f1199 f395 f387 f1760 f1762 f3795
- p7665(v82): -0.012 0.023  0.03
  neighbors: f393 f654 f392 f735 f739
- p9668(v11): -0.014 0.023 0.032
  neighbors: f1059 f392 f654 f631 f629 f1119 f652 f656 f1118 f1201 f1203
- p9655(v83):  0.01 0.028 0.012
  neighbors: f395 f396 f737 f1208 f1678 f1683 f3795 f3797
- p1278(v14): 0.012 0.028 0.012
  neighbors: f461 f1316 f396 f660 f1315 f1674 f1683 f1684
- p9424(v88): -0.013 0.023 0.0069
  neighbors: f415 f766 f754 f764 f1224 f1225
- p6636(v28): -0.034 0.015 0.0079
  neighbors: f755 f754 f1811 f2874 f415 f3328 f3330
- p449(v15): -0.013  0.02 0.0027
  neighbors: f1824 f415 f1812 f452 f765 f451 f764 f784 f1841 f1811 f1840 f2375 f2376
- p8551(v89): 0.0038 0.028 0.0059
  neighbors: f766 f1224 f1222 f423 f765 f761 f1822 f1824
- p5195(v94): -0.0031 0.011 -4.2e-06
  neighbors: f451 f1272 f795 f452 f1268 f1271 f2377 f2374 f2944 f2945
- p8680(v85): -0.013  0.02 0.0026
  neighbors: f451 f2374 f2375
- p2153(v93): -0.016 0.018 0.0029
  neighbors: f1271 f452 f784 f1836 f1838
- p454(v95): 0.012 0.027 0.0059
  neighbors: f453 f462 f1858 f461 f788 f1317 f1316 f1857 f2372 f2373
- p2206(v52): 0.025 0.021 0.0068
  neighbors: f1324 f840 f453 f1858 f1859
- p6914(v16): 0.024  0.02 0.006
  neighbors: f841 f453 f788 f840 f3008 f3010
- p3879(v96): 0.029 0.019 0.0092
  neighbors: f1302 f468 f467 f825 f1301 f1848 f1849
- p584(v23): 0.028 0.019 0.011
  neighbors: f468 f467 f2823 f2824
- p3091(v7): 0.028  0.02 0.0098
  neighbors: f1851 f1850 f467 f1301 f2824 f3294 f3295
- p7854(v13): 0.029 0.017  0.01
  neighbors: f468 f1848 f808 f1845 f2822 f2823
- p9585(v99): 0.011 0.0032 4.2e-05
  neighbors: f484 f489 f838 f848 f849
- p8754(v53):  0.01 0.005 -5e-05
  neighbors: f489 f484 f3003 f3006
- p8418(v8): 0.012 0.0009 -5e-05
  neighbors: f621 f848 f484 f845 f3003 f3004
- p6470(v100): 0.027 0.018 0.0061
  neighbors: f838 f837 f489 f844 f841 f3006 f3008
- p7944(v104): -0.034 -0.014 0.0067
  neighbors: f1893 f510 f901 f896 f1892 f2927 f2929
- p9609(v90): -0.034 -0.012 0.0065
  neighbors: f1780 f743 f2910 f1228 f510 f1231 f1232 f1778 f2927 f3376 f3377
- p5512(v5): -0.032 -0.014 0.0061
  neighbors: f743 f510 f901 f877 f1369 f1368 f1392 f1393
- p3304(v107): -0.012 -0.024 0.0077
  neighbors: f525 f897 f1391 f1389 f2503 f2516 f2518
- p6336(v59): -0.033 -0.016 0.0093
  neighbors: f1437 f1445 f1449 f525 f940 f1389 f939 f1448 f1998 f1999
- p3171(v32): -0.012 -0.024 0.0087
  neighbors: f2547 f939 f2503 f525 f2545 f3106 f3107
- p362(v125): 0.012 -0.00094 -5e-05
  neighbors: f2159 f1577 f621 f1586 f1588 f1584 f1587 f3004 f3016 f3017
- p9274(v101): 0.028 0.014 0.0062
  neighbors: f846 f1291 f621 f845 f1587 f3256 f2770 f3255 f3549 f3552
- p5393(v126): -0.033 0.016 0.037
  neighbors: f623 f1597 f632 f1059 f631 f1205 f1772 f2317 f2318
- p3732(v71): -0.033 0.016 0.038
  neighbors: f2189 f623 f632 f1068 f1716 f1066 f2188 f1714 f2192 f2194
- p89(v6): -0.034 0.016 0.036
  neighbors: f753 f1599 f623 f1218 f1715 f1597 f1714 f3318 f3317 f3598 f3599
- p5496(v127): -0.015 0.022 0.034
  neighbors: f629 f632 f631 f1067 f1068
- p147(v39): -0.014 0.0056 0.096
  neighbors: f1067 f1066 f1670 f629 f656 f2190 f2188 f3257 f3259
- p4534(v131): -0.0098 0.022 0.035
  neighbors: f652 f739 f654 f738 f1116 f1117
- p407(v73): -0.011 0.0051 0.099
  neighbors: f1669 f1117 f2241 f652 f1118 f2240 f2243 f2245
- p9665(v132): -0.013 0.0055 0.097
  neighbors: f656 f1119 f1670 f1671
- p8396(v133): -0.0081 0.004   0.1
  neighbors: f660 f1674 f2246 f663 f665 f3296 f3298
- p3747(v46): 0.024 0.023 0.0097
  neighbors: f663 f660 f1314 f1315
- p3546(v24): 0.025 0.022 0.0096
  neighbors: f1309 f665 f663 f1308 f1312 f1314
- p690(v56): 0.027 0.021 0.0098
  neighbors: f1852 f1308 f665 f1850 f3294 f3296
- p4456(v139): -0.035 0.0067 0.045
  neighbors: f1165 f1168 f705 f1161 f1164 f1167 f2228 f2227 f2302 f2303
- p9913(v79): -0.035 -0.0069 0.044
  neighbors: f1172 f705 f1168 f1742 f1171 f1740 f1743 f1745
- p8012(v10): -0.035 -0.0092 0.045
  neighbors: f1161 f705 f1174 f1171 f1661 f2217 f2218
- p5800(v141): -0.035 0.0062 0.044
  neighbors: f718 f1627 f1629 f3801 f3810
- p3420(v75): -0.035 0.0089 0.043
  neighbors: f718 f1157 f2300 f3801 f3806
- p4762(v21): -0.035 0.0098 0.044
  neighbors: f1158 f1157 f718 f1627 f1631
- p3342(v142):  0.03 0.0097 0.0097
  neighbors: f719 f822 f820 f1181 f1188 f1189
- p7301(v44):  0.03 0.0044  0.01
  neighbors: f719 f1188 f1191
- p3009(v22):  0.03 0.011  0.01
  neighbors: f822 f1192 f719 f821 f1191 f1289 f1290
- p6370(v145): -0.0075 0.023  0.03
  neighbors: f735 f739 f737 f738 f1208 f1774 f1776
- p4897(v26): -0.0071 0.022 0.034
  neighbors: f738 f1116 f1668 f1682 f2244 f1774 f2242 f2326 f2327
- p4272(v146): -0.031 -0.013 0.006
  neighbors: f879 f877 f742 f743 f1229 f1231
- p9868(v84): -0.011 -0.0036 0.0012
  neighbors: f742 f879 f881
- p7020(v49): -0.011 -0.0019 0.001
  neighbors: f883 f742 f798 f881 f1229 f1230
- p6824(v148): -0.034 0.015 0.021
  neighbors: f1216 f753 f3325 f3324 f3596 f3598
- p6874(v147): -0.034 0.016 0.025
  neighbors: f753 f1216 f1218
- p473(v149): -0.015 0.023 0.0081
  neighbors: f754 f755 f756 f1221 f1225
- p4610(v87): -0.033 0.016 0.0089
  neighbors: f1217 f2776 f756 f755 f2775 f3323 f3322 f1766 f2894 f2893 f3326 f3328
- p5499(v50): -0.014 0.023 0.0085
  neighbors: f1221 f756 f1220 f1764 f1766
- p9798(v150): 0.0036 0.028 0.0065
  neighbors: f761 f1223 f1222 f1762 f1763 f3795 f3796 f3797
- p7165(v151): -0.012 0.021 0.0036
  neighbors: f764 f765 f766
- p3206(v155): -0.016 0.018 0.0029
  neighbors: f784 f1838 f1840
- p9318(v156): 0.0051 0.011 -2e-05
  neighbors: f2373 f788 f3011 f3010 f3422 f3423
- p305(v157): -0.011 -5.2e-05 0.00095
  neighbors: f1272 f795 f882 f883 f798 f1278 f1832 f2379 f2380
- p9304(v27): -0.0022 -0.01 -5e-05
  neighbors: f795 f1268 f882 f2997 f2998
- p4656(v152): -0.033 -0.0078 0.0061
  neighbors: f1228 f1232 f1827 f798 f1230 f1832 f2383 f2384
- p1711(v159): 0.029 0.017 0.0097
  neighbors: f1288 f808 f1844 f1845
- p6345(v134): -0.0082 0.00044  0.11
  neighbors: f1192 f808 f1290 f1288 f2822 f1190 f1507 f1504 f3776 f3790 f3793
- p455(v160): 0.029 0.016 0.0075
  neighbors: f810 f1847 f812 f1287 f2132 f1846 f1292 f2755 f2754 f2760 f2761
- p3501(v55): 0.029 0.018 0.009
  neighbors: f810 f825 f824 f1846 f1849
- p7879(v31): 0.028 0.019 0.0076
  neighbors: f824 f812 f843 f810 f1297 f1299
- p5811(v57): 0.028 0.016 0.0063
  neighbors: f837 f847 f812 f844 f843 f846 f1291 f1292
- p6871(v161):  0.03 0.012 0.0091
  neighbors: f822 f1549 f819 f820 f821 f1546 f1754 f2308 f2732 f2733
- p5696(v143):  0.03 -0.0002 0.0091
  neighbors: f819 f1754 f1755
- p2837(v80):  0.03 0.0078 0.0095
  neighbors: f820 f819 f1181 f1755 f1756
- p2991(v97):  0.03 0.015 0.009
  neighbors: f821 f1289 f1287 f1546 f2132 f2133
- p9002(v162): 0.028  0.02 0.0081
  neighbors: f1297 f824 f825 f1302 f1307
- p6001(v164): 0.027 0.017 0.0061
  neighbors: f838 f837 f847 f849
- p9307(v165): 0.027  0.02 0.0068
  neighbors: f1300 f840 f841 f844 f843 f1299 f1324 f1325
- p708(v166): 0.027 0.015 0.006
  neighbors: f845 f846 f847 f848 f849
- p7914(v172): -0.0021 -0.012 -5e-05
  neighbors: f2487 f877 f883 f879 f1369 f881 f882 f2998 f3412 f3413
- p6433(v174): -0.032 -0.015 0.007
  neighbors: f901 f896 f897 f1394 f1393 f1391 f1450 f1452
- p1464(v171): -0.035 -0.015 0.0088
  neighbors: f1892 f1351 f2450 f1452 f1451 f896 f1902 f1890 f1901 f1919 f2449 f2460 f2461
- p6820(v60): -0.013 -0.022 0.0064
  neighbors: f1392 f897 f1368 f1394 f2518 f3053 f3054
- p5068(v178): -0.035 -0.012 0.014
  neighbors: f921 f1432 f1987 f1988 f3804 f3812
- p1641(v111): -0.035 -0.013 0.0098
  neighbors: f1238 f1237 f1420 f921 f923 f1432 f1971 f1973
- p9288(v40): -0.035 -0.0098 0.0093
  neighbors: f921 f1238 f2900 f3804 f3817
- p8613(v179): -0.035 -0.013  0.01
  neighbors: f923 f2424 f2423 f1420 f2429 f2430
- p1016(v20): -0.035 -0.013 0.0087
  neighbors: f1237 f1353 f923 f1800 f1799 f2430 f2431
- p2232(v183): -0.013 -0.024 0.011
  neighbors: f939 f940 f3108 f2001 f3107 f3109 f3111
- p6044(v113): -0.013 -0.024 0.011
  neighbors: f940 f1994 f2000 f1992 f1998 f2001 f2002
- p9765(v184): -0.013 -0.0054 0.098
  neighbors: f1467 f945 f2634 f2082 f2670 f2672
- p3913(v114): -0.015 -0.023 0.035
  neighbors: f2603 f1467 f2620 f2641 f945 f2010 f2025 f2601 f3123 f3125
- p9055(v67): -0.012 -0.0053 0.098
  neighbors: f945 f2620 f2634 f2635
- p9417(v188): -0.011 -0.024  0.03
  neighbors: f2639 f964 f2023 f2024 f3474 f3653 f3654
- p1820(v115): -0.011 -0.024 0.029
  neighbors: f2951 f2611 f964 f2591 f1462 f2607 f2402 f2395 f2606 f2590 f2609 f3474 f3473 f3621 f3720 f3721
- p1195(v65): -0.014 -0.024  0.03
  neighbors: f2023 f1991 f964 f2557 f1996 f1462 f1995 f2553 f2584 f2585
- p4621(v194): 0.027 -0.021  0.01
  neighbors: f1011 f994 f1010 f1026 f1029
- p8342(v119): -0.0088 -0.003   0.1
  neighbors: f2068 f1011 f1502 f994 f2658 f3144 f3143 f3149 f3151
- p6540(v68): 0.027 -0.021  0.01
  neighbors: f1029 f994 f1028 f1502 f1503
- p3001(v196): -0.0084 -0.0047   0.1
  neighbors: f1011 f2031 f2070 f1519 f1010 f2644 f2068 f2654 f2655
- p7084(v18): 0.026 -0.022 0.0098
  neighbors: f1010 f1026 f1874 f1519 f2403 f3657 f3659
- p7196(v199): 0.028 -0.02 0.0089
  neighbors: f1029 f1028 f1026 f1874 f1560 f2412 f2960 f2961
- p9878(v123): 0.029 -0.018 0.0095
  neighbors: f1505 f1028 f1560 f1503 f1558 f1571 f1572
- p3471(v203):  0.03 -0.015 0.011
  neighbors: f1044 f1506 f1508
- p5000(v124):  0.03 -0.015  0.01
  neighbors: f1190 f1044 f1508 f1507 f1750 f1751
- p5487(v69):  0.03 -0.016 0.0093
  neighbors: f1506 f1573 f1505 f1571 f1044 f1748 f1750
- p5793(v206): -0.015 0.023 0.032
  neighbors: f1059 f1203 f1205
- p5013(v208): -0.014 0.0061 0.094
  neighbors: f1066 f1067 f1068
- p4649(v211): -0.018 0.0037  0.09
  neighbors: f1086 f1085 f1622 f3281 f3572 f3573
- p2006(v78): -0.019 0.0029 0.088
  neighbors: f1736 f1622 f1085 f1165 f1738 f2222 f2227
- p5294(v43): -0.035 0.0093 0.045
  neighbors: f1164 f1086 f1167 f1737 f1736 f1085 f1633 f1635 f1744 f1746
- p2220(v129): -0.018 0.0036 0.092
  neighbors: f3281 f1086 f1633 f3286 f3288
- p6759(v216): -0.0085 0.022 0.036
  neighbors: f1117 f1116 f1668 f1669
- p8251(v217): -0.013 0.005 0.099
  neighbors: f1118 f1119 f2240 f1671 f2253 f2255
- p7070(v224): -0.035 0.012  0.04
  neighbors: f1159 f1157 f1158 f1732 f2300 f2301
- p3529(v76): -0.035 0.012 0.039
  neighbors: f1632 f1159 f1631 f1158 f1701 f2835 f3305 f3306
- p2580(v137): -0.035 0.012 0.038
  neighbors: f1159 f1701 f1732 f2260 f3800 f3813
- p1144(v225): -0.034 -0.0048 0.047
  neighbors: f2230 f1161 f2217 f2302 f2304
- p4196(v226): -0.028 0.0054 0.065
  neighbors: f1165 f1164 f1737 f1738
- p8585(v227): -0.035 0.0028 0.044
  neighbors: f1168 f1167 f1744 f1745
- p2521(v228): -0.035 -0.0098 0.045
  neighbors: f3101 f1170 f1171 f1172 f1175 f1174 f2702 f3100 f3181 f3182
- p5926(v189): -0.034 -0.01 0.046
  neighbors: f2713 f1170 f2703 f2702 f3199 f3202
- p755(v62): -0.035 -0.011 0.043
  neighbors: f3102 f3100 f1170 f3199 f3504 f3505
- p9076(v140): -0.035 -0.009 0.044
  neighbors: f1742 f1172 f3098 f3101 f3803 f3805
- p5850(v215): -0.02 -0.0042 0.085
  neighbors: f1661 f1175 f1174 f2231 f2232
- p7161(v116): -0.019 -0.0043 0.089
  neighbors: f2234 f2232 f1175 f3181 f3183
- p6329(v230):  0.03 0.0069 0.0096
  neighbors: f1189 f1181 f1752 f1756
- p6427(v231):  0.03 -0.0063  0.01
  neighbors: f1192 f1191 f1190 f1188 f1189 f1751 f1752
- p6653(v232):  0.03 -0.012 0.0083
  neighbors: f1574 f3221 f1195 f1573 f1748 f1758 f2744 f3217 f3219 f3511 f3512
- p1573(v201):  0.03 -0.016 0.0076
  neighbors: f1195 f1574 f1570 f2955 f3393 f3392 f3672 f3673
- p4006(v121):  0.03 -0.013 0.0078
  neighbors: f1195 f2135 f1758 f2127 f2749 f3525 f3670 f3672
- p7531(v233): -0.013 0.023  0.03
  neighbors: f1199 f2317 f1201 f1760 f1203 f2310 f1205 f2886 f2887
- p7939(v234): -0.0058 0.023 0.031
  neighbors: f1682 f1208 f1678 f1776 f2326 f2328
- p4795(v236): -0.034 0.016  0.02
  neighbors: f2324 f1216 f1217 f1218 f1599 f2323 f3322 f3324
- p278(v235): -0.033 0.016 0.021
  neighbors: f2325 f1217 f2324 f2773 f2775
- p2719(v237): -0.012 0.024 0.0082
  neighbors: f1220 f1221 f1222 f1223 f1224 f1225
- p5206(v144): -0.013 0.024 0.0085
  neighbors: f1763 f1223 f1220 f1764 f2882 f2884
- p1247(v238): -0.033 -0.006 0.0062
  neighbors: f1228 f1778 f1827 f1826 f2329 f2331
- p7559(v239): -0.032 -0.0095 0.0059
  neighbors: f1229 f1230 f1231 f1232
- p4531(v240): -0.035 -0.01 0.0087
  neighbors: f1238 f2901 f1799 f1237 f1798 f2900 f2905 f2906
- p3720(v242): -0.034 0.0089 0.0065
  neighbors: f1780 f1245 f1792 f2333 f2332 f2351 f2910 f2911
- p632(v154): -0.034 0.013 0.007
  neighbors: f1792 f1843 f1257 f1245 f1805 f1830 f1842 f2935 f3382 f3383
- p905(v51): -0.033 0.012 0.0062
  neighbors: f2329 f1830 f1245 f1826 f2332 f2334
- p8378(v244): -0.035 0.013 0.0073
  neighbors: f1805 f2297 f1257 f2345 f1810 f2342 f2880 f2881
- p9374(v92): -0.033 0.015 0.0067
  neighbors: f1810 f1812 f1257 f1841 f1842
- p2815(v246): -0.00033 0.011 -5e-05
  neighbors: f1268 f2944 f2997 f3418 f3419
- p9741(v247): -0.011 0.0035 0.00095
  neighbors: f1271 f1272 f1278 f1836 f1837
- p9572(v248): -0.033 0.012 0.006
  neighbors: f1839 f1837 f1278 f2379 f2381
- p3313(v250):  0.03 0.015 0.0091
  neighbors: f1290 f1289 f1287 f1288 f1844 f1847
- p2566(v251): 0.028 0.014 0.0063
  neighbors: f1291 f1292 f2754 f3548 f3549
- p5737(v252): 0.027  0.02 0.0079
  neighbors: f1297 f1300 f1299 f1306 f1307
- p1786(v98): 0.027 0.021 0.0077
  neighbors: f1320 f1306 f1300 f1325 f1861 f1862
- p9946(v253): 0.027  0.02 0.0087
  neighbors: f1301 f1302 f1321 f1307 f1320 f1306 f1851 f1853
- p3173(v254): 0.026 0.022 0.0091
  neighbors: f1308 f1309 f1852 f1854
- p7392(v163): 0.026 0.022 0.0086
  neighbors: f1313 f1321 f1312 f1309 f1854 f1853 f1855 f1856
- p8578(v255): 0.024 0.023 0.0086
  neighbors: f1312 f1313 f1314 f1315 f1316 f1317
- p1351(v158): 0.024 0.023 0.0082
  neighbors: f1317 f1313 f1855 f1857
- p5665(v256): 0.026 0.022 0.0079
  neighbors: f1856 f1321 f1320 f1861 f1863
- p8019(v257): 0.026 0.021 0.0073
  neighbors: f1324 f1325 f1859 f1862 f1864
- p3368(v263): -0.035 -0.014 0.0089
  neighbors: f1351 f1895 f1353 f1891 f1890 f2431 f2964 f2965
- p813(v170): -0.035 -0.014 0.011
  neighbors: f1894 f1351 f1895 f2449 f2972 f3403 f3404
- p2950(v262): -0.035 -0.014 0.0081
  neighbors: f1893 f1891 f1800 f1353 f2929 f2932
- p5733(v266): -0.0019 -0.012 -4.6e-05
  neighbors: f1368 f1369 f2488 f2987 f2470 f2487 f3054 f3052 f3430 f3627 f3628
- p4270(v270): -0.033 -0.016 0.0089
  neighbors: f1389 f1391 f1449 f1450
- p9728(v271): -0.032 -0.015 0.0068
  neighbors: f1392 f1393 f1394
- p3459(v276): -0.035 -0.013 0.037
  neighbors: f2441 f2424 f2419 f1971 f1420 f2571 f2578
- p8372(v279): -0.035 -0.013 0.018
  neighbors: f1973 f1432 f1972 f1988 f2579 f2580
- p8625(v280): -0.033 -0.016 0.017
  neighbors: f1438 f1437 f1445 f1447
- p821(v182): -0.033 -0.016  0.01
  neighbors: f1438 f1437 f1459 f1448 f1458 f3095 f3461 f3463
- p5443(v112): -0.033 -0.016  0.02
  neighbors: f1459 f1446 f1447 f1438 f2556 f2558
- p826(v282): -0.014 -0.024 0.014
  neighbors: f1447 f1992 f1997 f1445 f1446 f1991 f1996 f1999 f2000
- p1778(v181): -0.014 -0.024 0.028
  neighbors: f1997 f1446 f1995 f2557 f2558
- p72(v283): -0.034 -0.015 0.0091
  neighbors: f1448 f1449 f1450 f1451 f1452 f1453 f1454 f3090 f3095 f3096
- p1022(v105): -0.034 -0.015 0.0094
  neighbors: f1901 f1453 f1451 f2434 f3195 f3196
- p747(v277): -0.034 -0.015 0.023
  neighbors: f1454 f1453 f2563 f3196 f3197
- p4777(v177): -0.034 -0.015 0.025
  neighbors: f2563 f1454 f2560 f3090 f3091
- p3134(v284): -0.033 -0.016 0.026
  neighbors: f1459 f1458 f2555 f2556
- p6685(v17): -0.033 -0.016 0.028
  neighbors: f2555 f1458 f2552 f3461 f3464 f3465
- p6349(v285): -0.013 -0.024 0.027
  neighbors: f2586 f1994 f1462 f2002 f2589 f2584 f2590 f2593
- p2112(v286): -0.013 -0.0058 0.096
  neighbors: f1467 f2010 f2009 f2081 f2082
- p5374(v292): 0.022 -0.024 0.0084
  neighbors: f1492 f2046 f1956 f1495 f1955 f2050 f3140 f3141
- p2599(v192):  0.02 -0.024 0.0097
  neighbors: f2022 f1492 f2021 f2049 f2050
- p1582(v102): 0.019 -0.024 0.0091
  neighbors: f1955 f2021 f1492 f2534 f2541
- p1273(v272): 0.022 -0.024 0.0076
  neighbors: f1495 f2994 f2529 f2046 f2045 f2991 f3033 f3034
- p7313(v175): 0.017 -0.024 0.0076
  neighbors: f1495 f3020 f3019 f1956 f3034 f3031 f2530 f3040 f3424 f3425
- p2527(v293): -0.0081 -0.0016   0.1
  neighbors: f1508 f1507 f1502 f1503 f1504 f1505 f1506 f2062 f2658 f2659
- p1085(v4): -0.0083 0.00014  0.11
  neighbors: f2062 f1504 f2061 f3784 f3793 f3794
- p9877(v296): 0.025 -0.022  0.01
  neighbors: f1519 f2644 f3659 f3660
- p5075(v298): -0.014 -0.0018   0.1
  neighbors: f1533 f2690 f1532 f2681 f3177 f3178
- p8923(v213): -0.013 -0.00066   0.1
  neighbors: f1533 f1651 f2206 f1532 f2205 f2064 f3786 f3788
- p1935(v66): -0.013 -0.0014   0.1
  neighbors: f1532 f2064 f2681 f2683
- p2039(v297): -0.016 -0.0032 0.098
  neighbors: f2689 f1533 f1651 f2235 f2691 f2234 f2687 f2690 f3183 f3184
- p7703(v301):  0.03 0.013 0.0088
  neighbors: f1546 f2736 f2133 f1549 f2116 f3211 f3225 f3513 f3514
- p1093(v2):  0.03 0.0025 0.0089
  neighbors: f2116 f1549 f2730 f2732
- p8521(v303): 0.029 -0.019 0.0089
  neighbors: f1558 f1560 f2412 f3395 f3396
- p3302(v122): 0.029 -0.018 0.0085
  neighbors: f1558 f1572 f1570 f3392 f3395
- p6271(v306):  0.03 -0.016 0.0089
  neighbors: f1570 f1571 f1572 f1573 f1574
- p4639(v307): 0.011 -0.0056 0.00011
  neighbors: f1577 f1576 f2158 f2159
- p4959(v204): 0.027 -0.017 0.006
  neighbors: f1586 f1585 f1577 f1576 f1579 f2144 f2147
- p6803(v70): 0.0096 -0.0064 -5e-05
  neighbors: f2158 f1576 f1579 f1578 f2476 f3014 f3015
- p7371(v308): 0.027 -0.019 0.0061
  neighbors: f1578 f1579 f2144 f2143 f2160 f2764 f2765
- p415(v169): 0.0077 -0.0094 -2.4e-05
  neighbors: f2477 f1578 f2160 f2476 f3410 f3411
- p5419(v309): 0.028 -0.014 0.006
  neighbors: f1583 f1584 f1585 f1586
- p7583(v205): 0.028 -0.014 0.0061
  neighbors: f1584 f1583 f1588 f3546 f3547
- p2604(v37): 0.028 -0.015 0.0064
  neighbors: f2148 f2147 f1583 f2149 f1585 f3545 f3546
- p1119(v310): 0.028 -0.013 0.0062
  neighbors: f1587 f1588 f3254 f3547 f2770 f3690 f3692
- p4716(v312): -0.033 0.016 0.036
  neighbors: f1597 f1772 f1599 f2320 f2323
- p2048(v317): -0.016 0.0022 0.096
  neighbors: f2223 f1622 f2222 f3279 f3572 f3574
- p7545(v318): -0.035  0.01 0.044
  neighbors: f1632 f1627 f1628 f1629 f1636 f1631 f1635 f1746 f1747
- p8084(v212): -0.035 0.011 0.045
  neighbors: f2175 f1628 f1636 f2173 f1646 f1643 f3287 f3289
- p7872(v42): -0.035 0.013 0.038
  neighbors: f2835 f1720 f1712 f2174 f2173 f1628 f1632 f2840 f3312 f3584 f3585
- p964(v229): -0.035 0.0016 0.044
  neighbors: f1740 f1629 f1743 f1747 f3808 f3810
- p5631(v319): -0.035  0.01 0.045
  neighbors: f1633 f1636 f1635 f3286 f3287
- p7592(v321): -0.034 0.011 0.045
  neighbors: f1646 f2212 f1643 f1644 f1645 f2214 f2801 f2803
- p7629(v320): -0.019 0.005 0.089
  neighbors: f2214 f1643 f2804 f3289 f3290
- p9617(v316): -0.034 0.014  0.04
  neighbors: f1644 f1717 f2195 f1716 f2194 f2210 f2212
- p6073(v138): -0.035 0.013  0.04
  neighbors: f1645 f1644 f1713 f1717
- p4529(v313): -0.035 0.013  0.04
  neighbors: f1646 f1713 f1645 f1712 f2174 f2175
- p5194(v322): -0.014 -0.00037   0.1
  neighbors: f1651 f2202 f2205 f2235 f2236
- p799(v324): -0.022 -0.0042 0.082
  neighbors: f1661 f2224 f2218 f2231 f2233
- p8101(v325): -0.008 0.022 0.036
  neighbors: f1669 f1668 f2244 f2245
- p8858(v326): -0.013 0.0051 0.099
  neighbors: f1670 f1671 f2255 f2781 f3259 f3260
- p8354(v327): -0.0082 0.0049 0.099
  neighbors: f1674 f1684 f2246 f2247
- p784(v328): -0.0092 0.005 0.099
  neighbors: f1678 f2243 f2242 f2241 f1682 f1683 f1684 f2239 f2247 f2248
- p9487(v331): -0.035 0.012 0.033
  neighbors: f2262 f2260 f2264 f1701 f3304 f3305
- p2941(v332): -0.035 0.013 0.0095
  neighbors: f2348 f2346 f3582 f1707 f3307 f3581 f3711 f3712
- p7086(v330): -0.035 0.012 0.011
  neighbors: f2262 f2264 f1707 f2263 f2347 f2348 f3807 f3809
- p5418(v221): -0.035 0.013 0.014
  neighbors: f1707 f2263 f3575 f3711 f3713
- p460(v333): -0.035 0.014 0.037
  neighbors: f1717 f2277 f1712 f1713 f1714 f1715 f1716 f1720 f2276 f3348 f3346 f3355 f3356
- p8561(v77): -0.034 0.015 0.036
  neighbors: f3342 f1715 f3319 f2865 f3317 f3356 f3359
- p2491(v334): -0.035 0.014 0.034
  neighbors: f2840 f2277 f1720 f2839 f2843 f2844
- p9019(v336): -0.035 0.011  0.04
  neighbors: f1732 f2301 f3813 f3816
- p8054(v338): -0.027 0.0054 0.068
  neighbors: f1736 f1737 f1738
- p9323(v339): -0.035 -0.0051 0.044
  neighbors: f1740 f1742 f3805 f3808
- p3805(v340): -0.035 -0.0013 0.044
  neighbors: f1743 f1744 f1745 f1746 f1747
- p6657(v341):  0.03 -0.0092 0.0091
  neighbors: f1748 f1756 f1750 f1751 f1752 f2308 f1754 f1755 f2731 f2744 f2745
- p7114(v342):  0.03 -0.0051 0.0082
  neighbors: f2128 f1758 f2127 f3217 f3506 f3508
- p7427(v343): 0.0027 0.028 0.012
  neighbors: f1760 f1763 f1762 f2310 f2884 f2885
- p3193(v344): -0.013 0.023 0.012
  neighbors: f1764 f2882 f1766 f2889 f2888 f2894 f3361 f3362
- p8352(v345): -0.033 0.016 0.036
  neighbors: f2318 f1772 f2314 f2319 f2320
- p9546(v346): -0.0067 0.023 0.031
  neighbors: f1774 f1776 f2327 f2328
- p5105(v347): -0.034 -0.0087 0.0064
  neighbors: f1780 f1778 f2331 f2333 f2895 f2896
- p3771(v349): -0.035 -0.0057 0.0086
  neighbors: f1786 f1798 f2356 f2339 f2355 f2906 f2907
- p8407(v241): -0.035 0.0093 0.0083
  neighbors: f2344 f2354 f1786 f2339 f2353 f2915 f2918
- p309(v153): -0.035 0.0017 0.0083
  neighbors: f1786 f2354 f2355
- p9018(v350): -0.034 -0.003 0.0068
  neighbors: f2351 f1792 f2937 f2935 f3374 f3375
- p7459(v351): -0.035 -0.011 0.0081
  neighbors: f2356 f2917 f2352 f1798 f1799 f1800 f2360 f2916 f2931 f2932
- p5547(v352): -0.035 0.0088 0.0076
  neighbors: f2345 f2344 f2919 f1805 f3368 f3382 f2918 f3613 f3367 f3611 f3614 f3615
- p1568(v353): -0.033 0.015 0.0073
  neighbors: f1812 f1810 f1811 f2298 f2297 f2874 f2876
- p1725(v355): -0.011 0.021 0.0028
  neighbors: f2369 f1824 f1822 f2376 f2378
- p3416(v356): -0.033 0.012 0.0061
  neighbors: f1843 f1826 f1827 f2382 f1830 f1839 f2381 f2383 f2385
- p6825(v357): -0.033 0.0077 0.0061
  neighbors: f1832 f2382 f2380 f2384 f2385
- p2543(v358): -0.033 0.013 0.006
  neighbors: f1836 f1837 f1838 f1839 f1840 f1841 f1842 f1843
- p4908(v359): 0.029 0.018 0.009
  neighbors: f1844 f1845 f1846 f1847 f1848 f1849
- p8068(v360): 0.027 0.021 0.0089
  neighbors: f1850 f1851 f1852 f1853 f1854
- p6361(v361): 0.025 0.022 0.0074
  neighbors: f1855 f1856 f1857 f1858 f1859 f1863 f1864
- p9194(v362): 0.026 0.021 0.0075
  neighbors: f1861 f1862 f1863 f1864
- p2107(v365): 0.027 -0.021 0.0086
  neighbors: f1874 f2403 f2960 f2963
- p8210(v368): -0.035 -0.014 0.0083
  neighbors: f1890 f1891 f1892 f1893
- p9107(v369): -0.035 -0.014 0.021
  neighbors: f1894 f1895 f1896 f2964 f2966
- p1499(v33): -0.035 -0.014 0.028
  neighbors: f1896 f1894 f2968 f2972
- p5095(v176): -0.035 -0.014 0.035
  neighbors: f2426 f2420 f1896 f2419 f2967 f2441 f2966 f2968 f2969
- p9807(v370): -0.034 -0.015 0.012
  neighbors: f1902 f2435 f1901 f2434 f2981 f2985
- p2628(v264): -0.034 -0.015 0.014
  neighbors: f2465 f1902 f1919 f2985 f3206 f3207
- p4449(v373): -0.034 -0.015 0.018
  neighbors: f1919 f2465 f2461 f2727 f3204 f3205
- p5017(v378): 0.025 -0.022 0.0074
  neighbors: f3069 f1950 f3066 f3487 f3488
- p3621(v260): 0.027 -0.021 0.0077
  neighbors: f1950 f3400 f3399 f3488 f3489
- p404(v103): 0.026 -0.021 0.0074
  neighbors: f1950 f3066 f2768 f2767 f3065 f3400 f3401
- p5353(v379): 0.016 -0.024 0.0087
  neighbors: f2534 f1955 f1956 f3084 f2530 f3458 f3446 f3457 f3733 f3734
- p3508(v381): -0.035 -0.013 0.033
  neighbors: f1971 f1972 f1973 f2571 f2575
- p8301(v63): -0.035 -0.013 0.023
  neighbors: f1972 f2575 f2579
- p7566(v385): -0.035 -0.013  0.02
  neighbors: f1987 f1988 f2577 f2580
- p8948(v278): -0.035 -0.012 0.026
  neighbors: f1987 f2573 f2577 f3802 f3812
- p3874(v386): -0.013 -0.024 0.019
  neighbors: f1991 f1992 f1994 f2585 f2586
- p4418(v387): -0.014 -0.024 0.028
  neighbors: f1995 f1996 f1997
- p5877(v388): -0.014 -0.023 0.012
  neighbors: f1998 f1999 f2000
- p35(v389): -0.013 -0.024 0.019
  neighbors: f2001 f2002 f2589 f3111 f3112
- p3315(v391): -0.015 -0.0062 0.093
  neighbors: f2009 f2010 f2011 f2601 f2602
- p7848(v35): -0.015 -0.0058 0.094
  neighbors: f2011 f2009 f2081 f2079 f2549 f2550
- p1900(v380): -0.034 -0.015 0.037
  neighbors: f2604 f2602 f3091 f2011 f2551 f3086 f2550 f3192 f2552 f3085 f2560 f2717 f3089 f3191 f3464 f3467
- p7945(v393): 0.0025 -0.024 0.029
  neighbors: f2541 f2540 f2022 f2021 f2615 f3115 f3834 f3837
- p9740(v289): 0.0031 -0.024 0.029
  neighbors: f2051 f2049 f2022 f2615 f2629 f2630
- p4595(v394): -0.014 -0.023 0.032
  neighbors: f2023 f2024 f2025 f2604 f2553 f2603 f3085 f3087
- p3686(v290): -0.014 -0.023 0.032
  neighbors: f2025 f2024 f2639 f2641
- p6240(v395): -0.0093 -0.0051 0.099
  neighbors: f3129 f2633 f2070 f2031 f2624 f2625 f2663 f3128 f3162 f3163
- p5852(v118): 0.0028 -0.024 0.031
  neighbors: f2629 f2051 f2031 f2625 f2655 f2656
- p577(v398): 0.022 -0.024 0.0082
  neighbors: f2045 f2046 f2047 f3139 f3140
- p9434(v58): 0.022 -0.024 0.0081
  neighbors: f2047 f2045 f2528 f2529
- p7107(v168): 0.024 -0.023 0.0079
  neighbors: f3070 f3139 f2047 f2528 f3069 f3485 f3487
- p8465(v399): 0.023 -0.024 0.0097
  neighbors: f2049 f2050 f2051 f2656 f3141 f3142
- p8853(v400): -0.011 -0.0011  0.11
  neighbors: f2066 f2061 f2062 f2659 f3493 f3494
- p2144(v193): -0.011 -0.001  0.11
  neighbors: f2061 f2066 f3784 f3785
- p4865(v401): -0.012 -0.0014   0.1
  neighbors: f2684 f2064 f3493 f2066 f2683 f3491 f3785 f3786
- p6518(v402): -0.0092 -0.0038   0.1
  neighbors: f2068 f2663 f2070 f3149 f3500 f3499 f3664 f3665
- p2748(v403): -0.012 -0.0037   0.1
  neighbors: f3152 f2669 f3145 f2076 f2675 f3144 f3151 f3164 f3165
- p7684(v295): -0.012 -0.0042   0.1
  neighbors: f2669 f3496 f2076 f3160 f2077 f3158 f3661 f3663
- p8641(v120): -0.013 -0.0042   0.1
  neighbors: f2086 f2076 f2077 f3164 f3166
- p6046(v404): -0.013 -0.0047   0.1
  neighbors: f2077 f2087 f2079 f2082 f2081 f2086 f2670 f3158 f3159
- p9289(v300): -0.016 -0.0055 0.094
  neighbors: f2087 f2079 f2718 f2551 f3174 f2549 f2717 f3173 f3187 f3188
- p5446(v405): -0.013 -0.0042   0.1
  neighbors: f2087 f2696 f3167 f2086 f3166 f3172 f3174
- p5414(v411):  0.03 0.00066 0.0089
  neighbors: f2116 f2730 f2741 f3224 f3513 f3515
- p3109(v413):  0.03 0.0062 0.008
  neighbors: f2128 f2127 f2135 f2746 f2748
- p1349(v198):  0.03 0.012 0.0082
  neighbors: f2747 f2128 f2735 f2746 f3507 f3506 f3509 f3510
- p8701(v414):  0.03 0.013 0.0079
  neighbors: f2135 f3229 f2736 f2132 f2133 f2748 f2749 f2735 f2747 f2760 f3249 f3250
- p3758(v416): 0.028 -0.017 0.0064
  neighbors: f2143 f2144 f2145 f2146 f2147 f2148
- p8020(v200): 0.028 -0.019 0.0065
  neighbors: f2143 f2145 f2769 f2764 f2956 f2957
- p3317(v305): 0.029 -0.016 0.0067
  neighbors: f2146 f2956 f2150 f2145 f2955 f3237 f3673 f3674
- p6638(v304): 0.029 -0.016 0.0064
  neighbors: f2148 f2146 f2149 f2150
- p1228(v417): 0.029 -0.015 0.0065
  neighbors: f2149 f2150 f3237 f3545 f3684 f3686
- p3441(v418): 0.011 -0.0029 -5e-05
  neighbors: f2159 f2158 f3014 f3016
- p9278(v419): 0.026 -0.02 0.0061
  neighbors: f2160 f2765 f2766 f3407 f3411
- p8184(v422): -0.035 0.013  0.04
  neighbors: f2173 f2174 f2175
- p3736(v423): -0.015 0.0051 0.097
  neighbors: f2191 f2185 f2178 f2190 f2184 f2779 f3257 f3258
- p8127(v315): -0.016 0.0061 0.092
  neighbors: f2178 f2191 f2189 f2192 f2193
- p5486(v210): -0.017 0.0054 0.093
  neighbors: f2178 f2184 f2802 f2195 f2210 f2193 f2800 f2806 f2807
- p1880(v424): -0.015 0.0041 0.098
  neighbors: f2806 f2805 f2185 f2184 f3262 f3266
- p1061(v314): -0.014 0.0042 0.099
  neighbors: f2779 f2185 f3267 f3266 f3269 f3560 f3561
- p2009(v425): -0.016 0.0061 0.092
  neighbors: f2188 f2189 f2190 f2191
- p4596(v426): -0.017 0.0058 0.091
  neighbors: f2192 f2193 f2194 f2195
- p5447(v428): -0.014 0.0009   0.1
  neighbors: f2206 f2200 f2205 f2202 f3278 f3282
- p1990(v323): -0.014 0.0012   0.1
  neighbors: f2200 f3557 f2206 f3698 f3788 f3789
- p1670(v214): -0.015 0.0023   0.1
  neighbors: f3293 f3292 f2200 f3282 f3554 f3557
- p5170(v130): -0.014 0.00054   0.1
  neighbors: f2202 f2237 f2223 f2236 f3278 f3279
- p1753(v430): -0.017 0.0057 0.091
  neighbors: f2210 f2212 f2800 f2801
- p357(v431): -0.018 0.0056 0.089
  neighbors: f2803 f2214 f2802 f2804 f2807
- p7134(v432): -0.032 -0.0071 0.052
  neighbors: f2217 f2218 f2224 f2230
- p2552(v433): -0.018 -0.00081 0.092
  neighbors: f2222 f2223 f2224 f2230 f2237 f2227 f2228 f2233 f2304 f2305
- p6590(v337): -0.031 -0.0015 0.057
  neighbors: f2228 f2303 f2305
- p9731(v434): -0.017 -0.0022 0.095
  neighbors: f2231 f2232 f2233 f2234 f2235 f2236 f2237
- p5388(v435): -0.011 0.0049   0.1
  neighbors: f2241 f2239 f2240 f2253 f2254
- p3096(v218): -0.0097 0.0045   0.1
  neighbors: f2239 f2254 f2248 f2826 f2828
- p6204(v436): -0.01 0.0052 0.099
  neighbors: f2242 f2243 f2244 f2245
- p223(v437): -0.0091 0.0041   0.1
  neighbors: f2246 f2247 f2248 f2829 f2828 f3298 f3297 f3778 f3779
- p1376(v438): -0.012 0.0047   0.1
  neighbors: f3562 f2253 f2254 f2255 f2781 f2826 f3566 f3568
- p2448(v439): -0.035 0.012 0.026
  neighbors: f2260 f2262 f3800 f3809
- p5685(v440): -0.035 0.013 0.028
  neighbors: f2263 f2264 f3304 f3575 f3577
- p3340(v442): -0.035 0.014 0.023
  neighbors: f2273 f2839 f3314 f2843 f3313 f3588 f3589
- p2043(v222): -0.035 0.014 0.017
  neighbors: f2273 f3346 f2276 f3313 f3351 f3350 f3590 f3591
- p8029(v135): -0.035 0.013 0.0092
  neighbors: f3353 f2346 f2342 f3350 f2880 f2273 f3307 f3586 f3588
- p5104(v443): -0.035 0.014 0.028
  neighbors: f2276 f2277 f2844 f3316 f3590 f3592
- p5624(v447): -0.035 0.014 0.0079
  neighbors: f2298 f2297 f2296 f2878 f2881
- p2227(v446): -0.034 0.015 0.0079
  neighbors: f2876 f2298 f2296 f3329 f3331
- p2634(v335): -0.034 0.015 0.0086
  neighbors: f2878 f2858 f2296 f2877 f3329 f2868 f3327 f3337 f3338
- p1917(v448): -0.035 0.0092 0.042
  neighbors: f2300 f2301 f3806 f3816
- p1754(v449): -0.033 -0.0024  0.05
  neighbors: f2302 f2303 f2304 f2305
- p1132(v450):  0.03 -0.0011 0.0091
  neighbors: f2308 f2731 f2733
- p751(v451): -0.013 0.024 0.021
  neighbors: f2885 f2310 f2886 f2890
- p5501(v452): -0.013 0.023 0.029
  neighbors: f2318 f2314 f2315 f2888 f2317 f2887 f2891 f3361 f3363
- p509(v207): -0.033 0.016 0.027
  neighbors: f2315 f2314 f2319 f2321
- p1145(v311): -0.033 0.016 0.019
  neighbors: f2776 f2774 f2322 f2321 f2315 f2891 f2893
- p745(v453): -0.033 0.016 0.032
  neighbors: f2319 f2320 f2321 f2322 f2323 f2324 f2325
- p3770(v421): -0.033 0.016 0.028
  neighbors: f2325 f2322 f2773 f2774
- p9911(v454): -0.0067 0.023 0.032
  neighbors: f2326 f2327 f2328
- p1875(v455): -0.034 -0.0021 0.0063
  neighbors: f2329 f2331 f2334 f2895 f3364 f3365
- p9693(v456): -0.034 0.0052 0.0063
  neighbors: f2332 f2333 f2334 f2896 f3364 f3366
- p9237(v458): -0.035 0.011 0.0086
  neighbors: f2339 f2348 f2347 f2342 f2346 f2344 f2345 f2907 f2909
- p7600(v223): -0.035 0.0088  0.01
  neighbors: f2347 f2903 f2908 f2909 f3807
- p6842(v459): -0.034 -0.0028 0.0066
  neighbors: f2351 f2911 f3373 f3374
- p1942(v460): -0.035 -0.0063 0.0082
  neighbors: f2352 f2353 f2354 f2355 f2356
- p4411(v91): -0.035 0.0046 0.0082
  neighbors: f2353 f2352 f2915 f2916
- p8857(v461): -0.035 -0.0049 0.0079
  neighbors: f2919 f2360 f2917 f2921 f3367 f3369
- p8777(v243): -0.035 -0.01 0.0076
  neighbors: f2924 f2931 f3371 f2921 f2360 f2926 f3610 f3612
- p4098(v463): 0.002 0.012 -3.6e-05
  neighbors: f2378 f2945 f2369 f2377 f2373 f2372 f3420 f3423
- p808(v464): -0.012  0.02 0.0026
  neighbors: f2374 f2375 f2376 f2377 f2378
- p7946(v465): -0.033 0.011 0.006
  neighbors: f2379 f2380 f2381 f2382
- p4757(v466): -0.033 0.0072 0.0061
  neighbors: f2383 f2384 f2385
- p9533(v468): -0.012 -0.024 0.0096
  neighbors: f2389 f3106 f3471 f2546 f2545 f3388 f3469 f3723 f3724
- p1126(v364): -0.011 -0.024 0.011
  neighbors: f2402 f2396 f2389 f2395 f2946 f3388 f3389 f3831 f3836
- p8592(v259): -0.0098 -0.024 0.0094
  neighbors: f2546 f2389 f3080 f3452 f3831
- p5814(v469): -0.011 -0.024 0.025
  neighbors: f2395 f2396 f2948 f2951
- p535(v287): -0.011 -0.024 0.021
  neighbors: f2396 f2946 f2948
- p2799(v470): -0.011 -0.024 0.019
  neighbors: f2402 f2610 f2611 f3828 f3836
- p173(v471): 0.026 -0.022 0.009
  neighbors: f2403 f3490 f2963 f3655 f3657
- p6392(v472): 0.028 -0.019 0.0086
  neighbors: f2961 f2953 f2412 f3396 f3394 f3397 f3398
- p6733(v473): -0.035 -0.013 0.028
  neighbors: f2422 f2416 f2421 f2432 f2433
- p2421(v367): -0.035 -0.013 0.032
  neighbors: f2416 f2421 f2420 f2426 f2427
- p4661(v261): -0.035 -0.013 0.019
  neighbors: f2416 f2427 f2433
- p3980(v474): -0.035 -0.013 0.034
  neighbors: f2419 f2420 f2421 f2422 f2423 f2424
- p7527(v110): -0.035 -0.013 0.019
  neighbors: f2423 f2422 f2429 f2432
- p5295(v475): -0.035 -0.014 0.0094
  neighbors: f2433 f2426 f2427 f2432 f2429 f2430 f2431 f2965 f2967
- p3924(v476): -0.034 -0.015 0.011
  neighbors: f2434 f2435 f3194 f3195
- p6927(v108): -0.034 -0.015 0.031
  neighbors: f3194 f2981 f2435 f3208 f3209
- p1580(v478): -0.035 -0.014 0.038
  neighbors: f2441 f3103 f2975 f2578 f2969 f3102 f3503 f3504
- p3648(v479): -0.035 -0.014 0.011
  neighbors: f2449 f2450 f2456 f3403 f3622 f3623
- p2483(v372): -0.035 -0.015 0.013
  neighbors: f2456 f2450 f2455 f2460 f2976 f2977
- p6212(v480): -0.035 -0.014 0.018
  neighbors: f2454 f2455 f2456 f3405 f3622 f3624
- p8011(v371): -0.035 -0.015 0.035
  neighbors: f2974 f2979 f2454 f2978 f3405 f3406
- p5313(v265): -0.035 -0.015 0.021
  neighbors: f2455 f2454 f2976 f2978
- p4819(v481): -0.034 -0.015 0.019
  neighbors: f2460 f2461 f2727 f2977 f2980
- p433(v482): -0.034 -0.015 0.019
  neighbors: f2465 f3204 f3206
- p8349(v483): 0.019 -0.022 0.0062
  neighbors: f2470 f2989 f2987 f2990 f2996
- p5865(v374): 0.0035 -0.011 -5e-05
  neighbors: f2996 f2477 f3410 f2470 f2488 f3409 f3415 f3416
- p4834(v484): 0.0058 -0.0099 -5e-05
  neighbors: f2476 f2477 f3015 f3415 f3821 f3822
- p9663(v485): -0.00097 -0.012 -5e-05
  neighbors: f2487 f2488 f3412 f3416
- p5553(v489): -0.0096 -0.024 0.0079
  neighbors: f2503 f3036 f3427 f2548 f2517 f2516 f3035 f2547 f3041 f3426 f3644 f3645
- p7932(v492): -0.011 -0.023 0.0069
  neighbors: f2516 f2517 f2518 f3442 f3053 f3434 f3441 f3636 f3727 f3728
- p3616(v375): -0.0079 -0.024 0.0073
  neighbors: f3029 f3037 f3035 f2517 f3441 f3443
- p2141(v493): 0.022 -0.024 0.0076
  neighbors: f2529 f2994 f2528 f3068 f3070
- p787(v494): 0.013 -0.024 0.008
  neighbors: f2530 f3426 f3446 f3424 f3641 f3645
- p7490(v495): 0.015 -0.024 0.0089
  neighbors: f2534 f2541 f3079 f2539 f2540 f3454 f3457 f3459
- p7940(v258): 0.0096 -0.024 0.015
  neighbors: f2539 f2540 f3829 f3834
- p8911(v167): 0.012 -0.024  0.01
  neighbors: f2539 f3079 f3827 f3829
- p7721(v496): -0.01 -0.024 0.0085
  neighbors: f2548 f3084 f3080 f2545 f2546 f2547 f3646 f3732 f3733
- p774(v273): -0.0024 -0.024 0.0083
  neighbors: f3644 f2548 f3643 f3646 f3730 f3731
- p4291(v497): -0.017 -0.0062 0.091
  neighbors: f2549 f2550 f2551
- p84(v498): -0.033 -0.016 0.035
  neighbors: f2552 f2553 f2558 f2555 f2556 f2557 f3086 f3087
- p1489(v499): -0.034 -0.015 0.036
  neighbors: f2563 f2560 f3191 f3197
- p8793(v501): -0.035 -0.013 0.038
  neighbors: f2571 f2572 f2573 f2574 f2575 f2576 f2577 f2578 f2579 f2580 f3099 f3103
- p2005(v382): -0.035 -0.011 0.037
  neighbors: f2572 f2574 f3811 f3814
- p8219(v109): -0.035 -0.012 0.034
  neighbors: f2572 f2573 f3802 f3811
- p6898(v275): -0.035 -0.011  0.04
  neighbors: f2574 f2576 f3814 f3815
- p5988(v383): -0.035 -0.0091 0.044
  neighbors: f2576 f3098 f3099 f3803 f3815
- p6949(v502): -0.013 -0.024 0.029
  neighbors: f2584 f2585 f2586
- p6205(v503): -0.013 -0.024 0.021
  neighbors: f2589 f2593 f3112 f3113
- p4483(v504): -0.013 -0.024 0.025
  neighbors: f2590 f2591 f2600 f2593 f3110 f3113
- p2393(v390): -0.012 -0.024 0.023
  neighbors: f2600 f3470 f2591 f3105 f3469 f3720 f3723
- p6863(v505): -0.012 -0.024 0.012
  neighbors: f2600 f3108 f3105 f3109 f3110
- p1750(v506): -0.016 -0.022 0.035
  neighbors: f2601 f2602 f2603 f2604
- p8597(v507): -0.0096 -0.024 0.029
  neighbors: f2606 f2607 f3830 f3832
- p658(v187): -0.009 -0.024 0.029
  neighbors: f2606 f3472 f3473 f3832 f3835
- p6902(v392): -0.01 -0.024 0.028
  neighbors: f2607 f2608 f2609 f3830 f3833
- p6013(v508): -0.011 -0.024 0.026
  neighbors: f2608 f2609 f2610 f2611
- p2212(v288): -0.011 -0.024 0.024
  neighbors: f2608 f2610 f3828 f3833
- p5674(v509): 0.00013 -0.024  0.03
  neighbors: f2630 f2628 f3132 f2615 f3131 f3115 f3475 f3650 f3651
- p9431(v510): -0.01 -0.0052 0.099
  neighbors: f2620 f2624 f2635 f2633 f3123 f3479 f3481
- p2354(v291): -5.7e-06 -0.023 0.035
  neighbors: f2624 f3133 f3128 f3479 f3480
- p2821(v511): 0.0023 -0.024 0.031
  neighbors: f2625 f2630 f2629 f2628 f3129 f3130
- p4806(v396): 0.00057 -0.024 0.032
  neighbors: f2628 f3130 f3131
- p5053(v512): -0.01 -0.005 0.099
  neighbors: f2672 f2635 f2633 f2634 f3161 f3162
- p756(v514): -0.012 -0.023 0.034
  neighbors: f2639 f3127 f2641 f3125 f3652 f3653
- p7735(v515): 0.024 -0.023 0.0098
  neighbors: f2644 f2654 f3138 f3658 f3660
- p9230(v516): 0.023 -0.024 0.0097
  neighbors: f2656 f2655 f2654 f3138 f3142
- p3739(v517): -0.0096 -0.0025   0.1
  neighbors: f2659 f2658 f3143 f3494 f3495
- p1363(v518): -0.011 -0.0043   0.1
  neighbors: f3163 f2663 f3160 f3663 f3664
- p3480(v519): -0.011 -0.0037   0.1
  neighbors: f2669 f3152 f3496 f3498
- p9043(v520): -0.012 -0.0049 0.099
  neighbors: f2670 f2672 f3159 f3161
- p9101(v521): -0.013 -0.0033   0.1
  neighbors: f2675 f2676 f2697 f2696 f3165 f3167
- p3731(v294): -0.011 -0.0025   0.1
  neighbors: f2676 f2685 f2684 f2675 f3145 f3491 f3492
- p4581(v406): -0.013 -0.0024   0.1
  neighbors: f2685 f2676 f2697 f3179 f3180
- p2175(v522): -0.013 -0.0021   0.1
  neighbors: f2681 f2685 f2683 f2684 f3178 f3179
- p5986(v523): -0.015 -0.0034 0.098
  neighbors: f2710 f2687 f2689 f3168 f3171
- p3798(v407): -0.014 -0.003   0.1
  neighbors: f2691 f2687 f3169 f3168 f3175 f3176
- p9104(v409): -0.017 -0.0044 0.093
  neighbors: f2710 f2689 f2714 f2703 f2713 f3184 f3185
- p9677(v524): -0.014 -0.0025   0.1
  neighbors: f2690 f2691 f3175 f3177
- p33(v525): -0.014 -0.0031   0.1
  neighbors: f3172 f3169 f2696 f2697 f3176 f3180
- p2412(v526): -0.018 -0.0046 0.091
  neighbors: f2702 f2703 f3182 f3185
- p5930(v527): -0.016 -0.0045 0.095
  neighbors: f2710 f3171 f2714 f3170 f3189 f3190
- p2526(v528): -0.017 -0.0048 0.094
  neighbors: f3190 f3186 f2713 f2714 f3202 f3203
- p1537(v529): -0.034 -0.015 0.037
  neighbors: f2717 f2718 f3210 f3205 f3192 f2727 f2979 f2980 f2974 f2975 f3501 f3503
- p8615(v410): -0.018 -0.0055  0.09
  neighbors: f3188 f2718 f3186 f3203 f3501 f3502
- p4213(v530):  0.03 -0.0034 0.009
  neighbors: f2733 f2732 f2730 f2731 f2741 f2745
- p5214(v531):  0.03 0.012 0.0084
  neighbors: f3220 f2735 f2736 f3212 f3211 f3219 f3509 f3511
- p5262(v532):  0.03 -0.0061 0.0086
  neighbors: f3224 f2741 f3222 f2745 f2744 f3221 f3516 f3518
- p4446(v533):  0.03 0.0097 0.0081
  neighbors: f2746 f2747 f2748
- p11(v534):  0.03 -0.011 0.0078
  neighbors: f2749 f3229 f3251 f3252 f3525 f3528
- p2428(v535): 0.029 0.014 0.0064
  neighbors: f2754 f2755 f3550 f3531 f3548 f3675 f3741 f3742
- p1792(v415): 0.029 0.012 0.0069
  neighbors: f2761 f3531 f2755 f3536 f3666 f3744 f3743 f3746 f3747
- p1299(v536):  0.03 0.013 0.0074
  neighbors: f2760 f2761 f3249 f3248 f3529 f3666 f3668
- p2819(v537): 0.027 -0.019 0.0064
  neighbors: f2764 f2765 f2766 f2767 f2768 f2769
- p5236(v269): 0.025 -0.022 0.0068
  neighbors: f3067 f2767 f2766 f3065 f3407 f3408
- p1997(v366): 0.028 -0.02 0.0074
  neighbors: f2768 f2957 f2769 f2953 f3397 f3401
- p4005(v538): 0.028 -0.0023 0.0062
  neighbors: f2770 f3254 f3256
- p1690(v539): -0.033 0.016 0.024
  neighbors: f2773 f2774 f2775 f2776
- p1649(v540): -0.014 0.0047 0.099
  neighbors: f3260 f3258 f2779 f2781 f3560 f3562
- p9342(v544): -0.017 0.0056 0.091
  neighbors: f2800 f2801 f2802 f2803
- p8397(v545): -0.016 0.004 0.095
  neighbors: f2804 f2805 f2806 f2807 f3291 f3290 f3696 f3697
- p3023(v541): -0.015 0.0036 0.098
  neighbors: f3556 f2805 f3262 f3695 f3697
- p8170(v547): -0.008 0.0024   0.1
  neighbors: f3297 f3295 f2824 f2822 f2823 f3776 f3778
- p8751(v548): -0.01 0.0041   0.1
  neighbors: f2826 f2829 f2828 f3565 f3566
- p9499(v329): -0.01 0.0041   0.1
  neighbors: f2829 f3565 f3779 f3780
- p9957(v549): -0.035 0.013 0.032
  neighbors: f3306 f3580 f2835 f3584 f3583 f3708 f3709
- p287(v550): -0.035 0.013 0.032
  neighbors: f2840 f3312 f2839 f3587 f3589
- p174(v551): -0.035 0.014 0.026
  neighbors: f2843 f2844 f3314 f3316
- p185(v554): -0.034 0.015 0.017
  neighbors: f3327 f3326 f3325 f2858 f3323 f3333 f3596 f3597
- p8669(v444): -0.034 0.015 0.016
  neighbors: f2869 f3321 f2858 f2868 f3333 f3332 f3593 f3594
- p5623(v556): -0.034 0.015 0.017
  neighbors: f2869 f2865 f3338 f2868 f3342 f3343
- p1736(v553): -0.034 0.015 0.027
  neighbors: f2869 f2865 f3319 f3321
- p1457(v558): -0.034 0.015 0.0078
  neighbors: f2874 f2876 f3330 f3331
- p8872(v559): -0.035 0.014 0.0081
  neighbors: f2877 f2878 f2881 f2880 f3353 f3354
- p8055(v445): -0.035 0.015 0.011
  neighbors: f3354 f3601 f2877 f3349 f3337 f3605 f3715 f3716
- p578(v560): -0.013 0.024  0.01
  neighbors: f2882 f2885 f2884 f2889 f2890
- p6381(v561): -0.013 0.023 0.021
  neighbors: f2886 f2887 f2888 f2889 f2890
- p8758(v562): -0.014 0.023 0.016
  neighbors: f2891 f2894 f2893 f3362 f3363
- p6151(v563): -0.034 -0.00075 0.0063
  neighbors: f2895 f2896 f3365 f3366
- p4670(v564): -0.035 -0.0071 0.009
  neighbors: f2899 f2900 f2901 f3817 f3818
- p8113(v457): -0.035 0.0014 0.009
  neighbors: f2899 f2904 f3818
- p5322(v348): -0.035 0.0019 0.0089
  neighbors: f2901 f2904 f2903 f2899 f2905 f2908
- p8788(v565): -0.035 0.0045 0.0094
  neighbors: f2903 f2904 f3800 f3801 f3802 f3803 f3804 f3805 f3806 f3807 f3808 f3809 f3810 f3811 f3812 f3813 f3814 f3815 f3816 f3817 f3818
- p9784(v566): -0.035 0.0078 0.0087
  neighbors: f2905 f2906 f2907 f2908 f2909
- p8241(v567): -0.034 -0.0098 0.0065
  neighbors: f2910 f2911 f3373 f3376
- p3884(v568): -0.035 0.0022 0.008
  neighbors: f2915 f2916 f2917 f2918 f2919
- p972(v569): -0.035 -0.0058 0.0077
  neighbors: f3369 f2921 f3368 f3612 f3613
- p3112(v570): -0.035 -0.0061 0.0074
  neighbors: f3371 f2924 f3378 f3616 f3617
- p6456(v462): -0.035 -0.0088 0.0072
  neighbors: f2926 f2924 f2938 f3378 f3379
- p8710(v571): -0.034 -0.012 0.0069
  neighbors: f2926 f2927 f2938 f2929 f2937 f2931 f2932 f3375 f3377
- p8141(v572): -0.035 -0.0007 0.0071
  neighbors: f2935 f2938 f2937 f3379 f3383
- p8559(v573): 0.0004 0.011 -5e-05
  neighbors: f2944 f2945 f3419 f3420
- p6435(v574): -0.011 -0.024 0.017
  neighbors: f2946 f2951 f2948 f3389 f3619 f3621
- p1235(v575): 0.029 -0.018 0.0076
  neighbors: f2957 f2953 f2956 f2955 f3393 f3394
- p8724(v576): 0.027 -0.021 0.0081
  neighbors: f2963 f3399 f2960 f2961 f3398 f3489 f3490
- p8265(v577): -0.035 -0.014 0.015
  neighbors: f2964 f2965 f2966 f2967
- p9576(v578): -0.035 -0.014 0.036
  neighbors: f2968 f2969 f2975 f2974 f2972 f3404 f3406
- p8444(v579): -0.035 -0.015 0.022
  neighbors: f2976 f2977 f2978 f2979 f2980
- p9592(v580): -0.034 -0.015 0.026
  neighbors: f2981 f2985 f3207 f3208
- p4823(v581): 0.018 -0.023 0.0063
  neighbors: f2989 f2987 f3430 f3629 f3630
- p307(v173):  0.02 -0.023 0.0066
  neighbors: f2989 f3631 f3033 f3025 f3032 f2991 f3050 f2990 f3049 f3629 f3637 f3638
- p6097(v582): 0.022 -0.023 0.0066
  neighbors: f2990 f2991 f3068 f2996 f2994 f3067 f3408 f3409
- p7346(v583): 0.00083 -0.01 -5e-05
  neighbors: f2997 f2998 f3413 f3418 f3824
- p5189(v584): 0.0077 0.0089 -5e-05
  neighbors: f3003 f3004 f3011 f3006 f3017 f3008 f3010 f3421 f3823
- p1516(v354): 0.0063 0.0096 -5e-05
  neighbors: f3011 f3421 f3422
- p4454(v585): 0.0072 -0.0082 -5e-05
  neighbors: f3014 f3015 f3016 f3017 f3822 f3823
- p8214(v586): 0.0092 -0.024 0.0075
  neighbors: f3019 f3020 f3021
- p9825(v486): -0.0018 -0.024 0.0076
  neighbors: f3021 f3038 f3019 f3036 f3040 f3041
- p2502(v487): 0.014 -0.024 0.0075
  neighbors: f3021 f3031 f3020 f3030 f3038 f3039
- p6277(v588): 0.0042 -0.023 0.0067
  neighbors: f3025 f3056 f3638 f3639
- p4880(v268): -0.00031 -0.023 0.0067
  neighbors: f3049 f3025 f3056 f3436 f3437
- p6806(v589): 0.017 -0.024 0.0073
  neighbors: f3034 f3029 f3030 f3031 f3032 f3033 f3443 f3444
- p7885(v587): 0.0025 -0.024 0.0074
  neighbors: f3030 f3029 f3037 f3039
- p926(v488): 0.013 -0.024 0.0071
  neighbors: f3445 f3032 f3444 f3637 f3725 f3726
- p4031(v590): -0.0047 -0.024 0.0075
  neighbors: f3035 f3036 f3037 f3038 f3039
- p1165(v591): 0.0066 -0.024 0.0078
  neighbors: f3040 f3041 f3425 f3427
- p7122(v592): -0.0045 -0.023 0.0064
  neighbors: f3045 f3626 f3625 f3632 f3633
- p9644(v490): -0.0069 -0.023 0.0065
  neighbors: f3045 f3051 f3050 f3631 f3632
- p839(v377): -0.0079 -0.023 0.0064
  neighbors: f3052 f3045 f3051 f3625 f3627
- p8562(v593): -0.01 -0.023 0.0066
  neighbors: f3054 f3049 f3050 f3051 f3052 f3053 f3434 f3436
- p9375(v594): -0.00015 -0.023 0.0067
  neighbors: f3056 f3437 f3639 f3640
- p8781(v596): 0.025 -0.022 0.0072
  neighbors: f3065 f3066 f3067 f3068 f3069 f3070
- p3335(v598): 0.012 -0.024 0.009
  neighbors: f3079 f3453 f3454 f3456 f3827
- p5925(v599): -0.0044 -0.024 0.0088
  neighbors: f3080 f3084 f3453 f3456 f3452 f3458 f3460
- p2370(v600): -0.033 -0.016 0.036
  neighbors: f3085 f3086 f3087
- p643(v601): -0.034 -0.015 0.016
  neighbors: f3091 f3089 f3090 f3096 f3097
- p4435(v500): -0.034 -0.015 0.017
  neighbors: f3089 f3097 f3467 f3468
- p8883(v602): -0.034 -0.016 0.013
  neighbors: f3097 f3463 f3096 f3095 f3466 f3468
- p168(v603): -0.035 -0.011 0.043
  neighbors: f3098 f3099 f3100 f3101 f3102 f3103
- p6002(v604): -0.012 -0.024  0.01
  neighbors: f3108 f3105 f3106 f3107 f3470 f3471
- p2866(v605): -0.013 -0.024 0.019
  neighbors: f3109 f3110 f3111 f3112 f3113
- p6951(v606): -0.0065 -0.024 0.029
  neighbors: f3115 f3472 f3475 f3835 f3837
- p9874(v608): -0.0026 -0.023 0.036
  neighbors: f3123 f3481 f3125 f3127 f3133 f3480 f3482 f3484
- p6056(v607): -0.0064 -0.024 0.031
  neighbors: f3483 f3132 f3127 f3482 f3650 f3652
- p9445(v609): 0.00046 -0.023 0.034
  neighbors: f3128 f3129 f3130 f3131 f3132 f3133 f3483 f3484
- p2919(v610): 0.024 -0.023 0.0093
  neighbors: f3485 f3141 f3142 f3138 f3139 f3140 f3656 f3658
- p5803(v611): -0.011 -0.0025   0.1
  neighbors: f3143 f3144 f3145 f3492 f3495
- p9228(v612): -0.011 -0.0037   0.1
  neighbors: f3149 f3152 f3151 f3498 f3499
- p8553(v614): -0.012 -0.0045   0.1
  neighbors: f3158 f3159 f3160 f3161 f3162 f3163
- p4957(v615): -0.013 -0.0034   0.1
  neighbors: f3164 f3165 f3166 f3167
- p3679(v616): -0.015 -0.0042 0.098
  neighbors: f3168 f3169 f3170 f3171 f3172 f3173 f3174
- p3552(v197): -0.016 -0.0046 0.096
  neighbors: f3173 f3170 f3187 f3189
- p878(v617): -0.014 -0.0026   0.1
  neighbors: f3175 f3176 f3177 f3178 f3179 f3180
- p9319(v618): -0.018 -0.0045 0.091
  neighbors: f3181 f3182 f3183 f3184 f3185
- p6054(v619): -0.017 -0.0048 0.094
  neighbors: f3186 f3187 f3188 f3189 f3190
- p639(v620): -0.034 -0.015 0.036
  neighbors: f3191 f3192 f3197 f3194 f3195 f3196 f3209 f3210
- p2353(v621): -0.034 -0.012 0.044
  neighbors: f3203 f3199 f3202 f3502 f3505
- p7896(v622): -0.034 -0.015 0.034
  neighbors: f3204 f3205 f3206 f3207 f3208 f3209 f3210
- p3633(v623):  0.03  0.01 0.0086
  neighbors: f3211 f3212 f3225 f3517 f3519
- p2186(v412):  0.03 0.0086 0.0084
  neighbors: f3222 f3212 f3220 f3518 f3519
- p3622(v624):  0.03 0.0081 0.0082
  neighbors: f3508 f3507 f3217 f3510 f3512
- p1556(v625):  0.03 -0.0085 0.0083
  neighbors: f3219 f3220 f3221 f3222
- p558(v626):  0.03 0.0023 0.0086
  neighbors: f3515 f3224 f3225 f3514 f3516 f3517
- p4384(v627):  0.03 -0.0002 0.0078
  neighbors: f3229 f3250 f3252
- p8957(v628): 0.029 -0.015 0.0072
  neighbors: f3686 f3671 f3674 f3237 f3750 f3755
- p8564(v631):  0.03 0.012 0.0075
  neighbors: f3248 f3249 f3250 f3251 f3252
- p780(v302):  0.03 0.0061 0.0075
  neighbors: f3251 f3248 f3528 f3529
- p3326(v632): 0.028 0.0075 0.0062
  neighbors: f3256 f3254 f3255 f3692 f3693
- p6429(v420): 0.028 0.0073 0.0062
  neighbors: f3255 f3544 f3553 f3552 f3691 f3693
- p2586(v633): -0.014 0.0053 0.098
  neighbors: f3257 f3258 f3259 f3260
- p6655(v634): -0.015 0.0035 0.099
  neighbors: f3267 f3262 f3266 f3556 f3699 f3700
- p5511(v542): -0.013 0.0033   0.1
  neighbors: f3275 f3269 f3267 f3699 f3765 f3766
- p1933(v635): -0.014 0.0043   0.1
  neighbors: f3275 f3269 f3561 f3564
- p760(v636): -0.013 0.0035   0.1
  neighbors: f3564 f3569 f3275 f3764 f3765
- p7483(v637): -0.017 0.0031 0.095
  neighbors: f3278 f3279 f3293 f3281 f3282 f3288 f3573 f3574
- p205(v638): -0.017 0.0039 0.093
  neighbors: f3286 f3287 f3288 f3289 f3290 f3291 f3292 f3293
- p9186(v72): -0.015 0.0029 0.099
  neighbors: f3554 f3292 f3291 f3694 f3696
- p8985(v639): -0.008 0.0032   0.1
  neighbors: f3294 f3295 f3296 f3297 f3298
- p1008(v641): -0.035 0.013 0.032
  neighbors: f3306 f3577 f3304 f3305 f3580 f3710 f3714
- p4859(v642): -0.035 0.013 0.029
  neighbors: f3307 f3312 f3585 f3582 f3586 f3587
- p3331(v643): -0.035 0.014 0.024
  neighbors: f3313 f3314 f3316 f3591 f3592
- p4325(v644): -0.034 0.015 0.032
  neighbors: f3317 f3318 f3319 f3321 f3594 f3595
- p6098(v552): -0.034 0.015 0.026
  neighbors: f3595 f3318 f3332 f3593 f3599 f3600
- p5238(v645): -0.034 0.015 0.017
  neighbors: f3322 f3323 f3324 f3325
- p5540(v646): -0.034 0.015 0.0084
  neighbors: f3326 f3327 f3328 f3329 f3330 f3331
- p5196(v647): -0.034 0.015  0.02
  neighbors: f3332 f3333 f3597 f3600
- p4053(v648): -0.034 0.015 0.012
  neighbors: f3337 f3338 f3343 f3601 f3602
- p9720(v649): -0.034 0.015 0.027
  neighbors: f3360 f3342 f3343 f3359 f3602 f3718 f3719
- p5747(v650): -0.035 0.014 0.034
  neighbors: f3346 f3348 f3351 f3352
- p3617(v557): -0.035 0.014 0.022
  neighbors: f3352 f3348 f3349 f3355 f3605 f3606
- p5695(v651): -0.035 0.014 0.016
  neighbors: f3349 f3350 f3351 f3352 f3353 f3354
- p2213(v652): -0.035 0.015 0.032
  neighbors: f3355 f3356 f3360 f3359 f3606 f3607
- p8982(v555): -0.035 0.015  0.03
  neighbors: f3360 f3607 f3717 f3718
- p9083(v653): -0.013 0.023 0.016
  neighbors: f3361 f3362 f3363
- p5182(v654): -0.034 9.1e-05 0.0063
  neighbors: f3364 f3365 f3366
- p2331(v655): -0.035 -0.0036 0.0078
  neighbors: f3367 f3368 f3369
- p8013(v656): -0.035 -0.0016 0.0075
  neighbors: f3611 f3371 f3610 f3614 f3616
- p5828(v657): -0.034 -0.0081 0.0067
  neighbors: f3373 f3374 f3375 f3376 f3377
- p3937(v658): -0.035 0.003 0.0075
  neighbors: f3378 f3379 f3383 f3382 f3615 f3617
- p7715(v660): -0.012 -0.024  0.01
  neighbors: f3388 f3389 f3619 f3722 f3724
- p8454(v661): 0.029 -0.018 0.0082
  neighbors: f3392 f3393 f3394 f3395 f3396
- p2359(v662): 0.027 -0.02 0.0076
  neighbors: f3397 f3398 f3399 f3400 f3401
- p8705(v663): -0.035 -0.014 0.032
  neighbors: f3406 f3403 f3404 f3405 f3623 f3624
- p2896(v664): 0.024 -0.02 0.006
  neighbors: f3407 f3408 f3409 f3410 f3411
- p5887(v665): 0.0045 -0.01 -5e-05
  neighbors: f3412 f3413 f3415 f3416 f3821 f3824
- p7813(v666): 0.0044  0.01 -5e-05
  neighbors: f3418 f3419 f3420 f3421 f3422 f3423 f3821 f3822 f3823 f3824
- p5396(v667): 0.008 -0.024 0.0079
  neighbors: f3424 f3425 f3426 f3427
- p1915(v668): 0.0093 -0.023 0.0064
  neighbors: f3628 f3626 f3430 f3630 f3633
- p3185(v669): -0.003 -0.023 0.0067
  neighbors: f3434 f3437 f3436 f3636 f3640
- p1076(v670): -0.0041 -0.024 0.0072
  neighbors: f3441 f3442 f3443 f3444 f3445
- p6322(v595): 0.0019 -0.024 0.0071
  neighbors: f3445 f3442 f3725 f3727
- p4215(v671): 0.014 -0.024 0.0086
  neighbors: f3446 f3642 f3641 f3729 f3734
- p9409(v672): -0.0071 -0.024 0.0093
  neighbors: f3452 f3453 f3827 f3828 f3829 f3830 f3831 f3832 f3833 f3834 f3835 f3836 f3837
- p445(v673): 0.0096 -0.024 0.0089
  neighbors: f3454 f3456 f3459 f3460
- p3536(v674):  0.01 -0.024 0.0088
  neighbors: f3457 f3458 f3459 f3460
- p1893(v675): -0.034 -0.016 0.015
  neighbors: f3461 f3463 f3465 f3466
- p7570(v676): -0.034 -0.016 0.017
  neighbors: f3464 f3465 f3466 f3467 f3468
- p8969(v677): -0.012 -0.024 0.018
  neighbors: f3469 f3470 f3471
- p5406(v678): -0.0093 -0.024 0.029
  neighbors: f3472 f3473 f3474 f3475 f3651 f3654
- p5953(v679): -0.002 -0.023 0.035
  neighbors: f3479 f3480 f3481
- p648(v680): -0.0011 -0.023 0.034
  neighbors: f3482 f3483 f3484
- p5772(v681): 0.025 -0.023 0.0085
  neighbors: f3485 f3490 f3487 f3488 f3489 f3655 f3656
- p2503(v682): -0.011 -0.0025   0.1
  neighbors: f3491 f3492 f3493 f3494 f3495
- p4084(v683): -0.011 -0.0039   0.1
  neighbors: f3496 f3500 f3498 f3499 f3661 f3662
- p7796(v613): -0.01 -0.0039   0.1
  neighbors: f3500 f3662 f3665
- p2182(v684): -0.035 -0.014 0.038
  neighbors: f3501 f3502 f3503 f3504 f3505
- p3802(v685):  0.03 0.006 0.0082
  neighbors: f3506 f3507 f3508
- p498(v686):  0.03 0.0097 0.0082
  neighbors: f3509 f3510 f3511 f3512
- p9626(v687):  0.03 0.0083 0.0088
  neighbors: f3513 f3514 f3515
- p3777(v688):  0.03 0.00069 0.0086
  neighbors: f3516 f3517 f3518 f3519
- p7723(v690):  0.03 -0.0074 0.0074
  neighbors: f3525 f3669 f3671 f3528 f3529 f3668 f3670 f3750 f3751
- p8666(v691): 0.029 0.011 0.0066
  neighbors: f3531 f3689 f3536 f3675 f3688 f3737 f3760 f3761
- p6175(v692): 0.029 -0.009 0.0068
  neighbors: f3745 f3689 f3536 f3743 f3752 f3756
- p8845(v693): 0.028 -0.014 0.0063
  neighbors: f3551 f3547 f3691 f3741 f3544 f3545 f3546 f3550 f3690 f3684 f3758 f3759
- p6575(v630): 0.028 0.011 0.0063
  neighbors: f3544 f3551 f3553
- p2980(v694): 0.028 0.013 0.0063
  neighbors: f3548 f3549 f3550 f3551 f3552 f3553
- p4769(v695): -0.015 0.003   0.1
  neighbors: f3554 f3695 f3556 f3557 f3694 f3698 f3700
- p5163(v696): -0.013 0.0046 0.099
  neighbors: f3560 f3561 f3562 f3564 f3568 f3569
- p6678(v697): -0.012 0.0038   0.1
  neighbors: f3565 f3566 f3569 f3568 f3764 f3780 f3781
- p2781(v698): -0.017 0.0029 0.094
  neighbors: f3572 f3573 f3574
- p2900(v699): -0.035 0.013  0.03
  neighbors: f3575 f3577 f3713 f3714
- p4521(v700): -0.035 0.013 0.031
  neighbors: f3580 f3708 f3710
- p7812(v701): -0.035 0.013  0.03
  neighbors: f3581 f3582 f3583 f3584 f3585
- p593(v640): -0.035 0.013 0.023
  neighbors: f3583 f3581 f3709 f3712
- p4484(v702): -0.035 0.013 0.024
  neighbors: f3586 f3587 f3588 f3589
- p4601(v703): -0.035 0.014 0.025
  neighbors: f3590 f3591 f3592
- p6492(v704): -0.034 0.015 0.023
  neighbors: f3593 f3594 f3595
- p2800(v705): -0.034 0.015 0.023
  neighbors: f3596 f3597 f3598 f3599 f3600
- p2895(v706): -0.035 0.015 0.013
  neighbors: f3601 f3602 f3715 f3719
- p962(v707): -0.035 0.015  0.02
  neighbors: f3605 f3606 f3607 f3716 f3717
- p3244(v708): -0.035 -0.0034 0.0076
  neighbors: f3610 f3611 f3612 f3613
- p7999(v709): -0.035 -1.2e-05 0.0075
  neighbors: f3614 f3615 f3616 f3617
- p1751(v710): -0.011 -0.024  0.02
  neighbors: f3621 f3619 f3721 f3722
- p6191(v711): -0.035 -0.014 0.025
  neighbors: f3622 f3623 f3624
- p4805(v712): -0.0061 -0.023 0.0064
  neighbors: f3625 f3626 f3627 f3628
- p6018(v713): 0.014 -0.023 0.0065
  neighbors: f3629 f3630 f3631 f3632 f3633
- p418(v714): 0.0046 -0.023 0.0069
  neighbors: f3640 f3639 f3636 f3637 f3638 f3726 f3728
- p8968(v715): 0.011 -0.024 0.0081
  neighbors: f3641 f3642 f3643 f3644 f3645
- p2131(v597): 0.009 -0.024 0.0082
  neighbors: f3643 f3642 f3729 f3730
- p7797(v716): -0.0038 -0.024 0.0085
  neighbors: f3646 f3731 f3732
- p7763(v717): -0.0089 -0.024 0.029
  neighbors: f3650 f3651 f3652 f3653 f3654
- p3842(v718): 0.026 -0.022 0.0093
  neighbors: f3655 f3656 f3657 f3658 f3659 f3660
- p1182(v719): -0.011 -0.0041   0.1
  neighbors: f3661 f3662 f3663 f3664 f3665
- p2092(v720): 0.029 0.0061 0.0072
  neighbors: f3666 f3669 f3668 f3746 f3748
- p5222(v689): 0.029 -0.0034 0.0072
  neighbors: f3669 f3748 f3751 f3753
- p1392(v721): 0.029 -0.015 0.0073
  neighbors: f3670 f3671 f3672 f3673 f3674
- p2411(v722): 0.029 0.011 0.0065
  neighbors: f3675 f3737 f3742 f3762 f3763
- p7185(v724): 0.029 -0.014 0.0067
  neighbors: f3684 f3756 f3686 f3689 f3688 f3755 f3757 f3758
- p1387(v629): 0.029 -0.0088 0.0066
  neighbors: f3688 f3757 f3760
- p3158(v725): 0.028 -0.012 0.0062
  neighbors: f3690 f3691 f3692 f3693
- p5649(v726): -0.015 0.003 0.099
  neighbors: f3694 f3695 f3696 f3697
- p3556(v727): -0.013 0.0022   0.1
  neighbors: f3698 f3699 f3700 f3766 f3787 f3789
- p1(v728): -0.035 0.013 0.015
  neighbors: f3708 f3709 f3710 f3711 f3712 f3713 f3714
- p6234(v729): -0.035 0.015 0.021
  neighbors: f3715 f3716 f3717 f3718 f3719
- p9782(v730): -0.012 -0.024 0.022
  neighbors: f3720 f3721 f3722 f3723 f3724
- p3119(v731): 0.0041 -0.023 0.0069
  neighbors: f3725 f3726 f3727 f3728
- p851(v732): 0.0086 -0.024 0.0085
  neighbors: f3729 f3730 f3731 f3732 f3733 f3734
- p6197(v733): 0.029 0.0079 0.0065
  neighbors: f3737 f3761 f3762
- p2633(v734): 0.029 0.0034 0.0064
  neighbors: f3742 f3741 f3759 f3763
- p4733(v735): 0.029 0.0098 0.0069
  neighbors: f3743 f3744 f3745
- p321(v723): 0.029 -0.0031 0.007
  neighbors: f3747 f3745 f3744 f3752 f3754
- p5629(v736): 0.029 0.0045 0.0071
  neighbors: f3746 f3747 f3748 f3753 f3754
- p91(v737): 0.029 -0.01 0.0072
  neighbors: f3750 f3751 f3752 f3753 f3754 f3755 f3756
- p430(v738): 0.029 -0.0093 0.0066
  neighbors: f3757 f3758 f3759 f3760 f3761 f3762 f3763
- p3650(v739): -0.012 0.002   0.1
  neighbors: f3764 f3765 f3766 f3781 f3787 f3791 f3792
- p8273(v740): -0.011 0.0031   0.1
  neighbors: f3776 f3781 f3778 f3779 f3780 f3790 f3791
- p2989(v741): -0.012 0.0015   0.1
  neighbors: f3789 f3788 f3784 f3785 f3786 f3787 f3792 f3794
- p7683(v742): -0.012 0.0017   0.1
  neighbors: f3790 f3791 f3792 f3793 f3794
- f245
    - flags: top simplicial tested
    - normal:    0.1334   0.9909 -0.01715
    - offset: -0.0287599
    - center: 0.0105477 0.02774106666666666 0.007943576666666667 
    - vertices: p3041(v54) p2384(v47) p5250(v29)
    - neighboring facets: f3796 f423 f462
    - ridges:
- f387
    - flags: bottom simplicial
    - normal:  -0.007599   0.9758   0.2186
    - offset: -0.02965808
    - center: -0.006176216666666667 0.025005 0.02384373333333334 
    - vertices: p4771(v81) p5401(v48) p5459(v25)
    - neighboring facets: f395 f1199 f393
- f392
    - flags: bottom simplicial
    - normal:  -0.0003972    0.966   0.2585
    - offset: -0.03054192
    - vertices: p7665(v82) p4771(v81) p9668(v11)
    - neighboring facets: f1201 f654 f393
- f393
    - flags: top simplicial
    - normal:  -6.556e-05    0.966   0.2586
    - offset: -0.03054009
    - vertices: p7665(v82) p4771(v81) p5401(v48)
    - neighboring facets: f387 f735 f392
- f395
    - flags: top simplicial tested
    - normal:  -0.004337   0.9753   0.2208
    - offset: -0.02968204
    - center: 0.001367083333333333 0.0264147 0.01777723333333333 
    - vertices: p9655(v83) p5401(v48) p5459(v25)
    - neighboring facets: f387 f3795 f737
    - ridges:
- f396
    - flags: top simplicial tested
    - normal:    0.1675    0.984  0.06095
    - offset: -0.02979416
    - center: 0.01093223333333333 0.02769713333333334 0.0116423 
    - vertices: p9655(v83) p2384(v47) p1278(v14)
    - neighboring facets: f461 f1683 f3797
    - ridges:
- f415
    - flags: top simplicial
    - normal:   -0.3232   0.8349  -0.4455
    - offset: -0.02012339
    - center: -0.02007183333333333 0.01944693333333333 0.005837386666666666 
    - vertices: p9424(v88) p6636(v28) p449(v15)
    - neighboring facets: f1811 f764 f754
- f423
    - flags: top simplicial tested
    - normal:   0.01112   0.9916  -0.1292
    - offset: -0.02677866
    - center: 0.008256766666666667 0.02772696666666666 0.00623951 
    - vertices: p8551(v89) p3041(v54) p5250(v29)
    - neighboring facets: f245 f761 f1822
- f451
    - flags: top simplicial tested
    - normal:   -0.0988   0.1725    -0.98
    - offset: -0.002155368
    - center: -0.009840966666666668 0.01706033333333333 0.001795573263333334 
    - vertices: p5195(v94) p8680(v85) p449(v15)
    - neighboring facets: f2375 f452 f2374
- f452
    - flags: bottom simplicial tested
    - normal:   -0.1464    0.122  -0.9817
    - offset: -0.001764852
    - center: -0.0109827 0.01628526666666667 0.001863173263333334 
    - vertices: p5195(v94) p2153(v93) p449(v15)
    - neighboring facets: f784 f451 f1271
- f453
    - flags: bottom simplicial
    - normal:    0.2563   0.4262  -0.8676
    - offset: -0.009611468
    - vertices: p454(v95) p2206(v52) p6914(v16)
    - neighboring facets: f840 f788 f1858
- f461
    - flags: bottom simplicial
    - normal:    0.2198   0.9755 -0.01045
    - offset: -0.02932541
    - vertices: p454(v95) p2384(v47) p1278(v14)
    - neighboring facets: f396 f1316 f462
- f462
    - flags: bottom simplicial
    - normal:    0.2111   0.9774 -0.01302
    - offset: -0.02925647
    - center: 0.01120306666666667 0.0276161 0.007653773333333333 
    - vertices: p454(v95) p3041(v54) p2384(v47)
    - neighboring facets: f245 f461 f2372
- f467
    - flags: top simplicial
    - normal:    0.8272   0.4485   0.3384
    - offset: -0.03524199
    - vertices: p3879(v96) p584(v23) p3091(v7)
    - neighboring facets: f2824 f1301 f468
- f468
    - flags: bottom simplicial
    - normal:    0.8301   0.4423   0.3396
    - offset: -0.03521966
    - vertices: p3879(v96) p584(v23) p7854(v13)
    - neighboring facets: f2823 f1848 f467
- f484
    - flags: top simplicial tested
    - normal:    0.1342  0.05602  -0.9894
    - offset: -0.001682102
    - center: 0.01111403333333333 0.003045727999999999 -1.967626666666674e-05 
    - vertices: p9585(v99) p8754(v53) p8418(v8)
    - neighboring facets: f3003 f848 f489
    - ridges:
- f489
    - flags: bottom simplicial
    - normal:    0.2428   0.1439  -0.9593
    - offset: -0.003214253
    - center: 0.0160251 0.008896916666666666 0.002040191566666667 
    - vertices: p6470(v100) p9585(v99) p8754(v53)
    - neighboring facets: f484 f3006 f838
- f510
    - flags: bottom simplicial
    - normal:   -0.2956  -0.1236  -0.9473
    - offset: -0.005337139
    - vertices: p7944(v104) p9609(v90) p5512(v5)
    - neighboring facets: f743 f901 f2927
- f525
    - flags: top simplicial
    - normal:   -0.3642  -0.9229   -0.125
    - offset: -0.02545967
    - vertices: p3304(v107) p6336(v59) p3171(v32)
    - neighboring facets: f939 f2503 f1389
- f621
    - flags: top simplicial tested
    - normal:    0.3408  0.02203  -0.9399
    - offset: -0.004083162
    - center: 0.01727233333333333 0.004503518 0.002024454333333333 
    - vertices: p362(v125) p9274(v101) p8418(v8)
    - neighboring facets: f845 f3004 f1587
    - ridges:
- f623
    - flags: top simplicial
    - normal:   -0.4554   0.8854  0.09274
    - offset: -0.03244059
    - vertices: p5393(v126) p3732(v71) p89(v6)
    - neighboring facets: f1714 f1597 f632
- f629
    - flags: bottom simplicial
    - normal:   -0.1745   0.9504   0.2575
    - offset: -0.03256482
    - vertices: p5496(v127) p147(v39) p9668(v11)
    - neighboring facets: f656 f631 f1067
- f631
    - flags: top simplicial
    - normal:   -0.3256   0.9397    0.105
    - offset: -0.02951274
    - vertices: p5496(v127) p5393(v126) p9668(v11)
    - neighboring facets: f1059 f629 f632
- f632
    - flags: bottom simplicial
    - normal:   -0.3108   0.9357   0.1668
    - offset: -0.03127155
    - vertices: p5496(v127) p5393(v126) p3732(v71)
    - neighboring facets: f623 f1068 f631
- f652
    - flags: top simplicial
    - normal:  -0.0005028   0.9658   0.2594
    - offset: -0.03056608
    - vertices: p4534(v131) p407(v73) p9668(v11)
    - neighboring facets: f1118 f654 f1117
- f654
    - flags: bottom simplicial
    - normal:  -1.512e-05   0.9659   0.2588
    - offset: -0.03054479
    - vertices: p4534(v131) p7665(v82) p9668(v11)
    - neighboring facets: f392 f652 f739
- f656
    - flags: top simplicial
    - normal:   -0.1536   0.9537   0.2584
    - offset: -0.03238234
    - vertices: p9665(v132) p147(v39) p9668(v11)
    - neighboring facets: f629 f1119 f1670
- f660
    - flags: bottom simplicial
    - normal:     0.392   0.8639   0.3162
    - offset: -0.03219185
    - vertices: p8396(v133) p3747(v46) p1278(v14)
    - neighboring facets: f1315 f1674 f663
- f663
    - flags: top simplicial
    - normal:    0.4212   0.8475    0.323
    - offset: -0.03257159
    - vertices: p8396(v133) p3747(v46) p3546(v24)
    - neighboring facets: f1314 f665 f660
- f665
    - flags: bottom simplicial
    - normal:    0.5544   0.7539   0.3525
    - offset: -0.03409205
    - vertices: p8396(v133) p690(v56) p3546(v24)
    - neighboring facets: f1308 f663 f3296
- f705
    - flags: bottom simplicial
    - normal:   -0.9397 -8.548e-07    0.342
    - offset: -0.04816225
    - center: -0.0349252 -0.003120196666666667 0.04486136666666667 
    - vertices: p4456(v139) p9913(v79) p8012(v10)
    - neighboring facets: f1171 f1161 f1168
- f718
    - flags: top simplicial tested
    - normal:        -1  0.00251 0.007071
    - offset: -0.0355242
    - center: -0.03519716666666667 0.008302853333333334 0.04344190000000001 
    - vertices: p5800(v141) p3420(v75) p4762(v21)
    - neighboring facets: f1157 f1627 f3801
    - ridges:
- f719
    - flags: top simplicial
    - normal:    0.9556 4.025e-06   0.2946
    - offset: -0.03143469
    - vertices: p3342(v142) p7301(v44) p3009(v22)
    - neighboring facets: f1191 f822 f1188
- f735
    - flags: top simplicial
    - normal:  -3.638e-06   0.9659   0.2588
    - offset:  -0.030544
    - vertices: p6370(v145) p7665(v82) p5401(v48)
    - neighboring facets: f393 f737 f739
- f737
    - flags: bottom simplicial
    - normal:  0.008873    0.972   0.2349
    - offset: -0.02989397
    - vertices: p6370(v145) p9655(v83) p5401(v48)
    - neighboring facets: f395 f735 f1208
- f738
    - flags: bottom simplicial
    - normal:  4.02e-06   0.9659   0.2588
    - offset: -0.03054452
    - vertices: p6370(v145) p4534(v131) p4897(v26)
    - neighboring facets: f1116 f1774 f739
- f739
    - flags: top simplicial
    - normal:  -3.042e-06   0.9659   0.2588
    - offset: -0.0305445
    - vertices: p6370(v145) p4534(v131) p7665(v82)
    - neighboring facets: f654 f735 f738
- f742
    - flags: top simplicial
    - normal:   -0.2041 -0.06074  -0.9771
    - offset: -0.001400783
    - center: -0.01802183333333333 -0.00617622 0.002714290000000002 
    - vertices: p4272(v146) p9868(v84) p7020(v49)
    - neighboring facets: f881 f1229 f879
- f743
    - flags: top simplicial
    - normal:   -0.2515 -0.07942  -0.9646
    - offset: -0.003211057
    - center: -0.03241716666666667 -0.0129038 0.006185603333333335 
    - vertices: p4272(v146) p9609(v90) p5512(v5)
    - neighboring facets: f510 f877 f1231
- f753
    - flags: top simplicial
    - normal:   -0.5392   0.8422 -8.343e-05
    - offset: -0.03120462
    - vertices: p6824(v148) p6874(v147) p89(v6)
    - neighboring facets: f1218 f3598 f1216
- f754
    - flags: bottom simplicial
    - normal:    -0.326   0.8458  -0.4223
    - offset: -0.02056695
    - vertices: p473(v149) p9424(v88) p6636(v28)
    - neighboring facets: f415 f755 f1225
- f755
    - flags: top simplicial
    - normal:   -0.3494   0.9009  -0.2576
    - offset: -0.02349956
    - vertices: p473(v149) p4610(v87) p6636(v28)
    - neighboring facets: f3328 f754 f756
- f756
    - flags: bottom simplicial
    - normal:   -0.3527   0.9172  -0.1853
    - offset: -0.02450767
    - vertices: p473(v149) p4610(v87) p5499(v50)
    - neighboring facets: f1766 f1221 f755
- f761
    - flags: top simplicial tested
    - normal:   0.00433   0.9968 -0.08001
    - offset: -0.02719061
    - center: 0.005838593333333334 0.0277677 0.0064128 
    - vertices: p9798(v150) p8551(v89) p5250(v29)
    - neighboring facets: f423 f3796 f1222
    - ridges:
- f764
    - flags: top simplicial
    - normal:   -0.2838   0.8445  -0.4542
    - offset: -0.01976346
    - vertices: p7165(v151) p9424(v88) p449(v15)
    - neighboring facets: f415 f765 f766
- f765
    - flags: bottom simplicial
    - normal:   -0.2711   0.8381  -0.4733
    - offset: -0.01940974
    - vertices: p7165(v151) p8551(v89) p449(v15)
    - neighboring facets: f1824 f764 f766
- f766
    - flags: top simplicial
    - normal:   -0.2781   0.8474  -0.4524
    - offset: -0.01976417
    - vertices: p7165(v151) p8551(v89) p9424(v88)
    - neighboring facets: f1224 f764 f765
- f784
    - flags: top simplicial
    - normal:   -0.2123   0.1976   -0.957
    - offset: -0.004260385
    - vertices: p3206(v155) p2153(v93) p449(v15)
    - neighboring facets: f452 f1840 f1838
- f788
    - flags: bottom simplicial
    - normal:    0.1652   0.2691  -0.9488
    - offset: -0.00372451
    - center: 0.01372235666666667 0.01949276666666666 0.003993135166666666 
    - vertices: p9318(v156) p454(v95) p6914(v16)
    - neighboring facets: f453 f3010 f2373
- f795
    - flags: bottom simplicial
    - normal:    -0.115 -0.002833  -0.9934
    - offset: -0.0003339773
    - center: -0.005489053333333334 0.000216616933333333 0.0002984074300000001 
    - vertices: p305(v157) p5195(v94) p9304(v27)
    - neighboring facets: f1268 f882 f1272
- f798
    - flags: top simplicial
    - normal:   -0.2176 -0.02856  -0.9756
    - offset: -0.001492701
    - center: -0.01843443333333334 -0.003239729733333334 0.002676675333333333 
    - vertices: p305(v157) p4656(v152) p7020(v49)
    - neighboring facets: f1230 f883 f1832
- f808
    - flags: top simplicial
    - normal:    0.8894   0.2358   0.3916
    - offset: -0.03394528
    - vertices: p1711(v159) p6345(v134) p7854(v13)
    - neighboring facets: f2822 f1845 f1288
- f810
    - flags: top simplicial
    - normal:    0.9012   0.3177  -0.2949
    - offset: -0.02926696
    - vertices: p455(v160) p3501(v55) p7879(v31)
    - neighboring facets: f824 f812 f1846
- f812
    - flags: bottom simplicial
    - normal:    0.6925   0.2627  -0.6718
    - offset: -0.01944552
    - vertices: p455(v160) p5811(v57) p7879(v31)
    - neighboring facets: f843 f810 f1292
- f819
    - flags: top simplicial
    - normal:     0.993 -0.0001405   0.1179
    - offset: -0.03085819
    - vertices: p6871(v161) p5696(v143) p2837(v80)
    - neighboring facets: f1755 f820 f1754
- f820
    - flags: bottom simplicial
    - normal:    0.9845 0.004819   0.1752
    - offset: -0.03118661
    - vertices: p6871(v161) p3342(v142) p2837(v80)
    - neighboring facets: f1181 f819 f822
- f821
    - flags: bottom simplicial
    - normal:    0.9741  0.02592   0.2246
    - offset: -0.03157941
    - vertices: p6871(v161) p2991(v97) p3009(v22)
    - neighboring facets: f1289 f822 f1546
- f822
    - flags: top simplicial
    - normal:    0.9767  0.01463   0.2142
    - offset: -0.03142579
    - vertices: p6871(v161) p3342(v142) p3009(v22)
    - neighboring facets: f719 f821 f820
- f824
    - flags: bottom simplicial
    - normal:    0.8396   0.5066   -0.196
    - offset: -0.03176965
    - vertices: p9002(v162) p3501(v55) p7879(v31)
    - neighboring facets: f810 f1297 f825
- f825
    - flags: bottom simplicial
    - normal:    0.8368   0.5301  -0.1369
    - offset: -0.03264148
    - vertices: p9002(v162) p3879(v96) p3501(v55)
    - neighboring facets: f1849 f824 f1302
- f837
    - flags: bottom simplicial
    - normal:    0.4569   0.2583  -0.8512
    - offset: -0.01166693
    - vertices: p6001(v164) p6470(v100) p5811(v57)
    - neighboring facets: f844 f847 f838
- f838
    - flags: top simplicial
    - normal:    0.2432   0.1435  -0.9593
    - offset: -0.003217411
    - vertices: p6001(v164) p6470(v100) p9585(v99)
    - neighboring facets: f489 f849 f837
- f840
    - flags: top simplicial
    - normal:     0.311   0.3809  -0.8707
    - offset: -0.009977491
    - vertices: p9307(v165) p2206(v52) p6914(v16)
    - neighboring facets: f453 f841 f1324
- f841
    - flags: bottom simplicial
    - normal:    0.3084   0.3581  -0.8813
    - offset: -0.009383291
    - center: 0.0257346 0.01957413333333333 0.006310873333333333 
    - vertices: p9307(v165) p6470(v100) p6914(v16)
    - neighboring facets: f3008 f840 f844
- f843
    - flags: top simplicial
    - normal:     0.606   0.3209  -0.7279
    - offset: -0.01763592
    - vertices: p9307(v165) p5811(v57) p7879(v31)
    - neighboring facets: f812 f1299 f844
- f844
    - flags: top simplicial
    - normal:    0.5049    0.296  -0.8109
    - offset: -0.0138789
    - vertices: p9307(v165) p6470(v100) p5811(v57)
    - neighboring facets: f837 f843 f841
- f845
    - flags: bottom simplicial
    - normal:    0.3254  0.04423  -0.9445
    - offset: -0.003921824
    - vertices: p708(v166) p9274(v101) p8418(v8)
    - neighboring facets: f621 f848 f846
- f846
    - flags: top simplicial
    - normal:    0.3655  0.06205  -0.9287
    - offset: -0.00538883
    - vertices: p708(v166) p9274(v101) p5811(v57)
    - neighboring facets: f1291 f847 f845
- f847
    - flags: bottom simplicial
    - normal:    0.3193  0.08682  -0.9437
    - offset: -0.004412769
    - vertices: p708(v166) p6001(v164) p5811(v57)
    - neighboring facets: f837 f846 f849
- f848
    - flags: top simplicial
    - normal:    0.2993  0.07528  -0.9512
    - offset: -0.003642075
    - vertices: p708(v166) p9585(v99) p8418(v8)
    - neighboring facets: f484 f845 f849
- f849
    - flags: top simplicial
    - normal:    0.2925   0.0848  -0.9525
    - offset: -0.003594944
    - vertices: p708(v166) p6001(v164) p9585(v99)
    - neighboring facets: f838 f848 f847
- f877
    - flags: top simplicial tested
    - normal:   -0.1955  -0.1018  -0.9754
    - offset: -0.001674171
    - center: -0.02182075 -0.01294766666666667 0.004008745500000001 
    - vertices: p7914(v172) p4272(v146) p5512(v5)
    - neighboring facets: f743 f1369 f879
- f879
    - flags: bottom simplicial tested
    - normal:   -0.1969 -0.07647  -0.9774
    - offset: -0.001375965
    - center: -0.01499055 -0.009510240000000001 0.002355628833333333 
    - vertices: p7914(v172) p4272(v146) p9868(v84)
    - neighboring facets: f742 f881 f877
- f881
    - flags: bottom simplicial tested
    - normal:   -0.1851 -0.06275  -0.9807
    - offset: -0.001187751
    - center: -0.008228416666666667 -0.005821953333333334 0.0007140188333333338 
    - vertices: p7914(v172) p9868(v84) p7020(v49)
    - neighboring facets: f742 f883 f879
- f882
    - flags: bottom simplicial tested
    - normal:   -0.1194 -0.006858  -0.9928
    - offset: -0.0003839617
    - center: -0.00514957 -0.007312349733333334 0.0002830396666666667 
    - vertices: p7914(v172) p305(v157) p9304(v27)
    - neighboring facets: f795 f2998 f883
    - ridges:
- f883
    - flags: top simplicial tested
    - normal:   -0.1526 -0.03247  -0.9878
    - offset: -0.0007588193
    - center: -0.008143816666666666 -0.004623123066666667 0.000641700833333334 
    - vertices: p7914(v172) p305(v157) p7020(v49)
    - neighboring facets: f798 f881 f882
- f896
    - flags: bottom simplicial
    - normal:   -0.5574   -0.695  -0.4542
    - offset: -0.02541494
    - vertices: p6433(v174) p1464(v171) p7944(v104)
    - neighboring facets: f1892 f901 f1452
- f897
    - flags: top simplicial
    - normal:   -0.2907  -0.7324  -0.6157
    - offset: -0.01623233
    - vertices: p6433(v174) p3304(v107) p6820(v60)
    - neighboring facets: f2518 f1394 f1391
- f901
    - flags: bottom simplicial
    - normal:   -0.2947  -0.4668  -0.8338
    - offset: -0.01079825
    - vertices: p6433(v174) p7944(v104) p5512(v5)
    - neighboring facets: f510 f1393 f896
- f921
    - flags: top simplicial tested
    - normal:   -0.9999 -0.009768 -0.005687
    - offset: -0.03524051
    - center: -0.03519083333333334 -0.01165943666666667 0.01089616333333333 
    - vertices: p5068(v178) p1641(v111) p9288(v40)
    - neighboring facets: f1238 f3804 f1432
    - ridges:
- f923
    - flags: bottom simplicial
    - normal:   -0.9877  -0.1559 -0.009122
    - offset: -0.03666206
    - center: -0.03515303333333333 -0.01300606666666667 0.009541513333333333 
    - vertices: p8613(v179) p1641(v111) p1016(v20)
    - neighboring facets: f1237 f2430 f1420
- f939
    - flags: bottom simplicial
    - normal:   -0.3647  -0.9271 -0.08672
    - offset: -0.02590106
    - vertices: p2232(v183) p6336(v59) p3171(v32)
    - neighboring facets: f525 f3107 f940
- f940
    - flags: bottom simplicial
    - normal:   -0.3654  -0.9275 -0.07942
    - offset: -0.02599651
    - vertices: p2232(v183) p6044(v113) p6336(v59)
    - neighboring facets: f1998 f939 f2001
- f945
    - flags: bottom simplicial
    - normal:  -0.004632   -0.964   0.2659
    - offset: -0.03124253
    - vertices: p9765(v184) p3913(v114) p9055(v67)
    - neighboring facets: f2620 f2634 f1467
- f964
    - flags: top simplicial
    - normal:    -0.163  -0.9853  0.05155
    - offset: -0.02711389
    - center: -0.01194173333333333 -0.02399483333333333 0.0296047 
    - vertices: p9417(v188) p1820(v115) p1195(v65)
    - neighboring facets: f1462 f2023 f3474
- f994
    - flags: top simplicial
    - normal:    0.6849  -0.6205   0.3819
    - offset: -0.03536782
    - vertices: p4621(v194) p8342(v119) p6540(v68)
    - neighboring facets: f1502 f1029 f1011
- f1010
    - flags: top simplicial
    - normal:    0.6063  -0.7048   0.3684
    - offset: -0.03493072
    - vertices: p3001(v196) p4621(v194) p7084(v18)
    - neighboring facets: f1026 f1519 f1011
- f1011
    - flags: bottom simplicial
    - normal:    0.6121  -0.6991   0.3696
    - offset: -0.0349766
    - vertices: p3001(v196) p4621(v194) p8342(v119)
    - neighboring facets: f994 f2068 f1010
- f1026
    - flags: bottom simplicial
    - normal:    0.7351  -0.6561   0.1711
    - offset: -0.03532665
    - vertices: p7196(v199) p4621(v194) p7084(v18)
    - neighboring facets: f1010 f1874 f1029
- f1028
    - flags: bottom simplicial
    - normal:    0.8056  -0.4966   0.3231
    - offset: -0.03549569
    - vertices: p7196(v199) p9878(v123) p6540(v68)
    - neighboring facets: f1503 f1029 f1560
- f1029
    - flags: top simplicial
    - normal:    0.7533  -0.6092   0.2478
    - offset: -0.03559146
    - vertices: p7196(v199) p4621(v194) p6540(v68)
    - neighboring facets: f994 f1028 f1026
- f1044
    - flags: top simplicial
    - normal:    0.9182  -0.1603   0.3621
    - offset: -0.0332961
    - vertices: p3471(v203) p5000(v124) p5487(v69)
    - neighboring facets: f1750 f1506 f1508
- f1059
    - flags: bottom simplicial
    - normal:   -0.3341   0.9396  0.07425
    - offset: -0.02864111
    - vertices: p5793(v206) p5393(v126) p9668(v11)
    - neighboring facets: f631 f1203 f1205
- f1066
    - flags: bottom simplicial
    - normal:   -0.2955   0.9204   0.2559
    - offset: -0.03394136
    - vertices: p5013(v208) p3732(v71) p147(v39)
    - neighboring facets: f2188 f1067 f1068
- f1067
    - flags: top simplicial
    - normal:   -0.2671   0.9297   0.2537
    - offset: -0.03338522
    - vertices: p5013(v208) p5496(v127) p147(v39)
    - neighboring facets: f629 f1066 f1068
- f1068
    - flags: bottom simplicial
    - normal:   -0.2837    0.925   0.2527
    - offset: -0.03349951
    - vertices: p5013(v208) p5496(v127) p3732(v71)
    - neighboring facets: f632 f1066 f1067
- f1085
    - flags: top simplicial
    - normal:   -0.9397 6.312e-05    0.342
    - offset: -0.04816324
    - vertices: p4649(v211) p2006(v78) p5294(v43)
    - neighboring facets: f1736 f1086 f1622
- f1086
    - flags: bottom simplicial
    - normal:   -0.9385  0.02298   0.3444
    - offset: -0.04844303
    - vertices: p4649(v211) p2220(v129) p5294(v43)
    - neighboring facets: f1633 f1085 f3281
- f1116
    - flags: top simplicial
    - normal:  5.879e-06   0.9659   0.2588
    - offset: -0.03054463
    - vertices: p6759(v216) p4534(v131) p4897(v26)
    - neighboring facets: f738 f1668 f1117
- f1117
    - flags: bottom simplicial
    - normal:  -0.0001397   0.9658   0.2594
    - offset: -0.03056272
    - vertices: p6759(v216) p4534(v131) p407(v73)
    - neighboring facets: f652 f1669 f1116
- f1118
    - flags: bottom simplicial
    - normal:  -0.01727   0.9655     0.26
    - offset: -0.03081072
    - vertices: p8251(v217) p407(v73) p9668(v11)
    - neighboring facets: f652 f1119 f2240
- f1119
    - flags: top simplicial
    - normal:  -0.02657   0.9652   0.2601
    - offset: -0.03093796
    - vertices: p8251(v217) p9665(v132) p9668(v11)
    - neighboring facets: f656 f1118 f1671
- f1157
    - flags: bottom simplicial tested
    - normal:        -1 0.005264 0.004203
    - offset: -0.03542611
    - center: -0.035197 0.01008925 0.04206206666666667 
    - vertices: p7070(v224) p3420(v75) p4762(v21)
    - neighboring facets: f718 f1158 f2300
- f1158
    - flags: top simplicial tested
    - normal:   -0.9991  0.03727  0.01774
    - offset: -0.03630284
    - center: -0.03519283333333334 0.01119384666666667 0.04074883333333334 
    - vertices: p7070(v224) p3529(v76) p4762(v21)
    - neighboring facets: f1631 f1157 f1159
- f1159
    - flags: top simplicial tested
    - normal:   -0.9997  0.02398 0.005853
    - offset: -0.03569746
    - center: -0.03519566666666667 0.01186606666666667 0.03895476666666667 
    - vertices: p7070(v224) p2580(v137) p3529(v76)
    - neighboring facets: f1701 f1158 f1732
- f1161
    - flags: bottom simplicial
    - normal:   -0.9397 -8.703e-07    0.342
    - offset: -0.04816227
    - vertices: p1144(v225) p4456(v139) p8012(v10)
    - neighboring facets: f705 f2217 f2302
- f1164
    - flags: top simplicial
    - normal:   -0.9397 1.421e-05    0.342
    - offset: -0.04816258
    - vertices: p4196(v226) p4456(v139) p5294(v43)
    - neighboring facets: f1167 f1737 f1165
- f1165
    - flags: bottom simplicial
    - normal:   -0.9397 9.245e-06    0.342
    - offset: -0.04816253
    - vertices: p4196(v226) p4456(v139) p2006(v78)
    - neighboring facets: f2227 f1738 f1164
- f1167
    - flags: bottom simplicial
    - normal:   -0.9397 3.116e-06    0.342
    - offset: -0.04816135
    - vertices: p8585(v227) p4456(v139) p5294(v43)
    - neighboring facets: f1164 f1744 f1168
- f1168
    - flags: top simplicial
    - normal:   -0.9397 1.346e-06    0.342
    - offset: -0.04816156
    - vertices: p8585(v227) p4456(v139) p9913(v79)
    - neighboring facets: f705 f1745 f1167
- f1170
    - flags: top simplicial
    - normal:   -0.8806  -0.3563   0.3124
    - offset: -0.04825256
    - center: -0.03475766666666667 -0.01034588666666666 0.04468113333333334 
    - vertices: p2521(v228) p5926(v189) p755(v62)
    - neighboring facets: f3199 f3100 f2702
- f1171
    - flags: top simplicial
    - normal:   -0.9638 -0.03188   0.2645
    - offset: -0.04581038
    - vertices: p2521(v228) p9913(v79) p8012(v10)
    - neighboring facets: f705 f1174 f1172
- f1172
    - flags: top simplicial
    - normal:   -0.9639 -0.03191   0.2644
    - offset: -0.0458069
    - center: -0.03507546666666666 -0.00858195 0.04433933333333333 
    - vertices: p2521(v228) p9076(v140) p9913(v79)
    - neighboring facets: f1742 f1171 f3101
- f1174
    - flags: bottom simplicial
    - normal:    -0.938 -0.03025   0.3452
    - offset: -0.04852644
    - vertices: p2521(v228) p5850(v215) p8012(v10)
    - neighboring facets: f1661 f1171 f1175
- f1175
    - flags: top simplicial
    - normal:   -0.9375 -0.03707    0.346
    - offset: -0.04861003
    - vertices: p2521(v228) p5850(v215) p7161(v116)
    - neighboring facets: f2232 f3181 f1174
- f1181
    - flags: top simplicial
    - normal:    0.9762 -2.03e-05   0.2168
    - offset: -0.03129511
    - vertices: p6329(v230) p3342(v142) p2837(v80)
    - neighboring facets: f820 f1756 f1189
- f1188
    - flags: bottom simplicial
    - normal:    0.9617 -0.001078    0.274
    - offset: -0.03140688
    - vertices: p6427(v231) p3342(v142) p7301(v44)
    - neighboring facets: f719 f1191 f1189
- f1189
    - flags: bottom simplicial
    - normal:    0.9688 -0.001712    0.248
    - offset: -0.03135856
    - vertices: p6427(v231) p6329(v230) p3342(v142)
    - neighboring facets: f1181 f1188 f1752
- f1190
    - flags: bottom simplicial
    - normal:    0.9284 -0.004617   0.3716
    - offset: -0.03141862
    - vertices: p6427(v231) p6345(v134) p5000(v124)
    - neighboring facets: f1507 f1751 f1192
- f1191
    - flags: bottom simplicial
    - normal:    0.9297 -4.171e-05   0.3684
    - offset: -0.03139569
    - vertices: p6427(v231) p7301(v44) p3009(v22)
    - neighboring facets: f719 f1192 f1188
- f1192
    - flags: top simplicial
    - normal:    0.9285 -2.269e-05   0.3713
    - offset: -0.03139042
    - vertices: p6427(v231) p6345(v134) p3009(v22)
    - neighboring facets: f1290 f1191 f1190
- f1195
    - flags: bottom simplicial
    - normal:    0.9654  -0.0472  -0.2566
    - offset: -0.02734033
    - vertices: p6653(v232) p1573(v201) p4006(v121)
    - neighboring facets: f3672 f1758 f1574
- f1199
    - flags: bottom simplicial
    - normal:   -0.0939   0.9847   0.1469
    - offset: -0.02877126
    - center: -0.007287326666666666 0.02493393333333333 0.02405843333333333 
    - vertices: p7531(v233) p4771(v81) p5459(v25)
    - neighboring facets: f387 f1760 f1201
- f1201
    - flags: top simplicial
    - normal:  -0.07869   0.9766   0.2004
    - offset: -0.03000183
    - vertices: p7531(v233) p4771(v81) p9668(v11)
    - neighboring facets: f392 f1203 f1199
- f1203
    - flags: bottom simplicial
    - normal:   -0.3314   0.9414  0.06334
    - offset: -0.02829372
    - vertices: p7531(v233) p5793(v206) p9668(v11)
    - neighboring facets: f1059 f1201 f1205
- f1205
    - flags: top simplicial
    - normal:     -0.34   0.9389  0.05345
    - offset: -0.02804754
    - vertices: p7531(v233) p5793(v206) p5393(v126)
    - neighboring facets: f1059 f2317 f1203
- f1208
    - flags: top simplicial
    - normal:   0.01206   0.9712   0.2378
    - offset: -0.02994103
    - vertices: p7939(v234) p6370(v145) p9655(v83)
    - neighboring facets: f737 f1678 f1776
- f1216
    - flags: bottom simplicial
    - normal:    -0.537   0.8436 -0.0002283
    - offset: -0.03114972
    - vertices: p4795(v236) p6824(v148) p6874(v147)
    - neighboring facets: f753 f1218 f3324
- f1217
    - flags: bottom simplicial
    - normal:   -0.4639   0.8859 -0.0009513
    - offset: -0.02934521
    - vertices: p4795(v236) p278(v235) p4610(v87)
    - neighboring facets: f2775 f3322 f2324
- f1218
    - flags: bottom simplicial
    - normal:   -0.5128   0.8585 -3.271e-05
    - offset: -0.03057616
    - vertices: p4795(v236) p6874(v147) p89(v6)
    - neighboring facets: f753 f1599 f1216
- f1220
    - flags: top simplicial
    - normal:   -0.3317    0.941  -0.0674
    - offset: -0.02576223
    - vertices: p2719(v237) p5206(v144) p5499(v50)
    - neighboring facets: f1764 f1221 f1223
- f1221
    - flags: bottom simplicial
    - normal:   -0.3448   0.9187  -0.1926
    - offset: -0.02436756
    - vertices: p2719(v237) p473(v149) p5499(v50)
    - neighboring facets: f756 f1220 f1225
- f1222
    - flags: bottom simplicial
    - normal:   -0.2646   0.9535  -0.1444
    - offset: -0.02459235
    - vertices: p2719(v237) p9798(v150) p8551(v89)
    - neighboring facets: f761 f1224 f1223
- f1223
    - flags: top simplicial
    - normal:   -0.2551   0.9665 -0.02755
    - offset: -0.02574436
    - center: -0.007094806666666666 0.02498433333333333 0.007748056666666666 
    - vertices: p2719(v237) p9798(v150) p5206(v144)
    - neighboring facets: f1763 f1220 f1222
- f1224
    - flags: bottom simplicial
    - normal:   -0.2805   0.8603  -0.4257
    - offset: -0.02027317
    - vertices: p2719(v237) p8551(v89) p9424(v88)
    - neighboring facets: f766 f1225 f1222
- f1225
    - flags: top simplicial
    - normal:   -0.3111   0.8586  -0.4075
    - offset: -0.02076095
    - vertices: p2719(v237) p473(v149) p9424(v88)
    - neighboring facets: f754 f1224 f1221
- f1228
    - flags: bottom simplicial
    - normal:   -0.3758 -0.01235  -0.9266
    - offset: -0.006882892
    - vertices: p1247(v238) p4656(v152) p9609(v90)
    - neighboring facets: f1232 f1778 f1827
- f1229
    - flags: top simplicial
    - normal:   -0.2118 -0.04617  -0.9762
    - offset: -0.001460623
    - vertices: p7559(v239) p4272(v146) p7020(v49)
    - neighboring facets: f742 f1230 f1231
- f1230
    - flags: bottom simplicial
    - normal:   -0.2164  -0.0333  -0.9757
    - offset: -0.001487661
    - vertices: p7559(v239) p4656(v152) p7020(v49)
    - neighboring facets: f798 f1229 f1232
- f1231
    - flags: bottom simplicial
    - normal:   -0.2391 -0.05209  -0.9696
    - offset: -0.002434659
    - vertices: p7559(v239) p4272(v146) p9609(v90)
    - neighboring facets: f743 f1232 f1229
- f1232
    - flags: top simplicial
    - normal:   -0.2463  -0.0463  -0.9681
    - offset: -0.002623556
    - vertices: p7559(v239) p4656(v152) p9609(v90)
    - neighboring facets: f1228 f1231 f1230
- f1237
    - flags: top simplicial tested
    - normal:   -0.9994 -0.01769 -0.02951
    - offset: -0.0350906
    - center: -0.03516613333333334 -0.01202173333333333 0.009058826666666667 
    - vertices: p4531(v240) p1641(v111) p1016(v20)
    - neighboring facets: f923 f1799 f1238
- f1238
    - flags: bottom simplicial tested
    - normal:   -0.9999 -0.01083 -0.01201
    - offset: -0.03518989
    - center: -0.03518736666666667 -0.01092673666666667 0.009259376666666666 
    - vertices: p4531(v240) p1641(v111) p9288(v40)
    - neighboring facets: f921 f2900 f1237
- f1245
    - flags: bottom simplicial
    - normal:   -0.6154  0.02317  -0.7879
    - offset: -0.0159656
    - vertices: p3720(v242) p632(v154) p905(v51)
    - neighboring facets: f1830 f2332 f1792
- f1257
    - flags: top simplicial
    - normal:   -0.5129   0.3543  -0.7819
    - offset: -0.01676837
    - vertices: p8378(v244) p632(v154) p9374(v92)
    - neighboring facets: f1842 f1810 f1805
- f1268
    - flags: top simplicial tested
    - normal:  -0.01638 0.001512  -0.9999
    - offset: -7.164035e-05
    - center: -0.001894212333333334 0.003764326666666666 -3.492573666666667e-05 
    - vertices: p2815(v246) p5195(v94) p9304(v27)
    - neighboring facets: f795 f2997 f2944
    - ridges:
- f1271
    - flags: top simplicial
    - normal:   -0.1772  0.06521   -0.982
    - offset: -0.001255515
    - vertices: p9741(v247) p5195(v94) p2153(v93)
    - neighboring facets: f452 f1836 f1272
- f1272
    - flags: top simplicial
    - normal:   -0.1213 0.001983  -0.9926
    - offset: -0.0004054021
    - vertices: p9741(v247) p305(v157) p5195(v94)
    - neighboring facets: f795 f1271 f1278
- f1278
    - flags: bottom simplicial
    - normal:   -0.2253 0.003682  -0.9743
    - offset: -0.001577929
    - vertices: p9572(v248) p9741(v247) p305(v157)
    - neighboring facets: f1272 f2379 f1837
- f1287
    - flags: top simplicial
    - normal:    0.9573   0.2045  -0.2045
    - offset: -0.02984086
    - vertices: p3313(v250) p455(v160) p2991(v97)
    - neighboring facets: f2132 f1289 f1847
- f1288
    - flags: bottom simplicial
    - normal:    0.9198  0.09731   0.3802
    - offset: -0.03243904
    - vertices: p3313(v250) p1711(v159) p6345(v134)
    - neighboring facets: f808 f1290 f1844
- f1289
    - flags: top simplicial
    - normal:    0.9551  0.04571   0.2928
    - offset: -0.03191402
    - vertices: p3313(v250) p2991(v97) p3009(v22)
    - neighboring facets: f821 f1290 f1287
- f1290
    - flags: bottom simplicial
    - normal:    0.9241  0.06399   0.3768
    - offset: -0.03203204
    - vertices: p3313(v250) p6345(v134) p3009(v22)
    - neighboring facets: f1192 f1289 f1288
- f1291
    - flags: bottom simplicial
    - normal:    0.3762  0.06264  -0.9244
    - offset: -0.005725243
    - vertices: p2566(v251) p9274(v101) p5811(v57)
    - neighboring facets: f846 f1292 f3549
- f1292
    - flags: top simplicial
    - normal:    0.6589   0.1257  -0.7416
    - offset: -0.01580866
    - vertices: p2566(v251) p455(v160) p5811(v57)
    - neighboring facets: f812 f1291 f2754
- f1297
    - flags: bottom simplicial
    - normal:    0.7389   0.5271  -0.4197
    - offset: -0.02758408
    - vertices: p5737(v252) p9002(v162) p7879(v31)
    - neighboring facets: f824 f1299 f1307
- f1299
    - flags: top simplicial
    - normal:    0.6578   0.5007  -0.5627
    - offset: -0.02369789
    - vertices: p5737(v252) p9307(v165) p7879(v31)
    - neighboring facets: f843 f1297 f1300
- f1300
    - flags: bottom simplicial
    - normal:    0.6375   0.5283  -0.5608
    - offset: -0.02371499
    - vertices: p5737(v252) p9307(v165) p1786(v98)
    - neighboring facets: f1325 f1306 f1299
- f1301
    - flags: top simplicial
    - normal:    0.8096   0.5838  0.06077
    - offset: -0.0346839
    - vertices: p9946(v253) p3879(v96) p3091(v7)
    - neighboring facets: f467 f1851 f1302
- f1302
    - flags: top simplicial
    - normal:    0.8299   0.5473  -0.1086
    - offset: -0.03302189
    - vertices: p9946(v253) p9002(v162) p3879(v96)
    - neighboring facets: f825 f1301 f1307
- f1306
    - flags: bottom simplicial
    - normal:    0.6805   0.6986  -0.2212
    - offset: -0.03101796
    - vertices: p9946(v253) p5737(v252) p1786(v98)
    - neighboring facets: f1300 f1320 f1307
- f1307
    - flags: top simplicial
    - normal:     0.702   0.6774    -0.22
    - offset: -0.03118611
    - vertices: p9946(v253) p5737(v252) p9002(v162)
    - neighboring facets: f1297 f1302 f1306
- f1308
    - flags: top simplicial
    - normal:    0.5827   0.7754   0.2434
    - offset: -0.03423674
    - vertices: p3173(v254) p690(v56) p3546(v24)
    - neighboring facets: f665 f1309 f1852
- f1309
    - flags: bottom simplicial
    - normal:    0.5235   0.8516  0.02794
    - offset: -0.03239827
    - vertices: p3173(v254) p7392(v163) p3546(v24)
    - neighboring facets: f1312 f1308 f1854
- f1312
    - flags: top simplicial
    - normal:     0.475   0.8799 -0.00995
    - offset: -0.03145761
    - vertices: p8578(v255) p7392(v163) p3546(v24)
    - neighboring facets: f1309 f1314 f1313
- f1313
    - flags: bottom simplicial
    - normal:     0.461   0.8568  -0.2309
    - offset: -0.02869669
    - vertices: p8578(v255) p7392(v163) p1351(v158)
    - neighboring facets: f1855 f1317 f1312
- f1314
    - flags: bottom simplicial
    - normal:    0.4156   0.9063   0.0769
    - offset: -0.03139197
    - vertices: p8578(v255) p3747(v46) p3546(v24)
    - neighboring facets: f663 f1312 f1315
- f1315
    - flags: top simplicial
    - normal:    0.3697   0.9267  0.06785
    - offset: -0.03068807
    - vertices: p8578(v255) p3747(v46) p1278(v14)
    - neighboring facets: f660 f1316 f1314
- f1316
    - flags: bottom simplicial
    - normal:     0.353   0.9356 -0.004064
    - offset: -0.0298776
    - vertices: p8578(v255) p454(v95) p1278(v14)
    - neighboring facets: f461 f1315 f1317
- f1317
    - flags: bottom simplicial
    - normal:    0.3831   0.9031  -0.1941
    - offset: -0.02821882
    - vertices: p8578(v255) p1351(v158) p454(v95)
    - neighboring facets: f1857 f1316 f1313
- f1320
    - flags: bottom simplicial
    - normal:    0.6587   0.7265  -0.1957
    - offset: -0.03120973
    - vertices: p5665(v256) p9946(v253) p1786(v98)
    - neighboring facets: f1306 f1861 f1321
- f1321
    - flags: top simplicial
    - normal:    0.6544   0.7363  -0.1723
    - offset: -0.03149284
    - vertices: p5665(v256) p9946(v253) p7392(v163)
    - neighboring facets: f1853 f1856 f1320
- f1324
    - flags: bottom simplicial
    - normal:      0.46   0.5427  -0.7027
    - offset: -0.01830015
    - vertices: p8019(v257) p9307(v165) p2206(v52)
    - neighboring facets: f840 f1859 f1325
- f1325
    - flags: top simplicial
    - normal:    0.5898   0.5569  -0.5848
    - offset: -0.02284663
    - vertices: p8019(v257) p9307(v165) p1786(v98)
    - neighboring facets: f1300 f1862 f1324
- f1351
    - flags: bottom simplicial
    - normal:   -0.9017  -0.4322 -0.01564
    - offset: -0.03733762
    - vertices: p3368(v263) p1464(v171) p813(v170)
    - neighboring facets: f2449 f1895 f1890
- f1353
    - flags: top simplicial
    - normal:   -0.9538  -0.2591   -0.152
    - offset: -0.0355793
    - vertices: p3368(v263) p2950(v262) p1016(v20)
    - neighboring facets: f1800 f2431 f1891
- f1368
    - flags: bottom simplicial
    - normal:   -0.1617  -0.3917  -0.9058
    - offset: -0.005070979
    - vertices: p5733(v266) p6820(v60) p5512(v5)
    - neighboring facets: f1392 f1369 f3054
- f1369
    - flags: top simplicial
    - normal:   -0.1755  -0.2888  -0.9412
    - offset: -0.003857728
    - center: -0.01195349333333333 -0.0126427 0.002009830666666667 
    - vertices: p5733(v266) p7914(v172) p5512(v5)
    - neighboring facets: f877 f1368 f2487
- f1389
    - flags: bottom simplicial
    - normal:   -0.3647  -0.9124  -0.1859
    - offset: -0.02474513
    - vertices: p4270(v270) p3304(v107) p6336(v59)
    - neighboring facets: f525 f1449 f1391
- f1391
    - flags: bottom simplicial
    - normal:   -0.3558  -0.8624  -0.3601
    - offset: -0.02210042
    - vertices: p4270(v270) p6433(v174) p3304(v107)
    - neighboring facets: f897 f1389 f1450
- f1392
    - flags: top simplicial
    - normal:    -0.208  -0.4931  -0.8448
    - offset: -0.00833333
    - vertices: p9728(v271) p6820(v60) p5512(v5)
    - neighboring facets: f1368 f1393 f1394
- f1393
    - flags: bottom simplicial
    - normal:   -0.2672  -0.4789  -0.8362
    - offset: -0.01007436
    - vertices: p9728(v271) p6433(v174) p5512(v5)
    - neighboring facets: f901 f1392 f1394
- f1394
    - flags: top simplicial
    - normal:   -0.2233  -0.5342  -0.8153
    - offset: -0.009642294
    - vertices: p9728(v271) p6433(v174) p6820(v60)
    - neighboring facets: f897 f1392 f1393
- f1420
    - flags: top simplicial tested
    - normal:   -0.9907  -0.1363 -3.46e-05
    - offset: -0.03660219
    - center: -0.03516073333333334 -0.0129856 0.01886539666666667 
    - vertices: p3459(v276) p8613(v179) p1641(v111)
    - neighboring facets: f923 f1971 f2424
- f1432
    - flags: bottom simplicial tested
    - normal:   -0.9993 -0.03668 -0.001497
    - offset: -0.03560717
    - center: -0.0351885 -0.0126201 0.01367593 
    - vertices: p8372(v279) p5068(v178) p1641(v111)
    - neighboring facets: f921 f1973 f1988
- f1437
    - flags: bottom simplicial
    - normal:   -0.3875  -0.9219 -0.0007906
    - offset: -0.02736927
    - vertices: p8625(v280) p821(v182) p6336(v59)
    - neighboring facets: f1448 f1445 f1438
- f1438
    - flags: top simplicial
    - normal:   -0.3895   -0.921 -0.0007104
    - offset: -0.02742584
    - vertices: p8625(v280) p821(v182) p5443(v112)
    - neighboring facets: f1459 f1447 f1437
- f1445
    - flags: bottom simplicial
    - normal:   -0.3748  -0.9271 -0.0005167
    - offset: -0.02703545
    - vertices: p826(v282) p8625(v280) p6336(v59)
    - neighboring facets: f1437 f1999 f1447
- f1446
    - flags: bottom simplicial
    - normal:   -0.3747  -0.9271 -0.0003071
    - offset: -0.0270383
    - vertices: p826(v282) p1778(v181) p5443(v112)
    - neighboring facets: f2558 f1447 f1997
- f1447
    - flags: top simplicial
    - normal:   -0.3748  -0.9271 -0.000458
    - offset: -0.02703627
    - vertices: p826(v282) p8625(v280) p5443(v112)
    - neighboring facets: f1438 f1446 f1445
- f1448
    - flags: top simplicial
    - normal:   -0.4731    -0.88 -0.04339
    - offset: -0.02913598
    - vertices: p72(v283) p821(v182) p6336(v59)
    - neighboring facets: f1437 f1449 f3095
- f1449
    - flags: bottom simplicial
    - normal:   -0.4191  -0.8677  -0.2674
    - offset: -0.02507613
    - vertices: p72(v283) p4270(v270) p6336(v59)
    - neighboring facets: f1389 f1448 f1450
- f1450
    - flags: top simplicial
    - normal:   -0.4171  -0.8355  -0.3576
    - offset: -0.02369267
    - vertices: p72(v283) p4270(v270) p6433(v174)
    - neighboring facets: f1391 f1452 f1449
- f1451
    - flags: top simplicial
    - normal:   -0.7245  -0.6833 -0.09101
    - offset: -0.03420449
    - vertices: p72(v283) p1464(v171) p1022(v105)
    - neighboring facets: f1901 f1453 f1452
- f1452
    - flags: top simplicial
    - normal:    -0.556  -0.6981  -0.4512
    - offset: -0.02543623
    - vertices: p72(v283) p6433(v174) p1464(v171)
    - neighboring facets: f896 f1451 f1450
- f1453
    - flags: bottom simplicial
    - normal:   -0.6583  -0.7528 -0.000196
    - offset: -0.03385617
    - vertices: p72(v283) p747(v277) p1022(v105)
    - neighboring facets: f3196 f1451 f1454
- f1454
    - flags: top simplicial
    - normal:   -0.6489  -0.7609 -4.996e-05
    - offset: -0.03366357
    - vertices: p72(v283) p747(v277) p4777(v177)
    - neighboring facets: f2563 f3090 f1453
- f1458
    - flags: top simplicial
    - normal:   -0.4577  -0.8891 -7.241e-06
    - offset: -0.02920997
    - vertices: p3134(v284) p821(v182) p6685(v17)
    - neighboring facets: f3461 f2555 f1459
- f1459
    - flags: bottom simplicial
    - normal:   -0.4209  -0.9071 2.775e-05
    - offset: -0.02826278
    - vertices: p3134(v284) p821(v182) p5443(v112)
    - neighboring facets: f1438 f2556 f1458
- f1462
    - flags: bottom simplicial
    - normal:   -0.1766  -0.9838  0.02961
    - offset: -0.02659798
    - vertices: p6349(v285) p1820(v115) p1195(v65)
    - neighboring facets: f964 f2584 f2590
- f1467
    - flags: top simplicial
    - normal:   -0.1568  -0.9504   0.2684
    - offset: -0.03333239
    - vertices: p2112(v286) p9765(v184) p3913(v114)
    - neighboring facets: f945 f2010 f2082
- f1492
    - flags: bottom simplicial
    - normal:   0.06751  -0.9972 -0.03284
    - offset: -0.02509932
    - center: 0.02025686666666667 -0.02409706666666667 0.009050486666666668 
    - vertices: p5374(v292) p2599(v192) p1582(v102)
    - neighboring facets: f2021 f1955 f2050
- f1495
    - flags: top simplicial
    - normal:    0.0427  -0.9439  -0.3274
    - offset: -0.02080443
    - vertices: p5374(v292) p1273(v272) p7313(v175)
    - neighboring facets: f3034 f1956 f2046
- f1502
    - flags: bottom simplicial
    - normal:    0.7051  -0.5955    0.385
    - offset: -0.03543649
    - vertices: p2527(v293) p8342(v119) p6540(v68)
    - neighboring facets: f994 f1503 f2658
- f1503
    - flags: top simplicial
    - normal:    0.7949   -0.463   0.3921
    - offset: -0.03523924
    - vertices: p2527(v293) p9878(v123) p6540(v68)
    - neighboring facets: f1028 f1502 f1505
- f1504
    - flags: bottom simplicial
    - normal:    0.8643  -0.1038   0.4922
    - offset: -0.04457292
    - vertices: p2527(v293) p6345(v134) p1085(v4)
    - neighboring facets: f3793 f2062 f1507
- f1505
    - flags: bottom simplicial
    - normal:    0.8963  -0.2127   0.3891
    - offset: -0.0337153
    - vertices: p2527(v293) p9878(v123) p5487(v69)
    - neighboring facets: f1571 f1506 f1503
- f1506
    - flags: top simplicial
    - normal:    0.8971  -0.2097    0.389
    - offset: -0.0336903
    - vertices: p2527(v293) p3471(v203) p5487(v69)
    - neighboring facets: f1044 f1505 f1508
- f1507
    - flags: top simplicial
    - normal:    0.9227 -0.06838   0.3794
    - offset: -0.03226379
    - vertices: p2527(v293) p6345(v134) p5000(v124)
    - neighboring facets: f1190 f1508 f1504
- f1508
    - flags: bottom simplicial
    - normal:    0.9117  -0.1426   0.3853
    - offset: -0.03308474
    - vertices: p2527(v293) p3471(v203) p5000(v124)
    - neighboring facets: f1044 f1507 f1506
- f1519
    - flags: top simplicial
    - normal:     0.548   -0.757   0.3558
    - offset: -0.03441527
    - vertices: p9877(v296) p3001(v196) p7084(v18)
    - neighboring facets: f1010 f3659 f2644
- f1532
    - flags: top simplicial
    - normal:   -0.8546  -0.2208     0.47
    - offset: -0.06035835
    - vertices: p5075(v298) p8923(v213) p1935(v66)
    - neighboring facets: f2064 f2681 f1533
- f1533
    - flags: top simplicial
    - normal:   -0.8967  -0.1823   0.4033
    - offset: -0.05399689
    - vertices: p5075(v298) p2039(v297) p8923(v213)
    - neighboring facets: f1651 f1532 f2690
- f1546
    - flags: top simplicial
    - normal:    0.9986    0.017  0.05087
    - offset: -0.03061806
    - vertices: p7703(v301) p6871(v161) p2991(v97)
    - neighboring facets: f821 f2133 f1549
- f1549
    - flags: bottom simplicial
    - normal:         1 0.0007957 0.002635
    - offset: -0.03002534
    - vertices: p7703(v301) p6871(v161) p1093(v2)
    - neighboring facets: f2732 f2116 f1546
- f1558
    - flags: top simplicial
    - normal:    0.9215  -0.3882   0.0131
    - offset: -0.03401032
    - vertices: p8521(v303) p9878(v123) p3302(v122)
    - neighboring facets: f1572 f3395 f1560
- f1560
    - flags: top simplicial
    - normal:    0.8331  -0.4909   0.2549
    - offset: -0.03555102
    - vertices: p8521(v303) p7196(v199) p9878(v123)
    - neighboring facets: f1028 f1558 f2412
- f1570
    - flags: top simplicial
    - normal:    0.9359  -0.2421  -0.2558
    - offset: -0.02952069
    - vertices: p6271(v306) p1573(v201) p3302(v122)
    - neighboring facets: f3392 f1572 f1574
- f1571
    - flags: top simplicial
    - normal:    0.9535  -0.2526   0.1642
    - offset:  -0.033966
    - vertices: p6271(v306) p9878(v123) p5487(v69)
    - neighboring facets: f1505 f1573 f1572
- f1572
    - flags: bottom simplicial
    - normal:    0.9509  -0.3096 -0.002383
    - offset: -0.03332179
    - vertices: p6271(v306) p9878(v123) p3302(v122)
    - neighboring facets: f1558 f1570 f1571
- f1573
    - flags: bottom simplicial
    - normal:    0.9922 -0.05017  -0.1144
    - offset: -0.02935261
    - vertices: p6271(v306) p6653(v232) p5487(v69)
    - neighboring facets: f1748 f1571 f1574
- f1574
    - flags: top simplicial
    - normal:    0.9809 -0.06175  -0.1847
    - offset: -0.02857542
    - vertices: p6271(v306) p6653(v232) p1573(v201)
    - neighboring facets: f1195 f1570 f1573
- f1576
    - flags: bottom simplicial tested
    - normal:    0.2463  -0.1413  -0.9588
    - offset: -0.003325129
    - center: 0.01575729666666667 -0.00982294 0.002028164833333333 
    - vertices: p4639(v307) p4959(v204) p6803(v70)
    - neighboring facets: f1579 f2158 f1577
- f1577
    - flags: top simplicial tested
    - normal:    0.2738  -0.1027  -0.9563
    - offset: -0.003403564
    - center: 0.0165135 -0.008005066666666668 0.002028164833333333 
    - vertices: p4639(v307) p4959(v204) p362(v125)
    - neighboring facets: f1586 f2159 f1576
- f1578
    - flags: bottom simplicial
    - normal:    0.2337  -0.1589  -0.9592
    - offset: -0.003316183
    - center: 0.01463080333333333 -0.01156817 0.002024278833333332 
    - vertices: p7371(v308) p415(v169) p6803(v70)
    - neighboring facets: f2476 f1579 f2160
- f1579
    - flags: top simplicial
    - normal:    0.2449  -0.1436  -0.9589
    - offset: -0.003325733
    - vertices: p7371(v308) p4959(v204) p6803(v70)
    - neighboring facets: f1576 f1578 f2144
- f1583
    - flags: bottom simplicial
    - normal:    0.3193  -0.0622  -0.9456
    - offset: -0.00401074
    - vertices: p5419(v309) p7583(v205) p2604(v37)
    - neighboring facets: f3546 f1585 f1584
- f1584
    - flags: top simplicial
    - normal:    0.3161 -0.05884  -0.9469
    - offset: -0.003864945
    - vertices: p5419(v309) p7583(v205) p362(v125)
    - neighboring facets: f1588 f1586 f1583
- f1585
    - flags: top simplicial
    - normal:     0.312 -0.06834  -0.9476
    - offset: -0.003884969
    - vertices: p5419(v309) p4959(v204) p2604(v37)
    - neighboring facets: f2147 f1583 f1586
- f1586
    - flags: bottom simplicial
    - normal:    0.3091 -0.06776  -0.9486
    - offset: -0.003790989
    - vertices: p5419(v309) p4959(v204) p362(v125)
    - neighboring facets: f1577 f1584 f1585
- f1587
    - flags: bottom simplicial
    - normal:    0.3581 1.195e-05  -0.9337
    - offset: -0.00430936
    - vertices: p1119(v310) p362(v125) p9274(v101)
    - neighboring facets: f621 f2770 f1588
- f1588
    - flags: bottom simplicial
    - normal:    0.3577 -0.0006535  -0.9338
    - offset: -0.004304868
    - vertices: p1119(v310) p7583(v205) p362(v125)
    - neighboring facets: f1584 f1587 f3547
- f1597
    - flags: top simplicial
    - normal:   -0.3788   0.9254  0.01563
    - offset: -0.02769022
    - vertices: p4716(v312) p5393(v126) p89(v6)
    - neighboring facets: f623 f1599 f1772
- f1599
    - flags: bottom simplicial
    - normal:   -0.4899   0.8718 5.182e-05
    - offset: -0.03001751
    - vertices: p4716(v312) p4795(v236) p89(v6)
    - neighboring facets: f1218 f1597 f2323
- f1622
    - flags: bottom simplicial
    - normal:   -0.9397 6.171e-05    0.342
    - offset: -0.04816327
    - vertices: p2048(v317) p4649(v211) p2006(v78)
    - neighboring facets: f1085 f2222 f3572
- f1627
    - flags: top simplicial tested
    - normal:   -0.9926 0.005402   0.1217
    - offset: -0.04030044
    - center: -0.0351866 0.008656593333333334 0.04379536666666667 
    - vertices: p7545(v318) p5800(v141) p4762(v21)
    - neighboring facets: f718 f1631 f1629
- f1628
    - flags: bottom simplicial tested
    - normal:   -0.9426   0.2959   0.1546
    - offset: -0.04288561
    - center: -0.03504686666666667 0.01122784333333333 0.04222043333333333 
    - vertices: p7545(v318) p8084(v212) p7872(v42)
    - neighboring facets: f2173 f1632 f1636
- f1629
    - flags: top simplicial tested
    - normal:   -0.9871 0.004443   0.1602
    - offset: -0.04178716
    - center: -0.03518943333333333 0.005914553333333334 0.04386856666666667 
    - vertices: p7545(v318) p964(v229) p5800(v141)
    - neighboring facets: f3810 f1627 f1747
    - ridges:
- f1631
    - flags: bottom simplicial tested
    - normal:   -0.9941  0.09737  0.04768
    - offset: -0.0380245
    - center: -0.03518243333333333 0.01067245666666667 0.0421587 
    - vertices: p7545(v318) p3529(v76) p4762(v21)
    - neighboring facets: f1158 f1627 f1632
- f1632
    - flags: top simplicial tested
    - normal:   -0.9928   0.1074   0.0522
    - offset: -0.03827819
    - center: -0.03516320000000001 0.01175751 0.04030683333333333 
    - vertices: p7545(v318) p3529(v76) p7872(v42)
    - neighboring facets: f2835 f1628 f1631
- f1633
    - flags: top simplicial
    - normal:   -0.9345  0.07103   0.3487
    - offset: -0.04894239
    - vertices: p5631(v319) p2220(v129) p5294(v43)
    - neighboring facets: f1086 f1635 f3286
- f1635
    - flags: bottom simplicial
    - normal:    -0.947   0.1078   0.3027
    - offset: -0.04766148
    - vertices: p5631(v319) p7545(v318) p5294(v43)
    - neighboring facets: f1746 f1633 f1636
- f1636
    - flags: top simplicial
    - normal:   -0.9442    0.133   0.3013
    - offset: -0.0477546
    - vertices: p5631(v319) p7545(v318) p8084(v212)
    - neighboring facets: f1628 f3287 f1635
- f1643
    - flags: top simplicial
    - normal:   -0.8169   0.4538   0.3561
    - offset: -0.04917494
    - vertices: p7592(v321) p7629(v320) p8084(v212)
    - neighboring facets: f3289 f1646 f2214
- f1644
    - flags: bottom simplicial
    - normal:   -0.7102   0.6361   0.3018
    - offset: -0.04513824
    - vertices: p7592(v321) p9617(v316) p6073(v138)
    - neighboring facets: f1717 f1645 f2212
- f1645
    - flags: top simplicial
    - normal:    -0.829   0.5035   0.2434
    - offset: -0.04513679
    - vertices: p7592(v321) p4529(v313) p6073(v138)
    - neighboring facets: f1713 f1644 f1646
- f1646
    - flags: bottom simplicial
    - normal:   -0.8597   0.4572   0.2276
    - offset: -0.04497265
    - vertices: p7592(v321) p4529(v313) p8084(v212)
    - neighboring facets: f2175 f1643 f1645
- f1651
    - flags: bottom simplicial
    - normal:   -0.9269 -0.07666   0.3675
    - offset: -0.05062018
    - vertices: p5194(v322) p2039(v297) p8923(v213)
    - neighboring facets: f1533 f2205 f2235
- f1661
    - flags: top simplicial
    - normal:   -0.9397 -9.282e-05    0.342
    - offset: -0.04816364
    - vertices: p799(v324) p5850(v215) p8012(v10)
    - neighboring facets: f1174 f2218 f2231
- f1668
    - flags: top simplicial
    - normal:  5.581e-05   0.9659   0.2589
    - offset: -0.03054563
    - vertices: p8101(v325) p6759(v216) p4897(v26)
    - neighboring facets: f1116 f2244 f1669
- f1669
    - flags: bottom simplicial
    - normal:  0.0003135   0.9658   0.2594
    - offset: -0.03055939
    - vertices: p8101(v325) p6759(v216) p407(v73)
    - neighboring facets: f1117 f2245 f1668
- f1670
    - flags: bottom simplicial
    - normal:   -0.1659   0.9471   0.2749
    - offset: -0.03410294
    - vertices: p8858(v326) p9665(v132) p147(v39)
    - neighboring facets: f656 f3259 f1671
- f1671
    - flags: bottom simplicial
    - normal:  -0.03312   0.9646   0.2617
    - offset: -0.03117776
    - vertices: p8858(v326) p8251(v217) p9665(v132)
    - neighboring facets: f1119 f1670 f2255
- f1674
    - flags: bottom simplicial
    - normal:    0.3796   0.8699    0.315
    - offset: -0.03219491
    - vertices: p8354(v327) p8396(v133) p1278(v14)
    - neighboring facets: f660 f1684 f2246
- f1678
    - flags: top simplicial
    - normal:   0.04187   0.9644   0.2611
    - offset: -0.03033677
    - vertices: p784(v328) p7939(v234) p9655(v83)
    - neighboring facets: f1208 f1683 f1682
- f1682
    - flags: bottom simplicial
    - normal:  0.004388   0.9657   0.2596
    - offset: -0.03053428
    - vertices: p784(v328) p7939(v234) p4897(v26)
    - neighboring facets: f2326 f2242 f1678
- f1683
    - flags: top simplicial
    - normal:    0.1559   0.9466   0.2821
    - offset: -0.03127186
    - vertices: p784(v328) p9655(v83) p1278(v14)
    - neighboring facets: f396 f1684 f1678
- f1684
    - flags: bottom simplicial
    - normal:    0.2634   0.9167   0.3004
    - offset: -0.03193717
    - vertices: p784(v328) p8354(v327) p1278(v14)
    - neighboring facets: f1674 f1683 f2247
- f1701
    - flags: bottom simplicial tested
    - normal:   -0.9996  0.02804 0.003096
    - offset: -0.0356366
    - center: -0.03519566666666667 0.0121751 0.03668616666666667 
    - vertices: p9487(v331) p2580(v137) p3529(v76)
    - neighboring facets: f1159 f3305 f2260
- f1707
    - flags: bottom simplicial tested
    - normal:   -0.9994  0.03411 -0.004223
    - offset: -0.03554573
    - center: -0.0351853 0.01259013333333333 0.01141194333333333 
    - vertices: p2941(v332) p7086(v330) p5418(v221)
    - neighboring facets: f2263 f3711 f2348
- f1712
    - flags: top simplicial
    - normal:   -0.8765   0.4485   0.1749
    - offset: -0.0433318
    - vertices: p460(v333) p4529(v313) p7872(v42)
    - neighboring facets: f2174 f1720 f1713
- f1713
    - flags: bottom simplicial
    - normal:   -0.8284   0.5212   0.2051
    - offset: -0.04381788
    - vertices: p460(v333) p4529(v313) p6073(v138)
    - neighboring facets: f1645 f1717 f1712
- f1714
    - flags: bottom simplicial
    - normal:   -0.6882   0.7114   0.1425
    - offset: -0.03934523
    - vertices: p460(v333) p3732(v71) p89(v6)
    - neighboring facets: f623 f1715 f1716
- f1715
    - flags: top simplicial
    - normal:   -0.6986   0.7065   0.1133
    - offset: -0.03855707
    - vertices: p460(v333) p8561(v77) p89(v6)
    - neighboring facets: f3317 f1714 f3356
- f1716
    - flags: bottom simplicial
    - normal:   -0.7194   0.6534   0.2355
    - offset: -0.0430407
    - vertices: p460(v333) p9617(v316) p3732(v71)
    - neighboring facets: f2194 f1714 f1717
- f1717
    - flags: top simplicial
    - normal:   -0.7269   0.6445    0.237
    - offset: -0.04323103
    - vertices: p460(v333) p9617(v316) p6073(v138)
    - neighboring facets: f1644 f1713 f1716
- f1720
    - flags: top simplicial
    - normal:   -0.9481   0.3174  0.01694
    - offset: -0.03810901
    - vertices: p2491(v334) p460(v333) p7872(v42)
    - neighboring facets: f1712 f2840 f2277
- f1732
    - flags: bottom simplicial tested
    - normal:        -1 0.001105 0.0006269
    - offset: -0.03523707
    - center: -0.03519983333333334 0.01151436666666667 0.03916113333333334 
    - vertices: p9019(v336) p7070(v224) p2580(v137)
    - neighboring facets: f1159 f3813 f2301
    - ridges:
- f1736
    - flags: bottom simplicial
    - normal:   -0.9397 1.675e-05    0.342
    - offset: -0.04816262
    - vertices: p8054(v338) p2006(v78) p5294(v43)
    - neighboring facets: f1085 f1737 f1738
- f1737
    - flags: top simplicial
    - normal:   -0.9397 1.606e-05    0.342
    - offset: -0.04816261
    - vertices: p8054(v338) p4196(v226) p5294(v43)
    - neighboring facets: f1164 f1736 f1738
- f1738
    - flags: bottom simplicial
    - normal:   -0.9397 1.573e-05    0.342
    - offset: -0.0481626
    - vertices: p8054(v338) p4196(v226) p2006(v78)
    - neighboring facets: f1165 f1736 f1737
- f1740
    - flags: top simplicial tested
    - normal:   -0.9931 0.0006011   0.1171
    - offset: -0.04010161
    - center: -0.0351919 -0.00348595 0.044018 
    - vertices: p9323(v339) p964(v229) p9913(v79)
    - neighboring facets: f1743 f1742 f3808
    - ridges:
- f1742
    - flags: bottom simplicial tested
    - normal:    -0.996 -0.002786  0.08897
    - offset: -0.03898552
    - center: -0.03519190000000001 -0.007013213333333334 0.0439892 
    - vertices: p9323(v339) p9076(v140) p9913(v79)
    - neighboring facets: f1172 f1740 f3805
    - ridges:
- f1743
    - flags: bottom simplicial
    - normal:   -0.9873 0.001846    0.159
    - offset: -0.04173922
    - vertices: p3805(v340) p964(v229) p9913(v79)
    - neighboring facets: f1740 f1745 f1747
- f1744
    - flags: bottom simplicial
    - normal:   -0.9398 1.546e-05   0.3416
    - offset: -0.04815053
    - vertices: p3805(v340) p8585(v227) p5294(v43)
    - neighboring facets: f1167 f1746 f1745
- f1745
    - flags: top simplicial
    - normal:   -0.9398 1.282e-05   0.3417
    - offset: -0.04815168
    - vertices: p3805(v340) p8585(v227) p9913(v79)
    - neighboring facets: f1168 f1743 f1744
- f1746
    - flags: top simplicial
    - normal:   -0.9744 0.005757   0.2249
    - offset: -0.04419295
    - vertices: p3805(v340) p7545(v318) p5294(v43)
    - neighboring facets: f1635 f1744 f1747
- f1747
    - flags: bottom simplicial
    - normal:   -0.9829 0.004533   0.1843
    - offset: -0.04269999
    - vertices: p3805(v340) p7545(v318) p964(v229)
    - neighboring facets: f1629 f1743 f1746
- f1748
    - flags: top simplicial
    - normal:    0.9996 -0.02167 -0.01647
    - offset: -0.03003541
    - vertices: p6657(v341) p6653(v232) p5487(v69)
    - neighboring facets: f1573 f1750 f2744
- f1750
    - flags: bottom simplicial
    - normal:    0.9732  -0.0129   0.2296
    - offset: -0.03139043
    - vertices: p6657(v341) p5000(v124) p5487(v69)
    - neighboring facets: f1044 f1748 f1751
- f1751
    - flags: bottom simplicial
    - normal:    0.9714 -0.01084   0.2373
    - offset: -0.03138653
    - vertices: p6657(v341) p6427(v231) p5000(v124)
    - neighboring facets: f1190 f1750 f1752
- f1752
    - flags: top simplicial
    - normal:    0.9765 -0.003036   0.2157
    - offset: -0.03127103
    - vertices: p6657(v341) p6427(v231) p6329(v230)
    - neighboring facets: f1189 f1756 f1751
- f1754
    - flags: bottom simplicial
    - normal:    0.9989 -1.141e-05  0.04687
    - offset: -0.03038697
    - vertices: p6657(v341) p6871(v161) p5696(v143)
    - neighboring facets: f819 f1755 f2308
- f1755
    - flags: bottom simplicial
    - normal:    0.9921 -0.0005148   0.1256
    - offset: -0.03090041
    - vertices: p6657(v341) p5696(v143) p2837(v80)
    - neighboring facets: f819 f1756 f1754
- f1756
    - flags: top simplicial
    - normal:    0.9823 -0.002133   0.1875
    - offset: -0.03118138
    - vertices: p6657(v341) p6329(v230) p2837(v80)
    - neighboring facets: f1181 f1755 f1752
- f1758
    - flags: bottom simplicial
    - normal:     0.954 -0.0009187  -0.2998
    - offset: -0.02607613
    - vertices: p7114(v342) p6653(v232) p4006(v121)
    - neighboring facets: f1195 f2127 f3217
- f1760
    - flags: bottom simplicial tested
    - normal:   -0.2241   0.9741  0.02983
    - offset: -0.0266605
    - center: -0.002299036666666666 0.02628903333333333 0.0180005 
    - vertices: p7427(v343) p7531(v233) p5459(v25)
    - neighboring facets: f1199 f1762 f2310
- f1762
    - flags: top simplicial tested
    - normal:   -0.2336   0.9722 -0.01238
    - offset: -0.0260797
    - center: 0.003224323333333333 0.0277272 0.01006296 
    - vertices: p7427(v343) p9798(v150) p5459(v25)
    - neighboring facets: f3795 f1760 f1763
    - ridges:
- f1763
    - flags: bottom simplicial tested
    - normal:   -0.2538   0.9671 -0.01612
    - offset: -0.02583979
    - center: -0.002074950000000001 0.0263234 0.008983286666666666 
    - vertices: p7427(v343) p9798(v150) p5206(v144)
    - neighboring facets: f1223 f2884 f1762
- f1764
    - flags: bottom simplicial
    - normal:   -0.3327   0.9429 -0.01365
    - offset: -0.02627988
    - vertices: p3193(v344) p5206(v144) p5499(v50)
    - neighboring facets: f1220 f1766 f2882
- f1766
    - flags: top simplicial
    - normal:   -0.3559   0.9345 -0.007335
    - offset: -0.02646866
    - vertices: p3193(v344) p4610(v87) p5499(v50)
    - neighboring facets: f756 f1764 f2894
- f1772
    - flags: bottom simplicial
    - normal:   -0.3763   0.9264  0.01422
    - offset: -0.02757195
    - vertices: p8352(v345) p4716(v312) p5393(v126)
    - neighboring facets: f1597 f2318 f2320
- f1774
    - flags: bottom simplicial
    - normal:  7.887e-05   0.9659   0.2588
    - offset: -0.03054375
    - vertices: p9546(v346) p6370(v145) p4897(v26)
    - neighboring facets: f738 f2327 f1776
- f1776
    - flags: bottom simplicial
    - normal:  0.005322   0.9678   0.2517
    - offset: -0.0303309
    - vertices: p9546(v346) p7939(v234) p6370(v145)
    - neighboring facets: f1208 f1774 f2328
- f1778
    - flags: bottom simplicial
    - normal:   -0.4307 -0.005894  -0.9025
    - offset: -0.008823348
    - vertices: p5105(v347) p1247(v238) p9609(v90)
    - neighboring facets: f1228 f1780 f2331
- f1780
    - flags: top simplicial
    - normal:   -0.5447 3.91e-06  -0.8386
    - offset: -0.01303178
    - vertices: p5105(v347) p3720(v242) p9609(v90)
    - neighboring facets: f2910 f1778 f2333
- f1786
    - flags: bottom simplicial
    - normal:   -0.9845 8.091e-05  -0.1753
    - offset: -0.03312757
    - center: -0.03513820000000001 0.001789316666666667 0.008366103333333333 
    - vertices: p3771(v349) p8407(v241) p309(v153)
    - neighboring facets: f2354 f2355 f2339
- f1792
    - flags: top simplicial
    - normal:   -0.6937 0.003279  -0.7203
    - offset: -0.01887987
    - vertices: p9018(v350) p3720(v242) p632(v154)
    - neighboring facets: f1245 f2935 f2351
- f1798
    - flags: top simplicial
    - normal:   -0.9841 -0.002218  -0.1777
    - offset: -0.03310433
    - center: -0.0351482 -0.008928166666666666 0.008461423333333334 
    - vertices: p7459(v351) p3771(v349) p4531(v240)
    - neighboring facets: f2906 f1799 f2356
- f1799
    - flags: top simplicial
    - normal:   -0.9874 -0.01601  -0.1575
    - offset: -0.0335367
    - vertices: p7459(v351) p4531(v240) p1016(v20)
    - neighboring facets: f1237 f1800 f1798
- f1800
    - flags: bottom simplicial
    - normal:    -0.935 -0.06883  -0.3478
    - offset: -0.03073646
    - vertices: p7459(v351) p2950(v262) p1016(v20)
    - neighboring facets: f1353 f1799 f2932
- f1805
    - flags: bottom simplicial
    - normal:   -0.9188  0.03867  -0.3928
    - offset: -0.02940235
    - center: -0.03463946666666667 0.01172984333333334 0.007329096666666665 
    - vertices: p5547(v352) p8378(v244) p632(v154)
    - neighboring facets: f1257 f3382 f2345
- f1810
    - flags: top simplicial
    - normal:   -0.5173   0.3641  -0.7745
    - offset: -0.01710831
    - vertices: p1568(v353) p8378(v244) p9374(v92)
    - neighboring facets: f1257 f1812 f2297
- f1811
    - flags: bottom simplicial
    - normal:   -0.3244   0.8288  -0.4559
    - offset: -0.01998643
    - vertices: p1568(v353) p6636(v28) p449(v15)
    - neighboring facets: f415 f1812 f2874
- f1812
    - flags: top simplicial
    - normal:   -0.3303   0.6763  -0.6584
    - offset: -0.01640983
    - vertices: p1568(v353) p9374(v92) p449(v15)
    - neighboring facets: f1841 f1811 f1810
- f1822
    - flags: bottom simplicial
    - normal:  0.004773   0.4254   -0.905
    - offset: -0.006433059
    - center: 0.001312233333333333 0.02551146666666667 0.004889503333333332 
    - vertices: p1725(v355) p8551(v89) p3041(v54)
    - neighboring facets: f423 f2369 f1824
- f1824
    - flags: top simplicial
    - normal:   -0.2128    0.762  -0.6116
    - offset: -0.01669639
    - vertices: p1725(v355) p8551(v89) p449(v15)
    - neighboring facets: f765 f2376 f1822
- f1826
    - flags: bottom simplicial
    - normal:   -0.3867 0.0001342  -0.9222
    - offset: -0.007197704
    - vertices: p3416(v356) p1247(v238) p905(v51)
    - neighboring facets: f2329 f1830 f1827
- f1827
    - flags: top simplicial
    - normal:   -0.3249 -0.0002757  -0.9457
    - offset: -0.004994682
    - vertices: p3416(v356) p1247(v238) p4656(v152)
    - neighboring facets: f1228 f2383 f1826
- f1830
    - flags: top simplicial
    - normal:   -0.5296   0.1482  -0.8352
    - offset: -0.01429597
    - vertices: p3416(v356) p632(v154) p905(v51)
    - neighboring facets: f1245 f1826 f1843
- f1832
    - flags: bottom simplicial
    - normal:   -0.2273 3.379e-06  -0.9738
    - offset: -0.001600079
    - vertices: p6825(v357) p305(v157) p4656(v152)
    - neighboring facets: f798 f2384 f2380
- f1836
    - flags: top simplicial
    - normal:   -0.2048  0.05444  -0.9773
    - offset: -0.001526466
    - vertices: p2543(v358) p9741(v247) p2153(v93)
    - neighboring facets: f1271 f1838 f1837
- f1837
    - flags: top simplicial
    - normal:   -0.2146  0.03149  -0.9762
    - offset: -0.001555862
    - vertices: p2543(v358) p9572(v248) p9741(v247)
    - neighboring facets: f1278 f1836 f1839
- f1838
    - flags: bottom simplicial
    - normal:   -0.2407   0.1938  -0.9511
    - offset: -0.004673262
    - vertices: p2543(v358) p3206(v155) p2153(v93)
    - neighboring facets: f784 f1836 f1840
- f1839
    - flags: top simplicial
    - normal:   -0.2728  0.04457   -0.961
    - offset: -0.00371675
    - vertices: p2543(v358) p3416(v356) p9572(v248)
    - neighboring facets: f2381 f1837 f1843
- f1840
    - flags: top simplicial
    - normal:   -0.2585   0.2627  -0.9296
    - offset: -0.006282773
    - vertices: p2543(v358) p3206(v155) p449(v15)
    - neighboring facets: f784 f1841 f1838
- f1841
    - flags: bottom simplicial
    - normal:   -0.2824   0.3399  -0.8971
    - offset: -0.008265581
    - vertices: p2543(v358) p9374(v92) p449(v15)
    - neighboring facets: f1812 f1840 f1842
- f1842
    - flags: bottom simplicial
    - normal:   -0.4784   0.3128  -0.8206
    - offset: -0.01476937
    - vertices: p2543(v358) p632(v154) p9374(v92)
    - neighboring facets: f1257 f1841 f1843
- f1843
    - flags: bottom simplicial
    - normal:   -0.4878   0.2277  -0.8428
    - offset: -0.01383181
    - vertices: p2543(v358) p3416(v356) p632(v154)
    - neighboring facets: f1830 f1842 f1839
- f1844
    - flags: top simplicial
    - normal:     0.962   0.2731 -0.006452
    - offset: -0.03282942
    - vertices: p4908(v359) p3313(v250) p1711(v159)
    - neighboring facets: f1288 f1845 f1847
- f1845
    - flags: top simplicial
    - normal:    0.9206   0.3532   0.1664
    - offset: -0.0346174
    - vertices: p4908(v359) p1711(v159) p7854(v13)
    - neighboring facets: f808 f1848 f1844
- f1846
    - flags: bottom simplicial
    - normal:    0.9267   0.2896  -0.2397
    - offset: -0.02999445
    - vertices: p4908(v359) p455(v160) p3501(v55)
    - neighboring facets: f810 f1849 f1847
- f1847
    - flags: bottom simplicial
    - normal:    0.9467   0.2604  -0.1896
    - offset:  -0.030507
    - vertices: p4908(v359) p3313(v250) p455(v160)
    - neighboring facets: f1287 f1846 f1844
- f1848
    - flags: bottom simplicial
    - normal:    0.8932   0.3987   0.2081
    - offset: -0.0350073
    - vertices: p4908(v359) p3879(v96) p7854(v13)
    - neighboring facets: f468 f1845 f1849
- f1849
    - flags: top simplicial
    - normal:    0.8956   0.4217   0.1415
    - offset: -0.03489046
    - vertices: p4908(v359) p3879(v96) p3501(v55)
    - neighboring facets: f825 f1846 f1848
- f1850
    - flags: bottom simplicial
    - normal:    0.7398   0.6488    0.178
    - offset: -0.03515629
    - vertices: p8068(v360) p690(v56) p3091(v7)
    - neighboring facets: f3294 f1851 f1852
- f1851
    - flags: top simplicial
    - normal:    0.7998   0.5957   0.0733
    - offset: -0.03476702
    - vertices: p8068(v360) p9946(v253) p3091(v7)
    - neighboring facets: f1301 f1850 f1853
- f1852
    - flags: bottom simplicial
    - normal:    0.6696    0.737  0.09154
    - offset: -0.03428104
    - vertices: p8068(v360) p3173(v254) p690(v56)
    - neighboring facets: f1308 f1850 f1854
- f1853
    - flags: bottom simplicial
    - normal:    0.6552   0.7383  -0.1601
    - offset: -0.03166399
    - vertices: p8068(v360) p9946(v253) p7392(v163)
    - neighboring facets: f1321 f1854 f1851
- f1854
    - flags: top simplicial
    - normal:    0.6541   0.7462   -0.124
    - offset: -0.03211832
    - vertices: p8068(v360) p3173(v254) p7392(v163)
    - neighboring facets: f1309 f1853 f1852
- f1855
    - flags: top simplicial
    - normal:    0.4646   0.8294  -0.3104
    - offset: -0.02750271
    - vertices: p6361(v361) p7392(v163) p1351(v158)
    - neighboring facets: f1313 f1857 f1856
- f1856
    - flags: top simplicial
    - normal:     0.467   0.8275  -0.3116
    - offset: -0.02751405
    - vertices: p6361(v361) p5665(v256) p7392(v163)
    - neighboring facets: f1321 f1855 f1863
- f1857
    - flags: top simplicial
    - normal:    0.3935   0.8192  -0.4172
    - offset: -0.02471843
    - vertices: p6361(v361) p1351(v158) p454(v95)
    - neighboring facets: f1317 f1858 f1855
- f1858
    - flags: top simplicial
    - normal:    0.3611   0.6864  -0.6312
    - offset: -0.0194141
    - vertices: p6361(v361) p454(v95) p2206(v52)
    - neighboring facets: f453 f1859 f1857
- f1859
    - flags: bottom simplicial
    - normal:    0.4518   0.6478  -0.6134
    - offset: -0.02096085
    - vertices: p6361(v361) p8019(v257) p2206(v52)
    - neighboring facets: f1324 f1858 f1864
- f1861
    - flags: bottom simplicial
    - normal:     0.609   0.7082  -0.3572
    - offset: -0.02825377
    - vertices: p9194(v362) p5665(v256) p1786(v98)
    - neighboring facets: f1320 f1862 f1863
- f1862
    - flags: top simplicial
    - normal:    0.5892   0.6167  -0.5221
    - offset: -0.02455132
    - vertices: p9194(v362) p8019(v257) p1786(v98)
    - neighboring facets: f1325 f1861 f1864
- f1863
    - flags: bottom simplicial
    - normal:    0.5091   0.7284  -0.4586
    - offset: -0.02530291
    - vertices: p9194(v362) p6361(v361) p5665(v256)
    - neighboring facets: f1856 f1861 f1864
- f1864
    - flags: top simplicial
    - normal:    0.5008   0.7067  -0.4997
    - offset: -0.02431569
    - vertices: p9194(v362) p6361(v361) p8019(v257)
    - neighboring facets: f1859 f1862 f1863
- f1874
    - flags: bottom simplicial
    - normal:    0.7338  -0.6606   0.1583
    - offset: -0.03526933
    - vertices: p2107(v365) p7196(v199) p7084(v18)
    - neighboring facets: f1026 f2403 f2960
- f1890
    - flags: top simplicial
    - normal:   -0.9014  -0.4221 -0.09613
    - offset: -0.03647803
    - vertices: p8210(v368) p3368(v263) p1464(v171)
    - neighboring facets: f1351 f1892 f1891
- f1891
    - flags: bottom simplicial
    - normal:   -0.9377  -0.3104  -0.1559
    - offset: -0.03568561
    - vertices: p8210(v368) p3368(v263) p2950(v262)
    - neighboring facets: f1353 f1893 f1890
- f1892
    - flags: top simplicial
    - normal:   -0.6249  -0.6362  -0.4525
    - offset: -0.02690616
    - vertices: p8210(v368) p1464(v171) p7944(v104)
    - neighboring facets: f896 f1893 f1890
- f1893
    - flags: bottom simplicial
    - normal:   -0.7791  -0.3753  -0.5022
    - offset: -0.02821351
    - vertices: p8210(v368) p2950(v262) p7944(v104)
    - neighboring facets: f2929 f1892 f1891
- f1894
    - flags: bottom simplicial
    - normal:   -0.9354  -0.3535 -0.0001605
    - offset: -0.03757922
    - vertices: p9107(v369) p813(v170) p1499(v33)
    - neighboring facets: f2972 f1896 f1895
- f1895
    - flags: bottom simplicial
    - normal:   -0.9367  -0.3502 -0.0002724
    - offset: -0.03757498
    - vertices: p9107(v369) p3368(v263) p813(v170)
    - neighboring facets: f1351 f1894 f2964
- f1896
    - flags: top simplicial
    - normal:   -0.9537  -0.3007 1.221e-05
    - offset: -0.03749777
    - vertices: p9107(v369) p5095(v176) p1499(v33)
    - neighboring facets: f2968 f1894 f2966
- f1901
    - flags: bottom simplicial
    - normal:   -0.7678  -0.6406 -0.008122
    - offset: -0.03580896
    - vertices: p9807(v370) p1464(v171) p1022(v105)
    - neighboring facets: f1451 f2434 f1902
- f1902
    - flags: bottom simplicial
    - normal:   -0.7847  -0.6199 -0.003291
    - offset: -0.03613334
    - vertices: p9807(v370) p2628(v264) p1464(v171)
    - neighboring facets: f1919 f1901 f2985
- f1919
    - flags: top simplicial
    - normal:    -0.796  -0.6053 -0.001763
    - offset: -0.03632594
    - vertices: p4449(v373) p2628(v264) p1464(v171)
    - neighboring facets: f1902 f2461 f2465
- f1950
    - flags: top simplicial
    - normal:    0.5517  -0.7567  -0.3507
    - offset: -0.0281039
    - vertices: p5017(v378) p3621(v260) p404(v103)
    - neighboring facets: f3400 f3066 f3488
- f1955
    - flags: bottom simplicial
    - normal:   0.03074  -0.9777  -0.2079
    - offset: -0.0223538
    - center: 0.01883586666666667 -0.02412456666666666 0.008712650000000001 
    - vertices: p5353(v379) p5374(v292) p1582(v102)
    - neighboring facets: f1492 f2534 f1956
- f1956
    - flags: top simplicial
    - normal:   0.02849  -0.9675  -0.2515
    - offset: -0.0216934
    - vertices: p5353(v379) p5374(v292) p7313(v175)
    - neighboring facets: f1495 f2530 f1955
- f1971
    - flags: top simplicial tested
    - normal:   -0.9937  -0.1117 6.065e-05
    - offset: -0.03639338
    - center: -0.03517266666666667 -0.01288723333333333 0.02652459666666666 
    - vertices: p3508(v381) p3459(v276) p1641(v111)
    - neighboring facets: f1420 f1973 f2571
- f1972
    - flags: top simplicial tested
    - normal:   -0.9969  -0.0792 -9.725e-05
    - offset: -0.03608328
    - center: -0.03519046666666666 -0.01269846666666667 0.02443856666666666 
    - vertices: p3508(v381) p8372(v279) p8301(v63)
    - neighboring facets: f2579 f2575 f1973
- f1973
    - flags: bottom simplicial tested
    - normal:   -0.9967 -0.08157 -0.0001135
    - offset: -0.03610628
    - center: -0.03518386666666667 -0.01277336666666667 0.02018103 
    - vertices: p3508(v381) p8372(v279) p1641(v111)
    - neighboring facets: f1432 f1971 f1972
- f1987
    - flags: bottom simplicial tested
    - normal:   -0.9999 -0.01729 -5.858e-05
    - offset: -0.03540674
    - center: -0.03519873333333334 -0.01239943333333333 0.0200828 
    - vertices: p7566(v385) p8948(v278) p5068(v178)
    - neighboring facets: f3812 f1988 f2577
    - ridges:
- f1988
    - flags: top simplicial tested
    - normal:   -0.9997 -0.02268 -0.0002573
    - offset: -0.0354665
    - center: -0.0351964 -0.0125029 0.01713423333333334 
    - vertices: p7566(v385) p8372(v279) p5068(v178)
    - neighboring facets: f1432 f1987 f2580
- f1991
    - flags: top simplicial
    - normal:   -0.3652  -0.9309 -0.0002254
    - offset: -0.02699979
    - vertices: p3874(v386) p826(v282) p1195(v65)
    - neighboring facets: f1996 f2585 f1992
- f1992
    - flags: bottom simplicial
    - normal:   -0.3418  -0.9398 -0.001532
    - offset: -0.0268718
    - vertices: p3874(v386) p826(v282) p6044(v113)
    - neighboring facets: f2000 f1994 f1991
- f1994
    - flags: top simplicial
    - normal:   -0.2982  -0.9545 -0.0001449
    - offset: -0.02666487
    - vertices: p3874(v386) p6349(v285) p6044(v113)
    - neighboring facets: f2002 f1992 f2586
- f1995
    - flags: top simplicial
    - normal:   -0.3702   -0.929 -0.0001925
    - offset: -0.02702157
    - vertices: p4418(v387) p1778(v181) p1195(v65)
    - neighboring facets: f2557 f1996 f1997
- f1996
    - flags: bottom simplicial
    - normal:   -0.3695  -0.9292 -0.0002173
    - offset: -0.02701819
    - vertices: p4418(v387) p826(v282) p1195(v65)
    - neighboring facets: f1991 f1995 f1997
- f1997
    - flags: top simplicial
    - normal:   -0.3703  -0.9289 -0.0002219
    - offset: -0.02702127
    - vertices: p4418(v387) p826(v282) p1778(v181)
    - neighboring facets: f1446 f1995 f1996
- f1998
    - flags: top simplicial
    - normal:   -0.3726  -0.9279 -0.01387
    - offset: -0.02685294
    - vertices: p5877(v388) p6044(v113) p6336(v59)
    - neighboring facets: f940 f1999 f2000
- f1999
    - flags: bottom simplicial
    - normal:   -0.3743  -0.9273 -0.002688
    - offset: -0.02700213
    - vertices: p5877(v388) p826(v282) p6336(v59)
    - neighboring facets: f1445 f1998 f2000
- f2000
    - flags: top simplicial
    - normal:   -0.3647  -0.9311 -0.005447
    - offset: -0.02692222
    - vertices: p5877(v388) p826(v282) p6044(v113)
    - neighboring facets: f1992 f1998 f1999
- f2001
    - flags: top simplicial
    - normal:   -0.2708  -0.9626 -0.000958
    - offset: -0.02648876
    - vertices: p35(v389) p2232(v183) p6044(v113)
    - neighboring facets: f940 f2002 f3111
- f2002
    - flags: bottom simplicial
    - normal:     -0.29   -0.957 -0.0002564
    - offset: -0.02661599
    - vertices: p35(v389) p6349(v285) p6044(v113)
    - neighboring facets: f1994 f2001 f2589
- f2009
    - flags: bottom simplicial
    - normal:   -0.2323  -0.9312   0.2808
    - offset: -0.03542052
    - vertices: p3315(v391) p2112(v286) p7848(v35)
    - neighboring facets: f2081 f2011 f2010
- f2010
    - flags: top simplicial
    - normal:   -0.2079  -0.9409   0.2672
    - offset: -0.03384939
    - vertices: p3315(v391) p2112(v286) p3913(v114)
    - neighboring facets: f1467 f2601 f2009
- f2011
    - flags: top simplicial
    - normal:   -0.3451  -0.9007   0.2638
    - offset: -0.03534824
    - vertices: p3315(v391) p1900(v380) p7848(v35)
    - neighboring facets: f2550 f2009 f2602
- f2021
    - flags: top simplicial tested
    - normal:   0.04361  -0.9984  0.03521
    - offset: -0.02530408
    - center: 0.01377740333333333 -0.02418346666666667 0.01584255 
    - vertices: p7945(v393) p2599(v192) p1582(v102)
    - neighboring facets: f1492 f2541 f2022
- f2022
    - flags: top simplicial tested
    - normal:    0.0569  -0.9972  0.04751
    - offset: -0.02566327
    - center: 0.008612373333333333 -0.02417373333333333 0.02243702666666667 
    - vertices: p7945(v393) p9740(v289) p2599(v192)
    - neighboring facets: f2049 f2021 f2615
- f2023
    - flags: top simplicial
    - normal:   -0.1454  -0.9828   0.1136
    - offset: -0.02870049
    - vertices: p4595(v394) p9417(v188) p1195(v65)
    - neighboring facets: f964 f2553 f2024
- f2024
    - flags: top simplicial
    - normal:   -0.1201  -0.9814   0.1498
    - offset: -0.02945699
    - vertices: p4595(v394) p3686(v290) p9417(v188)
    - neighboring facets: f2639 f2023 f2025
- f2025
    - flags: bottom simplicial
    - normal:   -0.1844  -0.9673   0.1743
    - offset: -0.03080839
    - vertices: p4595(v394) p3686(v290) p3913(v114)
    - neighboring facets: f2641 f2603 f2024
- f2031
    - flags: top simplicial
    - normal:    0.1403  -0.9483   0.2846
    - offset: -0.03165264
    - vertices: p6240(v395) p3001(v196) p5852(v118)
    - neighboring facets: f2655 f2625 f2070
- f2045
    - flags: bottom simplicial
    - normal:    0.1248  -0.9351  -0.3318
    - offset: -0.02236043
    - vertices: p577(v398) p1273(v272) p9434(v58)
    - neighboring facets: f2529 f2047 f2046
- f2046
    - flags: bottom simplicial
    - normal:    0.1198  -0.9364  -0.3299
    - offset: -0.02229611
    - vertices: p577(v398) p5374(v292) p1273(v272)
    - neighboring facets: f1495 f2045 f3140
- f2047
    - flags: top simplicial
    - normal:    0.3373  -0.9244  -0.1782
    - offset: -0.02808982
    - vertices: p577(v398) p7107(v168) p9434(v58)
    - neighboring facets: f2528 f2045 f3139
- f2049
    - flags: bottom simplicial
    - normal:    0.1618  -0.9767   0.1412
    - offset: -0.02819388
    - vertices: p8465(v399) p9740(v289) p2599(v192)
    - neighboring facets: f2022 f2050 f2051
- f2050
    - flags: top simplicial
    - normal:    0.1631  -0.9813   0.1019
    - offset: -0.02795208
    - vertices: p8465(v399) p5374(v292) p2599(v192)
    - neighboring facets: f1492 f2049 f3141
- f2051
    - flags: top simplicial
    - normal:    0.2785  -0.9235   0.2637
    - offset: -0.03080305
    - center: 0.009597566666666666 -0.02386573333333333 0.02309313666666667 
    - vertices: p8465(v399) p9740(v289) p5852(v118)
    - neighboring facets: f2629 f2656 f2049
- f2061
    - flags: top simplicial
    - normal:    0.0413  -0.1016    0.994
    - offset:  -0.104178
    - vertices: p8853(v400) p2144(v193) p1085(v4)
    - neighboring facets: f3784 f2062 f2066
- f2062
    - flags: bottom simplicial
    - normal:    0.1865  -0.3626   0.9131
    - offset: -0.09442938
    - vertices: p8853(v400) p2527(v293) p1085(v4)
    - neighboring facets: f1504 f2061 f2659
- f2064
    - flags: bottom simplicial
    - normal:   -0.6054  -0.2206   0.7647
    - offset: -0.08751974
    - vertices: p4865(v401) p8923(v213) p1935(v66)
    - neighboring facets: f1532 f2683 f3786
- f2066
    - flags: bottom simplicial
    - normal:  -0.05809  -0.5156   0.8549
    - offset: -0.0910758
    - vertices: p4865(v401) p8853(v400) p2144(v193)
    - neighboring facets: f2061 f3785 f3493
- f2068
    - flags: bottom simplicial
    - normal:    0.3647  -0.8396   0.4026
    - offset: -0.0410022
    - vertices: p6518(v402) p3001(v196) p8342(v119)
    - neighboring facets: f1011 f3149 f2070
- f2070
    - flags: bottom simplicial
    - normal:   0.09133  -0.9325   0.3493
    - offset: -0.03843639
    - vertices: p6518(v402) p6240(v395) p3001(v196)
    - neighboring facets: f2031 f2068 f2663
- f2076
    - flags: top simplicial
    - normal:    -0.234  -0.8622   0.4493
    - offset: -0.05192601
    - vertices: p2748(v403) p7684(v295) p8641(v120)
    - neighboring facets: f2077 f3164 f2669
- f2077
    - flags: bottom simplicial
    - normal:   -0.2223  -0.8767   0.4267
    - offset: -0.04955112
    - vertices: p6046(v404) p7684(v295) p8641(v120)
    - neighboring facets: f2076 f2086 f3158
- f2079
    - flags: bottom simplicial
    - normal:   -0.4575  -0.8164   0.3523
    - offset: -0.04491716
    - vertices: p6046(v404) p9289(v300) p7848(v35)
    - neighboring facets: f2549 f2081 f2087
- f2081
    - flags: top simplicial
    - normal:   -0.2359  -0.9288   0.2859
    - offset: -0.03594162
    - vertices: p6046(v404) p2112(v286) p7848(v35)
    - neighboring facets: f2009 f2079 f2082
- f2082
    - flags: bottom simplicial
    - normal:   -0.2043  -0.9366   0.2848
    - offset: -0.03545761
    - vertices: p6046(v404) p2112(v286) p9765(v184)
    - neighboring facets: f1467 f2670 f2081
- f2086
    - flags: bottom simplicial
    - normal:   -0.3982  -0.8284   0.3939
    - offset: -0.0483482
    - vertices: p5446(v405) p6046(v404) p8641(v120)
    - neighboring facets: f2077 f3166 f2087
- f2087
    - flags: top simplicial
    - normal:   -0.4799  -0.7995   0.3612
    - offset: -0.04601646
    - vertices: p5446(v405) p6046(v404) p9289(v300)
    - neighboring facets: f2079 f3174 f2086
- f2116
    - flags: bottom simplicial
    - normal:    0.9991 -3.362e-06 -0.04357
    - offset: -0.02958154
    - vertices: p5414(v411) p7703(v301) p1093(v2)
    - neighboring facets: f1549 f2730 f3513
- f2127
    - flags: bottom simplicial
    - normal:    0.9502 -0.0003187  -0.3118
    - offset: -0.02586003
    - vertices: p3109(v413) p7114(v342) p4006(v121)
    - neighboring facets: f1758 f2135 f2128
- f2128
    - flags: top simplicial
    - normal:    0.9542 -6.094e-05  -0.2992
    - offset: -0.02608194
    - vertices: p3109(v413) p7114(v342) p1349(v198)
    - neighboring facets: f3506 f2746 f2127
- f2132
    - flags: bottom simplicial
    - normal:    0.9603   0.1062  -0.2579
    - offset: -0.0280069
    - vertices: p8701(v414) p455(v160) p2991(v97)
    - neighboring facets: f1287 f2133 f2760
- f2133
    - flags: top simplicial
    - normal:    0.9795  0.05318  -0.1942
    - offset: -0.0283755
    - vertices: p8701(v414) p7703(v301) p2991(v97)
    - neighboring facets: f1546 f2132 f2736
- f2135
    - flags: bottom simplicial
    - normal:    0.9421 -0.0001335  -0.3352
    - offset: -0.02543462
    - vertices: p8701(v414) p3109(v413) p4006(v121)
    - neighboring facets: f2127 f2749 f2748
- f2143
    - flags: top simplicial
    - normal:    0.3995  -0.2203  -0.8899
    - offset: -0.009307914
    - vertices: p3758(v416) p7371(v308) p8020(v200)
    - neighboring facets: f2764 f2145 f2144
- f2144
    - flags: bottom simplicial
    - normal:    0.3402  -0.1638   -0.926
    - offset: -0.006442328
    - vertices: p3758(v416) p7371(v308) p4959(v204)
    - neighboring facets: f1579 f2147 f2143
- f2145
    - flags: bottom simplicial
    - normal:    0.6309  -0.2616  -0.7304
    - offset: -0.01750466
    - vertices: p3758(v416) p3317(v305) p8020(v200)
    - neighboring facets: f2956 f2143 f2146
- f2146
    - flags: top simplicial
    - normal:    0.5603  -0.1654  -0.8116
    - offset: -0.0133494
    - vertices: p3758(v416) p3317(v305) p6638(v304)
    - neighboring facets: f2150 f2148 f2145
- f2147
    - flags: bottom simplicial
    - normal:     0.331 -0.08391  -0.9399
    - offset: -0.004714133
    - vertices: p3758(v416) p4959(v204) p2604(v37)
    - neighboring facets: f1585 f2148 f2144
- f2148
    - flags: top simplicial
    - normal:    0.4136  -0.1064  -0.9042
    - offset: -0.007637782
    - vertices: p3758(v416) p6638(v304) p2604(v37)
    - neighboring facets: f2149 f2147 f2146
- f2149
    - flags: bottom simplicial
    - normal:    0.5473  -0.0768  -0.8334
    - offset: -0.01144026
    - vertices: p1228(v417) p6638(v304) p2604(v37)
    - neighboring facets: f2148 f3545 f2150
- f2150
    - flags: bottom simplicial
    - normal:    0.6304  -0.1121  -0.7682
    - offset: -0.01478539
    - vertices: p1228(v417) p3317(v305) p6638(v304)
    - neighboring facets: f2146 f2149 f3237
- f2158
    - flags: bottom simplicial tested
    - normal:    0.2127 -0.09268  -0.9727
    - offset: -0.002690761
    - center: 0.01049866333333333 -0.004977416666666667 3.736999999999875e-06 
    - vertices: p3441(v418) p4639(v307) p6803(v70)
    - neighboring facets: f1576 f3014 f2159
    - ridges:
- f2159
    - flags: top simplicial tested
    - normal:    0.2601 -0.09934  -0.9605
    - offset: -0.003237609
    - center: 0.01125486666666667 -0.003159543333333333 3.736999999999937e-06 
    - vertices: p3441(v418) p4639(v307) p362(v125)
    - neighboring facets: f1577 f3016 f2158
    - ridges:
- f2160
    - flags: top simplicial
    - normal:    0.2251  -0.1756  -0.9584
    - offset: -0.003407311
    - vertices: p9278(v419) p7371(v308) p415(v169)
    - neighboring facets: f1578 f3411 f2765
- f2173
    - flags: top simplicial
    - normal:   -0.9125   0.3673   0.1802
    - offset: -0.04373572
    - vertices: p8184(v422) p8084(v212) p7872(v42)
    - neighboring facets: f1628 f2174 f2175
- f2174
    - flags: bottom simplicial
    - normal:   -0.9122    0.368   0.1802
    - offset: -0.0437355
    - vertices: p8184(v422) p4529(v313) p7872(v42)
    - neighboring facets: f1712 f2173 f2175
- f2175
    - flags: top simplicial
    - normal:   -0.9118   0.3686   0.1808
    - offset: -0.04375523
    - vertices: p8184(v422) p4529(v313) p8084(v212)
    - neighboring facets: f1646 f2173 f2174
- f2178
    - flags: bottom simplicial
    - normal:   -0.5375   0.7804   0.3195
    - offset: -0.04284322
    - vertices: p3736(v423) p8127(v315) p5486(v210)
    - neighboring facets: f2193 f2184 f2191
- f2184
    - flags: bottom simplicial
    - normal:   -0.6599   0.6534   0.3709
    - offset: -0.04897995
    - vertices: p1880(v424) p3736(v423) p5486(v210)
    - neighboring facets: f2178 f2806 f2185
- f2185
    - flags: top simplicial
    - normal:   -0.6471   0.6622   0.3779
    - offset: -0.04950497
    - vertices: p1880(v424) p3736(v423) p1061(v314)
    - neighboring facets: f2779 f3266 f2184
- f2188
    - flags: top simplicial
    - normal:   -0.3259   0.9079   0.2637
    - offset: -0.03505205
    - vertices: p2009(v425) p3732(v71) p147(v39)
    - neighboring facets: f1066 f2190 f2189
- f2189
    - flags: top simplicial
    - normal:    -0.432   0.8547   0.2878
    - offset: -0.03866102
    - vertices: p2009(v425) p8127(v315) p3732(v71)
    - neighboring facets: f2192 f2188 f2191
- f2190
    - flags: bottom simplicial
    - normal:   -0.4026    0.866   0.2965
    - offset: -0.03905702
    - vertices: p2009(v425) p3736(v423) p147(v39)
    - neighboring facets: f3257 f2188 f2191
- f2191
    - flags: top simplicial
    - normal:     -0.42   0.8566   0.2997
    - offset: -0.03957186
    - vertices: p2009(v425) p3736(v423) p8127(v315)
    - neighboring facets: f2178 f2189 f2190
- f2192
    - flags: bottom simplicial
    - normal:   -0.5387   0.7839   0.3087
    - offset: -0.04189547
    - vertices: p4596(v426) p8127(v315) p3732(v71)
    - neighboring facets: f2189 f2194 f2193
- f2193
    - flags: top simplicial
    - normal:   -0.5432   0.7774   0.3172
    - offset: -0.04270926
    - vertices: p4596(v426) p8127(v315) p5486(v210)
    - neighboring facets: f2178 f2195 f2192
- f2194
    - flags: top simplicial
    - normal:   -0.6291   0.7075   0.3221
    - offset: -0.04421151
    - vertices: p4596(v426) p9617(v316) p3732(v71)
    - neighboring facets: f1716 f2192 f2195
- f2195
    - flags: bottom simplicial
    - normal:   -0.6397    0.697   0.3239
    - offset: -0.04449661
    - vertices: p4596(v426) p9617(v316) p5486(v210)
    - neighboring facets: f2210 f2193 f2194
- f2200
    - flags: bottom simplicial
    - normal:   -0.9218  0.09273   0.3765
    - offset: -0.05152847
    - vertices: p5447(v428) p1990(v323) p1670(v214)
    - neighboring facets: f3557 f3282 f2206
- f2202
    - flags: top simplicial
    - normal:    -0.939 0.001924   0.3439
    - offset: -0.04834106
    - vertices: p5447(v428) p5194(v322) p5170(v130)
    - neighboring facets: f2236 f3278 f2205
- f2205
    - flags: bottom simplicial
    - normal:    -0.923 -0.001062   0.3849
    - offset: -0.05232222
    - vertices: p5447(v428) p5194(v322) p8923(v213)
    - neighboring facets: f1651 f2206 f2202
- f2206
    - flags: top simplicial
    - normal:   -0.9054  0.03041   0.4235
    - offset: -0.05606509
    - vertices: p5447(v428) p1990(v323) p8923(v213)
    - neighboring facets: f3788 f2205 f2200
- f2210
    - flags: top simplicial
    - normal:   -0.6399   0.6968    0.324
    - offset: -0.04450323
    - vertices: p1753(v430) p9617(v316) p5486(v210)
    - neighboring facets: f2195 f2800 f2212
- f2212
    - flags: top simplicial
    - normal:   -0.6668   0.6691   0.3281
    - offset: -0.0451895
    - vertices: p1753(v430) p7592(v321) p9617(v316)
    - neighboring facets: f1644 f2210 f2801
- f2214
    - flags: bottom simplicial
    - normal:   -0.8157   0.4559    0.356
    - offset: -0.04915546
    - vertices: p357(v431) p7592(v321) p7629(v320)
    - neighboring facets: f1643 f2804 f2803
- f2217
    - flags: bottom simplicial
    - normal:   -0.9397 -3.53e-06    0.342
    - offset: -0.04816243
    - vertices: p7134(v432) p1144(v225) p8012(v10)
    - neighboring facets: f1161 f2218 f2230
- f2218
    - flags: top simplicial
    - normal:   -0.9397 -1.238e-05    0.342
    - offset: -0.04816259
    - vertices: p7134(v432) p799(v324) p8012(v10)
    - neighboring facets: f1661 f2217 f2224
- f2222
    - flags: bottom simplicial
    - normal:   -0.9397 4.769e-06    0.342
    - offset: -0.04816273
    - vertices: p2552(v433) p2048(v317) p2006(v78)
    - neighboring facets: f1622 f2227 f2223
- f2223
    - flags: top simplicial
    - normal:   -0.9397 2.698e-06    0.342
    - offset: -0.04816284
    - vertices: p2552(v433) p2048(v317) p5170(v130)
    - neighboring facets: f3279 f2237 f2222
- f2224
    - flags: bottom simplicial
    - normal:   -0.9397 -9.838e-06    0.342
    - offset: -0.04816257
    - vertices: p2552(v433) p7134(v432) p799(v324)
    - neighboring facets: f2218 f2233 f2230
- f2227
    - flags: top simplicial
    - normal:   -0.9397 8.396e-07    0.342
    - offset: -0.04816246
    - vertices: p2552(v433) p4456(v139) p2006(v78)
    - neighboring facets: f1165 f2222 f2228
- f2228
    - flags: top simplicial
    - normal:   -0.9397 5.44e-07    0.342
    - offset: -0.04816245
    - vertices: p2552(v433) p6590(v337) p4456(v139)
    - neighboring facets: f2303 f2227 f2305
- f2230
    - flags: top simplicial
    - normal:   -0.9397 -1.351e-06    0.342
    - offset: -0.04816246
    - vertices: p2552(v433) p7134(v432) p1144(v225)
    - neighboring facets: f2217 f2304 f2224
- f2231
    - flags: bottom simplicial
    - normal:   -0.9397 -7.017e-05    0.342
    - offset: -0.04816353
    - vertices: p9731(v434) p799(v324) p5850(v215)
    - neighboring facets: f1661 f2232 f2233
- f2232
    - flags: bottom simplicial
    - normal:   -0.9377 -0.02687   0.3463
    - offset: -0.04859668
    - vertices: p9731(v434) p5850(v215) p7161(v116)
    - neighboring facets: f1175 f2234 f2231
- f2233
    - flags: bottom simplicial
    - normal:   -0.9397 -2.138e-05    0.342
    - offset: -0.04816286
    - vertices: p9731(v434) p2552(v433) p799(v324)
    - neighboring facets: f2224 f2231 f2237
- f2234
    - flags: top simplicial
    - normal:   -0.9345 -0.04876   0.3525
    - offset: -0.04918279
    - vertices: p9731(v434) p2039(v297) p7161(v116)
    - neighboring facets: f3183 f2232 f2235
- f2235
    - flags: top simplicial
    - normal:   -0.9345 -0.04842   0.3526
    - offset: -0.04919323
    - vertices: p9731(v434) p5194(v322) p2039(v297)
    - neighboring facets: f1651 f2234 f2236
- f2236
    - flags: bottom simplicial
    - normal:   -0.9397 -2.386e-05    0.342
    - offset: -0.04816337
    - vertices: p9731(v434) p5194(v322) p5170(v130)
    - neighboring facets: f2202 f2237 f2235
- f2237
    - flags: top simplicial
    - normal:   -0.9397 -1.506e-05    0.342
    - offset: -0.04816304
    - vertices: p9731(v434) p2552(v433) p5170(v130)
    - neighboring facets: f2223 f2236 f2233
- f2239
    - flags: top simplicial
    - normal:  0.006064   0.9504   0.3111
    - offset: -0.0355433
    - vertices: p5388(v435) p784(v328) p3096(v218)
    - neighboring facets: f2248 f2254 f2241
- f2240
    - flags: top simplicial
    - normal:  -0.009989   0.9589   0.2835
    - offset: -0.03301674
    - vertices: p5388(v435) p8251(v217) p407(v73)
    - neighboring facets: f1118 f2241 f2253
- f2241
    - flags: bottom simplicial
    - normal:  -0.001543   0.9588   0.2841
    - offset: -0.03298394
    - vertices: p5388(v435) p784(v328) p407(v73)
    - neighboring facets: f2243 f2240 f2239
- f2242
    - flags: bottom simplicial
    - normal:  0.003161   0.9657   0.2595
    - offset: -0.03054202
    - vertices: p6204(v436) p784(v328) p4897(v26)
    - neighboring facets: f1682 f2244 f2243
- f2243
    - flags: top simplicial
    - normal:  0.001166   0.9648    0.263
    - offset: -0.0308978
    - vertices: p6204(v436) p784(v328) p407(v73)
    - neighboring facets: f2241 f2245 f2242
- f2244
    - flags: top simplicial
    - normal:  0.0008189   0.9658   0.2594
    - offset: -0.03055585
    - vertices: p6204(v436) p8101(v325) p4897(v26)
    - neighboring facets: f1668 f2242 f2245
- f2245
    - flags: bottom simplicial
    - normal:  0.0003728   0.9658   0.2594
    - offset:  -0.030559
    - vertices: p6204(v436) p8101(v325) p407(v73)
    - neighboring facets: f1669 f2243 f2244
- f2246
    - flags: top simplicial
    - normal:    0.3186   0.8901   0.3259
    - offset: -0.0338714
    - vertices: p223(v437) p8354(v327) p8396(v133)
    - neighboring facets: f1674 f3298 f2247
- f2247
    - flags: top simplicial
    - normal:    0.2689   0.9098   0.3162
    - offset: -0.03341748
    - vertices: p223(v437) p784(v328) p8354(v327)
    - neighboring facets: f1684 f2246 f2248
- f2248
    - flags: bottom simplicial
    - normal:   0.09344   0.9384   0.3328
    - offset: -0.03682764
    - vertices: p223(v437) p784(v328) p3096(v218)
    - neighboring facets: f2239 f2828 f2247
- f2253
    - flags: bottom simplicial
    - normal:  -0.02132    0.945   0.3264
    - offset: -0.03734804
    - vertices: p1376(v438) p5388(v435) p8251(v217)
    - neighboring facets: f2240 f2255 f2254
- f2254
    - flags: top simplicial
    - normal:  -0.01581     0.94   0.3409
    - offset: -0.03871178
    - vertices: p1376(v438) p5388(v435) p3096(v218)
    - neighboring facets: f2239 f2826 f2253
- f2255
    - flags: top simplicial
    - normal:   -0.1554   0.9301   0.3328
    - offset: -0.03959496
    - vertices: p1376(v438) p8858(v326) p8251(v217)
    - neighboring facets: f1671 f2253 f2781
- f2260
    - flags: top simplicial tested
    - normal:        -1 0.001123 3.633e-05
    - offset: -0.03521467
    - center: -0.03519983333333334 0.01217666666666667 0.03249853333333334 
    - vertices: p2448(v439) p9487(v331) p2580(v137)
    - neighboring facets: f1701 f3800 f2262
    - ridges:
- f2262
    - flags: bottom simplicial tested
    - normal:        -1  0.00263 -1.769e-05
    - offset: -0.03523157
    - center: -0.03519983333333333 0.01227196666666667 0.02343856666666667 
    - vertices: p2448(v439) p9487(v331) p7086(v330)
    - neighboring facets: f2264 f3809 f2260
    - ridges:
- f2263
    - flags: top simplicial
    - normal:   -0.9999  0.01672 -0.0002734
    - offset: -0.03539476
    - vertices: p5685(v440) p7086(v330) p5418(v221)
    - neighboring facets: f1707 f3575 f2264
- f2264
    - flags: top simplicial
    - normal:   -0.9999  0.01379 -0.0001904
    - offset: -0.03536172
    - vertices: p5685(v440) p9487(v331) p7086(v330)
    - neighboring facets: f2262 f2263 f3304
- f2273
    - flags: bottom simplicial
    - normal:   -0.9509   0.3096 -0.00381
    - offset: -0.03742749
    - vertices: p3340(v442) p2043(v222) p8029(v135)
    - neighboring facets: f3350 f3588 f3313
- f2276
    - flags: bottom simplicial
    - normal:   -0.9045   0.4265  0.00015
    - offset: -0.03752996
    - vertices: p5104(v443) p460(v333) p2043(v222)
    - neighboring facets: f3346 f3590 f2277
- f2277
    - flags: bottom simplicial
    - normal:   -0.9315   0.3637 0.002273
    - offset: -0.03765048
    - vertices: p5104(v443) p2491(v334) p460(v333)
    - neighboring facets: f1720 f2276 f2844
- f2296
    - flags: top simplicial
    - normal:   -0.7779   0.5788  -0.2447
    - offset: -0.03319216
    - vertices: p5624(v447) p2227(v446) p2634(v335)
    - neighboring facets: f3329 f2878 f2298
- f2297
    - flags: bottom simplicial
    - normal:   -0.6356   0.4501  -0.6272
    - offset: -0.02343317
    - vertices: p5624(v447) p1568(v353) p8378(v244)
    - neighboring facets: f1810 f2881 f2298
- f2298
    - flags: bottom simplicial
    - normal:   -0.6473   0.5152  -0.5617
    - offset: -0.02528349
    - vertices: p5624(v447) p2227(v446) p1568(v353)
    - neighboring facets: f2876 f2297 f2296
- f2300
    - flags: top simplicial tested
    - normal:        -1 0.002058 0.001547
    - offset: -0.03528448
    - center: -0.03519983333333333 0.009877556666666667 0.04164590000000001 
    - vertices: p1917(v448) p7070(v224) p3420(v75)
    - neighboring facets: f1157 f3806 f2301
    - ridges:
- f2301
    - flags: top simplicial tested
    - normal:        -1 0.001068 0.0007166
    - offset: -0.0352402
    - center: -0.03519983333333334 0.01063045333333333 0.04053903333333334 
    - vertices: p1917(v448) p9019(v336) p7070(v224)
    - neighboring facets: f1732 f2300 f3816
    - ridges:
- f2302
    - flags: top simplicial
    - normal:   -0.9397 1.67e-08    0.342
    - offset: -0.04816243
    - vertices: p1754(v449) p1144(v225) p4456(v139)
    - neighboring facets: f1161 f2303 f2304
- f2303
    - flags: bottom simplicial
    - normal:   -0.9397 3.777e-07    0.342
    - offset: -0.04816245
    - vertices: p1754(v449) p6590(v337) p4456(v139)
    - neighboring facets: f2228 f2302 f2305
- f2304
    - flags: top simplicial
    - normal:   -0.9397 -1.065e-06    0.342
    - offset: -0.04816246
    - vertices: p1754(v449) p2552(v433) p1144(v225)
    - neighboring facets: f2230 f2302 f2305
- f2305
    - flags: bottom simplicial
    - normal:   -0.9397 -6.595e-07    0.342
    - offset: -0.04816246
    - vertices: p1754(v449) p2552(v433) p6590(v337)
    - neighboring facets: f2228 f2303 f2304
- f2308
    - flags: top simplicial
    - normal:     0.999 -5.699e-07  0.04398
    - offset: -0.03036467
    - vertices: p1132(v450) p6657(v341) p6871(v161)
    - neighboring facets: f1754 f2733 f2731
- f2310
    - flags: top simplicial
    - normal:   -0.2568   0.9665 0.0003511
    - offset: -0.02601063
    - vertices: p751(v451) p7427(v343) p7531(v233)
    - neighboring facets: f1760 f2886 f2885
- f2314
    - flags: top simplicial
    - normal:   -0.3571   0.9341 0.001888
    - offset: -0.02661954
    - vertices: p5501(v452) p8352(v345) p509(v207)
    - neighboring facets: f2319 f2315 f2318
- f2315
    - flags: bottom simplicial
    - normal:    -0.357   0.9341 0.0002126
    - offset: -0.02657091
    - vertices: p5501(v452) p1145(v311) p509(v207)
    - neighboring facets: f2321 f2314 f2891
- f2317
    - flags: top simplicial
    - normal:   -0.3519   0.9359  0.01656
    - offset: -0.02701375
    - vertices: p5501(v452) p7531(v233) p5393(v126)
    - neighboring facets: f1205 f2318 f2887
- f2318
    - flags: bottom simplicial
    - normal:   -0.3537   0.9353  0.01212
    - offset: -0.02689616
    - vertices: p5501(v452) p8352(v345) p5393(v126)
    - neighboring facets: f1772 f2317 f2314
- f2319
    - flags: bottom simplicial
    - normal:   -0.3654   0.9309 0.002126
    - offset: -0.02684799
    - vertices: p745(v453) p8352(v345) p509(v207)
    - neighboring facets: f2314 f2321 f2320
- f2320
    - flags: top simplicial
    - normal:   -0.3714   0.9285 0.003193
    - offset: -0.02704651
    - vertices: p745(v453) p8352(v345) p4716(v312)
    - neighboring facets: f1772 f2323 f2319
- f2321
    - flags: top simplicial
    - normal:   -0.3838   0.9234 0.0006709
    - offset: -0.02730057
    - vertices: p745(v453) p1145(v311) p509(v207)
    - neighboring facets: f2315 f2319 f2322
- f2322
    - flags: top simplicial
    - normal:   -0.3899   0.9209 0.0005524
    - offset: -0.02745903
    - vertices: p745(v453) p3770(v421) p1145(v311)
    - neighboring facets: f2774 f2321 f2325
- f2323
    - flags: top simplicial
    - normal:    -0.477   0.8789 3.167e-05
    - offset: -0.02969586
    - vertices: p745(v453) p4716(v312) p4795(v236)
    - neighboring facets: f1599 f2324 f2320
- f2324
    - flags: top simplicial
    - normal:   -0.4678   0.8838 -6.487e-05
    - offset: -0.02946358
    - vertices: p745(v453) p4795(v236) p278(v235)
    - neighboring facets: f1217 f2325 f2323
- f2325
    - flags: bottom simplicial
    - normal:   -0.4554   0.8903 -1.411e-05
    - offset: -0.02915246
    - vertices: p745(v453) p3770(v421) p278(v235)
    - neighboring facets: f2773 f2324 f2322
- f2326
    - flags: top simplicial
    - normal:  0.003958   0.9658   0.2594
    - offset: -0.03053267
    - vertices: p9911(v454) p7939(v234) p4897(v26)
    - neighboring facets: f1682 f2327 f2328
- f2327
    - flags: bottom simplicial
    - normal:  0.0002607   0.9659   0.2588
    - offset: -0.03054305
    - vertices: p9911(v454) p9546(v346) p4897(v26)
    - neighboring facets: f1774 f2326 f2328
- f2328
    - flags: top simplicial
    - normal:  0.003501   0.9659   0.2589
    - offset: -0.03052261
    - vertices: p9911(v454) p9546(v346) p7939(v234)
    - neighboring facets: f1776 f2326 f2327
- f2329
    - flags: top simplicial
    - normal:   -0.4181 -0.0001011  -0.9084
    - offset: -0.008330819
    - vertices: p1875(v455) p1247(v238) p905(v51)
    - neighboring facets: f1826 f2334 f2331
- f2331
    - flags: top simplicial
    - normal:   -0.4511 -0.001775  -0.8925
    - offset: -0.009539917
    - vertices: p1875(v455) p5105(v347) p1247(v238)
    - neighboring facets: f1778 f2329 f2895
- f2332
    - flags: bottom simplicial
    - normal:   -0.5024 0.0008986  -0.8646
    - offset: -0.01143737
    - vertices: p9693(v456) p3720(v242) p905(v51)
    - neighboring facets: f1245 f2334 f2333
- f2333
    - flags: bottom simplicial
    - normal:   -0.5065 0.0003725  -0.8623
    - offset: -0.01158585
    - vertices: p9693(v456) p5105(v347) p3720(v242)
    - neighboring facets: f1780 f2332 f2896
- f2334
    - flags: top simplicial
    - normal:   -0.4494 3.211e-05  -0.8933
    - offset: -0.009473584
    - vertices: p9693(v456) p1875(v455) p905(v51)
    - neighboring facets: f2329 f2332 f3364
- f2339
    - flags: top simplicial tested
    - normal:   -0.9849 0.0001308   -0.173
    - offset: -0.03316179
    - center: -0.0351556 0.004927236666666667 0.008466946666666669 
    - vertices: p9237(v458) p3771(v349) p8407(v241)
    - neighboring facets: f1786 f2344 f2907
- f2342
    - flags: top simplicial tested
    - normal:   -0.9554  0.09986  -0.2778
    - offset: -0.03233311
    - center: -0.0349648 0.01253466666666667 0.00836977 
    - vertices: p9237(v458) p8378(v244) p8029(v135)
    - neighboring facets: f2880 f2346 f2345
- f2344
    - flags: bottom simplicial tested
    - normal:    -0.928  0.03883  -0.3706
    - offset: -0.02989146
    - center: -0.0350615 0.00974158 0.008154649999999998 
    - vertices: p9237(v458) p5547(v352) p8407(v241)
    - neighboring facets: f2918 f2339 f2345
- f2345
    - flags: top simplicial tested
    - normal:   -0.9265  0.04042  -0.3741
    - offset: -0.02982783
    - center: -0.0348771 0.01111141 0.007844566666666664 
    - vertices: p9237(v458) p5547(v352) p8378(v244)
    - neighboring facets: f1805 f2342 f2344
- f2346
    - flags: bottom simplicial tested
    - normal:   -0.9995  0.01855 -0.02469
    - offset: -0.03515272
    - center: -0.03516483333333333 0.01237333333333333 0.009108816666666667 
    - vertices: p9237(v458) p2941(v332) p8029(v135)
    - neighboring facets: f3307 f2342 f2348
- f2347
    - flags: top simplicial tested
    - normal:   -0.9999 0.004012 -0.01128
    - offset: -0.03512047
    - center: -0.03519173333333333 0.01068359333333333 0.009895460000000002 
    - vertices: p9237(v458) p7086(v330) p7600(v223)
    - neighboring facets: f3807 f2909 f2348
    - ridges:
- f2348
    - flags: top simplicial tested
    - normal:   -0.9998  0.01359 -0.01506
    - offset: -0.03518973
    - center: -0.03517986666666667 0.0120707 0.009754986666666667 
    - vertices: p9237(v458) p2941(v332) p7086(v330)
    - neighboring facets: f1707 f2347 f2346
- f2351
    - flags: bottom simplicial
    - normal:   -0.6696  0.00182  -0.7427
    - offset: -0.01790409
    - vertices: p6842(v459) p9018(v350) p3720(v242)
    - neighboring facets: f1792 f2911 f3374
- f2352
    - flags: top simplicial
    - normal:   -0.9651 1.225e-05  -0.2617
    - offset: -0.03173459
    - vertices: p1942(v460) p7459(v351) p4411(v91)
    - neighboring facets: f2916 f2353 f2356
- f2353
    - flags: bottom simplicial
    - normal:   -0.9743 -8.493e-05  -0.2253
    - offset: -0.03235434
    - vertices: p1942(v460) p8407(v241) p4411(v91)
    - neighboring facets: f2915 f2352 f2354
- f2354
    - flags: top simplicial
    - normal:   -0.9749 -9.539e-05  -0.2226
    - offset: -0.03239786
    - vertices: p1942(v460) p8407(v241) p309(v153)
    - neighboring facets: f1786 f2355 f2353
- f2355
    - flags: bottom simplicial
    - normal:   -0.9819 -0.0004708  -0.1892
    - offset: -0.03292111
    - vertices: p1942(v460) p3771(v349) p309(v153)
    - neighboring facets: f1786 f2354 f2356
- f2356
    - flags: bottom simplicial
    - normal:   -0.9822 -0.001325  -0.1879
    - offset: -0.03294549
    - vertices: p1942(v460) p7459(v351) p3771(v349)
    - neighboring facets: f1798 f2355 f2352
- f2360
    - flags: top simplicial
    - normal:   -0.9305 -0.001875  -0.3662
    - offset: -0.02969376
    - vertices: p8857(v461) p7459(v351) p8777(v243)
    - neighboring facets: f2931 f2921 f2917
- f2369
    - flags: bottom simplicial tested
    - normal:   0.03918   0.3299  -0.9432
    - offset: -0.00394098
    - center: 0.00073571 0.0201312 0.002894210333333334 
    - vertices: p4098(v463) p1725(v355) p3041(v54)
    - neighboring facets: f1822 f2372 f2378
- f2372
    - flags: top simplicial tested
    - normal:   0.06808   0.3153  -0.9466
    - offset: -0.00382995
    - center: 0.00833561 0.02222173333333334 0.003954413666666668 
    - vertices: p4098(v463) p454(v95) p3041(v54)
    - neighboring facets: f462 f2369 f2373
- f2373
    - flags: top simplicial tested
    - normal:   0.09931   0.2967  -0.9498
    - offset: -0.003678438
    - center: 0.006415566666666666 0.01654033333333333 0.0019645255 
    - vertices: p4098(v463) p9318(v156) p454(v95)
    - neighboring facets: f788 f2372 f3423
- f2374
    - flags: bottom simplicial
    - normal:  -0.06191   0.2093  -0.9759
    - offset: -0.002433085
    - vertices: p808(v464) p5195(v94) p8680(v85)
    - neighboring facets: f451 f2375 f2377
- f2375
    - flags: bottom simplicial
    - normal:  -0.07333    0.248   -0.966
    - offset: -0.003385379
    - vertices: p808(v464) p8680(v85) p449(v15)
    - neighboring facets: f451 f2376 f2374
- f2376
    - flags: top simplicial
    - normal:  -0.07126   0.2816  -0.9569
    - offset: -0.004067169
    - vertices: p808(v464) p1725(v355) p449(v15)
    - neighboring facets: f1824 f2375 f2378
- f2377
    - flags: bottom simplicial
    - normal:  -0.04591   0.2241  -0.9735
    - offset: -0.002540804
    - vertices: p808(v464) p4098(v463) p5195(v94)
    - neighboring facets: f2945 f2374 f2378
- f2378
    - flags: top simplicial
    - normal:  -0.04358   0.2278  -0.9727
    - offset: -0.002587748
    - vertices: p808(v464) p4098(v463) p1725(v355)
    - neighboring facets: f2369 f2376 f2377
- f2379
    - flags: bottom simplicial
    - normal:   -0.2271 0.0004209  -0.9739
    - offset: -0.001597925
    - vertices: p7946(v465) p9572(v248) p305(v157)
    - neighboring facets: f1278 f2380 f2381
- f2380
    - flags: top simplicial
    - normal:   -0.2272 0.0001328  -0.9738
    - offset: -0.00159958
    - vertices: p7946(v465) p6825(v357) p305(v157)
    - neighboring facets: f1832 f2379 f2382
- f2381
    - flags: bottom simplicial
    - normal:   -0.2752  0.00436  -0.9614
    - offset: -0.003300337
    - vertices: p7946(v465) p3416(v356) p9572(v248)
    - neighboring facets: f1839 f2379 f2382
- f2382
    - flags: bottom simplicial
    - normal:   -0.2807 0.001518  -0.9598
    - offset: -0.003458031
    - vertices: p7946(v465) p6825(v357) p3416(v356)
    - neighboring facets: f2385 f2381 f2380
- f2383
    - flags: top simplicial
    - normal:   -0.3132 -0.0001044  -0.9497
    - offset: -0.004583535
    - vertices: p4757(v466) p3416(v356) p4656(v152)
    - neighboring facets: f1827 f2384 f2385
- f2384
    - flags: bottom simplicial
    - normal:   -0.2969 3.688e-05  -0.9549
    - offset: -0.00401099
    - vertices: p4757(v466) p6825(v357) p4656(v152)
    - neighboring facets: f1832 f2383 f2385
- f2385
    - flags: top simplicial
    - normal:    -0.298 0.0003868  -0.9546
    - offset: -0.004054061
    - vertices: p4757(v466) p6825(v357) p3416(v356)
    - neighboring facets: f2382 f2383 f2384
- f2389
    - flags: top simplicial tested
    - normal:  -0.02907  -0.9994 -0.01816
    - offset: -0.02431934
    - center: -0.01065796666666667 -0.02420276666666666 0.009860276666666667 
    - vertices: p9533(v468) p1126(v364) p8592(v259)
    - neighboring facets: f3831 f2546 f3388
    - ridges:
- f2395
    - flags: bottom simplicial
    - normal:  -0.02335  -0.9997 -0.0002489
    - offset: -0.02445652
    - center: -0.0108199 -0.02421583333333333 0.0214797 
    - vertices: p5814(v469) p1126(v364) p1820(v115)
    - neighboring facets: f2402 f2951 f2396
- f2396
    - flags: top simplicial
    - normal:  -0.03117  -0.9995 -0.0004409
    - offset: -0.02453226
    - vertices: p5814(v469) p1126(v364) p535(v287)
    - neighboring facets: f2946 f2948 f2395
- f2402
    - flags: top simplicial tested
    - normal:  -0.02208  -0.9998 -0.0002282
    - offset: -0.02444397
    - center: -0.01073073333333333 -0.0242174 0.01949573333333333 
    - vertices: p2799(v470) p1126(v364) p1820(v115)
    - neighboring facets: f2395 f2611 f3836
    - ridges:
- f2403
    - flags: bottom simplicial
    - normal:    0.7117  -0.6916   0.1228
    - offset: -0.03501778
    - vertices: p173(v471) p2107(v365) p7084(v18)
    - neighboring facets: f1874 f3657 f2963
- f2412
    - flags: bottom simplicial
    - normal:    0.8566   -0.515 -0.03109
    - offset: -0.03414853
    - vertices: p6392(v472) p8521(v303) p7196(v199)
    - neighboring facets: f1560 f2961 f3396
- f2416
    - flags: top simplicial
    - normal:   -0.9708  -0.2398 -1.885e-05
    - offset: -0.03727289
    - vertices: p6733(v473) p2421(v367) p4661(v261)
    - neighboring facets: f2427 f2433 f2421
- f2419
    - flags: top simplicial
    - normal:   -0.9772  -0.2122 0.003108
    - offset: -0.03723096
    - vertices: p3980(v474) p3459(v276) p5095(v176)
    - neighboring facets: f2441 f2420 f2424
- f2420
    - flags: bottom simplicial
    - normal:   -0.9759  -0.2183  0.00152
    - offset: -0.03721062
    - vertices: p3980(v474) p2421(v367) p5095(v176)
    - neighboring facets: f2426 f2419 f2421
- f2421
    - flags: bottom simplicial
    - normal:   -0.9767  -0.2144 0.0006363
    - offset: -0.03715972
    - vertices: p3980(v474) p6733(v473) p2421(v367)
    - neighboring facets: f2416 f2420 f2422
- f2422
    - flags: top simplicial
    - normal:   -0.9798     -0.2 3.72e-05
    - offset: -0.03705742
    - vertices: p3980(v474) p6733(v473) p7527(v110)
    - neighboring facets: f2432 f2423 f2421
- f2423
    - flags: bottom simplicial
    - normal:   -0.9847  -0.1741 -9.073e-05
    - offset: -0.03688607
    - vertices: p3980(v474) p8613(v179) p7527(v110)
    - neighboring facets: f2429 f2422 f2424
- f2424
    - flags: bottom simplicial
    - normal:   -0.9887  -0.1496 -4.214e-06
    - offset: -0.03670832
    - vertices: p3980(v474) p3459(v276) p8613(v179)
    - neighboring facets: f1420 f2423 f2419
- f2426
    - flags: top simplicial
    - normal:   -0.9644  -0.2643 8.026e-06
    - offset: -0.03737966
    - vertices: p5295(v475) p2421(v367) p5095(v176)
    - neighboring facets: f2420 f2967 f2427
- f2427
    - flags: bottom simplicial
    - normal:   -0.9655  -0.2604 -4.606e-06
    - offset: -0.03736405
    - vertices: p5295(v475) p2421(v367) p4661(v261)
    - neighboring facets: f2416 f2433 f2426
- f2429
    - flags: top simplicial
    - normal:   -0.9783  -0.2073 -0.0007212
    - offset: -0.03708678
    - vertices: p5295(v475) p8613(v179) p7527(v110)
    - neighboring facets: f2423 f2432 f2430
- f2430
    - flags: bottom simplicial
    - normal:   -0.9807  -0.1953 -0.009002
    - offset: -0.03693098
    - vertices: p5295(v475) p8613(v179) p1016(v20)
    - neighboring facets: f923 f2431 f2429
- f2431
    - flags: top simplicial
    - normal:   -0.9736  -0.2264 -0.02886
    - offset: -0.03691563
    - vertices: p5295(v475) p3368(v263) p1016(v20)
    - neighboring facets: f1353 f2430 f2965
- f2432
    - flags: bottom simplicial
    - normal:   -0.9756  -0.2194 -0.0002777
    - offset: -0.03716188
    - vertices: p5295(v475) p6733(v473) p7527(v110)
    - neighboring facets: f2422 f2429 f2433
- f2433
    - flags: top simplicial
    - normal:   -0.9753  -0.2208 -0.000264
    - offset: -0.03717007
    - vertices: p5295(v475) p6733(v473) p4661(v261)
    - neighboring facets: f2416 f2427 f2432
- f2434
    - flags: bottom simplicial
    - normal:   -0.7146  -0.6995 -0.001359
    - offset: -0.03495494
    - vertices: p3924(v476) p9807(v370) p1022(v105)
    - neighboring facets: f1901 f3195 f2435
- f2435
    - flags: top simplicial
    - normal:   -0.7078  -0.7064 -2.876e-05
    - offset: -0.03484107
    - vertices: p3924(v476) p9807(v370) p6927(v108)
    - neighboring facets: f2981 f3194 f2434
- f2441
    - flags: bottom simplicial
    - normal:   -0.9741  -0.2258 0.009715
    - offset: -0.03754081
    - center: -0.03505903333333334 -0.01342983333333334 0.036714 
    - vertices: p1580(v478) p3459(v276) p5095(v176)
    - neighboring facets: f2419 f2969 f2578
- f2449
    - flags: top simplicial
    - normal:   -0.8863  -0.4631 -0.005621
    - offset: -0.03734431
    - vertices: p3648(v479) p1464(v171) p813(v170)
    - neighboring facets: f1351 f3403 f2450
- f2450
    - flags: top simplicial
    - normal:    -0.878  -0.4786 -0.001931
    - offset: -0.03731661
    - vertices: p3648(v479) p2483(v372) p1464(v171)
    - neighboring facets: f2460 f2449 f2456
- f2454
    - flags: top simplicial
    - normal:   -0.8609  -0.5088 0.0001825
    - offset: -0.03718979
    - vertices: p6212(v480) p8011(v371) p5313(v265)
    - neighboring facets: f2978 f2455 f3405
- f2455
    - flags: bottom simplicial
    - normal:   -0.8607  -0.5092 0.0001432
    - offset: -0.03718686
    - vertices: p6212(v480) p2483(v372) p5313(v265)
    - neighboring facets: f2976 f2454 f2456
- f2456
    - flags: bottom simplicial
    - normal:   -0.8792  -0.4764 -0.001236
    - offset: -0.03733541
    - vertices: p6212(v480) p3648(v479) p2483(v372)
    - neighboring facets: f2450 f2455 f3622
- f2460
    - flags: bottom simplicial
    - normal:    -0.819  -0.5738 -0.0007185
    - offset: -0.0366719
    - vertices: p4819(v481) p2483(v372) p1464(v171)
    - neighboring facets: f2450 f2461 f2977
- f2461
    - flags: top simplicial
    - normal:   -0.8142  -0.5806 -0.0008713
    - offset: -0.03660288
    - vertices: p4819(v481) p4449(v373) p1464(v171)
    - neighboring facets: f1919 f2460 f2727
- f2465
    - flags: bottom simplicial
    - normal:   -0.7815  -0.6239 -0.0006064
    - offset: -0.03612238
    - vertices: p433(v482) p4449(v373) p2628(v264)
    - neighboring facets: f1919 f3206 f3204
- f2470
    - flags: top simplicial
    - normal:   0.05795  -0.4257   -0.903
    - offset: -0.005065034
    - vertices: p8349(v483) p5865(v374) p5733(v266)
    - neighboring facets: f2488 f2987 f2996
- f2476
    - flags: top simplicial
    - normal:    0.0198 -0.02152  -0.9996
    - offset: -0.0003786249
    - center: 0.007697663333333334 -0.008587903333333332 -4.144236666666665e-05 
    - vertices: p4834(v484) p415(v169) p6803(v70)
    - neighboring facets: f1578 f3015 f2477
- f2477
    - flags: top simplicial
    - normal:   0.02581  -0.0434  -0.9987
    - offset: -0.000630979
    - center: 0.005642236666666667 -0.01022943666666667 -4.144236666666662e-05 
    - vertices: p4834(v484) p5865(v374) p415(v169)
    - neighboring facets: f3410 f2476 f3415
- f2487
    - flags: bottom simplicial
    - normal:  0.0008994 -0.02616  -0.9997
    - offset: -0.000359871
    - center: -0.001657903666666667 -0.01194566666666667 -4.89371666666667e-05 
    - vertices: p9663(v485) p5733(v266) p7914(v172)
    - neighboring facets: f1369 f3412 f2488
- f2488
    - flags: bottom simplicial
    - normal:  0.006961 -0.05604  -0.9984
    - offset: -0.0007086338
    - center: 0.000202583 -0.01174886666666667 -4.893716666666647e-05 
    - vertices: p9663(v485) p5865(v374) p5733(v266)
    - neighboring facets: f2470 f2487 f3416
- f2503
    - flags: top simplicial
    - normal:  -0.06542  -0.9536   -0.294
    - offset: -0.02121721
    - vertices: p5553(v489) p3304(v107) p3171(v32)
    - neighboring facets: f525 f2547 f2516
- f2516
    - flags: bottom simplicial
    - normal:  -0.04531  -0.8679  -0.4947
    - offset: -0.01738039
    - vertices: p7932(v492) p5553(v489) p3304(v107)
    - neighboring facets: f2503 f2518 f2517
- f2517
    - flags: top simplicial
    - normal:  -0.02764  -0.8572  -0.5142
    - offset: -0.01680001
    - vertices: p7932(v492) p5553(v489) p3616(v375)
    - neighboring facets: f3035 f3441 f2516
- f2518
    - flags: bottom simplicial
    - normal:   -0.2207  -0.7239  -0.6537
    - offset: -0.01487789
    - vertices: p7932(v492) p3304(v107) p6820(v60)
    - neighboring facets: f897 f3053 f2516
- f2528
    - flags: bottom simplicial
    - normal:    0.3055  -0.8909   -0.336
    - offset: -0.02531037
    - vertices: p2141(v493) p7107(v168) p9434(v58)
    - neighboring facets: f2047 f2529 f3070
- f2529
    - flags: top simplicial
    - normal:    0.1801  -0.9121  -0.3682
    - offset: -0.02275563
    - vertices: p2141(v493) p1273(v272) p9434(v58)
    - neighboring facets: f2045 f2528 f2994
- f2530
    - flags: top simplicial
    - normal:   0.01393  -0.9629  -0.2694
    - offset: -0.0211965
    - vertices: p787(v494) p5353(v379) p7313(v175)
    - neighboring facets: f1956 f3424 f3446
- f2534
    - flags: bottom simplicial tested
    - normal:  0.003115  -0.9991 -0.04163
    - offset: -0.02387084
    - center: 0.01647196666666667 -0.02421036666666667 0.008882693333333334 
    - vertices: p7490(v495) p5353(v379) p1582(v102)
    - neighboring facets: f1955 f2541 f3457
- f2539
    - flags: bottom simplicial tested
    - normal:  0.000754       -1 0.000333
    - offset: -0.02423058
    - center: 0.01211392 -0.0242176 0.01158521333333333 
    - vertices: p7490(v495) p7940(v258) p8911(v167)
    - neighboring facets: f3829 f3079 f2540
    - ridges:
- f2540
    - flags: bottom simplicial tested
    - normal:  0.0009951       -1 0.0005278
    - offset: -0.0242359
    - center: 0.009016556666666667 -0.0242176 0.01770368 
    - vertices: p7490(v495) p7945(v393) p7940(v258)
    - neighboring facets: f3834 f2539 f2541
    - ridges:
- f2541
    - flags: top simplicial tested
    - normal:  0.001085       -1 0.0005835
    - offset: -0.02423773
    - center: 0.01200020333333333 -0.02421563333333333 0.01559007 
    - vertices: p7490(v495) p7945(v393) p1582(v102)
    - neighboring facets: f2021 f2534 f2540
- f2545
    - flags: bottom simplicial
    - normal:  -0.03381  -0.9988 -0.03551
    - offset: -0.02419336
    - vertices: p7721(v496) p9533(v468) p3171(v32)
    - neighboring facets: f3106 f2547 f2546
- f2546
    - flags: top simplicial
    - normal:  -0.03009  -0.9991 -0.03012
    - offset: -0.02420913
    - center: -0.01046686666666667 -0.02419196666666667 0.009158996666666667 
    - vertices: p7721(v496) p9533(v468) p8592(v259)
    - neighboring facets: f2389 f3080 f2545
- f2547
    - flags: top simplicial
    - normal:  -0.06326  -0.9553  -0.2887
    - offset: -0.02128133
    - vertices: p7721(v496) p5553(v489) p3171(v32)
    - neighboring facets: f2503 f2545 f2548
- f2548
    - flags: bottom simplicial
    - normal:  -0.002112  -0.9683  -0.2499
    - offset: -0.02131082
    - vertices: p7721(v496) p5553(v489) p774(v273)
    - neighboring facets: f3644 f3646 f2547
- f2549
    - flags: top simplicial
    - normal:   -0.4703  -0.8312   0.2965
    - offset: -0.03992629
    - vertices: p4291(v497) p9289(v300) p7848(v35)
    - neighboring facets: f2079 f2550 f2551
- f2550
    - flags: bottom simplicial
    - normal:   -0.4457  -0.8478   0.2875
    - offset: -0.03879873
    - vertices: p4291(v497) p1900(v380) p7848(v35)
    - neighboring facets: f2011 f2549 f2551
- f2551
    - flags: top simplicial
    - normal:   -0.5775   -0.754   0.3129
    - offset: -0.04273939
    - vertices: p4291(v497) p1900(v380) p9289(v300)
    - neighboring facets: f2717 f2549 f2550
- f2552
    - flags: bottom simplicial
    - normal:   -0.4652  -0.8852  0.00273
    - offset: -0.02947782
    - vertices: p84(v498) p1900(v380) p6685(v17)
    - neighboring facets: f3464 f2555 f3086
- f2553
    - flags: top simplicial
    - normal:   -0.3729  -0.9278 0.009419
    - offset: -0.02732372
    - vertices: p84(v498) p4595(v394) p1195(v65)
    - neighboring facets: f2023 f2557 f3087
- f2555
    - flags: top simplicial
    - normal:   -0.4197  -0.9077 0.0002904
    - offset: -0.02823805
    - vertices: p84(v498) p3134(v284) p6685(v17)
    - neighboring facets: f1458 f2552 f2556
- f2556
    - flags: bottom simplicial
    - normal:   -0.4169   -0.909 0.000187
    - offset: -0.02816113
    - vertices: p84(v498) p3134(v284) p5443(v112)
    - neighboring facets: f1459 f2558 f2555
- f2557
    - flags: bottom simplicial
    - normal:   -0.3747  -0.9271 0.0004485
    - offset: -0.02705953
    - vertices: p84(v498) p1778(v181) p1195(v65)
    - neighboring facets: f1995 f2553 f2558
- f2558
    - flags: top simplicial
    - normal:   -0.3748  -0.9271 -2.277e-05
    - offset: -0.02704679
    - vertices: p84(v498) p1778(v181) p5443(v112)
    - neighboring facets: f1446 f2556 f2557
- f2560
    - flags: top simplicial
    - normal:    -0.619  -0.7854 0.0004468
    - offset: -0.03303649
    - vertices: p1489(v499) p1900(v380) p4777(v177)
    - neighboring facets: f3091 f2563 f3191
- f2563
    - flags: bottom simplicial
    - normal:   -0.6497  -0.7602 4.817e-06
    - offset: -0.03368247
    - vertices: p1489(v499) p747(v277) p4777(v177)
    - neighboring facets: f1454 f2560 f3197
- f2571
    - flags: bottom simplicial tested
    - normal:   -0.9962 -0.08664 0.001759
    - offset: -0.03621791
    - center: -0.03518036666666667 -0.01277506666666667 0.03583806666666667 
    - vertices: p8793(v501) p3508(v381) p3459(v276)
    - neighboring facets: f1971 f2578 f2575
- f2572
    - flags: bottom simplicial tested
    - normal:        -1 -0.003572 0.0007876
    - offset: -0.03526995
    - center: -0.03519853333333334 -0.0120271 0.03643796666666666 
    - vertices: p8793(v501) p2005(v382) p8219(v109)
    - neighboring facets: f3811 f2573 f2574
    - ridges:
- f2573
    - flags: top simplicial tested
    - normal:        -1 -0.008043 0.0002378
    - offset: -0.03530446
    - center: -0.03519853333333333 -0.01234313333333333 0.03278376666666667 
    - vertices: p8793(v501) p8948(v278) p8219(v109)
    - neighboring facets: f3802 f2572 f2577
    - ridges:
- f2574
    - flags: top simplicial tested
    - normal:        -1 -0.003491 0.001083
    - offset: -0.03528007
    - center: -0.03519853333333333 -0.0115087 0.03842416666666667 
    - vertices: p8793(v501) p2005(v382) p6898(v275)
    - neighboring facets: f3814 f2576 f2572
    - ridges:
- f2575
    - flags: top simplicial tested
    - normal:   -0.9987 -0.05027 0.0001532
    - offset: -0.03578831
    - center: -0.03519133333333333 -0.01266616666666667 0.03114766666666667 
    - vertices: p8793(v501) p3508(v381) p8301(v63)
    - neighboring facets: f1972 f2579 f2571
- f2576
    - flags: bottom simplicial tested
    - normal:        -1 -0.00438 0.001831
    - offset: -0.03531934
    - center: -0.03519853333333334 -0.01073108666666667 0.04051553333333333 
    - vertices: p8793(v501) p5988(v383) p6898(v275)
    - neighboring facets: f3815 f2574 f3099
    - ridges:
- f2577
    - flags: top simplicial tested
    - normal:   -0.9998 -0.01969 1.722e-05
    - offset: -0.03543682
    - center: -0.03519726666666666 -0.0124851 0.0281242 
    - vertices: p8793(v501) p7566(v385) p8948(v278)
    - neighboring facets: f1987 f2573 f2580
- f2578
    - flags: top simplicial tested
    - normal:   -0.9839  -0.1746  0.03733
    - offset: -0.03823178
    - center: -0.0351104 -0.0130968 0.0374813 
    - vertices: p8793(v501) p1580(v478) p3459(v276)
    - neighboring facets: f2441 f2571 f3103
- f2579
    - flags: bottom simplicial tested
    - normal:   -0.9994 -0.03455 3.725e-05
    - offset: -0.03561002
    - center: -0.03519363333333333 -0.01263086666666667 0.02597486666666667 
    - vertices: p8793(v501) p8372(v279) p8301(v63)
    - neighboring facets: f1972 f2575 f2580
- f2580
    - flags: bottom simplicial tested
    - normal:   -0.9996 -0.02877 9.408e-06
    - offset: -0.03554283
    - center: -0.03519493333333333 -0.01258856666666667 0.02517563333333334 
    - vertices: p8793(v501) p7566(v385) p8372(v279)
    - neighboring facets: f1988 f2579 f2577
- f2584
    - flags: bottom simplicial
    - normal:   -0.2829  -0.9591 0.007558
    - offset: -0.02678625
    - vertices: p6949(v502) p6349(v285) p1195(v65)
    - neighboring facets: f1462 f2585 f2586
- f2585
    - flags: top simplicial
    - normal:   -0.3553  -0.9348 -2.671e-05
    - offset: -0.02696186
    - vertices: p6949(v502) p3874(v386) p1195(v65)
    - neighboring facets: f1991 f2584 f2586
- f2586
    - flags: bottom simplicial
    - normal:   -0.3077  -0.9515 0.000381
    - offset: -0.02673015
    - vertices: p6949(v502) p3874(v386) p6349(v285)
    - neighboring facets: f1994 f2584 f2585
- f2589
    - flags: top simplicial
    - normal:   -0.2785  -0.9604 -0.0001903
    - offset: -0.02654991
    - vertices: p6205(v503) p35(v389) p6349(v285)
    - neighboring facets: f2002 f2593 f3112
- f2590
    - flags: top simplicial
    - normal:   -0.1681  -0.9856  0.01745
    - offset: -0.02619989
    - vertices: p4483(v504) p6349(v285) p1820(v115)
    - neighboring facets: f1462 f2591 f2593
- f2591
    - flags: bottom simplicial
    - normal:   -0.1603   -0.987  0.01394
    - offset: -0.02604665
    - vertices: p4483(v504) p2393(v390) p1820(v115)
    - neighboring facets: f3720 f2590 f2600
- f2593
    - flags: top simplicial
    - normal:    -0.264  -0.9645 -4.051e-05
    - offset: -0.02646406
    - vertices: p4483(v504) p6205(v503) p6349(v285)
    - neighboring facets: f2589 f2590 f3113
- f2600
    - flags: top simplicial
    - normal:   -0.1911  -0.9816 0.0001804
    - offset: -0.02596214
    - vertices: p6863(v505) p4483(v504) p2393(v390)
    - neighboring facets: f2591 f3105 f3110
- f2601
    - flags: top simplicial
    - normal:   -0.2572  -0.9296   0.2641
    - offset: -0.03422855
    - vertices: p1750(v506) p3315(v391) p3913(v114)
    - neighboring facets: f2010 f2603 f2602
- f2602
    - flags: bottom simplicial
    - normal:   -0.3272  -0.9087   0.2592
    - offset: -0.03469318
    - vertices: p1750(v506) p3315(v391) p1900(v380)
    - neighboring facets: f2011 f2604 f2601
- f2603
    - flags: bottom simplicial
    - normal:   -0.2891  -0.9471   0.1393
    - offset: -0.03070524
    - vertices: p1750(v506) p4595(v394) p3913(v114)
    - neighboring facets: f2025 f2601 f2604
- f2604
    - flags: top simplicial
    - normal:   -0.3497  -0.9307   0.1073
    - offset: -0.0301616
    - vertices: p1750(v506) p4595(v394) p1900(v380)
    - neighboring facets: f3085 f2602 f2603
- f2606
    - flags: bottom simplicial tested
    - normal:  -0.001686       -1  0.00214
    - offset: -0.02429546
    - center: -0.009830436666666666 -0.0242174 0.0287739 
    - vertices: p8597(v507) p658(v187) p1820(v115)
    - neighboring facets: f3473 f2607 f3832
    - ridges:
- f2607
    - flags: top simplicial tested
    - normal:  -0.001749       -1 0.001227
    - offset: -0.02426999
    - center: -0.01020886666666667 -0.0242174 0.02835876666666666 
    - vertices: p8597(v507) p6902(v392) p1820(v115)
    - neighboring facets: f2609 f2606 f3830
    - ridges:
- f2608
    - flags: top simplicial tested
    - normal:  -0.001904       -1 0.0002536
    - offset: -0.02424451
    - center: -0.01054636666666667 -0.0242179 0.02593496666666667 
    - vertices: p6013(v508) p6902(v392) p2212(v288)
    - neighboring facets: f3833 f2610 f2609
    - ridges:
- f2609
    - flags: bottom simplicial tested
    - normal:  -0.002537       -1 0.0005441
    - offset: -0.02425897
    - center: -0.01061443333333333 -0.0242171 0.02761373333333333 
    - vertices: p6013(v508) p6902(v392) p1820(v115)
    - neighboring facets: f2607 f2611 f2608
- f2610
    - flags: bottom simplicial tested
    - normal:  -0.00818       -1 -4.77e-06
    - offset: -0.02430475
    - center: -0.01073023333333333 -0.0242179 0.02306163333333333 
    - vertices: p6013(v508) p2799(v470) p2212(v288)
    - neighboring facets: f3828 f2608 f2611
    - ridges:
- f2611
    - flags: top simplicial tested
    - normal:  -0.02174  -0.9998 -0.0002207
    - offset: -0.02444065
    - center: -0.0107983 -0.02421709999999999 0.0247404 
    - vertices: p6013(v508) p2799(v470) p1820(v115)
    - neighboring facets: f2402 f2609 f2610
- f2615
    - flags: bottom simplicial tested
    - normal:   0.02889  -0.9795   0.1995
    - offset: -0.02953459
    - center: 0.001914731 -0.0241682 0.0291112 
    - vertices: p5674(v509) p7945(v393) p9740(v289)
    - neighboring facets: f2022 f2630 f3115
- f2620
    - flags: top simplicial
    - normal:  -0.002629   -0.964   0.2658
    - offset: -0.03120933
    - vertices: p9431(v510) p3913(v114) p9055(v67)
    - neighboring facets: f945 f2635 f3123
- f2624
    - flags: top simplicial
    - normal:  0.001975   -0.964   0.2659
    - offset: -0.03116975
    - vertices: p9431(v510) p6240(v395) p2354(v291)
    - neighboring facets: f3128 f3479 f2633
- f2625
    - flags: top simplicial
    - normal:    0.1112  -0.9533   0.2808
    - offset: -0.03157342
    - vertices: p2821(v511) p6240(v395) p5852(v118)
    - neighboring facets: f2031 f2629 f3129
- f2628
    - flags: top simplicial
    - normal:   0.02118   -0.967    0.254
    - offset: -0.03085078
    - vertices: p2821(v511) p5674(v509) p4806(v396)
    - neighboring facets: f3131 f3130 f2630
- f2629
    - flags: bottom simplicial
    - normal:   0.06053  -0.9694   0.2378
    - offset: -0.03049414
    - vertices: p2821(v511) p9740(v289) p5852(v118)
    - neighboring facets: f2051 f2625 f2630
- f2630
    - flags: bottom simplicial
    - normal:   0.03786  -0.9722   0.2311
    - offset: -0.03029826
    - vertices: p2821(v511) p5674(v509) p9740(v289)
    - neighboring facets: f2615 f2629 f2628
- f2633
    - flags: bottom simplicial
    - normal:  0.001577  -0.9638   0.2667
    - offset: -0.03125272
    - vertices: p5053(v512) p9431(v510) p6240(v395)
    - neighboring facets: f2624 f3162 f2635
- f2634
    - flags: bottom simplicial
    - normal:  -0.004857  -0.9633   0.2683
    - offset: -0.0314712
    - vertices: p5053(v512) p9765(v184) p9055(v67)
    - neighboring facets: f945 f2635 f2672
- f2635
    - flags: top simplicial
    - normal:  -0.002629   -0.964   0.2658
    - offset: -0.03120938
    - vertices: p5053(v512) p9431(v510) p9055(v67)
    - neighboring facets: f2620 f2634 f2633
- f2639
    - flags: bottom simplicial
    - normal:  -1.23e-05  -0.9659   0.2588
    - offset: -0.03096602
    - center: -0.0123865 -0.02349916666666666 0.03194366666666667 
    - vertices: p756(v514) p3686(v290) p9417(v188)
    - neighboring facets: f2024 f3653 f2641
- f2641
    - flags: top simplicial
    - normal:  -2.286e-05  -0.9659   0.2588
    - offset: -0.03096652
    - vertices: p756(v514) p3686(v290) p3913(v114)
    - neighboring facets: f2025 f3125 f2639
- f2644
    - flags: bottom simplicial
    - normal:     0.471  -0.8148    0.338
    - offset: -0.03355617
    - vertices: p7735(v515) p9877(v296) p3001(v196)
    - neighboring facets: f1519 f2654 f3660
- f2654
    - flags: bottom simplicial
    - normal:    0.3568  -0.8811   0.3104
    - offset: -0.03208068
    - vertices: p9230(v516) p7735(v515) p3001(v196)
    - neighboring facets: f2644 f2655 f3138
- f2655
    - flags: bottom simplicial
    - normal:    0.3155  -0.9003   0.2998
    - offset: -0.03146299
    - vertices: p9230(v516) p3001(v196) p5852(v118)
    - neighboring facets: f2031 f2656 f2654
- f2656
    - flags: top simplicial
    - normal:    0.2972  -0.9124   0.2816
    - offset: -0.03114006
    - vertices: p9230(v516) p8465(v399) p5852(v118)
    - neighboring facets: f2051 f2655 f3142
- f2658
    - flags: top simplicial
    - normal:    0.2213  -0.5875   0.7784
    - offset: -0.08043025
    - vertices: p3739(v517) p2527(v293) p8342(v119)
    - neighboring facets: f1502 f3143 f2659
- f2659
    - flags: top simplicial
    - normal:    0.1501  -0.4875   0.8601
    - offset: -0.0893893
    - vertices: p3739(v517) p8853(v400) p2527(v293)
    - neighboring facets: f2062 f2658 f3494
- f2663
    - flags: top simplicial
    - normal:   0.04511  -0.9349    0.352
    - offset: -0.03913874
    - vertices: p1363(v518) p6518(v402) p6240(v395)
    - neighboring facets: f2070 f3163 f3664
- f2669
    - flags: bottom simplicial
    - normal:   -0.1291  -0.8842   0.4488
    - offset: -0.05074378
    - vertices: p3480(v519) p2748(v403) p7684(v295)
    - neighboring facets: f2076 f3496 f3152
- f2670
    - flags: bottom simplicial
    - normal:   -0.1282  -0.9433   0.3061
    - offset: -0.03661774
    - vertices: p9043(v520) p6046(v404) p9765(v184)
    - neighboring facets: f2082 f2672 f3159
- f2672
    - flags: top simplicial
    - normal:  -0.006524  -0.9625   0.2712
    - offset: -0.03177162
    - vertices: p9043(v520) p5053(v512) p9765(v184)
    - neighboring facets: f2634 f2670 f3161
- f2675
    - flags: bottom simplicial
    - normal:   -0.2335  -0.7789   0.5821
    - offset: -0.06522006
    - vertices: p9101(v521) p2748(v403) p3731(v294)
    - neighboring facets: f3145 f2676 f3165
- f2676
    - flags: top simplicial
    - normal:   -0.3194  -0.7205   0.6156
    - offset: -0.06953813
    - vertices: p9101(v521) p4581(v406) p3731(v294)
    - neighboring facets: f2685 f2675 f2697
- f2681
    - flags: top simplicial
    - normal:   -0.6885  -0.4481   0.5703
    - offset: -0.06884446
    - vertices: p2175(v522) p5075(v298) p1935(v66)
    - neighboring facets: f1532 f2683 f3178
- f2683
    - flags: bottom simplicial
    - normal:   -0.6049  -0.2246    0.764
    - offset: -0.08744507
    - vertices: p2175(v522) p4865(v401) p1935(v66)
    - neighboring facets: f2064 f2681 f2684
- f2684
    - flags: top simplicial
    - normal:    -0.353  -0.5815    0.733
    - offset: -0.08179521
    - vertices: p2175(v522) p4865(v401) p3731(v294)
    - neighboring facets: f3491 f2685 f2683
- f2685
    - flags: bottom simplicial
    - normal:   -0.3564  -0.6029   0.7138
    - offset: -0.07989263
    - vertices: p2175(v522) p4581(v406) p3731(v294)
    - neighboring facets: f2676 f2684 f3179
- f2687
    - flags: bottom simplicial
    - normal:   -0.8755  -0.2564   0.4096
    - offset: -0.05451687
    - vertices: p5986(v523) p3798(v407) p2039(v297)
    - neighboring facets: f2691 f2689 f3168
- f2689
    - flags: top simplicial
    - normal:   -0.8871  -0.2707    0.374
    - offset: -0.05124911
    - vertices: p5986(v523) p9104(v409) p2039(v297)
    - neighboring facets: f3184 f2687 f2710
- f2690
    - flags: bottom simplicial
    - normal:    -0.891  -0.2025   0.4065
    - offset: -0.05427683
    - vertices: p9677(v524) p5075(v298) p2039(v297)
    - neighboring facets: f1533 f2691 f3177
- f2691
    - flags: top simplicial
    - normal:   -0.8756  -0.2561   0.4097
    - offset: -0.0545193
    - vertices: p9677(v524) p3798(v407) p2039(v297)
    - neighboring facets: f2687 f2690 f3175
- f2696
    - flags: top simplicial
    - normal:   -0.5607  -0.6736   0.4816
    - offset: -0.05866897
    - vertices: p33(v525) p9101(v521) p5446(v405)
    - neighboring facets: f3167 f3172 f2697
- f2697
    - flags: bottom simplicial
    - normal:    -0.592   -0.611   0.5256
    - offset: -0.06336654
    - vertices: p33(v525) p9101(v521) p4581(v406)
    - neighboring facets: f2676 f3180 f2696
- f2702
    - flags: bottom simplicial
    - normal:   -0.8918  -0.2759   0.3586
    - offset: -0.04993048
    - vertices: p2412(v526) p2521(v228) p5926(v189)
    - neighboring facets: f1170 f2703 f3182
- f2703
    - flags: top simplicial
    - normal:   -0.8577  -0.3693   0.3576
    - offset: -0.04966174
    - vertices: p2412(v526) p9104(v409) p5926(v189)
    - neighboring facets: f2713 f2702 f3185
- f2710
    - flags: bottom simplicial
    - normal:   -0.8445  -0.3753   0.3821
    - offset: -0.05174236
    - vertices: p5930(v527) p5986(v523) p9104(v409)
    - neighboring facets: f2689 f2714 f3171
- f2713
    - flags: bottom simplicial
    - normal:   -0.8308  -0.4287   0.3549
    - offset: -0.04921246
    - vertices: p2526(v528) p9104(v409) p5926(v189)
    - neighboring facets: f2703 f3202 f2714
- f2714
    - flags: bottom simplicial
    - normal:   -0.8319    -0.41    0.374
    - offset: -0.05092783
    - vertices: p2526(v528) p5930(v527) p9104(v409)
    - neighboring facets: f2710 f2713 f3190
- f2717
    - flags: bottom simplicial
    - normal:   -0.6006  -0.7341   0.3167
    - offset: -0.04335231
    - vertices: p1537(v529) p1900(v380) p9289(v300)
    - neighboring facets: f2551 f2718 f3192
- f2718
    - flags: top simplicial
    - normal:   -0.6262  -0.7104   0.3213
    - offset: -0.04405655
    - vertices: p1537(v529) p8615(v410) p9289(v300)
    - neighboring facets: f3188 f2717 f3501
- f2727
    - flags: bottom simplicial
    - normal:   -0.8083  -0.5887 -1.681e-05
    - offset: -0.03653661
    - vertices: p1537(v529) p4819(v481) p4449(v373)
    - neighboring facets: f2461 f3205 f2980
- f2730
    - flags: bottom simplicial
    - normal:    0.9993 -0.0002528 -0.03848
    - offset: -0.02963272
    - vertices: p4213(v530) p5414(v411) p1093(v2)
    - neighboring facets: f2116 f2732 f2741
- f2731
    - flags: bottom simplicial
    - normal:    0.9991 1.277e-07  0.04316
    - offset: -0.03035832
    - vertices: p4213(v530) p1132(v450) p6657(v341)
    - neighboring facets: f2308 f2745 f2733
- f2732
    - flags: top simplicial
    - normal:    0.9992 2.49e-05  0.04121
    - offset: -0.03034323
    - vertices: p4213(v530) p6871(v161) p1093(v2)
    - neighboring facets: f1549 f2730 f2733
- f2733
    - flags: top simplicial
    - normal:    0.9991 4.547e-06  0.04306
    - offset: -0.03035751
    - vertices: p4213(v530) p1132(v450) p6871(v161)
    - neighboring facets: f2308 f2732 f2731
- f2735
    - flags: top simplicial
    - normal:    0.9699  0.01152  -0.2432
    - offset: -0.02714507
    - vertices: p5214(v531) p8701(v414) p1349(v198)
    - neighboring facets: f2747 f3509 f2736
- f2736
    - flags: bottom simplicial
    - normal:    0.9795  0.03029  -0.1993
    - offset: -0.02802812
    - vertices: p5214(v531) p8701(v414) p7703(v301)
    - neighboring facets: f2133 f3211 f2735
- f2741
    - flags: top simplicial
    - normal:    0.9981 -0.0008998 -0.06241
    - offset: -0.02938409
    - vertices: p5262(v532) p4213(v530) p5414(v411)
    - neighboring facets: f2730 f3224 f2745
- f2744
    - flags: bottom simplicial
    - normal:    0.9968 -0.004926 -0.07923
    - offset: -0.02922855
    - vertices: p5262(v532) p6657(v341) p6653(v232)
    - neighboring facets: f1748 f3221 f2745
- f2745
    - flags: bottom simplicial
    - normal:    0.9983 -0.001565 -0.05814
    - offset: -0.02943232
    - vertices: p5262(v532) p4213(v530) p6657(v341)
    - neighboring facets: f2731 f2744 f2741
- f2746
    - flags: top simplicial
    - normal:    0.9539 -3.018e-05     -0.3
    - offset: -0.02606783
    - vertices: p4446(v533) p3109(v413) p1349(v198)
    - neighboring facets: f2128 f2747 f2748
- f2747
    - flags: bottom simplicial
    - normal:    0.9522 0.0002632  -0.3054
    - offset: -0.02597619
    - vertices: p4446(v533) p8701(v414) p1349(v198)
    - neighboring facets: f2735 f2746 f2748
- f2748
    - flags: top simplicial
    - normal:    0.9516 0.0001691  -0.3075
    - offset: -0.02593926
    - vertices: p4446(v533) p8701(v414) p3109(v413)
    - neighboring facets: f2135 f2746 f2747
- f2749
    - flags: bottom simplicial
    - normal:     0.924 -1.717e-06  -0.3824
    - offset: -0.02452301
    - vertices: p11(v534) p8701(v414) p4006(v121)
    - neighboring facets: f2135 f3525 f3229
- f2754
    - flags: bottom simplicial
    - normal:    0.6843  0.09567  -0.7229
    - offset: -0.0162303
    - vertices: p2428(v535) p2566(v251) p455(v160)
    - neighboring facets: f1292 f2755 f3548
- f2755
    - flags: top simplicial
    - normal:    0.7183  0.06158   -0.693
    - offset: -0.01692769
    - vertices: p2428(v535) p1792(v415) p455(v160)
    - neighboring facets: f2761 f2754 f3531
- f2760
    - flags: top simplicial
    - normal:    0.8851  0.05463  -0.4621
    - offset: -0.02346293
    - vertices: p1299(v536) p8701(v414) p455(v160)
    - neighboring facets: f2132 f2761 f3249
- f2761
    - flags: bottom simplicial
    - normal:    0.7494   0.0532    -0.66
    - offset: -0.01795976
    - vertices: p1299(v536) p1792(v415) p455(v160)
    - neighboring facets: f2755 f2760 f3666
- f2764
    - flags: bottom simplicial
    - normal:    0.4008  -0.2302  -0.8868
    - offset: -0.009547841
    - vertices: p2819(v537) p7371(v308) p8020(v200)
    - neighboring facets: f2143 f2769 f2765
- f2765
    - flags: bottom simplicial
    - normal:    0.3091  -0.2803  -0.9088
    - offset: -0.007923216
    - vertices: p2819(v537) p9278(v419) p7371(v308)
    - neighboring facets: f2160 f2764 f2766
- f2766
    - flags: top simplicial
    - normal:    0.3181  -0.3975  -0.8607
    - offset: -0.01073919
    - vertices: p2819(v537) p9278(v419) p5236(v269)
    - neighboring facets: f3407 f2767 f2765
- f2767
    - flags: top simplicial
    - normal:    0.4558  -0.4819  -0.7483
    - offset: -0.0167769
    - vertices: p2819(v537) p5236(v269) p404(v103)
    - neighboring facets: f3065 f2768 f2766
- f2768
    - flags: bottom simplicial
    - normal:    0.5248  -0.4763  -0.7055
    - offset: -0.01878687
    - vertices: p2819(v537) p1997(v366) p404(v103)
    - neighboring facets: f3401 f2767 f2769
- f2769
    - flags: top simplicial
    - normal:    0.5511  -0.4431  -0.7071
    - offset: -0.01883642
    - vertices: p2819(v537) p1997(v366) p8020(v200)
    - neighboring facets: f2957 f2764 f2768
- f2770
    - flags: bottom simplicial
    - normal:    0.3816 1.303e-06  -0.9243
    - offset: -0.005028727
    - vertices: p4005(v538) p1119(v310) p9274(v101)
    - neighboring facets: f1587 f3256 f3254
- f2773
    - flags: top simplicial
    - normal:   -0.4251   0.9051 1.374e-05
    - offset: -0.0283748
    - vertices: p1690(v539) p3770(v421) p278(v235)
    - neighboring facets: f2325 f2775 f2774
- f2774
    - flags: bottom simplicial
    - normal:   -0.3948   0.9188 0.0004258
    - offset: -0.02758843
    - vertices: p1690(v539) p3770(v421) p1145(v311)
    - neighboring facets: f2322 f2776 f2773
- f2775
    - flags: top simplicial
    - normal:   -0.4123    0.911 -0.000133
    - offset: -0.02803633
    - vertices: p1690(v539) p278(v235) p4610(v87)
    - neighboring facets: f1217 f2776 f2773
- f2776
    - flags: bottom simplicial
    - normal:   -0.4116   0.9113 -0.0001268
    - offset: -0.02801925
    - vertices: p1690(v539) p1145(v311) p4610(v87)
    - neighboring facets: f2893 f2775 f2774
- f2779
    - flags: bottom simplicial
    - normal:   -0.5041   0.7771   0.3768
    - offset: -0.04785906
    - vertices: p1649(v540) p3736(v423) p1061(v314)
    - neighboring facets: f2185 f3560 f3258
- f2781
    - flags: bottom simplicial
    - normal:   -0.2586   0.8974   0.3576
    - offset: -0.04320295
    - vertices: p1649(v540) p1376(v438) p8858(v326)
    - neighboring facets: f2255 f3260 f3562
- f2800
    - flags: top simplicial
    - normal:   -0.6723   0.6623   0.3308
    - offset: -0.04549035
    - vertices: p9342(v544) p1753(v430) p5486(v210)
    - neighboring facets: f2210 f2802 f2801
- f2801
    - flags: bottom simplicial
    - normal:     -0.67   0.6655   0.3289
    - offset: -0.04529523
    - vertices: p9342(v544) p1753(v430) p7592(v321)
    - neighboring facets: f2212 f2803 f2800
- f2802
    - flags: bottom simplicial
    - normal:   -0.7655   0.5381   0.3528
    - offset: -0.04841716
    - vertices: p9342(v544) p357(v431) p5486(v210)
    - neighboring facets: f2807 f2800 f2803
- f2803
    - flags: top simplicial
    - normal:   -0.7523   0.5605   0.3463
    - offset: -0.0477187
    - vertices: p9342(v544) p357(v431) p7592(v321)
    - neighboring facets: f2214 f2801 f2802
- f2804
    - flags: bottom simplicial
    - normal:   -0.8143    0.454   0.3616
    - offset: -0.04961606
    - vertices: p8397(v545) p357(v431) p7629(v320)
    - neighboring facets: f2214 f3290 f2807
- f2805
    - flags: bottom simplicial
    - normal:   -0.8126   0.4424   0.3795
    - offset: -0.05124865
    - vertices: p8397(v545) p3023(v541) p1880(v424)
    - neighboring facets: f3262 f2806 f3697
- f2806
    - flags: bottom simplicial
    - normal:   -0.7929   0.4859   0.3678
    - offset: -0.04998337
    - vertices: p8397(v545) p1880(v424) p5486(v210)
    - neighboring facets: f2184 f2807 f2805
- f2807
    - flags: top simplicial
    - normal:   -0.7988   0.4793   0.3635
    - offset: -0.04964614
    - vertices: p8397(v545) p357(v431) p5486(v210)
    - neighboring facets: f2802 f2806 f2804
- f2822
    - flags: bottom simplicial
    - normal:    0.8877   0.2416   0.3919
    - offset: -0.03399805
    - vertices: p8170(v547) p6345(v134) p7854(v13)
    - neighboring facets: f808 f2823 f3776
- f2823
    - flags: top simplicial
    - normal:    0.8214   0.4136   0.3926
    - offset: -0.0350059
    - vertices: p8170(v547) p584(v23) p7854(v13)
    - neighboring facets: f468 f2822 f2824
- f2824
    - flags: bottom simplicial
    - normal:    0.7851   0.4809   0.3902
    - offset: -0.03520826
    - vertices: p8170(v547) p584(v23) p3091(v7)
    - neighboring facets: f467 f3295 f2823
- f2826
    - flags: top simplicial
    - normal:  -0.02216   0.9291   0.3692
    - offset: -0.04156838
    - vertices: p8751(v548) p1376(v438) p3096(v218)
    - neighboring facets: f2254 f2828 f3566
- f2828
    - flags: bottom simplicial
    - normal:  -0.003972   0.9268   0.3755
    - offset: -0.04201473
    - vertices: p8751(v548) p223(v437) p3096(v218)
    - neighboring facets: f2248 f2826 f2829
- f2829
    - flags: top simplicial
    - normal:  0.002602   0.9011   0.4335
    - offset: -0.04774752
    - vertices: p8751(v548) p223(v437) p9499(v329)
    - neighboring facets: f3779 f3565 f2828
- f2835
    - flags: bottom simplicial
    - normal:   -0.9977   0.0669 0.004927
    - offset: -0.03611759
    - vertices: p9957(v549) p3529(v76) p7872(v42)
    - neighboring facets: f1632 f3584 f3306
- f2839
    - flags: top simplicial
    - normal:    -0.969   0.2469 7.815e-05
    - offset: -0.03730572
    - vertices: p287(v550) p3340(v442) p2491(v334)
    - neighboring facets: f2843 f2840 f3589
- f2840
    - flags: top simplicial
    - normal:   -0.9756   0.2193 0.003705
    - offset: -0.03728788
    - vertices: p287(v550) p2491(v334) p7872(v42)
    - neighboring facets: f1720 f3312 f2839
- f2843
    - flags: bottom simplicial
    - normal:   -0.9555    0.295 -1.895e-05
    - offset: -0.03748031
    - vertices: p174(v551) p3340(v442) p2491(v334)
    - neighboring facets: f2839 f2844 f3314
- f2844
    - flags: top simplicial
    - normal:   -0.9349   0.3549 0.001479
    - offset: -0.03762259
    - vertices: p174(v551) p5104(v443) p2491(v334)
    - neighboring facets: f2277 f2843 f3316
- f2858
    - flags: top simplicial
    - normal:   -0.6094   0.7928 -0.00736
    - offset: -0.03269114
    - vertices: p185(v554) p8669(v444) p2634(v335)
    - neighboring facets: f2868 f3327 f3333
- f2865
    - flags: top simplicial
    - normal:     -0.72   0.6939 -0.0003925
    - offset: -0.03505971
    - vertices: p5623(v556) p1736(v553) p8561(v77)
    - neighboring facets: f3319 f3342 f2869
- f2868
    - flags: bottom simplicial
    - normal:   -0.7185   0.6955 -0.001375
    - offset: -0.03501394
    - vertices: p5623(v556) p8669(v444) p2634(v335)
    - neighboring facets: f2858 f3338 f2869
- f2869
    - flags: bottom simplicial
    - normal:   -0.7169   0.6972 -0.0005567
    - offset: -0.03499663
    - vertices: p5623(v556) p1736(v553) p8669(v444)
    - neighboring facets: f3321 f2868 f2865
- f2874
    - flags: top simplicial
    - normal:   -0.5207   0.7202  -0.4585
    - offset: -0.02489269
    - vertices: p1457(v558) p1568(v353) p6636(v28)
    - neighboring facets: f1811 f3330 f2876
- f2876
    - flags: top simplicial
    - normal:    -0.633   0.5526  -0.5421
    - offset: -0.02551082
    - vertices: p1457(v558) p2227(v446) p1568(v353)
    - neighboring facets: f2298 f2874 f3331
- f2877
    - flags: bottom simplicial
    - normal:   -0.8667   0.4975 -0.03773
    - offset: -0.03679455
    - vertices: p8872(v559) p8055(v445) p2634(v335)
    - neighboring facets: f3337 f2878 f3354
- f2878
    - flags: top simplicial
    - normal:   -0.7848   0.5729  -0.2366
    - offset: -0.03340836
    - vertices: p8872(v559) p5624(v447) p2634(v335)
    - neighboring facets: f2296 f2877 f2881
- f2880
    - flags: bottom simplicial
    - normal:   -0.9515   0.1587  -0.2634
    - offset: -0.03309593
    - vertices: p8872(v559) p8378(v244) p8029(v135)
    - neighboring facets: f2342 f3353 f2881
- f2881
    - flags: bottom simplicial
    - normal:   -0.8638   0.3146  -0.3935
    - offset: -0.03120933
    - vertices: p8872(v559) p5624(v447) p8378(v244)
    - neighboring facets: f2297 f2880 f2878
- f2882
    - flags: top simplicial
    - normal:     -0.29    0.957 -0.002981
    - offset: -0.02616782
    - vertices: p578(v560) p3193(v344) p5206(v144)
    - neighboring facets: f1764 f2884 f2889
- f2884
    - flags: bottom simplicial
    - normal:   -0.2569   0.9664 -0.001472
    - offset: -0.02598751
    - vertices: p578(v560) p7427(v343) p5206(v144)
    - neighboring facets: f1763 f2882 f2885
- f2885
    - flags: bottom simplicial
    - normal:    -0.257   0.9664 -0.0001354
    - offset: -0.02600202
    - vertices: p578(v560) p751(v451) p7427(v343)
    - neighboring facets: f2310 f2884 f2890
- f2886
    - flags: top simplicial
    - normal:   -0.2825   0.9593 -0.0003052
    - offset: -0.0261541
    - vertices: p6381(v561) p751(v451) p7531(v233)
    - neighboring facets: f2310 f2887 f2890
- f2887
    - flags: bottom simplicial
    - normal:   -0.3096   0.9509 0.0004732
    - offset: -0.02633132
    - vertices: p6381(v561) p5501(v452) p7531(v233)
    - neighboring facets: f2317 f2886 f2888
- f2888
    - flags: top simplicial
    - normal:   -0.3178   0.9482 0.0001739
    - offset: -0.02636957
    - vertices: p6381(v561) p5501(v452) p3193(v344)
    - neighboring facets: f3361 f2889 f2887
- f2889
    - flags: bottom simplicial
    - normal:   -0.2841   0.9588 -0.0005154
    - offset: -0.02616001
    - vertices: p6381(v561) p578(v560) p3193(v344)
    - neighboring facets: f2882 f2888 f2890
- f2890
    - flags: top simplicial
    - normal:   -0.2823   0.9593 -0.0004058
    - offset: -0.02615088
    - vertices: p6381(v561) p578(v560) p751(v451)
    - neighboring facets: f2885 f2886 f2889
- f2891
    - flags: top simplicial
    - normal:   -0.3569   0.9341 0.0001014
    - offset: -0.02656749
    - vertices: p8758(v562) p5501(v452) p1145(v311)
    - neighboring facets: f2315 f2893 f3363
- f2893
    - flags: top simplicial
    - normal:    -0.357   0.9341 -0.0003238
    - offset: -0.02656071
    - vertices: p8758(v562) p1145(v311) p4610(v87)
    - neighboring facets: f2776 f2894 f2891
- f2894
    - flags: bottom simplicial
    - normal:   -0.3568   0.9342 -0.000783
    - offset: -0.02655244
    - vertices: p8758(v562) p3193(v344) p4610(v87)
    - neighboring facets: f1766 f2893 f3362
- f2895
    - flags: bottom simplicial
    - normal:   -0.4756 -0.0004802  -0.8797
    - offset: -0.01043875
    - vertices: p6151(v563) p1875(v455) p5105(v347)
    - neighboring facets: f2331 f2896 f3365
- f2896
    - flags: top simplicial
    - normal:   -0.4869 -5.541e-05  -0.8735
    - offset: -0.01085646
    - vertices: p6151(v563) p9693(v456) p5105(v347)
    - neighboring facets: f2333 f2895 f3366
- f2899
    - flags: bottom simplicial tested
    - normal:   -0.9999 -1.799e-05 -0.01206
    - offset: -0.03508924
    - center: -0.03519976666666667 -0.00125807 0.008951000000000001 
    - vertices: p4670(v564) p8113(v457) p5322(v348)
    - neighboring facets: f2904 f2901 f3818
    - ridges:
- f2900
    - flags: bottom simplicial tested
    - normal:   -0.9999 -0.001924 -0.01719
    - offset: -0.03505412
    - center: -0.03519653333333334 -0.00900986 0.00898592 
    - vertices: p4670(v564) p4531(v240) p9288(v40)
    - neighboring facets: f1238 f3817 f2901
    - ridges:
- f2901
    - flags: bottom simplicial tested
    - normal:   -0.9994 -0.0002044 -0.03575
    - offset: -0.03485793
    - center: -0.03519630000000001 -0.005101366666666667 0.008863999999999999 
    - vertices: p4670(v564) p5322(v348) p4531(v240)
    - neighboring facets: f2905 f2900 f2899
- f2903
    - flags: top simplicial tested
    - normal:        -1 0.001123 -0.007975
    - offset: -0.03512931
    - center: -0.03519976666666667 0.00509784 0.009409566666666667 
    - vertices: p8788(v565) p5322(v348) p7600(v223)
    - neighboring facets: f2908 f3807 f2904
    - ridges:
- f2904
    - flags: top simplicial tested
    - normal:        -1 0.0007065 -0.00559
    - offset: -0.03515033
    - center: -0.03519976666666667 0.00263591 0.009077796666666665 
    - vertices: p8788(v565) p8113(v457) p5322(v348)
    - neighboring facets: f2899 f2903 f3818
    - ridges:
- f2905
    - flags: top simplicial
    - normal:   -0.9988 3.109e-05 -0.04977
    - offset: -0.03471245
    - vertices: p9784(v566) p5322(v348) p4531(v240)
    - neighboring facets: f2901 f2906 f2908
- f2906
    - flags: bottom simplicial
    - normal:   -0.9939 -4.706e-05  -0.1107
    - offset: -0.03401041
    - vertices: p9784(v566) p3771(v349) p4531(v240)
    - neighboring facets: f1798 f2905 f2907
- f2907
    - flags: bottom simplicial
    - normal:   -0.9922 7.559e-05  -0.1245
    - offset: -0.03383342
    - vertices: p9784(v566) p9237(v458) p3771(v349)
    - neighboring facets: f2339 f2906 f2909
- f2908
    - flags: bottom simplicial
    - normal:   -0.9999 0.001528 -0.01061
    - offset: -0.03510578
    - vertices: p9784(v566) p5322(v348) p7600(v223)
    - neighboring facets: f2903 f2909 f2905
- f2909
    - flags: top simplicial
    - normal:   -0.9999 0.003519  -0.0121
    - offset: -0.03510764
    - vertices: p9784(v566) p9237(v458) p7600(v223)
    - neighboring facets: f2347 f2908 f2907
- f2910
    - flags: bottom simplicial
    - normal:   -0.5963 -6.045e-06  -0.8027
    - offset: -0.01501493
    - vertices: p8241(v567) p3720(v242) p9609(v90)
    - neighboring facets: f1780 f3376 f2911
- f2911
    - flags: bottom simplicial
    - normal:   -0.6063 6.397e-05  -0.7952
    - offset: -0.01540356
    - vertices: p8241(v567) p6842(v459) p3720(v242)
    - neighboring facets: f2351 f2910 f3373
- f2915
    - flags: top simplicial
    - normal:    -0.962 0.0002412  -0.2732
    - offset: -0.03152869
    - vertices: p3884(v568) p8407(v241) p4411(v91)
    - neighboring facets: f2353 f2916 f2918
- f2916
    - flags: bottom simplicial
    - normal:   -0.9625 8.408e-05  -0.2713
    - offset: -0.03156229
    - vertices: p3884(v568) p7459(v351) p4411(v91)
    - neighboring facets: f2352 f2915 f2917
- f2917
    - flags: bottom simplicial
    - normal:   -0.9434 -0.0002673  -0.3317
    - offset: -0.03040515
    - vertices: p3884(v568) p8857(v461) p7459(v351)
    - neighboring facets: f2360 f2916 f2919
- f2918
    - flags: top simplicial
    - normal:     -0.94 0.002421  -0.3412
    - offset: -0.03021705
    - vertices: p3884(v568) p5547(v352) p8407(v241)
    - neighboring facets: f2344 f2915 f2919
- f2919
    - flags: top simplicial
    - normal:   -0.9312 0.0006941  -0.3646
    - offset: -0.02971483
    - vertices: p3884(v568) p8857(v461) p5547(v352)
    - neighboring facets: f3367 f2918 f2917
- f2921
    - flags: top simplicial
    - normal:   -0.9214 -0.0006651  -0.3885
    - offset: -0.02919297
    - vertices: p972(v569) p8857(v461) p8777(v243)
    - neighboring facets: f2360 f3612 f3369
- f2924
    - flags: bottom simplicial
    - normal:   -0.8513 -0.003272  -0.5247
    - offset: -0.02573555
    - vertices: p3112(v570) p6456(v462) p8777(v243)
    - neighboring facets: f2926 f3371 f3378
- f2926
    - flags: top simplicial
    - normal:   -0.8414 -0.01059  -0.5402
    - offset: -0.02534678
    - vertices: p8710(v571) p6456(v462) p8777(v243)
    - neighboring facets: f2924 f2931 f2938
- f2927
    - flags: top simplicial
    - normal:   -0.5918 -0.09839  -0.8001
    - offset: -0.01603706
    - vertices: p8710(v571) p7944(v104) p9609(v90)
    - neighboring facets: f510 f3377 f2929
- f2929
    - flags: top simplicial
    - normal:   -0.8145  -0.2059  -0.5424
    - offset: -0.02681365
    - vertices: p8710(v571) p2950(v262) p7944(v104)
    - neighboring facets: f1893 f2927 f2932
- f2931
    - flags: bottom simplicial
    - normal:   -0.8952 -0.05232  -0.4427
    - offset: -0.02838658
    - vertices: p8710(v571) p7459(v351) p8777(v243)
    - neighboring facets: f2360 f2926 f2932
- f2932
    - flags: top simplicial
    - normal:   -0.9008 -0.06728  -0.4289
    - offset: -0.02886099
    - vertices: p8710(v571) p7459(v351) p2950(v262)
    - neighboring facets: f1800 f2929 f2931
- f2935
    - flags: top simplicial
    - normal:   -0.7318 0.002394  -0.6815
    - offset: -0.02045396
    - vertices: p8141(v572) p9018(v350) p632(v154)
    - neighboring facets: f1792 f3383 f2937
- f2937
    - flags: top simplicial
    - normal:   -0.7414 0.0004034   -0.671
    - offset: -0.02086342
    - vertices: p8141(v572) p8710(v571) p9018(v350)
    - neighboring facets: f3375 f2935 f2938
- f2938
    - flags: bottom simplicial
    - normal:   -0.7798 -0.0004656  -0.6261
    - offset: -0.02250411
    - vertices: p8141(v572) p8710(v571) p6456(v462)
    - neighboring facets: f2926 f3379 f2937
- f2944
    - flags: bottom simplicial
    - normal:  -0.01519  0.03945  -0.9991
    - offset: -0.0004729992
    - center: -0.001019766666666667 0.0107126 -3.49257366666668e-05 
    - vertices: p8559(v573) p2815(v246) p5195(v94)
    - neighboring facets: f1268 f2945 f3419
- f2945
    - flags: top simplicial
    - normal:  -0.01606  0.05558  -0.9983
    - offset: -0.0006479095
    - center: -0.0002299643333333333 0.0110486 -3.022090333333338e-05 
    - vertices: p8559(v573) p4098(v463) p5195(v94)
    - neighboring facets: f2377 f2944 f3420
- f2946
    - flags: bottom simplicial
    - normal:  -0.04365   -0.999 -0.0009037
    - offset: -0.02464831
    - vertices: p6435(v574) p1126(v364) p535(v287)
    - neighboring facets: f2396 f2948 f3389
- f2948
    - flags: top simplicial
    - normal:  -0.04924  -0.9988 -0.0003928
    - offset: -0.02471382
    - vertices: p6435(v574) p5814(v469) p535(v287)
    - neighboring facets: f2396 f2946 f2951
- f2951
    - flags: bottom simplicial
    - normal:  -0.07153  -0.9974 0.0005779
    - offset: -0.0249499
    - vertices: p6435(v574) p5814(v469) p1820(v115)
    - neighboring facets: f2395 f3621 f2948
- f2953
    - flags: bottom simplicial
    - normal:    0.7947  -0.4987   -0.346
    - offset: -0.02936447
    - vertices: p1235(v575) p6392(v472) p1997(v366)
    - neighboring facets: f3397 f2957 f3394
- f2955
    - flags: bottom simplicial
    - normal:    0.8067  -0.2403  -0.5399
    - offset: -0.02349897
    - vertices: p1235(v575) p3317(v305) p1573(v201)
    - neighboring facets: f3673 f3393 f2956
- f2956
    - flags: top simplicial
    - normal:      0.68  -0.2925  -0.6723
    - offset: -0.01981567
    - vertices: p1235(v575) p3317(v305) p8020(v200)
    - neighboring facets: f2145 f2957 f2955
- f2957
    - flags: bottom simplicial
    - normal:    0.6686  -0.3904  -0.6329
    - offset: -0.02158219
    - vertices: p1235(v575) p1997(v366) p8020(v200)
    - neighboring facets: f2769 f2956 f2953
- f2960
    - flags: top simplicial
    - normal:    0.7726  -0.5995  -0.2088
    - offset: -0.03187903
    - vertices: p8724(v576) p2107(v365) p7196(v199)
    - neighboring facets: f1874 f2961 f2963
- f2961
    - flags: bottom simplicial
    - normal:    0.7729  -0.5986  -0.2105
    - offset: -0.0318529
    - vertices: p8724(v576) p6392(v472) p7196(v199)
    - neighboring facets: f2412 f2960 f3398
- f2963
    - flags: top simplicial
    - normal:    0.6287  -0.7523  -0.1968
    - offset: -0.03129339
    - vertices: p8724(v576) p173(v471) p2107(v365)
    - neighboring facets: f2403 f2960 f3490
- f2964
    - flags: top simplicial
    - normal:   -0.9481  -0.3178 -0.0002383
    - offset: -0.03753276
    - vertices: p8265(v577) p9107(v369) p3368(v263)
    - neighboring facets: f1895 f2965 f2966
- f2965
    - flags: bottom simplicial
    - normal:   -0.9516  -0.3073 -0.0003718
    - offset: -0.03750831
    - vertices: p8265(v577) p5295(v475) p3368(v263)
    - neighboring facets: f2431 f2964 f2967
- f2966
    - flags: bottom simplicial
    - normal:   -0.9539  -0.3002 5.381e-06
    - offset: -0.03749618
    - vertices: p8265(v577) p9107(v369) p5095(v176)
    - neighboring facets: f1896 f2967 f2964
- f2967
    - flags: top simplicial
    - normal:   -0.9561  -0.2932 -2.742e-05
    - offset: -0.03747629
    - vertices: p8265(v577) p5295(v475) p5095(v176)
    - neighboring facets: f2426 f2966 f2965
- f2968
    - flags: bottom simplicial
    - normal:   -0.9457  -0.3252 0.0007448
    - offset: -0.03757303
    - vertices: p9576(v578) p5095(v176) p1499(v33)
    - neighboring facets: f1896 f2972 f2969
- f2969
    - flags: bottom simplicial
    - normal:   -0.9466  -0.3223 0.002813
    - offset: -0.03764166
    - vertices: p9576(v578) p1580(v478) p5095(v176)
    - neighboring facets: f2441 f2968 f2975
- f2972
    - flags: top simplicial
    - normal:   -0.9346  -0.3558 -0.0001192
    - offset: -0.03758148
    - vertices: p9576(v578) p813(v170) p1499(v33)
    - neighboring facets: f1894 f2968 f3404
- f2974
    - flags: top simplicial
    - normal:   -0.8814  -0.4723 0.007382
    - offset: -0.03761987
    - vertices: p9576(v578) p1537(v529) p8011(v371)
    - neighboring facets: f2979 f3406 f2975
- f2975
    - flags: bottom simplicial
    - normal:   -0.8891  -0.4573  0.01843
    - offset: -0.03807799
    - vertices: p9576(v578) p1537(v529) p1580(v478)
    - neighboring facets: f3503 f2969 f2974
- f2976
    - flags: top simplicial
    - normal:   -0.8295  -0.5585 -0.0002399
    - offset: -0.03681942
    - vertices: p8444(v579) p2483(v372) p5313(v265)
    - neighboring facets: f2455 f2978 f2977
- f2977
    - flags: top simplicial
    - normal:   -0.8224  -0.5689 -0.000477
    - offset: -0.03672164
    - vertices: p8444(v579) p4819(v481) p2483(v372)
    - neighboring facets: f2460 f2976 f2980
- f2978
    - flags: bottom simplicial
    - normal:   -0.8307  -0.5567 9.828e-06
    - offset: -0.03683999
    - vertices: p8444(v579) p8011(v371) p5313(v265)
    - neighboring facets: f2454 f2976 f2979
- f2979
    - flags: bottom simplicial
    - normal:   -0.8233  -0.5677 7.441e-05
    - offset:  -0.036745
    - vertices: p8444(v579) p1537(v529) p8011(v371)
    - neighboring facets: f2974 f2978 f2980
- f2980
    - flags: top simplicial
    - normal:   -0.8125  -0.5829 -1.599e-05
    - offset: -0.0365959
    - vertices: p8444(v579) p1537(v529) p4819(v481)
    - neighboring facets: f2727 f2977 f2979
- f2981
    - flags: bottom simplicial
    - normal:   -0.7363  -0.6766 2.604e-06
    - offset: -0.03537075
    - vertices: p9592(v580) p9807(v370) p6927(v108)
    - neighboring facets: f2435 f3208 f2985
- f2985
    - flags: top simplicial
    - normal:    -0.753  -0.6581 -5.11e-05
    - offset: -0.03566028
    - vertices: p9592(v580) p9807(v370) p2628(v264)
    - neighboring facets: f1902 f3207 f2981
- f2987
    - flags: top simplicial
    - normal:   0.01069  -0.5003  -0.8658
    - offset: -0.006052297
    - vertices: p4823(v581) p8349(v483) p5733(v266)
    - neighboring facets: f2470 f3430 f2989
- f2989
    - flags: bottom simplicial
    - normal:   0.01287  -0.5141  -0.8577
    - offset: -0.006452745
    - vertices: p4823(v581) p8349(v483) p307(v173)
    - neighboring facets: f2990 f3629 f2987
- f2990
    - flags: top simplicial
    - normal:   0.04226  -0.5045  -0.8624
    - offset: -0.006777615
    - vertices: p6097(v582) p8349(v483) p307(v173)
    - neighboring facets: f2989 f2991 f2996
- f2991
    - flags: bottom simplicial
    - normal:   0.07265  -0.7662  -0.6385
    - offset: -0.01490666
    - vertices: p6097(v582) p1273(v272) p307(v173)
    - neighboring facets: f3033 f2990 f2994
- f2994
    - flags: bottom simplicial
    - normal:    0.2099  -0.7405  -0.6384
    - offset: -0.01730863
    - vertices: p6097(v582) p2141(v493) p1273(v272)
    - neighboring facets: f2529 f2991 f3068
- f2996
    - flags: bottom simplicial
    - normal:   0.06736  -0.4147  -0.9075
    - offset: -0.004973553
    - vertices: p6097(v582) p8349(v483) p5865(v374)
    - neighboring facets: f2470 f3409 f2990
- f2997
    - flags: top simplicial
    - normal:  -3.241e-08 2.992e-09       -1
    - offset: -5.029354e-05
    - center: -0.0005728386666666667 -0.003224873333333333 -5.029353333333334e-05 
    - vertices: p7346(v583) p2815(v246) p9304(v27)
    - neighboring facets: f1268 f2998 f3418
- f2998
    - flags: bottom simplicial
    - normal:  -3.291e-08 -1.89e-09       -1
    - offset: -5.029359e-05
    - center: -0.001168796333333333 -0.01072494 -5.029353333333334e-05 
    - vertices: p7346(v583) p7914(v172) p9304(v27)
    - neighboring facets: f882 f2997 f3413
- f3003
    - flags: bottom simplicial
    - normal:  1.294e-07 5.401e-08       -1
    - offset: -5.029507e-05
    - vertices: p5189(v584) p8754(v53) p8418(v8)
    - neighboring facets: f484 f3004 f3006
- f3004
    - flags: top simplicial
    - normal:  2.789e-08 1.803e-09       -1
    - offset: -5.029383e-05
    - center: 0.01045637666666667 0.002945331333333333 -5.029353333333334e-05 
    - vertices: p5189(v584) p362(v125) p8418(v8)
    - neighboring facets: f621 f3003 f3017
- f3006
    - flags: bottom simplicial
    - normal:    0.2396   0.1479  -0.9595
    - offset: -0.00320215
    - vertices: p5189(v584) p6470(v100) p8754(v53)
    - neighboring facets: f489 f3003 f3008
- f3008
    - flags: top simplicial
    - normal:    0.2017   0.2192  -0.9546
    - offset: -0.003543906
    - vertices: p5189(v584) p6470(v100) p6914(v16)
    - neighboring facets: f841 f3010 f3006
- f3010
    - flags: bottom simplicial
    - normal:    0.1685   0.2634  -0.9498
    - offset: -0.003680834
    - vertices: p5189(v584) p9318(v156) p6914(v16)
    - neighboring facets: f788 f3008 f3011
- f3011
    - flags: bottom simplicial
    - normal:   0.05966   0.1047  -0.9927
    - offset: -0.001437786
    - center: 0.006389316666666666 0.00970971 -4.018053333333347e-05 
    - vertices: p5189(v584) p1516(v354) p9318(v156)
    - neighboring facets: f3422 f3010 f3421
- f3014
    - flags: bottom simplicial tested
    - normal:  6.053e-08 -2.637e-08       -1
    - offset: -5.029425e-05
    - center: 0.009318683333333333 -0.005854483333333334 -5.029353333333334e-05 
    - vertices: p4454(v585) p3441(v418) p6803(v70)
    - neighboring facets: f2158 f3015 f3016
- f3015
    - flags: top simplicial tested
    - normal:  1.053e-07 -8.624e-08       -1
    - offset: -5.029507e-05
    - center: 0.007530443333333334 -0.008189373333333335 -5.029356666666667e-05 
    - vertices: p4454(v585) p4834(v484) p6803(v70)
    - neighboring facets: f2476 f3014 f3822
    - ridges:
- f3016
    - flags: top simplicial tested
    - normal:  5.164e-08 -1.972e-08       -1
    - offset: -5.029413e-05
    - center: 0.01007488666666667 -0.00403661 -5.029353333333334e-05 
    - vertices: p4454(v585) p3441(v418) p362(v125)
    - neighboring facets: f2159 f3017 f3014
- f3017
    - flags: bottom simplicial tested
    - normal:  2.219e-08 -6.472e-10       -1
    - offset: -5.029376e-05
    - center: 0.00892313 -9.661999999999984e-05 -5.029356666666667e-05 
    - vertices: p4454(v585) p5189(v584) p362(v125)
    - neighboring facets: f3004 f3016 f3823
    - ridges:
- f3019
    - flags: top simplicial
    - normal:  7.427e-05  -0.8882  -0.4594
    - offset: -0.01773418
    - vertices: p8214(v586) p9825(v486) p7313(v175)
    - neighboring facets: f3040 f3020 f3021
- f3020
    - flags: bottom simplicial
    - normal:  0.0001104  -0.8853   -0.465
    - offset: -0.01762256
    - vertices: p8214(v586) p2502(v487) p7313(v175)
    - neighboring facets: f3031 f3019 f3021
- f3021
    - flags: top simplicial
    - normal:  4.605e-05  -0.8833  -0.4688
    - offset: -0.01754655
    - vertices: p8214(v586) p2502(v487) p9825(v486)
    - neighboring facets: f3038 f3019 f3020
- f3025
    - flags: bottom simplicial
    - normal:  0.0001106  -0.6558  -0.7549
    - offset: -0.01015857
    - vertices: p6277(v588) p4880(v268) p307(v173)
    - neighboring facets: f3049 f3638 f3056
- f3029
    - flags: bottom simplicial
    - normal:  5.201e-05  -0.8458  -0.5335
    - offset: -0.01617127
    - vertices: p6806(v589) p7885(v587) p3616(v375)
    - neighboring facets: f3037 f3443 f3030
- f3030
    - flags: top simplicial
    - normal:  7.811e-05   -0.848    -0.53
    - offset: -0.01624836
    - vertices: p6806(v589) p7885(v587) p2502(v487)
    - neighboring facets: f3039 f3031 f3029
- f3031
    - flags: top simplicial
    - normal:  0.001649  -0.8649   -0.502
    - offset: -0.01688162
    - vertices: p6806(v589) p2502(v487) p7313(v175)
    - neighboring facets: f3020 f3034 f3030
- f3032
    - flags: bottom simplicial
    - normal:  0.006736   -0.755  -0.6557
    - offset: -0.01323817
    - vertices: p6806(v589) p926(v488) p307(v173)
    - neighboring facets: f3637 f3033 f3444
- f3033
    - flags: top simplicial
    - normal:   0.04251  -0.8066  -0.5895
    - offset: -0.01557242
    - vertices: p6806(v589) p1273(v272) p307(v173)
    - neighboring facets: f2991 f3032 f3034
- f3034
    - flags: bottom simplicial
    - normal:   0.03859  -0.8685  -0.4941
    - offset: -0.01767119
    - vertices: p6806(v589) p1273(v272) p7313(v175)
    - neighboring facets: f1495 f3031 f3033
- f3035
    - flags: bottom simplicial
    - normal:  -0.004607  -0.8862  -0.4633
    - offset: -0.01767664
    - vertices: p4031(v590) p5553(v489) p3616(v375)
    - neighboring facets: f2517 f3037 f3036
- f3036
    - flags: top simplicial
    - normal:  -0.0009717  -0.9041  -0.4274
    - offset: -0.01835558
    - vertices: p4031(v590) p5553(v489) p9825(v486)
    - neighboring facets: f3041 f3038 f3035
- f3037
    - flags: top simplicial
    - normal:  -0.0001931  -0.8566  -0.5161
    - offset: -0.01655459
    - vertices: p4031(v590) p7885(v587) p3616(v375)
    - neighboring facets: f3029 f3035 f3039
- f3038
    - flags: bottom simplicial
    - normal:  3.244e-05  -0.8823  -0.4706
    - offset: -0.01750921
    - vertices: p4031(v590) p2502(v487) p9825(v486)
    - neighboring facets: f3021 f3036 f3039
- f3039
    - flags: bottom simplicial
    - normal:  -6.4e-05   -0.861  -0.5086
    - offset: -0.01671513
    - vertices: p4031(v590) p7885(v587) p2502(v487)
    - neighboring facets: f3030 f3038 f3037
- f3040
    - flags: bottom simplicial
    - normal:  3.923e-05  -0.9053  -0.4247
    - offset: -0.01840407
    - vertices: p1165(v591) p9825(v486) p7313(v175)
    - neighboring facets: f3019 f3425 f3041
- f3041
    - flags: bottom simplicial
    - normal:  -0.0003072  -0.9098   -0.415
    - offset: -0.01858587
    - vertices: p1165(v591) p5553(v489) p9825(v486)
    - neighboring facets: f3036 f3040 f3427
- f3045
    - flags: bottom simplicial
    - normal:  -0.000554  -0.5551  -0.8318
    - offset: -0.007334672
    - vertices: p7122(v592) p9644(v490) p839(v377)
    - neighboring facets: f3051 f3625 f3632
- f3049
    - flags: top simplicial
    - normal:  2.772e-05  -0.6473  -0.7623
    - offset: -0.009910439
    - vertices: p8562(v593) p4880(v268) p307(v173)
    - neighboring facets: f3025 f3050 f3436
- f3050
    - flags: bottom simplicial
    - normal:  2.175e-05  -0.6109  -0.7917
    - offset: -0.008875526
    - vertices: p8562(v593) p9644(v490) p307(v173)
    - neighboring facets: f3631 f3049 f3051
- f3051
    - flags: top simplicial
    - normal:  -0.00313  -0.5655  -0.8247
    - offset: -0.007638132
    - vertices: p8562(v593) p9644(v490) p839(v377)
    - neighboring facets: f3045 f3052 f3050
- f3052
    - flags: top simplicial
    - normal:   -0.0165  -0.5077  -0.8614
    - offset: -0.006192526
    - vertices: p8562(v593) p839(v377) p5733(v266)
    - neighboring facets: f3627 f3054 f3051
- f3053
    - flags: bottom simplicial
    - normal:  -0.06947  -0.5181  -0.8525
    - offset: -0.007018203
    - vertices: p8562(v593) p7932(v492) p6820(v60)
    - neighboring facets: f2518 f3054 f3434
- f3054
    - flags: top simplicial
    - normal:  -0.05958  -0.4835  -0.8733
    - offset: -0.005982688
    - vertices: p8562(v593) p5733(v266) p6820(v60)
    - neighboring facets: f1368 f3053 f3052
- f3056
    - flags: top simplicial
    - normal:  0.0001056   -0.661  -0.7504
    - offset: -0.01030779
    - vertices: p9375(v594) p6277(v588) p4880(v268)
    - neighboring facets: f3025 f3437 f3639
- f3065
    - flags: bottom simplicial
    - normal:    0.4694  -0.6288  -0.6199
    - offset: -0.02121956
    - vertices: p8781(v596) p5236(v269) p404(v103)
    - neighboring facets: f2767 f3066 f3067
- f3066
    - flags: top simplicial
    - normal:    0.4963    -0.68  -0.5397
    - offset: -0.02361304
    - vertices: p8781(v596) p5017(v378) p404(v103)
    - neighboring facets: f1950 f3065 f3069
- f3067
    - flags: bottom simplicial
    - normal:    0.2613  -0.6903  -0.6747
    - offset: -0.01703845
    - vertices: p8781(v596) p6097(v582) p5236(v269)
    - neighboring facets: f3408 f3065 f3068
- f3068
    - flags: top simplicial
    - normal:      0.26  -0.7141    -0.65
    - offset: -0.01771696
    - vertices: p8781(v596) p6097(v582) p2141(v493)
    - neighboring facets: f2994 f3070 f3067
- f3069
    - flags: bottom simplicial
    - normal:      0.35  -0.7752  -0.5259
    - offset: -0.02221623
    - vertices: p8781(v596) p5017(v378) p7107(v168)
    - neighboring facets: f3487 f3070 f3066
- f3070
    - flags: top simplicial
    - normal:    0.2992  -0.7648  -0.5706
    - offset: -0.02039903
    - vertices: p8781(v596) p2141(v493) p7107(v168)
    - neighboring facets: f2528 f3069 f3068
- f3079
    - flags: bottom simplicial tested
    - normal:  0.0006095       -1 4.088e-05
    - offset: -0.02422583
    - center: 0.0128826 -0.0242176 0.009447916666666667 
    - vertices: p3335(v598) p7490(v495) p8911(v167)
    - neighboring facets: f2539 f3827 f3454
    - ridges:
- f3080
    - flags: top simplicial tested
    - normal:  -0.00298  -0.9994 -0.03575
    - offset: -0.02389563
    - center: -0.008091963333333334 -0.02420586666666666 0.0089169 
    - vertices: p5925(v599) p7721(v496) p8592(v259)
    - neighboring facets: f2546 f3452 f3084
- f3084
    - flags: bottom simplicial tested
    - normal:  -0.0001855  -0.9962 -0.08654
    - offset: -0.02335985
    - center: 0.0005083699999999999 -0.0242006 0.008665256666666668 
    - vertices: p5925(v599) p7721(v496) p5353(v379)
    - neighboring facets: f3733 f3458 f3080
- f3085
    - flags: bottom simplicial
    - normal:   -0.3607  -0.9303  0.06682
    - offset: -0.02902655
    - vertices: p2370(v600) p4595(v394) p1900(v380)
    - neighboring facets: f2604 f3086 f3087
- f3086
    - flags: top simplicial
    - normal:   -0.3965  -0.9177  0.02542
    - offset: -0.02850272
    - vertices: p2370(v600) p84(v498) p1900(v380)
    - neighboring facets: f2552 f3085 f3087
- f3087
    - flags: bottom simplicial
    - normal:   -0.3716  -0.9282  0.01856
    - offset: -0.0276035
    - vertices: p2370(v600) p84(v498) p4595(v394)
    - neighboring facets: f2553 f3085 f3086
- f3089
    - flags: bottom simplicial
    - normal:   -0.5662  -0.8242 2.846e-05
    - offset: -0.0318424
    - vertices: p643(v601) p4435(v500) p1900(v380)
    - neighboring facets: f3467 f3091 f3097
- f3090
    - flags: top simplicial
    - normal:   -0.6062  -0.7953 9.272e-05
    - offset: -0.03274647
    - vertices: p643(v601) p72(v283) p4777(v177)
    - neighboring facets: f1454 f3091 f3096
- f3091
    - flags: bottom simplicial
    - normal:   -0.6055  -0.7958 0.0001136
    - offset: -0.03273112
    - vertices: p643(v601) p1900(v380) p4777(v177)
    - neighboring facets: f2560 f3090 f3089
- f3095
    - flags: bottom simplicial
    - normal:   -0.5362  -0.8441 -0.004276
    - offset: -0.03108166
    - vertices: p8883(v602) p72(v283) p821(v182)
    - neighboring facets: f1448 f3463 f3096
- f3096
    - flags: bottom simplicial
    - normal:   -0.5587  -0.8294 -0.001241
    - offset: -0.03164582
    - vertices: p8883(v602) p643(v601) p72(v283)
    - neighboring facets: f3090 f3095 f3097
- f3097
    - flags: top simplicial
    - normal:   -0.5582  -0.8297 -0.001207
    - offset: -0.03163652
    - vertices: p8883(v602) p643(v601) p4435(v500)
    - neighboring facets: f3089 f3468 f3096
- f3098
    - flags: top simplicial tested
    - normal:    -0.995 -0.08655  0.05023
    - offset: -0.03800262
    - center: -0.03516126666666667 -0.00958431 0.04357066666666667 
    - vertices: p168(v603) p5988(v383) p9076(v140)
    - neighboring facets: f3803 f3101 f3099
    - ridges:
- f3099
    - flags: top simplicial tested
    - normal:    -0.995 -0.08648  0.05001
    - offset: -0.03799327
    - center: -0.0351598 -0.01077655333333333 0.04153836666666667 
    - vertices: p168(v603) p8793(v501) p5988(v383)
    - neighboring facets: f2576 f3098 f3103
- f3100
    - flags: top simplicial tested
    - normal:   -0.9347  -0.2595    0.243
    - offset: -0.04606256
    - center: -0.03495723333333333 -0.01052775333333333 0.0438525 
    - vertices: p168(v603) p2521(v228) p755(v62)
    - neighboring facets: f1170 f3102 f3101
- f3101
    - flags: bottom simplicial tested
    - normal:    -0.972  -0.1384     0.19
    - offset: -0.04378687
    - center: -0.03504483333333333 -0.009838443333333334 0.04400836666666667 
    - vertices: p168(v603) p2521(v228) p9076(v140)
    - neighboring facets: f1172 f3098 f3100
- f3102
    - flags: bottom simplicial tested
    - normal:   -0.9385  -0.3054   0.1609
    - offset: -0.04314238
    - center: -0.03499906666666666 -0.01182776666666666 0.0415367 
    - vertices: p168(v603) p1580(v478) p755(v62)
    - neighboring facets: f3504 f3100 f3103
- f3103
    - flags: bottom simplicial tested
    - normal:   -0.9835  -0.1638  0.07621
    - offset: -0.03955044
    - center: -0.0350852 -0.0123307 0.03966026666666667 
    - vertices: p168(v603) p8793(v501) p1580(v478)
    - neighboring facets: f2578 f3102 f3099
- f3105
    - flags: top simplicial
    - normal:   -0.1765  -0.9843 -0.0002871
    - offset: -0.02584351
    - vertices: p6002(v604) p6863(v505) p2393(v390)
    - neighboring facets: f2600 f3470 f3108
- f3106
    - flags: top simplicial
    - normal:   -0.1435  -0.9896 -0.006396
    - offset: -0.02551452
    - vertices: p6002(v604) p9533(v468) p3171(v32)
    - neighboring facets: f2545 f3107 f3471
- f3107
    - flags: bottom simplicial
    - normal:    -0.196  -0.9805 -0.01201
    - offset: -0.02586231
    - vertices: p6002(v604) p2232(v183) p3171(v32)
    - neighboring facets: f939 f3106 f3108
- f3108
    - flags: bottom simplicial
    - normal:   -0.1941   -0.981 -0.003674
    - offset: -0.02593761
    - vertices: p6002(v604) p6863(v505) p2232(v183)
    - neighboring facets: f3109 f3107 f3105
- f3109
    - flags: top simplicial
    - normal:   -0.2117  -0.9773 -0.0003949
    - offset: -0.02610596
    - vertices: p2866(v605) p6863(v505) p2232(v183)
    - neighboring facets: f3108 f3111 f3110
- f3110
    - flags: bottom simplicial
    - normal:   -0.2089  -0.9779 -0.0002704
    - offset: -0.02608757
    - vertices: p2866(v605) p6863(v505) p4483(v504)
    - neighboring facets: f2600 f3113 f3109
- f3111
    - flags: bottom simplicial
    - normal:   -0.2609  -0.9654 -0.0004676
    - offset: -0.02643556
    - vertices: p2866(v605) p35(v389) p2232(v183)
    - neighboring facets: f2001 f3109 f3112
- f3112
    - flags: bottom simplicial
    - normal:   -0.2612  -0.9653 -0.0003558
    - offset: -0.02643904
    - vertices: p2866(v605) p6205(v503) p35(v389)
    - neighboring facets: f2589 f3111 f3113
- f3113
    - flags: bottom simplicial
    - normal:    -0.261  -0.9653 -0.000305
    - offset: -0.02643896
    - vertices: p2866(v605) p4483(v504) p6205(v503)
    - neighboring facets: f2593 f3112 f3110
- f3115
    - flags: top simplicial tested
    - normal:  0.006342    -0.99   0.1412
    - offset: -0.02805471
    - center: -0.001292915666666667 -0.0241799 0.02921566666666667 
    - vertices: p6951(v606) p5674(v509) p7945(v393)
    - neighboring facets: f2615 f3837 f3475
    - ridges:
- f3123
    - flags: bottom simplicial
    - normal:  -0.0001591  -0.9641   0.2656
    - offset: -0.03116669
    - vertices: p9874(v608) p9431(v510) p3913(v114)
    - neighboring facets: f2620 f3125 f3481
- f3125
    - flags: top simplicial
    - normal:  -7.175e-06  -0.9659   0.2589
    - offset: -0.03096714
    - vertices: p9874(v608) p756(v514) p3913(v114)
    - neighboring facets: f2641 f3123 f3127
- f3127
    - flags: top simplicial
    - normal:  -6.145e-07  -0.9659   0.2588
    - offset: -0.0309662
    - center: -0.007018216666666667 -0.023096 0.0334484 
    - vertices: p9874(v608) p6056(v607) p756(v514)
    - neighboring facets: f3652 f3125 f3482
- f3128
    - flags: bottom simplicial
    - normal:   0.02709  -0.9627   0.2692
    - offset: -0.0312562
    - vertices: p9445(v609) p6240(v395) p2354(v291)
    - neighboring facets: f2624 f3133 f3129
- f3129
    - flags: bottom simplicial
    - normal:   0.03988  -0.9618   0.2709
    - offset: -0.03129783
    - vertices: p9445(v609) p2821(v511) p6240(v395)
    - neighboring facets: f2625 f3128 f3130
- f3130
    - flags: top simplicial
    - normal:   0.02228  -0.9654   0.2597
    - offset: -0.03099473
    - vertices: p9445(v609) p2821(v511) p4806(v396)
    - neighboring facets: f2628 f3131 f3129
- f3131
    - flags: bottom simplicial
    - normal:  9.738e-05  -0.9659   0.2588
    - offset: -0.03096565
    - vertices: p9445(v609) p5674(v509) p4806(v396)
    - neighboring facets: f2628 f3130 f3132
- f3132
    - flags: bottom simplicial
    - normal:  6.891e-06  -0.9659   0.2588
    - offset: -0.03096579
    - center: -0.001953202333333333 -0.02359906666666667 0.03157086666666667 
    - vertices: p9445(v609) p6056(v607) p5674(v509)
    - neighboring facets: f3650 f3131 f3483
- f3133
    - flags: top simplicial
    - normal:  9.888e-06  -0.9659   0.2588
    - offset: -0.03096659
    - vertices: p9445(v609) p9874(v608) p2354(v291)
    - neighboring facets: f3480 f3128 f3484
- f3138
    - flags: top simplicial
    - normal:    0.3894  -0.8993   0.1991
    - offset: -0.0321948
    - vertices: p2919(v610) p9230(v516) p7735(v515)
    - neighboring facets: f2654 f3658 f3142
- f3139
    - flags: bottom simplicial
    - normal:    0.3479  -0.9284  -0.1307
    - offset: -0.02881193
    - vertices: p2919(v610) p577(v398) p7107(v168)
    - neighboring facets: f2047 f3485 f3140
- f3140
    - flags: top simplicial
    - normal:    0.3198  -0.9452 -0.06623
    - offset: -0.02911794
    - vertices: p2919(v610) p577(v398) p5374(v292)
    - neighboring facets: f2046 f3141 f3139
- f3141
    - flags: bottom simplicial
    - normal:    0.2997   -0.954 -0.006051
    - offset: -0.02939382
    - vertices: p2919(v610) p8465(v399) p5374(v292)
    - neighboring facets: f2050 f3140 f3142
- f3142
    - flags: bottom simplicial
    - normal:    0.3013  -0.9535 -0.0008738
    - offset: -0.02946959
    - vertices: p2919(v610) p9230(v516) p8465(v399)
    - neighboring facets: f2656 f3141 f3138
- f3143
    - flags: top simplicial
    - normal:  0.007772  -0.7557   0.6549
    - offset: -0.07003841
    - vertices: p5803(v611) p3739(v517) p8342(v119)
    - neighboring facets: f2658 f3144 f3495
- f3144
    - flags: bottom simplicial
    - normal:  -0.03124  -0.8137   0.5805
    - offset: -0.06284843
    - vertices: p5803(v611) p2748(v403) p8342(v119)
    - neighboring facets: f3151 f3143 f3145
- f3145
    - flags: top simplicial
    - normal:  -0.05232  -0.8077   0.5873
    - offset: -0.06377085
    - vertices: p5803(v611) p2748(v403) p3731(v294)
    - neighboring facets: f2675 f3492 f3144
- f3149
    - flags: bottom simplicial
    - normal:  0.009955  -0.8565   0.5161
    - offset: -0.05594844
    - vertices: p9228(v612) p6518(v402) p8342(v119)
    - neighboring facets: f2068 f3151 f3499
- f3151
    - flags: top simplicial
    - normal:  -0.002777  -0.8478   0.5303
    - offset: -0.05750821
    - vertices: p9228(v612) p2748(v403) p8342(v119)
    - neighboring facets: f3144 f3149 f3152
- f3152
    - flags: top simplicial
    - normal:  -0.003487  -0.8533   0.5214
    - offset: -0.05662136
    - vertices: p9228(v612) p3480(v519) p2748(v403)
    - neighboring facets: f2669 f3151 f3498
- f3158
    - flags: top simplicial
    - normal:   -0.1557    -0.91   0.3842
    - offset: -0.04460801
    - vertices: p8553(v614) p6046(v404) p7684(v295)
    - neighboring facets: f2077 f3160 f3159
- f3159
    - flags: top simplicial
    - normal:   -0.1179  -0.9337    0.338
    - offset: -0.03961624
    - vertices: p8553(v614) p9043(v520) p6046(v404)
    - neighboring facets: f2670 f3158 f3161
- f3160
    - flags: bottom simplicial
    - normal:  -0.005293  -0.9273   0.3742
    - offset: -0.04190854
    - vertices: p8553(v614) p1363(v518) p7684(v295)
    - neighboring facets: f3663 f3158 f3163
- f3161
    - flags: bottom simplicial
    - normal:  0.001371  -0.9501   0.3121
    - offset: -0.0356826
    - vertices: p8553(v614) p9043(v520) p5053(v512)
    - neighboring facets: f2672 f3162 f3159
- f3162
    - flags: bottom simplicial
    - normal:   0.01019  -0.9474   0.3199
    - offset: -0.03635214
    - vertices: p8553(v614) p5053(v512) p6240(v395)
    - neighboring facets: f2633 f3163 f3161
- f3163
    - flags: top simplicial
    - normal:   0.02683  -0.9397    0.341
    - offset: -0.03824797
    - vertices: p8553(v614) p1363(v518) p6240(v395)
    - neighboring facets: f2663 f3162 f3160
- f3164
    - flags: top simplicial
    - normal:   -0.2417  -0.8572   0.4547
    - offset: -0.0525419
    - vertices: p4957(v615) p2748(v403) p8641(v120)
    - neighboring facets: f2076 f3166 f3165
- f3165
    - flags: top simplicial
    - normal:   -0.2375  -0.7883   0.5676
    - offset: -0.06381174
    - vertices: p4957(v615) p9101(v521) p2748(v403)
    - neighboring facets: f2675 f3164 f3167
- f3166
    - flags: bottom simplicial
    - normal:   -0.4696  -0.7431   0.4767
    - offset: -0.0572702
    - vertices: p4957(v615) p5446(v405) p8641(v120)
    - neighboring facets: f2086 f3164 f3167
- f3167
    - flags: bottom simplicial
    - normal:   -0.5523  -0.6804   0.4817
    - offset: -0.05860021
    - vertices: p4957(v615) p9101(v521) p5446(v405)
    - neighboring facets: f2696 f3166 f3165
- f3168
    - flags: top simplicial
    - normal:   -0.8043  -0.4364   0.4034
    - offset: -0.05342182
    - vertices: p3679(v616) p5986(v523) p3798(v407)
    - neighboring facets: f2687 f3169 f3171
- f3169
    - flags: bottom simplicial
    - normal:   -0.7251   -0.538     0.43
    - offset: -0.05528121
    - vertices: p3679(v616) p33(v525) p3798(v407)
    - neighboring facets: f3176 f3168 f3172
- f3170
    - flags: bottom simplicial
    - normal:   -0.7988  -0.4562   0.3921
    - offset: -0.05231336
    - vertices: p3679(v616) p5930(v527) p3552(v197)
    - neighboring facets: f3189 f3173 f3171
- f3171
    - flags: top simplicial
    - normal:   -0.8065  -0.4407    0.394
    - offset: -0.05255035
    - vertices: p3679(v616) p5930(v527) p5986(v523)
    - neighboring facets: f2710 f3168 f3170
- f3172
    - flags: top simplicial
    - normal:   -0.6096  -0.6637   0.4334
    - offset: -0.05443333
    - vertices: p3679(v616) p33(v525) p5446(v405)
    - neighboring facets: f2696 f3174 f3169
- f3173
    - flags: top simplicial
    - normal:    -0.599  -0.7111   0.3682
    - offset: -0.04806009
    - vertices: p3679(v616) p9289(v300) p3552(v197)
    - neighboring facets: f3187 f3170 f3174
- f3174
    - flags: top simplicial
    - normal:   -0.5187  -0.7704   0.3707
    - offset: -0.04736154
    - vertices: p3679(v616) p5446(v405) p9289(v300)
    - neighboring facets: f2087 f3173 f3172
- f3175
    - flags: bottom simplicial
    - normal:   -0.8016  -0.3829   0.4591
    - offset: -0.05883559
    - vertices: p878(v617) p9677(v524) p3798(v407)
    - neighboring facets: f2691 f3176 f3177
- f3176
    - flags: top simplicial
    - normal:   -0.7519  -0.4675   0.4649
    - offset: -0.05896736
    - vertices: p878(v617) p33(v525) p3798(v407)
    - neighboring facets: f3169 f3175 f3180
- f3177
    - flags: top simplicial
    - normal:   -0.8034  -0.3645   0.4708
    - offset: -0.06001185
    - vertices: p878(v617) p9677(v524) p5075(v298)
    - neighboring facets: f2690 f3178 f3175
- f3178
    - flags: bottom simplicial
    - normal:   -0.6824   -0.474   0.5565
    - offset: -0.06739104
    - vertices: p878(v617) p2175(v522) p5075(v298)
    - neighboring facets: f2681 f3177 f3179
- f3179
    - flags: top simplicial
    - normal:   -0.6527  -0.5191   0.5519
    - offset: -0.06662991
    - vertices: p878(v617) p2175(v522) p4581(v406)
    - neighboring facets: f2685 f3180 f3178
- f3180
    - flags: bottom simplicial
    - normal:   -0.6118  -0.5878   0.5294
    - offset: -0.06395352
    - vertices: p878(v617) p33(v525) p4581(v406)
    - neighboring facets: f2697 f3179 f3176
- f3181
    - flags: top simplicial
    - normal:   -0.9123  -0.2002   0.3573
    - offset: -0.04984416
    - vertices: p9319(v618) p2521(v228) p7161(v116)
    - neighboring facets: f1175 f3183 f3182
- f3182
    - flags: top simplicial
    - normal:    -0.894  -0.2686   0.3586
    - offset: -0.04993584
    - vertices: p9319(v618) p2412(v526) p2521(v228)
    - neighboring facets: f2702 f3181 f3185
- f3183
    - flags: bottom simplicial
    - normal:   -0.9162  -0.1726   0.3615
    - offset: -0.05017439
    - vertices: p9319(v618) p2039(v297) p7161(v116)
    - neighboring facets: f2234 f3181 f3184
- f3184
    - flags: bottom simplicial
    - normal:   -0.8999  -0.2339   0.3681
    - offset: -0.05075522
    - vertices: p9319(v618) p9104(v409) p2039(v297)
    - neighboring facets: f2689 f3183 f3185
- f3185
    - flags: bottom simplicial
    - normal:   -0.8821  -0.3012   0.3622
    - offset: -0.05019953
    - vertices: p9319(v618) p2412(v526) p9104(v409)
    - neighboring facets: f2703 f3184 f3182
- f3186
    - flags: bottom simplicial
    - normal:   -0.7765  -0.5233   0.3509
    - offset: -0.04837988
    - vertices: p6054(v619) p2526(v528) p8615(v410)
    - neighboring facets: f3203 f3188 f3190
- f3187
    - flags: bottom simplicial
    - normal:   -0.6714  -0.6548    0.347
    - offset: -0.04688886
    - vertices: p6054(v619) p9289(v300) p3552(v197)
    - neighboring facets: f3173 f3189 f3188
- f3188
    - flags: bottom simplicial
    - normal:   -0.6702  -0.6587    0.342
    - offset: -0.04642104
    - vertices: p6054(v619) p8615(v410) p9289(v300)
    - neighboring facets: f2718 f3187 f3186
- f3189
    - flags: top simplicial
    - normal:   -0.7708   -0.514   0.3764
    - offset: -0.05063066
    - vertices: p6054(v619) p5930(v527) p3552(v197)
    - neighboring facets: f3170 f3187 f3190
- f3190
    - flags: top simplicial
    - normal:   -0.7818  -0.4977   0.3756
    - offset: -0.05065719
    - vertices: p6054(v619) p2526(v528) p5930(v527)
    - neighboring facets: f2714 f3189 f3186
- f3191
    - flags: bottom simplicial
    - normal:     -0.63  -0.7766 0.005756
    - offset: -0.03346939
    - vertices: p639(v620) p1489(v499) p1900(v380)
    - neighboring facets: f2560 f3192 f3197
- f3192
    - flags: top simplicial
    - normal:   -0.6923  -0.7199  0.04839
    - offset: -0.03627721
    - vertices: p639(v620) p1537(v529) p1900(v380)
    - neighboring facets: f2717 f3191 f3210
- f3194
    - flags: top simplicial
    - normal:   -0.7011   -0.713 9.466e-06
    - offset: -0.03471394
    - vertices: p639(v620) p3924(v476) p6927(v108)
    - neighboring facets: f2435 f3209 f3195
- f3195
    - flags: bottom simplicial
    - normal:   -0.7003  -0.7138 1.471e-06
    - offset: -0.03469797
    - vertices: p639(v620) p3924(v476) p1022(v105)
    - neighboring facets: f2434 f3196 f3194
- f3196
    - flags: top simplicial
    - normal:   -0.6795  -0.7337 -4.139e-05
    - offset: -0.03428978
    - vertices: p639(v620) p747(v277) p1022(v105)
    - neighboring facets: f1453 f3195 f3197
- f3197
    - flags: top simplicial
    - normal:   -0.6695  -0.7428 -1.083e-05
    - offset: -0.03409026
    - vertices: p639(v620) p1489(v499) p747(v277)
    - neighboring facets: f2563 f3196 f3191
- f3199
    - flags: bottom simplicial
    - normal:   -0.8361   -0.435   0.3344
    - offset: -0.04851805
    - vertices: p2353(v621) p5926(v189) p755(v62)
    - neighboring facets: f1170 f3505 f3202
- f3202
    - flags: bottom simplicial
    - normal:   -0.8219  -0.4465   0.3536
    - offset: -0.04902905
    - vertices: p2353(v621) p2526(v528) p5926(v189)
    - neighboring facets: f2713 f3199 f3203
- f3203
    - flags: top simplicial
    - normal:    -0.795  -0.4948    0.351
    - offset: -0.04855589
    - vertices: p2353(v621) p2526(v528) p8615(v410)
    - neighboring facets: f3186 f3502 f3202
- f3204
    - flags: top simplicial
    - normal:   -0.7877  -0.6161 -3.602e-07
    - offset: -0.03622995
    - vertices: p7896(v622) p433(v482) p4449(v373)
    - neighboring facets: f2465 f3205 f3206
- f3205
    - flags: bottom simplicial
    - normal:   -0.7961  -0.6052 6.817e-05
    - offset: -0.03635954
    - vertices: p7896(v622) p1537(v529) p4449(v373)
    - neighboring facets: f2727 f3204 f3210
- f3206
    - flags: bottom simplicial
    - normal:   -0.7671  -0.6416 -3.854e-05
    - offset: -0.03589858
    - vertices: p7896(v622) p433(v482) p2628(v264)
    - neighboring facets: f2465 f3207 f3204
- f3207
    - flags: top simplicial
    - normal:   -0.7583  -0.6519 2.928e-05
    - offset: -0.03575281
    - vertices: p7896(v622) p9592(v580) p2628(v264)
    - neighboring facets: f2985 f3206 f3208
- f3208
    - flags: bottom simplicial
    - normal:   -0.7536  -0.6574 0.0002049
    - offset: -0.03567703
    - vertices: p7896(v622) p9592(v580) p6927(v108)
    - neighboring facets: f2981 f3209 f3207
- f3209
    - flags: top simplicial
    - normal:   -0.7349  -0.6782 0.002438
    - offset: -0.03542104
    - vertices: p7896(v622) p639(v620) p6927(v108)
    - neighboring facets: f3194 f3208 f3210
- f3210
    - flags: bottom simplicial
    - normal:   -0.7409  -0.6716 0.004868
    - offset: -0.03561291
    - vertices: p7896(v622) p639(v620) p1537(v529)
    - neighboring facets: f3192 f3205 f3209
- f3211
    - flags: bottom simplicial
    - normal:    0.9909 0.002718  -0.1349
    - offset: -0.02857081
    - vertices: p3633(v623) p5214(v531) p7703(v301)
    - neighboring facets: f2736 f3225 f3212
- f3212
    - flags: top simplicial
    - normal:    0.9889 0.001136  -0.1486
    - offset: -0.02837815
    - vertices: p3633(v623) p5214(v531) p2186(v412)
    - neighboring facets: f3220 f3519 f3211
- f3217
    - flags: top simplicial
    - normal:    0.9763 -1.313e-06  -0.2164
    - offset: -0.02742049
    - vertices: p3622(v624) p7114(v342) p6653(v232)
    - neighboring facets: f1758 f3512 f3508
- f3219
    - flags: top simplicial
    - normal:    0.9764 -1.232e-06  -0.2159
    - offset: -0.02742738
    - vertices: p1556(v625) p5214(v531) p6653(v232)
    - neighboring facets: f3511 f3221 f3220
- f3220
    - flags: bottom simplicial
    - normal:    0.9805 -2.53e-05  -0.1968
    - offset: -0.02770884
    - vertices: p1556(v625) p5214(v531) p2186(v412)
    - neighboring facets: f3212 f3222 f3219
- f3221
    - flags: bottom simplicial
    - normal:    0.9885 -0.001435  -0.1511
    - offset: -0.02834295
    - vertices: p1556(v625) p5262(v532) p6653(v232)
    - neighboring facets: f2744 f3219 f3222
- f3222
    - flags: top simplicial
    - normal:    0.9864 -0.0002416  -0.1641
    - offset: -0.02816213
    - vertices: p1556(v625) p5262(v532) p2186(v412)
    - neighboring facets: f3518 f3220 f3221
- f3224
    - flags: top simplicial
    - normal:    0.9975 -0.0005109 -0.07097
    - offset: -0.0292914
    - vertices: p558(v626) p5262(v532) p5414(v411)
    - neighboring facets: f2741 f3515 f3516
- f3225
    - flags: bottom simplicial
    - normal:    0.9949 0.0002209   -0.101
    - offset: -0.02895649
    - vertices: p558(v626) p3633(v623) p7703(v301)
    - neighboring facets: f3211 f3514 f3517
- f3229
    - flags: top simplicial
    - normal:    0.9224 1.933e-05  -0.3862
    - offset: -0.02444656
    - vertices: p4384(v627) p11(v534) p8701(v414)
    - neighboring facets: f2749 f3250 f3252
- f3237
    - flags: top simplicial
    - normal:    0.7146 -0.09117  -0.6936
    - offset: -0.01736802
    - vertices: p8957(v628) p1228(v417) p3317(v305)
    - neighboring facets: f2150 f3674 f3686
- f3248
    - flags: top simplicial
    - normal:    0.8667 4.532e-05  -0.4988
    - offset: -0.02193692
    - vertices: p8564(v631) p1299(v536) p780(v302)
    - neighboring facets: f3529 f3251 f3249
- f3249
    - flags: bottom simplicial
    - normal:    0.9008 0.005038  -0.4342
    - offset: -0.02348825
    - vertices: p8564(v631) p1299(v536) p8701(v414)
    - neighboring facets: f2760 f3250 f3248
- f3250
    - flags: top simplicial
    - normal:    0.9065 0.000246  -0.4221
    - offset: -0.02369158
    - vertices: p8564(v631) p4384(v627) p8701(v414)
    - neighboring facets: f3229 f3249 f3252
- f3251
    - flags: bottom simplicial
    - normal:    0.8993 -3.539e-05  -0.4373
    - offset: -0.0233601
    - vertices: p8564(v631) p11(v534) p780(v302)
    - neighboring facets: f3528 f3248 f3252
- f3252
    - flags: bottom simplicial
    - normal:    0.9059 0.0001968  -0.4235
    - offset: -0.02366134
    - vertices: p8564(v631) p4384(v627) p11(v534)
    - neighboring facets: f3229 f3251 f3250
- f3254
    - flags: top simplicial
    - normal:    0.3828 -1.211e-06  -0.9238
    - offset: -0.005064334
    - vertices: p3326(v632) p4005(v538) p1119(v310)
    - neighboring facets: f2770 f3692 f3256
- f3255
    - flags: top simplicial
    - normal:    0.3836 2.356e-05  -0.9235
    - offset: -0.00508832
    - vertices: p3326(v632) p6429(v420) p9274(v101)
    - neighboring facets: f3552 f3256 f3693
- f3256
    - flags: bottom simplicial
    - normal:    0.3825 1.927e-06  -0.9239
    - offset: -0.005056021
    - vertices: p3326(v632) p4005(v538) p9274(v101)
    - neighboring facets: f2770 f3255 f3254
- f3257
    - flags: top simplicial
    - normal:   -0.3992   0.8636   0.3078
    - offset: -0.04008627
    - vertices: p2586(v633) p3736(v423) p147(v39)
    - neighboring facets: f2190 f3259 f3258
- f3258
    - flags: top simplicial
    - normal:   -0.4331   0.8315   0.3479
    - offset: -0.04428773
    - vertices: p2586(v633) p1649(v540) p3736(v423)
    - neighboring facets: f2779 f3257 f3260
- f3259
    - flags: bottom simplicial
    - normal:   -0.2032   0.9351   0.2904
    - offset: -0.03605867
    - vertices: p2586(v633) p8858(v326) p147(v39)
    - neighboring facets: f1670 f3257 f3260
- f3260
    - flags: bottom simplicial
    - normal:   -0.2732   0.8992   0.3418
    - offset: -0.04184659
    - vertices: p2586(v633) p1649(v540) p8858(v326)
    - neighboring facets: f2781 f3259 f3258
- f3262
    - flags: top simplicial
    - normal:   -0.8113   0.4374   0.3879
    - offset: -0.05202993
    - vertices: p6655(v634) p3023(v541) p1880(v424)
    - neighboring facets: f2805 f3266 f3556
- f3266
    - flags: top simplicial
    - normal:   -0.7075   0.5577   0.4342
    - offset: -0.05550336
    - vertices: p6655(v634) p1880(v424) p1061(v314)
    - neighboring facets: f2185 f3267 f3262
- f3267
    - flags: bottom simplicial
    - normal:    -0.699   0.5474   0.4602
    - offset: -0.05792581
    - vertices: p6655(v634) p5511(v542) p1061(v314)
    - neighboring facets: f3269 f3266 f3699
- f3269
    - flags: top simplicial
    - normal:   -0.5598   0.6924   0.4552
    - offset: -0.05607925
    - vertices: p1933(v635) p5511(v542) p1061(v314)
    - neighboring facets: f3267 f3561 f3275
- f3275
    - flags: bottom simplicial
    - normal:   -0.5232    0.718   0.4591
    - offset: -0.05607505
    - vertices: p760(v636) p1933(v635) p5511(v542)
    - neighboring facets: f3269 f3765 f3564
- f3278
    - flags: top simplicial
    - normal:   -0.9392 0.003654   0.3433
    - offset: -0.04828482
    - vertices: p7483(v637) p5447(v428) p5170(v130)
    - neighboring facets: f2202 f3279 f3282
- f3279
    - flags: bottom simplicial
    - normal:   -0.9397 0.0002342   0.3421
    - offset: -0.04816906
    - vertices: p7483(v637) p2048(v317) p5170(v130)
    - neighboring facets: f2223 f3278 f3574
- f3281
    - flags: top simplicial
    - normal:   -0.9386  0.02106   0.3444
    - offset: -0.04843276
    - vertices: p7483(v637) p4649(v211) p2220(v129)
    - neighboring facets: f1086 f3288 f3573
- f3282
    - flags: bottom simplicial
    - normal:   -0.9332  0.05232   0.3554
    - offset: -0.04948999
    - vertices: p7483(v637) p5447(v428) p1670(v214)
    - neighboring facets: f2200 f3293 f3278
- f3286
    - flags: bottom simplicial
    - normal:   -0.9309   0.1001   0.3514
    - offset: -0.04922497
    - vertices: p205(v638) p5631(v319) p2220(v129)
    - neighboring facets: f1633 f3288 f3287
- f3287
    - flags: top simplicial
    - normal:   -0.9157   0.1853   0.3566
    - offset: -0.04978685
    - vertices: p205(v638) p5631(v319) p8084(v212)
    - neighboring facets: f1636 f3289 f3286
- f3288
    - flags: top simplicial
    - normal:   -0.9313  0.08828   0.3535
    - offset: -0.04938636
    - vertices: p205(v638) p7483(v637) p2220(v129)
    - neighboring facets: f3281 f3286 f3293
- f3289
    - flags: bottom simplicial
    - normal:   -0.8897   0.2803   0.3604
    - offset: -0.05005904
    - vertices: p205(v638) p7629(v320) p8084(v212)
    - neighboring facets: f1643 f3287 f3290
- f3290
    - flags: bottom simplicial
    - normal:   -0.8849   0.2932   0.3619
    - offset: -0.05016647
    - vertices: p205(v638) p8397(v545) p7629(v320)
    - neighboring facets: f2804 f3289 f3291
- f3291
    - flags: top simplicial
    - normal:   -0.9044   0.2073    0.373
    - offset: -0.05120598
    - vertices: p205(v638) p8397(v545) p9186(v72)
    - neighboring facets: f3696 f3292 f3290
- f3292
    - flags: bottom simplicial
    - normal:   -0.9166   0.1557   0.3683
    - offset: -0.05077267
    - vertices: p205(v638) p1670(v214) p9186(v72)
    - neighboring facets: f3554 f3291 f3293
- f3293
    - flags: bottom simplicial
    - normal:   -0.9263   0.1083    0.361
    - offset: -0.05007737
    - vertices: p205(v638) p7483(v637) p1670(v214)
    - neighboring facets: f3282 f3292 f3288
- f3294
    - flags: top simplicial
    - normal:    0.6924   0.6143   0.3784
    - offset: -0.03511679
    - vertices: p8985(v639) p690(v56) p3091(v7)
    - neighboring facets: f1850 f3295 f3296
- f3295
    - flags: bottom simplicial
    - normal:    0.7537    0.531   0.3874
    - offset: -0.0352822
    - vertices: p8985(v639) p8170(v547) p3091(v7)
    - neighboring facets: f2824 f3294 f3297
- f3296
    - flags: top simplicial
    - normal:    0.6195   0.6943   0.3663
    - offset: -0.03472132
    - vertices: p8985(v639) p8396(v133) p690(v56)
    - neighboring facets: f665 f3294 f3298
- f3297
    - flags: top simplicial
    - normal:    0.2787   0.7535   0.5954
    - offset: -0.06107458
    - vertices: p8985(v639) p8170(v547) p223(v437)
    - neighboring facets: f3778 f3298 f3295
- f3298
    - flags: top simplicial
    - normal:    0.4021   0.7989   0.4473
    - offset: -0.04508138
    - vertices: p8985(v639) p223(v437) p8396(v133)
    - neighboring facets: f2246 f3296 f3297
- f3304
    - flags: bottom simplicial
    - normal:   -0.9993  0.03812 0.0004247
    - offset: -0.03566287
    - vertices: p1008(v641) p5685(v440) p9487(v331)
    - neighboring facets: f2264 f3305 f3577
- f3305
    - flags: bottom simplicial
    - normal:   -0.9984  0.05672 0.004228
    - offset: -0.03598828
    - vertices: p1008(v641) p9487(v331) p3529(v76)
    - neighboring facets: f1701 f3306 f3304
- f3306
    - flags: top simplicial
    - normal:   -0.9979  0.06436 0.004718
    - offset: -0.0360843
    - vertices: p1008(v641) p9957(v549) p3529(v76)
    - neighboring facets: f2835 f3305 f3580
- f3307
    - flags: top simplicial
    - normal:   -0.9888   0.1489 -3.05e-05
    - offset: -0.03670383
    - vertices: p4859(v642) p2941(v332) p8029(v135)
    - neighboring facets: f2346 f3586 f3582
- f3312
    - flags: top simplicial
    - normal:   -0.9869   0.1612 0.001544
    - offset: -0.0368417
    - vertices: p4859(v642) p287(v550) p7872(v42)
    - neighboring facets: f2840 f3585 f3587
- f3313
    - flags: top simplicial
    - normal:   -0.9478    0.319 -0.002779
    - offset: -0.03746981
    - vertices: p3331(v643) p3340(v442) p2043(v222)
    - neighboring facets: f2273 f3591 f3314
- f3314
    - flags: top simplicial
    - normal:   -0.9479   0.3185 -0.002296
    - offset: -0.03748023
    - vertices: p3331(v643) p174(v551) p3340(v442)
    - neighboring facets: f2843 f3313 f3316
- f3316
    - flags: bottom simplicial
    - normal:   -0.9332   0.3595 0.0009131
    - offset: -0.03760987
    - vertices: p3331(v643) p174(v551) p5104(v443)
    - neighboring facets: f2844 f3592 f3314
- f3317
    - flags: bottom simplicial
    - normal:   -0.6254   0.7803 0.003561
    - offset: -0.03326535
    - vertices: p4325(v644) p8561(v77) p89(v6)
    - neighboring facets: f1715 f3318 f3319
- f3318
    - flags: top simplicial
    - normal:   -0.6184   0.7859 0.002224
    - offset: -0.03306827
    - vertices: p4325(v644) p6098(v552) p89(v6)
    - neighboring facets: f3599 f3317 f3595
- f3319
    - flags: bottom simplicial
    - normal:   -0.7015   0.7126 -1.08e-06
    - offset: -0.03472231
    - vertices: p4325(v644) p1736(v553) p8561(v77)
    - neighboring facets: f2865 f3317 f3321
- f3321
    - flags: top simplicial
    - normal:   -0.6834     0.73 -4.524e-06
    - offset: -0.03436828
    - vertices: p4325(v644) p1736(v553) p8669(v444)
    - neighboring facets: f2869 f3594 f3319
- f3322
    - flags: bottom simplicial
    - normal:   -0.5188   0.8549 -0.002794
    - offset: -0.03066603
    - vertices: p5238(v645) p4795(v236) p4610(v87)
    - neighboring facets: f1217 f3323 f3324
- f3323
    - flags: top simplicial
    - normal:   -0.5241   0.8516 -0.003252
    - offset: -0.03078687
    - vertices: p5238(v645) p185(v554) p4610(v87)
    - neighboring facets: f3326 f3322 f3325
- f3324
    - flags: top simplicial
    - normal:   -0.5375   0.8433 -0.0004177
    - offset: -0.03115755
    - vertices: p5238(v645) p4795(v236) p6824(v148)
    - neighboring facets: f1216 f3325 f3322
- f3325
    - flags: bottom simplicial
    - normal:   -0.5643   0.8256 -8.378e-05
    - offset: -0.03179435
    - vertices: p5238(v645) p185(v554) p6824(v148)
    - neighboring facets: f3596 f3324 f3323
- f3326
    - flags: bottom simplicial
    - normal:   -0.5842   0.8115 -0.009095
    - offset: -0.03209924
    - vertices: p5540(v646) p185(v554) p4610(v87)
    - neighboring facets: f3323 f3328 f3327
- f3327
    - flags: top simplicial
    - normal:   -0.6002   0.7998 -0.008196
    - offset: -0.03247401
    - vertices: p5540(v646) p185(v554) p2634(v335)
    - neighboring facets: f2858 f3329 f3326
- f3328
    - flags: bottom simplicial
    - normal:   -0.5154     0.84  -0.1697
    - offset: -0.02883383
    - vertices: p5540(v646) p4610(v87) p6636(v28)
    - neighboring facets: f755 f3330 f3326
- f3329
    - flags: bottom simplicial
    - normal:   -0.7497   0.6168    -0.24
    - offset: -0.03283761
    - vertices: p5540(v646) p2227(v446) p2634(v335)
    - neighboring facets: f2296 f3327 f3331
- f3330
    - flags: top simplicial
    - normal:   -0.5974   0.7531  -0.2756
    - offset: -0.02941822
    - vertices: p5540(v646) p1457(v558) p6636(v28)
    - neighboring facets: f2874 f3328 f3331
- f3331
    - flags: bottom simplicial
    - normal:   -0.6153    0.737  -0.2798
    - offset: -0.02974703
    - vertices: p5540(v646) p1457(v558) p2227(v446)
    - neighboring facets: f2876 f3329 f3330
- f3332
    - flags: top simplicial
    - normal:   -0.6389   0.7693 -5.952e-05
    - offset: -0.03345156
    - vertices: p5196(v647) p6098(v552) p8669(v444)
    - neighboring facets: f3593 f3333 f3600
- f3333
    - flags: bottom simplicial
    - normal:   -0.6223   0.7828 -0.0009954
    - offset: -0.03307725
    - vertices: p5196(v647) p185(v554) p8669(v444)
    - neighboring facets: f2858 f3332 f3597
- f3337
    - flags: top simplicial
    - normal:    -0.786   0.6182  -0.0103
    - offset: -0.03608337
    - vertices: p4053(v648) p8055(v445) p2634(v335)
    - neighboring facets: f2877 f3338 f3601
- f3338
    - flags: bottom simplicial
    - normal:   -0.7295    0.684 -0.001629
    - offset: -0.03521409
    - vertices: p4053(v648) p5623(v556) p2634(v335)
    - neighboring facets: f2868 f3337 f3343
- f3342
    - flags: top simplicial
    - normal:   -0.7508   0.6606 9.223e-05
    - offset: -0.03562462
    - vertices: p9720(v649) p5623(v556) p8561(v77)
    - neighboring facets: f2865 f3359 f3343
- f3343
    - flags: top simplicial
    - normal:   -0.7717    0.636 -3.757e-05
    - offset: -0.03597358
    - vertices: p9720(v649) p4053(v648) p5623(v556)
    - neighboring facets: f3338 f3342 f3602
- f3346
    - flags: top simplicial
    - normal:   -0.8967   0.4427 -3.56e-05
    - offset: -0.03748266
    - vertices: p5747(v650) p460(v333) p2043(v222)
    - neighboring facets: f2276 f3351 f3348
- f3348
    - flags: top simplicial
    - normal:   -0.8886   0.4587 -0.0001134
    - offset: -0.03742755
    - vertices: p5747(v650) p3617(v557) p460(v333)
    - neighboring facets: f3355 f3346 f3352
- f3349
    - flags: bottom simplicial
    - normal:   -0.8709   0.4914 -0.001604
    - offset: -0.03725219
    - vertices: p5695(v651) p3617(v557) p8055(v445)
    - neighboring facets: f3605 f3354 f3352
- f3350
    - flags: top simplicial
    - normal:    -0.947   0.3212 -0.00548
    - offset: -0.03742758
    - vertices: p5695(v651) p2043(v222) p8029(v135)
    - neighboring facets: f2273 f3353 f3351
- f3351
    - flags: top simplicial
    - normal:   -0.8961   0.4438 -4.951e-05
    - offset:  -0.037479
    - vertices: p5695(v651) p5747(v650) p2043(v222)
    - neighboring facets: f3346 f3350 f3352
- f3352
    - flags: bottom simplicial
    - normal:   -0.8899   0.4561 -0.0001384
    - offset: -0.03743636
    - vertices: p5695(v651) p5747(v650) p3617(v557)
    - neighboring facets: f3348 f3349 f3351
- f3353
    - flags: bottom simplicial
    - normal:    -0.926   0.3773 -0.01634
    - offset: -0.03731885
    - vertices: p5695(v651) p8872(v559) p8029(v135)
    - neighboring facets: f2880 f3350 f3354
- f3354
    - flags: top simplicial
    - normal:   -0.9227   0.3851 -0.01626
    - offset: -0.0373187
    - vertices: p5695(v651) p8872(v559) p8055(v445)
    - neighboring facets: f2877 f3349 f3353
- f3355
    - flags: bottom simplicial
    - normal:   -0.8643    0.503 0.0001752
    - offset: -0.03722656
    - vertices: p2213(v652) p3617(v557) p460(v333)
    - neighboring facets: f3348 f3356 f3606
- f3356
    - flags: bottom simplicial
    - normal:   -0.8074     0.59 0.005937
    - offset: -0.03670473
    - vertices: p2213(v652) p460(v333) p8561(v77)
    - neighboring facets: f1715 f3359 f3355
- f3359
    - flags: top simplicial
    - normal:   -0.7972   0.6037 0.002132
    - offset: -0.03642838
    - vertices: p2213(v652) p9720(v649) p8561(v77)
    - neighboring facets: f3342 f3356 f3360
- f3360
    - flags: bottom simplicial
    - normal:   -0.8035   0.5953 0.001174
    - offset: -0.03649294
    - vertices: p2213(v652) p9720(v649) p8982(v555)
    - neighboring facets: f3718 f3607 f3359
- f3361
    - flags: bottom simplicial
    - normal:   -0.3299    0.944 7.984e-05
    - offset: -0.02643324
    - vertices: p9083(v653) p5501(v452) p3193(v344)
    - neighboring facets: f2888 f3362 f3363
- f3362
    - flags: top simplicial
    - normal:   -0.3541   0.9352 -0.0006382
    - offset: -0.02654194
    - vertices: p9083(v653) p8758(v562) p3193(v344)
    - neighboring facets: f2894 f3361 f3363
- f3363
    - flags: bottom simplicial
    - normal:   -0.3511   0.9363 5.398e-05
    - offset:  -0.026539
    - vertices: p9083(v653) p8758(v562) p5501(v452)
    - neighboring facets: f2891 f3361 f3362
- f3364
    - flags: bottom simplicial
    - normal:   -0.4636 -6.091e-05   -0.886
    - offset: -0.009997147
    - vertices: p5182(v654) p9693(v456) p1875(v455)
    - neighboring facets: f2334 f3365 f3366
- f3365
    - flags: top simplicial
    - normal:   -0.4651 -7.94e-05  -0.8853
    - offset: -0.01005091
    - vertices: p5182(v654) p6151(v563) p1875(v455)
    - neighboring facets: f2895 f3364 f3366
- f3366
    - flags: bottom simplicial
    - normal:   -0.4655 -6.822e-05  -0.8851
    - offset: -0.01006546
    - vertices: p5182(v654) p6151(v563) p9693(v456)
    - neighboring facets: f2896 f3364 f3365
- f3367
    - flags: bottom simplicial
    - normal:   -0.9286 0.0005656   -0.371
    - offset: -0.02957665
    - vertices: p2331(v655) p8857(v461) p5547(v352)
    - neighboring facets: f2919 f3368 f3369
- f3368
    - flags: top simplicial
    - normal:   -0.9189 0.0001425  -0.3944
    - offset: -0.02905567
    - vertices: p2331(v655) p972(v569) p5547(v352)
    - neighboring facets: f3613 f3367 f3369
- f3369
    - flags: bottom simplicial
    - normal:   -0.9207 -0.0002102  -0.3902
    - offset: -0.02915216
    - vertices: p2331(v655) p972(v569) p8857(v461)
    - neighboring facets: f2921 f3367 f3368
- f3371
    - flags: bottom simplicial
    - normal:   -0.8796 -0.0002873  -0.4756
    - offset: -0.02706752
    - vertices: p8013(v656) p3112(v570) p8777(v243)
    - neighboring facets: f2924 f3610 f3616
- f3373
    - flags: top simplicial
    - normal:    -0.625 -0.0004243  -0.7806
    - offset: -0.01614028
    - vertices: p5828(v657) p8241(v567) p6842(v459)
    - neighboring facets: f2911 f3374 f3376
- f3374
    - flags: top simplicial
    - normal:   -0.6687 0.0004363  -0.7435
    - offset: -0.01787357
    - vertices: p5828(v657) p6842(v459) p9018(v350)
    - neighboring facets: f2351 f3375 f3373
- f3375
    - flags: bottom simplicial
    - normal:    -0.691 -0.0007684  -0.7229
    - offset: -0.01878187
    - vertices: p5828(v657) p8710(v571) p9018(v350)
    - neighboring facets: f2937 f3374 f3377
- f3376
    - flags: bottom simplicial
    - normal:   -0.6425 -0.00327  -0.7663
    - offset: -0.01685585
    - vertices: p5828(v657) p8241(v567) p9609(v90)
    - neighboring facets: f2910 f3377 f3373
- f3377
    - flags: top simplicial
    - normal:   -0.6551 -0.004741  -0.7556
    - offset: -0.01736851
    - vertices: p5828(v657) p8710(v571) p9609(v90)
    - neighboring facets: f2927 f3376 f3375
- f3378
    - flags: top simplicial
    - normal:   -0.8329 0.000373  -0.5535
    - offset: -0.02485701
    - vertices: p3937(v658) p3112(v570) p6456(v462)
    - neighboring facets: f2924 f3379 f3617
- f3379
    - flags: bottom simplicial
    - normal:   -0.8217 0.0009458  -0.5699
    - offset: -0.02434783
    - vertices: p3937(v658) p8141(v572) p6456(v462)
    - neighboring facets: f2938 f3378 f3383
- f3382
    - flags: bottom simplicial
    - normal:   -0.8211 0.003704  -0.5708
    - offset: -0.02432846
    - vertices: p3937(v658) p5547(v352) p632(v154)
    - neighboring facets: f1805 f3383 f3615
- f3383
    - flags: top simplicial
    - normal:   -0.8133 0.002946  -0.5818
    - offset: -0.02397263
    - vertices: p3937(v658) p8141(v572) p632(v154)
    - neighboring facets: f2935 f3382 f3379
- f3388
    - flags: bottom simplicial
    - normal:  -0.04736  -0.9989 -0.002348
    - offset: -0.02466816
    - vertices: p7715(v660) p9533(v468) p1126(v364)
    - neighboring facets: f2389 f3389 f3724
- f3389
    - flags: top simplicial
    - normal:  -0.04764  -0.9989 -0.001384
    - offset: -0.0246811
    - vertices: p7715(v660) p6435(v574) p1126(v364)
    - neighboring facets: f2946 f3388 f3619
- f3392
    - flags: bottom simplicial
    - normal:    0.9225  -0.2525  -0.2919
    - offset: -0.02901209
    - vertices: p8454(v661) p1573(v201) p3302(v122)
    - neighboring facets: f1570 f3395 f3393
- f3393
    - flags: bottom simplicial
    - normal:    0.8734  -0.2655  -0.4083
    - offset: -0.0268709
    - vertices: p8454(v661) p1235(v575) p1573(v201)
    - neighboring facets: f2955 f3392 f3394
- f3394
    - flags: top simplicial
    - normal:    0.8161  -0.4806  -0.3209
    - offset: -0.02983619
    - vertices: p8454(v661) p1235(v575) p6392(v472)
    - neighboring facets: f2953 f3396 f3393
- f3395
    - flags: top simplicial
    - normal:    0.8836  -0.4428  -0.1522
    - offset: -0.03248536
    - vertices: p8454(v661) p8521(v303) p3302(v122)
    - neighboring facets: f1558 f3392 f3396
- f3396
    - flags: top simplicial
    - normal:    0.8735  -0.4564  -0.1693
    - offset: -0.03230122
    - vertices: p8454(v661) p6392(v472) p8521(v303)
    - neighboring facets: f2412 f3395 f3394
- f3397
    - flags: top simplicial
    - normal:    0.7892  -0.5148   -0.335
    - offset: -0.02961388
    - vertices: p2359(v662) p6392(v472) p1997(v366)
    - neighboring facets: f2953 f3401 f3398
- f3398
    - flags: top simplicial
    - normal:    0.7708  -0.5789  -0.2661
    - offset: -0.03092993
    - vertices: p2359(v662) p8724(v576) p6392(v472)
    - neighboring facets: f2961 f3397 f3399
- f3399
    - flags: bottom simplicial
    - normal:    0.6863  -0.6161  -0.3864
    - offset: -0.0284556
    - vertices: p2359(v662) p8724(v576) p3621(v260)
    - neighboring facets: f3489 f3400 f3398
- f3400
    - flags: bottom simplicial
    - normal:    0.6073    -0.57  -0.5534
    - offset: -0.0240839
    - vertices: p2359(v662) p3621(v260) p404(v103)
    - neighboring facets: f1950 f3401 f3399
- f3401
    - flags: top simplicial
    - normal:    0.5886  -0.5411  -0.6006
    - offset: -0.02262453
    - vertices: p2359(v662) p1997(v366) p404(v103)
    - neighboring facets: f2768 f3400 f3397
- f3403
    - flags: top simplicial
    - normal:   -0.9114  -0.4115 5.027e-07
    - offset: -0.03755697
    - vertices: p8705(v663) p3648(v479) p813(v170)
    - neighboring facets: f2449 f3404 f3623
- f3404
    - flags: bottom simplicial
    - normal:   -0.9179  -0.3968 6.125e-05
    - offset: -0.03757792
    - vertices: p8705(v663) p9576(v578) p813(v170)
    - neighboring facets: f2972 f3403 f3406
- f3405
    - flags: bottom simplicial
    - normal:    -0.875  -0.4841 0.0006486
    - offset: -0.03733383
    - vertices: p8705(v663) p6212(v480) p8011(v371)
    - neighboring facets: f2454 f3406 f3624
- f3406
    - flags: top simplicial
    - normal:   -0.8832  -0.4689 0.003902
    - offset: -0.03751095
    - vertices: p8705(v663) p9576(v578) p8011(v371)
    - neighboring facets: f2974 f3405 f3404
- f3407
    - flags: bottom simplicial
    - normal:      0.27  -0.3847  -0.8827
    - offset: -0.009115775
    - vertices: p2896(v664) p9278(v419) p5236(v269)
    - neighboring facets: f2766 f3408 f3411
- f3408
    - flags: top simplicial
    - normal:    0.1964  -0.4168  -0.8875
    - offset: -0.007963599
    - vertices: p2896(v664) p6097(v582) p5236(v269)
    - neighboring facets: f3067 f3407 f3409
- f3409
    - flags: bottom simplicial
    - normal:    0.1176  -0.3482    -0.93
    - offset: -0.004396014
    - vertices: p2896(v664) p6097(v582) p5865(v374)
    - neighboring facets: f2996 f3410 f3408
- f3410
    - flags: bottom simplicial
    - normal:    0.1418  -0.3019  -0.9427
    - offset: -0.003956187
    - vertices: p2896(v664) p5865(v374) p415(v169)
    - neighboring facets: f2477 f3411 f3409
- f3411
    - flags: top simplicial
    - normal:    0.1883  -0.2379  -0.9529
    - offset: -0.00371148
    - vertices: p2896(v664) p9278(v419) p415(v169)
    - neighboring facets: f2160 f3410 f3407
- f3412
    - flags: bottom simplicial tested
    - normal:  2.392e-09 -6.956e-08       -1
    - offset: -5.029432e-05
    - center: 0.0004790963333333335 -0.01134113333333333 -5.029353333333334e-05 
    - vertices: p5887(v665) p9663(v485) p7914(v172)
    - neighboring facets: f2487 f3413 f3416
- f3413
    - flags: top simplicial tested
    - normal:  7.954e-10 -6.32e-08       -1
    - offset: -5.029425e-05
    - center: 0.001079080333333333 -0.0108145 -5.029356666666667e-05 
    - vertices: p5887(v665) p7346(v583) p7914(v172)
    - neighboring facets: f2998 f3412 f3824
    - ridges:
- f3415
    - flags: bottom simplicial tested
    - normal:  2.852e-08 -1.209e-07       -1
    - offset: -5.029497e-05
    - center: 0.004586653333333334 -0.01050356666666667 -5.029356666666668e-05 
    - vertices: p5887(v665) p4834(v484) p5865(v374)
    - neighboring facets: f2477 f3416 f3821
    - ridges:
- f3416
    - flags: top simplicial tested
    - normal:  1.315e-08 -1.058e-07       -1
    - offset: -5.029474e-05
    - center: 0.002339583 -0.01114433333333333 -5.029353333333334e-05 
    - vertices: p5887(v665) p9663(v485) p5865(v374)
    - neighboring facets: f2488 f3415 f3412
- f3418
    - flags: bottom simplicial tested
    - normal:  -2.116e-08 3.616e-09       -1
    - offset: -5.029355e-05
    - center: 0.001628184666666667 0.003586866666666667 -5.029356666666667e-05 
    - vertices: p7813(v666) p7346(v583) p2815(v246)
    - neighboring facets: f2997 f3419 f3824
    - ridges:
- f3419
    - flags: top simplicial tested
    - normal:  -1.983e-08 5.148e-08       -1
    - offset: -5.029405e-05
    - center: 0.001483703333333333 0.01064016666666667 -5.029353333333334e-05 
    - vertices: p7813(v666) p8559(v573) p2815(v246)
    - neighboring facets: f2944 f3418 f3420
- f3420
    - flags: bottom simplicial tested
    - normal:  0.001617  0.01571  -0.9999
    - offset: -0.0002216984
    - center: 0.002273505666666667 0.01097616666666667 -4.558869999999999e-05 
    - vertices: p7813(v666) p8559(v573) p4098(v463)
    - neighboring facets: f2945 f3423 f3419
- f3421
    - flags: top simplicial tested
    - normal:  3.962e-07 8.268e-07       -1
    - offset: -5.030398e-05
    - center: 0.00613663 0.009657943333333334 -5.029356666666668e-05 
    - vertices: p7813(v666) p5189(v584) p1516(v354)
    - neighboring facets: f3011 f3422 f3823
    - ridges:
- f3422
    - flags: top simplicial tested
    - normal:   0.02679  0.06412  -0.9976
    - offset: -0.0008382054
    - center: 0.005287843333333334 0.01023746333333333 -4.018053333333336e-05 
    - vertices: p7813(v666) p1516(v354) p9318(v156)
    - neighboring facets: f3011 f3423 f3421
- f3423
    - flags: bottom simplicial tested
    - normal:   0.02633  0.06635  -0.9974
    - offset: -0.0008594491
    - center: 0.00385277 0.0108914 -3.547569999999984e-05 
    - vertices: p7813(v666) p4098(v463) p9318(v156)
    - neighboring facets: f2373 f3422 f3420
- f3424
    - flags: top simplicial
    - normal:  0.001762  -0.9294   -0.369
    - offset: -0.01943203
    - vertices: p5396(v667) p787(v494) p7313(v175)
    - neighboring facets: f2530 f3425 f3426
- f3425
    - flags: bottom simplicial
    - normal:  0.0009914  -0.9219  -0.3875
    - offset: -0.01909667
    - vertices: p5396(v667) p1165(v591) p7313(v175)
    - neighboring facets: f3040 f3424 f3427
- f3426
    - flags: bottom simplicial
    - normal:  5.412e-06  -0.9476  -0.3195
    - offset: -0.02024427
    - vertices: p5396(v667) p787(v494) p5553(v489)
    - neighboring facets: f3645 f3427 f3424
- f3427
    - flags: top simplicial
    - normal:  -9.419e-06   -0.927  -0.3751
    - offset: -0.01930991
    - vertices: p5396(v667) p1165(v591) p5553(v489)
    - neighboring facets: f3041 f3426 f3425
- f3430
    - flags: top simplicial
    - normal:  0.0005083  -0.5144  -0.8576
    - offset: -0.006240647
    - vertices: p1915(v668) p4823(v581) p5733(v266)
    - neighboring facets: f2987 f3628 f3630
- f3434
    - flags: top simplicial
    - normal:  -0.00158  -0.7006  -0.7135
    - offset: -0.01148227
    - vertices: p3185(v669) p8562(v593) p7932(v492)
    - neighboring facets: f3053 f3636 f3436
- f3436
    - flags: bottom simplicial
    - normal:  -9.551e-05  -0.6536  -0.7568
    - offset: -0.01009349
    - vertices: p3185(v669) p8562(v593) p4880(v268)
    - neighboring facets: f3049 f3437 f3434
- f3437
    - flags: top simplicial
    - normal:  -1.777e-05  -0.6626   -0.749
    - offset: -0.01035453
    - vertices: p3185(v669) p9375(v594) p4880(v268)
    - neighboring facets: f3056 f3436 f3640
- f3441
    - flags: top simplicial
    - normal:  -0.002913  -0.7743  -0.6329
    - offset: -0.01377161
    - vertices: p1076(v670) p7932(v492) p3616(v375)
    - neighboring facets: f2517 f3443 f3442
- f3442
    - flags: top simplicial
    - normal:  -0.00124  -0.7554  -0.6553
    - offset: -0.01315769
    - vertices: p1076(v670) p6322(v595) p7932(v492)
    - neighboring facets: f3727 f3441 f3445
- f3443
    - flags: bottom simplicial
    - normal:  0.000104    -0.82  -0.5723
    - offset: -0.0152758
    - vertices: p1076(v670) p6806(v589) p3616(v375)
    - neighboring facets: f3029 f3441 f3444
- f3444
    - flags: top simplicial
    - normal:  0.0002433  -0.8105  -0.5858
    - offset: -0.01495213
    - vertices: p1076(v670) p6806(v589) p926(v488)
    - neighboring facets: f3032 f3445 f3443
- f3445
    - flags: bottom simplicial
    - normal:  8.767e-05  -0.7992   -0.601
    - offset: -0.01457805
    - vertices: p1076(v670) p6322(v595) p926(v488)
    - neighboring facets: f3725 f3444 f3442
- f3446
    - flags: bottom simplicial
    - normal:  0.003911  -0.9752  -0.2215
    - offset: -0.0217469
    - vertices: p4215(v671) p787(v494) p5353(v379)
    - neighboring facets: f2530 f3734 f3641
- f3452
    - flags: top simplicial tested
    - normal:  -0.0009266  -0.9999 -0.01656
    - offset: -0.02406821
    - center: -0.007120936666666668 -0.02421666666666666 0.009162786666666667 
    - vertices: p9409(v672) p5925(v599) p8592(v259)
    - neighboring facets: f3080 f3831 f3453
    - ridges:
- f3453
    - flags: bottom simplicial tested
    - normal:  -0.0001465  -0.9999 -0.01163
    - offset: -0.02410996
    - center: 0.0001363966666666667 -0.02421666666666666 0.009031923333333334 
    - vertices: p9409(v672) p5925(v599) p3335(v598)
    - neighboring facets: f3456 f3827 f3452
    - ridges:
- f3454
    - flags: top simplicial
    - normal:  -5.415e-06  -0.9999 -0.01709
    - offset: -0.02406056
    - vertices: p445(v673) p3335(v598) p7490(v495)
    - neighboring facets: f3079 f3459 f3456
- f3456
    - flags: top simplicial
    - normal:  -0.000107  -0.9999 -0.01503
    - offset: -0.02407866
    - vertices: p445(v673) p5925(v599) p3335(v598)
    - neighboring facets: f3453 f3454 f3460
- f3457
    - flags: top simplicial
    - normal:  0.000362  -0.9986 -0.05308
    - offset: -0.02371472
    - vertices: p3536(v674) p7490(v495) p5353(v379)
    - neighboring facets: f2534 f3458 f3459
- f3458
    - flags: bottom simplicial
    - normal:  -8.599e-05  -0.9972 -0.07486
    - offset: -0.02348533
    - vertices: p3536(v674) p5925(v599) p5353(v379)
    - neighboring facets: f3084 f3457 f3460
- f3459
    - flags: top simplicial
    - normal:  4.127e-05  -0.9991 -0.04182
    - offset: -0.02382324
    - vertices: p3536(v674) p445(v673) p7490(v495)
    - neighboring facets: f3454 f3457 f3460
- f3460
    - flags: bottom simplicial
    - normal:  3.417e-05  -0.9991 -0.04185
    - offset: -0.02382288
    - vertices: p3536(v674) p445(v673) p5925(v599)
    - neighboring facets: f3456 f3458 f3459
- f3461
    - flags: bottom simplicial
    - normal:   -0.4831  -0.8756 -5.485e-05
    - offset: -0.02984523
    - vertices: p1893(v675) p821(v182) p6685(v17)
    - neighboring facets: f1458 f3465 f3463
- f3463
    - flags: bottom simplicial
    - normal:   -0.4968  -0.8678 -0.00049
    - offset: -0.03017821
    - vertices: p1893(v675) p8883(v602) p821(v182)
    - neighboring facets: f3095 f3461 f3466
- f3464
    - flags: top simplicial
    - normal:   -0.5155  -0.8569 0.0002986
    - offset: -0.03064567
    - vertices: p7570(v676) p1900(v380) p6685(v17)
    - neighboring facets: f2552 f3465 f3467
- f3465
    - flags: bottom simplicial
    - normal:   -0.5074  -0.8617 0.0001395
    - offset: -0.03044683
    - vertices: p7570(v676) p1893(v675) p6685(v17)
    - neighboring facets: f3461 f3464 f3466
- f3466
    - flags: top simplicial
    - normal:   -0.5094  -0.8605 8.96e-07
    - offset: -0.03049267
    - vertices: p7570(v676) p1893(v675) p8883(v602)
    - neighboring facets: f3463 f3468 f3465
- f3467
    - flags: top simplicial
    - normal:   -0.5311  -0.8473 0.0001545
    - offset: -0.03101921
    - vertices: p7570(v676) p4435(v500) p1900(v380)
    - neighboring facets: f3089 f3464 f3468
- f3468
    - flags: top simplicial
    - normal:   -0.5326  -0.8464 -0.0002443
    - offset: -0.03104693
    - vertices: p7570(v676) p8883(v602) p4435(v500)
    - neighboring facets: f3097 f3467 f3466
- f3469
    - flags: bottom simplicial
    - normal:   -0.1273  -0.9919 -0.0002743
    - offset: -0.02543954
    - vertices: p8969(v677) p9533(v468) p2393(v390)
    - neighboring facets: f3723 f3470 f3471
- f3470
    - flags: top simplicial
    - normal:   -0.1414    -0.99 -0.0003287
    - offset: -0.02556022
    - vertices: p8969(v677) p6002(v604) p2393(v390)
    - neighboring facets: f3105 f3469 f3471
- f3471
    - flags: bottom simplicial
    - normal:   -0.1297  -0.9915 -0.000381
    - offset: -0.0254593
    - vertices: p8969(v677) p6002(v604) p9533(v468)
    - neighboring facets: f3106 f3469 f3470
- f3472
    - flags: top simplicial tested
    - normal:  -0.002719  -0.9987  0.05048
    - offset: -0.02567829
    - center: -0.008298936666666666 -0.02421346666666666 0.02918233333333333 
    - vertices: p5406(v678) p6951(v606) p658(v187)
    - neighboring facets: f3835 f3473 f3475
    - ridges:
- f3473
    - flags: top simplicial tested
    - normal:  -0.009428  -0.9991  0.04176
    - offset: -0.02549406
    - center: -0.00974966 -0.02421266666666666 0.02901483333333333 
    - vertices: p5406(v678) p658(v187) p1820(v115)
    - neighboring facets: f2606 f3474 f3472
- f3474
    - flags: bottom simplicial tested
    - normal:  -0.03563  -0.9937   0.1059
    - offset: -0.02749084
    - center: -0.01053145666666667 -0.02416816666666666 0.02925073333333333 
    - vertices: p5406(v678) p9417(v188) p1820(v115)
    - neighboring facets: f964 f3473 f3654
- f3475
    - flags: bottom simplicial tested
    - normal:  0.003344  -0.9838   0.1794
    - offset: -0.02903783
    - center: -0.005255375666666667 -0.02417516666666666 0.02939506666666667 
    - vertices: p5406(v678) p6951(v606) p5674(v509)
    - neighboring facets: f3115 f3651 f3472
- f3479
    - flags: top simplicial
    - normal:  0.001684   -0.964   0.2658
    - offset: -0.03116854
    - vertices: p5953(v679) p9431(v510) p2354(v291)
    - neighboring facets: f2624 f3480 f3481
- f3480
    - flags: bottom simplicial
    - normal:  5.724e-05  -0.9659   0.2591
    - offset: -0.03097313
    - vertices: p5953(v679) p9874(v608) p2354(v291)
    - neighboring facets: f3133 f3479 f3481
- f3481
    - flags: top simplicial
    - normal:  0.0008495   -0.964   0.2657
    - offset: -0.0311673
    - vertices: p5953(v679) p9874(v608) p9431(v510)
    - neighboring facets: f3123 f3479 f3480
- f3482
    - flags: bottom simplicial
    - normal:  -1.363e-07  -0.9659   0.2588
    - offset: -0.03096619
    - vertices: p648(v680) p9874(v608) p6056(v607)
    - neighboring facets: f3127 f3483 f3484
- f3483
    - flags: top simplicial
    - normal:  2.788e-06  -0.9659   0.2588
    - offset: -0.03096605
    - vertices: p648(v680) p9445(v609) p6056(v607)
    - neighboring facets: f3132 f3482 f3484
- f3484
    - flags: bottom simplicial
    - normal:  3.76e-06  -0.9659   0.2588
    - offset: -0.03096629
    - vertices: p648(v680) p9445(v609) p9874(v608)
    - neighboring facets: f3133 f3482 f3483
- f3485
    - flags: bottom simplicial
    - normal:     0.409  -0.9026  -0.1341
    - offset: -0.02966202
    - vertices: p5772(v681) p2919(v610) p7107(v168)
    - neighboring facets: f3139 f3487 f3656
- f3487
    - flags: top simplicial
    - normal:    0.4969  -0.8001   -0.336
    - offset: -0.02782577
    - vertices: p5772(v681) p5017(v378) p7107(v168)
    - neighboring facets: f3069 f3485 f3488
- f3488
    - flags: bottom simplicial
    - normal:    0.5524  -0.7595  -0.3435
    - offset: -0.02823844
    - vertices: p5772(v681) p5017(v378) p3621(v260)
    - neighboring facets: f1950 f3489 f3487
- f3489
    - flags: top simplicial
    - normal:    0.5944  -0.7584  -0.2675
    - offset: -0.02991939
    - vertices: p5772(v681) p8724(v576) p3621(v260)
    - neighboring facets: f3399 f3488 f3490
- f3490
    - flags: bottom simplicial
    - normal:    0.6078  -0.7616  -0.2249
    - offset: -0.03069468
    - vertices: p5772(v681) p8724(v576) p173(v471)
    - neighboring facets: f2963 f3655 f3489
- f3491
    - flags: bottom simplicial
    - normal:  -0.05672  -0.5862   0.8082
    - offset: -0.08626195
    - vertices: p2503(v682) p4865(v401) p3731(v294)
    - neighboring facets: f2684 f3492 f3493
- f3492
    - flags: top simplicial
    - normal:  -0.05134  -0.6607   0.7489
    - offset: -0.08021538
    - vertices: p2503(v682) p5803(v611) p3731(v294)
    - neighboring facets: f3145 f3491 f3495
- f3493
    - flags: top simplicial
    - normal:  -0.03086  -0.5706   0.8207
    - offset: -0.08725261
    - vertices: p2503(v682) p4865(v401) p8853(v400)
    - neighboring facets: f2066 f3494 f3491
- f3494
    - flags: bottom simplicial
    - normal:  -0.005438  -0.5707   0.8211
    - offset: -0.08703198
    - vertices: p2503(v682) p3739(v517) p8853(v400)
    - neighboring facets: f2659 f3493 f3495
- f3495
    - flags: bottom simplicial
    - normal:  0.002329  -0.7155   0.6987
    - offset: -0.07455026
    - vertices: p2503(v682) p5803(v611) p3739(v517)
    - neighboring facets: f3143 f3494 f3492
- f3496
    - flags: bottom simplicial
    - normal:  -0.03192  -0.8994    0.436
    - offset: -0.0483779
    - vertices: p4084(v683) p3480(v519) p7684(v295)
    - neighboring facets: f2669 f3661 f3498
- f3498
    - flags: bottom simplicial
    - normal:  -6.349e-05  -0.8776   0.4795
    - offset: -0.05237856
    - vertices: p4084(v683) p9228(v612) p3480(v519)
    - neighboring facets: f3152 f3496 f3499
- f3499
    - flags: top simplicial
    - normal:  0.002524  -0.8799   0.4751
    - offset: -0.05191714
    - vertices: p4084(v683) p9228(v612) p6518(v402)
    - neighboring facets: f3149 f3500 f3498
- f3500
    - flags: bottom simplicial
    - normal:  0.003126  -0.8877   0.4605
    - offset: -0.05044046
    - vertices: p4084(v683) p7796(v613) p6518(v402)
    - neighboring facets: f3665 f3499 f3662
- f3501
    - flags: bottom simplicial
    - normal:   -0.6361  -0.7009   0.3228
    - offset: -0.04431117
    - vertices: p2182(v684) p1537(v529) p8615(v410)
    - neighboring facets: f2718 f3502 f3503
- f3502
    - flags: top simplicial
    - normal:   -0.6428  -0.6942   0.3239
    - offset: -0.04449543
    - vertices: p2182(v684) p2353(v621) p8615(v410)
    - neighboring facets: f3203 f3501 f3505
- f3503
    - flags: top simplicial
    - normal:   -0.8514  -0.5101   0.1218
    - offset: -0.04142088
    - vertices: p2182(v684) p1537(v529) p1580(v478)
    - neighboring facets: f2975 f3504 f3501
- f3504
    - flags: top simplicial
    - normal:    -0.893  -0.3991   0.2078
    - offset: -0.04462455
    - vertices: p2182(v684) p1580(v478) p755(v62)
    - neighboring facets: f3102 f3505 f3503
- f3505
    - flags: bottom simplicial
    - normal:    -0.816  -0.5087   0.2745
    - offset: -0.04603459
    - vertices: p2182(v684) p2353(v621) p755(v62)
    - neighboring facets: f3199 f3504 f3502
- f3506
    - flags: bottom simplicial
    - normal:    0.9562 -5.135e-05  -0.2926
    - offset: -0.0261974
    - vertices: p3802(v685) p7114(v342) p1349(v198)
    - neighboring facets: f2128 f3507 f3508
- f3507
    - flags: top simplicial
    - normal:    0.9713 0.000107  -0.2377
    - offset: -0.02709874
    - vertices: p3802(v685) p3622(v624) p1349(v198)
    - neighboring facets: f3510 f3506 f3508
- f3508
    - flags: bottom simplicial
    - normal:    0.9758 -6.595e-07  -0.2185
    - offset: -0.02738981
    - vertices: p3802(v685) p3622(v624) p7114(v342)
    - neighboring facets: f3217 f3506 f3507
- f3509
    - flags: top simplicial
    - normal:    0.9752 0.0002699  -0.2214
    - offset: -0.02734889
    - vertices: p498(v686) p5214(v531) p1349(v198)
    - neighboring facets: f2735 f3510 f3511
- f3510
    - flags: bottom simplicial
    - normal:    0.9749 0.0002235  -0.2226
    - offset: -0.02733036
    - vertices: p498(v686) p3622(v624) p1349(v198)
    - neighboring facets: f3507 f3509 f3512
- f3511
    - flags: bottom simplicial
    - normal:    0.9764 -5.346e-07  -0.2161
    - offset: -0.02742507
    - vertices: p498(v686) p5214(v531) p6653(v232)
    - neighboring facets: f3219 f3512 f3509
- f3512
    - flags: top simplicial
    - normal:    0.9763 -6.482e-07  -0.2162
    - offset: -0.02742321
    - vertices: p498(v686) p3622(v624) p6653(v232)
    - neighboring facets: f3217 f3511 f3510
- f3513
    - flags: top simplicial
    - normal:    0.9989 -2.95e-05   -0.047
    - offset: -0.02954647
    - vertices: p9626(v687) p5414(v411) p7703(v301)
    - neighboring facets: f2116 f3514 f3515
- f3514
    - flags: bottom simplicial
    - normal:    0.9974 -0.000146 -0.07258
    - offset: -0.02927489
    - vertices: p9626(v687) p558(v626) p7703(v301)
    - neighboring facets: f3225 f3513 f3515
- f3515
    - flags: top simplicial
    - normal:    0.9976 -0.0002412 -0.06908
    - offset: -0.0293123
    - vertices: p9626(v687) p558(v626) p5414(v411)
    - neighboring facets: f3224 f3513 f3514
- f3516
    - flags: bottom simplicial
    - normal:    0.9915 -8.833e-06    -0.13
    - offset: -0.02860503
    - vertices: p3777(v688) p558(v626) p5262(v532)
    - neighboring facets: f3224 f3518 f3517
- f3517
    - flags: top simplicial
    - normal:    0.9914 2.168e-06  -0.1306
    - offset: -0.02859743
    - vertices: p3777(v688) p558(v626) p3633(v623)
    - neighboring facets: f3225 f3519 f3516
- f3518
    - flags: bottom simplicial
    - normal:    0.9914 -1.67e-06  -0.1311
    - offset: -0.02859065
    - vertices: p3777(v688) p5262(v532) p2186(v412)
    - neighboring facets: f3222 f3519 f3516
- f3519
    - flags: top simplicial
    - normal:    0.9914 8.94e-07   -0.131
    - offset: -0.02859236
    - vertices: p3777(v688) p3633(v623) p2186(v412)
    - neighboring facets: f3212 f3518 f3517
- f3525
    - flags: bottom simplicial
    - normal:    0.8812 -0.002884  -0.4728
    - offset: -0.02257423
    - vertices: p7723(v690) p11(v534) p4006(v121)
    - neighboring facets: f2749 f3670 f3528
- f3528
    - flags: top simplicial
    - normal:    0.8894 -0.0004985  -0.4571
    - offset: -0.02291632
    - vertices: p7723(v690) p11(v534) p780(v302)
    - neighboring facets: f3251 f3529 f3525
- f3529
    - flags: bottom simplicial
    - normal:    0.8604 -6.267e-05  -0.5096
    - offset: -0.02166787
    - vertices: p7723(v690) p1299(v536) p780(v302)
    - neighboring facets: f3248 f3528 f3668
- f3531
    - flags: bottom simplicial
    - normal:    0.6501  0.01417  -0.7597
    - offset: -0.01390468
    - vertices: p8666(v691) p2428(v535) p1792(v415)
    - neighboring facets: f2755 f3536 f3675
- f3536
    - flags: bottom simplicial
    - normal:    0.6685 0.0003895  -0.7437
    - offset: -0.01438694
    - vertices: p6175(v692) p8666(v691) p1792(v415)
    - neighboring facets: f3531 f3743 f3689
- f3544
    - flags: top simplicial
    - normal:    0.4531 -1.664e-05  -0.8915
    - offset: -0.007251178
    - vertices: p8845(v693) p6575(v630) p6429(v420)
    - neighboring facets: f3553 f3691 f3551
- f3545
    - flags: bottom simplicial
    - normal:    0.5195 -0.02445  -0.8541
    - offset: -0.009706839
    - vertices: p8845(v693) p1228(v417) p2604(v37)
    - neighboring facets: f2149 f3546 f3684
- f3546
    - flags: top simplicial
    - normal:    0.4115 -0.02886   -0.911
    - offset: -0.006338885
    - vertices: p8845(v693) p7583(v205) p2604(v37)
    - neighboring facets: f1583 f3545 f3547
- f3547
    - flags: top simplicial
    - normal:    0.4053 -0.01024  -0.9141
    - offset: -0.005891676
    - vertices: p8845(v693) p1119(v310) p7583(v205)
    - neighboring facets: f1588 f3546 f3690
- f3548
    - flags: top simplicial
    - normal:    0.4881  0.00125  -0.8728
    - offset: -0.008379842
    - vertices: p2980(v694) p2428(v535) p2566(v251)
    - neighboring facets: f2754 f3549 f3550
- f3549
    - flags: top simplicial
    - normal:    0.4334 0.004967  -0.9012
    - offset: -0.006693882
    - vertices: p2980(v694) p2566(v251) p9274(v101)
    - neighboring facets: f1291 f3552 f3548
- f3550
    - flags: top simplicial
    - normal:    0.4927 2.098e-05  -0.8702
    - offset: -0.008510188
    - vertices: p2980(v694) p8845(v693) p2428(v535)
    - neighboring facets: f3741 f3548 f3551
- f3551
    - flags: bottom simplicial
    - normal:    0.4632 1.184e-06  -0.8862
    - offset: -0.007572816
    - vertices: p2980(v694) p8845(v693) p6575(v630)
    - neighboring facets: f3544 f3553 f3550
- f3552
    - flags: bottom simplicial
    - normal:    0.4255 0.0009896   -0.905
    - offset: -0.006395028
    - vertices: p2980(v694) p6429(v420) p9274(v101)
    - neighboring facets: f3255 f3549 f3553
- f3553
    - flags: bottom simplicial
    - normal:    0.4497 0.0001538  -0.8932
    - offset: -0.007146235
    - vertices: p2980(v694) p6575(v630) p6429(v420)
    - neighboring facets: f3544 f3552 f3551
- f3554
    - flags: top simplicial
    - normal:   -0.8765   0.2599   0.4051
    - offset: -0.05412007
    - vertices: p4769(v695) p1670(v214) p9186(v72)
    - neighboring facets: f3292 f3694 f3557
- f3556
    - flags: bottom simplicial
    - normal:     -0.86   0.3157    0.401
    - offset: -0.05363585
    - vertices: p4769(v695) p6655(v634) p3023(v541)
    - neighboring facets: f3262 f3695 f3700
- f3557
    - flags: top simplicial
    - normal:   -0.8524   0.2846   0.4386
    - offset: -0.05717385
    - vertices: p4769(v695) p1990(v323) p1670(v214)
    - neighboring facets: f2200 f3554 f3698
- f3560
    - flags: bottom simplicial
    - normal:    -0.499   0.7744    0.389
    - offset: -0.04898832
    - vertices: p5163(v696) p1649(v540) p1061(v314)
    - neighboring facets: f2779 f3561 f3562
- f3561
    - flags: top simplicial
    - normal:    -0.499   0.7726   0.3926
    - offset: -0.04933409
    - vertices: p5163(v696) p1933(v635) p1061(v314)
    - neighboring facets: f3269 f3560 f3564
- f3562
    - flags: top simplicial
    - normal:   -0.3028     0.86   0.4108
    - offset: -0.04890523
    - vertices: p5163(v696) p1649(v540) p1376(v438)
    - neighboring facets: f2781 f3568 f3560
- f3564
    - flags: top simplicial
    - normal:   -0.3429   0.8321   0.4359
    - offset: -0.05181543
    - vertices: p5163(v696) p760(v636) p1933(v635)
    - neighboring facets: f3275 f3561 f3569
- f3565
    - flags: top simplicial
    - normal:  -0.03758   0.8938    0.447
    - offset: -0.04949281
    - vertices: p6678(v697) p8751(v548) p9499(v329)
    - neighboring facets: f2829 f3780 f3566
- f3566
    - flags: bottom simplicial
    - normal:  -0.05005   0.9147   0.4009
    - offset: -0.04501806
    - vertices: p6678(v697) p8751(v548) p1376(v438)
    - neighboring facets: f2826 f3568 f3565
- f3568
    - flags: top simplicial
    - normal:   -0.3081   0.8519   0.4234
    - offset: -0.05019565
    - vertices: p6678(v697) p5163(v696) p1376(v438)
    - neighboring facets: f3562 f3566 f3569
- f3569
    - flags: bottom simplicial
    - normal:   -0.3421   0.8325   0.4358
    - offset: -0.05179712
    - vertices: p6678(v697) p5163(v696) p760(v636)
    - neighboring facets: f3564 f3764 f3568
- f3572
    - flags: top simplicial
    - normal:   -0.9397 0.0001509    0.342
    - offset: -0.04816528
    - vertices: p2781(v698) p2048(v317) p4649(v211)
    - neighboring facets: f1622 f3573 f3574
- f3573
    - flags: bottom simplicial
    - normal:   -0.9397 0.0002098   0.3421
    - offset: -0.0481664
    - vertices: p2781(v698) p7483(v637) p4649(v211)
    - neighboring facets: f3281 f3572 f3574
- f3574
    - flags: top simplicial
    - normal:   -0.9397 0.0001949   0.3421
    - offset: -0.04816656
    - vertices: p2781(v698) p7483(v637) p2048(v317)
    - neighboring facets: f3279 f3572 f3573
- f3575
    - flags: top simplicial
    - normal:   -0.9983  0.05801 -3.739e-05
    - offset: -0.03586692
    - vertices: p2900(v699) p5685(v440) p5418(v221)
    - neighboring facets: f2263 f3713 f3577
- f3577
    - flags: top simplicial
    - normal:   -0.9987  0.05037 0.0001723
    - offset: -0.03579109
    - vertices: p2900(v699) p1008(v641) p5685(v440)
    - neighboring facets: f3304 f3575 f3714
- f3580
    - flags: bottom simplicial
    - normal:   -0.9977  0.06756 0.0003936
    - offset: -0.03598037
    - vertices: p4521(v700) p1008(v641) p9957(v549)
    - neighboring facets: f3306 f3708 f3710
- f3581
    - flags: top simplicial
    - normal:   -0.9933   0.1158 4.066e-05
    - offset: -0.03643013
    - vertices: p7812(v701) p593(v640) p2941(v332)
    - neighboring facets: f3712 f3582 f3583
- f3582
    - flags: bottom simplicial
    - normal:   -0.9931   0.1174 4.256e-05
    - offset: -0.0364447
    - vertices: p7812(v701) p4859(v642) p2941(v332)
    - neighboring facets: f3307 f3581 f3585
- f3583
    - flags: bottom simplicial
    - normal:   -0.9933   0.1152 4.859e-05
    - offset: -0.03642547
    - vertices: p7812(v701) p593(v640) p9957(v549)
    - neighboring facets: f3709 f3584 f3581
- f3584
    - flags: bottom simplicial
    - normal:   -0.9907    0.136 0.001772
    - offset: -0.03665354
    - vertices: p7812(v701) p9957(v549) p7872(v42)
    - neighboring facets: f2835 f3585 f3583
- f3585
    - flags: top simplicial
    - normal:   -0.9901   0.1404 0.001698
    - offset: -0.03668696
    - vertices: p7812(v701) p4859(v642) p7872(v42)
    - neighboring facets: f3312 f3584 f3582
- f3586
    - flags: top simplicial
    - normal:   -0.9858   0.1677 -1.254e-05
    - offset: -0.0368427
    - vertices: p4484(v702) p4859(v642) p8029(v135)
    - neighboring facets: f3307 f3588 f3587
- f3587
    - flags: bottom simplicial
    - normal:   -0.9845   0.1752 0.0002499
    - offset: -0.03690224
    - vertices: p4484(v702) p4859(v642) p287(v550)
    - neighboring facets: f3312 f3589 f3586
- f3588
    - flags: bottom simplicial
    - normal:   -0.9734   0.2291 -0.0007098
    - offset: -0.03719928
    - vertices: p4484(v702) p3340(v442) p8029(v135)
    - neighboring facets: f2273 f3586 f3589
- f3589
    - flags: bottom simplicial
    - normal:   -0.9733   0.2296 -0.0004266
    - offset: -0.03720837
    - vertices: p4484(v702) p287(v550) p3340(v442)
    - neighboring facets: f2839 f3588 f3587
- f3590
    - flags: bottom simplicial
    - normal:   -0.9212   0.3891 -0.000109
    - offset: -0.03757994
    - vertices: p4601(v703) p5104(v443) p2043(v222)
    - neighboring facets: f2276 f3591 f3592
- f3591
    - flags: top simplicial
    - normal:   -0.9212   0.3891 -0.0001093
    - offset: -0.03757994
    - vertices: p4601(v703) p3331(v643) p2043(v222)
    - neighboring facets: f3313 f3590 f3592
- f3592
    - flags: bottom simplicial
    - normal:   -0.9212   0.3891 -0.0001065
    - offset: -0.03758006
    - vertices: p4601(v703) p3331(v643) p5104(v443)
    - neighboring facets: f3316 f3590 f3591
- f3593
    - flags: bottom simplicial
    - normal:    -0.643   0.7659 -1.698e-05
    - offset: -0.03354036
    - vertices: p6492(v704) p6098(v552) p8669(v444)
    - neighboring facets: f3332 f3594 f3595
- f3594
    - flags: top simplicial
    - normal:   -0.6724   0.7402 0.000113
    - offset: -0.03415041
    - vertices: p6492(v704) p4325(v644) p8669(v444)
    - neighboring facets: f3321 f3593 f3595
- f3595
    - flags: bottom simplicial
    - normal:   -0.6595   0.7517 0.0004068
    - offset: -0.03389405
    - vertices: p6492(v704) p4325(v644) p6098(v552)
    - neighboring facets: f3318 f3593 f3594
- f3596
    - flags: top simplicial
    - normal:   -0.5796   0.8149 0.0002227
    - offset: -0.03215252
    - vertices: p2800(v705) p185(v554) p6824(v148)
    - neighboring facets: f3325 f3598 f3597
- f3597
    - flags: top simplicial
    - normal:   -0.6029   0.7978 -0.000188
    - offset: -0.03266773
    - vertices: p2800(v705) p5196(v647) p185(v554)
    - neighboring facets: f3333 f3596 f3600
- f3598
    - flags: top simplicial
    - normal:   -0.5764   0.8172 0.0005165
    - offset: -0.03208508
    - vertices: p2800(v705) p6824(v148) p89(v6)
    - neighboring facets: f753 f3599 f3596
- f3599
    - flags: bottom simplicial
    - normal:   -0.6059   0.7955 0.001489
    - offset: -0.03277451
    - vertices: p2800(v705) p6098(v552) p89(v6)
    - neighboring facets: f3318 f3598 f3600
- f3600
    - flags: bottom simplicial
    - normal:   -0.6295    0.777 0.0001686
    - offset: -0.03325753
    - vertices: p2800(v705) p5196(v647) p6098(v552)
    - neighboring facets: f3332 f3599 f3597
- f3601
    - flags: bottom simplicial
    - normal:    -0.803   0.5959 7.122e-05
    - offset: -0.03646032
    - vertices: p2895(v706) p4053(v648) p8055(v445)
    - neighboring facets: f3337 f3715 f3602
- f3602
    - flags: bottom simplicial
    - normal:   -0.8019   0.5975 0.0003025
    - offset: -0.03644636
    - vertices: p2895(v706) p9720(v649) p4053(v648)
    - neighboring facets: f3343 f3601 f3719
- f3605
    - flags: top simplicial
    - normal:   -0.8627   0.5056 -0.001043
    - offset: -0.03718451
    - vertices: p962(v707) p3617(v557) p8055(v445)
    - neighboring facets: f3349 f3716 f3606
- f3606
    - flags: top simplicial
    - normal:   -0.8576   0.5143 -3.04e-05
    - offset: -0.03715262
    - vertices: p962(v707) p2213(v652) p3617(v557)
    - neighboring facets: f3355 f3605 f3607
- f3607
    - flags: bottom simplicial
    - normal:   -0.8423   0.5391 1.373e-05
    - offset:  -0.036982
    - vertices: p962(v707) p2213(v652) p8982(v555)
    - neighboring facets: f3360 f3717 f3606
- f3610
    - flags: bottom simplicial
    - normal:   -0.8921 -9.485e-06  -0.4517
    - offset: -0.02768318
    - vertices: p3244(v708) p8013(v656) p8777(v243)
    - neighboring facets: f3371 f3612 f3611
- f3611
    - flags: top simplicial
    - normal:   -0.8923 1.411e-06  -0.4515
    - offset: -0.02768938
    - vertices: p3244(v708) p8013(v656) p5547(v352)
    - neighboring facets: f3614 f3613 f3610
- f3612
    - flags: top simplicial
    - normal:    -0.893 -4.767e-06  -0.4501
    - offset: -0.02772513
    - vertices: p3244(v708) p972(v569) p8777(v243)
    - neighboring facets: f2921 f3610 f3613
- f3613
    - flags: bottom simplicial
    - normal:    -0.893 -2.074e-06    -0.45
    - offset: -0.02772752
    - vertices: p3244(v708) p972(v569) p5547(v352)
    - neighboring facets: f3368 f3611 f3612
- f3614
    - flags: bottom simplicial
    - normal:   -0.8841 0.0001656  -0.4674
    - offset: -0.0272833
    - vertices: p7999(v709) p8013(v656) p5547(v352)
    - neighboring facets: f3611 f3615 f3616
- f3615
    - flags: top simplicial
    - normal:    -0.883 0.000203  -0.4694
    - offset: -0.02723134
    - vertices: p7999(v709) p3937(v658) p5547(v352)
    - neighboring facets: f3382 f3614 f3617
- f3616
    - flags: top simplicial
    - normal:   -0.8783 -0.0002084  -0.4781
    - offset: -0.02700153
    - vertices: p7999(v709) p8013(v656) p3112(v570)
    - neighboring facets: f3371 f3617 f3614
- f3617
    - flags: bottom simplicial
    - normal:   -0.8708 -1.78e-05  -0.4917
    - offset: -0.02663813
    - vertices: p7999(v709) p3937(v658) p3112(v570)
    - neighboring facets: f3378 f3616 f3615
- f3619
    - flags: bottom simplicial
    - normal:   -0.0951  -0.9955 -4.835e-05
    - offset: -0.02515876
    - vertices: p1751(v710) p7715(v660) p6435(v574)
    - neighboring facets: f3389 f3621 f3722
- f3621
    - flags: bottom simplicial
    - normal:  -0.07659  -0.9971 0.0007591
    - offset: -0.02500113
    - vertices: p1751(v710) p6435(v574) p1820(v115)
    - neighboring facets: f2951 f3721 f3619
- f3622
    - flags: top simplicial
    - normal:    -0.889  -0.4579 -0.0002806
    - offset: -0.03742637
    - vertices: p6191(v711) p6212(v480) p3648(v479)
    - neighboring facets: f2456 f3623 f3624
- f3623
    - flags: bottom simplicial
    - normal:   -0.9083  -0.4183 -9.232e-06
    - offset: -0.03754468
    - vertices: p6191(v711) p8705(v663) p3648(v479)
    - neighboring facets: f3403 f3622 f3624
- f3624
    - flags: top simplicial
    - normal:    -0.877  -0.4805 0.0005646
    - offset: -0.03734932
    - vertices: p6191(v711) p8705(v663) p6212(v480)
    - neighboring facets: f3405 f3622 f3623
- f3625
    - flags: bottom simplicial
    - normal:  2.347e-05  -0.5291  -0.8485
    - offset: -0.006631972
    - vertices: p4805(v712) p7122(v592) p839(v377)
    - neighboring facets: f3045 f3627 f3626
- f3626
    - flags: bottom simplicial
    - normal:  0.0001048  -0.5278  -0.8494
    - offset: -0.006594666
    - vertices: p4805(v712) p1915(v668) p7122(v592)
    - neighboring facets: f3633 f3625 f3628
- f3627
    - flags: bottom simplicial
    - normal:  -0.0001573  -0.5145  -0.8575
    - offset: -0.006244021
    - vertices: p4805(v712) p839(v377) p5733(v266)
    - neighboring facets: f3052 f3628 f3625
- f3628
    - flags: top simplicial
    - normal:  0.0001582  -0.5146  -0.8574
    - offset: -0.006244531
    - vertices: p4805(v712) p1915(v668) p5733(v266)
    - neighboring facets: f3430 f3627 f3626
- f3629
    - flags: bottom simplicial
    - normal:  0.002975  -0.5405  -0.8414
    - offset: -0.006976442
    - vertices: p6018(v713) p4823(v581) p307(v173)
    - neighboring facets: f2989 f3631 f3630
- f3630
    - flags: bottom simplicial
    - normal:  0.000592  -0.5169  -0.8561
    - offset: -0.006307856
    - vertices: p6018(v713) p1915(v668) p4823(v581)
    - neighboring facets: f3430 f3629 f3633
- f3631
    - flags: top simplicial
    - normal:  0.0001797  -0.5913  -0.8065
    - offset: -0.008326563
    - vertices: p6018(v713) p9644(v490) p307(v173)
    - neighboring facets: f3050 f3629 f3632
- f3632
    - flags: top simplicial
    - normal:  1.939e-05  -0.5623  -0.8269
    - offset: -0.00752841
    - vertices: p6018(v713) p7122(v592) p9644(v490)
    - neighboring facets: f3045 f3631 f3633
- f3633
    - flags: top simplicial
    - normal:  0.0001266  -0.5362  -0.8441
    - offset: -0.006822783
    - vertices: p6018(v713) p1915(v668) p7122(v592)
    - neighboring facets: f3626 f3632 f3630
- f3636
    - flags: top simplicial
    - normal:  -0.0008405  -0.7224  -0.6915
    - offset: -0.01213401
    - vertices: p418(v714) p3185(v669) p7932(v492)
    - neighboring facets: f3434 f3728 f3640
- f3637
    - flags: top simplicial
    - normal:  0.001293  -0.7158  -0.6983
    - offset: -0.01194343
    - vertices: p418(v714) p926(v488) p307(v173)
    - neighboring facets: f3032 f3638 f3726
- f3638
    - flags: bottom simplicial
    - normal:  0.0007138  -0.7015  -0.7126
    - offset: -0.01150639
    - vertices: p418(v714) p6277(v588) p307(v173)
    - neighboring facets: f3025 f3637 f3639
- f3639
    - flags: bottom simplicial
    - normal:  0.0001814  -0.7021  -0.7121
    - offset: -0.01152102
    - vertices: p418(v714) p9375(v594) p6277(v588)
    - neighboring facets: f3056 f3638 f3640
- f3640
    - flags: bottom simplicial
    - normal:  0.000145  -0.7026  -0.7116
    - offset: -0.01153441
    - vertices: p418(v714) p3185(v669) p9375(v594)
    - neighboring facets: f3437 f3639 f3636
- f3641
    - flags: top simplicial
    - normal:  0.003183  -0.9756  -0.2195
    - offset: -0.02176467
    - vertices: p8968(v715) p4215(v671) p787(v494)
    - neighboring facets: f3446 f3645 f3642
- f3642
    - flags: bottom simplicial
    - normal:  0.002682  -0.9765  -0.2155
    - offset: -0.02181288
    - vertices: p8968(v715) p4215(v671) p2131(v597)
    - neighboring facets: f3729 f3643 f3641
- f3643
    - flags: bottom simplicial
    - normal:  -0.0001343  -0.9663  -0.2573
    - offset: -0.02119875
    - vertices: p8968(v715) p2131(v597) p774(v273)
    - neighboring facets: f3730 f3644 f3642
- f3644
    - flags: top simplicial
    - normal:  -0.0004101  -0.9602  -0.2792
    - offset: -0.0208704
    - vertices: p8968(v715) p5553(v489) p774(v273)
    - neighboring facets: f2548 f3643 f3645
- f3645
    - flags: top simplicial
    - normal:  -0.0001254  -0.9534  -0.3017
    - offset: -0.02052493
    - vertices: p8968(v715) p787(v494) p5553(v489)
    - neighboring facets: f3426 f3644 f3641
- f3646
    - flags: bottom simplicial
    - normal:  -0.0006109  -0.9792   -0.203
    - offset: -0.02195997
    - vertices: p7797(v716) p7721(v496) p774(v273)
    - neighboring facets: f2548 f3731 f3732
- f3650
    - flags: top simplicial
    - normal:  5.405e-06  -0.9659   0.2588
    - offset: -0.03096565
    - vertices: p7763(v717) p6056(v607) p5674(v509)
    - neighboring facets: f3132 f3651 f3652
- f3651
    - flags: bottom simplicial
    - normal:  7.529e-06   -0.966   0.2587
    - offset: -0.03096369
    - vertices: p7763(v717) p5406(v678) p5674(v509)
    - neighboring facets: f3475 f3650 f3654
- f3652
    - flags: bottom simplicial
    - normal:  -4.282e-06  -0.9659   0.2588
    - offset: -0.03096605
    - vertices: p7763(v717) p6056(v607) p756(v514)
    - neighboring facets: f3127 f3653 f3650
- f3653
    - flags: bottom simplicial
    - normal:  -1.052e-05  -0.9659   0.2588
    - offset:  -0.030966
    - vertices: p7763(v717) p756(v514) p9417(v188)
    - neighboring facets: f2639 f3654 f3652
- f3654
    - flags: top simplicial
    - normal:  -1.517e-05  -0.9659   0.2588
    - offset: -0.03096519
    - vertices: p7763(v717) p5406(v678) p9417(v188)
    - neighboring facets: f3474 f3653 f3651
- f3655
    - flags: bottom simplicial
    - normal:    0.5656  -0.8243 -0.02638
    - offset: -0.03275117
    - vertices: p3842(v718) p5772(v681) p173(v471)
    - neighboring facets: f3490 f3657 f3656
- f3656
    - flags: top simplicial
    - normal:    0.5037  -0.8635   0.0251
    - offset: -0.03252232
    - vertices: p3842(v718) p5772(v681) p2919(v610)
    - neighboring facets: f3485 f3658 f3655
- f3657
    - flags: bottom simplicial
    - normal:     0.622  -0.7698    0.143
    - offset: -0.03456185
    - vertices: p3842(v718) p173(v471) p7084(v18)
    - neighboring facets: f2403 f3659 f3655
- f3658
    - flags: top simplicial
    - normal:    0.4815  -0.8453   0.2318
    - offset: -0.03347255
    - vertices: p3842(v718) p2919(v610) p7735(v515)
    - neighboring facets: f3138 f3660 f3656
- f3659
    - flags: top simplicial
    - normal:    0.5294  -0.7914   0.3055
    - offset: -0.03418607
    - vertices: p3842(v718) p9877(v296) p7084(v18)
    - neighboring facets: f1519 f3657 f3660
- f3660
    - flags: top simplicial
    - normal:    0.4886   -0.819   0.3009
    - offset: -0.03371133
    - vertices: p3842(v718) p7735(v515) p9877(v296)
    - neighboring facets: f2644 f3659 f3658
- f3661
    - flags: bottom simplicial
    - normal:  -0.03098  -0.8997   0.4355
    - offset: -0.04831273
    - vertices: p1182(v719) p4084(v683) p7684(v295)
    - neighboring facets: f3496 f3663 f3662
- f3662
    - flags: top simplicial
    - normal:  -0.00243  -0.9023   0.4312
    - offset: -0.04756542
    - vertices: p1182(v719) p4084(v683) p7796(v613)
    - neighboring facets: f3500 f3665 f3661
- f3663
    - flags: top simplicial
    - normal:  0.0001742  -0.9192   0.3937
    - offset: -0.04379631
    - vertices: p1182(v719) p1363(v518) p7684(v295)
    - neighboring facets: f3160 f3661 f3664
- f3664
    - flags: bottom simplicial
    - normal:   0.01387  -0.9163   0.4003
    - offset: -0.04429663
    - vertices: p1182(v719) p1363(v518) p6518(v402)
    - neighboring facets: f2663 f3665 f3663
- f3665
    - flags: top simplicial
    - normal:   0.01273  -0.9147   0.4039
    - offset: -0.0446699
    - vertices: p1182(v719) p7796(v613) p6518(v402)
    - neighboring facets: f3500 f3664 f3662
- f3666
    - flags: top simplicial
    - normal:    0.7944 0.002694  -0.6073
    - offset: -0.01902742
    - vertices: p2092(v720) p1299(v536) p1792(v415)
    - neighboring facets: f2761 f3746 f3668
- f3668
    - flags: top simplicial
    - normal:    0.8433 -5.422e-07  -0.5375
    - offset: -0.02095426
    - vertices: p2092(v720) p7723(v690) p1299(v536)
    - neighboring facets: f3529 f3666 f3669
- f3669
    - flags: bottom simplicial
    - normal:    0.8369 -0.0001564  -0.5474
    - offset: -0.02069357
    - vertices: p2092(v720) p7723(v690) p5222(v689)
    - neighboring facets: f3751 f3748 f3668
- f3670
    - flags: bottom simplicial
    - normal:    0.8726 -0.004591  -0.4885
    - offset: -0.02221733
    - vertices: p1392(v721) p7723(v690) p4006(v121)
    - neighboring facets: f3525 f3672 f3671
- f3671
    - flags: top simplicial
    - normal:    0.8669 -0.004453  -0.4984
    - offset: -0.02197663
    - vertices: p1392(v721) p7723(v690) p8957(v628)
    - neighboring facets: f3750 f3674 f3670
- f3672
    - flags: top simplicial
    - normal:    0.9271 -0.03696  -0.3731
    - offset: -0.02515593
    - vertices: p1392(v721) p1573(v201) p4006(v121)
    - neighboring facets: f1195 f3670 f3673
- f3673
    - flags: top simplicial
    - normal:     0.793  -0.1719  -0.5845
    - offset: -0.02168138
    - vertices: p1392(v721) p3317(v305) p1573(v201)
    - neighboring facets: f2955 f3672 f3674
- f3674
    - flags: top simplicial
    - normal:    0.7383  -0.1084  -0.6657
    - offset: -0.01851982
    - vertices: p1392(v721) p8957(v628) p3317(v305)
    - neighboring facets: f3237 f3673 f3671
- f3675
    - flags: top simplicial
    - normal:    0.5836 0.002634   -0.812
    - offset: -0.0115162
    - vertices: p2411(v722) p8666(v691) p2428(v535)
    - neighboring facets: f3531 f3742 f3737
- f3684
    - flags: top simplicial
    - normal:    0.5648 -0.01328  -0.8251
    - offset: -0.01102648
    - vertices: p7185(v724) p8845(v693) p1228(v417)
    - neighboring facets: f3545 f3686 f3758
- f3686
    - flags: bottom simplicial
    - normal:    0.7039   -0.056   -0.708
    - offset: -0.01643168
    - vertices: p7185(v724) p8957(v628) p1228(v417)
    - neighboring facets: f3237 f3684 f3755
- f3688
    - flags: top simplicial
    - normal:    0.6363 5.553e-05  -0.7714
    - offset: -0.01327372
    - vertices: p7185(v724) p8666(v691) p1387(v629)
    - neighboring facets: f3760 f3757 f3689
- f3689
    - flags: top simplicial
    - normal:    0.6656 0.0003325  -0.7463
    - offset: -0.01428626
    - vertices: p7185(v724) p6175(v692) p8666(v691)
    - neighboring facets: f3536 f3688 f3756
- f3690
    - flags: bottom simplicial
    - normal:    0.4189 -0.002802   -0.908
    - offset: -0.006214761
    - vertices: p3158(v725) p8845(v693) p1119(v310)
    - neighboring facets: f3547 f3692 f3691
- f3691
    - flags: top simplicial
    - normal:    0.4289 -0.0002588  -0.9034
    - offset: -0.006491534
    - vertices: p3158(v725) p8845(v693) p6429(v420)
    - neighboring facets: f3544 f3693 f3690
- f3692
    - flags: top simplicial
    - normal:    0.3832 -3.757e-06  -0.9237
    - offset: -0.005076065
    - vertices: p3158(v725) p3326(v632) p1119(v310)
    - neighboring facets: f3254 f3690 f3693
- f3693
    - flags: bottom simplicial
    - normal:    0.3832 -4.034e-06  -0.9237
    - offset: -0.005077917
    - vertices: p3158(v725) p3326(v632) p6429(v420)
    - neighboring facets: f3255 f3691 f3692
- f3694
    - flags: top simplicial
    - normal:   -0.8763   0.2618   0.4045
    - offset: -0.05405829
    - vertices: p5649(v726) p4769(v695) p9186(v72)
    - neighboring facets: f3554 f3696 f3695
- f3695
    - flags: bottom simplicial
    - normal:   -0.8649   0.3041   0.3994
    - offset: -0.05350709
    - vertices: p5649(v726) p4769(v695) p3023(v541)
    - neighboring facets: f3556 f3697 f3694
- f3696
    - flags: bottom simplicial
    - normal:   -0.8952   0.2358   0.3781
    - offset: -0.05165343
    - vertices: p5649(v726) p8397(v545) p9186(v72)
    - neighboring facets: f3291 f3694 f3697
- f3697
    - flags: top simplicial
    - normal:   -0.8903   0.2507   0.3802
    - offset: -0.05182803
    - vertices: p5649(v726) p8397(v545) p3023(v541)
    - neighboring facets: f2805 f3695 f3696
- f3698
    - flags: bottom simplicial
    - normal:   -0.8336    0.317   0.4523
    - offset: -0.05836286
    - vertices: p3556(v727) p4769(v695) p1990(v323)
    - neighboring facets: f3557 f3789 f3700
- f3699
    - flags: top simplicial
    - normal:   -0.7065   0.5346   0.4638
    - offset: -0.05834619
    - vertices: p3556(v727) p6655(v634) p5511(v542)
    - neighboring facets: f3267 f3766 f3700
- f3700
    - flags: top simplicial
    - normal:   -0.8068   0.3777   0.4543
    - offset: -0.05834625
    - vertices: p3556(v727) p4769(v695) p6655(v634)
    - neighboring facets: f3556 f3699 f3698
- f3708
    - flags: bottom simplicial
    - normal:   -0.9973  0.07294 -4.672e-05
    - offset: -0.03602187
    - vertices: p1(v728) p4521(v700) p9957(v549)
    - neighboring facets: f3580 f3709 f3710
- f3709
    - flags: top simplicial
    - normal:   -0.9965   0.0836 -0.0001124
    - offset: -0.03612672
    - vertices: p1(v728) p593(v640) p9957(v549)
    - neighboring facets: f3583 f3708 f3712
- f3710
    - flags: top simplicial
    - normal:   -0.9979  0.06508 -1.828e-05
    - offset: -0.03594166
    - vertices: p1(v728) p4521(v700) p1008(v641)
    - neighboring facets: f3580 f3714 f3708
- f3711
    - flags: bottom simplicial
    - normal:   -0.9963  0.08561 -0.0003902
    - offset: -0.03614199
    - vertices: p1(v728) p2941(v332) p5418(v221)
    - neighboring facets: f1707 f3713 f3712
- f3712
    - flags: bottom simplicial
    - normal:    -0.996  0.08906 -0.0002205
    - offset: -0.03617769
    - vertices: p1(v728) p593(v640) p2941(v332)
    - neighboring facets: f3581 f3711 f3709
- f3713
    - flags: top simplicial
    - normal:   -0.9983  0.05874 -3.63e-05
    - offset: -0.03587474
    - vertices: p1(v728) p2900(v699) p5418(v221)
    - neighboring facets: f3575 f3711 f3714
- f3714
    - flags: bottom simplicial
    - normal:   -0.9979   0.0642 -1.918e-05
    - offset: -0.03593242
    - vertices: p1(v728) p2900(v699) p1008(v641)
    - neighboring facets: f3577 f3710 f3713
- f3715
    - flags: bottom simplicial
    - normal:   -0.8287   0.5597 -2.931e-05
    - offset: -0.0368134
    - vertices: p6234(v729) p2895(v706) p8055(v445)
    - neighboring facets: f3601 f3716 f3719
- f3716
    - flags: top simplicial
    - normal:   -0.8408   0.5413 -0.0002024
    - offset: -0.03696059
    - vertices: p6234(v729) p962(v707) p8055(v445)
    - neighboring facets: f3605 f3715 f3717
- f3717
    - flags: bottom simplicial
    - normal:    -0.842   0.5395 1.266e-05
    - offset: -0.03697835
    - vertices: p6234(v729) p962(v707) p8982(v555)
    - neighboring facets: f3607 f3718 f3716
- f3718
    - flags: top simplicial
    - normal:   -0.8059   0.5921 0.0005652
    - offset: -0.03651067
    - vertices: p6234(v729) p9720(v649) p8982(v555)
    - neighboring facets: f3360 f3717 f3719
- f3719
    - flags: top simplicial
    - normal:   -0.8038   0.5949 0.0003679
    - offset: -0.03647579
    - vertices: p6234(v729) p2895(v706) p9720(v649)
    - neighboring facets: f3602 f3718 f3715
- f3720
    - flags: top simplicial
    - normal:   -0.1039  -0.9946 0.003038
    - offset: -0.0253038
    - vertices: p9782(v730) p2393(v390) p1820(v115)
    - neighboring facets: f2591 f3721 f3723
- f3721
    - flags: bottom simplicial
    - normal:  -0.09871  -0.9951 0.002338
    - offset: -0.02524031
    - vertices: p9782(v730) p1751(v710) p1820(v115)
    - neighboring facets: f3621 f3720 f3722
- f3722
    - flags: top simplicial
    - normal:   -0.1152  -0.9933 -1.825e-05
    - offset: -0.02533876
    - vertices: p9782(v730) p1751(v710) p7715(v660)
    - neighboring facets: f3619 f3724 f3721
- f3723
    - flags: top simplicial
    - normal:   -0.1263   -0.992 -0.0002459
    - offset: -0.02543141
    - vertices: p9782(v730) p9533(v468) p2393(v390)
    - neighboring facets: f3469 f3720 f3724
- f3724
    - flags: top simplicial
    - normal:    -0.122  -0.9925 -0.0001671
    - offset: -0.02539607
    - vertices: p9782(v730) p7715(v660) p9533(v468)
    - neighboring facets: f3388 f3723 f3722
- f3725
    - flags: top simplicial
    - normal:  -6.678e-05  -0.7602  -0.6496
    - offset: -0.01331448
    - vertices: p3119(v731) p6322(v595) p926(v488)
    - neighboring facets: f3445 f3726 f3727
- f3726
    - flags: bottom simplicial
    - normal:  0.0003819  -0.7432  -0.6691
    - offset: -0.01278079
    - vertices: p3119(v731) p418(v714) p926(v488)
    - neighboring facets: f3637 f3725 f3728
- f3727
    - flags: bottom simplicial
    - normal:  -0.001126   -0.752  -0.6591
    - offset: -0.01305218
    - vertices: p3119(v731) p6322(v595) p7932(v492)
    - neighboring facets: f3442 f3728 f3725
- f3728
    - flags: top simplicial
    - normal:  -0.0008931  -0.7302  -0.6832
    - offset: -0.01237498
    - vertices: p3119(v731) p418(v714) p7932(v492)
    - neighboring facets: f3636 f3727 f3726
- f3729
    - flags: top simplicial
    - normal:  0.001788  -0.9793  -0.2025
    - offset: -0.02197948
    - vertices: p851(v732) p4215(v671) p2131(v597)
    - neighboring facets: f3642 f3730 f3734
- f3730
    - flags: top simplicial
    - normal:  0.0001083  -0.9786  -0.2057
    - offset: -0.02192198
    - vertices: p851(v732) p2131(v597) p774(v273)
    - neighboring facets: f3643 f3731 f3729
- f3731
    - flags: bottom simplicial
    - normal:  -1.067e-05  -0.9801  -0.1983
    - offset: -0.02201969
    - vertices: p851(v732) p7797(v716) p774(v273)
    - neighboring facets: f3646 f3730 f3732
- f3732
    - flags: top simplicial
    - normal:  2.477e-05  -0.9911  -0.1335
    - offset: -0.0228325
    - vertices: p851(v732) p7797(v716) p7721(v496)
    - neighboring facets: f3646 f3733 f3731
- f3733
    - flags: top simplicial
    - normal:  3.942e-05  -0.9916  -0.1291
    - offset: -0.02288307
    - vertices: p851(v732) p7721(v496) p5353(v379)
    - neighboring facets: f3084 f3734 f3732
- f3734
    - flags: bottom simplicial
    - normal:  9.431e-05  -0.9914  -0.1311
    - offset: -0.02286016
    - vertices: p851(v732) p4215(v671) p5353(v379)
    - neighboring facets: f3446 f3733 f3729
- f3737
    - flags: bottom simplicial
    - normal:    0.5858 0.0006089  -0.8105
    - offset: -0.01156421
    - vertices: p6197(v733) p2411(v722) p8666(v691)
    - neighboring facets: f3675 f3761 f3762
- f3741
    - flags: bottom simplicial
    - normal:    0.5204 -0.0001712  -0.8539
    - offset: -0.009404983
    - vertices: p2633(v734) p8845(v693) p2428(v535)
    - neighboring facets: f3550 f3742 f3759
- f3742
    - flags: top simplicial
    - normal:    0.5373 -9.349e-07  -0.8434
    - offset: -0.009954911
    - vertices: p2633(v734) p2411(v722) p2428(v535)
    - neighboring facets: f3675 f3741 f3763
- f3743
    - flags: bottom simplicial
    - normal:    0.7222 -0.0001881  -0.6917
    - offset: -0.01630529
    - vertices: p4733(v735) p6175(v692) p1792(v415)
    - neighboring facets: f3536 f3744 f3745
- f3744
    - flags: top simplicial
    - normal:     0.751 0.0002358  -0.6603
    - offset: -0.01736424
    - vertices: p4733(v735) p321(v723) p1792(v415)
    - neighboring facets: f3747 f3743 f3745
- f3745
    - flags: bottom simplicial
    - normal:    0.7261 -0.000243  -0.6876
    - offset: -0.01644462
    - vertices: p4733(v735) p321(v723) p6175(v692)
    - neighboring facets: f3752 f3743 f3744
- f3746
    - flags: top simplicial
    - normal:    0.7875 0.001819  -0.6163
    - offset: -0.01875183
    - vertices: p5629(v736) p2092(v720) p1792(v415)
    - neighboring facets: f3666 f3747 f3748
- f3747
    - flags: bottom simplicial
    - normal:    0.7615 0.0004381  -0.6481
    - offset: -0.01775955
    - vertices: p5629(v736) p321(v723) p1792(v415)
    - neighboring facets: f3744 f3746 f3754
- f3748
    - flags: bottom simplicial
    - normal:    0.7959 9.226e-05  -0.6054
    - offset: -0.01907002
    - vertices: p5629(v736) p2092(v720) p5222(v689)
    - neighboring facets: f3669 f3753 f3746
- f3750
    - flags: bottom simplicial
    - normal:    0.8512 -0.003477  -0.5248
    - offset: -0.02130919
    - vertices: p91(v737) p7723(v690) p8957(v628)
    - neighboring facets: f3671 f3755 f3751
- f3751
    - flags: top simplicial
    - normal:     0.834 -0.0004341  -0.5518
    - offset: -0.02057852
    - vertices: p91(v737) p7723(v690) p5222(v689)
    - neighboring facets: f3669 f3753 f3750
- f3752
    - flags: top simplicial
    - normal:    0.7465 -0.00204  -0.6654
    - offset: -0.01720442
    - vertices: p91(v737) p321(v723) p6175(v692)
    - neighboring facets: f3745 f3756 f3754
- f3753
    - flags: bottom simplicial
    - normal:    0.7934 6.792e-07  -0.6087
    - offset: -0.01896991
    - vertices: p91(v737) p5629(v736) p5222(v689)
    - neighboring facets: f3748 f3751 f3754
- f3754
    - flags: top simplicial
    - normal:    0.7933 -9.35e-07  -0.6089
    - offset: -0.01896561
    - vertices: p91(v737) p5629(v736) p321(v723)
    - neighboring facets: f3747 f3752 f3753
- f3755
    - flags: top simplicial
    - normal:    0.7524 -0.004128  -0.6587
    - offset: -0.0174466
    - vertices: p91(v737) p7185(v724) p8957(v628)
    - neighboring facets: f3686 f3750 f3756
- f3756
    - flags: bottom simplicial
    - normal:     0.746 -0.002432   -0.666
    - offset: -0.01718908
    - vertices: p91(v737) p7185(v724) p6175(v692)
    - neighboring facets: f3689 f3752 f3755
- f3757
    - flags: top simplicial
    - normal:    0.6164 -0.0006865  -0.7874
    - offset: -0.01260059
    - vertices: p430(v738) p7185(v724) p1387(v629)
    - neighboring facets: f3688 f3760 f3758
- f3758
    - flags: bottom simplicial
    - normal:    0.5673 -0.003258  -0.8235
    - offset: -0.01097141
    - vertices: p430(v738) p7185(v724) p8845(v693)
    - neighboring facets: f3684 f3759 f3757
- f3759
    - flags: top simplicial
    - normal:    0.5479 -0.000647  -0.8366
    - offset: -0.01030008
    - vertices: p430(v738) p2633(v734) p8845(v693)
    - neighboring facets: f3741 f3758 f3763
- f3760
    - flags: bottom simplicial
    - normal:    0.6091 -9.161e-07  -0.7931
    - offset: -0.01234435
    - vertices: p430(v738) p8666(v691) p1387(v629)
    - neighboring facets: f3688 f3757 f3761
- f3761
    - flags: bottom simplicial
    - normal:    0.6086 -6.194e-07  -0.7935
    - offset: -0.01232805
    - vertices: p430(v738) p6197(v733) p8666(v691)
    - neighboring facets: f3737 f3760 f3762
- f3762
    - flags: top simplicial
    - normal:    0.5711 -0.0001643  -0.8209
    - offset: -0.01106855
    - vertices: p430(v738) p6197(v733) p2411(v722)
    - neighboring facets: f3737 f3763 f3761
- f3763
    - flags: bottom simplicial
    - normal:     0.569 -0.000188  -0.8223
    - offset: -0.01100006
    - vertices: p430(v738) p2633(v734) p2411(v722)
    - neighboring facets: f3742 f3762 f3759
- f3764
    - flags: bottom simplicial
    - normal:   -0.3013   0.7372   0.6047
    - offset: -0.0681955
    - vertices: p3650(v739) p6678(v697) p760(v636)
    - neighboring facets: f3569 f3765 f3781
- f3765
    - flags: bottom simplicial
    - normal:   -0.4436   0.6612    0.605
    - offset: -0.06977186
    - vertices: p3650(v739) p760(v636) p5511(v542)
    - neighboring facets: f3275 f3766 f3764
- f3766
    - flags: top simplicial
    - normal:   -0.5088   0.6095    0.608
    - offset: -0.07075591
    - vertices: p3650(v739) p3556(v727) p5511(v542)
    - neighboring facets: f3699 f3765 f3787
- f3776
    - flags: top simplicial
    - normal:    0.2262   0.6342   0.7394
    - offset: -0.07608044
    - vertices: p8273(v740) p8170(v547) p6345(v134)
    - neighboring facets: f2822 f3790 f3778
- f3778
    - flags: bottom simplicial
    - normal:    0.2456   0.7493    0.615
    - offset: -0.06334887
    - vertices: p8273(v740) p8170(v547) p223(v437)
    - neighboring facets: f3297 f3779 f3776
- f3779
    - flags: bottom simplicial
    - normal:   0.01128   0.8669   0.4983
    - offset: -0.05411735
    - vertices: p8273(v740) p223(v437) p9499(v329)
    - neighboring facets: f2829 f3780 f3778
- f3780
    - flags: top simplicial
    - normal:  -0.02562   0.8707   0.4911
    - offset: -0.05376599
    - vertices: p8273(v740) p6678(v697) p9499(v329)
    - neighboring facets: f3565 f3779 f3781
- f3781
    - flags: top simplicial
    - normal:   -0.1978   0.7608   0.6182
    - offset: -0.06840968
    - vertices: p8273(v740) p3650(v739) p6678(v697)
    - neighboring facets: f3764 f3780 f3791
- f3784
    - flags: bottom simplicial
    - normal:  -0.06891   0.1537   0.9857
    - offset: -0.1042596
    - vertices: p2989(v741) p2144(v193) p1085(v4)
    - neighboring facets: f2061 f3794 f3785
- f3785
    - flags: bottom simplicial
    - normal:   -0.4569  -0.0128   0.8894
    - offset: -0.0985839
    - vertices: p2989(v741) p4865(v401) p2144(v193)
    - neighboring facets: f2066 f3784 f3786
- f3786
    - flags: top simplicial
    - normal:   -0.5681  -0.0329   0.8223
    - offset: -0.09285954
    - vertices: p2989(v741) p4865(v401) p8923(v213)
    - neighboring facets: f2064 f3788 f3785
- f3787
    - flags: bottom simplicial
    - normal:    -0.588   0.4642   0.6625
    - offset: -0.07709391
    - vertices: p2989(v741) p3650(v739) p3556(v727)
    - neighboring facets: f3766 f3789 f3792
- f3788
    - flags: bottom simplicial
    - normal:   -0.7291   0.1639   0.6645
    - offset: -0.07855435
    - vertices: p2989(v741) p1990(v323) p8923(v213)
    - neighboring facets: f2206 f3786 f3789
- f3789
    - flags: bottom simplicial
    - normal:   -0.7261   0.2161   0.6528
    - offset: -0.07736921
    - vertices: p2989(v741) p3556(v727) p1990(v323)
    - neighboring facets: f3698 f3788 f3787
- f3790
    - flags: top simplicial
    - normal:    0.1223   0.5781   0.8067
    - offset: -0.0839839
    - vertices: p7683(v742) p8273(v740) p6345(v134)
    - neighboring facets: f3776 f3793 f3791
- f3791
    - flags: bottom simplicial
    - normal:  -0.07361   0.6841   0.7257
    - offset: -0.07799081
    - vertices: p7683(v742) p8273(v740) p3650(v739)
    - neighboring facets: f3781 f3792 f3790
- f3792
    - flags: top simplicial
    - normal:   -0.3885   0.5153   0.7639
    - offset: -0.08539849
    - vertices: p7683(v742) p2989(v741) p3650(v739)
    - neighboring facets: f3787 f3791 f3794
- f3793
    - flags: top simplicial
    - normal:   0.04596   0.4021   0.9145
    - offset: -0.09584573
    - vertices: p7683(v742) p6345(v134) p1085(v4)
    - neighboring facets: f1504 f3794 f3790
- f3794
    - flags: bottom simplicial
    - normal:  -0.02702   0.2616   0.9648
    - offset: -0.1017267
    - vertices: p7683(v742) p2989(v741) p1085(v4)
    - neighboring facets: f3784 f3793 f3792
- f3795
    - flags: top simplicial tricoplanar keepcentrum
    - owner of normal & centrum is facet f3795
    - normal:        -0        1       -0
    - offset: -0.0277818
    - center: 0.007616920000000001 0.0277818 0.009608839999999999 
    - vertices: p9798(v150) p9655(v83) p5459(v25)
    - neighboring facets: f395 f1762 f3797
- f3796
    - flags: bottom simplicial tricoplanar
    - owner of normal & centrum is facet f3795
    - normal:        -0        1       -0
    - offset: -0.0277818
    - center: 0.007616920000000001 0.0277818 0.009608839999999999 
    - vertices: p9798(v150) p2384(v47) p5250(v29)
    - neighboring facets: f245 f761 f3797
- f3797
    - flags: bottom simplicial tricoplanar
    - owner of normal & centrum is facet f3795
    - normal:        -0        1       -0
    - offset: -0.0277818
    - center: 0.007616920000000001 0.0277818 0.009608839999999999 
    - vertices: p9798(v150) p9655(v83) p2384(v47)
    - neighboring facets: f396 f3796 f3795
- f3800
    - flags: top simplicial tricoplanar keepcentrum
    - owner of normal & centrum is facet f3800
    - normal:        -1        0        0
    - offset:    -0.0352
    - center: -0.0352 0.001229872222222222 0.03267266666666666 
    - vertices: p8788(v565) p2448(v439) p2580(v137)
    - neighboring facets: f2260 f3813 f3809
- f3801
    - flags: bottom simplicial tricoplanar
    - owner of normal & centrum is facet f3800
    - normal:        -1        0        0
    - offset:    -0.0352
    - center: -0.0352 0.001229872222222222 0.03267266666666666 
    - vertices: p8788(v565) p5800(v141) p3420(v75)
    - neighboring facets: f718 f3806 f3810
- f3802
    - flags: bottom simplicial tricoplanar
    - owner of normal & centrum is facet f3800
    - normal:        -1        0        0
    - offset:    -0.0352
    - center: -0.0352 0.001229872222222222 0.03267266666666666 
    - vertices: p8788(v565) p8948(v278) p8219(v109)
    - neighboring facets: f2573 f3811 f3812
- f3803
    - flags: bottom simplicial tricoplanar
    - owner of normal & centrum is facet f3800
    - normal:        -1        0        0
    - offset:    -0.0352
    - center: -0.0352 0.001229872222222222 0.03267266666666666 
    - vertices: p8788(v565) p5988(v383) p9076(v140)
    - neighboring facets: f3098 f3805 f3815
- f3804
    - flags: top simplicial tricoplanar
    - owner of normal & centrum is facet f3800
    - normal:        -1        0        0
    - offset:    -0.0352
    - center: -0.0352 0.001229872222222222 0.03267266666666666 
    - vertices: p8788(v565) p5068(v178) p9288(v40)
    - neighboring facets: f921 f3817 f3812
- f3805
    - flags: top simplicial tricoplanar
    - owner of normal & centrum is facet f3800
    - normal:        -1        0        0
    - offset:    -0.0352
    - center: -0.0352 0.001229872222222222 0.03267266666666666 
    - vertices: p8788(v565) p9323(v339) p9076(v140)
    - neighboring facets: f1742 f3803 f3808
- f3806
    - flags: top simplicial tricoplanar
    - owner of normal & centrum is facet f3800
    - normal:        -1        0        0
    - offset:    -0.0352
    - center: -0.0352 0.001229872222222222 0.03267266666666666 
    - vertices: p8788(v565) p1917(v448) p3420(v75)
    - neighboring facets: f2300 f3801 f3816
- f3807
    - flags: bottom simplicial tricoplanar
    - owner of normal & centrum is facet f3800
    - normal:        -1        0        0
    - offset:    -0.0352
    - center: -0.0352 0.001229872222222222 0.03267266666666666 
    - vertices: p8788(v565) p7086(v330) p7600(v223)
    - neighboring facets: f2347 f2903 f3809
- f3808
    - flags: bottom simplicial tricoplanar
    - owner of normal & centrum is facet f3800
    - normal:        -1        0        0
    - offset:    -0.0352
    - center: -0.0352 0.001229872222222222 0.03267266666666666 
    - vertices: p8788(v565) p9323(v339) p964(v229)
    - neighboring facets: f1740 f3810 f3805
- f3809
    - flags: bottom simplicial tricoplanar
    - owner of normal & centrum is facet f3800
    - normal:        -1        0        0
    - offset:    -0.0352
    - center: -0.0352 0.001229872222222222 0.03267266666666666 
    - vertices: p8788(v565) p2448(v439) p7086(v330)
    - neighboring facets: f2262 f3807 f3800
- f3810
    - flags: bottom simplicial tricoplanar
    - owner of normal & centrum is facet f3800
    - normal:        -1        0        0
    - offset:    -0.0352
    - center: -0.0352 0.001229872222222222 0.03267266666666666 
    - vertices: p8788(v565) p964(v229) p5800(v141)
    - neighboring facets: f1629 f3801 f3808
- f3811
    - flags: top simplicial tricoplanar
    - owner of normal & centrum is facet f3800
    - normal:        -1        0        0
    - offset:    -0.0352
    - center: -0.0352 0.001229872222222222 0.03267266666666666 
    - vertices: p8788(v565) p2005(v382) p8219(v109)
    - neighboring facets: f2572 f3802 f3814
- f3812
    - flags: top simplicial tricoplanar
    - owner of normal & centrum is facet f3800
    - normal:        -1        0        0
    - offset:    -0.0352
    - center: -0.0352 0.001229872222222222 0.03267266666666666 
    - vertices: p8788(v565) p8948(v278) p5068(v178)
    - neighboring facets: f1987 f3804 f3802
- f3813
    - flags: bottom simplicial tricoplanar
    - owner of normal & centrum is facet f3800
    - normal:        -1        0        0
    - offset:    -0.0352
    - center: -0.0352 0.001229872222222222 0.03267266666666666 
    - vertices: p8788(v565) p9019(v336) p2580(v137)
    - neighboring facets: f1732 f3800 f3816
- f3814
    - flags: bottom simplicial tricoplanar
    - owner of normal & centrum is facet f3800
    - normal:        -1        0        0
    - offset:    -0.0352
    - center: -0.0352 0.001229872222222222 0.03267266666666666 
    - vertices: p8788(v565) p2005(v382) p6898(v275)
    - neighboring facets: f2574 f3815 f3811
- f3815
    - flags: top simplicial tricoplanar
    - owner of normal & centrum is facet f3800
    - normal:        -1        0        0
    - offset:    -0.0352
    - center: -0.0352 0.001229872222222222 0.03267266666666666 
    - vertices: p8788(v565) p5988(v383) p6898(v275)
    - neighboring facets: f2576 f3814 f3803
- f3816
    - flags: bottom simplicial tricoplanar
    - owner of normal & centrum is facet f3800
    - normal:        -1        0        0
    - offset:    -0.0352
    - center: -0.0352 0.001229872222222222 0.03267266666666666 
    - vertices: p8788(v565) p1917(v448) p9019(v336)
    - neighboring facets: f2301 f3813 f3806
- f3817
    - flags: bottom simplicial tricoplanar
    - owner of normal & centrum is facet f3800
    - normal:        -1        0        0
    - offset:    -0.0352
    - center: -0.0352 0.001229872222222222 0.03267266666666666 
    - vertices: p8788(v565) p4670(v564) p9288(v40)
    - neighboring facets: f2900 f3804 f3818
- f3818
    - flags: top simplicial tricoplanar
    - owner of normal & centrum is facet f3800
    - normal:        -1        0        0
    - offset:    -0.0352
    - center: -0.0352 0.001229872222222222 0.03267266666666666 
    - vertices: p8788(v565) p4670(v564) p8113(v457)
    - neighboring facets: f2899 f2904 f3817
- f3821
    - flags: top simplicial tricoplanar keepcentrum
    - owner of normal & centrum is facet f3821
    - normal:         0        0       -1
    - offset: -5.02936e-05
    - center: 0.0050615285 -0.003228446666666667 -5.02936e-05 
    - vertices: p7813(v666) p5887(v665) p4834(v484)
    - neighboring facets: f3415 f3822 f3824
- f3822
    - flags: bottom simplicial tricoplanar
    - owner of normal & centrum is facet f3821
    - normal:         0        0       -1
    - offset: -5.02936e-05
    - center: 0.0050615285 -0.003228446666666667 -5.02936e-05 
    - vertices: p7813(v666) p4454(v585) p4834(v484)
    - neighboring facets: f3015 f3821 f3823
- f3823
    - flags: top simplicial tricoplanar
    - owner of normal & centrum is facet f3821
    - normal:         0        0       -1
    - offset: -5.02936e-05
    - center: 0.0050615285 -0.003228446666666667 -5.02936e-05 
    - vertices: p7813(v666) p4454(v585) p5189(v584)
    - neighboring facets: f3017 f3421 f3822
- f3824
    - flags: bottom simplicial tricoplanar
    - owner of normal & centrum is facet f3821
    - normal:         0        0       -1
    - offset: -5.02936e-05
    - center: 0.0050615285 -0.003228446666666667 -5.02936e-05 
    - vertices: p7813(v666) p5887(v665) p7346(v583)
    - neighboring facets: f3413 f3418 f3821
- f3827
    - flags: bottom simplicial tricoplanar keepcentrum
    - owner of normal & centrum is facet f3827
    - normal:         0       -1        0
    - offset: -0.0242182
    - center: -0.002707443333333334 -0.0242182 0.01831753111111111 
    - vertices: p9409(v672) p3335(v598) p8911(v167)
    - neighboring facets: f3079 f3829 f3453
- f3828
    - flags: top simplicial tricoplanar
    - owner of normal & centrum is facet f3827
    - normal:         0       -1        0
    - offset: -0.0242182
    - center: -0.002707443333333334 -0.0242182 0.01831753111111111 
    - vertices: p9409(v672) p2799(v470) p2212(v288)
    - neighboring facets: f2610 f3833 f3836
- f3829
    - flags: top simplicial tricoplanar
    - owner of normal & centrum is facet f3827
    - normal:         0       -1        0
    - offset: -0.0242182
    - center: -0.002707443333333334 -0.0242182 0.01831753111111111 
    - vertices: p9409(v672) p7940(v258) p8911(v167)
    - neighboring facets: f2539 f3827 f3834
- f3830
    - flags: bottom simplicial tricoplanar
    - owner of normal & centrum is facet f3827
    - normal:         0       -1        0
    - offset: -0.0242182
    - center: -0.002707443333333334 -0.0242182 0.01831753111111111 
    - vertices: p9409(v672) p8597(v507) p6902(v392)
    - neighboring facets: f2607 f3833 f3832
- f3831
    - flags: bottom simplicial tricoplanar
    - owner of normal & centrum is facet f3827
    - normal:         0       -1        0
    - offset: -0.0242182
    - center: -0.002707443333333334 -0.0242182 0.01831753111111111 
    - vertices: p9409(v672) p1126(v364) p8592(v259)
    - neighboring facets: f2389 f3452 f3836
- f3832
    - flags: top simplicial tricoplanar
    - owner of normal & centrum is facet f3827
    - normal:         0       -1        0
    - offset: -0.0242182
    - center: -0.002707443333333334 -0.0242182 0.01831753111111111 
    - vertices: p9409(v672) p8597(v507) p658(v187)
    - neighboring facets: f2606 f3835 f3830
- f3833
    - flags: bottom simplicial tricoplanar
    - owner of normal & centrum is facet f3827
    - normal:         0       -1        0
    - offset: -0.0242182
    - center: -0.002707443333333334 -0.0242182 0.01831753111111111 
    - vertices: p9409(v672) p6902(v392) p2212(v288)
    - neighboring facets: f2608 f3828 f3830
- f3834
    - flags: top simplicial tricoplanar
    - owner of normal & centrum is facet f3827
    - normal:         0       -1        0
    - offset: -0.0242182
    - center: -0.002707443333333334 -0.0242182 0.01831753111111111 
    - vertices: p9409(v672) p7945(v393) p7940(v258)
    - neighboring facets: f2540 f3829 f3837
- f3835
    - flags: bottom simplicial tricoplanar
    - owner of normal & centrum is facet f3827
    - normal:         0       -1        0
    - offset: -0.0242182
    - center: -0.002707443333333334 -0.0242182 0.01831753111111111 
    - vertices: p9409(v672) p6951(v606) p658(v187)
    - neighboring facets: f3472 f3832 f3837
- f3836
    - flags: bottom simplicial tricoplanar
    - owner of normal & centrum is facet f3827
    - normal:         0       -1        0
    - offset: -0.0242182
    - center: -0.002707443333333334 -0.0242182 0.01831753111111111 
    - vertices: p9409(v672) p2799(v470) p1126(v364)
    - neighboring facets: f2402 f3831 f3828
- f3837
    - flags: top simplicial tricoplanar
    - owner of normal & centrum is facet f3827
    - normal:         0       -1        0
    - offset: -0.0242182
    - center: -0.002707443333333334 -0.0242182 0.01831753111111111 
    - vertices: p9409(v672) p6951(v606) p7945(v393)
    - neighboring facets: f3115 f3834 f3835
